frame,time_sec,status,player_id,raw_track_id,person_conf,ground_method,ground_pixel_x,ground_pixel_y,left_ankle_conf,right_ankle_conf,raw_x_m,raw_y_m,stable_x_m,stable_y_m,match_cost,missing_frames,ground_quality,ground_status,corrected_x_m,corrected_y_m,ground_speed_m_per_frame
0,0.0,detected,1,3,0.6570835709571838,ankle_midpoint,875.7296142578125,585.1949462890625,0.9866113662719727,0.9917687177658081,2.808140277862549,2.2027227878570557,2.808140277862549,2.2027227878570557,0.0,0,two_ankles,accepted,2.808140277862549,2.2027227878570557,
0,0.0,detected,3,1,0.9120754599571228,ankle_midpoint,1027.81103515625,808.0885009765625,0.9975531697273254,0.9977300763130188,3.881460666656494,9.643343925476074,3.881460666656494,9.643343925476074,0.0,0,two_ankles,accepted,3.881460666656494,9.643343925476074,
1,0.03333333333333333,detected,1,3,0.6492944955825806,ankle_midpoint,875.7020263671875,585.2115478515625,0.9867231249809265,0.9918733239173889,2.8078930377960205,2.203521251678467,2.8080290198326114,2.203082096576691,0.0,0,two_ankles,accepted,2.8078930377960205,2.203521251678467,0.0008358660925048926
1,0.03333333333333333,detected,3,1,0.9121859669685364,ankle_midpoint,1027.87158203125,808.152099609375,0.9974532723426819,0.9976562261581421,3.881787061691284,9.644829750061035,3.88160754442215,9.644012546539308,0.0,0,two_ankles,accepted,3.881787061691284,9.644829750061035,0.0015212522525899289
2,0.06666666666666667,detected,1,3,0.6824244260787964,ankle_midpoint,876.9371337890625,583.623291015625,0.9912970066070557,0.99319988489151,2.818547010421753,2.1271848678588867,2.8127621155977254,2.168928343653679,0.0,0,two_ankles,accepted,2.818547010421753,2.1271848678588867,0.07707626500655117
2,0.06666666666666667,detected,3,1,0.9140729904174805,ankle_midpoint,1035.6884765625,805.9341430664062,0.9965623021125793,0.9968055486679077,3.9352104663848877,9.591639518737793,3.9057288593053823,9.620444684028627,0.0,0,two_ankles,accepted,3.9352104663848877,9.591639518737793,0.07538740529608744
3,0.1,detected,1,3,0.6719485521316528,ankle_midpoint,876.986572265625,583.6331787109375,0.991374671459198,0.9932246804237366,2.8190126419067383,2.127650260925293,2.8155748524367814,2.150353206425905,0.0,0,two_ankles,accepted,2.8190126419067383,2.127650260925293,0.0006583337953262584
3,0.1,detected,3,1,0.9137706160545349,ankle_midpoint,1035.656982421875,805.76611328125,0.9966278672218323,0.9968522191047668,3.935197114944458,9.587674140930176,3.918989574342967,9.605697939634325,0.0,0,two_ankles,accepted,3.935197114944458,9.587674140930176,0.003965400284725924
4,0.13333333333333333,detected,1,3,0.6906120777130127,ankle_midpoint,878.2347412109375,581.5897216796875,0.9909364581108093,0.9942618608474731,2.82962965965271,2.028818368911743,2.8218995156839495,2.0956625295445326,0.0,0,two_ankles,accepted,2.82962965965271,2.028818368911743,0.09940052285977297
4,0.13333333333333333,detected,3,1,0.9100880026817322,ankle_midpoint,1038.570068359375,808.780517578125,0.9954751133918762,0.9943963289260864,3.9507150650024414,9.658254623413086,3.9332660451397303,9.629348447334767,0.0,0,two_ankles,accepted,3.9507150650024414,9.658254623413086,0.07226625271537507
5,0.16666666666666666,detected,1,3,0.8120614886283875,ankle_midpoint,882.4937133789062,581.3558349609375,0.9929174184799194,0.9947158694267273,2.8693618774414062,2.0166313648223877,2.8432575784748053,2.0600985054195675,0.0,0,two_ankles,accepted,2.8693618774414062,2.0166313648223877,0.04155926129134589
5,0.16666666666666666,detected,3,1,0.9089152812957764,ankle_midpoint,1042.68505859375,797.0545654296875,0.9956405162811279,0.9941561222076416,3.9917311668395996,9.378499984741211,3.9595753499046715,9.516466639167668,0.0,0,two_ankles,accepted,3.9917311668395996,9.378499984741211,0.2827454304994998
6,0.2,detected,1,3,0.8237391710281372,ankle_midpoint,882.40478515625,581.4188232421875,0.9930452704429626,0.9948898553848267,2.868556261062622,2.019702672958374,2.854641985639323,2.0419203808120305,0.0,0,two_ankles,accepted,2.868556261062622,2.019702672958374,0.0031752088775293427
6,0.2,detected,3,1,0.9101071953773499,ankle_midpoint,1042.6602783203125,796.9515380859375,0.9956905245780945,0.9941003918647766,3.991694688796997,9.376009941101074,3.974029052406218,9.4532611250377,0.0,0,two_ankles,accepted,3.991694688796997,9.376009941101074,0.0024903108194314688
7,0.23333333333333334,detected,1,3,0.8292570114135742,ankle_midpoint,887.6513671875,583.318115234375,0.9933694005012512,0.9948951601982117,2.9182581901550293,2.110374689102173,2.883269277671391,2.0727248195425947,0.0,0,two_ankles,accepted,2.9182581901550293,2.110374689102173,0.10340065892966055
7,0.23333333333333334,detected,3,1,0.9106355309486389,ankle_midpoint,1037.8604736328125,787.6244506835938,0.9973675608634949,0.9955304265022278,3.971217632293701,9.147977828979492,3.9727639133555854,9.315883641811507,0.0,0,two_ankles,accepted,3.971217632293701,9.147977828979492,0.2289496756967979
8,0.26666666666666666,detected,1,3,0.8312262892723083,ankle_midpoint,887.6653442382812,583.318359375,0.9934011101722717,0.9948878884315491,2.918388605117798,2.1103835105895996,2.899072975022274,2.089671230513747,0.0,0,two_ankles,accepted,2.918388605117798,2.1103835105895996,0.00013071297240268065
8,0.26666666666666666,detected,3,1,0.9104979634284973,ankle_midpoint,1037.875244140625,787.5638427734375,0.9973821043968201,0.9955329895019531,3.971390724182129,9.14647102355957,3.9721459782275303,9.239647963598134,0.0,0,two_ankles,accepted,3.971390724182129,9.14647102355957,0.0015167146651052785
9,0.3,detected,1,3,0.825954020023346,ankle_midpoint,888.06494140625,583.5191650390625,0.9931514263153076,0.9948517680168152,2.9221770763397217,2.119962453842163,2.9094698206151257,2.1033022810115343,0.0,0,two_ankles,accepted,2.9221770763397217,2.119962453842163,0.010300906175437984
9,0.3,detected,3,1,0.9030538201332092,ankle_midpoint,1031.568603515625,787.0682983398438,0.9941459894180298,0.9899982810020447,3.929736852645874,9.134963035583496,3.953061871715785,9.192539745991548,0.0,0,two_ankles,accepted,3.929736852645874,9.134963035583496,0.04321433559845961
10,0.3333333333333333,detected,1,3,0.7948119044303894,ankle_midpoint,888.0684814453125,584.1452026367188,0.9909834861755371,0.9936315417289734,2.922407865524292,2.1500256061553955,2.915291940824251,2.124327777326272,0.0,0,two_ankles,accepted,2.922407865524292,2.1500256061553955,0.03006403816283379
10,0.3333333333333333,detected,3,1,0.8951257467269897,ankle_midpoint,1023.86181640625,778.9423217773438,0.9962586164474487,0.9925324320793152,3.8870887756347656,8.931609153747559,3.9233739784793262,9.075120979481753,0.0,0,two_ankles,accepted,3.8870887756347656,8.931609153747559,0.20777790963066758
11,0.36666666666666664,detected,1,3,0.8217557668685913,ankle_midpoint,887.8238525390625,585.19775390625,0.9907795190811157,0.9930869936943054,2.9204671382904053,2.2004573345184326,2.917620779684021,2.1585860780627444,0.0,0,two_ankles,accepted,2.9204671382904053,2.2004573345184326,0.05046905634029144
11,0.36666666666666664,detected,3,1,0.9123533964157104,ankle_midpoint,1013.695068359375,769.1596069335938,0.9991039633750916,0.9953448176383972,3.828338384628296,8.680706977844238,3.880607961246363,8.897634678744872,0.0,0,two_ankles,accepted,3.828338384628296,8.680706977844238,0.2576887857793462
12,0.4,detected,1,3,0.81198650598526,ankle_midpoint,887.6127319335938,584.6400146484375,0.9911395907402039,0.9937930107116699,2.9183263778686523,2.1738269329071045,2.917938298867105,2.1654444627427063,0.0,0,two_ankles,accepted,2.9183263778686523,2.1738269329071045,0.026716308599130444
12,0.4,detected,3,1,0.9004560708999634,ankle_midpoint,1007.8056640625,766.921630859375,0.9949564337730408,0.971642017364502,3.7901082038879395,8.622801780700684,3.8398830704350724,8.773959874624987,0.0,0,two_ankles,accepted,3.7901082038879395,8.622801780700684,0.06938702022478163
13,0.43333333333333335,detected,1,3,0.8079701662063599,ankle_midpoint,887.643798828125,584.111328125,0.9905339479446411,0.9935945868492126,2.9184443950653076,2.1484851837158203,2.9181660421562965,2.1578127871806076,0.0,0,two_ankles,accepted,2.9184443950653076,2.1484851837158203,0.02534202399439829
13,0.43333333333333335,detected,3,1,0.8962841033935547,ankle_midpoint,999.1927490234375,774.8883056640625,0.9969118237495422,0.9833682179450989,3.7235333919525146,8.831143379211426,3.787525715117922,8.799692451688884,0.0,0,two_ankles,accepted,3.7235333919525146,8.831143379211426,0.21871997452050068
14,0.4666666666666667,detected,1,3,0.8081724047660828,ankle_midpoint,887.631591796875,584.1165161132812,0.9905741810798645,0.9936264753341675,2.918332576751709,2.1487364768981934,2.918240982724232,2.1537284475535214,0.0,0,two_ankles,accepted,2.918332576751709,2.1487364768981934,0.0002750483571360054
14,0.4666666666666667,detected,3,1,0.8963742256164551,ankle_midpoint,999.2265625,774.93212890625,0.9968696236610413,0.9830954670906067,3.723724603652954,8.832265853881836,3.7588152149586866,8.814350482675712,0.0,0,two_ankles,accepted,3.723724603652954,8.832265853881836,0.001138644501193123
15,0.5,detected,1,3,0.8535280823707581,ankle_midpoint,888.4969482421875,582.4904174804688,0.9917744994163513,0.9946541786193848,2.925884246826172,2.0703158378601074,2.921680451570105,2.1161927731914854,0.0,0,two_ankles,accepted,2.925884246826172,2.0703158378601074,0.07878340147553485
15,0.5,detected,3,1,0.8760017156600952,ankle_midpoint,991.7077026367188,770.46337890625,0.9949851036071777,0.9830418825149536,3.676194906234741,8.717621803283691,3.7216360760329117,8.770822576949303,0.0,0,two_ankles,accepted,3.676194906234741,8.717621803283691,0.1241061258529038
16,0.5333333333333333,detected,1,3,0.8555055856704712,ankle_midpoint,888.49658203125,582.50048828125,0.9917104840278625,0.9946021437644958,2.9258840084075928,2.0708019733428955,2.923572052146975,2.09576691325962,0.0,0,two_ankles,accepted,2.9258840084075928,2.0708019733428955,0.0004861355412526678
16,0.5333333333333333,detected,3,1,0.876224935054779,ankle_midpoint,991.706787109375,770.454833984375,0.9949977397918701,0.9830960035324097,3.6761958599090576,8.717399597167969,3.7011879787771775,8.746782236047704,0.0,0,two_ankles,accepted,3.6761958599090576,8.717399597167969,0.00022220816222464078
17,0.5666666666666667,detected,1,3,0.8264331221580505,ankle_midpoint,889.5076904296875,581.801513671875,0.9652279615402222,0.9814323782920837,2.93511962890625,2.0368149280548096,2.928768461688649,2.069238519917455,0.0,0,two_ankles,accepted,2.93511962890625,2.0368149280548096,0.0352195390857067
17,0.5666666666666667,detected,3,1,0.8603554964065552,ankle_midpoint,990.179443359375,769.1121826171875,0.9943017959594727,0.9774991273880005,3.6668248176574707,8.682573318481445,3.6857245562733096,8.717888223142888,0.0,0,two_ankles,accepted,3.6668248176574707,8.682573318481445,0.03606502627244882
18,0.6,detected,1,3,0.8267479538917542,ankle_midpoint,889.522705078125,581.7332763671875,0.9648011326789856,0.981262743473053,2.9352400302886963,2.033508777618408,2.9316806675586706,2.053160135882884,0.0,0,two_ankles,accepted,2.9352400302886963,2.033508777618408,0.0033083420622740823
18,0.6,detected,3,1,0.8595090508460999,ankle_midpoint,990.1866455078125,769.1749267578125,0.994264543056488,0.9773496985435486,3.666822671890259,8.684212684631348,3.677218708300937,8.702734230812695,0.0,0,two_ankles,accepted,3.666822671890259,8.684212684631348,0.0016393675541996559
19,0.6333333333333333,detected,1,3,0.7589385509490967,ankle_midpoint,891.1804809570312,584.3865356445312,0.965796172618866,0.9850043058395386,2.951432943344116,2.1609766483306885,2.9405691916621213,2.1016775664843963,0.0,0,two_ankles,accepted,2.951432943344116,2.1609766483306885,0.12849228964083015
19,0.6333333333333333,detected,3,1,0.8700318932533264,ankle_midpoint,988.043212890625,768.623291015625,0.9944285154342651,0.981268584728241,3.652540922164917,8.670068740844727,3.666113704539728,8.68803476032711,0.0,0,two_ankles,accepted,3.652540922164917,8.670068740844727,0.02010023684080359
20,0.6666666666666666,detected,1,3,0.7550002336502075,ankle_midpoint,895.5694580078125,588.098876953125,0.9637972712516785,0.9809424877166748,2.9929304122924805,2.3367555141448975,2.964131740945783,2.207462642931622,0.0,0,two_ankles,accepted,2.9929304122924805,2.3367555141448975,0.18061076821731906
20,0.6666666666666666,detected,3,1,0.8758336901664734,ankle_midpoint,982.0807495117188,764.7418212890625,0.9924373030662537,0.980767011642456,3.61445689201355,8.568709373474121,3.642868138902948,8.634338336243266,0.0,0,two_ankles,accepted,3.61445689201355,8.568709373474121,0.10827795115506945
21,0.7,detected,1,3,0.7517857551574707,ankle_midpoint,895.6015014648438,588.07177734375,0.9635589122772217,0.9807537198066711,2.9932215213775635,2.3354685306549072,2.9772221421400844,2.2650652924071006,0.0,0,two_ankles,accepted,2.9932215213775635,2.3354685306549072,0.001319496495988265
21,0.7,detected,3,1,0.8765126466751099,ankle_midpoint,982.0997924804688,764.7539672851562,0.9924054741859436,0.9804548621177673,3.614579200744629,8.5690279006958,3.630138116731705,8.604948640246906,0.0,0,two_ankles,accepted,3.614579200744629,8.5690279006958,0.00034120231043936495
22,0.7333333333333333,detected,1,3,0.7028552293777466,ankle_midpoint,895.7235107421875,588.2841186523438,0.95965576171875,0.9768635034561157,2.9943859577178955,2.3454742431640625,2.9849458591500992,2.3012493202477335,0.0,0,two_ankles,accepted,2.9943859577178955,2.3454742431640625,0.01007324152428364
22,0.7333333333333333,detected,3,1,0.8853747844696045,ankle_midpoint,979.8565063476562,763.4002685546875,0.9969860911369324,0.9868106842041016,3.6000638008117676,8.53343677520752,3.6166046745677334,8.572768300979183,0.0,0,two_ankles,accepted,3.6000638008117676,8.53343677520752,0.038437287218708524
23,0.7666666666666667,detected,1,3,0.7063679099082947,ankle_midpoint,895.4436645507812,588.1841430664062,0.9505729079246521,0.9704627394676208,2.991783857345581,2.340808153152466,2.988022958338066,2.319050795054863,0.0,0,two_ankles,accepted,2.991783857345581,2.340808153152466,0.00534259509451365
23,0.7666666666666667,detected,3,1,0.8933034539222717,ankle_midpoint,977.2947998046875,761.2255859375,0.997160792350769,0.9869880676269531,3.583867073059082,8.47583293914795,3.6018727538888404,8.529147388155128,0.0,0,two_ankles,accepted,3.583867073059082,8.47583293914795,0.059837579485407556
24,0.8,detected,1,3,0.7035726308822632,ankle_midpoint,895.4375610351562,588.1834716796875,0.9505305290222168,0.9704574346542358,2.991727352142334,2.340777635574341,2.989689935549987,2.3288278732886285,0.0,0,two_ankles,accepted,2.991727352142334,2.340777635574341,6.421962759630582e-05
24,0.8,detected,3,1,0.8931593298912048,ankle_midpoint,977.2960205078125,761.2325439453125,0.9971627593040466,0.9870158433914185,3.5838706493377686,8.476018905639648,3.5937718068408584,8.505239571023163,0.0,0,two_ankles,accepted,3.5838706493377686,8.476018905639648,0.0001860008758155705
25,0.8333333333333334,detected,1,3,0.6040128469467163,ankle_midpoint,895.346923828125,587.1763305664062,0.9267424941062927,0.9723090529441833,2.990705966949463,2.2931339740753174,2.9901471496797516,2.3127656186426386,0.0,0,two_ankles,accepted,2.990705966949463,2.2931339740753174,0.04765460847332338
25,0.8333333333333334,detected,3,1,0.9018388390541077,ankle_midpoint,963.7392578125,766.4851684570312,0.9937830567359924,0.9650475382804871,3.4866783618927,8.617161750793457,3.5455797566141873,8.555604551919796,0.0,0,two_ankles,accepted,3.4866783618927,8.617161750793457,0.17136990248266112
26,0.8666666666666667,detected,1,3,0.5012993812561035,ankle_midpoint,909.4784545898438,590.0576171875,0.9444520473480225,0.9818492531776428,3.1212830543518066,2.4262330532073975,3.049158306782177,2.3638259641967805,0.0,0,two_ankles,accepted,3.1212830543518066,2.4262330532073975,0.1864557336750121
26,0.8666666666666667,detected,3,1,0.908364474773407,ankle_midpoint,943.4834594726562,769.8959350585938,0.9938236474990845,0.9815176129341125,3.345764636993408,8.709193229675293,3.455662952784837,8.62471945690977,0.0,0,two_ankles,accepted,3.345764636993408,8.709193229675293,0.16830469681554094
27,0.9,detected,1,3,0.4997718036174774,ankle_midpoint,909.433349609375,590.0687255859375,0.94428950548172,0.9817968606948853,3.1208670139312744,2.4267630577087402,3.081427224999271,2.392147656277163,0.0,0,two_ankles,accepted,3.1208670139312744,2.4267630577087402,0.0006737910677355658
27,0.9,detected,3,1,0.9084092378616333,ankle_midpoint,943.4798583984375,769.918701171875,0.993822455406189,0.9815712571144104,3.345731496810913,8.709787368774414,3.4061937975965715,8.66300001724886,0.0,0,two_ankles,accepted,3.345731496810913,8.709787368774414,0.0005950626360310607
28,0.9333333333333333,detected,1,3,0.6053035855293274,ankle_midpoint,909.63330078125,589.5242309570312,0.9734826683998108,0.9818591475486755,3.122744560241699,2.4011592864990234,3.100020025858364,2.3962028898770003,0.0,0,two_ankles,accepted,3.122744560241699,2.4011592864990234,0.025672519944627808
28,0.9333333333333333,detected,3,1,0.9130735993385315,ankle_midpoint,936.901611328125,770.8966064453125,0.9924823641777039,0.9775702953338623,3.300304412841797,8.73610782623291,3.358543574456923,8.695898531291684,0.0,0,two_ankles,accepted,3.300304412841797,8.73610782623291,0.0525012994006971
29,0.9666666666666667,detected,1,3,0.6881626844406128,ankle_midpoint,915.1016235351562,584.27685546875,0.9758919477462769,0.9801473617553711,3.173994541168213,2.15096116065979,3.1333085577477964,2.285844111729256,0.0,0,two_ankles,accepted,3.173994541168213,2.15096116065979,0.2553931532332707
29,0.9666666666666667,detected,3,1,0.9201271533966064,ankle_midpoint,928.6858520507812,777.843017578125,0.9884429574012756,0.9820990562438965,3.242487907409668,8.915975570678711,3.3063185242856585,8.794933199015848,0.0,0,two_ankles,accepted,3.242487907409668,8.915975570678711,0.18893161141641515
30,1.0,detected,1,3,0.6867873072624207,ankle_midpoint,915.085693359375,584.2642822265625,0.975969135761261,0.9802287220954895,3.1738483905792236,2.1503615379333496,3.151551482521939,2.224876953521098,0.0,0,two_ankles,accepted,3.1738483905792236,2.1503615379333496,0.0006171769671056766
30,1.0,detected,3,1,0.9200934767723083,ankle_midpoint,928.6829833984375,777.803955078125,0.9884578585624695,0.9821155071258545,3.2424769401550293,8.9149808883667,3.2775898114268758,8.848954659223732,0.0,0,two_ankles,accepted,3.2424769401550293,8.9149808883667,0.0009947427720286726
31,1.0333333333333334,detected,1,3,0.8038294911384583,ankle_midpoint,917.435546875,576.39599609375,0.9923112988471985,0.994167685508728,3.1973893642425537,1.76675546169281,3.1706722844457618,2.1673425023229558,0.0,0,two_ankles,corrected_motion_outlier,3.1940421534637675,2.097022617525226,0.3843277236547999
31,1.0333333333333334,detected,3,1,0.9189987778663635,ankle_midpoint,930.007080078125,776.7767333984375,0.9862402081489563,0.9855115413665771,3.2516977787017822,8.888586044311523,3.2659383967005837,8.86678878251324,0.0,0,two_ankles,accepted,3.2516977787017822,8.888586044311523,0.027959106856305923
32,1.0666666666666667,detected,1,3,0.8030968904495239,ankle_midpoint,917.43603515625,576.4114990234375,0.9922971129417419,0.994198203086853,3.197390556335449,1.767521858215332,3.1826955067961213,1.9874232124745252,0.0,0,two_ankles,accepted,3.197390556335449,1.767521858215332,0.19178142111208785
32,1.0666666666666667,detected,3,1,0.9189943671226501,ankle_midpoint,930.011962890625,776.7523193359375,0.9862245321273804,0.9854891896247864,3.251736640930176,8.887961387634277,3.2595476066039004,8.876316454817706,0.0,0,two_ankles,accepted,3.251736640930176,8.887961387634277,0.0006258643920401954
33,1.1,detected,1,3,0.8412964344024658,ankle_midpoint,923.1947631835938,566.884033203125,0.98607337474823,0.9916146993637085,3.254930019378662,1.2863832712173462,3.197068900285851,1.8427173440607185,0.0,0,two_ankles,corrected_motion_outlier,3.2146363812177423,1.6658546159993985,0.48456695069486494
33,1.1,detected,3,1,0.9200129508972168,ankle_midpoint,929.9171142578125,780.0989990234375,0.9879543781280518,0.9890542030334473,3.250324249267578,8.973134994506836,3.2553970958025555,8.919884797677815,0.0,0,two_ankles,accepted,3.250324249267578,8.973134994506836,0.08518531656271365
34,1.1333333333333333,detected,1,3,0.8197013735771179,ankle_midpoint,937.80859375,557.696533203125,0.9779556393623352,0.9741753339767456,3.4013829231262207,0.8028826117515564,3.2127348879022337,1.7173788574359543,0.12994578899103737,0,two_ankles,corrected_motion_outlier,3.231882206100035,1.5641873737834648,0.4929862476598869
34,1.1333333333333333,detected,3,1,0.9202527403831482,ankle_midpoint,928.882568359375,788.18994140625,0.9866805672645569,0.989977240562439,3.2415785789489746,9.175904273986816,3.2491787632184446,9.035093562016867,0.0,0,two_ankles,accepted,3.2415785789489746,9.175904273986816,0.20295779721447543
35,1.1666666666666667,detected,1,3,0.81940758228302,ankle_midpoint,937.8291625976562,557.6497802734375,0.9780617952346802,0.9741952419281006,3.4016144275665283,0.8003876209259033,3.2291118022882763,1.6026924307951642,0.029464173295266294,0,two_ankles,corrected_motion_outlier,3.249128030982328,1.4625201315675314,0.3294871473665995
35,1.1666666666666667,detected,3,1,0.9202103614807129,ankle_midpoint,928.898681640625,788.19140625,0.9866467714309692,0.9899485111236572,3.2416861057281494,9.175938606262207,3.245807067347812,9.09847383192727,0.0,0,two_ankles,accepted,3.2416861057281494,9.175938606262207,0.00011287476854109126
36,1.2,detected,1,3,0.8530375361442566,ankle_midpoint,956.1781005859375,555.1226196289062,0.9650195240974426,0.9541844725608826,3.5841517448425293,0.6611007452011108,3.3888797764376903,1.1789761722778402,0.1185283664032577,0,two_ankles,accepted,3.5841517448425293,0.6611007452011108,0.2930179064770442
36,1.2,detected,3,1,0.9229674935340881,ankle_midpoint,929.291259765625,790.381591796875,0.9823904037475586,0.9864091873168945,3.2438364028930664,9.229964256286621,3.2449202683431766,9.15764452288898,0.0,0,two_ankles,accepted,3.2438364028930664,9.229964256286621,0.054068425522276135
37,1.2333333333333334,detected,1,3,0.8529767394065857,ankle_midpoint,961.2479248046875,547.3109130859375,0.9789872765541077,0.9700596332550049,3.6429860591888428,0.23262903094291687,3.497025287795405,0.8726292304202166,0.0,0,two_ankles,corrected_motion_outlier,3.629203135010389,0.49820519037200967,0.4324921808125047
37,1.2333333333333334,detected,3,1,0.9223358631134033,ankle_midpoint,930.427001953125,791.6455078125,0.9852765202522278,0.9886332154273987,3.25112247467041,9.260879516601562,3.2477112611904317,9.204100270059643,0.0,0,two_ankles,accepted,3.25112247467041,9.260879516601562,0.03176224428917447
38,1.2666666666666666,detected,1,3,0.8335986137390137,ankle_midpoint,976.2792358398438,537.4768676757812,0.9868956208229065,0.9811153411865234,3.808281660079956,-0.3288407623767853,3.576778444617685,0.630835412725428,0.027538946442820955,0,two_ankles,corrected_motion_outlier,3.6742545251782492,0.3353096355429085,0.5074983761870411
38,1.2666666666666666,detected,3,1,0.9178361892700195,ankle_midpoint,928.9234008789062,798.73974609375,0.9920828342437744,0.9936684966087341,3.2396247386932373,9.433415412902832,3.2440723260666946,9.307292084339078,0.0,0,two_ankles,accepted,3.2396247386932373,9.433415412902832,0.1729185746097949
39,1.3,detected,1,3,0.8348695635795593,ankle_midpoint,976.268798828125,537.4688110351562,0.9868453741073608,0.9811062812805176,3.808187246322632,-0.32930517196655273,3.640915806445476,0.42454581332019875,0.0,0,two_ankles,corrected_motion_outlier,3.719305915346109,0.17241408071380732,0.33847628945091923
39,1.3,detected,3,1,0.917824923992157,ankle_midpoint,928.93115234375,798.7418212890625,0.9920672178268433,0.9936398863792419,3.239675521850586,9.433464050292969,3.2420937641694456,9.364069469018329,0.0,0,two_ankles,accepted,3.239675521850586,9.433464050292969,7.031731500567542e-05
40,1.3333333333333333,detected,1,3,0.7770290970802307,ankle_midpoint,986.0408325195312,536.984130859375,0.9857644438743591,0.9820001721382141,3.9089927673339844,-0.35963642597198486,3.7615504388453047,0.07166380563871613,0.0,0,two_ankles,accepted,3.9089927673339844,-0.35963642597198486,0.26779493816488437
40,1.3333333333333333,detected,3,1,0.9179578423500061,ankle_midpoint,928.1005859375,801.1757202148438,0.9922620058059692,0.9934486746788025,3.2337141036987305,9.491931915283203,3.2383229169576238,9.421607569837523,0.0,0,two_ankles,accepted,3.2337141036987305,9.491931915283203,0.058770994060825164
41,1.3666666666666667,detected,1,3,0.7782061696052551,ankle_midpoint,986.0975341796875,536.9100952148438,0.9856194257736206,0.9818607568740845,3.9097020626068115,-0.3639487028121948,3.828218669537983,-0.12436182316419381,0.0,0,two_ankles,accepted,3.9097020626068115,-0.3639487028121948,0.004370220970462036
41,1.3666666666666667,detected,3,1,0.9178633093833923,ankle_midpoint,928.112548828125,801.19140625,0.9922482967376709,0.9934438467025757,3.2337894439697266,9.492304801940918,3.23628285411307,9.45342132428405,0.0,0,two_ankles,accepted,3.2337894439697266,9.492304801940918,0.00038042162916363193
42,1.4,detected,1,3,0.6655958890914917,ankle_midpoint,1012.6502685546875,532.9429321289062,0.9649897813796997,0.9782375693321228,4.190939426422119,-0.6024237275123596,3.8818772058994813,-0.28995011194472164,0.0,0,two_ankles,corrected_motion_outlier,3.9474598614524234,-0.4923357982320334,0.3687340399414297
42,1.4,detected,3,1,0.9200447201728821,ankle_midpoint,940.61474609375,802.5696411132812,0.9857644438743591,0.9860105514526367,3.3154966831207275,9.523629188537598,3.271929077166516,9.485014863198147,0.0,0,two_ankles,accepted,3.3154966831207275,9.523629188537598,0.08750594337150541
43,1.4333333333333333,detected,1,3,0.6695260405540466,ankle_midpoint,1012.67138671875,532.89453125,0.9654054641723633,0.9786067008972168,4.191271781921387,-0.6052886843681335,4.021104765109339,-0.431852469535257,0.0,0,two_ankles,accepted,4.191271781921387,-0.6052886843681335,0.18542282325290319
43,1.4333333333333333,detected,3,1,0.9201024174690247,ankle_midpoint,940.61767578125,802.56396484375,0.9857712984085083,0.9860234260559082,3.3155176639556885,9.523493766784668,3.2915439412216436,9.502330369812082,0.0,0,two_ankles,accepted,3.3155176639556885,9.523493766784668,0.00013703739125584455
44,1.4666666666666666,detected,1,3,0.7916008830070496,ankle_midpoint,1027.867431640625,530.9781494140625,0.98124760389328,0.9877610206604004,4.353454113006592,-0.7225252389907837,4.170661971663103,-0.562655215790244,0.0,0,two_ankles,accepted,4.353454113006592,-0.7225252389907837,0.20011876037998214
44,1.4666666666666666,detected,3,1,0.9241400957107544,ankle_midpoint,949.26953125,812.986083984375,0.9816232919692993,0.983169674873352,3.3682820796966553,9.767172813415527,3.326076103535399,9.621509469433633,0.0,0,two_ankles,accepted,3.3682820796966553,9.767172813415527,0.24932621469755264
45,1.5,detected,1,3,0.7924195528030396,ankle_midpoint,1027.854736328125,530.9752197265625,0.9812334775924683,0.9876754283905029,4.353330612182617,-0.7226969003677368,4.252862859896885,-0.6346739738501158,0.0,0,two_ankles,accepted,4.353330612182617,-0.7226969003677368,0.00021147123175470068
45,1.5,detected,3,1,0.9241572618484497,ankle_midpoint,949.2725830078125,812.9934692382812,0.9816142916679382,0.9831461310386658,3.3682992458343506,9.767343521118164,3.345076517569927,9.687134792691673,0.0,0,two_ankles,accepted,3.3682992458343506,9.767343521118164,0.00017156863356359992
46,1.5333333333333334,detected,1,3,0.8267858624458313,ankle_midpoint,1030.9888916015625,531.6846923828125,0.987967848777771,0.9847779273986816,4.383878231048584,-0.6812040209770203,4.31181977691515,-0.6556124950572229,0.0,0,two_ankles,accepted,4.383878231048584,-0.6812040209770203,0.05152490716646582
46,1.5333333333333334,detected,3,1,0.9217221736907959,ankle_midpoint,954.97216796875,818.1033325195312,0.9818313717842102,0.9837419986724854,3.40299916267395,9.88418197631836,3.371141707866738,9.775806025323682,0.0,0,two_ankles,accepted,3.40299916267395,9.88418197631836,0.12188235656666299
47,1.5666666666666667,detected,1,3,0.8263583183288574,ankle_midpoint,1030.9912109375,531.6858520507812,0.9879978895187378,0.9848300218582153,4.383899211883545,-0.6811356544494629,4.344255522650928,-0.667097916783731,0.0,0,two_ankles,accepted,4.383899211883545,-0.6811356544494629,7.151347793186362e-05
47,1.5666666666666667,detected,3,1,0.9216755628585815,ankle_midpoint,954.9771728515625,818.0728759765625,0.981844425201416,0.9837755560874939,3.4030442237854004,9.883485794067383,3.385497840030136,9.824261921258348,0.0,0,two_ankles,accepted,3.4030442237854004,9.883485794067383,0.00069763904014893
48,1.6,detected,1,3,0.7918359041213989,ankle_midpoint,1040.545654296875,545.476318359375,0.9879648685455322,0.9876084327697754,4.442909240722656,0.1126658022403717,4.378162104715999,-0.6843346946385884,0.16839957890097734,0,two_ankles,corrected_motion_outlier,4.419603482795529,-0.7054018675723029,0.7959917940195717
48,1.6,detected,3,1,0.9183931946754456,ankle_midpoint,972.473388671875,837.6513671875,0.989689826965332,0.9896888732910156,3.5045835971832275,10.317441940307617,3.4006524267564773,9.87520525675614,0.0,0,two_ankles,corrected_motion_outlier,3.4191746994220047,9.93746933347566,0.44567721639062846
49,1.6333333333333333,detected,1,3,0.7041880488395691,ankle_midpoint,1048.495849609375,549.5989990234375,0.9707651734352112,0.9774781465530396,4.5107293128967285,0.3401167392730713,4.41287764676218,-0.704734718364038,0.42121945009292483,0,two_ankles,corrected_motion_outlier,4.455307753707513,-0.729668080695143,0.5145489107478074
49,1.6333333333333333,detected,3,1,0.9182800650596619,ankle_midpoint,976.036865234375,838.07763671875,0.9816893339157104,0.9790823459625244,3.5266528129577637,10.326274871826172,3.4573526005470563,10.078186583537654,0.0,0,two_ankles,accepted,3.5266528129577637,10.326274871826172,0.2298593323641989
50,1.6666666666666667,detected,1,3,0.6992356777191162,ankle_midpoint,1047.7059326171875,549.7254028320312,0.9896044731140137,0.9908656477928162,4.50247859954834,0.3472561836242676,4.448038116797973,-0.7268745273183134,0.4512501759137616,0,two_ankles,corrected_motion_outlier,4.491012024619497,-0.7539342938179832,0.34506856706644773
50,1.6666666666666667,detected,3,1,0.9183130860328674,ankle_midpoint,976.058349609375,838.071044921875,0.9816762208938599,0.9790714979171753,3.5267910957336426,10.326128959655762,3.4885999233810203,10.189760652790802,0.0,0,two_ankles,accepted,3.5267910957336426,10.326128959655762,0.00020102857403508164
51,1.7,detected,1,3,0.7587549686431885,ankle_midpoint,1047.7877197265625,553.85595703125,0.9640988707542419,0.9754418730735779,4.491353988647461,0.5729027390480042,4.483443297228051,-0.7499712181484428,0.7015659340445456,0,two_ankles,corrected_motion_outlier,4.5267162955314815,-0.7782005069408232,0.31465842804292277
51,1.7,detected,3,1,0.9142879247665405,ankle_midpoint,985.4424438476562,837.2348022460938,0.9765247106552124,0.9845449924468994,3.5860555171966553,10.306875228881836,3.5324549405980563,10.242462212031768,0.0,0,two_ankles,accepted,3.5860555171966553,10.306875228881836,0.06231354427458301
52,1.7333333333333334,detected,1,3,0.7560182213783264,ankle_midpoint,1047.75244140625,553.8402099609375,0.9643421769142151,0.9752067923545837,4.4910502433776855,0.57205730676651,4.486866422995387,-0.15505838193671406,0.7263756839424141,0,two_ankles,accepted,4.4910502433776855,0.57205730676651,0.2515530911431237
52,1.7333333333333334,detected,3,1,0.9141294956207275,ankle_midpoint,985.4659423828125,837.20556640625,0.9766026735305786,0.9844673871994019,3.586221694946289,10.30623722076416,3.556649980054761,10.271160965961347,0.0,0,two_ankles,accepted,3.586221694946289,10.30623722076416,0.0006592946251059111
53,1.7666666666666666,detected,1,3,0.698058545589447,ankle_midpoint,1051.0625,554.1558227539062,0.9676767587661743,0.9785449504852295,4.522869110107422,0.5884288549423218,4.503067632195803,0.1795108746588521,0.0,0,two_ankles,accepted,4.522869110107422,0.5884288549423218,0.03578362571956127
53,1.7666666666666666,detected,3,1,0.9207252264022827,ankle_midpoint,996.636474609375,837.894775390625,0.9866611361503601,0.9951672554016113,3.655700445175171,10.31989860534668,3.601222689358946,10.293092903684748,0.0,0,two_ankles,accepted,3.655700445175171,10.31989860534668,0.07080911072792011
54,1.8,detected,1,3,0.7022822499275208,ankle_midpoint,1051.06982421875,554.1461181640625,0.9676011204719543,0.9784566164016724,4.522969722747803,0.5879021883010864,4.512023572944203,0.3632869657978576,0.0,0,two_ankles,accepted,4.522969722747803,0.5879021883010864,0.0005361908749638832
54,1.8,detected,3,1,0.9207450747489929,ankle_midpoint,996.5869750976562,837.943359375,0.9867912530899048,0.9952132701873779,3.6553549766540527,10.320959091186523,3.6255822186417443,10.305632688060548,0.0,0,two_ankles,accepted,3.6553549766540527,10.320959091186523,0.0011153379378433584
55,1.8333333333333333,detected,1,3,0.6541522741317749,ankle_midpoint,1051.8538818359375,553.589111328125,0.9703451991081238,0.9808976054191589,4.532363414764404,0.5575581789016724,4.5211765017632946,0.4507090116945742,0.0,0,two_ankles,accepted,4.532363414764404,0.5575581789016724,0.031764765954347796
55,1.8333333333333333,detected,3,1,0.9177082777023315,ankle_midpoint,990.751220703125,840.77197265625,0.9896742701530457,0.9970333576202393,3.6168899536132812,10.382789611816406,3.621670699378936,10.340353303750685,0.0,0,two_ankles,accepted,3.6168899536132812,10.382789611816406,0.07281875636736353
56,1.8666666666666667,detected,1,3,0.7173352837562561,ankle_midpoint,1054.066162109375,552.12158203125,0.9667261838912964,0.976633608341217,4.558670520782471,0.47724753618240356,4.538048810321924,0.46265134771409744,0.0,0,two_ankles,accepted,4.558670520782471,0.47724753618240356,0.08450954479245423
56,1.8666666666666667,detected,3,1,0.9244314432144165,ankle_midpoint,964.4310302734375,847.279052734375,0.9679499864578247,0.9930283427238464,3.449714422225952,10.524813652038574,3.5442903746600933,10.423360460480236,0.0,0,two_ankles,accepted,3.449714422225952,10.524813652038574,0.2193592630723942
57,1.9,detected,1,3,0.7168118357658386,ankle_midpoint,1054.074462890625,552.1546630859375,0.9668721556663513,0.9766340851783752,4.558652877807617,0.47905057668685913,4.5473206406904865,0.47003100075184023,0.0,0,two_ankles,accepted,4.558652877807617,0.47905057668685913,0.0018031268217374686
57,1.9,detected,3,1,0.9243605732917786,ankle_midpoint,964.4423828125,847.2869873046875,0.9679970145225525,0.9930398464202881,3.4497809410095215,10.524980545043945,3.501761129517336,10.469089498533906,0.0,0,two_ankles,accepted,3.4497809410095215,10.524980545043945,0.00017966085775521635
58,1.9333333333333333,detected,1,3,0.8165106773376465,ankle_midpoint,1050.5028076171875,550.0645751953125,0.950737476348877,0.9691754579544067,4.5293731689453125,0.3653184771537781,4.5392442784051585,0.4229103651327123,0.0,0,two_ankles,accepted,4.5293731689453125,0.3653184771537781,0.11744058844907063
58,1.9333333333333333,detected,3,1,0.8940110206604004,ankle_midpoint,947.9583740234375,844.7154541015625,0.9813573360443115,0.9962347149848938,3.348708391189575,10.472248077392578,3.4328873972698437,10.470510859020308,0.0,0,two_ankles,accepted,3.348708391189575,10.472248077392578,0.11400163802203901
59,1.9666666666666666,detected,1,3,0.7641565203666687,ankle_midpoint,1046.2071533203125,550.80712890625,0.9661857485771179,0.96722412109375,4.484415531158447,0.4070513844490051,4.514571342144139,0.41577382382504413,0.0,0,two_ankles,accepted,4.484415531158447,0.4070513844490051,0.06134186781218019
59,1.9666666666666666,detected,3,1,0.9010186791419983,ankle_midpoint,937.3978271484375,848.0107421875,0.9726077914237976,0.9939238429069519,3.2823679447174072,10.543403625488281,3.3651536436212472,10.503312603930897,0.0,0,two_ankles,accepted,3.2823679447174072,10.543403625488281,0.09728394966759164
60,2.0,detected,1,3,0.7612829208374023,ankle_midpoint,1046.18359375,550.809326171875,0.9662297964096069,0.9672920107841492,4.484174728393555,0.40717703104019165,4.500892865956376,0.41190526707186054,0.0,0,two_ankles,accepted,4.484174728393555,0.40717703104019165,0.00027161192436397853
60,2.0,detected,3,1,0.9008874297142029,ankle_midpoint,937.375732421875,847.9797973632812,0.9725598692893982,0.9939205646514893,3.2822391986846924,10.54275131225586,3.3278421433997973,10.52106002267713,0.0,0,two_ankles,accepted,3.2822391986846924,10.54275131225586,0.0006648970552893784
61,2.033333333333333,detected,1,3,0.7116086483001709,ankle_midpoint,1027.752685546875,549.3070068359375,0.919703483581543,0.9191573858261108,4.304487705230713,0.32856032252311707,4.412510543629828,0.374400042024926,0.0,0,two_ankles,accepted,4.304487705230713,0.32856032252311707,0.1961326417279447
61,2.033333333333333,detected,3,1,0.8620164394378662,ankle_midpoint,909.7806396484375,846.7777709960938,0.9754931330680847,0.989098072052002,3.1118109226226807,10.520486831665039,3.230628094050095,10.52080208672169,0.0,0,two_ankles,accepted,3.1118109226226807,10.520486831665039,0.1718764218194232
62,2.066666666666667,detected,1,3,0.7068421840667725,ankle_midpoint,1020.37451171875,552.721923828125,0.9531376361846924,0.9588936567306519,4.222840309143066,0.5172806978225708,4.327158938110785,0.43869633713386613,0.0,0,two_ankles,accepted,4.222840309143066,0.5172806978225708,0.20562508927915313
62,2.066666666666667,detected,3,1,0.890911877155304,ankle_midpoint,899.858642578125,847.0707397460938,0.9871426820755005,0.9940998554229736,3.050442695617676,10.527836799621582,3.1495446647555063,10.52396770752664,0.0,0,two_ankles,accepted,3.050442695617676,10.527836799621582,0.06180680637842421
63,2.1,detected,1,3,0.7181099057197571,ankle_midpoint,1006.6390991210938,556.0869140625,0.9566233158111572,0.9616307616233826,4.07985258102417,0.7020628452301025,4.215871077421809,0.5572112657771725,0.0,0,two_ankles,accepted,4.07985258102417,0.7020628452301025,0.23364488522786508
63,2.1,detected,3,1,0.8987066745758057,ankle_midpoint,885.381103515625,850.9330444335938,0.9842145442962646,0.9916602969169617,2.9615330696105957,10.610883712768555,3.0649394469402966,10.563079909885502,0.0,0,two_ankles,accepted,2.9615330696105957,10.610883712768555,0.12166228413094861
64,2.1333333333333333,detected,1,3,0.7079706788063049,ankle_midpoint,984.233154296875,560.0604248046875,0.9685049653053284,0.9681671857833862,3.8531112670898438,0.918329119682312,4.110455797291533,0.664252179028574,0.0,0,two_ankles,corrected_motion_outlier,3.981614899354528,0.7950799618913982,0.3133412275939811
64,2.1333333333333333,detected,3,1,0.8731343746185303,ankle_midpoint,859.2265014648438,859.937255859375,0.9703392386436462,0.9778159856796265,2.8038384914398193,10.800487518310547,2.9474440169650817,10.669913333676774,0.0,0,two_ankles,accepted,2.8038384914398193,10.800487518310547,0.24661140091338982
65,2.1666666666666665,detected,1,3,0.7111817598342896,ankle_midpoint,984.229248046875,560.01220703125,0.9683355689048767,0.9680933356285095,3.853147506713867,0.9157844185829163,3.994667066531584,0.7774416868280281,0.0,0,two_ankles,accepted,3.853147506713867,0.9157844185829163,0.15578198037196248
65,2.1666666666666665,detected,3,1,0.8729109764099121,ankle_midpoint,859.267333984375,859.9119873046875,0.9704377055168152,0.9779347777366638,2.8040778636932373,10.799964904785156,2.882929247992752,10.728436540675546,0.0,0,two_ankles,accepted,2.8040778636932373,10.799964904785156,0.0005748251670095992
66,2.2,detected,1,3,0.6634015440940857,ankle_midpoint,976.6217651367188,563.1101684570312,0.9660918116569519,0.9739775061607361,3.7745680809020996,1.0799415111541748,3.895622522998316,0.9135666077747941,0.0,0,two_ankles,accepted,3.7745680809020996,1.0799415111541748,0.18199526697789653
66,2.2,detected,3,1,0.9034736156463623,ankle_midpoint,842.7484130859375,862.8443603515625,0.9584918022155762,0.9618502855300903,2.7049970626831055,10.861688613891602,2.8028597646034115,10.788399973622772,0.0,0,two_ankles,accepted,2.7049970626831055,10.861688613891602,0.11673397703610729
67,2.2333333333333334,detected,1,3,0.8055053949356079,ankle_midpoint,970.5838012695312,564.48291015625,0.9781662225723267,0.9761697053909302,3.71425199508667,1.1525895595550537,3.814005785438076,1.021126936075911,0.0,0,two_ankles,accepted,3.71425199508667,1.1525895595550537,0.09442335063187877
67,2.2333333333333334,detected,3,1,0.9110380411148071,ankle_midpoint,836.3973388671875,861.154541015625,0.9652799367904663,0.9710010290145874,2.665616273880005,10.827960968017578,2.7411001937778785,10.806202421100435,0.0,0,two_ankles,accepted,2.665616273880005,10.827960968017578,0.05184978903484509
68,2.2666666666666666,detected,1,3,0.7524942755699158,ankle_midpoint,957.5384521484375,567.310546875,0.9689773917198181,0.9751636385917664,3.58520245552063,1.3011033535003662,3.711044286975225,1.147116323916916,0.0,0,two_ankles,accepted,3.58520245552063,1.3011033535003662,0.1967489025490045
68,2.2666666666666666,detected,3,1,0.9121919274330139,ankle_midpoint,812.0704956054688,850.7645874023438,0.9825249910354614,0.9895144701004028,2.510374069213867,10.615738868713379,2.6372734377240734,10.72049382252626,0.0,0,two_ankles,accepted,2.510374069213867,10.615738868713379,0.2629417455306106
69,2.3,detected,1,3,0.7534242272377014,ankle_midpoint,957.5606689453125,567.3531494140625,0.9688119888305664,0.9749718308448792,3.585373878479004,1.3032824993133545,3.654492603151926,1.2173911028453133,0.0,0,two_ankles,accepted,3.585373878479004,1.3032824993133545,0.0021858779254391265
69,2.3,detected,3,1,0.9121004343032837,ankle_midpoint,812.070556640625,850.840576171875,0.9825096130371094,0.9894959330558777,2.510430097579956,10.617331504821777,2.5801939346592206,10.674070779559244,0.0,0,two_ankles,accepted,2.510430097579956,10.617331504821777,0.0015936213325571126
70,2.3333333333333335,detected,1,3,0.8006448745727539,ankle_midpoint,956.0392456054688,566.7535400390625,0.9527578353881836,0.966865599155426,3.5713133811950684,1.2728302478790283,3.6170619532713406,1.242338718110485,0.0,0,two_ankles,accepted,3.5713133811950684,1.2728302478790283,0.03354157422201557
70,2.3333333333333335,detected,3,1,0.8902616500854492,ankle_midpoint,798.542724609375,853.2291259765625,0.9908756017684937,0.9966859221458435,2.4292006492614746,10.668780326843262,2.512246956230235,10.671690075837052,0.0,0,two_ankles,accepted,2.4292006492614746,10.668780326843262,0.09615198677886601
71,2.3666666666666667,detected,1,3,0.8100175857543945,ankle_midpoint,950.1939697265625,565.6439208984375,0.9800916314125061,0.9809637069702148,3.5159568786621094,1.216919183731079,3.571564669697187,1.2308999276397525,0.0,0,two_ankles,accepted,3.5159568786621094,1.216919183731079,0.07867902812590905
71,2.3666666666666667,detected,3,1,0.9162930846214294,ankle_midpoint,773.524169921875,847.5325927734375,0.9747136831283569,0.9918045997619629,2.2698721885681152,10.552143096923828,2.4031783107822813,10.617893935326101,0.0,0,two_ankles,accepted,2.2698721885681152,10.552143096923828,0.19745835457177846
72,2.4,detected,1,3,0.8122867345809937,ankle_midpoint,950.1800537109375,565.619873046875,0.9800918102264404,0.980916440486908,3.515843152999878,1.2156811952590942,3.5464899871833984,1.2240514980684565,0.0,0,two_ankles,accepted,3.515843152999878,1.2156811952590942,0.0012432011032079233
72,2.4,detected,3,1,0.9161896705627441,ankle_midpoint,773.5545043945312,847.559326171875,0.9750300645828247,0.9919039607048035,2.270087242126465,10.552704811096191,2.343287329887164,10.588558829422643,0.0,0,two_ankles,accepted,2.270087242126465,10.552704811096191,0.000601473893359134
73,2.433333333333333,detected,1,3,0.713057816028595,ankle_midpoint,948.0784912109375,564.662109375,0.9737282991409302,0.9744386672973633,3.4963366985321045,1.1666017770767212,3.5239210072903164,1.1981991236221756,0.0,0,two_ankles,accepted,3.4963366985321045,1.1666017770767212,0.05281373926378976
73,2.433333333333333,detected,3,1,0.9244723916053772,ankle_midpoint,765.95947265625,846.8482666015625,0.9812411665916443,0.9942398071289062,2.2223901748657227,10.538542747497559,2.2888836101275154,10.566051592556356,0.0,0,two_ankles,accepted,2.2223901748657227,10.538542747497559,0.04975514315774285
74,2.466666666666667,detected,1,3,0.7437891364097595,ankle_midpoint,932.5084838867188,563.7017822265625,0.9551178216934204,0.9650008082389832,3.3462460041046143,1.1200358867645264,3.4439672558567507,1.1630256670362336,0.0,0,two_ankles,accepted,3.3462460041046143,1.1200358867645264,0.1571483334123961
74,2.466666666666667,detected,3,1,0.925514280796051,ankle_midpoint,743.3526611328125,847.966796875,0.9075326323509216,0.9649980068206787,2.084063768386841,10.564778327941895,2.1967146813442118,10.56547862347985,0.0,0,two_ankles,accepted,2.084063768386841,10.564778327941895,0.14079240182130592
75,2.5,detected,1,3,0.7424604892730713,ankle_midpoint,932.4781494140625,563.72119140625,0.9550683498382568,0.964867115020752,3.3459420204162598,1.1210514307022095,3.39985589990853,1.1441372606859228,0.0,0,two_ankles,accepted,3.3459420204162598,1.1210514307022095,0.0010600639471987094
75,2.5,detected,3,1,0.9254212975502014,ankle_midpoint,743.3640747070312,847.9840087890625,0.90778648853302,0.9650759696960449,2.0841562747955322,10.565140724182129,2.146063398397306,10.565326568795875,0.0,0,two_ankles,accepted,2.0841562747955322,10.565140724182129,0.00037401667153349235
76,2.533333333333333,detected,1,3,0.7114613652229309,ankle_midpoint,922.513671875,562.297119140625,0.9697493314743042,0.9690961837768555,3.2498598098754883,1.04891037940979,3.3323576593936615,1.1012851641116632,0.0,0,two_ankles,accepted,3.2498598098754883,1.04891037940979,0.12015041599585342
76,2.533333333333333,detected,3,1,0.9288563132286072,ankle_midpoint,733.490234375,852.9224853515625,0.8745865225791931,0.9485079646110535,2.0298588275909424,10.669805526733398,2.0937713415344428,10.61234209986776,0.0,0,two_ankles,accepted,2.0298588275909424,10.669805526733398,0.11791070208438019
77,2.566666666666667,detected,1,3,0.7030609250068665,ankle_midpoint,922.5069580078125,562.29248046875,0.9696716666221619,0.9690975546836853,3.249796152114868,1.0486693382263184,3.2952049811182045,1.0776080424632581,0.0,0,two_ankles,accepted,3.249796152114868,1.0486693382263184,0.0002493053601842449
77,2.566666666666667,detected,3,1,0.9288092851638794,ankle_midpoint,733.3179931640625,851.5081787109375,0.8945149183273315,0.9622222185134888,2.0269041061401367,10.640308380126953,2.063681085607005,10.624926925984397,0.0,0,two_ankles,accepted,2.0269041061401367,10.640308380126953,0.029644764070135207
78,2.6,detected,1,3,0.6980304718017578,ankle_midpoint,900.0128173828125,567.0647583007812,0.9780844449996948,0.9774963855743408,3.0317718982696533,1.3004887104034424,3.256174488755482,1.0540401128946941,0.0,0,two_ankles,corrected_motion_outlier,3.208470553645488,1.0252348656442272,0.3330879335377425
78,2.6,detected,3,1,0.9283653497695923,ankle_midpoint,710.7749633789062,875.30224609375,0.9738049507141113,0.9882376790046692,1.9234952926635742,11.125690460205078,2.030367873668874,10.637175610279714,0.0,0,two_ankles,corrected_motion_outlier,1.9896517257444912,10.652146224418432,0.4962752727726799
79,2.6333333333333333,detected,1,3,0.7880114912986755,ankle_midpoint,896.8787841796875,567.129638671875,0.9780617952346802,0.97853684425354,3.00162410736084,1.3044685125350952,3.141626817127893,1.1667328927328746,0.0,0,two_ankles,accepted,3.00162410736084,1.3044685125350952,0.17820113732412557
79,2.6333333333333333,detected,3,1,0.9434864521026611,ankle_midpoint,703.71435546875,877.3359375,0.9705058336257935,0.9780288338661194,1.8843940496444702,11.166420936584473,1.9646796528578925,10.875336007116857,0.0,0,two_ankles,accepted,1.8843940496444702,11.166420936584473,0.2725360243457114
80,2.6666666666666665,detected,1,3,0.7897944450378418,ankle_midpoint,896.8914184570312,567.1392211914062,0.9780670404434204,0.9785150289535522,3.0017473697662354,1.3049570322036743,3.078681065815147,1.2289337554947346,0.0,0,two_ankles,accepted,3.0017473697662354,1.3049570322036743,0.0005038304150927391
80,2.6666666666666665,detected,3,1,0.9436124563217163,ankle_midpoint,703.7811279296875,877.396240234375,0.9708163142204285,0.9782162308692932,1.8848803043365479,11.167594909667969,1.9287699460232874,11.006852513264858,0.0,0,two_ankles,accepted,1.8848803043365479,11.167594909667969,0.0012706913182755455
81,2.7,detected,1,3,0.6939519643783569,ankle_midpoint,895.4588623046875,566.4739990234375,0.9822037220001221,0.9795033931732178,2.9878334999084473,1.2711092233657837,3.0377996611571323,1.2479127160367067,0.0,0,two_ankles,accepted,2.9878334999084473,1.2711092233657837,0.036596037183633016
81,2.7,detected,3,1,0.9318414330482483,ankle_midpoint,697.80859375,884.00439453125,0.9599613547325134,0.9816181063652039,1.8593122959136963,11.29668140411377,1.8975140034739715,11.137275514146868,0.0,0,two_ankles,accepted,1.8593122959136963,11.29668140411377,0.1315942479860604
82,2.7333333333333334,detected,1,3,0.7916080355644226,ankle_midpoint,885.8609008789062,564.245849609375,0.9715824723243713,0.9721032977104187,2.894517421722412,1.158091425895691,2.9733226534115085,1.2074931354732497,0.0,0,two_ankles,accepted,2.894517421722412,1.158091425895691,0.1465636823807765
82,2.7333333333333334,detected,3,1,0.9358870387077332,ankle_midpoint,682.5091552734375,903.88525390625,0.963507890701294,0.9656179547309875,1.8001947402954102,11.672505378723145,1.8670007815486138,11.248427159810841,0.0,0,two_ankles,corrected_motion_outlier,1.8297068436398434,11.384279171177921,0.380445193521313
83,2.7666666666666666,detected,1,3,0.7933851480484009,ankle_midpoint,885.8526611328125,564.2549438476562,0.9717536568641663,0.972271740436554,2.8944411277770996,1.1585646867752075,2.9378259668760247,1.1854753335591308,0.0,0,two_ankles,accepted,2.8944411277770996,1.1585646867752075,0.0004793710735663699
83,2.7666666666666666,detected,3,1,0.9359341263771057,ankle_midpoint,682.4749755859375,903.833740234375,0.9637522101402283,0.9659267067909241,1.7999188899993896,11.671562194824219,1.8368139303514628,11.438837925566862,0.0,0,two_ankles,accepted,1.7999188899993896,11.671562194824219,0.18977828110046815
84,2.8,detected,1,3,0.750249981880188,ankle_midpoint,870.9385375976562,565.817626953125,0.9825186729431152,0.9793258905410767,2.751183032989502,1.2424559593200684,2.85383664662709,1.2111166151515529,0.0,0,two_ankles,accepted,2.751183032989502,1.2424559593200684,0.16601393716001206
84,2.8,detected,3,1,0.9404637813568115,ankle_midpoint,680.527099609375,913.0097045898438,0.9570078253746033,0.9690761566162109,1.8027119636535645,11.838574409484863,1.8214680453374088,11.618719343329964,0.0,0,two_ankles,accepted,1.8027119636535645,11.838574409484863,0.1670355683867686
85,2.8333333333333335,detected,1,3,0.7464279532432556,ankle_midpoint,870.9853515625,565.80029296875,0.9826163053512573,0.9796961545944214,2.7516229152679443,1.2415531873703003,2.807840467515475,1.2248130726499893,0.0,0,two_ankles,accepted,2.7516229152679443,1.2415531873703003,0.0010042378265011224
85,2.8333333333333335,detected,3,1,0.9403117895126343,ankle_midpoint,680.520263671875,913.051025390625,0.9573267102241516,0.9691294431686401,1.802735447883606,11.83931827545166,1.8130383764831977,11.717988862784729,0.0,0,two_ankles,accepted,1.802735447883606,11.83931827545166,0.0007442365790656166
86,2.8666666666666667,detected,1,3,0.7734712362289429,ankle_midpoint,865.9541015625,567.9444580078125,0.9821349382400513,0.979971706867218,2.7047252655029297,1.352602243423462,2.76143862660983,1.282318199498052,0.0,0,two_ankles,accepted,2.7047252655029297,1.352602243423462,0.12054576891695623
86,2.8666666666666667,detected,3,1,0.9399593472480774,ankle_midpoint,679.0040283203125,912.326171875,0.9600292444229126,0.9700288772583008,1.792991042137146,11.826431274414062,1.8040170760274745,11.76678794801793,0.0,0,two_ankles,accepted,1.792991042137146,11.826431274414062,0.016156368375804166
87,2.9,detected,1,3,0.7490473389625549,ankle_midpoint,859.54833984375,569.5756225585938,0.9865574240684509,0.9830055832862854,2.6446337699890137,1.4369832277297974,2.708876441130463,1.3519174622023375,0.0,0,two_ankles,accepted,2.6446337699890137,1.4369832277297974,0.10359120785860651
87,2.9,detected,3,1,0.9328537583351135,ankle_midpoint,679.5923461914062,908.002197265625,0.9770331382751465,0.9833135008811951,1.789742112159729,11.748090744018555,1.797593342286989,11.75837420621821,0.0,0,two_ankles,accepted,1.789742112159729,11.748090744018555,0.07840787108860718
88,2.933333333333333,detected,1,3,0.7303443551063538,ankle_midpoint,853.3507690429688,570.4364013671875,0.9774078726768494,0.9760017395019531,2.5861575603485107,1.4818731546401978,2.6536529447785844,1.4103975237993747,0.0,0,two_ankles,accepted,2.5861575603485107,1.4818731546401978,0.0737195539320548
88,2.933333333333333,detected,3,1,0.9161031246185303,ankle_midpoint,689.7447509765625,899.2442626953125,0.9819784760475159,0.9900147914886475,1.834970235824585,11.585986137390137,1.8144129443789074,11.680799575245578,0.0,0,two_ankles,accepted,1.834970235824585,11.585986137390137,0.16829583078733007
89,2.966666666666667,detected,1,3,0.7312102317810059,ankle_midpoint,853.3568115234375,570.4432373046875,0.9772657752037048,0.9758225679397583,2.5862221717834473,1.48221755027771,2.6233090969307726,1.4427165357146257,0.0,0,two_ankles,accepted,2.5862221717834473,1.48221755027771,0.00035040404201720635
89,2.966666666666667,detected,3,1,0.9160395264625549,ankle_midpoint,689.7944946289062,899.120361328125,0.9819409847259521,0.9900312423706055,1.8350728750228882,11.583678245544434,1.823709913168699,11.637094976880064,0.0,0,two_ankles,accepted,1.8350728750228882,11.583678245544434,0.0023101730620218273
90,3.0,detected,1,3,0.7553316950798035,ankle_midpoint,852.8489990234375,570.2000732421875,0.9803163409233093,0.9772894382476807,2.5811269283294678,1.470018982887268,2.6043271210601855,1.4550026369423148,0.0,0,two_ankles,accepted,2.5811269283294678,1.470018982887268,0.013219930114583557
90,3.0,detected,3,1,0.9219517111778259,ankle_midpoint,701.0784912109375,893.4160766601562,0.9597309231758118,0.9665544033050537,1.8923043012619019,11.475720405578613,1.8545773878106404,11.564476419794412,0.0,0,two_ankles,accepted,1.8923043012619019,11.475720405578613,0.12218973508211453
91,3.033333333333333,detected,1,3,0.7701906561851501,ankle_midpoint,851.6433715820312,570.4679565429688,0.9800491333007812,0.977351188659668,2.569873571395874,1.4838213920593262,2.5888230237112455,1.4679710767449698,0.0,0,two_ankles,accepted,2.569873571395874,1.4838213920593262,0.017808552474240468
91,3.033333333333333,detected,3,1,0.909083902835846,ankle_midpoint,711.2969970703125,885.97705078125,0.9867492318153381,0.9913186430931091,1.9416613578796387,11.333162307739258,1.8937651743416897,11.460385069369593,0.0,0,two_ankles,accepted,1.9416613578796387,11.333162307739258,0.15086063203348224
92,3.066666666666667,detected,1,3,0.7330819368362427,ankle_midpoint,846.6773681640625,568.2891845703125,0.9764630794525146,0.9724637866020203,2.5199859142303467,1.3742027282714844,2.5578463244448413,1.4257753199319017,0.0,0,two_ankles,accepted,2.5199859142303467,1.3742027282714844,0.12043682903537892
92,3.066666666666667,detected,3,1,0.9192469120025635,ankle_midpoint,737.640625,879.3935546875,0.9843935370445251,0.9851159453392029,2.0887720584869385,11.202937126159668,1.9815182722070517,11.344533494925127,0.0,0,two_ankles,accepted,2.0887720584869385,11.202937126159668,0.1964692244363166
93,3.1,detected,1,3,0.7285642027854919,ankle_midpoint,846.7047119140625,568.2811279296875,0.976633608341217,0.9723003506660461,2.5202393531799316,1.3737860918045044,2.540923187375632,1.402380167274573,0.0,0,two_ankles,accepted,2.5202393531799316,1.3737860918045044,0.000487665096951062
93,3.1,detected,3,1,0.9195848107337952,ankle_midpoint,737.5882568359375,879.5084228515625,0.9843947887420654,0.9850815534591675,2.088601589202881,11.205183029174805,2.0297057648551746,11.281825785337482,0.0,0,two_ankles,accepted,2.088601589202881,11.205183029174805,0.0022523632322978726
94,3.1333333333333333,detected,1,3,0.7505506277084351,ankle_midpoint,844.264892578125,569.572021484375,0.9780312180519104,0.976746678352356,2.4983301162719727,1.4399629831314087,2.5217563053789855,1.4192924344101492,0.0,0,two_ankles,accepted,2.4983301162719727,1.4399629831314087,0.06970936527886316
94,3.1333333333333333,detected,3,1,0.923342764377594,ankle_midpoint,751.3580322265625,877.9429321289062,0.9805383086204529,0.9825698733329773,2.168558120727539,11.173091888427734,2.092189324997739,11.232895531728097,0.0,0,two_ankles,accepted,2.168558120727539,11.173091888427734,0.08615618519817331
95,3.1666666666666665,detected,1,3,0.81578129529953,ankle_midpoint,842.2593994140625,569.84228515625,0.9733448624610901,0.9761980175971985,2.4794578552246094,1.454084038734436,2.5027220028095165,1.4349486563560783,0.0,0,two_ankles,accepted,2.4794578552246094,1.454084038734436,0.023570457110196556
95,3.1666666666666665,detected,3,1,0.9212162494659424,ankle_midpoint,765.0653686523438,879.8554077148438,0.980125367641449,0.986268937587738,2.2520251274108887,11.208946228027344,2.1641154360836565,11.222118345062759,0.0,0,two_ankles,accepted,2.2520251274108887,11.208946228027344,0.09084203252240917
96,3.2,detected,1,3,0.8042684197425842,ankle_midpoint,841.6493530273438,569.337646484375,0.9720680713653564,0.9771862030029297,2.4730100631713867,1.4286062717437744,2.4893516299723584,1.4320945832805416,0.0,0,two_ankles,accepted,2.4730100631713867,1.4286062717437744,0.026280993763403395
96,3.2,detected,3,1,0.924562394618988,ankle_midpoint,774.5760498046875,882.606201171875,0.9718191623687744,0.9731172919273376,2.3110616207122803,11.261337280273438,2.2302412191665373,11.239766865907566,0.0,0,two_ankles,accepted,2.3110616207122803,11.261337280273438,0.07893117189538099
97,3.2333333333333334,detected,1,3,0.8039212822914124,ankle_midpoint,841.6497802734375,569.3111572265625,0.9720194935798645,0.9772753119468689,2.4729819297790527,1.4272607564926147,2.4819852648853713,1.4299193612259746,0.0,0,two_ankles,accepted,2.4729819297790527,1.4272607564926147,0.0013458093397162476
97,3.2333333333333334,detected,3,1,0.9246236085891724,ankle_midpoint,774.5464477539062,882.590576171875,0.9719940423965454,0.9732707738876343,2.3108718395233154,11.261037826538086,2.266524998327087,11.2493387981913,0.0,0,two_ankles,accepted,2.3108718395233154,11.261037826538086,0.00035452706427142254
98,3.2666666666666666,detected,1,3,0.8598698973655701,ankle_midpoint,841.315185546875,567.9651489257812,0.9855603575706482,0.9856907725334167,2.4681317806243896,1.358780026435852,2.47575119696793,1.3979066605704196,0.0,0,two_ankles,accepted,2.4681317806243896,1.358780026435852,0.06865227116366712
98,3.2666666666666666,detected,3,1,0.9296096563339233,ankle_midpoint,783.6481323242188,879.26904296875,0.9726401567459106,0.9719319939613342,2.361751079559326,11.195481300354004,2.309376734881595,11.225102924164517,0.0,0,two_ankles,accepted,2.361751079559326,11.195481300354004,0.08298406589199056
99,3.3,detected,1,3,0.8600211143493652,ankle_midpoint,841.3916625976562,567.893310546875,0.9857476353645325,0.9859014749526978,2.468778133392334,1.3550952672958374,2.4726133183589116,1.3786415335968578,0.0,0,two_ankles,accepted,2.468778133392334,1.3550952672958374,0.003741018821197081
99,3.3,detected,3,1,0.9294915199279785,ankle_midpoint,783.6669921875,879.329833984375,0.9728338122367859,0.9721421599388123,2.361917018890381,11.19666576385498,2.333019862685549,11.212306202025225,0.0,0,two_ankles,accepted,2.361917018890381,11.19666576385498,0.0011960307883731641
100,3.3333333333333335,detected,1,3,0.8597635626792908,ankle_midpoint,841.4051513671875,567.923095703125,0.9857175350189209,0.9859126210212708,2.4689440727233887,1.3566137552261353,2.4709621578229264,1.3687290333300326,0.0,0,two_ankles,accepted,2.4689440727233887,1.3566137552261353,0.0015275278904331435
100,3.3333333333333335,detected,3,1,0.9295930862426758,ankle_midpoint,783.653076171875,879.3029174804688,0.9727550745010376,0.972061038017273,2.3618104457855225,11.196142196655273,2.3459756250805373,11.205032399608747,0.0,0,two_ankles,accepted,2.3618104457855225,11.196142196655273,0.0005343036957463625
101,3.3666666666666667,detected,1,3,0.7631703019142151,ankle_midpoint,840.7342529296875,568.166259765625,0.9716558456420898,0.9790059924125671,2.4628021717071533,1.3691662549972534,2.4672901640708287,1.368925783080282,0.0,0,two_ankles,accepted,2.4628021717071533,1.3691662549972534,0.013974555398908203
101,3.3666666666666667,detected,3,1,0.9194419980049133,ankle_midpoint,787.7342529296875,874.5457763671875,0.9843696355819702,0.9642536044120789,2.3819313049316406,11.102306365966797,2.362155681013534,11.15880568446987,0.0,0,two_ankles,accepted,2.3819313049316406,11.102306365966797,0.09596880792098215
102,3.4,detected,1,3,0.7643871903419495,ankle_midpoint,840.7144165039062,568.1492309570312,0.9717536568641663,0.9789647459983826,2.4625906944274902,1.3683013916015625,2.4651754027313264,1.3686448069148582,0.0,0,two_ankles,accepted,2.4625906944274902,1.3683013916015625,0.0008903433792755043
102,3.4,detected,3,1,0.9196950197219849,ankle_midpoint,787.7091674804688,874.5540161132812,0.9842893481254578,0.9640775918960571,2.381788730621338,11.102471351623535,2.370990553337046,11.13345523468902,0.0,0,two_ankles,accepted,2.381788730621338,11.102471351623535,0.00021805435305827388
103,3.433333333333333,detected,1,3,0.8450731635093689,ankle_midpoint,840.6102294921875,569.5572509765625,0.9703284502029419,0.9761478900909424,2.463329792022705,1.4399696588516235,2.464344877912447,1.4007409902864028,0.0,0,two_ankles,accepted,2.463329792022705,1.4399696588516235,0.07167207821656509
103,3.433333333333333,detected,3,1,0.9293841123580933,ankle_midpoint,787.353271484375,867.9315185546875,0.9954901337623596,0.9830313920974731,2.3738436698913574,10.970664978027344,2.3722744557864863,11.060199619191266,0.0,0,two_ankles,accepted,2.3738436698913574,10.970664978027344,0.13204561374987758
104,3.466666666666667,detected,1,3,0.8126513361930847,ankle_midpoint,841.9581298828125,571.4013671875,0.9693636894226074,0.9732556343078613,2.4784483909606934,1.532928466796875,2.4706914587841577,1.4602253547161155,0.0,0,two_ankles,accepted,2.4784483909606934,1.532928466796875,0.09418021028034439
104,3.466666666666667,detected,3,1,0.9363766312599182,ankle_midpoint,780.484619140625,856.9700927734375,0.9940822720527649,0.9828108549118042,2.322071075439453,10.74837875366211,2.3496829346303216,10.919880229703146,0.0,0,two_ankles,accepted,2.322071075439453,10.74837875366211,0.22823577081350038
105,3.5,detected,1,3,0.8109583258628845,ankle_midpoint,841.949951171875,571.4161376953125,0.9693019986152649,0.9732344150543213,2.4783880710601807,1.5336742401123047,2.474154934308368,1.4932773531444008,0.0,0,two_ankles,accepted,2.4783880710601807,1.5336742401123047,0.0007482087465439372
105,3.5,detected,3,1,0.93632972240448,ankle_midpoint,780.47119140625,856.953857421875,0.9940185546875,0.9827877879142761,2.3219735622406006,10.748044967651367,2.337213717054947,10.842554361779847,0.0,0,two_ankles,accepted,2.3219735622406006,10.748044967651367,0.000347738299469067
106,3.533333333333333,detected,1,3,0.7923855781555176,ankle_midpoint,843.84814453125,571.7080078125,0.9624263048171997,0.9661661386489868,2.496830463409424,1.5479776859283447,2.4843589224038434,1.5178925028971757,0.0,0,two_ankles,accepted,2.496830463409424,1.5479776859283447,0.02333903163749122
106,3.533333333333333,detected,3,1,0.9297574162483215,ankle_midpoint,774.9837646484375,852.1448974609375,0.9918311238288879,0.9793663620948792,2.28361177444458,10.648855209350586,2.313092842880282,10.75538974318668,0.0,0,two_ankles,accepted,2.28361177444458,10.648855209350586,0.10634958822052068
107,3.566666666666667,detected,1,3,0.7438591122627258,ankle_midpoint,844.23046875,571.1236572265625,0.9866452813148499,0.9873192310333252,2.499799966812134,1.5184627771377563,2.491307392387574,1.518149126305437,0.0,0,two_ankles,accepted,2.499799966812134,1.5184627771377563,0.029663913959143307
107,3.566666666666667,detected,3,1,0.9264845848083496,ankle_midpoint,768.8817749023438,853.8917236328125,0.987498939037323,0.9706950783729553,2.2479968070983887,10.685946464538574,2.28379962677843,10.724140267795033,0.0,0,two_ankles,accepted,2.2479968070983887,10.685946464538574,0.05142165993519412
108,3.6,detected,1,3,0.7917670607566833,ankle_midpoint,848.453369140625,569.6986083984375,0.9824851751327515,0.9823657870292664,2.538559913635254,1.4455182552337646,2.51257102694903,1.4854652343231844,0.0,0,two_ankles,accepted,2.538559913635254,1.4455182552337646,0.08260288586685713
108,3.6,detected,3,1,0.9280521869659424,ankle_midpoint,755.3160400390625,847.1056518554688,0.9865970015525818,0.9801499843597412,2.156895160675049,10.545212745666504,2.2266926170319086,10.643622882837196,0.0,0,two_ankles,accepted,2.156895160675049,10.545212745666504,0.16764691947246196
109,3.6333333333333333,detected,1,3,0.7915307283401489,ankle_midpoint,848.4879760742188,569.692138671875,0.9825981259346008,0.9824793338775635,2.538883924484253,1.4451830387115479,2.52441183083988,1.467338246297948,0.0,0,two_ankles,accepted,2.538883924484253,1.4451830387115479,0.00046621148316637617
109,3.6333333333333333,detected,3,1,0.9279308319091797,ankle_midpoint,755.3324584960938,847.221435546875,0.9865760803222656,0.980049729347229,2.1571338176727295,10.547658920288086,2.195391157320278,10.600439099690098,0.0,0,two_ankles,accepted,2.1571338176727295,10.547658920288086,0.002457789136971262
110,3.6666666666666665,detected,1,3,0.7462956309318542,ankle_midpoint,855.5628662109375,569.8120727539062,0.97251296043396,0.9784281849861145,2.606705904006958,1.4498016834259033,2.5614441637650653,1.4594467930055282,0.0,0,two_ankles,accepted,2.606705904006958,1.4498016834259033,0.0679790613746297
110,3.6666666666666665,detected,3,1,0.9219267964363098,ankle_midpoint,740.6763916015625,834.7944946289062,0.9964005947113037,0.9909274578094482,2.050142288208008,10.282426834106445,2.1300291662197566,10.457333580177455,0.0,0,two_ankles,accepted,2.050142288208008,10.282426834106445,0.28599868341911233
111,3.7,detected,1,3,0.7461151480674744,ankle_midpoint,855.5244140625,569.7938232421875,0.9724236726760864,0.978405237197876,2.60632061958313,1.44888436794281,2.5816385688831947,1.4546937017273052,0.0,0,two_ankles,accepted,2.60632061958313,1.44888436794281,0.000994943105291551
111,3.7,detected,3,1,0.9218518733978271,ankle_midpoint,740.6802368164062,834.851318359375,0.9964253306388855,0.9909225106239319,2.0502426624298096,10.283666610717773,2.0941252395142804,10.3791834439206,0.0,0,two_ankles,accepted,2.0502426624298096,10.283666610717773,0.001243833200392463
112,3.7333333333333334,detected,1,3,0.7461230754852295,ankle_midpoint,855.5772705078125,569.8247680664062,0.9725655913352966,0.9785047769546509,2.606855869293213,1.4504423141479492,2.592986354067703,1.4527805773165952,0.0,0,two_ankles,accepted,2.606855869293213,1.4504423141479492,0.0016473277239977034
112,3.7333333333333334,detected,3,1,0.9217342734336853,ankle_midpoint,740.680419921875,834.8486328125,0.9964187145233154,0.9909064769744873,2.0502402782440186,10.283608436584473,2.0743770069426626,10.336174690619343,0.0,0,two_ankles,accepted,2.0502402782440186,10.283608436584473,5.8222969068771706e-05
113,3.7666666666666666,detected,1,3,0.7369683384895325,ankle_midpoint,860.361328125,568.6403198242188,0.9762059450149536,0.975129246711731,2.6516122817993164,1.389259934425354,2.6193680215469293,1.4241962880155368,0.0,0,two_ankles,accepted,2.6516122817993164,1.389259934425354,0.07580514526690342
113,3.7666666666666666,detected,3,1,0.9125546216964722,ankle_midpoint,731.1286010742188,835.5872192382812,0.9933993816375732,0.9764649271965027,1.9913250207901,10.300829887390137,2.0370036131740097,10.3202695291662,0.0,0,two_ankles,accepted,1.9913250207901,10.300829887390137,0.06138066412734064
114,3.8,detected,1,3,0.7073222398757935,ankle_midpoint,867.8074951171875,566.3685302734375,0.9510078430175781,0.964011013507843,2.7213845252990723,1.2714605331420898,2.665275448235394,1.3554651983224857,0.0,0,two_ankles,accepted,2.7213845252990723,1.2714605331420898,0.13691188737901733
114,3.8,detected,3,1,0.8823427557945251,ankle_midpoint,730.65771484375,851.0342407226562,0.9804908633232117,0.9665670990943909,2.009909152984619,10.630697250366211,2.000033647172421,10.298904969431643,0.0,0,two_ankles,corrected_motion_outlier,1.9548481331704792,10.27279272975607,0.3303904464814509
115,3.8333333333333335,detected,1,3,0.7010911703109741,ankle_midpoint,872.1837158203125,569.8046264648438,0.9809719324111938,0.9824138879776001,2.7657406330108643,1.4459868669509888,2.7104847813843556,1.3961999492053123,0.0,0,two_ankles,accepted,2.7657406330108643,1.4459868669509888,0.18007472194651672
115,3.8333333333333335,detected,3,1,0.8639171719551086,ankle_midpoint,734.9828491210938,850.8238525390625,0.975374162197113,0.9656822085380554,2.0362226963043213,10.625798225402832,2.0163187192817764,10.44600693461868,0.0,0,two_ankles,accepted,2.0362226963043213,10.625798225402832,0.1640276058909854
116,3.8666666666666667,detected,1,3,0.7207744121551514,ankle_midpoint,877.9979248046875,572.3892211914062,0.9858781099319458,0.9855079054832458,2.8227269649505615,1.5751956701278687,2.7609937639891484,1.4767480236204626,0.0,0,two_ankles,accepted,2.8227269649505615,1.5751956701278687,0.1412174098556656
116,3.8666666666666667,detected,3,1,0.9039387106895447,ankle_midpoint,739.7213134765625,840.1705322265625,0.9794241189956665,0.9500432014465332,2.051360607147217,10.39905834197998,2.0320875688212245,10.424880067931266,0.0,0,two_ankles,accepted,2.051360607147217,10.39905834197998,0.22724465027651536
117,3.9,detected,1,3,0.7156515121459961,ankle_midpoint,877.978271484375,572.3881225585938,0.985927939414978,0.9855280518531799,2.8225393295288086,1.5751445293426514,2.7886892684819955,1.5210264511954477,0.0,0,two_ankles,accepted,2.8225393295288086,1.5751445293426514,0.0001944798997558367
117,3.9,detected,3,1,0.9037528038024902,ankle_midpoint,739.7147216796875,840.2340087890625,0.9792683720588684,0.9498683214187622,2.0514039993286133,10.40042495727539,2.0407799625495495,10.413875268136124,0.0,0,two_ankles,accepted,2.0514039993286133,10.40042495727539,0.00136730400681609
118,3.933333333333333,detected,1,3,0.6500683426856995,ankle_midpoint,877.7374267578125,574.4342041015625,0.9658980369567871,0.9723197817802429,2.8213133811950684,1.6774977445602417,2.8033701192028784,1.591438533209605,0.0,0,two_ankles,accepted,2.8213133811950684,1.6774977445602417,0.10236055692841538
118,3.933333333333333,detected,3,1,0.9096347689628601,ankle_midpoint,734.8726806640625,821.388427734375,0.9903751015663147,0.9847801923751831,1.9947302341461182,9.985363006591797,2.044103327470597,10.392172813526859,0.0,0,two_ankles,corrected_motion_outlier,2.0481652179296552,10.365647591226644,0.41891328287037
119,3.966666666666667,detected,1,3,0.5995373725891113,ankle_midpoint,878.8045654296875,575.092529296875,0.9874514937400818,0.9889785647392273,2.831761360168457,1.7100224494934082,2.816146177637389,1.6448012955373166,0.0,0,two_ankles,accepted,2.831761360168457,1.7100224494934082,0.03416162606811797
119,3.966666666666667,detected,3,1,0.9096813797950745,ankle_midpoint,734.629638671875,821.4339599609375,0.9897320866584778,0.984053909778595,1.9932430982589722,9.986420631408691,2.021216224325366,10.209584331573684,0.0,0,two_ankles,accepted,1.9932430982589722,9.986420631408691,0.2090348489185312
120,4.0,detected,1,3,0.6564757823944092,ankle_midpoint,877.7365112304688,574.3885498046875,0.9660509824752808,0.9723860025405884,2.8212809562683105,1.6752241849899292,2.818456828021304,1.6584915957909923,0.0,0,two_ankles,accepted,2.8212809562683105,1.6752241849899292,0.03634223546184649
120,4.0,detected,3,1,0.9096242189407349,ankle_midpoint,734.841064453125,821.4343872070312,0.9902618527412415,0.984511137008667,1.9945944547653198,9.986405372619629,2.0092364280233452,10.10915380004436,0.0,0,two_ankles,accepted,1.9945944547653198,9.986405372619629,0.0013514426506114853
121,4.033333333333333,detected,1,3,0.40405598282814026,ankle_midpoint,880.08544921875,578.205322265625,0.9711015224456787,0.968940794467926,2.8453609943389893,1.8634473085403442,2.8305637028642625,1.7507216665282006,0.0,0,two_ankles,accepted,2.8453609943389893,1.8634473085403442,0.18975719346723102
121,4.033333333333333,detected,3,1,0.9298453330993652,ankle_midpoint,735.030517578125,817.394775390625,0.9888591766357422,0.9825507998466492,1.98996102809906,9.894598960876465,2.000562498057417,10.012604122418807,0.0,0,two_ankles,accepted,1.98996102809906,9.894598960876465,0.09192326082024603
122,4.066666666666666,detected,1,3,0.4402800500392914,ankle_midpoint,883.235107421875,578.7032470703125,0.9666783809661865,0.9667903780937195,2.8752152919769287,1.8872228860855103,2.8506569179649626,1.8121472153289901,0.0,0,two_ankles,accepted,2.8752152919769287,1.8872228860855103,0.038164868335432256
122,4.066666666666666,detected,3,1,0.9259252548217773,ankle_midpoint,741.35595703125,815.9649658203125,0.9872883558273315,0.9812119007110596,2.028583288192749,9.861108779907227,2.0131718536183163,9.944431218288596,0.0,0,two_ankles,accepted,2.028583288192749,9.861108779907227,0.05112016428080889
123,4.1,detected,1,3,0.42308926582336426,ankle_midpoint,887.1201171875,579.04248046875,0.974254846572876,0.977007269859314,2.9118683338165283,1.9030442237854004,2.8782020550981673,1.8530508691343748,0.0,0,two_ankles,accepted,2.9118683338165283,1.9030442237854004,0.039921926340163054
123,4.1,detected,3,1,0.9270456433296204,ankle_midpoint,744.9852294921875,815.1264038085938,0.9897249937057495,0.98699551820755,2.0507850646972656,9.841418266296387,2.0300977986038435,9.898075389892103,0.0,0,two_ankles,accepted,2.0507850646972656,9.841418266296387,0.029675498415615103
124,4.133333333333334,detected,1,3,0.44059500098228455,ankle_midpoint,901.926025390625,572.1535034179688,0.9600175023078918,0.9447420835494995,3.0505480766296387,1.5584394931793213,2.904636814218911,1.8956262558971804,0.0,0,two_ankles,corrected_motion_outlier,2.9369459642553744,1.9476628397183866,0.3714626379904159
124,4.133333333333334,detected,3,1,0.9186805486679077,ankle_midpoint,760.8146362304688,813.2059936523438,0.992093026638031,0.9922522902488708,2.1503794193267822,9.795239448547363,2.084224527929166,9.85179921628697,0.0,0,two_ankles,accepted,2.1503794193267822,9.795239448547363,0.10977940919301504
125,4.166666666666667,detected,1,3,0.44458135962486267,ankle_midpoint,901.9533081054688,572.1121826171875,0.960232675075531,0.9449988007545471,3.05080509185791,1.5563569068908691,2.9704125391564604,1.7429550488443404,0.0,0,two_ankles,accepted,3.05080509185791,1.5563569068908691,0.18674549420975237
125,4.166666666666667,detected,3,1,0.9187928438186646,ankle_midpoint,760.7938232421875,813.1695556640625,0.9920411705970764,0.9922194480895996,2.1501994132995605,9.794400215148926,2.1139132263458436,9.825969665774851,0.0,0,two_ankles,accepted,2.1501994132995605,9.794400215148926,0.0008583209579691548
126,4.2,detected,3,1,0.9199880957603455,ankle_midpoint,775.9798583984375,818.607666015625,0.9861057996749878,0.9895970225334167,2.2543389797210693,9.917316436767578,2.1771048153646957,9.86707571272158,0.0,0,two_ankles,accepted,2.2543389797210693,9.917316436767578,0.16110073504321915
126,4.2,predicted,1,,,motion_prediction,,,,,,,3.091419484300402,1.5246887267907672,,1,,motion_prediction,3.091419484300402,1.5246887267907672,
127,4.233333333333333,detected,3,1,0.9200377464294434,ankle_midpoint,775.97998046875,818.6197509765625,0.9861067533493042,0.9896286725997925,2.2543530464172363,9.917591094970703,2.211866519338339,9.889807634733685,0.0,0,two_ankles,accepted,2.2543530464172363,9.917591094970703,0.00027501818209876275
127,4.233333333333333,predicted,1,,,motion_prediction,,,,,,,3.1320338767428937,1.4930205466906652,,2,,motion_prediction,3.1320338767428937,1.4930205466906652,
128,4.266666666666667,detected,3,1,0.920029878616333,ankle_midpoint,776.0087890625,818.6043090820312,0.9860835671424866,0.9896434545516968,2.254520893096924,9.917236328125,2.2310609875297023,9.902150546759778,0.0,0,two_ankles,accepted,2.254520893096924,9.917236328125,0.00039246913597410833
128,4.266666666666667,predicted,1,,,motion_prediction,,,,,,,3.1726482691853857,1.4613523665905634,,3,,motion_prediction,3.1726482691853857,1.4613523665905634,
129,4.3,detected,1,3,0.5100248456001282,ankle_midpoint,920.3238525390625,575.880859375,0.9634053111076355,0.945307731628418,3.2248198986053467,1.7406731843948364,3.0848958509084596,1.7419282098420636,0.0,0,two_ankles,accepted,3.2248198986053467,1.7406731843948364,0.06337075583434916
129,4.3,detected,3,1,0.9113333821296692,ankle_midpoint,792.5643310546875,819.792724609375,0.9626821279525757,0.9779786467552185,2.361849069595337,9.942268371582031,2.289915624459238,9.920203567929793,0.0,0,two_ankles,accepted,2.361849069595337,9.942268371582031,0.11020862339267837
130,4.333333333333333,detected,1,3,0.49211546778678894,ankle_midpoint,936.1685791015625,568.0509033203125,0.9818264245986938,0.9660022258758545,3.3791680335998535,1.3434443473815918,3.1665932151771683,1.7393579591382504,0.0,0,two_ankles,corrected_motion_outlier,3.2664455492833673,1.7362165416113673,0.42616205336840746
130,4.333333333333333,detected,3,1,0.9137660264968872,ankle_midpoint,804.05322265625,822.4600830078125,0.9791409373283386,0.9865339994430542,2.437716245651245,10.001253128051758,2.3564259039956412,9.956675869984677,0.0,0,two_ankles,accepted,2.437716245651245,10.001253128051758,0.09609906294283582
131,4.366666666666666,detected,1,3,0.7319685816764832,ankle_midpoint,945.09375,565.0667114257812,0.9886727929115295,0.9739575982093811,3.467160701751709,1.1881697177886963,3.230258308330067,1.735938831998592,0.0,0,two_ankles,corrected_motion_outlier,3.3080711999613874,1.7317598988278982,0.30165756474909844
131,4.366666666666666,detected,3,1,0.9209233522415161,ankle_midpoint,812.7913818359375,825.6181640625,0.9762341380119324,0.9814837574958801,2.4959418773651123,10.071139335632324,2.4192080920119032,10.008184429526118,0.0,0,two_ankles,accepted,2.4959418773651123,10.071139335632324,0.09096321343528335
132,4.4,detected,1,3,0.5296302437782288,ankle_midpoint,947.0361328125,566.9180297851562,0.9934647679328918,0.9867104887962341,3.484463691711426,1.283156156539917,3.3446507308516784,1.5321866280421883,0.0,0,two_ankles,accepted,3.484463691711426,1.283156156539917,0.17535257501379312
132,4.4,detected,3,1,0.9234340786933899,ankle_midpoint,819.6882934570312,829.6336059570312,0.9766230583190918,0.980255126953125,2.5426437854766846,10.159669876098633,2.474754154071055,10.07635288048375,0.0,0,two_ankles,accepted,2.5426437854766846,10.159669876098633,0.100093580296233
133,4.433333333333334,detected,1,3,0.5141319632530212,ankle_midpoint,963.6671752929688,565.7765502929688,0.9907830953598022,0.9889276027679443,3.64587664604187,1.2209420204162598,3.4802023926872647,1.3921265546105204,0.0,0,two_ankles,accepted,3.64587664604187,1.2209420204162598,0.17298768903969744
133,4.433333333333334,detected,3,1,0.9192396402359009,ankle_midpoint,837.8795166015625,831.5753173828125,0.9831675887107849,0.9893357157707214,2.658749580383301,10.200393676757812,2.5575520959115656,10.132171238807079,0.0,0,two_ankles,accepted,2.658749580383301,10.200393676757812,0.12304057684774496
134,4.466666666666667,detected,1,3,0.5142287611961365,ankle_midpoint,963.686279296875,565.779052734375,0.9906978011131287,0.9890086054801941,3.6460580825805664,1.2210670709609985,3.5548374531392506,1.3151497869682358,0.0,0,two_ankles,accepted,3.6460580825805664,1.2210670709609985,0.00022035620325634812
134,4.466666666666667,detected,3,1,0.9193555116653442,ankle_midpoint,837.880126953125,831.5843505859375,0.9832709431648254,0.9893963932991028,2.6587584018707275,10.200592994689941,2.6030949335931886,10.162961028954367,0.0,0,two_ankles,accepted,2.6587584018707275,10.200592994689941,0.00019951304896814075
135,4.5,detected,1,3,0.5195748805999756,ankle_midpoint,968.6826171875,564.3681640625,0.9633050560951233,0.9519274234771729,3.6959939002990723,1.1470378637313843,3.6183578543611707,1.2394994215116526,0.0,0,two_ankles,accepted,3.6959939002990723,1.1470378637313843,0.08929674918081293
135,4.5,detected,3,1,0.9283494353294373,ankle_midpoint,845.121826171875,836.343017578125,0.9776355624198914,0.9865493178367615,2.706786632537842,10.303918838500977,2.6497561981182827,10.226392043250343,0.0,0,two_ankles,accepted,2.706786632537842,10.303918838500977,0.11394270902640487
136,4.533333333333333,detected,1,3,0.5228734016418457,ankle_midpoint,968.7095947265625,564.3619995117188,0.9632124900817871,0.9514235258102417,3.6962623596191406,1.146712303161621,3.6534148817272576,1.1977452182541386,0.0,0,two_ankles,accepted,3.6962623596191406,1.146712303161621,0.00042197167098763225
136,4.533333333333333,detected,3,1,0.9284045696258545,ankle_midpoint,845.148681640625,836.3395385742188,0.9775468111038208,0.9865440726280212,2.706953287124634,10.303839683532715,2.6754948881711407,10.26124348137741,0.0,0,two_ankles,accepted,2.706953287124634,10.303839683532715,0.00018449731786484961
137,4.566666666666666,detected,1,3,0.7138246893882751,ankle_midpoint,972.6077880859375,558.750244140625,0.987236738204956,0.9868025183677673,3.7413320541381836,0.8514649868011475,3.692977609312174,1.0419191141002928,0.0,0,two_ankles,accepted,3.7413320541381836,0.8514649868011475,0.2986674658915856
137,4.566666666666666,detected,3,1,0.9266761541366577,ankle_midpoint,850.8023681640625,842.7489013671875,0.9928950667381287,0.9934425354003906,2.745225429534912,10.44149398803711,2.7068736317848376,10.342356209374275,0.0,0,two_ankles,accepted,2.745225429534912,10.44149398803711,0.14287569574025247
138,4.6,detected,1,3,0.6739588975906372,ankle_midpoint,978.7001953125,551.78564453125,0.9885996580123901,0.9941835999488831,3.8111655712127686,0.4753163158893585,3.7327262555912,0.9000718405762945,0.0,0,two_ankles,corrected_motion_outlier,3.781307934376676,0.7267029507136299,0.38257619206598786
138,4.6,detected,3,1,0.9293334484100342,ankle_midpoint,857.4254150390625,844.0194091796875,0.9733474254608154,0.9831297993659973,2.7868905067443848,10.467876434326172,2.742881225516634,10.39884031060263,0.0,0,two_ankles,accepted,2.7868905067443848,10.467876434326172,0.04931543501852727
139,4.633333333333334,detected,1,3,0.7118667364120483,ankle_midpoint,988.64697265625,544.4812622070312,0.9681767821311951,0.9861905574798584,3.9224414825439453,0.06830057501792908,3.7725771571519857,0.7659129238987126,0.0,0,two_ankles,corrected_motion_outlier,3.821283814615168,0.6019409146261123,0.40191638463155993
139,4.633333333333334,detected,3,1,0.9299333691596985,ankle_midpoint,862.0739135742188,844.1724853515625,0.977246880531311,0.9826847910881042,2.815797805786133,10.470603942871094,2.7756936866379087,10.431133945123438,0.0,0,two_ankles,accepted,2.815797805786133,10.470603942871094,0.029035689086909396
140,4.666666666666667,detected,1,3,0.7603995203971863,ankle_midpoint,1001.7142333984375,536.244873046875,0.9909879565238953,0.9888810515403748,4.071041584014893,-0.4061979353427887,3.81248429911774,0.6359826034866596,0.2579444015595228,0,two_ankles,corrected_motion_outlier,3.8612596948536604,0.47717887853859486,0.4333877401520805
140,4.666666666666667,detected,3,1,0.9268516302108765,ankle_midpoint,869.1568603515625,841.0478515625,0.9863048791885376,0.9853772521018982,2.8588430881500244,10.402873039245605,2.813110917318361,10.418416537478414,0.0,0,two_ankles,accepted,2.8588430881500244,10.402873039245605,0.08025192608101278
141,4.7,detected,1,3,0.7613548636436462,ankle_midpoint,1001.702392578125,536.230712890625,0.990985631942749,0.9889316558837891,4.070949554443359,-0.4070201814174652,3.8524223733062257,0.5083780110206476,0.1281692797904137,0,two_ankles,corrected_motion_outlier,3.9012355750921524,0.3524168424510773,0.3252338211900077
141,4.7,detected,3,1,0.9267159700393677,ankle_midpoint,869.14599609375,841.0413818359375,0.9863856434822083,0.9854286313056946,2.858773708343506,10.402734756469727,2.8336591732796763,10.411359736024506,0.0,0,two_ankles,accepted,2.858773708343506,10.402734756469727,0.00015471161448749702
142,4.733333333333333,detected,1,3,0.8321904540061951,ankle_midpoint,1010.01318359375,533.4659423828125,0.9907932877540588,0.9911094903945923,4.1624979972839355,-0.5709497928619385,3.9919564040961952,0.022680499273483867,0.17869598741261206,0,two_ankles,accepted,4.1624979972839355,-0.5709497928619385,0.2966913923301339
142,4.733333333333333,detected,3,1,0.9205240607261658,ankle_midpoint,873.3101196289062,838.5057373046875,0.9866960048675537,0.9858127236366272,2.8840603828430176,10.347552299499512,2.8563397175831797,10.38264638958826,0.0,0,two_ankles,accepted,2.8840603828430176,10.347552299499512,0.06070024270555983
143,4.766666666666667,detected,1,3,0.8292989134788513,ankle_midpoint,1013.825927734375,528.8175048828125,0.9880997538566589,0.9891034364700317,4.212988376617432,-0.8486135005950928,4.0914207917307515,-0.36940180066737566,0.0,0,two_ankles,accepted,4.212988376617432,-0.8486135005950928,0.2822169608605458
143,4.766666666666667,detected,3,1,0.9186638593673706,ankle_midpoint,877.9837646484375,838.1456298828125,0.9848549962043762,0.9823839664459229,2.913198232650757,10.33920955657959,2.8819260493635896,10.363099814734358,0.0,0,two_ankles,accepted,2.913198232650757,10.33920955657959,0.030308672865143358
144,4.8,detected,1,3,0.8314059972763062,ankle_midpoint,1013.7100219726562,528.584716796875,0.9881079792976379,0.9892632365226746,4.212343692779541,-0.8625932335853577,4.145836097202707,-0.5913379454804676,0.0,0,two_ankles,accepted,4.212343692779541,-0.8625932335853577,0.013994590087956773
144,4.8,detected,3,1,0.9187507629394531,ankle_midpoint,878.0052490234375,838.13525390625,0.9848141074180603,0.9823196530342102,2.913330316543579,10.338981628417969,2.896057969594585,10.352246630891983,0.0,0,two_ankles,accepted,2.913330316543579,10.338981628417969,0.0002634338657102674
145,4.833333333333333,detected,1,3,0.7779872417449951,ankle_midpoint,1022.4785766601562,526.947021484375,0.9789613485336304,0.9738072156906128,4.308084011077881,-0.9635852575302124,4.218847658446536,-0.7588492359028528,0.0,0,two_ankles,accepted,4.308084011077881,-0.9635852575302124,0.1391603300094734
145,4.833333333333333,detected,3,1,0.9334936141967773,ankle_midpoint,891.0665283203125,837.4616088867188,0.9689218997955322,0.9644116759300232,2.994948148727417,10.322847366333008,2.9405585502043596,10.339016961840445,0.0,0,two_ankles,accepted,2.994948148727417,10.322847366333008,0.08319726524000252
146,4.866666666666666,detected,1,3,0.8205483555793762,ankle_midpoint,1022.68994140625,528.7578125,0.990793764591217,0.9907321333885193,4.305531024932861,-0.8542696833610535,4.257855173365383,-0.8017884372590431,0.0,0,two_ankles,accepted,4.305531024932861,-0.8542696833610535,0.10934538167746066
146,4.866666666666666,detected,3,1,0.9217472672462463,ankle_midpoint,907.9202880859375,844.4500732421875,0.9841073751449585,0.9818580150604248,3.100342273712158,10.471220970153809,3.0124612257828693,10.39850876558146,0.0,0,two_ankles,accepted,3.100342273712158,10.471220970153809,0.1819962853798703
147,4.9,detected,1,3,0.8192623853683472,ankle_midpoint,1022.569580078125,528.778076171875,0.9909902811050415,0.9909824728965759,4.30422306060791,-0.8530226349830627,4.27872072262452,-0.824843826234852,0.0,0,two_ankles,accepted,4.30422306060791,-0.8530226349830627,0.0018071802158042421
147,4.9,detected,3,1,0.9219849109649658,ankle_midpoint,907.8834838867188,844.4215087890625,0.9842013716697693,0.9819721579551697,3.100114345550537,10.47061538696289,3.05190512967832,10.430956745203105,0.0,0,two_ankles,accepted,3.100114345550537,10.47061538696289,0.0006470566033836301
148,4.933333333333334,detected,1,3,0.8248042464256287,ankle_midpoint,1022.7698974609375,534.1585083007812,0.9705575108528137,0.9853647351264954,4.292360782623291,-0.5331066250801086,4.300388014359619,-0.8507012412758783,0.0,0,two_ankles,corrected_motion_outlier,4.326870259813628,-0.8823047485482437,0.3201358571469485
148,4.933333333333334,detected,3,1,0.9191656112670898,ankle_midpoint,914.8494873046875,848.44970703125,0.9827043414115906,0.978546679019928,3.143049716949463,10.555265426635742,3.0929201939503344,10.486895651847792,0.0,0,two_ankles,accepted,3.143049716949463,10.555265426635742,0.09491614896201298
149,4.966666666666667,detected,1,3,0.7941640019416809,ankle_midpoint,1020.4718017578125,537.91259765625,0.9737917184829712,0.9870243072509766,4.259321212768555,-0.3136388659477234,4.281907953643641,-0.6090231723782086,0.0,0,two_ankles,accepted,4.259321212768555,-0.3136388659477234,0.2706247523038852
149,4.966666666666667,detected,3,1,0.9177197217941284,ankle_midpoint,917.0720825195312,852.7320556640625,0.9814978837966919,0.9747279286384583,3.15639066696167,10.644902229309082,3.1214819068054354,10.557998611705372,0.0,0,two_ankles,accepted,3.15639066696167,10.644902229309082,0.09062415428972273
150,5.0,detected,1,3,0.6534219980239868,ankle_midpoint,1024.809326171875,543.2968139648438,0.9538707137107849,0.9781731963157654,4.289999008178711,-0.0065802112221717834,4.274832205500175,-0.44218878089077274,0.0,0,two_ankles,corrected_motion_outlier,4.266184068880384,-0.23828008018390662,0.30858733702647767
150,5.0,detected,3,1,0.9253074526786804,ankle_midpoint,916.3394775390625,850.8683471679688,0.9878408312797546,0.9824123978614807,3.1520466804504395,10.605984687805176,3.1352360549456875,10.579592345950285,0.0,0,two_ankles,accepted,3.1520466804504395,10.605984687805176,0.039159229506184334
151,5.033333333333333,detected,1,3,0.6464549899101257,ankle_midpoint,1024.843017578125,543.2857666015625,0.9539082646369934,0.9780611991882324,4.290367126464844,-0.007212691009044647,4.281822919934276,-0.2464495404439951,0.0,0,two_ankles,accepted,4.290367126464844,-0.007212691009044647,0.15399744270992552
151,5.033333333333333,detected,3,1,0.9252856969833374,ankle_midpoint,916.3558349609375,850.8592529296875,0.9878272414207458,0.9824025630950928,3.1521482467651367,10.605792045593262,3.14284654126444,10.591382210789625,0.0,0,two_ankles,accepted,3.1521482467651367,10.605792045593262,0.00021777680797625481
152,5.066666666666666,detected,1,3,0.6937317848205566,ankle_midpoint,1028.8760986328125,550.862548828125,0.96528559923172,0.9811089634895325,4.3117780685424805,0.4138752520084381,4.290120063989325,-0.09261945208593005,0.0,0,two_ankles,corrected_motion_outlier,4.300261017834384,0.09539510035170504,0.421631929762615
152,5.066666666666666,detected,3,1,0.9170984625816345,ankle_midpoint,919.3260498046875,852.38623046875,0.9883580803871155,0.9871731996536255,3.17026686668396,10.637421607971191,3.1551856877032245,10.61209993952133,0.0,0,two_ankles,accepted,3.17026686668396,10.637421607971191,0.0364515240282505
153,5.1,detected,1,3,0.7302276492118835,ankle_midpoint,1030.650390625,556.682373046875,0.9444819092750549,0.9755581617355347,4.314761161804199,0.7288190722465515,4.299135744335895,0.0381606026233431,0.0,0,two_ankles,corrected_motion_outlier,4.3101549092039235,0.19800289171245472,0.36821794683355663
153,5.1,detected,3,1,0.9268563389778137,ankle_midpoint,930.779052734375,852.2774047851562,0.9591143727302551,0.9769368767738342,3.240643262863159,10.63383960723877,3.1936415965251954,10.621882789994178,0.0,0,two_ankles,accepted,3.240643262863159,10.63383960723877,0.07046749511951363
154,5.133333333333334,detected,1,3,0.7291635870933533,ankle_midpoint,1031.2227783203125,555.490234375,0.9450849294662476,0.9745182394981384,4.323380947113037,0.6647108793258667,4.310046085585609,0.32010822713947873,0.0,0,two_ankles,accepted,4.323380947113037,0.6647108793258667,0.22424470679381725
154,5.133333333333334,detected,3,1,0.935194194316864,ankle_midpoint,934.2074584960938,850.1727294921875,0.9619183540344238,0.9750921726226807,3.2621757984161377,10.589332580566406,3.2244819873761195,10.60723519575168,0.0,0,two_ankles,accepted,3.2621757984161377,10.589332580566406,0.04944214306191369
155,5.166666666666667,detected,1,3,0.7318163514137268,ankle_midpoint,1031.25634765625,555.4312744140625,0.9450656771659851,0.9745386838912964,4.323860168457031,0.6615310311317444,4.316262422877749,0.4737484889359983,0.0,0,two_ankles,accepted,4.323860168457031,0.6615310311317444,0.0032157561527893395
155,5.166666666666667,detected,3,1,0.9350634217262268,ankle_midpoint,934.1709594726562,850.159912109375,0.9616588950157166,0.9748201370239258,3.261953830718994,10.589067459106445,3.2413443168804132,10.599059714261326,0.0,0,two_ankles,accepted,3.261953830718994,10.589067459106445,0.00034577311507263226
156,5.2,detected,1,3,0.7032649517059326,ankle_midpoint,1038.99365234375,554.3766479492188,0.9546199440956116,0.9616860151290894,4.402968406677246,0.6029810309410095,4.355280115587523,0.5319031328382534,0.0,0,two_ankles,accepted,4.402968406677246,0.6029810309410095,0.09841857485577259
156,5.2,detected,3,1,0.9321216344833374,ankle_midpoint,956.05615234375,850.0245361328125,0.9667002558708191,0.9762921929359436,3.396838426589966,10.58371353149414,3.311316666249712,10.592153932016092,0.0,0,two_ankles,accepted,3.396838426589966,10.58371353149414,0.13499080985071965
157,5.233333333333333,detected,1,3,0.7066140174865723,ankle_midpoint,1039.0037841796875,554.4559326171875,0.9549123644828796,0.9619293808937073,4.40285587310791,0.6072636246681213,4.376689206471697,0.565815354161694,0.0,0,two_ankles,accepted,4.40285587310791,0.6072636246681213,0.004284071992360185
157,5.233333333333333,detected,3,1,0.931972086429596,ankle_midpoint,956.0457153320312,849.9991455078125,0.9667192697525024,0.9763186573982239,3.3967843055725098,10.583181381225586,3.3497771039449713,10.588116284160364,0.0,0,two_ankles,accepted,3.3967843055725098,10.583181381225586,0.0005348953101806975
158,5.266666666666667,detected,1,3,0.6704500317573547,ankle_midpoint,1041.8206787109375,551.8555297851562,0.9486715197563171,0.9632626175880432,4.437845706939697,0.46538975834846497,4.404209631682297,0.520623836045741,0.0,0,two_ankles,accepted,4.437845706939697,0.46538975834846497,0.14612488636800988
158,5.266666666666667,detected,3,1,0.9255162477493286,ankle_midpoint,967.040283203125,840.1109619140625,0.966536819934845,0.9586988091468811,3.469350576400757,10.371302604675293,3.4035851665500747,10.490550128392083,0.0,0,two_ankles,accepted,3.469350576400757,10.371302604675293,0.2239608885818403
159,5.3,detected,1,3,0.7388604879379272,ankle_midpoint,1037.42578125,553.6982421875,0.9140360355377197,0.9370718598365784,4.389277935028076,0.5666005611419678,4.397490368187898,0.5413133623390431,0.0,0,two_ankles,accepted,4.389277935028076,0.5666005611419678,0.11226065682403862
159,5.3,detected,3,1,0.9243972897529602,ankle_midpoint,995.2598876953125,841.1665649414062,0.9868055582046509,0.9850988388061523,3.6447248458862305,10.39076042175293,3.5120980222513447,10.445644760404466,0.0,0,two_ankles,accepted,3.6447248458862305,10.39076042175293,0.1764503925838373
160,5.333333333333333,detected,1,3,0.7371363639831543,ankle_midpoint,1037.4105224609375,553.7001342773438,0.9148108959197998,0.9375751614570618,4.389122009277344,0.5667064189910889,4.393724606678149,0.5527402378324637,0.0,0,two_ankles,accepted,4.389122009277344,0.5667064189910889,0.00018846411850008375
160,5.333333333333333,detected,3,1,0.9243932366371155,ankle_midpoint,995.2628784179688,841.158935546875,0.9867903590202332,0.9850760102272034,3.6447489261627197,10.390596389770508,3.5717909290114633,10.420872993619184,0.0,0,two_ankles,accepted,3.6447489261627197,10.390596389770508,0.00016579008104542747
161,5.366666666666666,detected,1,3,0.7246103882789612,ankle_midpoint,1037.6435546875,557.353271484375,0.9279355406761169,0.9497776627540588,4.381770610809326,0.763192892074585,4.388345308537179,0.6474439322414183,0.0,0,two_ankles,accepted,4.381770610809326,0.763192892074585,0.1966239486029792
161,5.366666666666666,detected,3,1,0.923011064529419,ankle_midpoint,1016.58544921875,839.6715087890625,0.9592491388320923,0.9396703243255615,3.7789928913116455,10.356040954589844,3.6650318120465455,10.391698576055981,0.0,0,two_ankles,accepted,3.7789928913116455,10.356040954589844,0.138620057276828
162,5.4,detected,1,3,0.6802547574043274,ankle_midpoint,1036.3228759765625,560.72998046875,0.9559202194213867,0.9676581025123596,4.360088348388672,0.9425686001777649,4.375629676470351,0.7802500328127744,0.0,0,two_ankles,accepted,4.360088348388672,0.9425686001777649,0.18068139129748623
162,5.4,detected,3,1,0.9163147807121277,ankle_midpoint,1028.731201171875,845.0413818359375,0.988210916519165,0.9865632057189941,3.849576711654663,10.469857215881348,3.7480770168701985,10.426869963977396,0.0,0,two_ankles,accepted,3.849576711654663,10.469857215881348,0.13392616259936396
163,5.433333333333334,detected,1,3,0.7318643927574158,ankle_midpoint,1031.192138671875,563.8125,0.9612182974815369,0.9711190462112427,4.302501201629639,1.105026125907898,4.342721862792031,0.92639927470558,0.0,0,two_ankles,accepted,4.302501201629639,1.105026125907898,0.17236219753241508
163,5.433333333333334,detected,3,1,0.9174274802207947,ankle_midpoint,1073.42041015625,851.6061401367188,0.9900772571563721,0.985630214214325,4.118155479431152,10.603487014770508,3.9146123250226283,10.506347636834297,0.0,0,two_ankles,accepted,4.118155479431152,10.603487014770508,0.2999857957495567
164,5.466666666666667,detected,1,3,0.7294540405273438,ankle_midpoint,1031.189208984375,563.809814453125,0.9610827565193176,0.9712030291557312,4.302479267120361,1.1048870086669922,4.32461269473978,1.0067187549882155,0.0,0,two_ankles,accepted,4.302479267120361,1.1048870086669922,0.0001408358243291444
164,5.466666666666667,detected,3,1,0.9174267649650574,ankle_midpoint,1073.4129638671875,851.6387939453125,0.9900325536727905,0.9856050610542297,4.118067264556885,10.604172706604004,4.006167047813044,10.550368918230665,0.0,0,two_ankles,accepted,4.118067264556885,10.604172706604004,0.0006913430078949808
165,5.5,detected,1,3,0.7624645829200745,ankle_midpoint,1026.5240478515625,568.4043579101562,0.9696933627128601,0.9804983735084534,4.246598720550537,1.3427218198776245,4.28950640635462,1.1579201341884495,0.0,0,two_ankles,accepted,4.246598720550537,1.3427218198776245,0.2443113442076307
165,5.5,detected,3,1,0.9222276210784912,ankle_midpoint,1092.275390625,856.5079345703125,0.974528968334198,0.9790917038917542,4.227073669433594,10.703484535217285,4.105575027542292,10.619270945874646,0.0,0,two_ankles,accepted,4.227073669433594,10.703484535217285,0.14746265834664296
166,5.533333333333333,detected,1,3,0.7231451869010925,ankle_midpoint,1029.411865234375,568.1492919921875,0.9774676561355591,0.9806177020072937,4.274937629699707,1.3290854692459106,4.2829504568599095,1.2349445349643071,0.0,0,two_ankles,accepted,4.274937629699707,1.3290854692459106,0.03144906724079349
166,5.533333333333333,detected,3,1,0.9219392538070679,ankle_midpoint,1109.8482666015625,859.030029296875,0.9768598079681396,0.964445948600769,4.33057975769043,10.753569602966309,4.206827156108954,10.679705341565896,0.0,0,two_ankles,accepted,4.33057975769043,10.753569602966309,0.11498706152283472
167,5.566666666666666,detected,1,3,0.7698038816452026,ankle_midpoint,1036.9132080078125,573.3031005859375,0.9781135320663452,0.9754402041435242,4.334280490875244,1.5884208679199219,4.30604897216681,1.3940088847943337,0.0,0,two_ankles,accepted,4.334280490875244,1.5884208679199219,0.2660383885417806
167,5.566666666666666,detected,3,1,0.9232738614082336,ankle_midpoint,1118.00537109375,862.025390625,0.9795092344284058,0.9797502756118774,4.375452518463135,10.814075469970703,4.282708569168336,10.74017189934806,0.0,0,two_ankles,accepted,4.375452518463135,10.814075469970703,0.07532944046863682
168,5.6,detected,1,3,0.767177939414978,ankle_midpoint,1036.82177734375,573.3505859375,0.977967381477356,0.9753152132034302,4.33329439163208,1.5908188819885254,4.318309410926181,1.48257338353172,0.0,0,two_ankles,accepted,4.33329439163208,1.5908188819885254,0.0025928484704257444
168,5.6,detected,3,1,0.923305869102478,ankle_midpoint,1117.9970703125,861.9904174804688,0.9794195294380188,0.9796457886695862,4.375458717346191,10.813362121582031,4.324446135848371,10.773107499353348,0.0,0,two_ankles,accepted,4.375458717346191,10.813362121582031,0.0007133753218130764
169,5.633333333333334,detected,1,3,0.7688308358192444,ankle_midpoint,1037.9454345703125,576.699951171875,0.9856426119804382,0.985962450504303,4.33577299118042,1.7572994232177734,4.326168022040589,1.6062001013904443,0.0,0,two_ankles,accepted,4.33577299118042,1.7572994232177734,0.16649899117923925
169,5.633333333333334,detected,3,1,0.922089695930481,ankle_midpoint,1122.051513671875,863.070556640625,0.9878144264221191,0.9833690524101257,4.398309230804443,10.834946632385254,4.357684528578604,10.800935109217706,0.0,0,two_ankles,accepted,4.398309230804443,10.834946632385254,0.03143305699292051
170,5.666666666666667,detected,1,3,0.7292445302009583,ankle_midpoint,1037.73876953125,580.105224609375,0.9901254177093506,0.9915361404418945,4.325594425201416,1.9246174097061157,4.325909903462962,1.7494878901324964,0.0,0,two_ankles,accepted,4.325594425201416,1.9246174097061157,0.16762730030607195
170,5.666666666666667,detected,3,1,0.9214169979095459,ankle_midpoint,1124.201416015625,862.955810546875,0.9865999817848206,0.9823290705680847,4.4115400314331055,10.832366943359375,4.38191950486313,10.815079434581458,0.0,0,two_ankles,accepted,4.4115400314331055,10.832366943359375,0.013479943647717735
171,5.7,detected,1,3,0.7683244943618774,ankle_midpoint,1042.791259765625,581.6298828125,0.9709773063659668,0.9790148138999939,4.369241237640381,1.997786521911621,4.345409003842801,1.8612222744331026,0.0,0,two_ankles,accepted,4.369241237640381,1.997786521911621,0.0851983756712768
171,5.7,detected,3,1,0.9252849817276001,ankle_midpoint,1128.109130859375,861.353759765625,0.9763492345809937,0.9684041142463684,4.437955856323242,10.79920482635498,4.407135863020181,10.807935860879544,0.0,0,two_ankles,accepted,4.437955856323242,10.79920482635498,0.04239719104893058
172,5.733333333333333,detected,1,3,0.7689603567123413,ankle_midpoint,1042.7369384765625,581.6322021484375,0.97127366065979,0.9792289733886719,4.36872673034668,1.9979099035263062,4.355901980769547,1.9227317075250445,0.0,0,two_ankles,accepted,4.36872673034668,1.9979099035263062,0.0005290942998313214
172,5.733333333333333,detected,3,1,0.9253727793693542,ankle_midpoint,1128.09423828125,861.2950439453125,0.9763103723526001,0.9684568047523499,4.437964916229248,10.798004150390625,4.421008936964261,10.80346659115953,0.0,0,two_ankles,accepted,4.437964916229248,10.798004150390625,0.0012007101454046976
173,5.766666666666667,detected,1,3,0.768000066280365,ankle_midpoint,1042.7801513671875,581.46435546875,0.9672670364379883,0.9785854816436768,4.369547367095947,1.9897557497024536,4.362042404616427,1.9528925265048787,0.0,0,two_ankles,accepted,4.369547367095947,1.9897557497024536,0.008195344364777934
173,5.766666666666667,detected,3,1,0.9247032403945923,ankle_midpoint,1128.58837890625,861.5625,0.9739868640899658,0.966933012008667,4.44051456451416,10.803421974182129,4.429786469361716,10.803446513519699,0.0,0,two_ankles,accepted,4.44051456451416,10.803421974182129,0.005987780975665445
174,5.8,detected,1,3,0.6764928102493286,ankle_midpoint,1044.796875,585.203369140625,0.9700807929039001,0.9808815717697144,4.379096508026123,2.1695656776428223,4.369716751150791,2.0503954445169534,0.0,0,two_ankles,accepted,4.379096508026123,2.1695656776428223,0.18006331186120322
174,5.8,detected,3,1,0.9249841570854187,ankle_midpoint,1126.9918212890625,860.613037109375,0.97378009557724,0.9664182662963867,4.4324140548706055,10.78415584564209,4.430968882840716,10.794765712974776,0.0,0,two_ankles,accepted,4.4324140548706055,10.78415584564209,0.020899807783963713
175,5.833333333333333,detected,1,3,0.6830699443817139,ankle_midpoint,1044.712890625,585.2523193359375,0.9699000120162964,0.980904757976532,4.378194332122803,2.171924352645874,4.373531662588197,2.105083453174968,0.0,0,two_ankles,accepted,4.378194332122803,2.171924352645874,0.002525325549419922
175,5.833333333333333,detected,3,1,0.9251585006713867,ankle_midpoint,1127.050048828125,860.69482421875,0.9736521244049072,0.9663153886795044,4.4326300621032715,10.785826683044434,4.431716413508866,10.790743149506122,0.0,0,two_ankles,accepted,4.4326300621032715,10.785826683044434,0.0016847423392420695
176,5.866666666666666,detected,1,3,0.8100069165229797,ankle_midpoint,1044.6397705078125,613.9296875,0.9561630487442017,0.9618756771087646,4.310225009918213,3.472447156906128,4.377765263400288,2.1626072507014653,0.591664038529064,0,two_ankles,corrected_motion_outlier,4.382939664392844,2.2329141143449625,1.3022977359889352
176,5.866666666666666,detected,3,1,0.9211156964302063,ankle_midpoint,1113.3958740234375,856.4336547851562,0.990009605884552,0.9884351491928101,4.356352806091309,10.699549674987793,4.3978027901709655,10.749706085972875,0.0,0,two_ankles,accepted,4.356352806091309,10.699549674987793,0.11516050496554867
177,5.9,detected,1,3,0.6877936720848083,ankle_midpoint,1041.527587890625,621.5579833984375,0.8694306015968323,0.858102560043335,4.266444683074951,3.7964324951171875,4.382229143368457,2.221690732105629,0.8574121748124258,0,two_ankles,corrected_motion_outlier,4.387684996662886,2.293903876044051,0.8141736130915069
177,5.9,detected,3,1,0.9227067828178406,ankle_midpoint,1100.626708984375,853.68896484375,0.9817202091217041,0.9772565364837646,4.28239631652832,10.643939971923828,4.345869877031776,10.702111334650805,0.0,0,two_ankles,accepted,4.28239631652832,10.643939971923828,0.09253108355219199
178,5.933333333333334,detected,1,3,0.6796383857727051,ankle_midpoint,1036.1046142578125,603.4091796875,0.7730278372764587,0.7513746619224548,4.257411479949951,3.0130162239074707,4.32606119483013,2.5777872034164577,0.021829910022109433,0,two_ankles,accepted,4.257411479949951,3.0130162239074707,0.28323999115028925
178,5.933333333333334,detected,3,1,0.9316917657852173,ankle_midpoint,1085.575927734375,848.3463134765625,0.9843244552612305,0.9760022759437561,4.197544097900391,10.533458709716797,4.279123276422653,10.626217653430501,0.0,0,two_ankles,accepted,4.197544097900391,10.533458709716797,0.13930544965987787
179,5.966666666666667,detected,1,3,0.672866702079773,ankle_midpoint,1038.907958984375,613.82763671875,0.9782312512397766,0.9606128931045532,4.259940147399902,3.4691169261932373,4.290215733083962,2.835637091175631,0.0,0,two_ankles,corrected_motion_outlier,4.246404613171979,3.150786953992398,0.45610771182325116
179,5.966666666666667,detected,3,1,0.9076652526855469,ankle_midpoint,1060.4781494140625,842.031005859375,0.9930826425552368,0.9900734424591064,4.050239086151123,10.401764869689941,4.176125390800465,10.52521390074725,0.0,0,two_ankles,accepted,4.050239086151123,10.401764869689941,0.19759057160570911
180,6.0,detected,1,3,0.6596028208732605,ankle_midpoint,1038.9012451171875,613.8792724609375,0.9782031178474426,0.9612098336219788,4.25977087020874,3.4713382720947266,4.276515544790112,3.121702622589224,0.0,0,two_ankles,accepted,4.25977087020874,3.4713382720947266,0.22916406054230806
180,6.0,detected,3,1,0.9073525071144104,ankle_midpoint,1060.5142822265625,841.920166015625,0.9930940866470337,0.9900186061859131,4.050601482391357,10.399378776550293,4.119639632016367,10.468588094858621,0.0,0,two_ankles,accepted,4.050601482391357,10.399378776550293,0.00241345634019208
181,6.033333333333333,detected,1,3,0.857754111289978,ankle_midpoint,1041.080810546875,609.6014404296875,0.9870696067810059,0.9886752367019653,4.288321018218994,3.285583019256592,4.281828007833109,3.1954488010895394,0.0,0,two_ankles,accepted,4.288321018218994,3.285583019256592,0.1879364916889926
181,6.033333333333333,detected,3,1,0.8834471106529236,ankle_midpoint,1041.266357421875,841.0025634765625,0.9938746094703674,0.9938828945159912,3.9317069053649902,10.381876945495605,4.0350699050232475,10.429568077645264,0.0,0,two_ankles,accepted,3.9317069053649902,10.381876945495605,0.12017584839120372
182,6.066666666666666,detected,1,3,0.879574179649353,ankle_midpoint,1041.498046875,605.744384765625,0.9664504528045654,0.967635452747345,4.300605297088623,3.1158742904663086,4.2902777879980905,3.159640271309086,0.0,0,two_ankles,accepted,4.300605297088623,3.1158742904663086,0.17015274354226767
182,6.066666666666666,detected,3,1,0.9053823947906494,ankle_midpoint,1025.7000732421875,835.0298461914062,0.9939286708831787,0.9804390668869019,3.840432643890381,10.254081726074219,3.9474831375134576,10.350599219438294,0.0,0,two_ankles,accepted,3.840432643890381,10.254081726074219,0.15704333451215222
183,6.1,detected,1,3,0.8986479640007019,ankle_midpoint,1039.855224609375,611.7071533203125,0.9899124503135681,0.9917290806770325,4.272861003875732,3.3774099349975586,4.28244023514303,3.2576366199688986,0.0,0,two_ankles,accepted,4.272861003875732,3.3774099349975586,0.2630031162672017
183,6.1,detected,3,1,0.8995213508605957,ankle_midpoint,1005.307373046875,853.9839477539062,0.9845306873321533,0.9672342538833618,3.697288990020752,10.66094970703125,3.8618606247417206,10.274181026137391,0.0,0,two_ankles,corrected_motion_outlier,3.7572108869095975,10.180781012102953,0.43131387593166914
184,6.133333333333334,detected,1,3,0.896327793598175,ankle_midpoint,1039.8841552734375,611.7815551757812,0.9899875521659851,0.9918111562728882,4.272955894470215,3.3806281089782715,4.278172281840264,3.3129827900231166,0.0,0,two_ankles,accepted,4.272955894470215,3.3806281089782715,0.003219572641680675
184,6.133333333333334,detected,3,1,0.8987072706222534,ankle_midpoint,1005.5133056640625,854.177001953125,0.984420120716095,0.9669129252433777,3.6984026432037354,10.664945602416992,3.788304533049627,10.450025085463214,0.0,0,two_ankles,accepted,3.6984026432037354,10.664945602416992,0.2173600963714697
185,6.166666666666667,detected,1,3,0.8910432457923889,ankle_midpoint,1037.39990234375,611.955810546875,0.9872465133666992,0.989008367061615,4.250611782073975,3.3886351585388184,4.265770056945434,3.3470263558551823,0.0,0,two_ankles,accepted,4.250611782073975,3.3886351585388184,0.02373546294979035
185,6.166666666666667,detected,3,1,0.8965120911598206,ankle_midpoint,990.6859130859375,845.3726806640625,0.9833690524101257,0.9677864909172058,3.6133642196655273,10.48130989074707,3.7095813920267826,10.46410324784095,0.0,0,two_ankles,accepted,3.6133642196655273,10.48130989074707,0.20236997820423447
186,6.2,detected,1,3,0.856518030166626,ankle_midpoint,1034.701171875,612.52587890625,0.9898260831832886,0.9912942051887512,4.225564479827881,3.4137887954711914,4.247677547242535,3.3770694536823864,0.0,0,two_ankles,accepted,4.225564479827881,3.4137887954711914,0.03549750414793714
186,6.2,detected,3,1,0.9070771932601929,ankle_midpoint,980.5279541015625,842.91796875,0.9833342432975769,0.9658745527267456,3.551849842071533,10.430071830749512,3.6386021945469205,10.448789110149804,0.0,0,two_ankles,accepted,3.551849842071533,10.430071830749512,0.08005846265754735
187,6.233333333333333,detected,1,3,0.5673381090164185,ankle_midpoint,1033.9014892578125,609.3616943359375,0.9814716577529907,0.9769576787948608,4.225064754486084,3.2764484882354736,4.237501790502132,3.331790019231276,0.0,0,two_ankles,accepted,4.225064754486084,3.2764484882354736,0.13734121638102156
187,6.233333333333333,detected,3,1,0.9091535806655884,ankle_midpoint,973.9269409179688,846.6104736328125,0.9845730662345886,0.9784160852432251,3.508798360824585,10.50954818725586,3.58019046937187,10.47613069484753,0.0,0,two_ankles,accepted,3.508798360824585,10.50954818725586,0.09038761685695892
188,6.266666666666667,detected,1,3,0.5708353519439697,ankle_midpoint,1033.9044189453125,609.3411865234375,0.9814854860305786,0.9770790934562683,4.225133895874023,3.2755515575408936,4.231936237919483,3.306482711470604,0.0,0,two_ankles,accepted,4.225133895874023,3.2755515575408936,0.0008995916864923193
188,6.266666666666667,detected,3,1,0.9091895222663879,ankle_midpoint,973.896728515625,846.5,0.9845060706138611,0.9783642888069153,3.5086708068847656,10.507206916809082,3.5480066212526733,10.490114994730229,0.0,0,two_ankles,accepted,3.5086708068847656,10.507206916809082,0.0023447424831986173
189,6.3,detected,1,3,0.8371108174324036,ankle_midpoint,1029.7757568359375,608.6611328125,0.9818437695503235,0.9747017621994019,4.189827919006348,3.246563196182251,4.212987494408573,3.2795189295908456,0.0,0,two_ankles,accepted,4.189827919006348,3.246563196182251,0.0456819121408036
189,6.3,detected,3,1,0.921357274055481,ankle_midpoint,969.9384765625,840.4160766601562,0.9866313338279724,0.9855637550354004,3.487281322479248,10.377544403076172,3.5206802368046324,10.439458228485904,0.0,0,two_ankles,accepted,3.487281322479248,10.377544403076172,0.13141490596835276
190,6.333333333333333,detected,1,3,0.8521280884742737,ankle_midpoint,1025.00634765625,611.6152954101562,0.9909958243370056,0.9757870435714722,4.141682147979736,3.37618350982666,4.180900088515597,3.3230179906969624,0.0,0,two_ankles,accepted,4.141682147979736,3.37618350982666,0.13827306670867576
190,6.333333333333333,detected,3,1,0.918126106262207,ankle_midpoint,948.9803466796875,832.1986083984375,0.9973921775817871,0.9940892457962036,3.359419345855713,10.20099925994873,3.4481128358776187,10.332151692644178,0.0,0,two_ankles,accepted,3.359419345855713,10.20099925994873,0.21798365220347654
191,6.366666666666666,detected,1,3,0.8532135486602783,ankle_midpoint,1024.988037109375,611.598876953125,0.9910564422607422,0.9758952260017395,4.141551971435547,3.3754751682281494,4.163193435829575,3.3466237205859963,0.0,0,two_ankles,accepted,4.141551971435547,3.3754751682281494,0.0007202039661358872
191,6.366666666666666,detected,3,1,0.9181147813796997,ankle_midpoint,948.9967041015625,832.1580810546875,0.9974449872970581,0.994162380695343,3.35953688621521,10.200104713439941,3.408253658529535,10.272730552002272,0.0,0,two_ankles,accepted,3.35953688621521,10.200104713439941,0.0009022356635033891
192,6.4,detected,1,3,0.8596351742744446,ankle_midpoint,1022.8648071289062,613.3090209960938,0.9939975738525391,0.9792169332504272,4.119542598724365,3.4497594833374023,4.143550559132231,3.393034813824129,0.0,0,two_ankles,accepted,4.119542598724365,3.4497594833374023,0.07747626706540843
192,6.4,detected,3,1,0.903157114982605,ankle_midpoint,942.375,828.0799560546875,0.9945595860481262,0.9864944219589233,3.319018602371216,10.110627174377441,3.368097883258292,10.199784032071099,0.0,0,two_ankles,accepted,3.319018602371216,10.110627174377441,0.09822403637778122
193,6.433333333333334,detected,1,3,0.8919352293014526,ankle_midpoint,1019.407470703125,614.0194091796875,0.9933551549911499,0.9724519848823547,4.0877556800842285,3.4809558391571045,4.11844286356063,3.4325992752239682,0.0,0,two_ankles,accepted,4.0877556800842285,3.4809558391571045,0.04453785820023382
193,6.433333333333334,detected,3,1,0.8986578583717346,ankle_midpoint,904.5659790039062,805.871337890625,0.9911895990371704,0.9751376509666443,3.0791573524475098,9.606355667114258,3.326899356361516,10.127830721924418,0.0,0,two_ankles,corrected_motion_outlier,3.2765456012654557,10.039887787300698,0.5584112930917905
194,6.466666666666667,detected,1,3,0.8916183114051819,ankle_midpoint,1016.6103515625,615.071044921875,0.9939776659011841,0.9736804962158203,4.06125545501709,3.526562452316284,4.092708529716037,3.474882704915511,0.0,0,two_ankles,accepted,4.06125545501709,3.526562452316284,0.05274680172730918
194,6.466666666666667,detected,3,1,0.8907808661460876,ankle_midpoint,899.69580078125,798.6824340820312,0.9886744618415833,0.971490740776062,3.0469837188720703,9.43569278717041,3.285127316070697,10.056423677159211,0.0,0,two_ankles,corrected_motion_outlier,3.234072600159695,9.969148400223956,0.3638472910696617
195,6.5,detected,1,3,0.8912209868431091,ankle_midpoint,1016.5858764648438,615.1204833984375,0.9939802885055542,0.9735895395278931,4.060952663421631,3.5286824703216553,4.078418389883554,3.499092599348276,0.0,0,two_ankles,accepted,4.060952663421631,3.5286824703216553,0.0021415319501184725
195,6.5,detected,3,1,0.8903181552886963,ankle_midpoint,899.387939453125,798.5675048828125,0.9887304902076721,0.9715222716331482,3.044948101043701,9.432965278625488,3.177046669308549,9.775867397819036,0.0,0,two_ankles,accepted,3.044948101043701,9.432965278625488,0.24366194355934256
196,6.533333333333333,detected,1,3,0.8529220819473267,ankle_midpoint,1015.6463623046875,614.026123046875,0.9944479465484619,0.9771534204483032,4.054615020751953,3.481937885284424,4.067706873774334,3.491372978019543,0.0,0,two_ankles,accepted,4.054615020751953,3.481937885284424,0.04717225821297388
196,6.533333333333333,detected,3,1,0.9265757203102112,ankle_midpoint,871.4671630859375,802.5162353515625,0.9902835488319397,0.98395836353302,2.862109899520874,9.530948638916016,3.035325122904095,9.665653956312678,0.0,0,two_ankles,accepted,2.862109899520874,9.530948638916016,0.2074380554043188
197,6.566666666666666,detected,1,3,0.8392240405082703,ankle_midpoint,1013.40869140625,613.2040405273438,0.9947851300239563,0.979559063911438,4.036324501037598,3.446984052658081,4.053584806042803,3.4713979616068853,0.0,0,two_ankles,accepted,4.036324501037598,3.446984052658081,0.03945013975503269
197,6.566666666666666,detected,3,1,0.9291954040527344,ankle_midpoint,851.1318359375,796.066162109375,0.9857202172279358,0.9755448698997498,2.725645065307617,9.378631591796875,2.89596909698568,9.536493892280568,0.0,0,two_ankles,accepted,2.725645065307617,9.378631591796875,0.20450705078296488
198,6.6,detected,1,3,0.8580271601676941,ankle_midpoint,1010.5234375,612.11328125,0.9964513778686523,0.9814814329147339,4.012712001800537,3.4004299640655518,4.035192044133783,3.4394623627132854,0.0,0,two_ankles,accepted,4.012712001800537,3.4004299640655518,0.05219993567909113
198,6.6,detected,3,1,0.9296547174453735,ankle_midpoint,839.75927734375,798.3861083984375,0.9860411286354065,0.9794043302536011,2.6518149375915527,9.43606185913086,2.786099725258323,9.4912994773632,0.0,0,two_ankles,accepted,2.6518149375915527,9.43606185913086,0.09353674873878877
199,6.633333333333334,detected,1,3,0.7676329016685486,ankle_midpoint,1000.6795043945312,607.5718994140625,0.9924097061157227,0.9730298519134521,3.932715654373169,3.2041962146759033,3.989077668741507,3.333592596096464,0.0,0,two_ankles,accepted,3.932715654373169,3.2041962146759033,0.2119129538306697
199,6.633333333333334,detected,3,1,0.9043989777565002,ankle_midpoint,801.3470458984375,789.564453125,0.983920156955719,0.9722435474395752,2.390263795852661,9.226093292236328,2.6805427383487728,9.45096179642345,0.0,0,two_ankles,corrected_motion_outlier,2.5515286432371,9.401660186385975,0.3354039338300328
200,6.666666666666667,detected,1,3,0.7698521614074707,ankle_midpoint,1000.7041625976562,607.5867309570312,0.9924218058586121,0.9729310870170593,3.9329123497009277,3.204843759536743,3.9638032751732464,3.27565561964459,0.0,0,two_ankles,accepted,3.9329123497009277,3.204843759536743,0.0006767594836884298
200,6.666666666666667,detected,3,1,0.9048709273338318,ankle_midpoint,801.2625732421875,789.4481201171875,0.9838097095489502,0.9720584750175476,2.3895885944366455,9.223236083984375,2.5496133735883157,9.348485225825865,0.0,0,two_ankles,accepted,2.3895885944366455,9.223236083984375,0.16886197441334821
201,6.7,detected,1,3,0.76601243019104,ankle_midpoint,995.6837768554688,605.0096435546875,0.9936782717704773,0.9768953323364258,3.8919897079467773,3.0919275283813477,3.9314871699213354,3.192977978576131,0.0,0,two_ankles,accepted,3.8919897079467773,3.0919275283813477,0.12010303021355141
201,6.7,detected,3,1,0.9112010598182678,ankle_midpoint,791.431396484375,791.0907592773438,0.9923730492591858,0.9887186288833618,2.3257179260253906,9.26488208770752,2.4488604221849997,9.310863813672611,0.0,0,two_ankles,accepted,2.3257179260253906,9.26488208770752,0.07624861906558467
202,6.733333333333333,detected,1,3,0.6194062829017639,ankle_midpoint,987.4091796875,602.26220703125,0.99662846326828,0.9808789491653442,3.8216333389282227,2.9709160327911377,3.882052945974435,3.0930501029728843,0.0,0,two_ankles,accepted,3.8216333389282227,2.9709160327911377,0.13997785798637744
202,6.733333333333333,detected,3,1,0.8918007612228394,ankle_midpoint,780.141845703125,791.3416748046875,0.9915972352027893,0.9887338876724243,2.25085711479187,9.272466659545898,2.3597589338580915,9.293585094315592,0.0,0,two_ankles,accepted,2.25085711479187,9.272466659545898,0.07524404819327786
203,6.766666666666667,detected,1,3,0.692876935005188,ankle_midpoint,973.406005859375,600.8464965820312,0.9710057377815247,0.905421793460846,3.6972293853759766,2.909935712814331,3.798882343705129,3.0106486274015354,0.0,0,two_ankles,accepted,3.6972293853759766,2.909935712814331,0.1385458158296494
203,6.766666666666667,detected,3,1,0.891435444355011,ankle_midpoint,766.69287109375,789.3221435546875,0.98807692527771,0.9831402897834778,2.1587955951690674,9.224525451660156,2.2693254314480305,9.262508255120647,0.0,0,two_ankles,accepted,2.1587955951690674,9.224525451660156,0.1037963525794796
204,6.8,detected,1,3,0.6959654092788696,ankle_midpoint,973.4052734375,600.89453125,0.9711105227470398,0.9058327078819275,3.6971681118011475,2.9121007919311523,3.7531109393483377,2.9663021014398634,0.0,0,two_ankles,accepted,3.6971681118011475,2.9121007919311523,0.0021659459903395537
204,6.8,detected,3,1,0.8920766711235046,ankle_midpoint,766.7027587890625,789.2376708984375,0.9883363842964172,0.983496904373169,2.1587536334991455,9.222441673278809,2.219568122371032,9.24447829329182,0.0,0,two_ankles,accepted,2.1587536334991455,9.222441673278809,0.002084200835887581
205,6.833333333333333,detected,1,3,0.6359763145446777,ankle_midpoint,963.8441162109375,597.9959716796875,0.9730526208877563,0.9177468419075012,3.6137619018554688,2.7826108932495117,3.690403872476547,2.8836410577542053,0.0,0,two_ankles,accepted,3.6137619018554688,2.7826108932495117,0.15402671754628866
205,6.833333333333333,detected,3,1,0.8553392291069031,ankle_midpoint,753.2655029296875,786.131591796875,0.989389955997467,0.9840578436851501,2.0647172927856445,9.147246360778809,2.1498852490576077,9.200723923660966,0.0,0,two_ankles,accepted,2.0647172927856445,9.147246360778809,0.12040418762135434
206,6.866666666666666,detected,1,3,0.6683706641197205,ankle_midpoint,957.7293701171875,595.69091796875,0.9864621758460999,0.95210200548172,3.5603482723236084,2.6783459186553955,3.6318788524077252,2.7912582451597414,0.0,0,two_ankles,accepted,3.5603482723236084,2.6783459186553955,0.11715033395973963
206,6.866666666666666,detected,3,1,0.887854278087616,ankle_midpoint,753.9217529296875,782.12890625,0.99085533618927,0.9727141261100769,2.063448429107666,9.047079086303711,2.1109886800801343,9.131583746850202,0.0,0,two_ankles,accepted,2.063448429107666,9.047079086303711,0.10017531078465813
207,6.9,detected,1,3,0.47371363639831543,ankle_midpoint,941.0247802734375,598.20849609375,0.951359212398529,0.9104957580566406,3.4066872596740723,2.7966649532318115,3.5305426356775818,2.793691263792173,0.0,0,two_ankles,accepted,3.4066872596740723,2.7966649532318115,0.1939358160618508
207,6.9,detected,3,1,0.9006028175354004,ankle_midpoint,745.8352661132812,776.7889404296875,0.9853253960609436,0.9659804701805115,2.000892162322998,8.912860870361328,2.061445247089423,9.03315845243021,0.0,0,two_ankles,accepted,2.000892162322998,8.912860870361328,0.14808043761682588
208,6.933333333333334,detected,1,3,0.46994712948799133,ankle_midpoint,940.9481201171875,598.1742553710938,0.9506241679191589,0.9100543260574341,3.406012773513794,2.795121669769287,3.4745041977038778,2.7943349464818743,0.0,0,two_ankles,accepted,3.406012773513794,2.795121669769287,0.001684237342570321
208,6.933333333333334,detected,3,1,0.900630533695221,ankle_midpoint,745.8413696289062,776.8035888671875,0.9852625131607056,0.9656487703323364,2.000955820083618,8.913233757019043,2.034225004936811,8.979192339495185,0.0,0,two_ankles,accepted,2.000955820083618,8.913233757019043,0.00037828133708777545
209,6.966666666666667,detected,1,3,0.5020918846130371,ankle_midpoint,936.325439453125,607.0755004882812,0.9391852021217346,0.8900136947631836,3.3595633506774902,3.194417715072632,3.416889171769482,2.789875271324263,0.0,0,two_ankles,corrected_motion_outlier,3.346470806738554,2.784424557242738,0.40198865739808687
209,6.966666666666667,detected,3,1,0.8828594088554382,ankle_midpoint,743.9656372070312,772.295166015625,0.9860407114028931,0.9598603248596191,1.9812371730804443,8.797700881958008,2.0103804806014463,8.897521183603455,0.0,0,two_ankles,accepted,1.9812371730804443,8.797700881958008,0.1172035420092095
210,7.0,detected,1,3,0.36208808422088623,ankle_midpoint,931.8854370117188,609.0487060546875,0.9407367706298828,0.9013267159461975,3.3191304206848145,3.281803607940674,3.372897733781382,3.011243022801648,0.0,0,two_ankles,accepted,3.3191304206848145,3.281803607940674,0.24718811266693064
210,7.0,detected,3,1,0.8788530826568604,ankle_midpoint,736.5540161132812,771.8995971679688,0.988908588886261,0.9559580087661743,1.9299589395523071,8.788445472717285,1.9741907871293338,8.84843711370468,0.0,0,two_ankles,accepted,1.9299589395523071,8.788445472717285,0.052106811780989144
211,7.033333333333333,detected,1,3,0.3599138855934143,ankle_midpoint,931.87890625,608.9862060546875,0.9407474994659424,0.901803731918335,3.319098949432373,3.2790729999542236,3.3486882808243283,3.131766512520307,0.0,0,two_ankles,accepted,3.319098949432373,3.2790729999542236,0.0027307893392562927
211,7.033333333333333,detected,3,1,0.8786019086837769,ankle_midpoint,736.457763671875,771.943359375,0.989038348197937,0.9562616944313049,1.9293724298477173,8.789589881896973,1.9540225263526065,8.821955859391212,0.0,0,two_ankles,accepted,1.9293724298477173,8.789589881896973,0.0012859494562894307
212,7.066666666666666,detected,1,3,0.43734997510910034,ankle_midpoint,931.8013305664062,607.442626953125,0.9492149353027344,0.9104541540145874,3.3190674781799316,3.2114174365997314,3.3353589196343503,3.167609428356048,0.0,0,two_ankles,accepted,3.3190674781799316,3.2114174365997314,0.06765557067421304
212,7.066666666666666,detected,3,1,0.8801920413970947,ankle_midpoint,731.0498657226562,771.555908203125,0.9931279420852661,0.9705645442008972,1.891757607460022,8.780272483825684,1.9260033128509435,8.803198340386725,0.0,0,two_ankles,accepted,1.891757607460022,8.780272483825684,0.03875162925706125
213,7.1,detected,1,3,0.4292975962162018,ankle_midpoint,931.83642578125,607.4000244140625,0.9494783282279968,0.9099786281585693,3.3193984031677246,3.2095377445220947,3.328176687224369,3.186477170630769,0.0,0,two_ankles,accepted,3.3193984031677246,3.2095377445220947,0.0019085999199088374
213,7.1,detected,3,1,0.8797023892402649,ankle_midpoint,731.1262817382812,771.5620727539062,0.9930791258811951,0.9704060554504395,1.8922905921936035,8.78042221069336,1.9108325885551407,8.79294908202471,0.0,0,two_ankles,accepted,1.8922905921936035,8.78042221069336,0.0005536161676965272
214,7.133333333333334,detected,1,3,0.6448695063591003,ankle_midpoint,925.2783203125,599.7933959960938,0.9861021041870117,0.9765053987503052,3.263432741165161,2.8715741634368896,3.31761140784786,3.199116491934237,0.0,0,two_ankles,corrected_motion_outlier,3.304698288609904,3.2145645513051417,0.34256610670543747
214,7.133333333333334,detected,3,1,0.9074286222457886,ankle_midpoint,726.4970703125,774.5656127929688,0.9919575452804565,0.9793441891670227,1.8658121824264526,8.858470916748047,1.8905734057972312,8.822433907650211,0.0,0,two_ankles,accepted,1.8658121824264526,8.858470916748047,0.08241787852528215
215,7.166666666666667,detected,1,3,0.7066380381584167,ankle_midpoint,922.4534912109375,596.150146484375,0.9809620976448059,0.9677671790122986,3.2389392852783203,2.706228256225586,3.282208952691567,2.9773167858653444,0.0,0,two_ankles,accepted,3.2389392852783203,2.706228256225586,0.25485001013382097
215,7.166666666666667,detected,3,1,0.9114453792572021,ankle_midpoint,724.6143188476562,777.2396240234375,0.9927882552146912,0.9650506377220154,1.8576126098632812,8.927112579345703,1.8757410476269536,8.869539309913183,0.0,0,two_ankles,accepted,1.8576126098632812,8.927112579345703,0.06912966681815554
216,7.2,detected,1,3,0.7075761556625366,ankle_midpoint,923.6640625,595.3629150390625,0.9775639176368713,0.9584386944770813,3.2501957416534424,2.669851064682007,3.267803007724411,2.8389572113328425,0.0,0,two_ankles,accepted,3.2501957416534424,2.669851064682007,0.03807896892936138
216,7.2,detected,3,1,0.928011417388916,ankle_midpoint,723.640380859375,777.616455078125,0.9852641820907593,0.976428747177124,1.851657509803772,8.936836242675781,1.8649034556065218,8.899822929656352,0.0,0,two_ankles,accepted,1.851657509803772,8.936836242675781,0.01140231753967032
217,7.233333333333333,detected,1,3,0.7295507788658142,ankle_midpoint,926.1213989257812,589.0186767578125,0.9866538643836975,0.981758713722229,3.2748324871063232,2.374136209487915,3.270966273446272,2.629787760502625,0.0,0,two_ankles,accepted,3.2748324871063232,2.374136209487915,0.296739355005319
217,7.233333333333333,detected,3,1,0.922577440738678,ankle_midpoint,735.6570434570312,781.175048828125,0.9855661392211914,0.9824270009994507,1.938853144645691,9.025420188903809,1.8981808156741478,8.956341696317708,0.0,0,two_ankles,accepted,1.938853144645691,9.025420188903809,0.12429881039179462
218,7.266666666666667,detected,1,3,0.7286474108695984,ankle_midpoint,926.1207275390625,588.9976806640625,0.9866020083427429,0.9817460775375366,3.274833917617798,2.373147487640381,3.2727067133234584,2.5142996377146156,0.0,0,two_ankles,accepted,3.274833917617798,2.373147487640381,0.0009887228823864049
218,7.266666666666667,detected,3,1,0.922572135925293,ankle_midpoint,735.6173706054688,781.2177734375,0.9855345487594604,0.9824129343032837,1.9386537075042725,9.02650260925293,1.9163936169977038,8.987914107138558,0.0,0,two_ankles,accepted,1.9386537075042725,9.02650260925293,0.0011006402616516426
219,7.3,detected,1,3,0.72983318567276,ankle_midpoint,926.12548828125,589.0130004882812,0.9866486191749573,0.9817596673965454,3.274872303009033,2.373868227005005,3.2736812286819674,2.451105502895291,0.0,0,two_ankles,accepted,3.274872303009033,2.373868227005005,0.0007217608121662827
219,7.3,detected,3,1,0.9225725531578064,ankle_midpoint,735.63671875,781.1705932617188,0.9855121970176697,0.982377290725708,1.938708782196045,9.025310516357422,1.9264354413369573,9.004742491287047,0.0,0,two_ankles,accepted,1.938708782196045,9.025310516357422,0.0011933644427391122
220,7.333333333333333,detected,1,3,0.7409248948097229,ankle_midpoint,932.1981201171875,576.190673828125,0.9574729204177856,0.9372094869613647,3.3369874954223633,1.753598690032959,3.274451124545794,2.3882968695886175,0.0,0,two_ankles,corrected_motion_outlier,3.2753921083793602,2.311530762213794,0.6233719560776385
220,7.333333333333333,detected,3,1,0.9290019273757935,ankle_midpoint,747.6722412109375,784.93017578125,0.9911473393440247,0.9897961020469666,2.025472402572632,9.118040084838867,1.9710020738930107,9.055726408385368,0.0,0,two_ankles,accepted,2.025472402572632,9.118040084838867,0.1269909394075323
221,7.366666666666666,detected,1,3,0.7413132190704346,ankle_midpoint,932.1779174804688,576.1778564453125,0.9571758508682251,0.9368776679039001,3.3368027210235596,1.752968430519104,3.275108479687546,2.3257002621139025,0.0,0,two_ankles,corrected_motion_outlier,3.275911913749687,2.2491932974225834,0.3119903580047335
221,7.366666666666666,detected,3,1,0.9288290143013,ankle_midpoint,747.6911010742188,784.939208984375,0.991061806678772,0.9896977543830872,2.0256121158599854,9.118263244628906,1.9955765927781495,9.083867984694962,0.0,0,two_ankles,accepted,2.0256121158599854,9.118263244628906,0.0002632870953035953
222,7.4,detected,1,3,0.7725879549980164,ankle_midpoint,933.7958984375,572.0401611328125,0.9760532975196838,0.960908055305481,3.3542590141296387,1.5461888313293457,3.310726220186488,1.974920118260852,0.0,0,two_ankles,accepted,3.3542590141296387,1.5461888313293457,0.27715928671846024
222,7.4,detected,3,1,0.9281312227249146,ankle_midpoint,754.2844848632812,783.0269775390625,0.9927430152893066,0.9921116828918457,2.067166566848755,9.069584846496582,2.027792081109922,9.07744057250569,0.0,0,two_ankles,accepted,2.067166566848755,9.069584846496582,0.06400280338943846
223,7.433333333333334,detected,1,3,0.7294663190841675,ankle_midpoint,938.634033203125,568.324462890625,0.9886054396629333,0.9817070364952087,3.4026811122894287,1.3569037914276123,3.3521059216328117,1.6968127711858942,0.0,0,two_ankles,accepted,3.4026811122894287,1.3569037914276123,0.19538046453214597
223,7.433333333333334,detected,3,1,0.9203726649284363,ankle_midpoint,767.5083618164062,788.1536865234375,0.990761935710907,0.9931701421737671,2.1627495288848877,9.195572853088379,2.0885229326086567,9.1306000987679,0.0,0,two_ankles,accepted,2.1627495288848877,9.195572853088379,0.15814259526318475
224,7.466666666666667,detected,1,3,0.7317500710487366,ankle_midpoint,938.6362915039062,568.30712890625,0.9887282848358154,0.9818369746208191,3.4027137756347656,1.3560184240341187,3.374879455933691,1.5434553149675954,0.0,0,two_ankles,accepted,3.4027137756347656,1.3560184240341187,0.0008859697035397668
224,7.466666666666667,detected,3,1,0.9205467104911804,ankle_midpoint,767.53466796875,788.1817626953125,0.9908430576324463,0.9932072758674622,2.16296124458313,9.196263313293457,2.12202017299717,9.160148545304402,0.0,0,two_ankles,accepted,2.16296124458313,9.196263313293457,0.0007221903015678786
225,7.5,detected,1,3,0.7937682271003723,ankle_midpoint,940.818359375,564.852783203125,0.9929399490356445,0.9849162101745605,3.425987958908081,1.1779981851577759,3.397878282272167,1.3789996065531767,0.0,0,two_ankles,accepted,3.425987958908081,1.1779981851577759,0.17953521397383304
225,7.5,detected,3,1,0.9209051728248596,ankle_midpoint,774.8773803710938,792.2161865234375,0.9915385842323303,0.9933366775512695,2.216872453689575,9.294547080993652,2.1647036993087525,9.220627886364564,0.0,0,two_ankles,accepted,2.216872453689575,9.294547080993652,0.11209869517824383
226,7.533333333333333,detected,1,3,0.8525817394256592,ankle_midpoint,941.8551635742188,564.0210571289062,0.993749737739563,0.9858967661857605,3.4365925788879395,1.134660005569458,3.4152997157492644,1.2690467861105033,0.0,0,two_ankles,accepted,3.4365925788879395,1.134660005569458,0.04461676562623633
226,7.533333333333333,detected,3,1,0.9259373545646667,ankle_midpoint,785.6610717773438,790.87158203125,0.9917861819267273,0.9931921362876892,2.2870664596557617,9.260233879089355,2.219766941464907,9.23845058309072,0.0,0,two_ankles,accepted,2.2870664596557617,9.260233879089355,0.07813190320545169
227,7.566666666666666,detected,1,3,0.8268313407897949,ankle_midpoint,943.96484375,560.9345703125,0.9896341562271118,0.9786914587020874,3.4593217372894287,0.9729334115982056,3.4351096254423386,1.1357957675799693,0.0,0,two_ankles,accepted,3.4593217372894287,0.9729334115982056,0.16331596933301512
227,7.566666666666666,detected,3,1,0.9080297946929932,ankle_midpoint,803.435546875,799.04052734375,0.9909471273422241,0.9937783479690552,2.41298770904541,9.456334114074707,2.3067162868761333,9.336498172033515,0.0,0,two_ankles,accepted,2.41298770904541,9.456334114074707,0.2330481993261483
228,7.6,detected,1,3,0.8261985778808594,ankle_midpoint,943.9078369140625,560.9160766601562,0.9896266460418701,0.9786576628684998,3.45878005027771,0.9719731211662292,3.445761316618256,1.0620755766937864,0.0,0,two_ankles,accepted,3.45878005027771,0.9719731211662292,0.0011025345946545412
228,7.6,detected,3,1,0.9080576300621033,ankle_midpoint,803.4347534179688,799.0213623046875,0.9909176230430603,0.9937513470649719,2.4129650592803955,9.455873489379883,2.3545282344580514,9.390217064839382,0.0,0,two_ankles,accepted,2.4129650592803955,9.455873489379883,0.00046118122396420635
229,7.633333333333334,detected,1,3,0.6813121438026428,ankle_midpoint,945.261474609375,560.766845703125,0.9842151999473572,0.9779366850852966,3.4720866680145264,0.9638365507125854,3.4576077247465777,1.017868015002246,0.0,0,two_ankles,accepted,3.4720866680145264,0.9638365507125854,0.015597110448440962
229,7.633333333333334,detected,3,1,0.9225266575813293,ankle_midpoint,810.8116455078125,803.4131469726562,0.988143265247345,0.9916679859161377,2.465254783630371,9.559792518615723,2.4043551815855952,9.466526019038735,0.0,0,two_ankles,accepted,2.465254783630371,9.559792518615723,0.11633305596396824
230,7.666666666666667,detected,1,3,0.6002334356307983,ankle_midpoint,947.2161865234375,559.5001831054688,0.9885835647583008,0.9752687215805054,3.4921741485595703,0.8966044783592224,3.4731626154624244,0.9632994235128856,0.0,0,two_ankles,accepted,3.4921741485595703,0.8966044783592224,0.07016878527932033
230,7.666666666666667,detected,3,1,0.9210715889930725,ankle_midpoint,819.0028076171875,807.8043212890625,0.9871419668197632,0.9901944994926453,2.5222280025482178,9.662374496459961,2.4573979510187756,9.554657833878288,0.0,0,two_ankles,accepted,2.5222280025482178,9.662374496459961,0.11734142428101287
231,7.7,detected,1,3,0.6463056802749634,ankle_midpoint,956.4832763671875,562.57958984375,0.9923721551895142,0.9868682622909546,3.5796806812286377,1.0564988851547241,3.5210957450572202,1.005239181251713,0.0,0,two_ankles,accepted,3.5796806812286377,1.0564988851547241,0.1822734609981605
231,7.7,detected,3,1,0.9201345443725586,ankle_midpoint,828.6763916015625,814.2139892578125,0.9836544394493103,0.9887891411781311,2.5894668102264404,9.810239791870117,2.5168289376622246,9.669669714974612,0.0,0,two_ankles,accepted,2.5894668102264404,9.810239791870117,0.16243522661270796
232,7.733333333333333,detected,1,3,0.6513841152191162,ankle_midpoint,956.593505859375,562.613037109375,0.9922783374786377,0.9867017865180969,3.5807182788848877,1.058222770690918,3.547925885279671,1.0290817964993553,0.0,0,two_ankles,accepted,3.5807182788848877,1.058222770690918,0.00201206119145364
232,7.733333333333333,detected,3,1,0.9202322363853455,ankle_midpoint,828.640380859375,814.2235717773438,0.9836869835853577,0.988831102848053,2.589240789413452,9.810465812683105,2.549414270950277,9.733027958943435,0.0,0,two_ankles,accepted,2.589240789413452,9.810465812683105,0.0003196416991066203
233,7.766666666666667,detected,1,3,0.5985757112503052,ankle_midpoint,962.7183837890625,561.8978881835938,0.9847456216812134,0.9665910601615906,3.6410012245178223,1.0195190906524658,3.589809787936839,1.024778578868255,0.0,0,two_ankles,accepted,3.6410012245178223,1.0195190906524658,0.07163803726165469
233,7.766666666666667,detected,3,1,0.91909259557724,ankle_midpoint,829.5112915039062,817.2904663085938,0.980175793170929,0.9846907258033752,2.5968613624572754,9.880782127380371,2.5707654621284264,9.799517334740056,0.0,0,two_ankles,accepted,2.5968613624572754,9.880782127380371,0.07072805133835612
234,7.8,detected,1,3,0.6427519917488098,ankle_midpoint,968.8951416015625,559.4931030273438,0.9815996289253235,0.9642501473426819,3.7040622234344482,0.8916134834289551,3.6412233839107637,0.9648542859205701,0.0,0,two_ankles,accepted,3.7040622234344482,0.8916134834289551,0.1426062198628717
234,7.8,detected,3,1,0.9203944206237793,ankle_midpoint,832.0673828125,820.340087890625,0.9718630909919739,0.9772959351539612,2.6151955127716064,9.949934005737305,2.5907589849178576,9.867204836688819,0.0,0,two_ankles,accepted,2.6151955127716064,9.949934005737305,0.07154106057391536
235,7.833333333333333,detected,1,3,0.7424808740615845,ankle_midpoint,976.029541015625,552.4742431640625,0.9818394184112549,0.9744642376899719,3.7836647033691406,0.5134341716766357,3.690655946697397,0.9101083369233564,0.0,0,two_ankles,corrected_motion_outlier,3.7510735234366144,0.8431966214823173,0.3864662296361883
235,7.833333333333333,detected,3,1,0.9189517498016357,ankle_midpoint,837.534423828125,823.2099609375,0.9838141202926636,0.9883757829666138,2.651837110519409,10.014137268066406,2.6182441414385558,9.933324430808733,0.0,0,two_ankles,accepted,2.651837110519409,10.014137268066406,0.07392337640564867
236,7.866666666666666,detected,1,3,0.7429699897766113,ankle_midpoint,975.8317260742188,552.5345458984375,0.9822489023208618,0.973952054977417,3.7816176414489746,0.5167592763900757,3.7315887093356066,0.7331012596833801,0.0,0,two_ankles,accepted,3.7816176414489746,0.5167592763900757,0.19139652517623915
236,7.866666666666666,detected,3,1,0.9190118908882141,ankle_midpoint,837.55615234375,823.3482666015625,0.9837063550949097,0.9883422255516052,2.652054786682129,10.017248153686523,2.633458931798164,9.97109010610374,0.0,0,two_ankles,accepted,2.652054786682129,10.017248153686523,0.003118491983839029
237,7.9,detected,1,3,0.7479303479194641,ankle_midpoint,980.22021484375,549.4915771484375,0.9847078323364258,0.9835789203643799,3.8297510147094727,0.34915876388549805,3.7757617467538465,0.5603271365743332,0.0,0,two_ankles,accepted,3.8297510147094727,0.34915876388549805,0.17437532340681555
237,7.9,detected,3,1,0.9200835824012756,ankle_midpoint,841.5350341796875,822.60205078125,0.992816686630249,0.9938940405845642,2.6770195960998535,9.999958992004395,2.6530612307339245,9.984081104759035,0.0,0,two_ankles,accepted,2.6770195960998535,9.999958992004395,0.030367035102790423
238,7.933333333333334,detected,1,3,0.6786762475967407,ankle_midpoint,988.427001953125,542.505126953125,0.9824584126472473,0.9784825444221497,3.9236643314361572,-0.043301887810230255,3.8205458149949374,0.41051118254447927,0.0,0,two_ankles,corrected_motion_outlier,3.8752818984007145,0.2274027942857689,0.40354067228476775
238,7.933333333333334,detected,3,1,0.9272440075874329,ankle_midpoint,846.013671875,824.7821044921875,0.9893636703491211,0.9905259609222412,2.706692934036255,10.048447608947754,2.6771954972199734,10.01304603164396,0.0,0,two_ankles,accepted,2.706692934036255,10.048447608947754,0.056847629302968425
239,7.966666666666667,detected,1,3,0.6017062067985535,ankle_midpoint,999.2464599609375,533.1808471679688,0.9859666228294373,0.9913372993469238,4.051988124847412,-0.5852912664413452,3.865665950188596,0.27332222150818153,0.05327975679509356,0,two_ankles,corrected_motion_outlier,3.9208127820919563,0.10564682468603975,0.4802567522430843
239,7.966666666666667,detected,3,1,0.9197530746459961,ankle_midpoint,858.1181640625,826.3221435546875,0.9884536862373352,0.9906736016273499,2.784335136413574,10.081469535827637,2.725408334857094,10.043836608526615,0.0,0,two_ankles,accepted,2.784335136413574,10.081469535827637,0.08437273993927742
240,8.0,detected,1,3,0.6892478466033936,ankle_midpoint,998.41357421875,533.490966796875,0.9744396805763245,0.9828267097473145,4.042757511138916,-0.5668098330497742,3.9109709222061673,0.1430781066183396,0.0,0,two_ankles,corrected_motion_outlier,3.966343665783198,-0.01610914491368942,0.3134698706224886
240,8.0,detected,3,1,0.9190375208854675,ankle_midpoint,858.298095703125,826.256103515625,0.9885053634643555,0.9904255270957947,2.785451889038086,10.079973220825195,2.7524279342385407,10.060098084060977,0.0,0,two_ankles,accepted,2.785451889038086,10.079973220825195,0.0018671087303328206
241,8.033333333333333,detected,1,3,0.8353888988494873,ankle_midpoint,1004.652099609375,529.5748291015625,0.9911519885063171,0.9916518330574036,4.115703105926514,-0.8010098934173584,4.003100404880323,-0.2817614933977245,0.021223783042940703,0,two_ankles,accepted,4.115703105926514,-0.8010098934173584,0.29629551746453814
241,8.033333333333333,detected,3,1,0.9243274331092834,ankle_midpoint,863.5751953125,826.8408203125,0.9691526293754578,0.9742079973220825,2.8191757202148438,10.09239673614502,2.782464437927877,10.074632477498795,0.0,0,two_ankles,accepted,2.8191757202148438,10.09239673614502,0.03593940069255982
242,8.066666666666666,detected,1,3,0.7283884286880493,ankle_midpoint,1010.7191772460938,532.0775146484375,0.9810778498649597,0.9828575849533081,4.172994136810303,-0.6532064080238342,4.079552584248814,-0.44891170497947386,0.0,0,two_ankles,accepted,4.172994136810303,-0.6532064080238342,0.1585185557409636
242,8.066666666666666,detected,3,1,0.9241618514060974,ankle_midpoint,873.0699462890625,829.0032348632812,0.9862604737281799,0.9882664084434509,2.8800249099731445,10.139370918273926,2.8263666503482474,10.103764775847605,0.0,0,two_ankles,accepted,2.8800249099731445,10.139370918273926,0.07687130596601928
243,8.1,detected,1,3,0.8084827661514282,ankle_midpoint,1015.4852294921875,530.8216552734375,0.9724072217941284,0.973514974117279,4.225374698638916,-0.7289866209030151,4.1451725357243605,-0.5749454171450674,0.0,0,two_ankles,accepted,4.225374698638916,-0.7289866209030151,0.09212146287101153
243,8.1,detected,3,1,0.9205400347709656,ankle_midpoint,884.5385131835938,837.7086181640625,0.9910305738449097,0.9946119785308838,2.9541218280792236,10.328969955444336,2.8838564803271867,10.205107106666134,0.0,0,two_ankles,accepted,2.9541218280792236,10.328969955444336,0.20356362191896066
244,8.133333333333333,detected,1,3,0.8129873871803284,ankle_midpoint,1015.576416015625,531.1087646484375,0.9727067947387695,0.9738861322402954,4.225621223449707,-0.7118991613388062,4.181374445200767,-0.6365746020322498,0.0,0,two_ankles,accepted,4.225621223449707,-0.7118991613388062,0.01708923780748611
244,8.133333333333333,detected,3,1,0.9204483032226562,ankle_midpoint,884.6033935546875,837.904052734375,0.9910858273506165,0.9945977926254272,2.954561233520508,10.333200454711914,2.9156736192641812,10.262749113286736,0.0,0,two_ankles,accepted,2.954561233520508,10.333200454711914,0.004253257715541018
245,8.166666666666666,detected,1,3,0.7629626989364624,ankle_midpoint,1018.4256591796875,530.7640380859375,0.9805843830108643,0.9877903461456299,4.2560343742370605,-0.7331036329269409,4.214971413267099,-0.6800126659348609,0.0,0,two_ankles,accepted,4.2560343742370605,-0.7331036329269409,0.0370754549014077
245,8.166666666666666,detected,3,1,0.9286399483680725,ankle_midpoint,892.04638671875,842.5735473632812,0.9859165549278259,0.9910526871681213,3.0016441345214844,10.43295669555664,2.954360351129968,10.339342525308194,0.0,0,two_ankles,accepted,3.0016441345214844,10.43295669555664,0.11030914356543094
246,8.2,detected,1,3,0.7075251340866089,ankle_midpoint,1018.8157958984375,530.781005859375,0.9791316986083984,0.9894133806228638,4.260040760040283,-0.7321820259094238,4.235252619315032,-0.7034888779234143,0.0,0,two_ankles,accepted,4.260040760040283,-0.7321820259094238,0.0041110201530764594
246,8.2,detected,3,1,0.9267923831939697,ankle_midpoint,896.92431640625,850.9791259765625,0.9865260720252991,0.9888940453529358,3.032566785812378,10.610528945922852,2.989553246737053,10.461376414584791,0.0,0,two_ankles,accepted,3.032566785812378,10.610528945922852,0.18024459621020128
247,8.233333333333333,detected,1,3,0.6006832718849182,ankle_midpoint,1024.9974365234375,538.6319580078125,0.9353465437889099,0.9653871655464172,4.30374002456665,-0.27310457825660706,4.256896264208887,-0.7257986111142292,0.0,0,two_ankles,corrected_motion_outlier,4.283349607968043,-0.7530660627918917,0.46115260886562287
247,8.233333333333333,detected,3,1,0.9210888147354126,ankle_midpoint,907.4298706054688,866.2816772460938,0.9777376651763916,0.9799790382385254,3.097010612487793,10.92408275604248,3.025116651813997,10.577401495024915,0.0,0,two_ankles,corrected_motion_outlier,3.068583035796928,10.719209926673956,0.32010779221553987
248,8.266666666666667,detected,1,3,0.5971192121505737,ankle_midpoint,1024.949951171875,538.6060791015625,0.9345006942749023,0.9653474688529968,4.303321838378906,-0.2745867669582367,4.277787772585396,-0.5227532812440326,0.0,0,two_ankles,accepted,4.303321838378906,-0.2745867669582367,0.22981877249082483
248,8.266666666666667,detected,3,1,0.921036422252655,ankle_midpoint,907.425537109375,866.26220703125,0.9776414036750793,0.9798935651779175,3.096984624862671,10.923690795898438,3.0574572396859008,10.733231680418001,0.0,0,two_ankles,accepted,3.096984624862671,10.923690795898438,0.15985931492099612
249,8.3,detected,1,3,0.6022031307220459,ankle_midpoint,1024.9952392578125,538.6409301757812,0.9350232481956482,0.9650205373764038,4.303694725036621,-0.27258652448654175,4.289445901188447,-0.4101782407031618,0.0,0,two_ankles,accepted,4.303694725036621,-0.27258652448654175,0.00203470253478833
249,8.3,detected,3,1,0.9211194515228271,ankle_midpoint,907.4315185546875,866.2928466796875,0.9777177572250366,0.9799625873565674,3.097020387649536,10.924307823181152,3.0752606562695366,10.81921594466142,0.0,0,two_ankles,accepted,3.097020387649536,10.924307823181152,0.0006180628160137381
250,8.333333333333334,detected,1,3,0.42729824781417847,ankle_midpoint,1030.42529296875,547.4736938476562,0.9410958290100098,0.9780646562576294,4.335886001586914,0.2264259159564972,4.30256364647844,-0.32849435041110614,0.0,0,two_ankles,corrected_motion_outlier,4.3185964462773185,-0.22865848449859366,0.5000496915336065
250,8.333333333333334,detected,3,1,0.9258744716644287,ankle_midpoint,916.7181396484375,873.6805419921875,0.9891530275344849,0.9852936863899231,3.152470827102661,11.070980072021484,3.1100052331444425,10.932509801973449,0.0,0,two_ankles,accepted,3.152470827102661,11.070980072021484,0.15680401721711393
251,8.366666666666667,detected,1,3,0.33729538321495056,ankle_midpoint,1031.68310546875,547.0850830078125,0.9518169164657593,0.979051947593689,4.349505424499512,0.2045239359140396,4.323687446587923,-0.08863612156479057,0.0,0,two_ankles,accepted,4.349505424499512,0.2045239359140396,0.23965235843244584
251,8.366666666666667,detected,3,1,0.9224221706390381,ankle_midpoint,924.22705078125,875.4974365234375,0.986567497253418,0.9854210019111633,3.197136640548706,11.10606861114502,3.1492143664763614,11.010611266100657,0.0,0,two_ankles,accepted,3.197136640548706,11.10606861114502,0.05680000412518246
252,8.4,detected,1,3,0.33288949728012085,ankle_midpoint,1031.6873779296875,547.14306640625,0.9516640901565552,0.9790422320365906,4.349396705627441,0.20775173604488373,4.335256613155707,0.04473841435956287,0.0,0,two_ankles,accepted,4.349396705627441,0.20775173604488373,0.003229630548193018
252,8.4,detected,3,1,0.922257125377655,ankle_midpoint,924.2298583984375,875.4510498046875,0.9866315722465515,0.9854941368103027,3.197159767150879,11.10515308380127,3.1707897967798946,11.053155084065933,0.0,0,two_ankles,accepted,3.197159767150879,11.10515308380127,0.0009158193909729101
253,8.433333333333334,detected,1,3,0.36671993136405945,ankle_midpoint,1032.4205322265625,546.777099609375,0.9421479105949402,0.9763071537017822,4.357711315155029,0.1871982365846634,4.345361229055402,0.10884533436085811,0.0,0,two_ankles,accepted,4.357711315155029,0.1871982365846634,0.022171582524879295
253,8.433333333333334,detected,3,1,0.9264023900032043,ankle_midpoint,925.328125,874.9695434570312,0.9881407022476196,0.9862673282623291,3.203784227371216,11.095528602600098,3.1856372905459893,11.072223167406307,0.0,0,two_ankles,accepted,3.203784227371216,11.095528602600098,0.011683925350777323
254,8.466666666666667,detected,1,3,0.34893906116485596,ankle_midpoint,1031.9691162109375,545.1746826171875,0.9524533152580261,0.9839044809341431,4.357397079467773,0.09764658659696579,4.3507773617409695,0.10380589786710658,0.0,0,two_ankles,accepted,4.357397079467773,0.09764658659696579,0.08955220131066709
254,8.466666666666667,detected,3,1,0.9129365682601929,ankle_midpoint,924.83837890625,871.1082763671875,0.9909343123435974,0.983405590057373,3.2014052867889404,11.01895809173584,3.1927328888553177,11.048253883354597,0.0,0,two_ankles,accepted,3.2014052867889404,11.01895809173584,0.07660745715860448
255,8.5,detected,1,3,0.35452699661254883,ankle_midpoint,1031.916015625,545.2083740234375,0.9523261785507202,0.9838676452636719,4.356773376464844,0.09954946488142014,4.353475568366713,0.10189050302354768,0.0,0,two_ankles,accepted,4.356773376464844,0.09954946488142014,0.002002486254961922
255,8.5,detected,3,1,0.9127151370048523,ankle_midpoint,924.8175659179688,871.1087646484375,0.9909385442733765,0.9834490418434143,3.201280355453491,11.018969535827637,3.196579248824496,11.035075926967465,0.0,0,two_ankles,accepted,3.201280355453491,11.018969535827637,0.00012545439734891928
256,8.533333333333333,detected,1,3,0.5094487071037292,ankle_midpoint,1032.077880859375,544.6561279296875,0.9468576908111572,0.9784727096557617,4.359863758087158,0.06848254799842834,4.356350253740914,0.08685692326224398,0.0,0,two_ankles,accepted,4.359863758087158,0.06848254799842834,0.031220246366520866
256,8.533333333333333,detected,3,1,0.9202335476875305,ankle_midpoint,921.4341430664062,867.677978515625,0.9962724447250366,0.986798107624054,3.1813805103302,10.950647354125977,3.189739816502063,10.997083069188797,0.0,0,two_ankles,accepted,3.1813805103302,10.950647354125977,0.07116125595017021
257,8.566666666666666,detected,1,3,0.5864536762237549,ankle_midpoint,1034.784423828125,543.7462158203125,0.9165286421775818,0.9731369614601135,4.389611721038818,0.01659506745636463,4.371317914024971,0.05523908814959828,0.0,0,two_ankles,accepted,4.389611721038818,0.01659506745636463,0.059810132392232554
257,8.566666666666666,detected,3,1,0.9227086305618286,ankle_midpoint,914.795166015625,861.7603149414062,0.9973289966583252,0.984900951385498,3.141779899597168,10.831511497497559,3.1681578538948605,10.92257586192774,0.0,0,two_ankles,accepted,3.141779899597168,10.831511497497559,0.12554505448250883
258,8.6,detected,1,3,0.5587829351425171,ankle_midpoint,1035.7142333984375,542.9483642578125,0.9545155167579651,0.9776932597160339,4.401187419891357,-0.02874262072145939,4.384759191664845,0.017447319157622328,0.0,0,two_ankles,accepted,4.401187419891357,-0.02874262072145939,0.046792122982765784
258,8.6,detected,3,1,0.9386119842529297,ankle_midpoint,902.0145263671875,856.5564575195312,0.994766116142273,0.9769982099533081,3.0640487670898438,10.726067543029785,3.1213087648326034,10.834147118423662,0.0,0,two_ankles,accepted,3.0640487670898438,10.726067543029785,0.1309983072206396
259,8.633333333333333,detected,1,3,0.5569063425064087,ankle_midpoint,1035.718505859375,542.9390869140625,0.9544256329536438,0.9776361584663391,4.401256084442139,-0.029269231483340263,4.392182793414627,-0.003575128630810838,0.0,0,two_ankles,accepted,4.401256084442139,-0.029269231483340263,0.0005310684655133894
259,8.633333333333333,detected,3,1,0.9383820295333862,ankle_midpoint,902.0933837890625,856.619140625,0.994804322719574,0.9772233366966248,3.0645322799682617,10.727354049682617,3.09575934664365,10.786090237490193,0.0,0,two_ankles,accepted,3.0645322799682617,10.727354049682617,0.001374366789244089
260,8.666666666666666,detected,1,3,0.612079381942749,ankle_midpoint,1031.5074462890625,542.4363403320312,0.9186652302742004,0.9571639895439148,4.359991550445557,-0.056843165308237076,4.377696734078546,-0.027545745135652645,0.0,0,two_ankles,accepted,4.359991550445557,-0.056843165308237076,0.04962946294828167
260,8.666666666666666,detected,3,1,0.9109687209129333,ankle_midpoint,880.0574951171875,846.341796875,0.9895827770233154,0.9672854542732239,2.927849292755127,10.514668464660645,3.0201998223938147,10.663950439716896,0.0,0,two_ankles,accepted,2.927849292755127,10.514668464660645,0.2528189017254144
261,8.7,detected,1,3,0.6149030923843384,ankle_midpoint,1031.5777587890625,542.39453125,0.9186442494392395,0.9574170708656311,4.360814571380615,-0.0592329315841198,4.370099760864477,-0.041804979037462865,0.0,0,two_ankles,accepted,4.360814571380615,-0.0592329315841198,0.002527517816532871
261,8.7,detected,3,1,0.911066472530365,ankle_midpoint,880.01025390625,846.3638916015625,0.9894633293151855,0.9668667912483215,2.9275615215301514,10.515142440795898,2.9785125870051665,10.596986840202447,0.0,0,two_ankles,accepted,2.9275615215301514,10.515142440795898,0.0005544958563543812
262,8.733333333333333,detected,1,3,0.6414985060691833,ankle_midpoint,1020.579345703125,541.7509765625,0.9747728705406189,0.9909389019012451,4.25099515914917,-0.09336221218109131,4.316502690092589,-0.06500573395209566,0.0,0,two_ankles,accepted,4.25099515914917,-0.09336221218109131,0.11500048302910269
262,8.733333333333333,detected,3,1,0.8656094074249268,ankle_midpoint,860.3926391601562,840.5198364257812,0.976407527923584,0.957321286201477,2.8040413856506348,10.392532348632812,2.9000005463956278,10.504982318996113,0.0,0,two_ankles,accepted,2.8040413856506348,10.392532348632812,0.1740415429371237
263,8.766666666666667,detected,1,3,0.6778941750526428,ankle_midpoint,1014.9887084960938,543.256591796875,0.9722607135772705,0.9892545938491821,4.190825939178467,-0.0066637564450502396,4.259948152181234,-0.03875184407392522,0.0,0,two_ankles,accepted,4.190825939178467,-0.0066637564450502396,0.1055317831693236
263,8.766666666666667,detected,3,1,0.9044833183288574,ankle_midpoint,852.9569702148438,861.5908203125,0.9482322931289673,0.9080405235290527,2.7663657665252686,10.835004806518555,2.825272623331622,10.41496501519736,0.0,0,two_ankles,corrected_motion_outlier,2.7339384951422803,10.304943866109998,0.44407356177094076
264,8.8,detected,1,3,0.7631267309188843,ankle_midpoint,1008.4038696289062,543.72021484375,0.9728241562843323,0.9880457520484924,4.123262882232666,0.021007029339671135,4.198439780704379,-0.011860351037806862,0.0,0,two_ankles,accepted,4.123262882232666,0.021007029339671135,0.0730098558401909
264,8.8,detected,3,1,0.8945145606994629,ankle_midpoint,850.35546875,854.9114990234375,0.9708397388458252,0.9502219557762146,2.747737169265747,10.697860717773438,2.7903816690019783,10.542268081356596,0.0,0,two_ankles,accepted,2.747737169265747,10.697860717773438,0.1552381861727246
265,8.833333333333334,detected,1,3,0.7036154866218567,ankle_midpoint,991.874267578125,542.5892944335938,0.9792506694793701,0.9864800572395325,3.958406448364258,-0.039298444986343384,4.090424781151325,-0.024207493314648297,0.0,0,two_ankles,accepted,3.958406448364258,-0.039298444986343384,0.17554029173239527
265,8.833333333333334,detected,3,1,0.8657064437866211,ankle_midpoint,815.60107421875,820.3194580078125,0.9466469883918762,0.9282840490341187,2.509788990020752,9.951448440551758,2.7462525916066705,10.610709745676077,0.11500658323885005,0,two_ankles,corrected_motion_outlier,2.692317052567961,10.694360668733218,0.7834223787927314
266,8.866666666666667,detected,1,3,0.709729790687561,ankle_midpoint,991.9046020507812,542.612060546875,0.9789319634437561,0.986388623714447,3.958672046661377,-0.03801410272717476,4.031136050630848,-0.030420467550285206,0.0,0,two_ankles,accepted,3.958672046661377,-0.03801410272717476,0.0013115172488835038
266,8.866666666666667,detected,3,1,0.8671263456344604,ankle_midpoint,811.1585083007812,819.2529296875,0.9505875110626221,0.9316802024841309,2.480501174926758,9.92775821685791,2.697042546525248,10.646777638983691,0.128963998689126,0,two_ankles,corrected_motion_outlier,2.6368969358701757,10.690860619692996,0.40757604768518296
267,8.9,detected,1,3,0.4426446259021759,ankle_midpoint,981.9246826171875,542.4150390625,0.9816035032272339,0.9845229387283325,3.8579912185668945,-0.04695922136306763,3.953220876202069,-0.0378629067660373,0.0,0,two_ankles,accepted,3.8579912185668945,-0.04695922136306763,0.10107741732553775
267,8.9,detected,3,1,0.8740778565406799,ankle_midpoint,768.4454345703125,818.7752685546875,0.9586035013198853,0.9496636390686035,2.2062110900878906,9.922041893005371,2.645037969216462,10.665039958234779,0.20237142477988668,0,two_ankles,corrected_motion_outlier,2.58147681917239,10.687360570652777,0.3153737365402526
268,8.933333333333334,detected,1,3,0.7106508612632751,ankle_midpoint,972.2546997070312,544.4422607421875,0.9868974089622498,0.9898232817649841,3.757256269454956,0.0697510689496994,3.8650368031658684,0.010563382306044214,0.0,0,two_ankles,accepted,3.757256269454956,0.0697510689496994,0.1541714040847887
268,8.933333333333334,detected,3,1,0.8888264298439026,ankle_midpoint,759.9806518554688,809.3518676757812,0.9427261352539062,0.92454993724823,2.140126943588257,9.705836296081543,2.4178280076837697,10.233398310265823,0.4014148394043192,0,two_ankles,accepted,2.140126943588257,9.705836296081543,0.2908288413720547
269,8.966666666666667,detected,1,3,0.6925100088119507,ankle_midpoint,951.10400390625,548.3551635742188,0.9667238593101501,0.9771856069564819,3.5403668880462646,0.2927875816822052,3.778820706817171,0.053739848880047326,0.0,0,two_ankles,corrected_motion_outlier,3.673445477946541,0.1065110858038289,0.31110494978338427
269,8.966666666666667,detected,3,1,0.8294711709022522,ankle_midpoint,747.03466796875,804.9364624023438,0.9701725840568542,0.9578224420547485,2.049936532974243,9.603754043579102,2.252276844064483,9.9500583902568,0.0,0,two_ankles,accepted,2.049936532974243,9.603754043579102,0.1362170930635968
270,9.0,detected,1,3,0.6973292827606201,ankle_midpoint,951.1373901367188,548.3650512695312,0.9670594334602356,0.977581799030304,3.540691375732422,0.2933274805545807,3.6716625078290344,0.16155428313358736,0.0,0,two_ankles,accepted,3.540691375732422,0.2933274805545807,0.15563319457876573
270,9.0,detected,3,1,0.8311755657196045,ankle_midpoint,746.99072265625,805.1361083984375,0.969950258731842,0.9581266641616821,2.049928665161133,9.60847282409668,2.1612201635579757,9.796344885484746,0.0,0,two_ankles,accepted,2.049928665161133,9.60847282409668,0.004718787076734658
271,9.033333333333333,detected,1,3,0.7316808104515076,ankle_midpoint,941.8885498046875,553.1921997070312,0.957862138748169,0.9661135077476501,3.4446630477905273,0.5598599910736084,3.5695127508117066,0.34079185170659687,0.0,0,two_ankles,accepted,3.4446630477905273,0.5598599910736084,0.28330375735399566
271,9.033333333333333,detected,3,1,0.8086420893669128,ankle_midpoint,759.9846801757812,808.755126953125,0.9496431350708008,0.9035847783088684,2.1393954753875732,9.69189453125,2.1513990538812946,9.749342226079111,0.0,0,two_ankles,accepted,2.1393954753875732,9.69189453125,0.12232535042446532
272,9.066666666666666,detected,1,3,0.611588180065155,ankle_midpoint,932.8312377929688,558.0467529296875,0.9668207764625549,0.9766040444374084,3.3523778915405273,0.8225885629653931,3.471802064139676,0.5576003717730552,0.0,0,two_ankles,accepted,3.3523778915405273,0.8225885629653931,0.2784651729613303
272,9.066666666666666,detected,3,1,0.8215408325195312,ankle_midpoint,746.4756469726562,806.2269287109375,0.9443135261535645,0.8662083148956299,2.048092842102051,9.634249687194824,2.104911258580635,9.697550583581183,0.0,0,two_ankles,accepted,2.048092842102051,9.634249687194824,0.10797730729656176
273,9.1,detected,1,3,0.6356724500656128,ankle_midpoint,916.4405517578125,563.7744140625,0.9775161743164062,0.9844473600387573,3.1905441284179688,1.1271917819976807,3.3761324118362093,0.7574927288996693,0.0,0,two_ankles,corrected_motion_outlier,3.259202836798638,1.0018056098321977,0.3449250468308154
273,9.1,detected,3,1,0.8406574726104736,ankle_midpoint,732.8499755859375,797.5908203125,0.9848384857177734,0.9621085524559021,1.9459986686706543,9.430296897888184,2.0334005931211436,9.577286425019334,0.0,0,two_ankles,accepted,1.9459986686706543,9.430296897888184,0.22807884714413787
274,9.133333333333333,detected,1,3,0.639926552772522,ankle_midpoint,916.4327392578125,563.697998046875,0.9770765900611877,0.9844999313354492,3.1904842853546143,1.1232216358184814,3.292590754919492,0.9220707370131349,0.0,0,two_ankles,accepted,3.1904842853546143,1.1232216358184814,0.17072623130099976
274,9.133333333333333,detected,3,1,0.8350816369056702,ankle_midpoint,733.0859375,797.445068359375,0.9848495721817017,0.9628432393074036,1.9473289251327515,9.42675495147705,1.9946683425263672,9.509547261925306,0.0,0,two_ankles,accepted,1.9473289251327515,9.42675495147705,0.003783512473124396
275,9.166666666666666,detected,1,3,0.7195979356765747,ankle_midpoint,912.7047119140625,564.370849609375,0.9668684005737305,0.9742432832717896,3.154273509979248,1.158934473991394,3.2303479946963822,1.0286594186533518,0.0,0,two_ankles,accepted,3.154273509979248,1.158934473991394,0.05085889365341986
275,9.166666666666666,detected,3,1,0.8201099634170532,ankle_midpoint,719.7015380859375,788.1473388671875,0.9906938672065735,0.976045548915863,1.8432823419570923,9.201505661010742,1.9265446422701937,9.370928541513752,0.0,0,two_ankles,accepted,1.8432823419570923,9.201505661010742,0.24811879075576848
276,9.2,detected,1,3,0.589033305644989,ankle_midpoint,907.6905517578125,568.3880615234375,0.9332970380783081,0.9647387266159058,3.105607271194458,1.3665765523910522,3.1742146691205164,1.180722128835317,0.0,0,two_ankles,accepted,3.105607271194458,1.3665765523910522,0.2132689276936235
276,9.2,detected,3,1,0.8509949445724487,ankle_midpoint,715.8857421875,777.50341796875,0.9926387071609497,0.9812794923782349,1.7988768815994263,8.934965133666992,1.8690941499683484,9.174745007982711,0.0,0,two_ankles,accepted,1.7988768815994263,8.934965133666992,0.2702141699213063
277,9.233333333333333,detected,1,3,0.7280282974243164,ankle_midpoint,906.7179565429688,573.1419677734375,0.9038800597190857,0.9404570460319519,3.0961825847625732,1.6070419549942017,3.1391002311594423,1.3725660506068151,0.0,0,two_ankles,accepted,3.0961825847625732,1.6070419549942017,0.24065002506427063
277,9.233333333333333,detected,3,1,0.9088074564933777,ankle_midpoint,696.8785400390625,774.84716796875,0.9781556129455566,0.9750292897224426,1.6647062301635742,8.869562149047852,1.7771195860562004,9.037412721462026,0.0,0,two_ankles,accepted,1.6647062301635742,8.869562149047852,0.149262567657844
278,9.266666666666667,detected,1,3,0.7289893627166748,ankle_midpoint,906.7119140625,573.0986328125,0.9040778279304504,0.9404629468917847,3.096125841140747,1.6048732995986938,3.1197617556510298,1.4771043126531607,0.0,0,two_ankles,accepted,3.096125841140747,1.6048732995986938,0.0021693976267810147
278,9.266666666666667,detected,3,1,0.9090606570243835,ankle_midpoint,696.8603515625,774.889404296875,0.9780871868133545,0.9750168323516846,1.664666771888733,8.870647430419922,1.7265158196808401,8.962368340493079,0.0,0,two_ankles,accepted,1.664666771888733,8.870647430419922,0.0010859984401537014
279,9.3,detected,1,3,0.7262474298477173,ankle_midpoint,906.7537841796875,573.16552734375,0.9039307832717896,0.9404600262641907,3.096522808074951,1.6082141399383545,3.1093042292417947,1.536103734931498,0.0,0,two_ankles,accepted,3.096522808074951,1.6082141399383545,0.0033643419745851126
279,9.3,detected,3,1,0.9088165760040283,ankle_midpoint,696.860595703125,774.8643798828125,0.9778721928596497,0.9747080206871033,1.6646184921264648,8.87000560760498,1.6986620222813713,8.920805110693435,0.0,0,two_ankles,accepted,1.6646184921264648,8.87000560760498,0.0006436361248593584
280,9.333333333333334,detected,1,3,0.8010401129722595,ankle_midpoint,901.9913330078125,573.60986328125,0.9682068228721619,0.9746251106262207,3.051271677017212,1.6314150094985962,3.083189580740733,1.5789938084866924,0.0,0,two_ankles,accepted,3.051271677017212,1.6314150094985962,0.050852189828522076
280,9.333333333333334,detected,3,1,0.9199445247650146,ankle_midpoint,680.6586303710938,771.68017578125,0.9896560907363892,0.9817795157432556,1.5474717617034912,8.790104866027832,1.6306264050213253,8.861990000593915,0.0,0,two_ankles,accepted,1.5474717617034912,8.790104866027832,0.14180086372575842
281,9.366666666666667,detected,1,3,0.7813743948936462,ankle_midpoint,897.4820556640625,570.63916015625,0.8933374285697937,0.930141031742096,3.007977247238159,1.4830172061920166,3.049344030664575,1.5358043374540884,0.0,0,two_ankles,accepted,3.007977247238159,1.4830172061920166,0.15458433192310148
281,9.366666666666667,detected,3,1,0.9184243679046631,ankle_midpoint,674.696044921875,771.3305053710938,0.9929532408714294,0.9893278479576111,1.5059341192245483,8.78183650970459,1.5745148764127759,8.82592092969372,0.0,0,two_ankles,accepted,1.5059341192245483,8.78183650970459,0.04235258503322528
282,9.4,detected,1,3,0.7204979062080383,ankle_midpoint,897.8828125,572.458251953125,0.9609642624855042,0.9727856516838074,3.0120739936828613,1.5745775699615479,3.032572514022804,1.5532522920824452,0.0,0,two_ankles,accepted,3.0120739936828613,1.5745775699615479,0.09165196967354859
282,9.4,detected,3,1,0.9121481776237488,ankle_midpoint,667.8541259765625,771.1875,0.9938157796859741,0.9914661645889282,1.458815336227417,8.779030799865723,1.5224500833293644,8.804820371271122,0.0,0,two_ankles,accepted,1.458815336227417,8.779030799865723,0.04720224273094098
283,9.433333333333334,detected,1,3,0.7026594281196594,ankle_midpoint,904.68701171875,579.679443359375,0.9863266944885254,0.9919713735580444,3.076995372772217,1.9306275844573975,3.014260979222695,1.5732659723572193,0.0,0,two_ankles,corrected_motion_outlier,2.991880214467006,1.5977271371374981,0.3619204308758467
283,9.433333333333334,detected,3,1,0.910137414932251,ankle_midpoint,656.4174194335938,771.0931396484375,0.9915627241134644,0.9928293824195862,1.380362868309021,8.778088569641113,1.45851083657021,8.792791060537619,0.0,0,two_ankles,accepted,1.380362868309021,8.778088569641113,0.07845812590345962
284,9.466666666666667,detected,1,3,0.7030341625213623,ankle_midpoint,904.7196044921875,579.6689453125,0.9863073229789734,0.9919689297676086,3.077301263809204,1.9301085472106934,3.0426291072866243,1.7338451310412828,0.0,0,two_ankles,accepted,3.077301263809204,1.9301085472106934,0.1807324490454518
284,9.466666666666667,detected,3,1,0.910162091255188,ankle_midpoint,656.4437255859375,771.1007080078125,0.9915778636932373,0.9928427934646606,1.380561113357544,8.778281211853027,1.4234334611245103,8.786261628629553,0.0,0,two_ankles,accepted,1.380561113357544,8.778281211853027,0.000276427424607272
285,9.5,detected,1,3,0.7707094550132751,ankle_midpoint,907.310302734375,584.8693237304688,0.9803513884544373,0.9884927868843079,3.1014745235443115,2.1808879375457764,3.0691095446025836,1.9350143939683049,0.0,0,two_ankles,accepted,3.1014745235443115,2.1808879375457764,0.2519417573628018
285,9.5,detected,3,1,0.9042873382568359,ankle_midpoint,654.5653076171875,772.3473510742188,0.9803522825241089,0.989747166633606,1.370733618736267,8.810770034790039,1.3997185320498011,8.797290411401772,0.0,0,two_ankles,accepted,1.370733618736267,8.810770034790039,0.03394264672007362
286,9.533333333333333,detected,1,3,0.7714889645576477,ankle_midpoint,914.0614624023438,587.839599609375,0.9726064205169678,0.9841655492782593,3.163787364959717,2.320855140686035,3.111714563763294,2.108642729991284,0.0,0,two_ankles,accepted,3.163787364959717,2.320855140686035,0.15321131864248122
286,9.533333333333333,detected,3,1,0.9202075004577637,ankle_midpoint,655.1796875,774.9219970703125,0.9567938446998596,0.9896904230117798,1.3811209201812744,8.876921653747559,1.3913496067089643,8.833124470457376,0.0,0,two_ankles,accepted,1.3811209201812744,8.876921653747559,0.06696217381485094
287,9.566666666666666,detected,1,3,0.7282616496086121,ankle_midpoint,924.4595336914062,594.31298828125,0.9838206768035889,0.9881319403648376,3.257781982421875,2.6213254928588867,3.1471109953905074,2.2665467240662913,0.0,0,two_ankles,corrected_motion_outlier,3.1903733007126576,2.459540494602411,0.3148291928121261
287,9.566666666666666,detected,3,1,0.9207759499549866,ankle_midpoint,658.401123046875,779.0538940429688,0.9873325228691101,0.9966287016868591,1.4127568006515503,8.981800079345703,1.4009828439831282,8.900028494457125,0.0,0,two_ankles,accepted,1.4127568006515503,8.981800079345703,0.1095459405412867
288,9.6,detected,1,3,0.7308940887451172,ankle_midpoint,924.43115234375,594.3935546875,0.9837818145751953,0.9881607294082642,3.2574970722198486,2.625049591064453,3.1967847299637113,2.4278730142154643,0.0,0,two_ankles,accepted,3.2574970722198486,2.625049591064453,0.1591506934290638
288,9.6,detected,3,1,0.9207727313041687,ankle_midpoint,658.4178466796875,779.0139770507812,0.9872704744338989,0.9966059923171997,1.4127765893936157,8.980786323547363,1.4062900294178475,8.936369517547732,0.0,0,two_ankles,accepted,1.4127765893936157,8.980786323547363,0.001013948920301307
289,9.633333333333333,detected,1,3,0.7754480838775635,ankle_midpoint,929.0521240234375,597.6844482421875,0.9794307351112366,0.9835473895072937,3.298369884490967,2.775096893310547,3.2424980495009765,2.584123759808252,0.0,0,two_ankles,accepted,3.298369884490967,2.775096893310547,0.1555145642513288
289,9.633333333333333,detected,3,1,0.9208889603614807,ankle_midpoint,659.1672973632812,780.4031372070312,0.9865171909332275,0.9965728521347046,1.4210789203643799,9.015822410583496,1.4129450303437872,8.972123319413825,0.0,0,two_ankles,accepted,1.4210789203643799,9.015822410583496,0.03600633408654071
290,9.666666666666666,detected,1,3,0.6418319940567017,ankle_midpoint,934.5689697265625,603.2780151367188,0.9791620969772339,0.9830880761146545,3.3457119464874268,3.0263867378234863,3.2889443031448797,2.7831420999151075,0.0,0,two_ankles,accepted,3.3457119464874268,3.0263867378234863,0.2557104940932498
290,9.666666666666666,detected,3,1,0.9216544032096863,ankle_midpoint,657.4998779296875,780.4058837890625,0.974327027797699,0.9946469664573669,1.4098271131515503,9.016107559204102,1.4115419676072807,8.99191622731945,0.0,0,two_ankles,accepted,1.4098271131515503,9.016107559204102,0.011255419818492653
291,9.7,detected,1,3,0.5125924944877625,ankle_midpoint,940.9329833984375,608.5413818359375,0.9600464105606079,0.9734305739402771,3.3998026847839355,3.2579195499420166,3.338830574882455,2.9967919524272166,0.0,0,two_ankles,accepted,3.3998026847839355,3.2579195499420166,0.2377672203163759
291,9.7,detected,3,1,0.914373517036438,ankle_midpoint,667.38671875,775.971435546875,0.9854362607002258,0.994560182094574,1.4665656089782715,8.902191162109375,1.4363026062242266,8.951539947974917,0.0,0,two_ankles,accepted,1.4665656089782715,8.902191162109375,0.12726430149779744
292,9.733333333333333,detected,1,3,0.5156632661819458,ankle_midpoint,940.9481201171875,608.5980224609375,0.9600639939308167,0.9734627604484558,3.399904727935791,3.260396957397461,3.3663139437564564,3.1154142046638267,0.0,0,two_ankles,accepted,3.399904727935791,3.260396957397461,0.0024795081175773104
292,9.733333333333333,detected,3,1,0.9143277406692505,ankle_midpoint,667.3467407226562,775.9276123046875,0.985474705696106,0.9945526719093323,1.4661943912506104,8.901076316833496,1.4497539094860992,8.928831313961279,0.0,0,two_ankles,accepted,1.4661943912506104,8.901076316833496,0.0011750245063314251
293,9.766666666666667,detected,1,3,0.616862416267395,ankle_midpoint,945.6024169921875,611.89453125,0.9358845949172974,0.9608947038650513,3.4391586780548096,3.4029951095581055,3.3990940741907156,3.2448256118662524,0.0,0,two_ankles,accepted,3.4391586780548096,3.4029951095581055,0.14790235156878584
293,9.766666666666667,detected,3,1,0.9130692481994629,ankle_midpoint,676.1387939453125,769.8857421875,0.9875156879425049,0.9964555501937866,1.5125892162322998,8.744154930114746,1.4780297975218897,8.845726941230339,0.0,0,two_ankles,accepted,1.5125892162322998,8.744154930114746,0.16363618608002659
294,9.8,detected,1,3,0.7316441535949707,ankle_midpoint,948.0942993164062,612.7930908203125,0.9379220604896545,0.9597359895706177,3.460570812225342,3.4413421154022217,3.4267586063062976,3.333258038457439,0.0,0,two_ankles,accepted,3.460570812225342,3.4413421154022217,0.043920067701969184
294,9.8,detected,3,1,0.9139319062232971,ankle_midpoint,684.4081420898438,767.670166015625,0.9846876263618469,0.9952607750892639,1.5644862651824951,8.685267448425293,1.5169352079691623,8.77352016946807,0.0,0,two_ankles,accepted,1.5644862651824951,8.685267448425293,0.07849228745210987
295,9.833333333333334,detected,1,3,0.634452223777771,ankle_midpoint,957.4642333984375,630.5792236328125,0.9578267931938171,0.9696041941642761,3.5289320945739746,4.182546138763428,3.454932527455429,3.427386542164274,0.0,0,two_ankles,corrected_motion_outlier,3.4893673199710333,3.542432491139295,0.7443498298321756
295,9.833333333333334,detected,3,1,0.9025648236274719,ankle_midpoint,700.4700927734375,768.9346923828125,0.9926313161849976,0.9962502121925354,1.6774404048919678,8.716180801391602,1.5891625465844248,8.74771745383366,0.0,0,two_ankles,accepted,1.6774404048919678,8.716180801391602,0.11710795476451054
296,9.866666666666667,detected,1,3,0.6465603709220886,ankle_midpoint,957.5429077148438,630.5408935546875,0.9580814838409424,0.9696564078330994,3.529634475708008,4.180981159210205,3.483386612573012,3.5246478882847168,0.0,0,two_ankles,corrected_motion_outlier,3.5181638277167244,3.643522866876368,0.3714282248089242
296,9.866666666666667,detected,3,1,0.9026641845703125,ankle_midpoint,700.5010375976562,768.9771728515625,0.992588222026825,0.9962193369865417,1.6777375936508179,8.717284202575684,1.6290213177643018,8.734022490767572,0.0,0,two_ankles,accepted,1.6777375936508179,8.717284202575684,0.0011427227710256282
297,9.9,detected,1,3,0.6617318391799927,ankle_midpoint,956.4151611328125,630.3822021484375,0.9507476091384888,0.9620980620384216,3.520115375518799,4.174757480621338,3.4999145558986164,3.8171972048361966,0.0,0,two_ankles,accepted,3.520115375518799,4.174757480621338,0.24527618287176647
297,9.9,detected,3,1,0.8849595785140991,ankle_midpoint,708.3499755859375,769.7601318359375,0.9912806153297424,0.9957028031349182,1.7331029176712036,8.736644744873047,1.6758580377224077,8.735202505115037,0.0,0,two_ankles,accepted,1.7331029176712036,8.736644744873047,0.05865278937893999
298,9.933333333333334,detected,1,3,0.47771573066711426,ankle_midpoint,956.3269653320312,637.15625,0.8723979592323303,0.9130687117576599,3.5142502784729004,4.445799350738525,3.5063656310570446,4.100068170492245,0.0,0,two_ankles,accepted,3.5142502784729004,4.445799350738525,0.2711053203461344
298,9.933333333333334,detected,3,1,0.8939212560653687,ankle_midpoint,716.0623779296875,770.6259155273438,0.9825310111045837,0.9916184544563293,1.787564992904663,8.75813102722168,1.7261261675544226,8.745520340063027,0.0,0,two_ankles,accepted,1.787564992904663,8.75813102722168,0.05854722852450122
299,9.966666666666667,detected,1,3,0.48199599981307983,ankle_midpoint,958.712646484375,638.3687133789062,0.864740788936615,0.9153464436531067,3.5334644317626953,4.493220806121826,3.518560091374588,4.276986856525557,0.0,0,two_ankles,accepted,3.5334644317626953,4.493220806121826,0.05116618138296158
299,9.966666666666667,detected,3,1,0.9083989262580872,ankle_midpoint,740.388671875,779.935546875,0.9783291816711426,0.9812814593315125,1.9688472747802734,8.993511199951172,1.8353506658060557,8.857116227012693,0.0,0,two_ankles,accepted,1.9688472747802734,8.993511199951172,0.29709778093448264
300,10.0,detected,1,3,0.49925997853279114,ankle_midpoint,958.8592529296875,638.3388671875,0.8642760515213013,0.9155343174934387,3.534723997116089,4.492020130157471,3.5258338489582632,4.373751829659918,0.0,0,two_ankles,accepted,3.534723997116089,4.492020130157471,0.0017401516172018934
300,10.0,detected,3,1,0.9075585603713989,ankle_midpoint,740.4879760742188,780.0789794921875,0.9779826402664185,0.9809457659721375,1.969741940498352,8.997125625610352,1.8958267394175894,8.920120456381639,0.0,0,two_ankles,accepted,1.969741940498352,8.997125625610352,0.0037235063572984054
301,10.033333333333333,detected,1,3,0.4156152904033661,ankle_midpoint,958.2659301757812,639.0828247070312,0.8587709665298462,0.8985844850540161,3.5291478633880615,4.521378517150879,3.5273251554516727,4.440183839030851,0.0,0,two_ankles,accepted,3.5291478633880615,4.521378517150879,0.029883242029732384
301,10.033333333333333,detected,3,1,0.913998007774353,ankle_midpoint,749.8951416015625,776.8602905273438,0.9839412569999695,0.9845306873321533,2.028559446334839,8.914153099060059,1.9555564575303517,8.917435145586929,0.0,0,two_ankles,accepted,2.028559446334839,8.914153099060059,0.10170515795653745
302,10.066666666666666,detected,1,3,0.42135438323020935,ankle_midpoint,959.949462890625,635.6036376953125,0.842584490776062,0.8511362075805664,3.5461039543151855,4.383613586425781,3.5357756149402535,4.41472722535857,0.0,0,two_ankles,accepted,3.5461039543151855,4.383613586425781,0.13880448536419798
302,10.066666666666666,detected,3,1,0.920158326625824,ankle_midpoint,759.170166015625,771.5074462890625,0.9778376221656799,0.9799531698226929,2.083998680114746,8.775324821472168,2.0133554576933292,8.853485499735287,0.0,0,two_ankles,accepted,2.083998680114746,8.775324821472168,0.14948845875225159
303,10.1,detected,1,3,0.4845694303512573,ankle_midpoint,947.2713623046875,628.6055908203125,0.9261813759803772,0.9219414591789246,3.443047523498535,4.104226589202881,3.4940479737914805,4.27500193908851,0.0,0,two_ankles,accepted,3.443047523498535,4.104226589202881,0.29778804903806333
303,10.1,detected,3,1,0.9156421422958374,ankle_midpoint,794.5567626953125,760.7816772460938,0.9731263518333435,0.9736440181732178,2.3143539428710938,8.488462448120117,2.071701911110625,8.79867536985234,0.0,0,two_ankles,corrected_motion_outlier,2.143014243065098,8.731685211106516,0.36790429234342636
304,10.133333333333333,detected,1,3,0.5025348663330078,ankle_midpoint,947.48486328125,628.5454711914062,0.9252400994300842,0.9209076166152954,3.4449169635772705,4.101738929748535,3.4719390191950863,4.197033584885521,0.0,0,two_ankles,accepted,3.4449169635772705,4.101738929748535,0.0031117930150923595
304,10.133333333333333,detected,3,1,0.9150826930999756,ankle_midpoint,794.6666259765625,760.666259765625,0.9732464551925659,0.9736741781234741,2.3149893283843994,8.485363960266113,2.1811812488838234,8.657685235538539,0.0,0,two_ankles,accepted,2.3149893283843994,8.485363960266113,0.18536044657598313
305,10.166666666666666,detected,1,3,0.48519206047058105,ankle_midpoint,944.531005859375,624.2161254882812,0.9093241691589355,0.9196661710739136,3.422149419784546,3.924497127532959,3.449533699460343,4.0743921790768685,0.0,0,two_ankles,accepted,3.422149419784546,3.924497127532959,0.17869811835321336
305,10.166666666666666,detected,3,1,0.9152977466583252,ankle_midpoint,814.48681640625,754.815673828125,0.9612327218055725,0.9672538638114929,2.447324514389038,8.324995040893555,2.30094571836117,8.507974647948297,0.0,0,two_ankles,accepted,2.447324514389038,8.324995040893555,0.20792015716520731
306,10.2,detected,1,3,0.4070003926753998,ankle_midpoint,943.5408935546875,623.8155517578125,0.8924500346183777,0.9062203168869019,3.4138243198394775,3.908088207244873,3.433464478630954,3.999555391752471,0.0,0,two_ankles,accepted,3.4138243198394775,3.908088207244873,0.018399998753155813
306,10.2,detected,3,1,0.8942486643791199,ankle_midpoint,824.2534790039062,755.659912109375,0.9644174575805664,0.9722952842712402,2.516453266143799,8.346595764160156,2.397924114863353,8.435354150243633,0.0,0,two_ankles,accepted,2.516453266143799,8.346595764160156,0.0724249650660022
307,10.233333333333333,detected,1,3,0.4854505658149719,ankle_midpoint,942.256103515625,623.0672607421875,0.8643490672111511,0.8807551264762878,3.4031331539154053,3.8772714138031006,3.4198153825089572,3.9445276016752544,0.0,0,two_ankles,accepted,3.4031331539154053,3.8772714138031006,0.03261864170760202
307,10.233333333333333,detected,3,1,0.8637148141860962,ankle_midpoint,830.8355712890625,762.4522705078125,0.9646198153495789,0.9719813466072083,2.5676112174987793,8.528141021728516,2.4742833110492954,8.47710824241183,0.0,0,two_ankles,accepted,2.5676112174987793,8.528141021728516,0.1886155256928774
308,10.266666666666667,detected,1,3,0.48094698786735535,ankle_midpoint,942.0169067382812,623.1533203125,0.8713257908821106,0.8860033750534058,3.401012897491455,3.880889654159546,3.4113542642510817,3.915890525293186,0.0,0,two_ankles,accepted,3.401012897491455,3.880889654159546,0.004193703682940841
308,10.266666666666667,detected,3,1,0.8633361458778381,ankle_midpoint,830.8015747070312,762.4251098632812,0.9645587205886841,0.9717786312103271,2.5673553943634033,8.527422904968262,2.516165748540644,8.499749840562224,0.0,0,two_ankles,accepted,2.5673553943634033,8.527422904968262,0.0007623235257757441
309,10.3,detected,1,3,0.38737940788269043,ankle_midpoint,945.0560302734375,619.0091552734375,0.953035831451416,0.9589539766311646,3.429875612258911,3.7069265842437744,3.419688870854605,3.821856751820951,0.0,0,two_ankles,accepted,3.429875612258911,3.7069265842437744,0.17634116365235636
309,10.3,detected,3,1,0.8439576029777527,ankle_midpoint,835.2750244140625,764.3291015625,0.96540367603302,0.9907259941101074,2.599686861038208,8.577336311340332,2.553750249164548,8.534663752412373,0.0,0,two_ankles,accepted,2.599686861038208,8.577336311340332,0.05946992410460464
310,10.333333333333334,detected,1,3,0.634682834148407,ankle_midpoint,959.71044921875,630.4234008789062,0.9670994281768799,0.9789149165153503,3.5482594966888428,4.17584228515625,3.425905499149035,3.7319427988484186,0.0,0,two_ankles,corrected_motion_outlier,3.433503600397782,3.622047967437546,0.4836286578098507
310,10.333333333333334,detected,3,1,0.9018915891647339,ankle_midpoint,835.8209228515625,752.4183349609375,0.9796245098114014,0.9961657524108887,2.5951061248779297,8.256691932678223,2.5937161352504745,8.566030007384267,0.0,0,two_ankles,corrected_motion_outlier,2.6425633293554958,8.604366541238806,0.3206770972666746
311,10.366666666666667,detected,1,3,0.6703238487243652,ankle_midpoint,959.2265625,633.4620361328125,0.9455834031105042,0.962906002998352,3.541682481765747,4.298285007476807,3.4309572393734635,3.644294747150723,0.11826293179506076,0,two_ankles,corrected_motion_outlier,3.4371315885366527,3.5371693506313173,0.30091758040931105
311,10.366666666666667,detected,3,1,0.9017987847328186,ankle_midpoint,835.7946166992188,752.3599853515625,0.9796920418739319,0.99619460105896,2.594879627227783,8.255097389221191,2.5942397066402636,8.426110329210884,0.0,0,two_ankles,accepted,2.594879627227783,8.255097389221191,0.16113738891502932
312,10.4,detected,1,3,0.7374192476272583,ankle_midpoint,955.9114379882812,618.6998291015625,0.9778162240982056,0.9863623976707458,3.5248403549194336,3.691901206970215,3.47320464136915,3.6657176540694945,0.0,0,two_ankles,accepted,3.5248403549194336,3.691901206970215,0.03204868572585579
312,10.4,detected,3,1,0.8991959691047668,ankle_midpoint,843.494873046875,748.8543090820312,0.9835988283157349,0.9969673752784729,2.646791934967041,8.157549858093262,2.6178882093873135,8.305258117207956,0.0,0,two_ankles,accepted,2.646791934967041,8.157549858093262,0.11050071730070271
313,10.433333333333334,detected,1,3,0.742389440536499,ankle_midpoint,955.750244140625,617.7008056640625,0.9777781367301941,0.9864294528961182,3.5242204666137695,3.649685859680176,3.496161762729229,3.6585033465943013,0.0,0,two_ankles,accepted,3.5242204666137695,3.649685859680176,0.04221989825106294
313,10.433333333333334,detected,3,1,0.8988681435585022,ankle_midpoint,843.5091552734375,748.8073120117188,0.9835408329963684,0.9969413876533508,2.646862745285034,8.156248092651367,2.6309267505412883,8.23820360615749,0.0,0,two_ankles,accepted,2.646862745285034,8.156248092651367,0.0013036899044040946
314,10.466666666666667,detected,1,3,0.7396197319030762,ankle_midpoint,960.0128784179688,631.2464599609375,0.9696099758148193,0.9847729206085205,3.5501720905303955,4.2090606689453125,3.5126209901573233,3.6312362722650198,0.0,0,two_ankles,corrected_motion_outlier,3.5327378236805496,3.5979098480847855,0.5599764852422985
314,10.466666666666667,detected,3,1,0.8999273777008057,ankle_midpoint,846.2630615234375,748.7103271484375,0.9804003238677979,0.9955765008926392,2.6662704944610596,8.153185844421387,2.6468314353051854,8.199945613376244,0.0,0,two_ankles,accepted,2.6662704944610596,8.153185844421387,0.01964785210402228
315,10.5,detected,1,3,0.7199019193649292,ankle_midpoint,960.294189453125,633.4166259765625,0.9359923005104065,0.9691476821899414,3.5507993698120117,4.296278476715088,3.5255063759228262,3.592940176165989,0.10020535375604733,0,two_ankles,corrected_motion_outlier,3.5412551807473296,3.5461338364893953,0.3235693320214688
315,10.5,detected,3,1,0.9115004539489746,ankle_midpoint,848.9641723632812,753.7479248046875,0.9898171424865723,0.9967292547225952,2.688296318054199,8.291239738464355,2.665490632542242,8.241027969665893,0.0,0,two_ankles,accepted,2.688296318054199,8.291239738464355,0.13979990903209968
316,10.533333333333333,detected,1,3,0.6656665802001953,ankle_midpoint,957.904541015625,634.1126708984375,0.9406492114067078,0.9662864208221436,3.529932975769043,4.324546813964844,3.527498345853624,3.9221631631754734,0.1804260146434482,0,two_ankles,accepted,3.529932975769043,4.324546813964844,0.22496171041581026
316,10.533333333333333,detected,3,1,0.9153574109077454,ankle_midpoint,845.6700439453125,755.6045532226562,0.9861968159675598,0.9940609335899353,2.6663074493408203,8.342194557189941,2.665858200101602,8.286552934051716,0.0,0,two_ankles,accepted,2.6663074493408203,8.342194557189941,0.05549688188224215
317,10.566666666666666,detected,1,3,0.660775899887085,ankle_midpoint,957.90283203125,634.124267578125,0.9418752193450928,0.9662630558013916,3.529909610748291,4.325010299682617,3.5285834150562243,4.103444374603688,0.0,0,two_ankles,accepted,3.529909610748291,4.325010299682617,0.0004640742772172336
317,10.566666666666666,detected,3,1,0.9153735637664795,ankle_midpoint,845.6846923828125,755.6256713867188,0.9862891435623169,0.9940908551216125,2.6664226055145264,8.342765808105469,2.666112182537418,8.311848727375905,0.0,0,two_ankles,accepted,2.6664226055145264,8.342765808105469,0.0005827422696470949
318,10.6,detected,1,3,0.6986522078514099,ankle_midpoint,958.9080810546875,634.4215087890625,0.9483962059020996,0.9752761721611023,3.5382137298583984,4.336705207824707,3.532917056717203,4.208411749553147,0.0,0,two_ankles,accepted,3.5382137298583984,4.336705207824707,0.014343265689750386
318,10.6,detected,3,1,0.9137230515480042,ankle_midpoint,841.1014404296875,760.4478149414062,0.9851969480514526,0.9935164451599121,2.6374728679656982,8.473296165466309,2.6532244909801443,8.384500074516588,0.0,0,two_ankles,accepted,2.6374728679656982,8.473296165466309,0.1337021372188739
319,10.633333333333333,detected,1,3,0.6772148609161377,ankle_midpoint,959.5751342773438,634.02099609375,0.9335443377494812,0.9639633893966675,3.5441982746124268,4.320589542388916,3.5379936047700538,4.258891756329243,0.0,0,two_ankles,accepted,3.5441982746124268,4.320589542388916,0.017190969965400937
319,10.633333333333333,detected,3,1,0.915834903717041,ankle_midpoint,838.562744140625,765.4840698242188,0.9803471565246582,0.9918060302734375,2.623176097869873,8.607405662536621,2.6397027140805225,8.484807589125603,0.0,0,two_ankles,accepted,2.623176097869873,8.607405662536621,0.1348693991965006
320,10.666666666666666,detected,1,3,0.6776126027107239,ankle_midpoint,959.5729370117188,634.0062866210938,0.9335775375366211,0.9640455842018127,3.544191360473633,4.32000207901001,3.5407825948366645,4.286391401535589,0.0,0,two_ankles,accepted,3.544191360473633,4.32000207901001,0.0005875040654082405
320,10.666666666666666,detected,3,1,0.9157713055610657,ankle_midpoint,838.5692138671875,765.4798583984375,0.9802599549293518,0.9917562007904053,2.623218059539795,8.607294082641602,2.632284619537195,8.539926511207803,0.0,0,two_ankles,accepted,2.623218059539795,8.607294082641602,0.00011920928955078125
321,10.7,detected,1,3,0.68190997838974,ankle_midpoint,959.5333862304688,634.0743408203125,0.9348278045654297,0.9641519784927368,3.5438008308410645,4.322729110717773,3.542140801038645,4.302743370667573,0.0,0,two_ankles,accepted,3.5438008308410645,4.322729110717773,0.0027548530503572104
321,10.7,detected,3,1,0.9159089922904968,ankle_midpoint,838.5782470703125,765.432861328125,0.9802184104919434,0.991743266582489,2.6232492923736572,8.606053352355957,2.628218722313603,8.569683589724473,0.0,0,two_ankles,accepted,2.6232492923736572,8.606053352355957,0.0012411233345750255
322,10.733333333333333,detected,1,3,0.5708145499229431,ankle_midpoint,959.3603515625,633.7728881835938,0.9303024411201477,0.9663990139961243,3.542571783065796,4.310705184936523,3.542334742950863,4.306326187088601,0.0,0,two_ankles,accepted,3.542571783065796,4.310705184936523,0.012086577250276481
322,10.733333333333333,detected,3,1,0.914280116558075,ankle_midpoint,839.0352783203125,766.918701171875,0.9868059158325195,0.995684027671814,2.627375602722168,8.645097732543945,2.6278393184974576,8.603619953993237,0.0,0,two_ankles,accepted,2.627375602722168,8.645097732543945,0.03926181429017766
323,10.766666666666667,detected,1,3,0.6849782466888428,ankle_midpoint,957.5611572265625,630.146484375,0.8539391160011292,0.9035886526107788,3.5300989151000977,4.1650071144104,3.536828620418019,4.242732604383411,0.0,0,two_ankles,accepted,3.5300989151000977,4.1650071144104,0.14623098232018025
323,10.766666666666667,detected,3,1,0.9142732620239258,ankle_midpoint,833.092041015625,773.7984008789062,0.9774592518806458,0.9902291893959045,2.5912911891937256,8.824810028076172,2.6113926603107784,8.703155487330559,0.0,0,two_ankles,accepted,2.5912911891937256,8.824810028076172,0.18329919275641662
324,10.8,detected,1,3,0.6356832981109619,ankle_midpoint,963.7786254882812,609.9028930664062,0.9359177350997925,0.9551510214805603,3.601691484451294,3.313138961791992,3.5321402294356945,4.184494384907789,0.15370886516731552,0,two_ankles,corrected_motion_outlier,3.5264099737906305,4.113314338882029,0.8548712449438252
324,10.8,detected,3,1,0.9113380312919617,ankle_midpoint,830.014404296875,777.6192626953125,0.9778022170066833,0.9878155589103699,2.5730648040771484,8.923091888427734,2.594145125005645,8.802126867824288,0.0,0,two_ankles,accepted,2.5730648040771484,8.923091888427734,0.09995761696129925
325,10.833333333333334,detected,1,3,0.4859856367111206,ankle_midpoint,967.8219604492188,605.896240234375,0.9646056294441223,0.9775382876396179,3.641634225845337,3.1364619731903076,3.5279015908061555,4.12920161520843,0.28277039770100076,0,two_ankles,corrected_motion_outlier,3.5227210324811633,4.061621563353658,0.5172874522619164
325,10.833333333333334,detected,3,1,0.9177526831626892,ankle_midpoint,822.5382690429688,783.688232421875,0.9849364161491394,0.9941219687461853,2.5271074771881104,9.077386856079102,2.5639781834877544,8.925993862538956,0.0,0,two_ankles,accepted,2.5271074771881104,9.077386856079102,0.16099382887962616
326,10.866666666666667,detected,1,3,0.4863523840904236,ankle_midpoint,967.90283203125,605.9884033203125,0.9638800024986267,0.9773979783058167,3.6422626972198486,3.1405227184295654,3.523910315970649,4.0755288428860155,0.2280960629504678,0,two_ankles,corrected_motion_outlier,3.519032091171696,4.009928787825286,0.34353537608999085
326,10.866666666666667,detected,3,1,0.9176580905914307,ankle_midpoint,822.526611328125,783.6934814453125,0.9848353862762451,0.9940717816352844,2.5270330905914307,9.077520370483398,2.547352891684409,8.994180791113955,0.0,0,two_ankles,accepted,2.5270330905914307,9.077520370483398,0.0001528380251126528
327,10.9,detected,1,3,0.47758105397224426,ankle_midpoint,967.8642578125,605.9532470703125,0.964293360710144,0.9768283367156982,3.641953945159912,3.1389753818511963,3.5770299491058175,3.6540797854203473,0.1789862930617302,0,two_ankles,accepted,3.641953945159912,3.1389753818511963,0.258027695215083
327,10.9,detected,3,1,0.9177191257476807,ankle_midpoint,822.5198974609375,783.6672973632812,0.9848551154136658,0.9941068887710571,2.526967763900757,9.076865196228027,2.5381795841817656,9.031388773415287,0.0,0,two_ankles,accepted,2.526967763900757,9.076865196228027,0.0006584230261886815
328,10.933333333333334,detected,1,3,0.8398042917251587,ankle_midpoint,981.936279296875,625.0640869140625,0.984855592250824,0.9961656332015991,3.7445311546325684,3.9528214931488037,3.6095710238057466,3.366762667502662,0.292045585660091,0,two_ankles,corrected_motion_outlier,3.649343448438992,3.0155973011588246,0.8202850582434346
328,10.933333333333334,detected,3,1,0.9096856713294983,ankle_midpoint,818.7025146484375,797.7431640625,0.9868112206459045,0.9974109530448914,2.5125129222869873,9.42321491241455,2.5281913631641437,9.073282479399385,0.0,0,two_ankles,corrected_motion_outlier,2.515983537475939,9.124485897824394,0.34665122003039955
329,10.966666666666667,detected,1,3,0.8385238647460938,ankle_midpoint,981.9560546875,625.081298828125,0.9849033355712891,0.9961752891540527,3.7446815967559814,3.95352840423584,3.6307938913662934,3.153218116336368,0.41494701638966347,0,two_ankles,corrected_motion_outlier,3.656732951718072,2.892219220466453,0.41050261773781693
329,10.966666666666667,detected,3,1,0.9100784659385681,ankle_midpoint,818.7550048828125,797.7080078125,0.9867556095123291,0.9973893761634827,2.512831687927246,9.42236042022705,2.52127950930754,9.230367552771835,0.0,0,two_ankles,accepted,2.512831687927246,9.42236042022705,0.17289214734196595
330,11.0,detected,1,3,0.8050321340560913,ankle_midpoint,987.15380859375,629.7151489257812,0.9809237718582153,0.9950142502784729,3.783799171447754,4.142266273498535,3.6457917450001798,2.9802484768833395,0.7286294333164484,0,two_ankles,corrected_motion_outlier,3.6641224549971523,2.7688411397740813,0.3377561055428345
330,11.0,detected,3,1,0.9036169648170471,ankle_midpoint,818.5692138671875,797.43701171875,0.9846698045730591,0.9963845014572144,2.5113935470581055,9.415849685668945,2.516830826295295,9.313834512575536,0.0,0,two_ankles,accepted,2.5113935470581055,9.415849685668945,0.006667676780228731
331,11.033333333333333,detected,1,3,0.7766434550285339,ankle_midpoint,990.0086669921875,633.0053100585938,0.9781578183174133,0.9941773414611816,3.8040735721588135,4.274560451507568,3.717018567221565,3.5626888654642426,0.9844818431184504,0,two_ankles,accepted,3.8040735721588135,4.274560451507568,0.2867747617779425
331,11.033333333333333,detected,3,1,0.9108943939208984,ankle_midpoint,808.9617309570312,805.905517578125,0.9810272455215454,0.9943385720252991,2.4552712440490723,9.61896800994873,2.4891290142844946,9.451144586393474,0.0,0,two_ankles,accepted,2.4552712440490723,9.61896800994873,0.21072913076569574
332,11.066666666666666,detected,1,3,0.7755986452102661,ankle_midpoint,990.0283203125,632.98779296875,0.9780939221382141,0.9941755533218384,3.80426287651062,4.273853778839111,3.75627850640164,3.8827130764829336,0.0,0,two_ankles,accepted,3.80426287651062,4.273853778839111,0.0007315889542339424
332,11.066666666666666,detected,3,1,0.9109793901443481,ankle_midpoint,808.9630737304688,805.9155883789062,0.9810745120048523,0.9943506121635437,2.4552886486053467,9.6192045211792,2.473900849728878,9.526771557047052,0.0,0,two_ankles,accepted,2.4552886486053467,9.6192045211792,0.00023715075525275356
333,11.1,detected,1,3,0.7739124298095703,ankle_midpoint,989.99462890625,633.021484375,0.9782131314277649,0.994170069694519,3.803933620452881,4.275211811065674,3.777723307724699,4.059337507045167,0.0,0,two_ankles,accepted,3.803933620452881,4.275211811065674,0.0013973764989938463
333,11.1,detected,3,1,0.9109135866165161,ankle_midpoint,808.9666748046875,805.8829956054688,0.9810494184494019,0.994350016117096,2.455284357070923,9.618435859680176,2.4655234280327982,9.568020493231959,0.0,0,two_ankles,accepted,2.455284357070923,9.618435859680176,0.000768673479019973
334,11.133333333333333,detected,1,3,0.7339849472045898,ankle_midpoint,991.6648559570312,630.6821899414062,0.9753933548927307,0.9916994571685791,3.8211700916290283,4.180659294128418,3.797274360481647,4.11393231123263,0.0,0,two_ankles,accepted,3.8211700916290283,4.180659294128418,0.09611074028315575
334,11.133333333333333,detected,3,1,0.9006960988044739,ankle_midpoint,795.1376953125,811.7772216796875,0.975800096988678,0.9945789575576782,2.3707423210144043,9.757972717285156,2.422871929874521,9.653498994055898,0.0,0,two_ankles,accepted,2.3707423210144043,9.757972717285156,0.16314990190268053
335,11.166666666666666,detected,1,3,0.7343177199363708,ankle_midpoint,991.6461181640625,630.6981201171875,0.9758015871047974,0.9917973279953003,3.8209891319274902,4.181306838989258,3.8079460076322764,4.144250848723113,0.0,0,two_ankles,accepted,3.8209891319274902,4.181306838989258,0.0006723546388483132
335,11.166666666666666,detected,3,1,0.9006242752075195,ankle_midpoint,795.0804443359375,811.8425903320312,0.9755755066871643,0.9945210218429565,2.370434522628784,9.759495735168457,2.39927509661394,9.70119752755655,0.0,0,two_ankles,accepted,2.370434522628784,9.759495735168457,0.0015538092930100342
336,11.2,detected,1,3,0.7974622845649719,ankle_midpoint,993.281005859375,627.5950927734375,0.9760510325431824,0.9928066730499268,3.8390817642211914,4.054783344268799,3.821957098097289,4.103990471718672,0.0,0,two_ankles,accepted,3.8390817642211914,4.054783344268799,0.12781055535280758
336,11.2,detected,3,1,0.9065632820129395,ankle_midpoint,767.3956909179688,816.2066040039062,0.9625920057296753,0.9916370511054993,2.1964528560638428,9.86349105834961,2.3080050883663965,9.774229616413427,0.0,0,two_ankles,accepted,2.1964528560638428,9.86349105834961,0.20269348175081203
337,11.233333333333333,detected,1,3,0.79790860414505,ankle_midpoint,994.0948486328125,625.4013671875,0.9731096625328064,0.9929801821708679,3.8490426540374756,3.964553117752075,3.834145598270373,4.041243662433703,0.0,0,two_ankles,accepted,3.8490426540374756,3.964553117752075,0.09077837354343495
337,11.233333333333333,detected,3,1,0.8966387510299683,ankle_midpoint,754.3021240234375,818.2839965820312,0.9886425137519836,0.9973168969154358,2.1148929595947266,9.912559509277344,2.2211046304191453,9.83647806820219,0.0,0,two_ankles,accepted,2.1148929595947266,9.912559509277344,0.09518261179701065
338,11.266666666666667,detected,1,3,0.7981564998626709,ankle_midpoint,994.094970703125,625.4198608398438,0.9732174873352051,0.993002712726593,3.8490185737609863,3.965315580368042,3.840838437241149,4.007076025504156,0.0,0,two_ankles,accepted,3.8490185737609863,3.965315580368042,0.0007628427757164187
338,11.266666666666667,detected,3,1,0.8965997695922852,ankle_midpoint,754.233154296875,818.2083740234375,0.9886053204536438,0.9973069429397583,2.1143529415130615,9.910843849182129,2.1730663704114077,9.869942669643162,0.0,0,two_ankles,accepted,2.1143529415130615,9.910843849182129,0.0017986409010243805
339,11.3,detected,1,3,0.7903839349746704,ankle_midpoint,997.6642456054688,622.0384521484375,0.9711163640022278,0.9906242489814758,3.8846189975738525,3.8244357109069824,3.8605396893908654,3.924887883935428,0.0,0,two_ankles,accepted,3.8846189975738525,3.8244357109069824,0.145308388591371
339,11.3,detected,3,1,0.9009608626365662,ankle_midpoint,725.5155029296875,829.6856689453125,0.9894938468933105,0.9962586164474487,1.9474163055419922,10.171979904174805,2.1237129855333685,9.906386910456533,0.0,0,two_ankles,corrected_motion_outlier,2.063392181793543,9.950929871450654,0.309935282997072
340,11.333333333333334,detected,1,3,0.8261157870292664,ankle_midpoint,998.7083740234375,618.543212890625,0.9801514148712158,0.993911862373352,3.8987667560577393,3.677487373352051,3.8777418693909587,3.8135576541729086,0.0,0,two_ankles,accepted,3.8987667560577393,3.677487373352051,0.1476278191272787
340,11.333333333333334,detected,3,1,0.9081871509552002,ankle_midpoint,716.9866943359375,833.7547607421875,0.9855784177780151,0.9949289560317993,1.8998188972473145,10.262491226196289,2.0229606458046443,10.066633852539423,0.0,0,two_ankles,accepted,1.8998188972473145,10.262491226196289,0.20596160680449427
341,11.366666666666667,detected,1,3,0.825974702835083,ankle_midpoint,998.7049560546875,618.5340576171875,0.9802639484405518,0.9939515590667725,3.8987503051757812,3.6771011352539062,3.8871956654941293,3.7521522206593576,0.0,0,two_ankles,accepted,3.8987503051757812,3.6771011352539062,0.0003865882822532272
341,11.366666666666667,detected,3,1,0.9080771803855896,ankle_midpoint,717.0037841796875,833.8088989257812,0.9855685830116272,0.9949504137039185,1.9000097513198853,10.263673782348633,1.9676327432865028,10.155301820953568,0.0,0,two_ankles,accepted,1.9000097513198853,10.263673782348633,0.001197858226361916
342,11.4,detected,1,3,0.8415245413780212,ankle_midpoint,998.1436767578125,610.180908203125,0.9751395583152771,0.9910939335823059,3.9061856269836426,3.3188538551330566,3.8970646024342877,3.688482190885211,0.0,0,two_ankles,corrected_motion_outlier,3.9091266364722586,3.610663265605698,0.35832443082264565
342,11.4,detected,3,1,0.8754019141197205,ankle_midpoint,709.29345703125,840.7122802734375,0.9745537638664246,0.9911593794822693,1.8625130653381348,10.4142484664917,1.9203288882097374,10.271827811445728,0.0,0,two_ankles,accepted,1.8625130653381348,10.4142484664917,0.15517324822403575
343,11.433333333333334,detected,1,3,0.8692807555198669,ankle_midpoint,994.7988891601562,604.1920166015625,0.9771661758422852,0.9946619868278503,3.885272979736328,3.0557448863983154,3.9071618668347896,3.6235666331677368,0.0,0,two_ankles,corrected_motion_outlier,3.9195029677687354,3.54422539595749,0.31075119721929145
343,11.433333333333334,detected,3,1,0.8718898892402649,ankle_midpoint,704.0398559570312,846.7195434570312,0.9873846769332886,0.9953576922416687,1.8394224643707275,10.542946815490723,1.883920997482183,10.393831363265978,0.0,0,two_ankles,accepted,1.8394224643707275,10.542946815490723,0.13075335899360468
344,11.466666666666667,detected,1,3,0.8691896200180054,ankle_midpoint,994.8179931640625,604.15673828125,0.9769284129142761,0.9946702122688293,3.8854963779449463,3.0541703701019287,3.89741239683436,3.3673383147881233,0.0,0,two_ankles,accepted,3.8854963779449463,3.0541703701019287,0.2076905830957486
344,11.466666666666667,detected,3,1,0.8715536594390869,ankle_midpoint,704.01318359375,846.7146606445312,0.9873591065406799,0.9953482747077942,1.8392497301101685,10.5428466796875,1.8638189271647765,10.460888255655664,0.0,0,two_ankles,accepted,1.8392497301101685,10.5428466796875,0.00019966047144575057
345,11.5,detected,1,3,0.8721187114715576,ankle_midpoint,989.23193359375,602.2314453125,0.9830859899520874,0.9874858260154724,3.8380792140960693,2.9691903591156006,3.8707124646021294,3.188171734735488,0.0,0,two_ankles,accepted,3.8380792140960693,2.9691903591156006,0.09731387205690509
345,11.5,detected,3,1,0.8758631944656372,ankle_midpoint,701.453857421875,853.442626953125,0.9932140111923218,0.9978877902030945,1.8341842889785767,10.684282302856445,1.8504833399809866,10.561415576896017,0.0,0,two_ankles,accepted,1.8341842889785767,10.684282302856445,0.1415263021316021
346,11.533333333333333,detected,1,3,0.8722361326217651,ankle_midpoint,989.2459716796875,602.26171875,0.9830256104469299,0.9874569773674011,3.838163375854492,2.9705452919006348,3.8560653746656923,3.090239835459804,0.0,0,two_ankles,accepted,3.838163375854492,2.9705452919006348,0.0013575441258173913
346,11.533333333333333,detected,3,1,0.8760395646095276,ankle_midpoint,701.4835815429688,853.2997436523438,0.9932327270507812,0.9978824257850647,1.8341400623321533,10.681306838989258,1.8431288650390116,10.615366644837977,0.0,0,two_ankles,accepted,1.8341400623321533,10.681306838989258,0.0029757925366517483
347,11.566666666666666,detected,1,3,0.8720503449440002,ankle_midpoint,989.220947265625,602.2250366210938,0.98304682970047,0.9874464273452759,3.837989330291748,2.968904972076416,3.8479311546974175,3.0356391469372794,0.0,0,two_ankles,accepted,3.837989330291748,2.968904972076416,0.0016495275031462662
347,11.566666666666666,detected,3,1,0.8756200075149536,ankle_midpoint,701.4635009765625,853.3624877929688,0.9932222366333008,0.9978923201560974,1.8341163396835327,10.68261432647705,1.8390732286290463,10.64562810157556,0.0,0,two_ankles,accepted,1.8341163396835327,10.68261432647705,0.0013077026782846112
348,11.6,detected,1,3,0.868156909942627,ankle_midpoint,984.7633056640625,601.5408935546875,0.9661575555801392,0.9729645252227783,3.7987771034240723,2.9390316009521484,3.8258118316244127,2.992165751243971,0.0,0,two_ankles,accepted,3.7987771034240723,2.9390316009521484,0.0492952029943107
348,11.6,detected,3,1,0.8962207436561584,ankle_midpoint,692.0654296875,868.737548828125,0.990056037902832,0.9973783493041992,1.8015172481536865,10.997413635253906,1.8335987278250618,10.679896930457314,0.0,0,two_ankles,corrected_motion_outlier,1.8269076712868582,10.72178105464612,0.3164827097567216
349,11.633333333333333,detected,1,3,0.8426055908203125,ankle_midpoint,982.1824340820312,601.7866821289062,0.9727813601493835,0.9796026945114136,3.7752068042755127,2.9505679607391357,3.803039569317408,2.973446745516795,0.0,0,two_ankles,accepted,3.7752068042755127,2.9505679607391357,0.026242076882125886
349,11.633333333333333,detected,3,1,0.9066776633262634,ankle_midpoint,688.0955810546875,879.5485229492188,0.9813321828842163,0.9942159056663513,1.7949845790863037,11.211368560791016,1.816222360892621,10.91905916410748,0.0,0,two_ankles,accepted,1.7949845790863037,11.211368560791016,0.2651001390948268
350,11.666666666666666,detected,1,3,0.8426973223686218,ankle_midpoint,982.2280883789062,601.909912109375,0.9729294180870056,0.9796247482299805,3.7754602432250977,2.9560933113098145,3.7906288725758683,2.965637700123654,0.0,0,two_ankles,accepted,3.7754602432250977,2.9560933113098145,0.005531159935317933
350,11.666666666666666,detected,3,1,0.9067307710647583,ankle_midpoint,688.1339111328125,879.5167236328125,0.9813091158866882,0.9942120909690857,1.7951617240905762,11.210744857788086,1.806745074331701,11.050317726263753,0.0,0,two_ankles,accepted,1.7951617240905762,11.210744857788086,0.0006483716437369852
351,11.7,detected,1,3,0.8385464549064636,ankle_midpoint,982.2857666015625,601.953125,0.9722597002983093,0.9791090488433838,3.7759242057800293,2.958022117614746,3.784011772517741,2.9622106879946455,0.0,0,two_ankles,accepted,3.7759242057800293,2.958022117614746,0.0019838233324373277
351,11.7,detected,3,1,0.9061967730522156,ankle_midpoint,688.068359375,879.427734375,0.980911374092102,0.994059681892395,1.7946319580078125,11.209016799926758,1.8012941719859512,11.121732309412106,0.0,0,two_ankles,accepted,1.7946319580078125,11.209016799926758,0.0018074390929004216
352,11.733333333333333,detected,1,3,0.8118859529495239,ankle_midpoint,976.1130981445312,597.932861328125,0.9716378450393677,0.9784874320030212,3.7251157760620117,2.7773802280426025,3.757508574112663,2.8790369810162266,0.0,0,two_ankles,accepted,3.7251157760620117,2.7773802280426025,0.18765124246485884
352,11.733333333333333,detected,3,1,0.9034450054168701,ankle_midpoint,685.75,885.9781494140625,0.9823088049888611,0.9946698546409607,1.791271686553955,11.335945129394531,1.7967840535415531,11.218128078404199,0.0,0,two_ankles,accepted,1.791271686553955,11.335945129394531,0.12697280120452273
353,11.766666666666667,detected,1,3,0.8240541219711304,ankle_midpoint,961.611572265625,595.6459350585938,0.9842597842216492,0.9874987006187439,3.5957529544830322,2.6755294799804688,3.6847185452793294,2.7874586055501354,0.0,0,two_ankles,accepted,3.5957529544830322,2.6755294799804688,0.1646460278527579
353,11.766666666666667,detected,3,1,0.871446430683136,ankle_midpoint,686.51318359375,884.986572265625,0.9904025793075562,0.9965088963508606,1.7942065000534058,11.316816329956055,1.795624154471887,11.262537791602535,0.0,0,two_ankles,accepted,1.7942065000534058,11.316816329956055,0.01935262509929904
354,11.8,detected,1,3,0.7677976489067078,ankle_midpoint,960.344970703125,593.5556640625,0.9746852517127991,0.9774468541145325,3.586177349090576,2.579347848892212,3.6403750069943905,2.6938087650540696,0.0,0,two_ankles,accepted,3.586177349090576,2.579347848892212,0.09665711757252834
354,11.8,detected,3,1,0.7283642888069153,ankle_midpoint,685.1710815429688,885.150634765625,0.9878023266792297,0.9967316389083862,1.7865561246871948,11.32011604309082,1.7915435410687754,11.288448004772263,0.0,0,two_ankles,accepted,1.7865561246871948,11.32011604309082,0.00833164749708435
355,11.833333333333334,detected,1,3,0.6577330827713013,ankle_midpoint,945.6319580078125,591.2432250976562,0.986711323261261,0.9894753694534302,3.4532268047332764,2.474656820297241,3.556158315976889,2.595190389913497,0.0,0,two_ankles,accepted,3.4532268047332764,2.474656820297241,0.16922192149120432
355,11.833333333333334,detected,3,1,0.8059691786766052,ankle_midpoint,686.228515625,863.097412109375,0.9873459935188293,0.9950495362281799,1.757112741470337,10.884380340576172,1.7875509726350973,11.315774663438859,0.0,0,two_ankles,corrected_motion_outlier,1.7826711667717128,11.34917391292025,0.43672933867693037
356,11.866666666666667,detected,1,3,0.6614722013473511,ankle_midpoint,945.6190185546875,591.2144775390625,0.9866840243339539,0.9894415140151978,3.453127861022949,2.473316192626953,3.5097946112476164,2.5403470011345526,0.0,0,two_ankles,accepted,3.453127861022949,2.473316192626953,0.0013442739334508288
356,11.866666666666667,detected,3,1,0.8049023747444153,ankle_midpoint,686.2069702148438,863.1002197265625,0.9872822165489197,0.9950646758079529,1.7569868564605713,10.884440422058105,1.7737971203565608,11.12167425481752,0.0,0,two_ankles,accepted,1.7569868564605713,10.884440422058105,0.21833895002134857
357,11.9,detected,1,3,0.66745525598526,ankle_midpoint,942.4921875,588.3328857421875,0.9850340485572815,0.9873877167701721,3.426262378692627,2.3385720252990723,3.4722051065978716,2.4495482620085864,0.0,0,two_ankles,accepted,3.426262378692627,2.3385720252990723,0.1373963055170146
357,11.9,detected,3,1,0.800306499004364,ankle_midpoint,683.0442504882812,841.5299072265625,0.9930141568183899,0.9967979788780212,1.7004544734954834,10.434846878051758,1.7627675715402404,10.989109001844565,0.0,0,two_ankles,corrected_motion_outlier,1.7492870118758488,10.827084803766509,0.45313382696053384
358,11.933333333333334,detected,1,3,0.7807551026344299,ankle_midpoint,939.3232421875,587.916015625,0.9834613800048828,0.9854918122291565,3.397242784500122,2.3194918632507324,3.4384720616538846,2.391022882567552,0.0,0,two_ankles,accepted,3.397242784500122,2.3194918632507324,0.034730237990669904
358,11.933333333333334,detected,3,1,0.8796372413635254,ankle_midpoint,676.778076171875,824.369140625,0.9891048073768616,0.9851117730140686,1.6293307542800903,10.05941390991211,1.7532363896281393,10.890388084478221,0.0691309289412928,0,two_ankles,corrected_motion_outlier,1.7415871672911263,10.769729185474914,0.4174220963747909
359,11.966666666666667,detected,1,3,0.7433955669403076,ankle_midpoint,939.38037109375,587.932861328125,0.9840412139892578,0.985921323299408,3.3977608680725098,2.320277452468872,3.420152024542266,2.359187439023146,0.0,0,two_ankles,accepted,3.3977608680725098,2.320277452468872,0.000941042511066987
359,11.966666666666667,detected,3,1,0.8787022233009338,ankle_midpoint,677.0418701171875,823.711669921875,0.9887837767601013,0.9858690500259399,1.6297507286071777,10.044632911682129,1.6976678421687068,10.50979825671998,0.025812113859867702,0,two_ankles,accepted,1.6297507286071777,10.044632911682129,0.2831304541716535
360,12.0,detected,1,3,0.79936283826828,ankle_midpoint,932.1124267578125,580.340576171875,0.9776318073272705,0.979220986366272,3.3341736793518066,1.9573407173156738,3.3994376596226656,2.3234150723745763,0.0,0,two_ankles,corrected_motion_outlier,3.3741201024987095,2.2796932909152137,0.36846492952934484
360,12.0,detected,3,1,0.8811511397361755,ankle_midpoint,672.36474609375,789.67724609375,0.9893201589584351,0.991868257522583,1.5303150415420532,9.245257377624512,1.6581730398126844,10.239607438807916,0.018868596107238456,0,two_ankles,corrected_motion_outlier,1.609901614710879,9.909374216915394,0.8055362811891306
361,12.033333333333333,detected,1,3,0.8141425251960754,ankle_midpoint,929.4253540039062,578.9877319335938,0.9828593134880066,0.9834259748458862,3.309558629989624,1.891830325126648,3.358992096287797,2.1292019361130086,0.0,0,two_ankles,accepted,3.309558629989624,1.891830325126648,0.21871589775930445
361,12.033333333333333,detected,3,1,0.8770262598991394,ankle_midpoint,668.216796875,781.926025390625,0.9961473941802979,0.9975966811180115,1.4855811595916748,9.053016662597656,1.6275187972635374,10.030136076311251,0.07862735769573526,0,two_ankles,corrected_motion_outlier,1.59005250081458,9.774115522148659,0.5010208703433607
362,12.066666666666666,detected,1,3,0.8099142909049988,ankle_midpoint,921.8341674804688,575.4910278320312,0.975911557674408,0.9783132076263428,3.2392215728759766,1.721037745475769,3.3050953607524782,1.945528050326251,0.0,0,two_ankles,accepted,3.2392215728759766,1.721037745475769,0.18470897884837736
362,12.066666666666666,detected,3,1,0.8697330355644226,ankle_midpoint,676.498046875,785.958740234375,0.9939876794815063,0.9947425127029419,1.5500025749206543,9.152764320373535,1.5926364972092402,9.63531878613928,0.0,0,two_ankles,accepted,1.5500025749206543,9.152764320373535,0.29847563685783
363,12.1,detected,1,3,0.8107566237449646,ankle_midpoint,921.8577270507812,575.4866943359375,0.9757859110832214,0.9782001376152039,3.239445924758911,1.7208179235458374,3.275553114555373,1.844408493275065,0.0,0,two_ankles,accepted,3.239445924758911,1.7208179235458374,0.0003140946485617962
363,12.1,detected,3,1,0.8699558973312378,ankle_midpoint,676.544189453125,786.1826782226562,0.9940031170845032,0.9947696328163147,1.5507876873016357,9.158324241638184,1.573804532750818,9.420671241113787,0.0,0,two_ankles,accepted,1.5507876873016357,9.158324241638184,0.00561508022381339
364,12.133333333333333,detected,1,3,0.8088540434837341,ankle_midpoint,921.865234375,575.4375,0.9754108190536499,0.9780348539352417,3.2395317554473877,1.7183750867843628,3.2593435029567797,1.7876934603542491,0.0,0,two_ankles,accepted,3.2395317554473877,1.7183750867843628,0.0024443441554527707
364,12.133333333333333,detected,3,1,0.8726341724395752,ankle_midpoint,676.1881103515625,786.0806884765625,0.9938960671424866,0.9950238466262817,1.5481854677200317,9.155835151672363,1.5622759534869644,9.301495000865145,0.0,0,two_ankles,accepted,1.5481854677200317,9.155835151672363,0.0036009881433893506
365,12.166666666666666,detected,1,3,0.7533121109008789,ankle_midpoint,919.8145141601562,566.3370971679688,0.9593105912208557,0.9708663821220398,3.2225332260131836,1.2589839696884155,3.2419776754101903,1.7322018200236204,0.0,0,two_ankles,corrected_motion_outlier,3.2207527750754688,1.664378704063963,0.45970550189179576
365,12.166666666666666,detected,3,1,0.8837392926216125,ankle_midpoint,681.4803466796875,801.1256103515625,0.9820520281791687,0.985345721244812,1.6142860651016235,9.521437644958496,1.551383869147089,9.19962703523464,0.0,0,two_ankles,corrected_motion_outlier,1.5380713216205744,9.075121743908467,0.37152990737118335
366,12.2,detected,1,3,0.7552415132522583,ankle_midpoint,919.8375244140625,566.3397216796875,0.9592884182929993,0.9709025621414185,3.2227542400360107,1.2591142654418945,3.23332712949181,1.5193124204618438,0.0,0,two_ankles,accepted,3.2227542400360107,1.2591142654418945,0.22978358679610775
366,12.2,detected,3,1,0.8838759064674377,ankle_midpoint,681.4952392578125,801.0957641601562,0.9821661114692688,0.985441267490387,1.6143242120742798,9.520724296569824,1.579707023464325,9.344120802835473,0.0,0,two_ankles,accepted,1.6143242120742798,9.520724296569824,0.18541738158055518
367,12.233333333333333,detected,1,3,0.7971152663230896,ankle_midpoint,914.9258422851562,566.7548828125,0.9852906465530396,0.986270010471344,3.175342321395874,1.2814773321151733,3.207233965848639,1.4122866307058421,0.0,0,two_ankles,accepted,3.175342321395874,1.2814773321151733,0.052421338977294896
367,12.233333333333333,detected,3,1,0.8997375965118408,ankle_midpoint,689.3367919921875,803.7036743164062,0.9791406393051147,0.9864897727966309,1.6707957983016968,9.581735610961914,1.6206969721411424,9.451047466492373,0.0,0,two_ankles,accepted,1.6707957983016968,9.581735610961914,0.08313495374925653
368,12.266666666666667,detected,1,3,0.7975367307662964,ankle_midpoint,914.9122924804688,566.6620483398438,0.9853345155715942,0.9862738251686096,3.1752281188964844,1.2767119407653809,3.19283133472017,1.3512780202326347,0.0,0,two_ankles,accepted,3.1752281188964844,1.2767119407653809,0.004766759583568678
368,12.266666666666667,detected,3,1,0.9000815749168396,ankle_midpoint,689.3040771484375,803.6594848632812,0.9792136549949646,0.9865582585334778,1.6704972982406616,9.580693244934082,1.643107118885926,9.509388066791143,0.0,0,two_ankles,accepted,1.6704972982406616,9.580693244934082,0.0010842643692459506
369,12.3,detected,1,3,0.8282618522644043,ankle_midpoint,911.6505737304688,567.3729858398438,0.9866489768028259,0.985544741153717,3.1437320709228516,1.313861608505249,3.170736666011377,1.3344406349553113,0.0,0,two_ankles,accepted,3.1437320709228516,1.313861608505249,0.04870419746941716
369,12.3,detected,3,1,0.9041788578033447,ankle_midpoint,691.8521728515625,802.3743286132812,0.9867963790893555,0.988232433795929,1.6847306489944458,9.549880981445312,1.66183770743476,9.527609878385519,0.0,0,two_ankles,accepted,1.6847306489944458,9.549880981445312,0.0339408876575379
370,12.333333333333334,detected,1,3,0.8579638004302979,ankle_midpoint,910.3284301757812,566.1883544921875,0.9674190878868103,0.9610275030136108,3.131120204925537,1.253312349319458,3.152909258522749,1.2979329064191774,0.0,0,two_ankles,accepted,3.131120204925537,1.253312349319458,0.06184878294584554
370,12.333333333333334,detected,3,1,0.9113401174545288,ankle_midpoint,698.5628662109375,806.0579833984375,0.9821719527244568,0.9907448887825012,1.7354357242584229,9.636183738708496,1.6949568150054084,9.576468115530858,0.0,0,two_ankles,accepted,1.7354357242584229,9.636183738708496,0.10009580694891053
371,12.366666666666667,detected,1,3,0.8585746884346008,ankle_midpoint,910.274658203125,566.1346435546875,0.9673720002174377,0.9609750509262085,3.1306066513061523,1.2505590915679932,3.142873085275281,1.2766146897361446,0.0,0,two_ankles,accepted,3.1306066513061523,1.2505590915679932,0.0028007437522887453
371,12.366666666666667,detected,3,1,0.9111410975456238,ankle_midpoint,698.56201171875,805.9864501953125,0.9821144938468933,0.9906492829322815,1.7352999448776245,9.634499549865723,1.7131112234479058,9.602582260981547,0.0,0,two_ankles,accepted,1.7352999448776245,9.634499549865723,0.0016896532479690946
372,12.4,detected,1,3,0.7022382020950317,ankle_midpoint,907.13525390625,571.8094482421875,0.950523316860199,0.949554443359375,3.1001858711242676,1.5400636196136475,3.123663838907325,1.395166708181021,0.0,0,two_ankles,accepted,3.1001858711242676,1.5400636196136475,0.29109842944580033
372,12.4,detected,3,1,0.9410828351974487,ankle_midpoint,716.6799926757812,834.9305419921875,0.979019045829773,0.9917534589767456,1.8997023105621338,10.288212776184082,1.7310486777902223,9.625729698834853,0.0009446287416839949,0,two_ankles,corrected_motion_outlier,1.752972233097498,9.65402101176667,0.6740690766577426
373,12.433333333333334,detected,1,3,0.7029677033424377,ankle_midpoint,907.1119384765625,571.78076171875,0.9508194327354431,0.9497038722038269,3.0999643802642822,1.5386245250701904,3.1129990825179563,1.4597227257811474,0.0,0,two_ankles,accepted,3.0999643802642822,1.5386245250701904,0.0014560395963245133
373,12.433333333333334,detected,3,1,0.9411152005195618,ankle_midpoint,716.67578125,834.8944702148438,0.9794264435768127,0.99192214012146,1.8996204137802124,10.287426948547363,1.7488668073774396,9.647245447509597,0.0,0,two_ankles,corrected_motion_outlier,1.7706445213173714,9.673542473667618,0.3366435074561592
374,12.466666666666667,detected,1,3,0.6155638098716736,ankle_midpoint,906.14599609375,570.220703125,0.9555791616439819,0.966512143611908,3.0907673835754395,1.4600528478622437,3.102994817993824,1.4598712807176408,0.0,0,two_ankles,accepted,3.0907673835754395,1.4600528478622437,0.07910811088228797
374,12.466666666666667,detected,3,1,0.9434075355529785,ankle_midpoint,718.7493896484375,851.84912109375,0.969704270362854,0.9842074513435364,1.9378790855407715,10.649096488952637,1.766619308349352,9.667863767136133,0.3176606417197211,0,two_ankles,corrected_motion_outlier,1.7883168095372448,9.693063935568565,0.3448744146684823
375,12.5,detected,1,3,0.6152792572975159,ankle_midpoint,906.1199951171875,570.169189453125,0.9556858539581299,0.9663914442062378,3.0905191898345947,1.457448959350586,3.097380785322171,1.4587812361024661,0.0,0,two_ankles,accepted,3.0905191898345947,1.457448959350586,0.002615690255771415
375,12.5,detected,3,1,0.9433590173721313,ankle_midpoint,718.7503051757812,851.8328857421875,0.9699041843414307,0.984257161617279,1.9378609657287598,10.648757934570312,1.8436780541700855,10.109266142481514,0.29541483423102644,0,two_ankles,accepted,1.9378609657287598,10.648757934570312,0.25857192400179224
376,12.533333333333333,detected,1,3,0.6172663569450378,ankle_midpoint,906.1358032226562,570.1856689453125,0.9554003477096558,0.966467559337616,3.090670108795166,1.4582804441452026,3.094360980885019,1.4585558797216978,0.0,0,two_ankles,accepted,3.090670108795166,1.4582804441452026,0.0008450701132679423
376,12.533333333333333,detected,3,1,0.943457841873169,ankle_midpoint,718.6925048828125,851.924560546875,0.9698325395584106,0.9841951131820679,1.937639594078064,10.650678634643555,1.8859607471286757,10.352901763954433,0.0,0,two_ankles,accepted,1.937639594078064,10.650678634643555,0.0019334151595258398
377,12.566666666666666,detected,1,3,0.8168272376060486,ankle_midpoint,906.7806396484375,569.4298095703125,0.9754589796066284,0.965497612953186,3.0968527793884277,1.4198020696640015,3.095482290211553,1.4411166651957346,0.0,0,two_ankles,accepted,3.0968527793884277,1.4198020696640015,0.038971922179696715
377,12.566666666666666,detected,3,1,0.9234557151794434,ankle_midpoint,711.45654296875,863.5028076171875,0.9798327684402466,0.9929006099700928,1.9104692935943604,10.889780044555664,1.8969895930382341,10.594496990224988,0.0,0,two_ankles,accepted,1.9104692935943604,10.889780044555664,0.24064020746818954
378,12.6,detected,1,3,0.7536076307296753,ankle_midpoint,906.1201782226562,566.3135986328125,0.9910662770271301,0.9840111136436462,3.090550422668457,1.260635495185852,3.09326294981716,1.3599001386912875,0.0,0,two_ankles,accepted,3.090550422668457,1.260635495185852,0.15929129960965868
378,12.6,detected,3,1,0.9267223477363586,ankle_midpoint,711.0537109375,861.6600341796875,0.9803416728973389,0.990256130695343,1.9053106307983398,10.852363586425781,1.9007340600302816,10.710536958515345,0.0,0,two_ankles,accepted,1.9053106307983398,10.852363586425781,0.03777040032655624
379,12.633333333333333,detected,1,3,0.7531176805496216,ankle_midpoint,906.1281127929688,566.3062744140625,0.9909618496894836,0.9839301705360413,3.0906269550323486,1.2602571249008179,3.092076752163995,1.3150607824855762,0.0,0,two_ankles,accepted,3.0906269550323486,1.2602571249008179,0.0003860327386630348
379,12.633333333333333,detected,3,1,0.926715075969696,ankle_midpoint,711.106201171875,861.57275390625,0.9801310300827026,0.9901862144470215,1.9054999351501465,10.850579261779785,1.902878703834221,10.773555994984344,0.0,0,two_ankles,accepted,1.9054999351501465,10.850579261779785,0.0017943384797529194
380,12.666666666666666,detected,1,3,0.7550182342529297,ankle_midpoint,906.124755859375,566.326171875,0.9908598065376282,0.9840138554573059,3.0905942916870117,1.2612812519073486,3.091409644949353,1.2908599937253737,0.0,0,two_ankles,accepted,3.0905942916870117,1.2612812519073486,0.0010246477539302262
380,12.666666666666666,detected,3,1,0.9267807006835938,ankle_midpoint,711.08984375,861.6063232421875,0.9801487326622009,0.9901324510574341,1.9054503440856934,10.851264953613281,1.9040359419473836,10.808525026367366,0.0,0,two_ankles,accepted,1.9054503440856934,10.851264953613281,0.0006874827737455163
381,12.7,detected,1,3,0.8294118642807007,ankle_midpoint,914.3603515625,567.4697265625,0.9955723285675049,0.9855104684829712,3.16977858543396,1.3182520866394043,3.1266756681674264,1.3031864355366876,0.0,0,two_ankles,accepted,3.16977858543396,1.3182520866394043,0.09754910756265373
381,12.7,detected,3,1,0.9224393367767334,ankle_midpoint,717.8121337890625,846.1201171875,0.9795738458633423,0.9791434407234192,1.9236730337142944,10.528667449951172,1.9046844831117196,10.840885761257093,0.0,0,two_ankles,corrected_motion_outlier,1.9054771445347967,10.880437770566758,0.3231117698046993
382,12.733333333333333,detected,1,3,0.8290694355964661,ankle_midpoint,914.305419921875,567.4249267578125,0.9955768585205078,0.9855748414993286,3.169257640838623,1.3159692287445068,3.1458375558694653,1.3089386924802064,0.0,0,two_ankles,accepted,3.169257640838623,1.3159692287445068,0.0023415429613198235
382,12.733333333333333,detected,3,1,0.9225912094116211,ankle_midpoint,717.8170776367188,846.2349853515625,0.9795312881469727,0.9789701104164124,1.9238742589950562,10.53110122680664,1.9133198822592212,10.70148272075439,0.0,0,two_ankles,accepted,1.9238742589950562,10.53110122680664,0.16034669672564558
383,12.766666666666667,detected,1,3,0.8102312088012695,ankle_midpoint,926.156005859375,567.8353881835938,0.9937881827354431,0.9776885509490967,3.2830698490142822,1.334509253501892,3.207592087784633,1.3204454449399652,0.0,0,two_ankles,accepted,3.2830698490142822,1.334509253501892,0.1153124071720994
383,12.766666666666667,detected,3,1,0.9278960227966309,ankle_midpoint,726.4776611328125,836.2291259765625,0.9865429401397705,0.9912412166595459,1.9630903005599976,10.315342903137207,1.9357165704945707,10.527719802826658,0.0,0,two_ankles,accepted,1.9630903005599976,10.315342903137207,0.2192933016502494
384,12.8,detected,1,3,0.8106672763824463,ankle_midpoint,926.1432495117188,567.8711547851562,0.993736982345581,0.9771561622619629,3.282933235168457,1.3363409042358398,3.241495604107354,1.3275984016231088,0.0,0,two_ankles,accepted,3.282933235168457,1.3363409042358398,0.0018367383466467116
384,12.8,detected,3,1,0.9279515743255615,ankle_midpoint,726.4840698242188,836.130859375,0.9865608811378479,0.991201639175415,1.9629875421524048,10.31320571899414,1.9479885077405963,10.431188465102025,0.0,0,two_ankles,accepted,1.9629875421524048,10.31320571899414,0.002139653091439239
385,12.833333333333334,detected,1,3,0.7967331409454346,ankle_midpoint,930.9669799804688,569.8621826171875,0.9899536371231079,0.9723604321479797,3.3283324241638184,1.4367477893829346,3.2805721731327635,1.3767156261150304,0.0,0,two_ankles,accepted,3.3283324241638184,1.4367477893829346,0.11019359757435279
385,12.833333333333334,detected,3,1,0.9344531893730164,ankle_midpoint,738.3658447265625,835.3470458984375,0.974763035774231,0.9882575869560242,2.0363881587982178,10.29474925994873,1.987768350716526,10.369790822783044,0.0,0,two_ankles,accepted,2.0363881587982178,10.29474925994873,0.07568547683988323
386,12.866666666666667,detected,1,3,0.7979807257652283,ankle_midpoint,930.9264526367188,569.8692016601562,0.9898440837860107,0.9719991087913513,3.3279409408569336,1.4371123313903809,3.30188811860864,1.4038941434889383,0.0,0,two_ankles,accepted,3.3279409408569336,1.4371123313903809,0.0005349299531362979
386,12.866666666666667,detected,3,1,0.9343739151954651,ankle_midpoint,738.4129638671875,835.3057861328125,0.9749577045440674,0.9884486794471741,2.036627769470215,10.293844223022461,2.009755089155686,10.335614852890782,0.0,0,two_ankles,accepted,2.036627769470215,10.293844223022461,0.0009362185172524033
387,12.9,detected,1,3,0.805625319480896,ankle_midpoint,929.2327880859375,568.1875,0.9930647015571594,0.9811592102050781,3.3124799728393555,1.3518640995025635,3.306654453012462,1.3804806236950697,0.0,0,two_ankles,accepted,3.3124799728393555,1.3518640995025635,0.08663892065370885
387,12.9,detected,3,1,0.9383384585380554,ankle_midpoint,742.8096313476562,833.5235595703125,0.9703087210655212,0.9853107929229736,2.061846971511841,10.25439167022705,2.033196436215956,10.299064420692103,0.0,0,two_ankles,accepted,2.061846971511841,10.25439167022705,0.04682426799952112
388,12.933333333333334,detected,1,3,0.8056943416595459,ankle_midpoint,929.1561889648438,568.19873046875,0.9930925369262695,0.9811174273490906,3.311739444732666,1.3524534702301025,3.308942699286554,1.3678684046358347,0.0,0,two_ankles,accepted,3.311739444732666,1.3524534702301025,0.0009464352757991378
388,12.933333333333334,detected,3,1,0.9382501840591431,ankle_midpoint,742.901611328125,833.5810546875,0.970234215259552,0.9852008819580078,2.062501907348633,10.255640029907227,2.0463838982256606,10.27952344483891,0.0,0,two_ankles,accepted,2.062501907348633,10.255640029907227,0.0014097314784748923
389,12.966666666666667,detected,1,3,0.8139517307281494,ankle_midpoint,931.5204467773438,569.169921875,0.9827854037284851,0.9686266183853149,3.333968162536621,1.4014643430709839,3.3202041577490844,1.382986576931652,0.0,0,two_ankles,accepted,3.333968162536621,1.4014643430709839,0.05381618299204163
389,12.966666666666667,detected,3,1,0.9257493019104004,ankle_midpoint,745.4378662109375,830.8709716796875,0.9796742796897888,0.9923783540725708,2.074890613555908,10.195795059204102,2.0592119201242722,10.241845671303246,0.0,0,two_ankles,accepted,2.074890613555908,10.195795059204102,0.06111383280361389
390,13.0,detected,1,3,0.8068841695785522,ankle_midpoint,930.283935546875,566.349853515625,0.9963890314102173,0.9794095158576965,3.323436975479126,1.2574535608291626,3.3216589257276032,1.3264967196855317,0.0,0,two_ankles,accepted,3.323436975479126,1.2574535608291626,0.1443953299201232
390,13.0,detected,3,1,0.9219934344291687,ankle_midpoint,755.2599487304688,820.4443359375,0.9861432909965515,0.9921495914459229,2.123793601989746,9.961544036865234,2.088273676963736,10.11570993580614,0.0,0,two_ankles,accepted,2.123793601989746,9.961544036865234,0.23930115700632235
391,13.033333333333333,detected,1,3,0.8200393319129944,ankle_midpoint,931.993408203125,565.8753662109375,0.9959782361984253,0.9812410473823547,3.340153217315674,1.2326632738113403,3.329981356942235,1.2842716690421456,0.0,0,two_ankles,accepted,3.340153217315674,1.2326632738113403,0.02989968346929378
391,13.033333333333333,detected,3,1,0.9285560846328735,ankle_midpoint,762.2740478515625,817.7137451171875,0.9856624007225037,0.9913368225097656,2.1653451919555664,9.898588180541992,2.1229558587100597,10.018005145937275,0.0,0,two_ankles,accepted,2.1653451919555664,9.898588180541992,0.07543191946437776
392,13.066666666666666,detected,1,3,0.7922744154930115,ankle_midpoint,936.1286010742188,567.1156616210938,0.9893316030502319,0.9767579436302185,3.379326581954956,1.2955718040466309,3.3521867081979595,1.289356729794164,0.0,0,two_ankles,accepted,3.379326581954956,1.2955718040466309,0.07410826994018029
392,13.066666666666666,detected,3,1,0.9174292683601379,ankle_midpoint,777.408447265625,808.4305419921875,0.985161304473877,0.9925898313522339,2.2522573471069336,9.682161331176758,2.181141528488653,9.866875429295042,0.0,0,two_ankles,accepted,2.2522573471069336,9.682161331176758,0.23322586443020674
393,13.1,detected,1,3,0.7915282845497131,ankle_midpoint,936.1090087890625,567.0901489257812,0.989264965057373,0.9764726758003235,3.37915301322937,1.2942672967910767,3.3643215454620945,1.2915664849427748,0.0,0,two_ankles,accepted,3.37915301322937,1.2942672967910767,0.0013160035267031297
393,13.1,detected,3,1,0.9174354672431946,ankle_midpoint,777.3477783203125,808.558837890625,0.9853129982948303,0.9926504492759705,2.2520065307617188,9.685171127319336,2.2130307795115325,9.785108493405975,0.0,0,two_ankles,accepted,2.2520065307617188,9.685171127319336,0.0030202287428115595
394,13.133333333333333,detected,1,3,0.6736365556716919,ankle_midpoint,934.1166381835938,565.8674926757812,0.9968562126159668,0.9898204803466797,3.360642194747925,1.2318133115768433,3.3626658376407184,1.2646775569281057,0.0,0,two_ankles,accepted,3.360642194747925,1.2318133115768433,0.06513947090660702
394,13.133333333333333,detected,3,1,0.9249987006187439,ankle_midpoint,793.2672729492188,798.541015625,0.9720721244812012,0.9865694642066956,2.345526933670044,9.445603370666504,2.272654048882863,9.632331188173215,0.0,0,two_ankles,accepted,2.345526933670044,9.445603370666504,0.2571746017549284
395,13.166666666666666,detected,1,3,0.6696730852127075,ankle_midpoint,934.140625,565.8499755859375,0.9968459010124207,0.9898329973220825,3.3608832359313965,1.2309054136276245,3.361863666871524,1.2494800924428893,0.0,0,two_ankles,accepted,3.3608832359313965,1.2309054136276245,0.0009393505939344691
395,13.166666666666666,detected,3,1,0.9249957799911499,ankle_midpoint,793.2730102539062,798.545166015625,0.9720824956893921,0.9865534901618958,2.345568895339966,9.44570255279541,2.3054657297885592,9.548348302253203,0.0,0,two_ankles,accepted,2.345568895339966,9.44570255279541,0.00010769343729776843
396,13.2,detected,1,3,0.6704602837562561,ankle_midpoint,934.102294921875,565.8207397460938,0.9968764781951904,0.9898327589035034,3.3605294227600098,1.2294062376022339,3.361263257021343,1.2404468577645944,0.0,0,two_ankles,accepted,3.3605294227600098,1.2294062376022339,0.0015403611639329133
396,13.2,detected,3,1,0.9250304102897644,ankle_midpoint,793.2578125,798.5093994140625,0.9720637798309326,0.986525297164917,2.345432758331299,9.444844245910645,2.3234508926327924,9.501771476899052,0.0,0,two_ankles,accepted,2.345432758331299,9.444844245910645,0.0008690362441031263
397,13.233333333333333,detected,1,3,0.5072593688964844,ankle_midpoint,932.8073120117188,565.5618896484375,0.9919657707214355,0.97694993019104,3.3481688499450684,1.2163254022598267,3.35537077383702,1.2295922027874489,0.0,0,two_ankles,accepted,3.3481688499450684,1.2163254022598267,0.01799700012692778
397,13.233333333333333,detected,3,1,0.9227721691131592,ankle_midpoint,806.0045166015625,791.7929077148438,0.9898115992546082,0.9943581223487854,2.4233696460723877,9.280248641967773,2.3684143316806106,9.402086201179976,0.0,0,two_ankles,accepted,2.4233696460723877,9.280248641967773,0.18211499473707696
398,13.266666666666667,detected,1,3,0.5137382745742798,ankle_midpoint,932.8312377929688,565.5921630859375,0.9919954538345337,0.9768841862678528,3.348384141921997,1.2178826332092285,3.3522267894752598,1.2243228964772497,0.0,0,two_ankles,accepted,3.348384141921997,1.2178826332092285,0.0015720428954404764
398,13.266666666666667,detected,3,1,0.9228387475013733,ankle_midpoint,806.0167236328125,791.814453125,0.989822268486023,0.9943562150001526,2.4234702587127686,9.28077507019043,2.3931894988450817,9.347496192234681,0.0,0,two_ankles,accepted,2.4234702587127686,9.28077507019043,0.0005359566932256994
399,13.3,detected,1,3,0.558340847492218,ankle_midpoint,927.1881103515625,561.9135131835938,0.9902905821800232,0.9725825190544128,3.2954399585723877,1.027851939201355,3.3266727155689675,1.135910965703097,0.0,0,two_ankles,accepted,3.2954399585723877,1.027851939201355,0.19726822150481085
399,13.3,detected,3,1,0.9220576882362366,ankle_midpoint,812.8681030273438,788.7814331054688,0.9944328665733337,0.9965884685516357,2.4664533138275146,9.205310821533203,2.4261582155871766,9.283512775419016,0.0,0,two_ankles,accepted,2.4664533138275146,9.205310821533203,0.08684696800923462
400,13.333333333333334,detected,1,3,0.5658606290817261,ankle_midpoint,927.1845703125,561.9083251953125,0.9903153777122498,0.9726135730743408,3.295407772064209,1.027580976486206,3.3126034909918265,1.087162470555496,0.0,0,two_ankles,accepted,3.295407772064209,1.027580976486206,0.0002728676681280069
400,13.333333333333334,detected,3,1,0.9220326542854309,ankle_midpoint,812.8819580078125,788.765869140625,0.9944328665733337,0.9965870380401611,2.4665324687957764,9.204924583435059,2.4443266295310466,9.248148089026236,0.0,0,two_ankles,accepted,2.4665324687957764,9.204924583435059,0.00039426561790095044
401,13.366666666666667,detected,1,3,0.5614787340164185,ankle_midpoint,927.160888671875,561.924072265625,0.9903359413146973,0.9727208018302917,3.295171022415161,1.02841055393219,3.304758880132327,1.0607241080750083,0.0,0,two_ankles,accepted,3.295171022415161,1.02841055393219,0.0008626987511347338
401,13.366666666666667,detected,3,1,0.9220526218414307,ankle_midpoint,812.8740844726562,788.7818603515625,0.9944138526916504,0.9965752959251404,2.466493606567383,9.205320358276367,2.4543017691973983,9.228875610188796,0.0,0,two_ankles,accepted,2.466493606567383,9.205320358276367,0.00039767825916003425
402,13.4,detected,1,3,0.6181421279907227,ankle_midpoint,915.355712890625,557.89697265625,0.9938832521438599,0.9707946181297302,3.181144952774048,0.8183569312095642,3.2491326128211018,0.9516588784855584,0.0,0,two_ankles,accepted,3.181144952774048,0.8183569312095642,0.2390072571632485
402,13.4,detected,3,1,0.9178662300109863,ankle_midpoint,815.140869140625,785.9481201171875,0.9944756627082825,0.9967255592346191,2.4792592525482178,9.13476848602295,2.4655326367052672,9.186527404314166,0.0,0,two_ankles,accepted,2.4792592525482178,9.13476848602295,0.07169747830831023
403,13.433333333333334,detected,1,3,0.7601367235183716,ankle_midpoint,904.6669311523438,560.461669921875,0.9948769211769104,0.9798435568809509,3.0764248371124268,0.9563890099525452,3.1714141137521983,0.9537874376457025,0.0,0,two_ankles,accepted,3.0764248371124268,0.9563890099525452,0.17326037454158927
403,13.433333333333334,detected,3,1,0.9111621379852295,ankle_midpoint,813.8292236328125,783.574462890625,0.9943441152572632,0.997054934501648,2.4684340953826904,9.075655937194824,2.466838293110108,9.136635244110462,0.0,0,two_ankles,accepted,2.4684340953826904,9.075655937194824,0.06009556935927831
404,13.466666666666667,detected,1,3,0.7587774991989136,ankle_midpoint,904.670166015625,560.4398803710938,0.9948310256004333,0.9796649217605591,3.076456069946289,0.9552409648895264,3.128682994039539,0.9544415249054232,0.0,0,two_ankles,accepted,3.076456069946289,0.9552409648895264,0.0011484698327047637
404,13.466666666666667,detected,3,1,0.9111136794090271,ankle_midpoint,813.8521118164062,783.5982666015625,0.9943186640739441,0.9970460534095764,2.4686083793640137,9.076249122619629,2.4676348319243653,9.109461489439589,0.0,0,two_ankles,accepted,2.4686083793640137,9.076249122619629,0.0006182587276752329
405,13.5,detected,1,3,0.7794374227523804,ankle_midpoint,901.3896484375,562.3377685546875,0.9949395656585693,0.9809953570365906,3.044626474380493,1.0554965734481812,3.090857560192968,0.9999162967496644,0.0,0,two_ankles,accepted,3.044626474380493,1.0554965734481812,0.10518702487164636
405,13.5,detected,3,1,0.9093108177185059,ankle_midpoint,813.027099609375,783.1854248046875,0.9924712181091309,0.9967010617256165,2.4627010822296143,9.06600570678711,2.4654146445617275,9.089906387245975,0.0,0,two_ankles,accepted,2.4627010822296143,9.06600570678711,0.011824708341096423
406,13.533333333333333,detected,1,3,0.819267213344574,ankle_midpoint,894.2161865234375,563.3621215820312,0.993334174156189,0.9791911244392395,2.9751715660095215,1.1104283332824707,3.0387988628104172,1.0496467131894274,0.0,0,two_ankles,accepted,2.9751715660095215,1.1104283332824707,0.088552145853797
406,13.533333333333333,detected,3,1,0.914425253868103,ankle_midpoint,812.042236328125,776.9596557617188,0.9836929440498352,0.993168830871582,2.4505703449249268,8.908607482910156,2.4587347097251673,9.008321880294858,0.0,0,two_ankles,accepted,2.4505703449249268,8.908607482910156,0.15786499189869424
407,13.566666666666666,detected,1,3,0.8190366625785828,ankle_midpoint,894.2073364257812,563.4160766601562,0.9933313727378845,0.9792887568473816,2.97509765625,1.113237738609314,3.0101333198582294,1.0782626746283763,0.0,0,two_ankles,accepted,2.97509765625,1.113237738609314,0.0028103773666623166
407,13.566666666666666,detected,3,1,0.9144190549850464,ankle_midpoint,812.0247802734375,776.95068359375,0.983650267124176,0.9931672215461731,2.450443744659424,8.908380508422852,2.455003775445583,8.963348262952454,0.0,0,two_ankles,accepted,2.450443744659424,8.908380508422852,0.0002598942960371351
408,13.6,detected,1,3,0.818752110004425,ankle_midpoint,894.2258911132812,563.352294921875,0.9932687878608704,0.9791033267974854,2.9752633571624756,1.1099148988723755,2.99444183664514,1.092506175538176,0.0,0,two_ankles,accepted,2.9752633571624756,1.1099148988723755,0.0033269686968429094
408,13.6,detected,3,1,0.9144695997238159,ankle_midpoint,812.0244750976562,777.0087890625,0.9837408661842346,0.9932036399841309,2.450493574142456,8.909863471984863,2.452974184859176,8.939280107017039,0.0,0,two_ankles,accepted,2.450493574142456,8.909863471984863,0.0014838004932044414
409,13.633333333333333,detected,1,3,0.845822274684906,ankle_midpoint,890.46142578125,561.9982299804688,0.9943694472312927,0.9805079102516174,2.938368558883667,1.040050745010376,2.9692088616524774,1.068901231800666,0.0,0,two_ankles,accepted,2.938368558883667,1.040050745010376,0.07900775996626609
409,13.633333333333333,detected,3,1,0.9143238067626953,ankle_midpoint,810.6489868164062,773.813720703125,0.9861576557159424,0.9938348531723022,2.4382526874542236,8.828140258789062,2.4463495110269475,8.889267175314451,0.0,0,two_ankles,accepted,2.4382526874542236,8.828140258789062,0.08263487691017911
410,13.666666666666666,detected,1,3,0.837584376335144,ankle_midpoint,888.8948974609375,561.04052734375,0.9953200221061707,0.9823514223098755,2.9228267669677734,0.9901763796806335,2.948336919044361,1.0334750483466515,0.0,0,two_ankles,accepted,2.9228267669677734,0.9901763796806335,0.05223982784238045
410,13.666666666666666,detected,3,1,0.9161871075630188,ankle_midpoint,807.5960693359375,773.854736328125,0.962380051612854,0.976940929889679,2.417473077774048,8.829595565795898,2.433355116063143,8.862414951031102,0.0,0,two_ankles,accepted,2.417473077774048,8.829595565795898,0.020830508801865613
411,13.7,detected,1,3,0.834179699420929,ankle_midpoint,888.388427734375,560.7755126953125,0.9951990246772766,0.9848639369010925,2.91780424118042,0.9763568043708801,2.9345972140055876,1.0077718385575545,0.0,0,two_ankles,accepted,2.91780424118042,0.9763568043708801,0.014703959569672971
411,13.7,detected,3,1,0.9165985584259033,ankle_midpoint,806.7543334960938,772.9359130859375,0.9666522145271301,0.9799578785896301,2.4108595848083496,8.80601978302002,2.423232126998486,8.837037125426114,0.0,0,two_ankles,accepted,2.4108595848083496,8.80601978302002,0.024485829018082453
412,13.733333333333333,detected,1,3,0.8263800740242004,ankle_midpoint,887.569580078125,559.413330078125,0.9946554899215698,0.9846128225326538,2.909339666366577,0.9047116041183472,2.923231317568033,0.9613947330599113,0.0,0,two_ankles,accepted,2.909339666366577,0.9047116041183472,0.07214349413498553
412,13.733333333333333,detected,3,1,0.9127193093299866,ankle_midpoint,806.9600830078125,764.7687377929688,0.985370397567749,0.9935048818588257,2.4044108390808105,8.592726707458496,2.414762547435532,8.727097437340687,0.0,0,two_ankles,accepted,2.4044108390808105,8.592726707458496,0.21339053963086602
413,13.766666666666667,detected,1,3,0.8261415958404541,ankle_midpoint,887.5953369140625,559.2587890625,0.9946354031562805,0.9847812652587891,2.909536123275757,0.8965332508087158,2.9170684801365088,0.9322070660468734,0.0,0,two_ankles,accepted,2.909536123275757,0.8965332508087158,0.008180712571305903
413,13.766666666666667,detected,3,1,0.9127790927886963,ankle_midpoint,807.045654296875,764.7566528320312,0.9852900505065918,0.9934576153755188,2.4049899578094482,8.59239673614502,2.4103648821037944,8.666482121802638,0.0,0,two_ankles,accepted,2.4049899578094482,8.59239673614502,0.0006665279960934787
414,13.8,detected,1,3,0.8287334442138672,ankle_midpoint,887.6104736328125,559.3687133789062,0.9947013854980469,0.9848700761795044,2.9097232818603516,0.9023438692092896,2.913763140912238,0.9187686274699607,0.0,0,two_ankles,accepted,2.9097232818603516,0.9023438692092896,0.005813631785112772
414,13.8,detected,3,1,0.9127288460731506,ankle_midpoint,807.0389404296875,764.6817016601562,0.9853288531303406,0.9934631586074829,2.4048707485198975,8.59041690826416,2.407892521991041,8.632252775710324,0.0,0,two_ankles,accepted,2.4048707485198975,8.59041690826416,0.0019834135455177584
