frame,time_sec,status,player_id,raw_track_id,person_conf,ground_method,ground_pixel_x,ground_pixel_y,left_ankle_conf,right_ankle_conf,raw_x_m,raw_y_m,stable_x_m,stable_y_m,match_cost,missing_frames,ground_quality,ground_status,corrected_x_m,corrected_y_m,ground_speed_m_per_frame
0,0.0,detected,1,2,0.8926517963409424,ankle_midpoint,924.719970703125,591.4864501953125,0.9936051964759827,0.9956884980201721,3.2610888481140137,2.490095376968384,3.2610888481140137,2.490095376968384,0.0,0,two_ankles,accepted,3.2610888481140137,2.490095376968384,
0,0.0,detected,3,1,0.897540271282196,ankle_midpoint,731.2864990234375,821.3756103515625,0.9946483969688416,0.9949988126754761,1.9717990159988403,9.985504150390625,1.9717990159988403,9.985504150390625,0.0,0,two_ankles,accepted,1.9717990159988403,9.985504150390625,
1,0.03333333333333333,detected,1,2,0.8874261975288391,ankle_midpoint,924.6846923828125,591.904541015625,0.988461971282959,0.991068959236145,3.260627269744873,2.509594202041626,3.2608811378479006,2.498869848251343,0.0,0,two_ankles,accepted,3.260627269744873,2.509594202041626,0.019504287575498797
1,0.03333333333333333,detected,3,1,0.8983376026153564,ankle_midpoint,730.5882568359375,821.9556884765625,0.9946116209030151,0.9948405623435974,1.9681936502456665,9.998688697814941,1.9701766014099122,9.991437196731567,0.0,0,two_ankles,accepted,1.9681936502456665,9.998688697814941,0.013668611963114875
2,0.06666666666666667,detected,1,2,0.8733635544776917,ankle_midpoint,925.810302734375,591.8587646484375,0.9864888787269592,0.9909889101982117,3.270967483520508,2.50724196434021,3.265419993400574,2.502637300491333,0.0,0,two_ankles,accepted,3.270967483520508,2.50724196434021,0.010604387918677337
2,0.06666666666666667,detected,3,1,0.9044754505157471,ankle_midpoint,726.708984375,820.6292114257812,0.9940580129623413,0.9941890239715576,1.9414252042770386,9.969167709350586,1.957238472700119,9.981415927410126,0.0,0,two_ankles,accepted,1.9414252042770386,9.969167709350586,0.03985020024401335
3,0.1,detected,1,2,0.8733042478561401,ankle_midpoint,925.8091430664062,591.8670043945312,0.9864723682403564,0.9909791946411133,3.270953893661499,2.5076262950897217,3.2679102485179903,2.504882348060608,0.0,0,two_ankles,accepted,3.270953893661499,2.5076262950897217,0.00038457094181453477
3,0.1,detected,3,1,0.9042841196060181,ankle_midpoint,726.7230224609375,820.6715087890625,0.9940611720085144,0.9942060112953186,1.941578984260559,9.970123291015625,1.9501917029023172,9.976334241032601,0.0,0,two_ankles,accepted,1.941578984260559,9.970123291015625,0.0009678763360524911
4,0.13333333333333333,detected,1,2,0.8735430836677551,ankle_midpoint,925.8101806640625,591.8781127929688,0.9864881634712219,0.990990161895752,3.2709596157073975,2.508143663406372,3.269282463753224,2.506349939966202,0.0,0,two_ankles,accepted,3.2709596157073975,2.508143663406372,0.0005173999583329348
4,0.13333333333333333,detected,3,1,0.904318630695343,ankle_midpoint,726.7107543945312,820.6679077148438,0.9940502047538757,0.9941828846931458,1.9414950609207153,9.970043182373047,1.9462782140105963,9.973503264635802,0.0,0,two_ankles,accepted,1.9414950609207153,9.970043182373047,0.00011601948795887413
5,0.16666666666666666,detected,1,2,0.8713377118110657,ankle_midpoint,925.6390380859375,591.7975463867188,0.9862380027770996,0.9907811284065247,3.2694175243377686,2.504422664642334,3.2693432410162693,2.5054826660704617,0.0,0,two_ankles,accepted,3.2694175243377686,2.504422664642334,0.0040278874853025524
5,0.16666666666666666,detected,3,1,0.9033787846565247,ankle_midpoint,726.635009765625,820.863525390625,0.9938989877700806,0.994134247303009,1.941306471824646,9.974480628967285,1.9440409300269188,9.97394307858497,0.0,0,two_ankles,accepted,1.941306471824646,9.974480628967285,0.00444145225392249
6,0.2,detected,1,2,0.8628289103507996,ankle_midpoint,925.3602294921875,592.0589599609375,0.9868155121803284,0.9919392466545105,3.266770601272583,2.5166540145874023,3.2681855531316106,2.5105097729030854,0.0,0,two_ankles,accepted,3.266770601272583,2.5166540145874023,0.012514476544855362
6,0.2,detected,3,1,0.9035575985908508,ankle_midpoint,718.9879150390625,814.5841064453125,0.9976385831832886,0.9975247979164124,1.8824350833892822,9.83210563659668,1.9163182990399825,9.910116229690239,0.0,0,two_ankles,accepted,1.8824350833892822,9.83210563659668,0.1540664753567026
7,0.23333333333333334,detected,1,2,0.8685699105262756,ankle_midpoint,925.385986328125,591.8402099609375,0.9861549735069275,0.9917213320732117,3.2670814990997314,2.506460189819336,3.2676887288172654,2.5086874605153984,0.0,0,two_ankles,accepted,3.2670814990997314,2.506460189819336,0.010198564647094696
7,0.23333333333333334,detected,3,1,0.9082001447677612,ankle_midpoint,715.3544921875,815.74365234375,0.9959335923194885,0.9960055947303772,1.8609039783477783,9.859187126159668,1.8913818547284906,9.887198133101482,0.0,0,two_ankles,accepted,1.8609039783477783,9.859187126159668,0.03459762363600307
8,0.26666666666666666,detected,1,2,0.8666957020759583,ankle_midpoint,925.3694458007812,591.9140014648438,0.9855405688285828,0.9914310574531555,3.266904592514038,2.509901523590088,3.2673358674808135,2.509233788899009,0.0,0,two_ankles,accepted,3.266904592514038,2.509901523590088,0.003445877836165922
8,0.26666666666666666,detected,3,1,0.9069533944129944,ankle_midpoint,715.2958984375,815.7775268554688,0.9959325194358826,0.9960352778434753,1.8605821132659912,9.859971046447754,1.8775219710703661,9.874945944107305,0.0,0,two_ankles,accepted,1.8605821132659912,9.859971046447754,0.0008474244207872239
9,0.3,detected,1,2,0.8696595430374146,ankle_midpoint,923.6363525390625,591.4383544921875,0.9894788861274719,0.9925445318222046,3.25115704536438,2.488062620162964,3.2600553975284186,2.4997067629677887,0.0,0,two_ankles,accepted,3.25115704536438,2.488062620162964,0.02692439310606569
9,0.3,detected,3,1,0.9180949926376343,ankle_midpoint,718.103515625,808.62890625,0.992954671382904,0.9941178560256958,1.8670663833618164,9.694087028503418,1.8728169566015187,9.793559432085557,0.0,0,two_ankles,accepted,1.8670663833618164,9.694087028503418,0.16601070196837425
10,0.3333333333333333,detected,1,2,0.8714874386787415,ankle_midpoint,923.6561279296875,591.3839111328125,0.9894514679908752,0.9926296472549438,3.2513556480407715,2.485517740249634,3.2561405102589775,2.4933217027446193,0.0,0,two_ankles,accepted,3.2513556480407715,2.485517740249634,0.002552617636141538
10,0.3333333333333333,detected,3,1,0.9181583523750305,ankle_midpoint,718.0743408203125,808.6651611328125,0.9929634928703308,0.9941635727882385,1.8669360876083374,9.694938659667969,1.8701705655545873,9.749180084497642,0.0,0,two_ankles,accepted,1.8669360876083374,9.694938659667969,0.0008615408427978218
11,0.36666666666666664,detected,1,2,0.877189576625824,ankle_midpoint,923.585693359375,591.1846923828125,0.9921207427978516,0.9938275218009949,3.2507708072662354,2.476229190826416,3.253724143912244,2.485630072381428,0.0,0,two_ankles,accepted,3.2507708072662354,2.476229190826416,0.009306943059840823
11,0.36666666666666664,detected,3,1,0.9176092147827148,ankle_midpoint,723.7371215820312,806.8780517578125,0.9875083565711975,0.9931013584136963,1.9008885622024536,9.652362823486328,1.8839936640461272,9.70561231704255,0.0,0,two_ankles,accepted,1.9008885622024536,9.652362823486328,0.05445615077867702
12,0.4,detected,1,2,0.8896026611328125,ankle_midpoint,922.83642578125,591.0516357421875,0.991776704788208,0.9942877888679504,3.243928909301758,2.470158815383911,3.2493162883375253,2.4786680067325455,0.0,0,two_ankles,accepted,3.243928909301758,2.470158815383911,0.009146640135551866
12,0.4,detected,3,1,0.9095851182937622,ankle_midpoint,729.415283203125,804.1353759765625,0.9871383309364319,0.9940106272697449,1.9336203336715698,9.586993217468262,1.9063256653775764,9.652233722234122,0.0,0,two_ankles,accepted,1.9336203336715698,9.586993217468262,0.07310645836356508
13,0.43333333333333335,detected,1,2,0.8892519474029541,ankle_midpoint,922.1385498046875,590.849853515625,0.9909098744392395,0.9931548833847046,3.2375755310058594,2.4608614444732666,3.244032947538276,2.4706550537158702,0.0,0,two_ankles,accepted,3.2375755310058594,2.4608614444732666,0.011260840182725818
13,0.43333333333333335,detected,3,1,0.912642776966095,ankle_midpoint,738.9026489257812,799.6295166015625,0.988461971282959,0.9934398531913757,1.9889708757400513,9.478519439697266,1.9435160100406903,9.574062295092538,0.0,0,two_ankles,accepted,1.9889708757400513,9.478519439697266,0.1217794850177409
14,0.4666666666666667,detected,1,2,0.8874677419662476,ankle_midpoint,922.6168212890625,592.8971557617188,0.9899529814720154,0.9924556016921997,3.24137020111084,2.556150436401367,3.24283471164593,2.5091279759243443,0.0,0,two_ankles,accepted,3.24137020111084,2.556150436401367,0.09536451910369627
14,0.4666666666666667,detected,3,1,0.9121946096420288,ankle_midpoint,757.545166015625,789.4246215820312,0.9753594398498535,0.9810716509819031,2.0979015827178955,9.228214263916016,2.012989517745433,9.418430681063104,0.0,0,two_ankles,accepted,2.0979015827178955,9.228214263916016,0.2729809149841348
15,0.5,detected,1,2,0.8869081735610962,ankle_midpoint,922.0040283203125,593.3989868164062,0.991457998752594,0.9930791258811951,3.235619068145752,2.5795369148254395,3.23958767207085,2.540811998429837,0.0,0,two_ankles,accepted,3.235619068145752,2.5795369148254395,0.02408324943735206
15,0.5,detected,3,1,0.9062919020652771,ankle_midpoint,767.1932373046875,787.7052001953125,0.9746584892272949,0.97755366563797,2.1600701808929443,9.184514999389648,2.079175816161813,9.313168624310048,0.0,0,two_ankles,accepted,2.1600701808929443,9.184514999389648,0.07599052782548689
16,0.5333333333333333,detected,1,2,0.8868247270584106,ankle_midpoint,921.968505859375,593.3988647460938,0.9913966059684753,0.9930137991905212,3.2352943420410156,2.579538106918335,3.2376556735574247,2.5582387472496615,0.0,0,two_ankles,accepted,3.2352943420410156,2.579538106918335,0.000324728292858353
16,0.5333333333333333,detected,3,1,0.9061184525489807,ankle_midpoint,767.2698974609375,787.6951904296875,0.9746593236923218,0.9775700569152832,2.1605701446533203,9.184256553649902,2.1158032639829916,9.255158192512983,0.0,0,two_ankles,accepted,2.1605701446533203,9.184256553649902,0.0005628125461307632
17,0.5666666666666667,detected,1,2,0.8852266073226929,ankle_midpoint,921.1785278320312,592.1256713867188,0.9860767126083374,0.9863786697387695,3.228409767150879,2.5205745697021484,3.233495015674479,2.5412898673532807,0.0,0,two_ankles,accepted,3.228409767150879,2.5205745697021484,0.05936409767243594
17,0.5666666666666667,detected,3,1,0.9015630483627319,ankle_midpoint,773.0157470703125,787.6849365234375,0.9678235650062561,0.9719840288162231,2.198981523513794,9.183270454406738,2.1532334807718527,9.222808710365173,0.0,0,two_ankles,accepted,2.198981523513794,9.183270454406738,0.03842403437537773
18,0.6,detected,1,2,0.885181725025177,ankle_midpoint,919.57275390625,588.7860717773438,0.9896118640899658,0.9893791079521179,3.2144956588745117,2.3644633293151855,3.224945305114494,2.461717925236138,0.0,0,two_ankles,accepted,3.2144956588745117,2.3644633293151855,0.15673009214660275
18,0.6,detected,3,1,0.8960972428321838,ankle_midpoint,786.0374755859375,780.6387939453125,0.967025101184845,0.974573016166687,2.278200626373291,9.005386352539062,2.2094686962925003,9.124968649343424,0.0,0,two_ankles,accepted,2.278200626373291,9.005386352539062,0.19472652606959645
19,0.6333333333333333,detected,1,2,0.8856098651885986,ankle_midpoint,919.5469970703125,588.8162841796875,0.9896206855773926,0.9893996119499207,3.2142508029937744,2.3658924102783203,3.2201327791601706,2.4185964435051206,0.0,0,two_ankles,accepted,3.2142508029937744,2.3658924102783203,0.0014499057905691083
19,0.6333333333333333,detected,3,1,0.8967705368995667,ankle_midpoint,786.0707397460938,780.4983520507812,0.9673752188682556,0.9747796058654785,2.2782669067382812,9.001834869384766,2.240427890993102,9.069558448362029,0.0,0,two_ankles,accepted,2.2782669067382812,9.001834869384766,0.0035521015866719972
20,0.6666666666666666,detected,1,2,0.8859265446662903,ankle_midpoint,916.9886474609375,587.080810546875,0.989622950553894,0.9891746044158936,3.190993070602417,2.2843310832977295,3.2070199103091817,2.3581770314117945,0.0,0,two_ankles,accepted,3.190993070602417,2.2843310832977295,0.08481257085375285
20,0.6666666666666666,detected,3,1,0.9039627313613892,ankle_midpoint,790.270263671875,780.7064208984375,0.981360673904419,0.9810880422592163,2.3068604469299316,9.006547927856445,2.270322541164675,9.041203714134518,0.0,0,two_ankles,accepted,2.3068604469299316,9.006547927856445,0.028979362671546074
21,0.7,detected,1,2,0.8834787607192993,ankle_midpoint,913.4931640625,586.7904052734375,0.9885812401771545,0.9874371290206909,3.1586790084838867,2.2712361812591553,3.185266504487799,2.3190536488431066,0.0,0,two_ankles,accepted,3.1586790084838867,2.2712361812591553,0.03486653223364905
21,0.7,detected,3,1,0.908100962638855,ankle_midpoint,794.9296875,781.568115234375,0.9873930811882019,0.9850494265556335,2.339223623275757,9.027680397033691,2.301328028114662,9.035118221439145,0.0,0,two_ankles,accepted,2.339223623275757,9.027680397033691,0.03865173264833332
22,0.7333333333333333,detected,1,2,0.8678596615791321,ankle_midpoint,903.016357421875,585.470703125,0.9893754720687866,0.9884838461875916,3.0615925788879395,2.210477113723755,3.1296132379678623,2.2701942080393986,0.0,0,two_ankles,accepted,3.0615925788879395,2.210477113723755,0.11453138914489848
22,0.7333333333333333,detected,3,1,0.9171629548072815,ankle_midpoint,800.0653076171875,779.2958984375,0.9886528849601746,0.983669102191925,2.3716013431549072,8.96959114074707,2.3329510198827723,9.005631035127713,0.0,0,two_ankles,accepted,2.3716013431549072,8.96959114074707,0.0665032212791642
23,0.7666666666666667,detected,1,2,0.8272590637207031,ankle_midpoint,899.180419921875,584.5797119140625,0.965460479259491,0.9683849215507507,3.025876998901367,2.168640613555908,3.0829319303879394,2.224495090521828,0.0,0,two_ankles,accepted,3.025876998901367,2.168640613555908,0.05500813939837883
23,0.7666666666666667,detected,3,1,0.91445392370224,ankle_midpoint,801.0056762695312,775.0341796875,0.993834376335144,0.9912703037261963,2.373720169067383,8.860771179199219,2.3512971370158473,8.94044409995989,0.0,0,two_ankles,accepted,2.373720169067383,8.860771179199219,0.10884058734922038
24,0.8,detected,1,2,0.8250941038131714,ankle_midpoint,900.6807861328125,583.77392578125,0.9544938206672668,0.9618675112724304,3.039757013320923,2.129692554473877,3.0635032177077823,2.18183394930025,0.0,0,two_ankles,accepted,3.039757013320923,2.129692554473877,0.041347383309521174
24,0.8,detected,3,1,0.9144430756568909,ankle_midpoint,806.7169799804688,781.5121459960938,0.9870250225067139,0.9825682044029236,2.4186792373657227,9.024749755859375,2.3816190821732914,8.97838164511466,0.0,0,two_ankles,accepted,2.4186792373657227,9.024749755859375,0.17003026620500694
25,0.8333333333333334,detected,1,2,0.8255106210708618,ankle_midpoint,899.1884765625,584.6244506835938,0.9654593467712402,0.9684596657752991,3.0259571075439453,2.170781373977661,3.046607468134056,2.1768602904050853,0.0,0,two_ankles,accepted,3.0259571075439453,2.170781373977661,0.04334430167470706
25,0.8333333333333334,detected,3,1,0.914478063583374,ankle_midpoint,806.68798828125,781.5057373046875,0.9870322942733765,0.9826323986053467,2.4184775352478027,9.024592399597168,2.3982053860568215,8.99917648463179,0.0,0,two_ankles,accepted,2.4184775352478027,9.024592399597168,0.0002558216910841417
26,0.8666666666666667,detected,1,2,0.7963188886642456,ankle_midpoint,890.3197631835938,585.1851806640625,0.9905784726142883,0.9937627911567688,2.943645477294922,2.1993613243103027,3.000274572256446,2.186985755662433,0.0,0,two_ankles,accepted,2.943645477294922,2.1993613243103027,0.08713218713694848
26,0.8666666666666667,detected,3,1,0.9206004738807678,ankle_midpoint,815.5045166015625,772.3087768554688,0.993817150592804,0.9905095100402832,2.4700570106506348,8.788670539855957,2.4305386171240375,8.904448809482666,0.0,0,two_ankles,accepted,2.4700570106506348,8.788670539855957,0.24149444338655696
27,0.9,detected,1,2,0.7891558408737183,ankle_midpoint,891.4806518554688,587.5762329101562,0.9564952850341797,0.9804010987281799,2.955031633377075,2.312843084335327,2.9799152497607295,2.2436215535652355,0.0,0,two_ankles,accepted,2.955031633377075,2.312843084335327,0.11405154277213608
27,0.9,detected,3,1,0.9130687117576599,ankle_midpoint,825.9534912109375,768.5760498046875,0.9939379692077637,0.9905495047569275,2.5385777950286865,8.690251350402832,2.4791562471811295,8.808059952896741,0.0,0,two_ankles,accepted,2.5385777950286865,8.690251350402832,0.11992261981958856
28,0.9333333333333333,detected,1,2,0.7875943183898926,ankle_midpoint,891.4925537109375,587.5603637695312,0.9566739797592163,0.9804794788360596,2.9551377296447754,2.312089443206787,2.9687653657085504,2.274432103903934,0.0,0,two_ankles,accepted,2.9551377296447754,2.312089443206787,0.0007610725120821374
28,0.9333333333333333,detected,3,1,0.912990927696228,ankle_midpoint,825.969970703125,768.624267578125,0.9939391613006592,0.9905615448951721,2.5387284755706787,8.691509246826172,2.5059637499564267,8.755612135164986,0.0,0,two_ankles,accepted,2.5387284755706787,8.691509246826172,0.0012668891181102752
29,0.9666666666666667,detected,1,2,0.7245393991470337,ankle_midpoint,888.590576171875,583.5331420898438,0.9718624949455261,0.9898443222045898,2.927079200744629,2.1205296516418457,2.9500065914747857,2.205176000385994,0.0,0,two_ankles,accepted,2.927079200744629,2.1205296516418457,0.19360380881698622
29,0.9666666666666667,detected,3,1,0.9077478051185608,ankle_midpoint,833.9940185546875,770.96337890625,0.9946075081825256,0.9925608038902283,2.595482110977173,8.751380920410156,2.546247012415763,8.753708088525313,0.0,0,two_ankles,accepted,2.595482110977173,8.751380920410156,0.08249601462858941
30,1.0,detected,1,2,0.7522631287574768,ankle_midpoint,892.1322631835938,584.7559814453125,0.9575560092926025,0.9859108924865723,2.960376739501953,2.1784796714782715,2.954673158087011,2.193162652377519,0.0,0,two_ankles,accepted,2.960376739501953,2.1784796714782715,0.06683510220189426
30,1.0,detected,3,1,0.9140607714653015,ankle_midpoint,848.697998046875,771.9752197265625,0.997081458568573,0.9963617920875549,2.696725606918335,8.775683403015137,2.6139623799419205,8.763596980045733,0.0,0,two_ankles,accepted,2.696725606918335,8.775683403015137,0.10411943205354843
31,1.0333333333333334,detected,1,2,0.5907520055770874,ankle_midpoint,893.507080078125,585.8861083984375,0.9623432159423828,0.9892482161521912,2.973402500152588,2.2321717739105225,2.9631013620165207,2.210716757067371,0.0,0,two_ankles,accepted,2.973402500152588,2.2321717739105225,0.05524954573680182
31,1.0333333333333334,detected,3,1,0.9275772571563721,ankle_midpoint,854.9747314453125,777.2220458984375,0.9967973828315735,0.9960744380950928,2.7421975135803223,8.909720420837402,2.6716681900792016,8.829352528401984,0.0,0,two_ankles,accepted,2.7421975135803223,8.909720420837402,0.1415401584080039
32,1.0666666666666667,detected,1,2,0.5490298271179199,ankle_midpoint,903.303955078125,587.86767578125,0.9318047761917114,0.9784351587295532,3.0643651485443115,2.324302911758423,3.0086700659540266,2.2618305266783447,0.0,0,two_ankles,accepted,3.0643651485443115,2.324302911758423,0.12946949433586727
32,1.0666666666666667,detected,3,1,0.9254053831100464,ankle_midpoint,859.705078125,778.91552734375,0.9964433312416077,0.9957391023635864,2.7750465869903564,8.952213287353516,2.7181884686892213,8.884639869930172,0.0,0,two_ankles,accepted,2.7750465869903564,8.952213287353516,0.05370945287986125
33,1.1,detected,1,2,0.5436528921127319,ankle_midpoint,903.3406982421875,587.8687133789062,0.9316284656524658,0.9784335494041443,3.064704656600952,2.3243446350097656,3.0338856317451435,2.289961875427484,0.0,0,two_ankles,accepted,3.064704656600952,2.3243446350097656,0.0003420622022768755
33,1.1,detected,3,1,0.9254373908042908,ankle_midpoint,859.6038208007812,778.6148071289062,0.9964579939842224,0.995764970779419,2.7742295265197754,8.944585800170898,2.7434069447129708,8.9116155385385,0.0,0,two_ankles,accepted,2.7742295265197754,8.944585800170898,0.007671124333080231
34,1.1333333333333333,detected,1,2,0.5402827262878418,ankle_midpoint,903.430419921875,587.86279296875,0.9314747452735901,0.978279173374176,3.0655336380004883,2.324047088623047,3.0481272345600487,2.3053002213654876,0.0,0,two_ankles,accepted,3.0655336380004883,2.324047088623047,0.0008807633127158904
34,1.1333333333333333,detected,3,1,0.925347089767456,ankle_midpoint,859.591796875,778.7222900390625,0.9964057207107544,0.9956961870193481,2.7741949558258057,8.947319030761719,2.7572615497137467,8.927682110038948,0.0,0,two_ankles,accepted,2.7741949558258057,8.947319030761719,0.0027334492121635448
35,1.1666666666666667,detected,1,2,0.8153186440467834,ankle_midpoint,914.1363525390625,585.2156982421875,0.9667902588844299,0.9796339869499207,3.1648707389831543,2.1960935592651367,3.100661811550446,2.2561572234203298,0.0,0,two_ankles,accepted,3.1648707389831543,2.1960935592651367,0.16198754676451507
35,1.1666666666666667,detected,3,1,0.9184940457344055,ankle_midpoint,865.05712890625,786.851806640625,0.9932184815406799,0.9929867386817932,2.81431245803833,9.150858879089355,2.7829344584598097,9.028111656111632,0.0,0,two_ankles,accepted,2.81431245803833,9.150858879089355,0.20745573947473533
36,1.2,detected,1,2,0.6924358606338501,ankle_midpoint,925.06005859375,584.9696044921875,0.9068165421485901,0.9347246885299683,3.2664296627044678,2.1821601390838623,3.175257344569756,2.2228585354689194,0.0,0,two_ankles,accepted,3.2664296627044678,2.1821601390838623,0.10251026868260328
36,1.2,detected,3,1,0.9154210090637207,ankle_midpoint,868.482666015625,790.2037963867188,0.9865142703056335,0.9868243336677551,2.838406801223755,9.233309745788574,2.8078970127035854,9.120450796466256,0.0,0,two_ankles,accepted,2.838406801223755,9.233309745788574,0.08589925956019276
37,1.2333333333333334,detected,1,2,0.6935949921607971,ankle_midpoint,930.1302490234375,587.880859375,0.932057797908783,0.9541569352149963,3.31229305267334,2.3196403980255127,3.2369234132163687,2.2664103736193866,0.0,0,two_ankles,accepted,3.31229305267334,2.3196403980255127,0.14492850698913612
37,1.2333333333333334,detected,3,1,0.9128950238227844,ankle_midpoint,874.626708984375,791.85400390625,0.9814656972885132,0.9812972545623779,2.8798396587371826,9.27305793762207,2.8402712034187045,9.189124009986372,0.0,0,two_ankles,accepted,2.8798396587371826,9.27305793762207,0.057416029432210046
38,1.2666666666666666,detected,1,2,0.7658858895301819,ankle_midpoint,957.5076293945312,590.7030029296875,0.9866803288459778,0.9927036762237549,3.5627923011779785,2.4470725059509277,3.3835644127990934,2.34770833316858,0.0,0,two_ankles,accepted,3.5627923011779785,2.4470725059509277,0.28104948964853743
38,1.2666666666666666,detected,3,1,0.9130848050117493,ankle_midpoint,881.361572265625,783.3975830078125,0.9872857928276062,0.9876928925514221,2.9227380752563477,9.062541007995605,2.877381295745644,9.132161659090528,0.0,0,two_ankles,accepted,2.9227380752563477,9.062541007995605,0.21484331918681046
39,1.3,detected,1,2,0.8571374416351318,ankle_midpoint,964.8126220703125,592.1217041015625,0.9881147146224976,0.992417573928833,3.628502607345581,2.51188588142395,3.493786600345013,2.421588229883497,0.0,0,two_ankles,accepted,3.628502607345581,2.51188588142395,0.09229635949942475
39,1.3,detected,3,1,0.9107416272163391,ankle_midpoint,884.052490234375,786.7754516601562,0.9903483390808105,0.9910827875137329,2.941530227661133,9.14653491973877,2.9062483151076144,9.138629626382237,0.0,0,two_ankles,accepted,2.941530227661133,9.14653491973877,0.0860704490630966
40,1.3333333333333333,detected,1,2,0.8566131591796875,ankle_midpoint,964.8201293945312,592.137451171875,0.9880871772766113,0.9923898577690125,3.6285552978515625,2.512617588043213,3.5544325142229605,2.4625514410553695,0.0,0,two_ankles,accepted,3.6285552978515625,2.512617588043213,0.0007336012991355889
40,1.3333333333333333,detected,3,1,0.9107236266136169,ankle_midpoint,884.0450439453125,786.7567138671875,0.9903731346130371,0.9910992980003357,2.941476583480835,9.14607048034668,2.922101035875564,9.141978010666236,0.0,0,two_ankles,accepted,2.941476583480835,9.14607048034668,0.00046752716178272683
41,1.3666666666666667,detected,1,2,0.728444516658783,ankle_midpoint,996.8291015625,596.2236328125,0.9831328988075256,0.9913672804832458,3.915701150894165,2.695253610610962,3.618351895977753,2.5040878462656435,0.0,0,two_ankles,corrected_motion_outlier,3.6964755847891655,2.5548545637448674,0.34030671115764266
41,1.3666666666666667,detected,3,1,0.9098737239837646,ankle_midpoint,889.5291748046875,785.962890625,0.9923626184463501,0.9937113523483276,2.978097677230835,9.125617980957031,2.947299524485436,9.134615997297093,0.0,0,two_ankles,accepted,2.978097677230835,9.125617980957031,0.04194531247624529
42,1.4,detected,1,2,0.7353551387786865,ankle_midpoint,1010.028076171875,598.4534912109375,0.9721122980117798,0.9850923418998718,4.03187894821167,2.7945756912231445,3.804439069483016,2.634807376496519,0.0,0,two_ankles,accepted,4.03187894821167,2.7945756912231445,0.24605402805513424
42,1.4,detected,3,1,0.907233476638794,ankle_midpoint,892.694091796875,787.0375366210938,0.9938619136810303,0.9954254031181335,2.9994540214538574,9.151942253112793,2.970769048121226,9.142412812414157,0.0,0,two_ankles,accepted,2.9994540214538574,9.151942253112793,0.033897798499354446
43,1.4333333333333333,detected,1,2,0.7351392507553101,ankle_midpoint,1010.0166015625,598.5526123046875,0.9723473787307739,0.9852439165115356,4.031599521636963,2.799086332321167,3.9066612729522925,2.7087329066176107,0.0,0,two_ankles,accepted,4.031599521636963,2.799086332321167,0.004519287811793112
43,1.4333333333333333,detected,3,1,0.9071463346481323,ankle_midpoint,892.6920166015625,787.0830078125,0.9938473105430603,0.9954081177711487,2.999445676803589,9.153071403503418,2.9836735310282894,9.147209178404324,0.0,0,two_ankles,accepted,2.999445676803589,9.153071403503418,0.0011291812245324904
44,1.4666666666666666,detected,1,2,0.7344522476196289,ankle_midpoint,1010.0174560546875,598.587158203125,0.9724212884902954,0.9853120446205139,4.031546592712402,2.800657033920288,3.9628596668443423,2.7500987639038157,0.0,0,two_ankles,accepted,4.031546592712402,2.800657033920288,0.0015715931358136867
44,1.4666666666666666,detected,3,1,0.9071956872940063,ankle_midpoint,892.687744140625,787.0792846679688,0.9938880801200867,0.9954297542572021,2.9994165897369385,9.152979850769043,2.9907579074471817,9.149805980968448,0.0,0,two_ankles,accepted,2.9994165897369385,9.152979850769043,9.606227468607837e-05
45,1.5,detected,1,2,0.6893460750579834,ankle_midpoint,1037.03662109375,609.85205078125,0.9735395908355713,0.9918274879455566,4.251871109008789,3.2972753047943115,4.015544848923199,2.7881601208131697,0.0,0,two_ankles,corrected_motion_outlier,4.0799378492418,2.8346795570357135,0.5432978919958568
45,1.5,detected,3,1,0.9087116718292236,ankle_midpoint,903.9646606445312,794.257080078125,0.988100528717041,0.9916701316833496,3.0750503540039062,9.32805061340332,3.028689508397708,9.23001606556414,0.0,0,two_ankles,accepted,3.0750503540039062,9.32805061340332,0.1907098272940824
46,1.5333333333333334,detected,1,2,0.6875308752059937,ankle_midpoint,1037.027587890625,609.8638916015625,0.9736748337745667,0.9918963313102722,4.251765727996826,3.297793388366699,4.121844244506331,3.0174950912122585,0.0,0,two_ankles,accepted,4.251765727996826,3.297793388366699,0.27186440667071843
46,1.5333333333333334,detected,3,1,0.9085802435874939,ankle_midpoint,903.9197998046875,794.2218627929688,0.9880771636962891,0.9916600584983826,3.0747523307800293,9.32719898223877,3.0494177784697527,9.273748378067724,0.0,0,two_ankles,accepted,3.0747523307800293,9.32719898223877,0.0009022712909120696
47,1.5666666666666667,detected,1,2,0.6644030213356018,ankle_midpoint,1041.1109619140625,613.6019897460938,0.9761427044868469,0.9933934807777405,4.279843330383301,3.4590036869049072,4.192943833150967,3.2161739592739504,0.0,0,two_ankles,accepted,4.279843330383301,3.4590036869049072,0.16363713548748987
47,1.5666666666666667,detected,3,1,0.9110985398292542,ankle_midpoint,906.519775390625,798.0059204101562,0.9858096241950989,0.9919779300689697,3.091966390609741,9.418548583984375,3.068564653932748,9.338908470730217,0.0,0,two_ankles,accepted,3.091966390609741,9.418548583984375,0.09295737515066584
48,1.6,detected,1,2,0.7975814938545227,ankle_midpoint,1053.9080810546875,617.1817626953125,0.9656170606613159,0.988695502281189,4.384219646453857,3.609722137451172,4.279017949137268,3.3932706394537,0.0,0,two_ankles,accepted,4.384219646453857,3.609722137451172,0.18333157581695403
48,1.6,detected,3,1,0.9149942994117737,ankle_midpoint,911.9855346679688,810.1688232421875,0.9844850301742554,0.9887896776199341,3.127352714538574,9.706256866455078,3.09501928120537,9.504215248806407,0.0,0,two_ankles,accepted,3.127352714538574,9.706256866455078,0.28987626278023904
49,1.6333333333333333,detected,1,2,0.7969271540641785,ankle_midpoint,1053.9365234375,617.1685180664062,0.9656565189361572,0.9887304902076721,4.384500026702881,3.609154224395752,4.326484884041794,3.4904182526776237,0.0,0,two_ankles,accepted,4.384500026702881,3.609154224395752,0.000633354815690886
49,1.6333333333333333,detected,3,1,0.9149755835533142,ankle_midpoint,911.9869384765625,810.1898193359375,0.9845410585403442,0.9888144135475159,3.1273608207702637,9.706747055053711,3.1095729740095726,9.595354561617693,0.0,0,two_ankles,accepted,3.1273608207702637,9.706747055053711,0.0004902556202857889
50,1.6666666666666667,detected,1,2,0.7978120446205139,ankle_midpoint,1053.9228515625,617.1773681640625,0.9654622673988342,0.9886677861213684,4.384359359741211,3.609532594680786,4.352528398106532,3.5440197065790473,0.0,0,two_ankles,accepted,4.384359359741211,3.609532594680786,0.0004036722268156352
50,1.6666666666666667,detected,3,1,0.9149798154830933,ankle_midpoint,911.9847412109375,810.1651611328125,0.9845238327980042,0.9888023734092712,3.127347707748413,9.706171989440918,3.117571604192051,9.645222404138146,0.0,0,two_ankles,accepted,3.127347707748413,9.706171989440918,0.0005752150992098579
51,1.7,detected,1,2,0.8497821092605591,ankle_midpoint,1059.4761962890625,616.771240234375,0.9610211849212646,0.9875403046607971,4.433994770050049,3.591247797012329,4.389188265481115,3.565272347274024,0.0,0,two_ankles,accepted,4.433994770050049,3.591247797012329,0.052896198183830775
51,1.7,detected,3,1,0.9128127098083496,ankle_midpoint,914.0440673828125,826.597412109375,0.9627662301063538,0.9810457229614258,3.1395492553710938,10.080951690673828,3.1267853385665063,9.698993107338524,0.0,0,two_ankles,corrected_motion_outlier,3.1380465694686186,9.764712855694537,0.374978268997842
52,1.7333333333333334,detected,1,2,0.849297285079956,ankle_midpoint,1059.474609375,616.7786254882812,0.9609513878822327,0.9875274300575256,4.433963298797607,3.591562271118164,4.409337030473537,3.5771028130038873,0.0,0,two_ankles,accepted,4.433963298797607,3.591562271118164,0.0003160449382143763
52,1.7333333333333334,detected,3,1,0.9128650426864624,ankle_midpoint,914.0592041015625,826.5798950195312,0.962663471698761,0.9809963703155518,3.1396467685699463,10.080558776855469,3.1325729820680546,9.87069765862115,0.0,0,two_ankles,accepted,3.1396467685699463,10.080558776855469,0.18729437624210704
53,1.7666666666666666,detected,1,2,0.8433233499526978,ankle_midpoint,1063.143310546875,616.8126831054688,0.9302921295166016,0.9780475497245789,4.466039657592773,3.592339515686035,4.434853212677194,3.5839593292108542,0.0,0,two_ankles,accepted,4.466039657592773,3.592339515686035,0.03208577414796952
53,1.7666666666666666,detected,3,1,0.9067260026931763,ankle_midpoint,916.2264404296875,829.3858642578125,0.9737510085105896,0.985109806060791,3.153165102005005,10.142736434936523,3.1418394360396826,9.993115107963067,0.0,0,two_ankles,accepted,3.153165102005005,10.142736434936523,0.0636302326202409
54,1.8,detected,1,2,0.8845205307006836,ankle_midpoint,1062.897216796875,612.2333984375,0.9873449206352234,0.9977426528930664,4.475382328033447,3.395923376083374,4.453091314587509,3.4993431503034884,0.0,0,two_ankles,accepted,4.475382328033447,3.395923376083374,0.19663820937797188
54,1.8,detected,3,1,0.9165757894515991,ankle_midpoint,923.187255859375,829.9061279296875,0.9909659624099731,0.9896997809410095,3.1971335411071777,10.153437614440918,3.166721783320056,10.0652602358781,0.0,0,two_ankles,accepted,3.1971335411071777,10.153437614440918,0.045251948906834455
55,1.8333333333333333,detected,1,2,0.8759331703186035,ankle_midpoint,1066.687255859375,611.6390991210938,0.9752801656723022,0.9950262904167175,4.5104265213012695,3.3694827556610107,4.478892157608701,3.440905972714374,0.0,0,two_ankles,accepted,4.5104265213012695,3.3694827556610107,0.043899907632157655
55,1.8333333333333333,detected,3,1,0.9063293933868408,ankle_midpoint,927.676513671875,828.5147094726562,0.9806973934173584,0.9838495254516602,3.2257723808288574,10.122041702270508,3.1932945521990166,10.090811895754683,0.0,0,two_ankles,accepted,3.2257723808288574,10.122041702270508,0.042495722627297054
56,1.8666666666666667,detected,1,2,0.8742868900299072,ankle_midpoint,1066.7330322265625,611.6224365234375,0.9752482771873474,0.9950240254402161,4.510875225067139,3.3687517642974854,4.493284537964998,3.408436578926774,0.0,0,two_ankles,accepted,4.510875225067139,3.3687517642974854,0.0008577199094423881
56,1.8666666666666667,detected,3,1,0.9062432646751404,ankle_midpoint,927.7122192382812,828.4953002929688,0.9804562330245972,0.9836411476135254,3.2260022163391113,10.12160587310791,3.208013001062059,10.104669185563637,0.0,0,two_ankles,accepted,3.2260022163391113,10.12160587310791,0.0004927183990315845
57,1.9,detected,1,2,0.8750382661819458,ankle_midpoint,1066.72607421875,611.6217041015625,0.9754067063331604,0.9950522780418396,4.510815620422363,3.3687212467193604,4.501173525070813,3.390564679433438,0.0,0,two_ankles,accepted,4.510815620422363,3.3687212467193604,6.69629468692648e-05
57,1.9,detected,3,1,0.9063183665275574,ankle_midpoint,927.6939086914062,828.48046875,0.9804702401161194,0.9836966395378113,3.225888967514038,10.121277809143066,3.2160571859654494,10.11214306617438,0.0,0,two_ankles,accepted,3.225888967514038,10.121277809143066,0.0003470608900603337
58,1.9333333333333333,detected,1,2,0.8213555812835693,ankle_midpoint,1068.439208984375,605.8936767578125,0.9707423448562622,0.9798004031181335,4.541184902191162,3.1174137592315674,4.51917864477497,3.2676467653425965,0.0,0,two_ankles,accepted,4.541184902191162,3.1174137592315674,0.25313582627233927
58,1.9333333333333333,detected,3,1,0.9114810228347778,ankle_midpoint,966.7574462890625,814.0341796875,0.9843904376029968,0.9797394871711731,3.480822801589966,9.789280891418457,3.2251502500558242,10.12168685122132,0.0,0,two_ankles,corrected_motion_outlier,3.2362639950551704,10.133351477389802,0.41858477413218664
59,1.9666666666666666,detected,1,2,0.8395493030548096,ankle_midpoint,1066.291015625,605.32568359375,0.9643656611442566,0.9747563600540161,4.523479461669922,3.0926411151885986,4.521114012377699,3.188894222773298,0.0,0,two_ankles,accepted,4.523479461669922,3.0926411151885986,0.030449409139272486
59,1.9666666666666666,detected,3,1,0.9103605151176453,ankle_midpoint,985.627197265625,806.1246337890625,0.9905716180801392,0.9855688214302063,3.608187198638916,9.602320671081543,3.2348201976990394,10.132369083708166,0.0024412263808863965,0,two_ankles,corrected_motion_outlier,3.246639022596302,10.145425145636535,0.3222842102346226
60,2.0,detected,1,2,0.8401929140090942,ankle_midpoint,1066.3037109375,605.2550048828125,0.9652710556983948,0.9747598767280579,4.523780822753906,3.0895020961761475,4.5223140770469925,3.14416776580458,0.0,0,two_ankles,accepted,4.523780822753906,3.0895020961761475,0.0031534518964890152
60,2.0,detected,3,1,0.9102058410644531,ankle_midpoint,985.7244262695312,806.228759765625,0.9904946088790894,0.9853981733322144,3.6087486743927,9.604764938354492,3.403088012211187,9.894947218299013,0.005157983281174561,0,two_ankles,accepted,3.6087486743927,9.604764938354492,0.21431210388420527
61,2.033333333333333,detected,1,2,0.8178738355636597,ankle_midpoint,1062.272216796875,606.8303833007812,0.9646317958831787,0.9752299189567566,4.483621120452881,3.1599786281585693,4.5049022465796424,3.151282653863875,0.0,0,two_ankles,accepted,4.483621120452881,3.1599786281585693,0.08111561655548405
61,2.033333333333333,detected,3,1,0.904183030128479,ankle_midpoint,999.2925415039062,800.553955078125,0.9941315054893494,0.9882218241691589,3.7020063400268555,9.468180656433105,3.537601259728238,9.702902265459354,0.0,0,two_ankles,accepted,3.7020063400268555,9.468180656433105,0.165385181523354
62,2.066666666666667,detected,1,2,0.7272979021072388,ankle_midpoint,1046.8443603515625,608.2432861328125,0.9721274971961975,0.9817220568656921,4.342631816864014,3.225048303604126,4.43188055320761,3.184477196246988,0.0,0,two_ankles,accepted,4.342631816864014,3.225048303604126,0.15528054092211244
62,2.066666666666667,detected,3,1,0.899593710899353,ankle_midpoint,1032.510009765625,803.0380859375,0.9925018548965454,0.9851304292678833,3.917696714401245,9.52336597442627,3.708644214331091,9.622110934494467,0.0,0,two_ankles,accepted,3.917696714401245,9.52336597442627,0.22263817489319077
63,2.1,detected,1,2,0.710109293460846,ankle_midpoint,1042.05029296875,610.1541748046875,0.9614405035972595,0.9723373651504517,4.295706748962402,3.3095149993896484,4.370602341297267,3.2407442076611854,0.0,0,two_ankles,accepted,4.295706748962402,3.3095149993896484,0.09662600423537564
63,2.1,detected,3,1,0.8790344595909119,ankle_midpoint,1041.449462890625,797.626708984375,0.9908231496810913,0.9863516092300415,3.9828648567199707,9.392487525939941,3.832043503406087,9.518780400644932,0.0,0,two_ankles,accepted,3.9828648567199707,9.392487525939941,0.14620552332747938
64,2.1333333333333333,detected,1,2,0.7103252410888672,ankle_midpoint,1042.054931640625,610.1776123046875,0.9613556861877441,0.9722818732261658,4.295695781707764,3.310535430908203,4.336894389481991,3.272150258122344,0.0,0,two_ankles,accepted,4.295695781707764,3.310535430908203,0.0010204904530342921
64,2.1333333333333333,detected,3,1,0.8793055415153503,ankle_midpoint,1041.44677734375,797.679443359375,0.9910717606544495,0.9866989850997925,3.9827828407287598,9.39376163482666,3.89987620520129,9.46252195602671,0.0,0,two_ankles,accepted,3.9827828407287598,9.39376163482666,0.0012767458940721153
65,2.1666666666666665,detected,1,2,0.7127252221107483,ankle_midpoint,1042.0078125,610.1317138671875,0.9611656665802002,0.9721106290817261,4.295379161834717,3.3085439205169678,4.318212537040718,3.2885274061999246,0.0,0,two_ankles,accepted,4.295379161834717,3.3085439205169678,0.0020165221998298464
65,2.1666666666666665,detected,3,1,0.8787366151809692,ankle_midpoint,1041.5322265625,797.731201171875,0.9911880493164062,0.9868719577789307,3.9832839965820312,9.395001411437988,3.9374097113226236,9.432137710961786,0.0,0,two_ankles,accepted,3.9832839965820312,9.395001411437988,0.0013372371649279413
66,2.2,detected,1,2,0.7376734614372253,ankle_midpoint,1046.229736328125,615.67431640625,0.7781723141670227,0.8164088726043701,4.320322036743164,3.5469119548797607,4.3191618119068185,3.4048004531058513,0.0,0,two_ankles,accepted,4.320322036743164,3.5469119548797607,0.239669494960623
66,2.2,detected,3,1,0.9076951146125793,ankle_midpoint,1067.774658203125,777.3170776367188,0.9903828501701355,0.9773297309875488,4.187202453613281,8.884469032287598,3.9770957852000235,9.40285326976036,0.0,0,two_ankles,corrected_motion_outlier,4.025600986605734,9.367061174958618,0.5497508956599925
67,2.2333333333333334,detected,1,2,0.7382713556289673,ankle_midpoint,1046.2818603515625,615.69873046875,0.7782977223396301,0.8168203830718994,4.320724964141846,3.547945022583008,4.319865230412581,3.4692155093705717,0.0,0,two_ankles,accepted,4.320724964141846,3.547945022583008,0.0011088639989198542
67,2.2333333333333334,detected,3,1,0.9075933694839478,ankle_midpoint,1067.7828369140625,777.3004150390625,0.9903281331062317,0.977256178855896,4.187283992767334,8.884041786193848,4.071680478605313,9.16938810215543,0.0,0,two_ankles,accepted,4.187283992767334,8.884041786193848,0.2750889570090174
68,2.2666666666666666,detected,1,2,0.6748161911964417,ankle_midpoint,1041.12548828125,606.048828125,0.9153394103050232,0.9381350874900818,4.296593189239502,3.1294212341308594,4.318553749188156,3.532429035058562,0.0,0,two_ankles,corrected_motion_outlier,4.3169508276916355,3.6096900108994388,0.4192189214005924
68,2.2666666666666666,detected,3,1,0.9084285497665405,ankle_midpoint,1072.86376953125,775.8530883789062,0.9967343807220459,0.9858396053314209,4.224109649658203,8.84631061553955,4.1402736055791145,9.024003233178286,0.0,0,two_ankles,accepted,4.224109649658203,8.84631061553955,0.05272352647905574
69,2.3,detected,1,2,0.5040084719657898,ankle_midpoint,1036.444580078125,599.0890502929688,0.9378734230995178,0.9514361619949341,4.2699384689331055,2.8183963298797607,4.316134073112128,3.5949817189293505,0.20413378065213128,0,two_ankles,corrected_motion_outlier,4.313176691241426,3.6714349992158697,0.3656571355520784
69,2.3,detected,3,1,0.889504075050354,ankle_midpoint,1084.768798828125,775.5475463867188,0.9959222078323364,0.9843926429748535,4.3056793212890625,8.83691120147705,4.2147061776485915,8.93981181891273,0.0,0,two_ankles,accepted,4.3056793212890625,8.83691120147705,0.08210944108130652
70,2.3333333333333335,detected,1,2,0.511025071144104,ankle_midpoint,1036.4547119140625,599.1089477539062,0.9380618929862976,0.9516119956970215,4.269986152648926,2.8192975521087646,4.295367508903687,3.245923843860087,0.2647320692604449,0,two_ankles,accepted,4.269986152648926,2.8192975521087646,0.2434706377962528
70,2.3333333333333335,detected,3,1,0.8896456956863403,ankle_midpoint,1084.7564697265625,775.5211181640625,0.9959763884544373,0.9845380783081055,4.305640697479248,8.836234092712402,4.255626711572387,8.893201842122583,0.0,0,two_ankles,accepted,4.305640697479248,8.836234092712402,0.0006782094645817884
71,2.3666666666666667,detected,1,2,0.5691385865211487,ankle_midpoint,1033.541015625,598.9580078125,0.9462679028511047,0.9625113606452942,4.243930339813232,2.813001871109009,4.272220782812982,3.0511089561221016,0.0,0,two_ankles,accepted,4.243930339813232,2.813001871109009,0.026805614743545238
71,2.3666666666666667,detected,3,1,0.8901135325431824,ankle_midpoint,1089.560546875,775.1756591796875,0.9955464601516724,0.9805876612663269,4.338970184326172,8.826726913452148,4.293131274311591,8.863288124220889,0.0,0,two_ankles,accepted,4.338970184326172,8.826726913452148,0.03465892599267713
72,2.4,detected,1,2,0.6215806007385254,ankle_midpoint,1020.9456787109375,596.2232666015625,0.9681618213653564,0.9793806672096252,4.135216236114502,2.690584897994995,4.210568736798666,2.888873129964904,0.0,0,two_ankles,accepted,4.135216236114502,2.690584897994995,0.16372132313603951
72,2.4,detected,3,1,0.8866132497787476,ankle_midpoint,1094.5382080078125,773.8734130859375,0.9951962828636169,0.9788050651550293,4.375250339508057,8.792522430419922,4.330084853650001,8.831443562010454,0.0,0,two_ankles,accepted,4.375250339508057,8.792522430419922,0.04986177212578304
73,2.433333333333333,detected,1,2,0.6333703994750977,ankle_midpoint,1015.7325439453125,595.1871948242188,0.9809134602546692,0.9874475598335266,4.089714050292969,2.643965005874634,4.156184127871103,2.778664474124283,0.0,0,two_ankles,accepted,4.089714050292969,2.643965005874634,0.06514494037031168
73,2.433333333333333,detected,3,1,0.8849353194236755,ankle_midpoint,1095.635986328125,771.0762939453125,0.9862759113311768,0.9652306437492371,4.387871265411377,8.719888687133789,4.356088738942621,8.781243868315956,0.0,0,two_ankles,accepted,4.387871265411377,8.719888687133789,0.073722102753604
74,2.466666666666667,detected,1,2,0.6295758485794067,ankle_midpoint,1015.742919921875,595.1488037109375,0.9809025526046753,0.9874189496040344,4.08988094329834,2.6421947479248047,4.12634769481336,2.7172530973345177,0.0,0,two_ankles,accepted,4.08988094329834,2.6421947479248047,0.0017781075569759355
74,2.466666666666667,detected,3,1,0.8851563334465027,ankle_midpoint,1095.625,771.0419921875,0.9863835573196411,0.9654099345207214,4.387858867645264,8.71899700164795,4.37038529685881,8.753232778315354,0.0,0,two_ankles,accepted,4.387858867645264,8.71899700164795,0.0008917716693537858
75,2.5,detected,1,2,0.6252707242965698,ankle_midpoint,1005.695068359375,597.5830078125,0.9801504611968994,0.9862180352210999,3.9940807819366455,2.7557430267333984,4.066827584018839,2.7345735655640144,0.0,0,two_ankles,accepted,3.9940807819366455,2.7557430267333984,0.1485627225696972
75,2.5,detected,3,1,0.8812229633331299,ankle_midpoint,1098.91650390625,769.6944580078125,0.9856148958206177,0.9601134061813354,4.4129486083984375,8.683431625366211,4.3895387870516425,8.72182225948824,0.0,0,two_ankles,accepted,4.4129486083984375,8.683431625366211,0.04352460317019678
76,2.533333333333333,detected,1,2,0.7281668782234192,ankle_midpoint,996.0863037109375,597.3844604492188,0.9825564622879028,0.9877855777740479,3.907151937484741,2.748525857925415,3.994973543078495,2.740852097126645,0.0,0,two_ankles,accepted,3.907151937484741,2.748525857925415,0.08722792857420324
76,2.533333333333333,detected,3,1,0.8874679803848267,ankle_midpoint,1103.62060546875,768.871337890625,0.98568195104599,0.9683119058609009,4.446842193603516,8.661284446716309,4.415325319999985,8.694580243740871,0.0,0,two_ankles,accepted,4.446842193603516,8.661284446716309,0.04048793203171262
77,2.566666666666667,detected,1,2,0.744388997554779,ankle_midpoint,993.900146484375,598.300048828125,0.9830623865127563,0.9867480993270874,3.8859267234802246,2.790687322616577,3.945902474259274,2.7632779485971146,0.0,0,two_ankles,accepted,3.8859267234802246,2.790687322616577,0.047202741598784674
77,2.566666666666667,detected,3,1,0.8877292275428772,ankle_midpoint,1103.903076171875,767.210205078125,0.9835872054100037,0.9673402309417725,4.452001571655273,8.617650032043457,4.431829633244865,8.659961648477037,0.0,0,two_ankles,accepted,4.452001571655273,8.617650032043457,0.04393838100935586
78,2.6,detected,1,2,0.7432652115821838,ankle_midpoint,993.8717041015625,598.274169921875,0.9828930497169495,0.9865987300872803,3.8857076168060303,2.7895150184631348,3.9188147884053146,2.7750846300368237,0.0,0,two_ankles,accepted,3.8857076168060303,2.7895150184631348,0.0011926041937100357
78,2.6,detected,3,1,0.8874861598014832,ankle_midpoint,1103.879150390625,767.190673828125,0.9835255146026611,0.9672760963439941,4.451874256134033,8.617138862609863,4.440849713544991,8.640691394836809,0.0,0,two_ankles,accepted,4.451874256134033,8.617138862609863,0.0005267859449427516
79,2.6333333333333333,detected,1,2,0.7435715198516846,ankle_midpoint,993.8816528320312,598.3028564453125,0.9830695390701294,0.9867461323738098,3.8857548236846924,2.790818691253662,3.9039378042810347,2.782164957584401,0.0,0,two_ankles,accepted,3.8857548236846924,2.790818691253662,0.001304527207134589
79,2.6333333333333333,detected,3,1,0.88753342628479,ankle_midpoint,1103.9249267578125,767.2288208007812,0.9835853576660156,0.9673736691474915,4.452116012573242,8.618136405944824,4.445919548107704,8.630541649835417,0.0,0,two_ankles,accepted,4.452116012573242,8.618136405944824,0.0010264204211842224
80,2.6666666666666665,detected,1,2,0.8107494711875916,ankle_midpoint,989.3555908203125,600.2381591796875,0.9814366698265076,0.9859431982040405,3.8419878482818604,2.879441976547241,3.8760603240814064,2.8259396161176795,0.0,0,two_ankles,accepted,3.8419878482818604,2.879441976547241,0.0988414631222101
80,2.6666666666666665,detected,3,1,0.9038751125335693,ankle_midpoint,1099.910888671875,769.510009765625,0.969147801399231,0.9688448905944824,4.420126438140869,8.678481101989746,4.434312648622629,8.652114403304866,0.0,0,two_ankles,accepted,4.420126438140869,8.678481101989746,0.068299452509653
81,2.7,detected,1,2,0.8115531206130981,ankle_midpoint,989.3372802734375,600.250244140625,0.9813174605369568,0.9858366250991821,3.8418054580688477,2.8799915313720703,3.8606456343757554,2.8502629779821556,0.0,0,two_ankles,accepted,3.8418054580688477,2.8799915313720703,0.0005790308241326716
81,2.7,detected,3,1,0.9039962887763977,ankle_midpoint,1099.91259765625,769.5584716796875,0.9689711332321167,0.9687454700469971,4.420046329498291,8.679747581481934,4.427892805016677,8.664549333484548,0.0,0,two_ankles,accepted,4.420046329498291,8.679747581481934,0.0012690105195573508
82,2.7333333333333334,detected,1,2,0.8020219802856445,ankle_midpoint,986.8359375,601.095947265625,0.9674127101898193,0.9750656485557556,3.818058729171753,2.9186155796051025,3.841481527033954,2.8810216487124816,0.0,0,two_ankles,accepted,3.818058729171753,2.9186155796051025,0.04534009522728987
82,2.7333333333333334,detected,3,1,0.9074627161026001,ankle_midpoint,1097.517578125,768.0887451171875,0.9859904050827026,0.9783455729484558,4.406343460083008,8.641578674316406,4.418195599796526,8.654212536858884,0.0,0,two_ankles,accepted,4.406343460083008,8.641578674316406,0.04055408862769509
83,2.7666666666666666,detected,1,2,0.7886350154876709,ankle_midpoint,986.73779296875,599.9265747070312,0.9741706848144531,0.981351912021637,3.8187665939331055,2.865856409072876,3.831259807138572,2.874197290874659,0.0,0,two_ankles,accepted,3.8187665939331055,2.865856409072876,0.05276391899554968
83,2.7666666666666666,detected,3,1,0.9116981625556946,ankle_midpoint,1097.822509765625,770.192138671875,0.9837831854820251,0.9797679781913757,4.404506206512451,8.696566581726074,4.412035372818693,8.67327185704912,0.0,0,two_ankles,accepted,4.404506206512451,8.696566581726074,0.05501859196650475
84,2.8,detected,1,2,0.8162314891815186,ankle_midpoint,990.9700927734375,601.1231689453125,0.9731023907661438,0.9842163920402527,3.855304002761841,2.9190540313720703,3.8420796951690432,2.8943828240984946,0.0,0,two_ankles,accepted,3.855304002761841,2.9190540313720703,0.06453657305904836
84,2.8,detected,3,1,0.9121387600898743,ankle_midpoint,1097.7603759765625,769.7249755859375,0.989048421382904,0.9794009327888489,4.404951572418213,8.684381484985352,4.408847662638477,8.678271189620425,0.0,0,two_ankles,accepted,4.404951572418213,8.684381484985352,0.012193233097533437
85,2.8333333333333335,detected,1,2,0.7869510054588318,ankle_midpoint,995.9178466796875,602.5928955078125,0.9562349915504456,0.9688875675201416,3.8977065086364746,2.9841208457946777,3.8671117612293875,2.934764933861777,0.0,0,two_ankles,accepted,3.8977065086364746,2.9841208457946777,0.07766378077041051
85,2.8333333333333335,detected,3,1,0.9019898176193237,ankle_midpoint,1094.904541015625,769.7562255859375,0.986261785030365,0.9784111976623535,4.385281562805176,8.685574531555176,4.398242917713492,8.681557693491063,0.0,0,two_ankles,accepted,4.385281562805176,8.685574531555176,0.019706157370089725
86,2.8666666666666667,detected,1,2,0.7866606116294861,ankle_midpoint,996.008056640625,602.5113525390625,0.9563301801681519,0.9688789248466492,3.8986406326293945,2.9804508686065674,3.881299753359391,2.955323604496933,0.0,0,two_ankles,accepted,3.8986406326293945,2.9804508686065674,0.00378699355629225
86,2.8666666666666667,detected,3,1,0.9026737809181213,ankle_midpoint,1094.892333984375,769.7031860351562,0.9863919019699097,0.9785888195037842,4.385295391082764,8.68419075012207,4.3924165307296645,8.682742568975018,0.0,0,two_ankles,accepted,4.385295391082764,8.68419075012207,0.001383850525117678
87,2.9,detected,1,2,0.7867648601531982,ankle_midpoint,996.0804443359375,602.51806640625,0.9568704962730408,0.9692710041999817,3.8992817401885986,2.9807379245758057,3.889391647432535,2.966760048532426,0.0,0,two_ankles,accepted,3.8992817401885986,2.9807379245758057,0.0007024386321551298
87,2.9,detected,3,1,0.9026350378990173,ankle_midpoint,1094.90478515625,769.67529296875,0.9864144921302795,0.9786722660064697,4.385432243347168,8.68346118927002,4.389273601407542,8.68306594810777,0.0,0,two_ankles,accepted,4.385432243347168,8.68346118927002,0.0007422853757940039
88,2.933333333333333,detected,1,2,0.8364802002906799,ankle_midpoint,1008.6338500976562,614.0347900390625,0.942192792892456,0.9547561407089233,3.9928359985351562,3.483603000640869,3.8973849911851657,2.979384442205004,0.0,0,two_ankles,corrected_motion_outlier,3.907154633549492,2.9948142566937106,0.5114935815635389
88,2.933333333333333,detected,3,1,0.9196970462799072,ankle_midpoint,1075.642822265625,772.0547485351562,0.9934443235397339,0.98883455991745,4.24923038482666,8.74793815612793,4.326254153946145,8.712258441716841,0.0,0,two_ankles,accepted,4.24923038482666,8.74793815612793,0.1506924866064545
89,2.966666666666667,detected,1,2,0.7229792475700378,ankle_midpoint,1004.4195556640625,614.4552001953125,0.9471415281295776,0.9594122171401978,3.9550554752349854,3.502423048019409,3.9233367090075846,3.2147518148214864,0.0,0,two_ankles,accepted,3.9550554752349854,3.502423048019409,0.26232902886613235
89,2.966666666666667,detected,3,1,0.9167634844779968,ankle_midpoint,1071.556884765625,773.990478515625,0.9906179308891296,0.984195351600647,4.218173027038574,8.798552513122559,4.277617646837738,8.751090773849414,0.0,0,two_ankles,accepted,4.218173027038574,8.798552513122559,0.05938326874429297
90,3.0,detected,1,2,0.7219884991645813,ankle_midpoint,1004.528076171875,614.4658813476562,0.9474671483039856,0.9594734311103821,3.95599365234375,3.5028610229492188,3.9380323335088594,3.344400958478966,0.0,0,two_ankles,accepted,3.95599365234375,3.5028610229492188,0.0010353735203064123
90,3.0,detected,3,1,0.9166926741600037,ankle_midpoint,1071.5626220703125,773.9652099609375,0.9906022548675537,0.9842536449432373,4.218252182006836,8.797900199890137,4.250903187663832,8.77215501556774,0.0,0,two_ankles,accepted,4.218252182006836,8.797900199890137,0.0006570982135063135
91,3.033333333333333,detected,1,2,0.7648169994354248,ankle_midpoint,1011.098876953125,613.652587890625,0.9473046064376831,0.9508005380630493,4.015191555023193,3.4667201042175293,3.9727539831903096,3.3994445740613197,0.0,0,two_ankles,accepted,4.015191555023193,3.4667201042175293,0.06935818400459623
91,3.033333333333333,detected,3,1,0.9151322245597839,ankle_midpoint,1065.9051513671875,784.2399291992188,0.9851986765861511,0.9761279225349426,4.164048671722412,9.05994701385498,4.211818655490194,8.901661414797,0.0,0,two_ankles,accepted,4.164048671722412,9.05994701385498,0.26759400822193136
92,3.066666666666667,detected,1,2,0.6327797174453735,ankle_midpoint,1015.6493530273438,614.1595458984375,0.8342955112457275,0.8988800048828125,4.054406642913818,3.4876673221588135,4.009497680065889,3.439144810705192,0.0,0,two_ankles,accepted,4.054406642913818,3.4876673221588135,0.044459071714882906
92,3.066666666666667,detected,3,1,0.9173682332038879,ankle_midpoint,1062.0576171875,785.5831298828125,0.9816872477531433,0.9719712138175964,4.136205196380615,9.094050407409668,4.177792598890884,8.988236461472702,0.0,0,two_ankles,accepted,4.136205196380615,9.094050407409668,0.04402613509104736
93,3.1,detected,3,1,0.917554497718811,ankle_midpoint,1059.845458984375,779.0703125,0.9811497926712036,0.9772217273712158,4.130771160125732,8.930197715759277,4.156632951446566,8.96211902590166,0.0,0,two_ankles,accepted,4.130771160125732,8.930197715759277,0.16394277450103548
93,3.1,predicted,1,,,motion_prediction,,,,,,,4.085823990993317,3.5144261292091685,,1,,motion_prediction,4.085823990993317,3.5144261292091685,
94,3.1333333333333333,detected,3,1,0.9004004001617432,ankle_midpoint,1054.401123046875,772.8701171875,0.9766928553581238,0.9765378832817078,4.10268497467041,8.771852493286133,4.132356361897296,8.876499086224674,0.0,0,two_ankles,accepted,4.10268497467041,8.771852493286133,0.16081680040810534
94,3.1333333333333333,predicted,1,,,motion_prediction,,,,,,,4.117241339072816,3.541184936259523,,2,,motion_prediction,4.117241339072816,3.541184936259523,
95,3.1666666666666665,detected,3,1,0.8993130922317505,ankle_midpoint,1054.373779296875,772.9619140625,0.9762954711914062,0.976187527179718,4.102366924285889,8.77423095703125,4.118861114972162,8.830478428087634,0.0,0,two_ankles,accepted,4.102366924285889,8.77423095703125,0.002399634520907536
95,3.1666666666666665,predicted,1,,,motion_prediction,,,,,,,4.148658687152315,3.567943743309878,,3,,motion_prediction,4.148658687152315,3.567943743309878,
96,3.2,detected,3,1,0.8999000191688538,ankle_midpoint,1054.41259765625,772.8123168945312,0.976735532283783,0.976608157157898,4.102846622467041,8.770355224609375,4.111654593344858,8.803422986522419,0.0,0,two_ankles,accepted,4.102846622467041,8.770355224609375,0.0039053056411725217
96,3.2,predicted,1,,,motion_prediction,,,,,,,4.180076035231813,3.5947025503602332,,4,,motion_prediction,4.180076035231813,3.5947025503602332,
97,3.2333333333333334,detected,3,1,0.8925687074661255,ankle_midpoint,1050.42236328125,768.021240234375,0.9840371608734131,0.9828097820281982,4.082296371459961,8.646041870117188,4.098443393496655,8.732601484140066,0.0,0,two_ankles,accepted,4.082296371459961,8.646041870117188,0.12600048778300135
97,3.2333333333333334,predicted,1,,,motion_prediction,,,,,,,4.2114933833113115,3.621461357410588,,5,,motion_prediction,4.2114933833113115,3.621461357410588,
98,3.2666666666666666,detected,3,1,0.890810489654541,ankle_midpoint,1050.3153076171875,767.899169921875,0.984233558177948,0.9828951358795166,4.081732273101807,8.642852783203125,4.090923389318974,8.692214568718443,0.0,0,two_ankles,accepted,4.081732273101807,8.642852783203125,0.0032385926423551714
98,3.2666666666666666,predicted,1,,,motion_prediction,,,,,,,4.24291073139081,3.648220164460943,,6,,motion_prediction,4.24291073139081,3.648220164460943,
99,3.3,detected,3,1,0.8983365297317505,ankle_midpoint,1042.4373779296875,767.9376220703125,0.9865791201591492,0.9844576716423035,4.027451515197754,8.644905090332031,4.062361045964425,8.670925303444559,0.0,0,two_ankles,accepted,4.027451515197754,8.644905090332031,0.05431954200092028
99,3.3,predicted,1,,,motion_prediction,,,,,,,4.274328079470309,3.674978971511298,,7,,motion_prediction,4.274328079470309,3.674978971511298,
100,3.3333333333333335,detected,3,1,0.9029223322868347,ankle_midpoint,1033.8067626953125,766.603759765625,0.9924792051315308,0.9915974736213684,3.969719171524048,8.61098575592041,4.020672202466256,8.643952507058692,0.0,0,two_ankles,accepted,3.969719171524048,8.61098575592041,0.06695927682544286
100,3.3333333333333335,predicted,1,,,motion_prediction,,,,,,,4.305745427549808,3.7017377785616525,,8,,motion_prediction,4.305745427549808,3.7017377785616525,
101,3.3666666666666667,detected,1,9,0.3426082730293274,ankle_midpoint,1092.0416259765625,647.1547241210938,0.8060777187347412,0.9178922176361084,4.6344499588012695,4.811229228973389,4.29072620549681,4.056582798925881,1.1228043668772596,0,two_ankles,accepted,4.6344499588012695,4.811229228973389,0.16056483515960587
101,3.3666666666666667,detected,3,1,0.9030813574790955,ankle_midpoint,1033.82666015625,766.6259765625,0.9924037456512451,0.9915537238121033,3.9698283672332764,8.611568450927734,3.9977924766114152,8.629379681799762,0.0,0,two_ankles,accepted,3.9698283672332764,8.611568450927734,0.0005928382363465516
102,3.4,detected,1,9,0.6383256316184998,ankle_midpoint,1082.3076171875,648.1494140625,0.9269675016403198,0.9689071178436279,4.551054000854492,4.850862503051758,4.407873713407767,4.414008665782525,0.0,0,two_ankles,accepted,4.551054000854492,4.850862503051758,0.09233462089612857
102,3.4,detected,3,1,0.9049232006072998,ankle_midpoint,1025.61669921875,768.7236328125,0.9923398494720459,0.9909968376159668,3.9107558727264404,8.667728424072266,3.9586260048631763,8.64663661582239,0.0,0,two_ankles,accepted,3.9107558727264404,8.667728424072266,0.08150768179045846
103,3.433333333333333,detected,1,9,0.6345604658126831,ankle_midpoint,1082.42724609375,648.1905517578125,0.927444338798523,0.9690880179405212,4.551943302154541,4.852409839630127,4.472705028343816,4.6112891940139455,0.0,0,two_ankles,accepted,4.551943302154541,4.852409839630127,0.0017846868882321221
103,3.433333333333333,detected,3,1,0.9048171043395996,ankle_midpoint,1025.64501953125,768.7073364257812,0.9923492670059204,0.9909769296646118,3.9109697341918945,8.667298316955566,3.9371806830611,8.655934381332319,0.0,0,two_ankles,accepted,3.9109697341918945,8.667298316955566,0.0004803424385180756
104,3.466666666666667,detected,1,9,0.4628312885761261,ankle_midpoint,1087.166748046875,645.491455078125,0.9201399683952332,0.9648705720901489,4.598245143890381,4.748265266418457,4.52919808033977,4.672928426595975,0.0,0,two_ankles,accepted,4.598245143890381,4.748265266418457,0.11397347356982516
104,3.466666666666667,detected,3,1,0.9082526564598083,ankle_midpoint,1025.6297607421875,769.7565307617188,0.9855241179466248,0.987126886844635,3.909639835357666,8.694723129272461,3.924787301594555,8.673389317905384,0.0,0,two_ankles,accepted,3.909639835357666,8.694723129272461,0.027457038469692472
105,3.5,detected,1,9,0.46121156215667725,ankle_midpoint,1087.24560546875,645.430908203125,0.9202795624732971,0.9649242758750916,4.599059581756592,4.745922565460205,4.56063575597734,4.705775789084878,0.0,0,two_ankles,accepted,4.599059581756592,4.745922565460205,0.002480233218411697
105,3.5,detected,3,1,0.9083706736564636,ankle_midpoint,1025.615966796875,769.7650146484375,0.9855383634567261,0.9871561527252197,3.9095354080200195,8.6949462890625,3.9179239494860143,8.683089954926087,0.0,0,two_ankles,accepted,3.9095354080200195,8.6949462890625,0.00024638457893750437
106,3.533333333333333,detected,1,9,0.46135836839675903,ankle_midpoint,1087.79248046875,645.4943237304688,0.9195875525474548,0.9647387266159058,4.603452682495117,4.7482686042785645,4.57990337291034,4.724897555922038,0.0,0,two_ankles,accepted,4.603452682495117,4.7482686042785645,0.004980284352934216
106,3.533333333333333,detected,3,1,0.9083149433135986,ankle_midpoint,1025.6351318359375,769.7313232421875,0.9855571389198303,0.9871663451194763,3.9097061157226562,8.69406509399414,3.914225924292503,8.688028767506712,0.0,0,two_ankles,accepted,3.9097061157226562,8.69406509399414,0.000897577778379339
107,3.566666666666667,detected,1,9,0.6493532657623291,ankle_midpoint,1090.53125,645.18310546875,0.9345144033432007,0.9596275091171265,4.627103805541992,4.735822677612305,4.601143567594583,4.729813860682658,0.0,0,two_ankles,accepted,4.627103805541992,4.735822677612305,0.026725955772625563
107,3.566666666666667,detected,3,1,0.9016916751861572,ankle_midpoint,1023.30078125,771.9481201171875,0.977382481098175,0.9772688746452332,3.8911545276641846,8.752049446105957,3.90384379580976,8.716838072876373,0.0,0,two_ankles,accepted,3.8911545276641846,8.752049446105957,0.060879770936809026
108,3.6,detected,1,9,0.668038010597229,ankle_midpoint,1096.52880859375,644.4278564453125,0.9446237087249756,0.9544439911842346,4.679189205169678,4.70567512512207,4.6362641045033754,4.718951429680393,0.0,0,two_ankles,accepted,4.679189205169678,4.70567512512207,0.06018109151159642
108,3.6,detected,3,1,0.8991950750350952,ankle_midpoint,1022.16015625,771.5203857421875,0.9833155870437622,0.98577880859375,3.8838298320770264,8.74109935760498,3.89483751213003,8.727755651004246,0.0,0,two_ankles,accepted,3.8838298320770264,8.74109935760498,0.013174050387931345
109,3.6333333333333333,detected,1,9,0.8369313478469849,ankle_midpoint,1091.013671875,641.2787475585938,0.9884845614433289,0.9909488558769226,4.641570568084717,4.58437967300415,4.63865201311498,4.658394139176084,0.0,0,two_ankles,accepted,4.641570568084717,4.58437967300415,0.12699507297773643
109,3.6333333333333333,detected,3,1,0.9080671668052673,ankle_midpoint,1017.6221923828125,780.43310546875,0.9791873693466187,0.9836904406547546,3.843228340148926,8.970251083374023,3.8716133847385334,8.836878595570646,0.0,0,two_ankles,accepted,3.843228340148926,8.970251083374023,0.2327208511709217
110,3.6666666666666665,detected,1,9,0.8365039229393005,ankle_midpoint,1090.9637451171875,641.2261962890625,0.9884461164474487,0.9909346699714661,4.641293048858643,4.582336902618408,4.639840479199629,4.624168382725131,0.0,0,two_ankles,accepted,4.641293048858643,4.582336902618408,0.0020615352943149238
110,3.6666666666666665,detected,3,1,0.9080740213394165,ankle_midpoint,1017.5999755859375,780.4180908203125,0.9791944622993469,0.9836934208869934,3.8430941104888916,8.969874382019043,3.8587797113261946,8.896726699472424,0.0,0,two_ankles,accepted,3.8430941104888916,8.969874382019043,0.00039990187856149485
111,3.7,detected,1,9,0.8832739591598511,ankle_midpoint,1083.385986328125,636.434326171875,0.9902481436729431,0.9918783903121948,4.590146064758301,4.395037651062012,4.617477992701032,4.521059553476728,0.0,0,two_ankles,accepted,4.590146064758301,4.395037651062012,0.19415721365982494
111,3.7,detected,3,1,0.9101579189300537,ankle_midpoint,1013.9449462890625,782.810546875,0.985949695110321,0.9898473620414734,3.8159425258636475,9.030734062194824,3.8395029778680483,8.957030012697505,0.0,0,two_ankles,accepted,3.8159425258636475,9.030734062194824,0.06664164777944927
112,3.7333333333333334,detected,1,9,0.882965624332428,ankle_midpoint,1083.398681640625,636.4677734375,0.9901907444000244,0.9918298125267029,4.590165615081787,4.396362781524658,4.605187422772372,4.464946006098296,0.0,0,two_ankles,accepted,4.590165615081787,4.396362781524658,0.0013252746727309421
112,3.7333333333333334,detected,3,1,0.9102096557617188,ankle_midpoint,1013.933349609375,782.8375244140625,0.9858668446540833,0.989810585975647,3.8158369064331055,9.031414985656738,3.8288532457223243,8.99050325052916,0.0,0,two_ankles,accepted,3.8158369064331055,9.031414985656738,0.0006890661979033992
113,3.7666666666666666,detected,1,9,0.8930821418762207,ankle_midpoint,1080.193603515625,633.8765869140625,0.9883070588111877,0.9900804162025452,4.5697431564331055,4.293628215789795,4.589237502919702,4.3878530004594705,0.0,0,two_ankles,accepted,4.5697431564331055,4.293628215789795,0.1047447746381081
113,3.7666666666666666,detected,3,1,0.9053497910499573,ankle_midpoint,991.4053955078125,791.0625,0.9892672300338745,0.9937847852706909,3.657485008239746,9.238831520080566,3.7517375388551644,9.102250971827294,0.0,0,two_ankles,accepted,3.657485008239746,9.238831520080566,0.26095390860041
114,3.8,detected,1,9,0.8912831544876099,ankle_midpoint,1078.2445068359375,633.8029174804688,0.9910467267036438,0.9922049641609192,4.553357124328613,4.291019916534424,4.573091332553712,4.3442781126932,0.0,0,two_ankles,accepted,4.553357124328613,4.291019916534424,0.01659232573013856
114,3.8,detected,3,1,0.9029004573822021,ankle_midpoint,982.6806640625,799.6357421875,0.9883334636688232,0.9934297204017639,3.5933828353881836,9.448230743408203,3.6804779222950232,9.257941869038703,0.0,0,two_ankles,accepted,3.5933828353881836,9.448230743408203,0.2189911488953585
115,3.8333333333333335,detected,1,9,0.8915252685546875,ankle_midpoint,1078.249267578125,633.7477416992188,0.9911261200904846,0.9922458529472351,4.553539276123047,4.288808822631836,4.564292907159913,4.319316932165586,0.0,0,two_ankles,accepted,4.553539276123047,4.288808822631836,0.0022185841255802597
115,3.8333333333333335,detected,3,1,0.9026944041252136,ankle_midpoint,982.6517333984375,799.7803955078125,0.9883503913879395,0.9934406876564026,3.593092918395996,9.45170783996582,3.6411546705404607,9.345136555955907,0.0,0,two_ankles,accepted,3.593092918395996,9.45170783996582,0.0034891621248305934
116,3.8666666666666667,detected,1,9,0.8919015526771545,ankle_midpoint,1078.224365234375,633.7205810546875,0.9910639524459839,0.9921588897705078,4.5533976554870605,4.287725448608398,4.55939004390713,4.305100764564852,0.0,0,two_ankles,accepted,4.5533976554870605,4.287725448608398,0.0010925912681311017
116,3.8666666666666667,detected,3,1,0.9032062888145447,ankle_midpoint,982.71533203125,799.7158203125,0.9882661700248718,0.9933995008468628,3.5935559272766113,9.450149536132812,3.6197352360717288,9.392392397035515,0.0,0,two_ankles,accepted,3.5935559272766113,9.450149536132812,0.0016256346635992395
117,3.9,detected,1,9,0.880108118057251,ankle_midpoint,1069.9061279296875,625.041748046875,0.98478102684021,0.9854713678359985,4.504228115081787,3.9361135959625244,4.553877824419997,4.287702199763847,0.0,0,two_ankles,corrected_motion_outlier,4.547140667269057,4.266437287229284,0.3550331514446639
117,3.9,detected,3,1,0.8970682621002197,ankle_midpoint,967.110595703125,806.9896240234375,0.9936289191246033,0.9970851540565491,3.486860513687134,9.624990463256836,3.5599416109986612,9.49706152683511,0.0,0,two_ankles,accepted,3.486860513687134,9.624990463256836,0.2048249522851592
118,3.933333333333333,detected,1,9,0.8848382234573364,ankle_midpoint,1058.5147705078125,616.1965942382812,0.9904974102973938,0.9921588897705078,4.42695951461792,3.566946506500244,4.548030459003972,4.268553316502691,0.03770452094986643,0,two_ankles,corrected_motion_outlier,4.540883679051053,4.245149125850168,0.3658923635623579
118,3.933333333333333,detected,3,1,0.8886334300041199,ankle_midpoint,958.236083984375,820.1973876953125,0.9842257499694824,0.9924018383026123,3.423029661178589,9.931496620178223,3.502435643522399,9.599117524660453,0.0,0,two_ankles,corrected_motion_outlier,3.4321505721625223,9.72385263311365,0.3130821009937894
119,3.966666666666667,detected,1,9,0.8851774334907532,ankle_midpoint,1058.404541015625,615.9118041992188,0.9905139207839966,0.9920784831047058,4.426682949066162,3.5548171997070312,4.493424079531958,3.947372063944645,0.027695662193770176,0,two_ankles,accepted,4.426682949066162,3.5548171997070312,0.2479272111216433
119,3.966666666666667,detected,3,1,0.8913396000862122,ankle_midpoint,958.2852783203125,820.145263671875,0.9842255115509033,0.9923310279846191,3.423367977142334,9.930306434631348,3.4668551936513703,9.748152534147357,0.0,0,two_ankles,accepted,3.423367977142334,9.930306434631348,0.15592397552433557
120,4.0,detected,1,9,0.8830833435058594,ankle_midpoint,1048.668701171875,611.7882080078125,0.9819677472114563,0.9826755523681641,4.350644588470459,3.3792874813079834,4.429173308554284,3.6917340017581477,0.0,0,two_ankles,accepted,4.350644588470459,3.3792874813079834,0.19129169956726094
120,4.0,detected,3,1,0.9093801379203796,ankle_midpoint,954.0145263671875,824.6065673828125,0.9942157864570618,0.9971611499786377,3.394197702407837,10.031597137451172,3.4341593225917806,9.875702605634075,0.0,0,two_ankles,accepted,3.394197702407837,10.031597137451172,0.10540735935322536
121,4.033333333333333,detected,1,9,0.8828882575035095,ankle_midpoint,1048.68994140625,611.7879638671875,0.9819854497909546,0.982727587223053,4.350832939147949,3.379272937774658,4.393920142321433,3.5511265229655775,0.0,0,two_ankles,accepted,4.350832939147949,3.379272937774658,0.00018891133389135588
121,4.033333333333333,detected,3,1,0.9094668030738831,ankle_midpoint,953.99365234375,824.7042236328125,0.9941797256469727,0.9971484541893005,3.3940253257751465,10.033792495727539,3.4160990240242954,9.946843056176135,0.0,0,two_ankles,accepted,3.3940253257751465,10.033792495727539,0.0022021152706231343
122,4.066666666666666,detected,1,9,0.894108772277832,ankle_midpoint,1039.8519287109375,610.585205078125,0.9863422513008118,0.9878568649291992,4.275265693664551,3.3286936283111572,4.340525640425836,3.4510317203710885,0.0,0,two_ankles,accepted,4.275265693664551,3.3286936283111572,0.0909322557498317
122,4.066666666666666,detected,3,1,0.9190182089805603,ankle_midpoint,936.9046630859375,838.8016357421875,0.9912353754043579,0.9954472184181213,3.2816100120544434,10.346529960632324,3.3942787649161956,10.019061653967668,0.0,0,two_ankles,corrected_motion_outlier,3.367609559339629,10.107328829046208,0.3323280378090236
123,4.1,detected,1,9,0.893355667591095,ankle_midpoint,1039.8450927734375,610.6370849609375,0.9862483143806458,0.9877594113349915,4.275092124938965,3.3309519290924072,4.311080558456744,3.396995814295682,0.0,0,two_ankles,accepted,4.275092124938965,3.3309519290924072,0.002264961041849481
123,4.1,detected,3,1,0.9190922379493713,ankle_midpoint,936.9146728515625,838.7742919921875,0.991268515586853,0.995445728302002,3.281679391860962,10.345937728881836,3.3436090470413404,10.166155887679045,0.0,0,two_ankles,accepted,3.281679391860962,10.345937728881836,0.16587363823706336
124,4.133333333333334,detected,1,9,0.8939740061759949,ankle_midpoint,1039.8297119140625,610.6173095703125,0.9862896203994751,0.9877353310585022,4.274998664855957,3.330094575881958,4.2948437063363905,3.3668902570095063,0.0,0,two_ankles,accepted,4.274998664855957,3.330094575881958,0.0008624322086885494
124,4.133333333333334,detected,3,1,0.91895592212677,ankle_midpoint,936.96142578125,838.78759765625,0.9913088083267212,0.9954727292060852,3.281968355178833,10.346220016479492,3.3158707357032124,10.247184745639247,0.0,0,two_ankles,accepted,3.281968355178833,10.346220016479492,0.0004039629770976638
125,4.166666666666667,detected,1,9,0.8842038512229919,ankle_midpoint,1039.361328125,608.538330078125,0.97686368227005,0.9800779819488525,4.275366306304932,3.239389419555664,4.286078876322234,3.3095148801552776,0.0,0,two_ankles,accepted,4.275366306304932,3.239389419555664,0.09070590137588859
125,4.166666666666667,detected,3,1,0.912305474281311,ankle_midpoint,930.9337158203125,851.1061401367188,0.9882170557975769,0.9905271530151367,3.24182391166687,10.609301567077637,3.282549664886859,10.410137315286523,0.0,0,two_ankles,accepted,3.24182391166687,10.609301567077637,0.2661268092658259
126,4.2,detected,1,9,0.8847014307975769,ankle_midpoint,1039.3197021484375,608.58642578125,0.976768970489502,0.980028510093689,4.274890899658203,3.2415053844451904,4.281044286823421,3.278910607085739,0.0,0,two_ankles,accepted,4.274890899658203,3.2415053844451904,0.00216871364948487
126,4.2,detected,3,1,0.912055253982544,ankle_midpoint,930.9600830078125,851.106689453125,0.9881682991981506,0.9905097484588623,3.241986036300659,10.609310150146484,3.2642960320230694,10.499765090973508,0.0,0,two_ankles,accepted,3.241986036300659,10.609310150146484,0.00016235167369658138
127,4.233333333333333,detected,1,9,0.8607668876647949,ankle_midpoint,1036.71484375,607.9528198242188,0.9834260940551758,0.9841407537460327,4.2530717849731445,3.2141895294189453,4.268456660990797,3.2497861221356823,0.0,0,two_ankles,accepted,4.2530717849731445,3.2141895294189453,0.03496040190636515
127,4.233333333333333,detected,3,1,0.9103672504425049,ankle_midpoint,924.8941650390625,862.215576171875,0.993976354598999,0.9966268539428711,3.203021287918091,10.839662551879883,3.2367223971758294,10.652718948381377,0.0,0,two_ankles,accepted,3.203021287918091,10.839662551879883,0.23362465751898245
128,4.266666666666667,detected,1,9,0.8787462115287781,ankle_midpoint,1032.7818603515625,606.4095458984375,0.9812753796577454,0.9838206768035889,4.221257209777832,3.1469380855560303,4.247216907944963,3.203504505674839,0.0,0,two_ankles,accepted,4.221257209777832,3.1469380855560303,0.07439706913921412
128,4.266666666666667,detected,3,1,0.9092035293579102,ankle_midpoint,930.5947265625,869.0746459960938,0.9891842603683472,0.995131254196167,3.236323595046997,10.977666854858398,3.2365429362178553,10.798945506296038,0.0,0,two_ankles,accepted,3.236323595046997,10.977666854858398,0.1419655990044558
129,4.3,detected,1,9,0.8791310787200928,ankle_midpoint,1032.770751953125,606.3989868164062,0.9813250303268433,0.9838984608650208,4.221179962158203,3.1464736461639404,4.235500282340921,3.177840618894935,0.0,0,two_ankles,accepted,4.221179962158203,3.1464736461639404,0.0004708196508888683
129,4.3,detected,3,1,0.9091474413871765,ankle_midpoint,930.60107421875,869.0746459960938,0.9890902638435364,0.995084822177887,3.2363619804382324,10.977665901184082,3.236461506117025,10.879369683995659,0.0,0,two_ankles,accepted,3.2363619804382324,10.977665901184082,3.839723629368105e-05
130,4.333333333333333,detected,1,9,0.8838159441947937,ankle_midpoint,1024.364990234375,600.052490234375,0.9825384616851807,0.9849292635917664,4.158632755279541,2.864363670349121,4.200909895163301,3.0367759920493187,0.0,0,two_ankles,accepted,4.158632755279541,2.864363670349121,0.2889605363065346
130,4.333333333333333,detected,3,1,0.9094235897064209,ankle_midpoint,944.0367431640625,869.8198852539062,0.9708629250526428,0.9874304533004761,3.3169772624969482,10.991096496582031,3.272693596487991,10.929646749659527,0.0,0,two_ankles,accepted,3.3169772624969482,10.991096496582031,0.08172640083932317
131,4.366666666666666,detected,1,9,0.8834571838378906,ankle_midpoint,1024.372802734375,600.0572509765625,0.9824951887130737,0.9849348068237305,4.158693790435791,2.864577293395996,4.181912648035921,2.959286577655324,0.0,0,two_ankles,accepted,4.158693790435791,2.864577293395996,0.0002221713223047033
131,4.366666666666666,detected,3,1,0.9094346761703491,ankle_midpoint,944.0747680664062,869.8296508789062,0.9710296988487244,0.9874714016914368,3.3172030448913574,10.991287231445312,3.292722848269506,10.957384966463131,0.0,0,two_ankles,accepted,3.3172030448913574,10.991287231445312,0.00029556298431308934
132,4.4,detected,1,9,0.8702614903450012,ankle_midpoint,1016.7236328125,599.1695556640625,0.9771779775619507,0.9838432669639587,4.0912251472473145,2.8258261680603027,4.141103272681049,2.8992293933375644,0.0,0,two_ankles,accepted,4.0912251472473145,2.8258261680603027,0.07780531812464095
132,4.4,detected,3,1,0.9009246230125427,ankle_midpoint,954.730224609375,877.0673217773438,0.9861518740653992,0.9938879609107971,3.3786280155181885,11.133626937866211,3.3313801735314135,11.036693853594517,0.0,0,two_ankles,accepted,3.3786280155181885,11.133626937866211,0.15502780086324716
133,4.433333333333334,detected,1,9,0.8731515407562256,ankle_midpoint,1013.6243896484375,597.0827026367188,0.98618084192276,0.9900510907173157,4.066990375518799,2.7313618659973145,4.1077524689580365,2.823689006034452,0.0,0,two_ankles,accepted,4.066990375518799,2.7313618659973145,0.09752347678882635
133,4.433333333333334,detected,3,1,0.9053942561149597,ankle_midpoint,959.7908935546875,884.1258544921875,0.981812059879303,0.9914740324020386,3.4060049057006836,11.270608901977539,3.3649613030075853,11.141955625366878,0.0,0,two_ankles,accepted,3.4060049057006836,11.270608901977539,0.1396909181294961
134,4.466666666666667,detected,1,9,0.8784849643707275,ankle_midpoint,1002.6563720703125,591.7896728515625,0.9872003793716431,0.9903131723403931,3.9761457443237305,2.489030599594116,4.048529442872599,2.673092723136301,0.0,0,two_ankles,accepted,3.9761457443237305,2.489030599594116,0.2587995164090262
134,4.466666666666667,detected,3,1,0.8931359648704529,ankle_midpoint,971.806640625,900.63037109375,0.9918978214263916,0.9965510368347168,3.4692766666412354,11.581878662109375,3.3972574949585033,11.243789888756071,0.0,0,two_ankles,corrected_motion_outlier,3.436730618454069,11.368253988453974,0.3176352929147657
135,4.5,detected,1,9,0.8790515661239624,ankle_midpoint,1002.655029296875,591.822265625,0.9872540831565857,0.9903388619422913,3.976078510284424,2.490551233291626,4.01592652320792,2.5909490527061974,0.0,0,two_ankles,accepted,3.976078510284424,2.490551233291626,0.0015221193310787785
135,4.5,detected,3,1,0.8935145139694214,ankle_midpoint,971.771728515625,900.7850952148438,0.9918965697288513,0.9965453743934631,3.469003677368164,11.58475399017334,3.4295432770428507,11.397223734393842,0.0,0,two_ankles,accepted,3.469003677368164,11.58475399017334,0.16019986085290366
136,4.533333333333333,detected,1,9,0.8788260221481323,ankle_midpoint,1002.6535034179688,591.7894287109375,0.9872362017631531,0.9903101325035095,3.9761197566986084,2.4890198707580566,3.9980134782787298,2.545080920829534,0.0,0,two_ankles,accepted,3.9761197566986084,2.4890198707580566,0.0015319179076905463
136,4.533333333333333,detected,3,1,0.8935480117797852,ankle_midpoint,971.7642211914062,900.8052978515625,0.9919381737709045,0.9965670108795166,3.4689509868621826,11.585129737854004,3.44727674646155,11.481781435950914,0.0,0,two_ankles,accepted,3.4689509868621826,11.585129737854004,0.0003794240489808244
137,4.566666666666666,detected,1,9,0.8704811334609985,ankle_midpoint,1000.552734375,589.9754638671875,0.9751607775688171,0.9779241681098938,3.9598379135131836,2.4045279026031494,3.980834474134234,2.481832062627661,0.0,0,two_ankles,accepted,3.9598379135131836,2.4045279026031494,0.08604644734214552
137,4.566666666666666,detected,3,1,0.9139779210090637,ankle_midpoint,979.136474609375,923.8675537109375,0.986328661441803,0.9925145506858826,3.5002341270446777,12.00087833404541,3.466088331649109,11.562992425835365,0.0,0,two_ankles,corrected_motion_outlier,3.4890802691005702,11.662250302360802,0.4169238900504535
138,4.6,detected,1,9,0.870640218257904,ankle_midpoint,1000.6213989257812,589.9212646484375,0.9750892519950867,0.9778368473052979,3.9605603218078613,2.4019687175750732,3.9717111055873664,2.4458935573539966,0.0,0,two_ankles,accepted,3.9605603218078613,2.4019687175750732,0.002659191935936259
138,4.6,detected,3,1,0.9141591787338257,ankle_midpoint,979.13671875,923.922119140625,0.9862655997276306,0.9924769997596741,3.500209093093872,12.001836776733398,3.4814426742992524,11.760472383739481,0.0,0,two_ankles,accepted,3.500209093093872,12.001836776733398,0.2089388818870394
139,4.633333333333334,detected,1,9,0.8758240938186646,ankle_midpoint,983.86474609375,590.04296875,0.9906497597694397,0.9924405813217163,3.8060593605041504,2.4109692573547363,3.897167820299919,2.4301776223543294,0.0,0,two_ankles,accepted,3.8060593605041504,2.4109692573547363,0.15476290498726133
139,4.633333333333334,detected,3,1,0.9137527942657471,ankle_midpoint,986.437255859375,938.5897216796875,0.9907228350639343,0.9961836934089661,3.5337133407592773,12.254562377929688,3.504964474206264,11.982812881125074,0.0,0,two_ankles,accepted,3.5337133407592773,12.254562377929688,0.25493678454011015
140,4.666666666666667,detected,1,9,0.8757851123809814,ankle_midpoint,983.8546142578125,590.07421875,0.9906039834022522,0.992403507232666,3.8059234619140625,2.412438154220581,3.8561078590262836,2.422194861694143,0.0,0,two_ankles,accepted,3.8059234619140625,2.412438154220581,0.0014751699662331583
140,4.666666666666667,detected,3,1,0.9137423634529114,ankle_midpoint,986.4429931640625,938.6012573242188,0.9907111525535583,0.9961775541305542,3.5337390899658203,12.254756927490234,3.5179130512980645,12.105187701989397,0.0,0,two_ankles,accepted,3.5337390899658203,12.254756927490234,0.0001962461544758894
141,4.7,detected,1,9,0.866237998008728,ankle_midpoint,978.1505126953125,587.1849975585938,0.9922212958335876,0.993480920791626,3.7570853233337402,2.2771968841552734,3.8115477179646398,2.3569457718016515,0.0,0,two_ankles,accepted,3.7570853233337402,2.2771968841552734,0.14378930735234882
141,4.7,detected,3,1,0.9087803363800049,ankle_midpoint,991.4520874023438,944.4151611328125,0.9903231859207153,0.994761049747467,3.558349847793579,12.352392196655273,3.5361096097210463,12.216429724589043,0.0,0,two_ankles,accepted,3.558349847793579,12.352392196655273,0.10068930025472526
142,4.733333333333333,detected,1,9,0.8668311834335327,ankle_midpoint,978.162841796875,587.2198486328125,0.9922364354133606,0.9934976100921631,3.757154941558838,2.27884840965271,3.787070968582029,2.3218019588346284,0.0,0,two_ankles,accepted,3.757154941558838,2.27884840965271,0.0016529921856889415
142,4.733333333333333,detected,3,1,0.9087230563163757,ankle_midpoint,991.443115234375,944.367431640625,0.9903013706207275,0.9947351813316345,3.558326005935669,12.351592063903809,3.546106988017627,12.277252777280689,0.0,0,two_ankles,accepted,3.558326005935669,12.351592063903809,0.0008004878850771632
143,4.766666666666667,detected,1,9,0.8475852608680725,ankle_midpoint,975.08837890625,585.394775390625,0.9734983444213867,0.9791455268859863,3.730940580368042,2.1925556659698486,3.7618122938857352,2.2636411270454775,0.0,0,two_ankles,accepted,3.730940580368042,2.1925556659698486,0.09018664172125221
143,4.766666666666667,detected,3,1,0.9121339917182922,ankle_midpoint,1001.53857421875,950.6546020507812,0.9902709722518921,0.9964147806167603,3.610142230987549,12.455286979675293,3.5749228473540917,12.35736816835826,0.0,0,two_ankles,accepted,3.610142230987549,12.455286979675293,0.11592047591121382
144,4.8,detected,1,9,0.8478184938430786,ankle_midpoint,975.127197265625,585.3701171875,0.9735755324363708,0.979203462600708,3.7313315868377686,2.1913697719573975,3.7480959757141505,2.2311190172558417,0.0,0,two_ankles,accepted,3.7313315868377686,2.1913697719573975,0.0012486915824716563
144,4.8,detected,3,1,0.9122803807258606,ankle_midpoint,1001.5203857421875,950.65478515625,0.9901946187019348,0.9963919520378113,3.6100428104400635,12.455292701721191,3.5907268307427795,12.40143420837158,0.0,0,two_ankles,accepted,3.6100428104400635,12.455292701721191,9.958507454207618e-05
145,4.833333333333333,detected,1,9,0.8379338979721069,ankle_midpoint,969.4439697265625,586.2301025390625,0.9904494881629944,0.991370677947998,3.677562713623047,2.2335219383239746,3.716356007773154,2.2322003317365016,0.0,0,two_ankles,accepted,3.677562713623047,2.2335219383239746,0.06832200857832278
145,4.833333333333333,detected,3,1,0.9242134094238281,ankle_midpoint,1015.547119140625,956.4013061523438,0.9901732206344604,0.994365930557251,3.6828229427337646,12.548328399658203,3.6321700811387228,12.46753659445056,0.0,0,two_ankles,accepted,3.6828229427337646,12.548328399658203,0.11812107664305947
146,4.866666666666666,detected,1,9,0.838427722454071,ankle_midpoint,969.4718017578125,586.2359619140625,0.9905582666397095,0.991500973701477,3.677814245223999,2.233795642852783,3.699012214626034,2.232918221738829,0.0,0,two_ankles,accepted,3.677814245223999,2.233795642852783,0.0003717288196627821
146,4.866666666666666,detected,3,1,0.9241929054260254,ankle_midpoint,1015.5155029296875,956.400634765625,0.990227222442627,0.9943918585777283,3.6826517581939697,12.548320770263672,3.654886835813584,12.503889473566462,0.0,0,two_ankles,accepted,3.6826517581939697,12.548320770263672,0.00017135446981538782
147,4.9,detected,1,9,0.8287365436553955,ankle_midpoint,959.0562133789062,582.936767578125,0.9792218804359436,0.9827605485916138,3.584364891052246,2.0777556896209717,3.6474209190178293,2.163095082285793,0.0,0,two_ankles,accepted,3.584364891052246,2.0777556896209717,0.18188251372714104
147,4.9,detected,3,1,0.9182044267654419,ankle_midpoint,1026.1143798828125,963.98095703125,0.9864315390586853,0.9936443567276001,3.7346911430358887,12.669998168945312,3.6907987740636212,12.578638386486945,0.0,0,two_ankles,accepted,3.7346911430358887,12.669998168945312,0.13233853151919234
148,4.933333333333334,detected,1,9,0.8272975087165833,ankle_midpoint,959.1319580078125,582.9364013671875,0.9791892766952515,0.9827176928520203,3.5850720405578613,2.0777227878570557,3.619363923710844,2.124677549792861,0.0,0,two_ankles,accepted,3.5850720405578613,2.0777227878570557,0.0007079145070986013
148,4.933333333333334,detected,3,1,0.9183182120323181,ankle_midpoint,1026.1094970703125,963.9285888671875,0.9863982796669006,0.9936553239822388,3.7347023487091064,12.669157981872559,3.71055538265409,12.619372204410471,0.0,0,two_ankles,accepted,3.7347023487091064,12.669157981872559,0.0008402617951180699
149,4.966666666666667,detected,1,9,0.8598260283470154,ankle_midpoint,953.9163208007812,582.7092895507812,0.9800791144371033,0.9842864871025085,3.536595344543457,2.06780743598938,3.5821180630855203,2.0990859985812946,0.0,0,two_ankles,accepted,3.536595344543457,2.06780743598938,0.04948034214850159
149,4.966666666666667,detected,3,1,0.9203981161117554,ankle_midpoint,1029.52734375,974.7886962890625,0.9801850318908691,0.9879921078681946,3.745159149169922,12.84109878540039,3.7261270775862148,12.719149165855935,0.0,0,two_ankles,accepted,3.745159149169922,12.84109878540039,0.1722584819208443
150,5.0,detected,1,9,0.8691431283950806,ankle_midpoint,941.7575073242188,581.8939208984375,0.9874271154403687,0.9894098043441772,3.423612117767334,2.0308263301849365,3.5107903876923365,2.0683691478029336,0.0,0,two_ankles,accepted,3.423612117767334,2.0308263301849365,0.11888150284743326
150,5.0,detected,3,1,0.9219436049461365,ankle_midpoint,1033.04443359375,979.4984130859375,0.9790219068527222,0.9853772521018982,3.7603859901428223,12.914204597473145,3.7415435882366883,12.80692411008368,0.0,0,two_ankles,accepted,3.7603859901428223,12.914204597473145,0.07467473766161357
151,5.033333333333333,detected,1,9,0.8625881671905518,ankle_midpoint,937.5191650390625,579.9757080078125,0.9864233136177063,0.9885410666465759,3.3850879669189453,1.9384719133377075,3.454224298344311,2.009915392293582,0.0,0,two_ankles,accepted,3.3850879669189453,1.9384719133377075,0.10006721995629309
151,5.033333333333333,detected,3,1,0.9305852651596069,ankle_midpoint,1035.8804931640625,979.7476196289062,0.9777165055274963,0.9820099472999573,3.7752082347869873,12.917802810668945,3.756692679184323,12.85681952534705,0.0,0,two_ankles,accepted,3.7752082347869873,12.917802810668945,0.015252739901208375
152,5.066666666666666,detected,1,9,0.8832957148551941,ankle_midpoint,925.515380859375,580.083251953125,0.9882771372795105,0.9900784492492676,3.272402048110962,1.9461307525634766,3.3724042857393037,1.9812123044150347,0.0,0,two_ankles,accepted,3.272402048110962,1.9461307525634766,0.11294589021246237
152,5.066666666666666,detected,3,1,0.9220627546310425,ankle_midpoint,1040.2752685546875,985.9697265625,0.9741491675376892,0.981149435043335,3.793658494949341,13.013215065002441,3.7733272962785813,12.927197518191976,0.0,0,two_ankles,accepted,3.793658494949341,13.013215065002441,0.09717978378787573
153,5.1,detected,1,9,0.8840734958648682,ankle_midpoint,925.5087890625,580.0804443359375,0.9882038831710815,0.9900292754173279,3.272341251373291,1.9459952116012573,3.327375920274598,1.9653646126488349,0.0,0,two_ankles,accepted,3.272341251373291,1.9459952116012573,0.00014855166020863255
153,5.1,detected,3,1,0.9220481514930725,ankle_midpoint,1040.29833984375,986.02783203125,0.9740378856658936,0.9811260104179382,3.7937352657318115,13.0141019821167,3.7825108825325353,12.966304526958101,0.0,0,two_ankles,accepted,3.7937352657318115,13.0141019821167,0.000890233520265649
154,5.133333333333334,detected,1,9,0.8840792179107666,ankle_midpoint,925.51806640625,580.0756225585938,0.9882130026817322,0.990019679069519,3.272430181503296,1.94575834274292,3.3026503378275125,1.956541791191173,0.0,0,two_ankles,accepted,3.272430181503296,1.94575834274292,0.0002530126954774201
154,5.133333333333334,detected,3,1,0.9222778677940369,ankle_midpoint,1040.3011474609375,986.0179443359375,0.9739998579025269,0.9811093807220459,3.793757438659668,13.01395034790039,3.7875718327897454,12.987745146382132,0.0,0,two_ankles,accepted,3.793757438659668,13.01395034790039,0.0001532467757743977
155,5.166666666666667,detected,1,9,0.8860575556755066,ankle_midpoint,917.5504150390625,578.791259765625,0.9932842254638672,0.9922714233398438,3.1979548931121826,1.8846063613891602,3.255537387705614,1.9241708477802675,0.0,0,two_ankles,accepted,3.1979548931121826,1.8846063613891602,0.09636458584163621
155,5.166666666666667,detected,3,1,0.891750693321228,ankle_midpoint,1049.194091796875,991.287353515625,0.9864656329154968,0.992472767829895,3.8362085819244385,13.093265533447266,3.8094583699003572,13.035229320561442,0.0,0,two_ankles,accepted,3.8362085819244385,13.093265533447266,0.08996109282807362
156,5.2,detected,1,9,0.8854871988296509,ankle_midpoint,917.5286865234375,578.8212280273438,0.9932947754859924,0.9923081398010254,3.197744131088257,1.8860785961151123,3.2295304222278034,1.907029334530948,0.0,0,two_ankles,accepted,3.197744131088257,1.8860785961151123,0.0014872443373664898
156,5.2,detected,3,1,0.8919313549995422,ankle_midpoint,1049.2119140625,991.3658447265625,0.986396074295044,0.9924071431159973,3.836238145828247,13.094450950622559,3.821509269067908,13.061879054088944,0.0,0,two_ankles,accepted,3.836238145828247,13.094450950622559,0.0011857857748716523
157,5.233333333333333,detected,1,9,0.893261194229126,ankle_midpoint,913.5596923828125,579.9493408203125,0.9944360256195068,0.9957191348075867,3.16025710105896,1.9420080184936523,3.198357427701824,1.922769742314165,0.0,0,two_ankles,accepted,3.16025710105896,1.9420080184936523,0.06733036245271921
157,5.233333333333333,detected,3,1,0.8843898773193359,ankle_midpoint,1058.4423828125,984.4407958984375,0.9901660084724426,0.9918738007545471,3.8904685974121094,12.98808479309082,3.852540966822799,13.028671636639789,0.0,0,two_ankles,accepted,3.8904685974121094,12.98808479309082,0.11939305401511513
158,5.266666666666667,detected,1,9,0.8941524028778076,ankle_midpoint,913.6031494140625,580.014404296875,0.994449257850647,0.9957426190376282,3.1606554985046387,1.9451714754104614,3.1813915595630906,1.9328505222074983,0.0,0,two_ankles,accepted,3.1606554985046387,1.9451714754104614,0.0031884447916234247
158,5.266666666666667,detected,3,1,0.8845667839050293,ankle_midpoint,1058.5244140625,984.562255859375,0.9902175068855286,0.9919666051864624,3.890794277191162,12.989941596984863,3.8697549564885625,13.011243118795072,0.0,0,two_ankles,accepted,3.890794277191162,12.989941596984863,0.0018851493361049596
159,5.3,detected,1,9,0.8491454124450684,ankle_midpoint,911.4191284179688,581.701416015625,0.983308732509613,0.9870734214782715,3.1399898529052734,2.027580738067627,3.162760791567073,1.9754791193445562,0.0,0,two_ankles,accepted,3.1399898529052734,2.027580738067627,0.08496090559625798
159,5.3,detected,3,1,0.9078022241592407,ankle_midpoint,1056.664794921875,971.8250732421875,0.9919525980949402,0.9935430288314819,3.892148494720459,12.791908264160156,3.879832048692916,12.91254243420936,0.0,0,two_ankles,accepted,3.892148494720459,12.791908264160156,0.19803796306460497
160,5.333333333333333,detected,1,9,0.8484987020492554,ankle_midpoint,911.388916015625,581.69677734375,0.9833407998085022,0.987059473991394,3.1397078037261963,2.027362108230591,3.1523869470386785,1.998826464343272,0.0,0,two_ankles,accepted,3.1397078037261963,2.027362108230591,0.0003568623615072614
160,5.333333333333333,detected,3,1,0.9078287482261658,ankle_midpoint,1056.628173828125,971.7838134765625,0.9919309020042419,0.9935199618339539,3.8919897079467773,12.791260719299316,3.8853029953571534,12.85796566249984,0.0,0,two_ankles,accepted,3.8919897079467773,12.791260719299316,0.0006667290201396045
161,5.366666666666666,detected,1,9,0.846921443939209,ankle_midpoint,910.9429931640625,581.149658203125,0.9861893057823181,0.9880127906799316,3.135589122772217,2.0009257793426514,3.144827926118771,1.999771156092993,0.0,0,two_ankles,accepted,3.135589122772217,2.0009257793426514,0.02675524281093288
161,5.366666666666666,detected,3,1,0.9160585403442383,ankle_midpoint,1055.2694091796875,968.9972534179688,0.9936819076538086,0.9953122138977051,3.8871936798095703,12.74728012084961,3.8861538033607412,12.808157168757237,0.0,0,two_ankles,accepted,3.8871936798095703,12.74728012084961,0.04424132599603287
162,5.4,detected,1,9,0.8719462156295776,ankle_midpoint,911.589111328125,580.5194091796875,0.9869874715805054,0.9881414175033569,3.14170503616333,1.9701703786849976,3.1434226256388227,1.986450806259395,0.0,0,two_ankles,accepted,3.14170503616333,1.9701703786849976,0.03135759981600013
162,5.4,detected,3,1,0.9038152694702148,ankle_midpoint,1050.3480224609375,967.3035888671875,0.9922909140586853,0.9916084408760071,3.862295150756836,12.720809936523438,3.875417409688984,12.768850914252027,0.0,0,two_ankles,accepted,3.862295150756836,12.720809936523438,0.03634016245493921
163,5.433333333333334,detected,1,9,0.8808392286300659,ankle_midpoint,912.8043823242188,580.7276000976562,0.988167941570282,0.9887745380401611,3.153069496154785,1.9800512790679932,3.147763717371006,1.9835710190232643,0.0,0,two_ankles,accepted,3.153069496154785,1.9800512790679932,0.015059320810583253
163,5.433333333333334,detected,3,1,0.9030748605728149,ankle_midpoint,1048.446533203125,966.9761962890625,0.9912432432174683,0.9911642074584961,3.852372646331787,12.71577262878418,3.865047266178246,12.744965685791495,0.0,0,two_ankles,accepted,3.852372646331787,12.71577262878418,0.011127918193673973
164,5.466666666666667,detected,1,9,0.8433717489242554,ankle_midpoint,913.1209716796875,578.1506958007812,0.9826818704605103,0.9831347465515137,3.1563830375671387,1.8540865182876587,3.1516424114592656,1.925302993692242,0.0,0,two_ankles,accepted,3.1563830375671387,1.8540865182876587,0.12600833510184264
164,5.466666666666667,detected,3,1,0.9044454097747803,ankle_midpoint,1047.0733642578125,969.3441772460938,0.9907721281051636,0.9909800887107849,3.8430211544036865,12.753571510314941,3.8551355158796943,12.748838306827047,0.0,0,two_ankles,accepted,3.8430211544036865,12.753571510314941,0.03893848798114649
165,5.5,detected,1,9,0.8428901433944702,ankle_midpoint,913.117919921875,578.1526489257812,0.9827525615692139,0.9832194447517395,3.1563539505004883,1.8541830778121948,3.153762604027816,1.8932990315462208,0.0,0,two_ankles,accepted,3.1563539505004883,1.8541830778121948,0.00010084542242942067
165,5.5,detected,3,1,0.9044776558876038,ankle_midpoint,1047.0330810546875,969.3491821289062,0.9907324314117432,0.9909294247627258,3.842801332473755,12.753654479980469,3.8495851333470217,12.751005584746087,0.0,0,two_ankles,accepted,3.842801332473755,12.753654479980469,0.00023495881825671156
166,5.533333333333333,detected,1,9,0.843032956123352,ankle_midpoint,913.1238403320312,578.142578125,0.9827509522438049,0.9832203388214111,3.1564111709594727,1.8536874055862427,3.1549544591470617,1.8754737998642308,0.0,0,two_ankles,accepted,3.1564111709594727,1.8536874055862427,0.0004989640633419808
166,5.533333333333333,detected,3,1,0.904367983341217,ankle_midpoint,1047.04931640625,969.3408203125,0.9907942414283752,0.9910030364990234,3.842895269393921,12.753520011901855,3.846574694568127,12.752137076966184,0.0,0,two_ankles,accepted,3.842895269393921,12.753520011901855,0.0001640299031769024
167,5.566666666666666,detected,1,9,0.8723030686378479,ankle_midpoint,912.4344482421875,578.1552124023438,0.9876340627670288,0.9882735013961792,3.1499178409576416,1.8544471263885498,3.152687980961823,1.8660117968001744,0.0,0,two_ankles,accepted,3.1499178409576416,1.8544471263885498,0.006537622672664542
167,5.566666666666666,detected,3,1,0.8951618075370789,ankle_midpoint,1048.885498046875,973.8428955078125,0.9822885990142822,0.9817577004432678,3.848932981491089,12.824418067932129,3.84763592368346,12.78466352290086,0.0,0,two_ankles,accepted,3.848932981491089,12.824418067932129,0.07115467880779225
168,5.6,detected,1,9,0.8808594942092896,ankle_midpoint,912.3349609375,579.5693359375,0.9762054085731506,0.9775540232658386,3.148810386657715,1.9237117767333984,3.1509430635249744,1.8919767877701252,0.0,0,two_ankles,accepted,3.148810386657715,1.9237117767333984,0.06927350317704863
168,5.6,detected,3,1,0.8928830027580261,ankle_midpoint,1050.1053466796875,974.0957641601562,0.9843749403953552,0.9829933643341064,3.8552157878875732,12.828272819519043,3.851046862575311,12.804287706379043,0.0,0,two_ankles,accepted,3.8552157878875732,12.828272819519043,0.0073710763130306455
169,5.633333333333334,detected,1,9,0.8526661396026611,ankle_midpoint,912.6442260742188,583.0560913085938,0.9850196838378906,0.9862333536148071,3.151278018951416,2.092772960662842,3.1510937934668735,1.982335065571848,0.0,0,two_ankles,accepted,3.151278018951416,2.092772960662842,0.1690791918621626
169,5.633333333333334,detected,3,1,0.9165470600128174,ankle_midpoint,1050.8292236328125,975.9397583007812,0.9917761087417603,0.9873613119125366,3.8575081825256348,12.857096672058105,3.853954456552957,12.828051740934622,0.0,0,two_ankles,accepted,3.8575081825256348,12.857096672058105,0.02891486725493017
170,5.666666666666667,detected,1,9,0.8518264293670654,ankle_midpoint,912.6466674804688,583.1148681640625,0.985066294670105,0.986280083656311,3.1512935161590576,2.0956039428710938,3.1511836686783568,2.0333060603565087,0.0,0,two_ankles,accepted,3.1512935161590576,2.0956039428710938,0.0028310246249165323
170,5.666666666666667,detected,3,1,0.9166068434715271,ankle_midpoint,1050.8404541015625,975.9451904296875,0.9917721152305603,0.9873595833778381,3.8575632572174072,12.85718059539795,3.8555784168519596,12.84115972544312,0.0,0,two_ankles,accepted,3.8575632572174072,12.85718059539795,0.000100381017350698
171,5.7,detected,1,9,0.7959344387054443,ankle_midpoint,912.5342407226562,585.3719482421875,0.9841761589050293,0.9842678904533386,3.1499698162078857,2.2038750648498535,3.150637435066645,2.110062112378514,0.0,0,two_ankles,accepted,3.1499698162078857,2.2038750648498535,0.10827921331493043
171,5.7,detected,3,1,0.912760853767395,ankle_midpoint,1049.181396484375,969.3937377929688,0.9931676983833313,0.9894360303878784,3.8542613983154297,12.754156112670898,3.854985758510521,12.802008099695621,0.0,0,two_ankles,accepted,3.8542613983154297,12.754156112670898,0.10307738022177781
172,5.733333333333333,detected,1,9,0.7966820597648621,ankle_midpoint,912.5440673828125,585.3568115234375,0.9841104745864868,0.9842214584350586,3.1500630378723145,2.2031502723693848,3.1503789563291966,2.151951784374406,0.0,0,two_ankles,accepted,3.1500630378723145,2.2031502723693848,0.0007307629016739304
172,5.733333333333333,detected,3,1,0.9129209518432617,ankle_midpoint,1049.196044921875,969.3668823242188,0.9931990504264832,0.9894437789916992,3.8543624877929688,12.753727912902832,3.854705286687623,12.780282015638868,0.0,0,two_ankles,accepted,3.8543624877929688,12.753727912902832,0.000439970594291533
173,5.766666666666667,detected,1,9,0.8247025012969971,ankle_midpoint,910.3383178710938,584.2098388671875,0.9791350960731506,0.9760595560073853,3.129674196243286,2.1486947536468506,3.141061814290537,2.150486120547006,0.0,0,two_ankles,accepted,3.129674196243286,2.1486947536468506,0.058147299011337306
173,5.766666666666667,detected,3,1,0.9247398972511292,ankle_midpoint,1043.70849609375,957.6956787109375,0.9779068231582642,0.9632241129875183,3.8346340656280518,12.56668758392334,3.845673237210816,12.684164521366881,0.0,0,two_ankles,accepted,3.8346340656280518,12.56668758392334,0.18807789690942914
174,5.8,detected,1,9,0.8256682753562927,ankle_midpoint,910.337158203125,584.193115234375,0.9791264533996582,0.9760528206825256,3.129664659500122,2.147892951965332,3.1359330946348503,2.149319194685253,0.0,0,two_ankles,accepted,3.129664659500122,2.147892951965332,0.0008018583952021448
174,5.8,detected,3,1,0.92486172914505,ankle_midpoint,1043.7332763671875,957.6939697265625,0.9780043959617615,0.96324223279953,3.8347697257995605,12.566657066345215,3.840766657075751,12.631286166607133,0.0,0,two_ankles,accepted,3.8347697257995605,12.566657066345215,0.00013905036752346088
175,5.833333333333333,detected,1,9,0.861211359500885,ankle_midpoint,898.8439331054688,582.0595703125,0.9833963513374329,0.9845864772796631,3.02243709564209,2.0474307537078857,3.0848598950881083,2.103469396245438,0.0,0,two_ankles,accepted,3.02243709564209,2.0474307537078857,0.14693673376540947
175,5.833333333333333,detected,3,1,0.9108409285545349,ankle_midpoint,1033.9417724609375,952.5728759765625,0.9906344413757324,0.9792649745941162,3.785688638687134,12.483760833740234,3.815981548800873,12.564899766817028,0.0,0,two_ankles,accepted,3.785688638687134,12.483760833740234,0.09633658958171942
176,5.866666666666666,detected,1,9,0.8621749877929688,ankle_midpoint,898.8291015625,582.0603637695312,0.9833440184593201,0.9845263957977295,3.022298574447632,2.0474720001220703,3.0567073007998937,2.0782705679899225,0.0,0,two_ankles,accepted,3.022298574447632,2.0474720001220703,0.00014453161590862512
176,5.866666666666666,detected,3,1,0.9108482599258423,ankle_midpoint,1033.9412841796875,952.5623779296875,0.9905967712402344,0.9792606234550476,3.7856943607330322,12.483588218688965,3.802352314170345,12.5283095701594,0.0,0,two_ankles,accepted,3.7856943607330322,12.483588218688965,0.0001727098657692916
177,5.9,detected,1,9,0.8450509905815125,ankle_midpoint,893.4122314453125,583.259033203125,0.9887371063232422,0.9873670339584351,2.9719457626342773,2.1063826084136963,3.0185646086253666,2.090920986180621,0.0,0,two_ankles,accepted,2.9719457626342773,2.1063826084136963,0.07749751884286672
177,5.9,detected,3,1,0.899895191192627,ankle_midpoint,1025.250244140625,946.2108154296875,0.9974145889282227,0.9955112934112549,3.742994785308838,12.379097938537598,3.775641426182667,12.46116433592959,0.0,0,two_ankles,accepted,3.742994785308838,12.379097938537598,0.11287813068755906
178,5.933333333333334,detected,1,9,0.8446359038352966,ankle_midpoint,893.375,583.2176513671875,0.9887668490409851,0.9874045848846436,2.9715893268585205,2.104398012161255,2.997425731830286,2.0969856478719064,0.0,0,two_ankles,accepted,2.9715893268585205,2.104398012161255,0.002016350353347317
178,5.933333333333334,detected,3,1,0.8999266028404236,ankle_midpoint,1025.23828125,946.2657470703125,0.9974210262298584,0.9955215454101562,3.7428882122039795,12.380016326904297,3.760902479892258,12.424647731868209,0.0,0,two_ankles,accepted,3.7428882122039795,12.380016326904297,0.0009245512526450969
179,5.966666666666667,detected,1,9,0.8205376863479614,ankle_midpoint,882.9432373046875,588.5444946289062,0.9880472421646118,0.9869600534439087,2.87648606300354,2.3602752685546875,2.9430028808582502,2.215465977179158,0.0,0,two_ankles,accepted,2.87648606300354,2.3602752685546875,0.2729794884882388
179,5.966666666666667,detected,3,1,0.9087730050086975,ankle_midpoint,1014.20361328125,936.0706787109375,0.996634304523468,0.9965605139732361,3.689253091812134,12.208850860595703,3.7286602552562025,12.327539139795583,0.0,0,two_ankles,accepted,3.689253091812134,12.208850860595703,0.17937207975626007
180,6.0,detected,1,9,0.7171236276626587,ankle_midpoint,883.6522216796875,589.3458251953125,0.9858567714691162,0.9824872612953186,2.8833391666412354,2.3978705406188965,2.9161542094605934,2.2975480307270404,0.0,0,two_ankles,accepted,2.8833391666412354,2.3978705406188965,0.038214781316277154
180,6.0,detected,3,1,0.9156177639961243,ankle_midpoint,1001.3851318359375,931.21044921875,0.99326092004776,0.9936271905899048,3.621018409729004,12.126602172851562,3.6802214247689635,12.237117504670774,0.0,0,two_ankles,accepted,3.621018409729004,12.126602172851562,0.10686822949136453
181,6.033333333333333,detected,1,9,0.7264989614486694,ankle_midpoint,883.7236328125,589.3294677734375,0.9859994053840637,0.9824983477592468,2.88399076461792,2.397087335586548,2.90168065928139,2.342340717913819,0.0,0,two_ankles,accepted,2.88399076461792,2.397087335586548,0.001018817965053448
181,6.033333333333333,detected,3,1,0.9156937599182129,ankle_midpoint,1001.3292846679688,931.0722045898438,0.9932839870452881,0.9936673045158386,3.620791435241699,12.124217987060547,3.653477929481695,12.186312721746173,0.0,0,two_ankles,accepted,3.620791435241699,12.124217987060547,0.002394965407676701
182,6.066666666666666,detected,1,9,0.7963111996650696,ankle_midpoint,882.5327758789062,589.9163818359375,0.9912263751029968,0.9893198013305664,2.873255729675293,2.424887180328369,2.8888894409586467,2.3794866260003666,0.0,0,two_ankles,accepted,2.873255729675293,2.424887180328369,0.029800542660978348
182,6.066666666666666,detected,3,1,0.9118171334266663,ankle_midpoint,986.636474609375,915.6380004882812,0.9861714243888855,0.9904634952545166,3.5468897819519043,11.854056358337402,3.6055132630932896,12.036797358212226,0.0,0,two_ankles,accepted,3.5468897819519043,11.854056358337402,0.2800870578825577
183,6.1,detected,1,9,0.7962873578071594,ankle_midpoint,882.5206298828125,589.8983154296875,0.9911922812461853,0.9894111752510071,2.8731367588043213,2.424041986465454,2.8818007339892002,2.399536538209656,0.0,0,two_ankles,accepted,2.8731367588043213,2.424041986465454,0.0008535260593848355
183,6.1,detected,3,1,0.9117864966392517,ankle_midpoint,986.6815185546875,915.6873168945312,0.9860751032829285,0.9904899597167969,3.547119379043579,11.854934692382812,3.5792360152709204,11.954959158588991,0.0,0,two_ankles,accepted,3.547119379043579,11.854934692382812,0.0009078466389385925
184,6.133333333333334,detected,1,9,0.8004642128944397,ankle_midpoint,882.4803466796875,589.9765014648438,0.9912152290344238,0.9894320964813232,2.872797727584839,2.427717685699463,2.877749381107238,2.412218054580069,0.0,0,two_ankles,accepted,2.872797727584839,2.427717685699463,0.0036913015355937175
184,6.133333333333334,detected,3,1,0.9116189479827881,ankle_midpoint,986.7066650390625,915.6060791015625,0.9861884713172913,0.9906002283096313,3.5473062992095947,11.853476524353027,3.564867643043324,11.909291973182809,0.0,0,two_ankles,accepted,3.5473062992095947,11.853476524353027,0.0014700997080303205
185,6.166666666666667,detected,1,9,0.8130260705947876,ankle_midpoint,881.503173828125,588.7528076171875,0.9793888926506042,0.9787945747375488,2.8632853031158447,2.3703787326812744,2.8712405460111112,2.3933903597256116,0.0,0,two_ankles,accepted,2.8632853031158447,2.3703787326812744,0.058122644059784
185,6.166666666666667,detected,3,1,0.9063517451286316,ankle_midpoint,979.75634765625,911.063720703125,0.987976610660553,0.9927031993865967,3.5100278854370117,11.77236270904541,3.5401897521204835,11.84767380432098,0.0,0,two_ankles,accepted,3.5100278854370117,11.77236270904541,0.08926999029437686
186,6.2,detected,1,9,0.773583710193634,ankle_midpoint,875.7852783203125,584.981689453125,0.9805049300193787,0.972211480140686,2.8085434436798096,2.192521333694458,2.8430268499620257,2.302999298011593,0.0,0,two_ankles,accepted,2.8085434436798096,2.192521333694458,0.18609117536538436
186,6.2,detected,3,1,0.9088616967201233,ankle_midpoint,970.7413330078125,901.1431884765625,0.9912609457969666,0.9953795671463013,3.4628779888153076,11.591506004333496,3.5053994586331547,11.732398294326613,0.0,0,two_ankles,accepted,3.4628779888153076,11.591506004333496,0.18690173993489162
187,6.233333333333333,detected,1,9,0.781299352645874,ankle_midpoint,873.1805419921875,584.7081298828125,0.9941713213920593,0.9775398969650269,2.784184455871582,2.1799545288085938,2.816547772621326,2.2476291518702434,0.0,0,two_ankles,accepted,2.784184455871582,2.1799545288085938,0.027409576284225183
187,6.233333333333333,detected,3,1,0.9103188514709473,ankle_midpoint,964.61083984375,896.372802734375,0.9879459142684937,0.9932709336280823,3.4293572902679443,11.50319766998291,3.47118048286881,11.629258013371947,0.0,0,two_ankles,accepted,3.4293572902679443,11.50319766998291,0.09445633460429258
188,6.266666666666667,detected,1,9,0.8031213879585266,ankle_midpoint,867.6080322265625,578.1990356445312,0.9941656589508057,0.9832701683044434,2.7279038429260254,1.8656610250473022,2.791067606133491,2.195419298424038,0.0,0,two_ankles,corrected_motion_outlier,2.759925180426137,2.1316072553231207,0.3192928340882027
188,6.266666666666667,detected,3,1,0.8998241424560547,ankle_midpoint,946.6378784179688,889.2982788085938,0.978076696395874,0.9840508103370667,3.326809883117676,11.371317863464355,3.4062137129808,11.513184945913531,0.0,0,two_ankles,accepted,3.326809883117676,11.371317863464355,0.16705763700176765
189,6.3,detected,1,9,0.8038132786750793,ankle_midpoint,867.59814453125,578.2073974609375,0.9942852854728699,0.9831142425537109,2.727816581726074,1.8660733699798584,2.7626046451501534,2.0472136306241575,0.0,0,two_ankles,accepted,2.727816581726074,1.8660733699798584,0.15945118304935338
189,6.3,detected,3,1,0.9000826478004456,ankle_midpoint,946.6444091796875,889.3634643554688,0.9782080054283142,0.9840385913848877,3.326829195022583,11.372560501098633,3.3704906798996026,11.449903945746827,0.0,0,two_ankles,accepted,3.326829195022583,11.372560501098633,0.0012427876889451147
190,6.333333333333333,detected,1,9,0.8035226464271545,ankle_midpoint,867.6298828125,578.19873046875,0.9942156672477722,0.9831891059875488,2.728109359741211,1.865641713142395,2.7470817667161294,1.9655062677573645,0.0,0,two_ankles,accepted,2.728109359741211,1.865641713142395,0.0005215808580424349
190,6.333333333333333,detected,3,1,0.900016188621521,ankle_midpoint,946.6297607421875,889.4044189453125,0.9781413674354553,0.9840166568756104,3.3267314434051514,11.373342514038086,3.3507990234770997,11.415451301477894,0.0,0,two_ankles,accepted,3.3267314434051514,11.373342514038086,0.0007880987350469602
191,6.366666666666666,detected,1,9,0.8103376626968384,ankle_midpoint,862.83154296875,575.6175537109375,0.9972225427627563,0.9894179701805115,2.680908203125,1.7393261194229126,2.7173036631001213,1.8637252010068612,0.0,0,two_ankles,accepted,2.680908203125,1.7393261194229126,0.13484649940808038
191,6.366666666666666,detected,3,1,0.9165887236595154,ankle_midpoint,937.6461181640625,886.5863037109375,0.9845930933952332,0.9878584146499634,3.2746572494506836,11.320390701293945,3.3165352251652127,11.372674031395118,0.0,0,two_ankles,accepted,3.2746572494506836,11.320390701293945,0.07426719429800793
192,6.4,detected,1,9,0.7473072409629822,ankle_midpoint,853.4965209960938,566.5991821289062,0.9855125546455383,0.985855758190155,2.5837435722351074,1.2862974405288696,2.688648040647336,1.7713884862416993,0.0,0,two_ankles,corrected_motion_outlier,2.653624502093931,1.6585325015287231,0.46333136025575794
192,6.4,detected,3,1,0.9313395619392395,ankle_midpoint,921.9974365234375,879.0472412109375,0.9849612712860107,0.9860157370567322,3.1834073066711426,11.176024436950684,3.2566276618428813,11.284181713895123,0.0,0,two_ankles,accepted,3.1834073066711426,11.176024436950684,0.17078691500726287
193,6.433333333333334,detected,1,9,0.6884505748748779,ankle_midpoint,849.0504150390625,561.1829833984375,0.9902613759040833,0.9892480969429016,2.5349926948547363,1.006096363067627,2.6606097828343227,1.6842461650684748,0.0,0,two_ankles,corrected_motion_outlier,2.626340801062862,1.5777388836345339,0.37380382928703426
193,6.433333333333334,detected,3,1,0.9324312210083008,ankle_midpoint,916.2516479492188,880.11083984375,0.9854609370231628,0.9856709837913513,3.149184465408325,11.197421073913574,3.2082782234473313,11.245139425903428,0.0,0,two_ankles,accepted,3.149184465408325,11.197421073913574,0.04036110674178464
194,6.466666666666667,detected,1,9,0.7704235911369324,ankle_midpoint,839.5272216796875,553.072265625,0.99660325050354,0.9874148964881897,2.4316253662109375,0.5755402445793152,2.6329110755731846,1.5999607603708164,0.28649377921639974,0,two_ankles,corrected_motion_outlier,2.5990571000317932,1.4969452657403446,0.39672821585023565
194,6.466666666666667,detected,3,1,0.9106981158256531,ankle_midpoint,908.2784423828125,879.0985107421875,0.9658109545707703,0.9796634316444397,3.1018898487091064,11.17852783203125,3.16040345481513,11.215164208660948,0.0,0,two_ankles,accepted,3.1018898487091064,11.17852783203125,0.05092872821453557
195,6.5,detected,1,9,0.7708954215049744,ankle_midpoint,839.5065307617188,553.114990234375,0.9966434240341187,0.9872856736183167,2.4314777851104736,0.577860951423645,2.542266094864965,1.1400158463445893,0.19994949907943305,0,two_ankles,accepted,2.4314777851104736,0.577860951423645,0.2969866232158517
195,6.5,detected,3,1,0.9106901288032532,ankle_midpoint,908.3172607421875,879.1109008789062,0.9659409523010254,0.9796720147132874,3.1021203994750977,11.178765296936035,3.1341760799121157,11.198784698384738,0.0,0,two_ankles,accepted,3.1021203994750977,11.178765296936035,0.0003309731661385216
196,6.533333333333333,detected,1,9,0.7697858810424805,ankle_midpoint,839.5013427734375,553.1466674804688,0.9966723918914795,0.9873336553573608,2.4314687252044678,0.5795791149139404,2.4924072785177414,0.8878193172007973,0.0,0,two_ankles,accepted,2.4314687252044678,0.5795791149139404,0.0017181873766504458
196,6.533333333333333,detected,3,1,0.9108185768127441,ankle_midpoint,908.29638671875,879.0718994140625,0.9660314917564392,0.9796766638755798,3.101996898651123,11.17800521850586,3.119695448344669,11.189433932439243,0.0,0,two_ankles,accepted,3.101996898651123,11.17800521850586,0.0007700465398538502
197,6.566666666666666,detected,1,9,0.8342629075050354,ankle_midpoint,834.7042236328125,550.85400390625,0.9973335266113281,0.9871640205383301,2.3807075023651123,0.4557770788669586,2.4421423792490584,0.69340030995057,0.0,0,two_ankles,accepted,2.3807075023651123,0.4557770788669586,0.13380450617794937
197,6.566666666666666,detected,3,1,0.922970175743103,ankle_midpoint,909.2171020507812,876.7109375,0.9818270802497864,0.9842339158058167,3.107527732849121,11.13161563873291,3.1142199763716727,11.163415700271393,0.0,0,two_ankles,accepted,3.107527732849121,11.13161563873291,0.0467181253737408
198,6.6,detected,1,9,0.8037423491477966,ankle_midpoint,827.9380493164062,547.220703125,0.9948750138282776,0.990300178527832,2.3076529502868652,0.2570021152496338,2.3816221362160714,0.4970211223351487,0.0,0,two_ankles,accepted,2.3076529502868652,0.2570021152496338,0.21177453515572198
198,6.6,detected,3,1,0.9184707999229431,ankle_midpoint,901.3807983398438,871.9869384765625,0.9826903939247131,0.9821861982345581,3.060682535171509,11.039052963256836,3.0901281278315995,11.107452468614843,0.0,0,two_ankles,accepted,3.060682535171509,11.039052963256836,0.10374160899438375
199,6.633333333333334,detected,1,9,0.8046286702156067,ankle_midpoint,827.9251708984375,547.2317504882812,0.9948831796646118,0.9902896285057068,2.307541847229004,0.25761839747428894,2.3482860061718913,0.3892898961477619,0.0,0,two_ankles,accepted,2.307541847229004,0.25761839747428894,0.000626216951137575
199,6.633333333333334,detected,3,1,0.9184902310371399,ankle_midpoint,901.3954467773438,871.9957275390625,0.9826253652572632,0.9821094274520874,3.0607705116271973,11.039226531982422,3.0769172005396186,11.076750797130256,0.0,0,two_ankles,accepted,3.0607705116271973,11.039226531982422,0.00019459177592342632
200,6.666666666666667,detected,1,9,0.6503319144248962,ankle_midpoint,820.862548828125,547.558349609375,0.9774631261825562,0.9552245140075684,2.2373995780944824,0.27729588747024536,2.298387113537057,0.3388925922428795,0.0,0,two_ankles,accepted,2.2373995780944824,0.27729588747024536,0.0728501306236345
200,6.666666666666667,detected,3,1,0.9114342927932739,ankle_midpoint,893.1104736328125,867.2763061523438,0.9882877469062805,0.9894350171089172,3.0106725692749023,10.945721626281738,3.0471071164704964,11.017787670248424,0.0,0,two_ankles,accepted,3.0106725692749023,10.945721626281738,0.10608002270940366
201,6.7,detected,1,9,0.6459258198738098,ankle_midpoint,820.8211669921875,547.5286865234375,0.9775384068489075,0.9552164673805237,2.236933469772339,0.2756601572036743,2.270732973842934,0.3104379964752372,0.0,0,two_ankles,accepted,2.236933469772339,0.2756601572036743,0.0017008440472154
201,6.7,detected,3,1,0.9114573001861572,ankle_midpoint,893.1340942382812,867.2403564453125,0.9882708191871643,0.9894118905067444,3.0108115673065186,10.944995880126953,3.0307741193467064,10.985031364693763,0.0,0,two_ankles,accepted,3.0108115673065186,10.944995880126953,0.000738937029779007
202,6.733333333333333,detected,1,9,0.7909809947013855,ankle_midpoint,815.4254150390625,547.6524658203125,0.9862877130508423,0.9835598468780518,2.183173894882202,0.28370991349220276,2.231331388310605,0.2984103591328717,0.0,0,two_ankles,accepted,2.183173894882202,0.28370991349220276,0.05435890422619758
202,6.733333333333333,detected,3,1,0.923412024974823,ankle_midpoint,885.122802734375,862.2473754882812,0.9835320711135864,0.9837895035743713,2.9617390632629395,10.844778060913086,2.9997083441090115,10.921917377992457,0.0,0,two_ankles,accepted,2.9617390632629395,10.844778060913086,0.11158728395785272
203,6.766666666666667,detected,1,9,0.7767481803894043,ankle_midpoint,814.9794921875,551.257080078125,0.9847855567932129,0.9820156097412109,2.185422420501709,0.4821067750453949,2.210672352796602,0.38107374629350715,0.0,0,two_ankles,accepted,2.185422420501709,0.4821067750453949,0.19840960294708032
203,6.766666666666667,detected,3,1,0.9133439064025879,ankle_midpoint,880.206787109375,851.8368530273438,0.9850559234619141,0.9833264946937561,2.9298741817474365,10.630402565002441,2.9682829710463032,10.790735712146951,0.0,0,two_ankles,accepted,2.9298741817474365,10.630402565002441,0.2167307636698856
204,6.8,detected,1,9,0.7721477150917053,ankle_midpoint,809.73046875,553.17626953125,0.9854336977005005,0.9796485304832458,2.1370394229888916,0.5876321792602539,2.1775375343831325,0.47402504112854327,0.0,0,two_ankles,accepted,2.1370394229888916,0.5876321792602539,0.11608843776636275
204,6.8,detected,3,1,0.9209811091423035,ankle_midpoint,869.23876953125,844.94970703125,0.984775722026825,0.9846259951591492,2.8604886531829834,10.486335754394531,2.9197755280078095,10.653755731158363,0.0,0,two_ankles,accepted,2.8604886531829834,10.486335754394531,0.15990496394078577
205,6.833333333333333,detected,1,9,0.7734596133232117,ankle_midpoint,809.712646484375,553.18994140625,0.9853892922401428,0.9796326160430908,2.136889696121216,0.5883767008781433,2.15924600716527,0.5254832880158633,0.0,0,two_ankles,accepted,2.136889696121216,0.5883767008781433,0.000759427794071732
205,6.833333333333333,detected,3,1,0.9210196137428284,ankle_midpoint,869.2388305664062,844.899169921875,0.9846466183662415,0.9845280051231384,2.8604743480682373,10.485260009765625,2.893089997035002,10.577932656531631,0.0,0,two_ankles,accepted,2.8604743480682373,10.485260009765625,0.001075839738496652
206,6.866666666666666,detected,1,9,0.7734357714653015,ankle_midpoint,809.7488403320312,553.2176513671875,0.9852855801582336,0.9794892072677612,2.137301445007324,0.5898698568344116,2.1493709541941945,0.55445724398421,0.0,0,two_ankles,accepted,2.137301445007324,0.5898698568344116,0.0015488872957549365
206,6.866666666666666,detected,3,1,0.9210132360458374,ankle_midpoint,869.233642578125,844.89306640625,0.9846559762954712,0.9845423698425293,2.860440492630005,10.485130310058594,2.8783977200527535,10.536171600618765,0.0,0,two_ankles,accepted,2.860440492630005,10.485130310058594,0.00013404553219671818
207,6.9,detected,1,9,0.7407389879226685,ankle_midpoint,808.9986572265625,552.1356201171875,0.9788578152656555,0.9672372937202454,2.1277639865875244,0.5312933325767517,2.139647818771193,0.5440334838508538,0.0,0,two_ankles,accepted,2.1277639865875244,0.5312933325767517,0.05934789218849841
207,6.9,detected,3,1,0.9161055088043213,ankle_midpoint,863.2218627929688,844.279541015625,0.9855782389640808,0.9854076504707336,2.822957992553711,10.47275447845459,2.8534498426781845,10.507633895644886,0.0,0,two_ankles,accepted,2.822957992553711,10.47275447845459,0.039472763012741295
208,6.933333333333334,detected,1,9,0.7384865880012512,ankle_midpoint,809.0048828125,552.1807861328125,0.9788088202476501,0.967117965221405,2.1279144287109375,0.5337490439414978,2.134367793244078,0.5394054858916436,0.0,0,two_ankles,accepted,2.1279144287109375,0.5337490439414978,0.0024603152520439654
208,6.933333333333334,detected,3,1,0.9162440299987793,ankle_midpoint,863.2454833984375,844.2864990234375,0.9854986667633057,0.9853503704071045,2.8231070041656494,10.472899436950684,2.8397955653475435,10.492003389232496,0.0,0,two_ankles,accepted,2.8231070041656494,10.472899436950684,0.00020788801332030874
209,6.966666666666667,detected,1,9,0.7111666798591614,ankle_midpoint,809.9987182617188,550.745849609375,0.98204505443573,0.9682886600494385,2.134969472885132,0.45524758100509644,2.1346385490825526,0.5015344286926974,0.0,0,two_ankles,accepted,2.134969472885132,0.45524758100509644,0.07881784906640774
209,6.966666666666667,detected,3,1,0.9219175577163696,ankle_midpoint,851.1234741210938,847.54638671875,0.9896129965782166,0.9891512393951416,2.7492988109588623,10.543509483337402,2.799072025872637,10.515181131579705,0.0,0,two_ankles,accepted,2.7492988109588623,10.543509483337402,0.1021441532109645
210,7.0,detected,1,9,0.7176190614700317,ankle_midpoint,816.6680908203125,549.0069580078125,0.9899618625640869,0.9865226149559021,2.1980905532836914,0.3582971394062042,2.163191950973065,0.4370776485137755,0.0,0,two_ankles,accepted,2.1980905532836914,0.3582971394062042,0.11568776476750525
210,7.0,detected,3,1,0.9326602220535278,ankle_midpoint,845.2977294921875,854.3017578125,0.9754237532615662,0.9661096334457397,2.716491460800171,10.685773849487305,2.7619107715900277,10.591947854638125,0.0,0,two_ankles,accepted,2.716491460800171,10.685773849487305,0.1459981921136987
211,7.033333333333333,detected,1,9,0.7101791501045227,ankle_midpoint,816.638671875,548.842529296875,0.9900160431861877,0.9866074323654175,2.197495937347412,0.34923815727233887,2.1786287448415216,0.39754987745512904,0.0,0,two_ankles,accepted,2.197495937347412,0.34923815727233887,0.00907847594111308
211,7.033333333333333,detected,3,1,0.9324827194213867,ankle_midpoint,845.3267822265625,854.3047485351562,0.9755861759185791,0.9661931991577148,2.7166707515716553,10.685832977294922,2.7415527625817604,10.634196159833685,0.0,0,two_ankles,accepted,2.7166707515716553,10.685832977294922,0.00018878897842055693
212,7.066666666666666,detected,1,9,0.7212548851966858,ankle_midpoint,826.6170654296875,550.32666015625,0.9802605509757996,0.9739599823951721,2.2994801998138428,0.4286617636680603,2.233011899579066,0.41155022625094817,0.0,0,two_ankles,accepted,2.2994801998138428,0.4286617636680603,0.12926290668139992
212,7.066666666666666,detected,3,1,0.9284289479255676,ankle_midpoint,844.3087768554688,853.22802734375,0.9816247820854187,0.967791736125946,2.709921360015869,10.663542747497559,2.727318631427109,10.64740212428243,0.0,0,two_ankles,accepted,2.709921360015869,10.663542747497559,0.02328966789785932
213,7.1,detected,1,9,0.6911090016365051,ankle_midpoint,833.939697265625,549.6597900390625,0.9705326557159424,0.9661381840705872,2.371356248855591,0.39045003056526184,2.2952668567535026,0.40205513819238936,0.0,0,two_ankles,accepted,2.371356248855591,0.39045003056526184,0.0814021066838646
213,7.1,detected,3,1,0.925639808177948,ankle_midpoint,843.2992553710938,850.2352294921875,0.9826809763908386,0.9672436118125916,2.7022719383239746,10.601058959960938,2.716047619530699,10.62654770033776,0.0,0,two_ankles,accepted,2.7022719383239746,10.601058959960938,0.06295027686310865
214,7.133333333333334,detected,1,9,0.5106687545776367,ankle_midpoint,841.9827270507812,553.962158203125,0.988502025604248,0.9855883717536926,2.4570653438568115,0.6231693029403687,2.3680761759499918,0.50155651232898,0.0,0,two_ankles,accepted,2.4570653438568115,0.6231693029403687,0.2480006223797179
214,7.133333333333334,detected,3,1,0.9265995025634766,ankle_midpoint,846.4678955078125,843.409912109375,0.985547661781311,0.9702431559562683,2.718590259552002,10.456131935119629,2.717191807540285,10.5498606059896,0.0,0,two_ankles,accepted,2.718590259552002,10.456131935119629,0.14584282682756244
215,7.166666666666667,detected,1,9,0.512108564376831,ankle_midpoint,841.9595947265625,554.0220947265625,0.9884259700775146,0.9857417345046997,2.456913709640503,0.6264117956161499,2.408053066110722,0.5577413898082064,0.0,0,two_ankles,accepted,2.456913709640503,0.6264117956161499,0.003246036304179387
215,7.166666666666667,detected,3,1,0.9263474345207214,ankle_midpoint,846.4261474609375,843.4434814453125,0.9855367541313171,0.970252275466919,2.7183468341827393,10.456853866577148,2.7177115695293894,10.508007573253998,0.0,0,two_ankles,accepted,2.7183468341827393,10.456853866577148,0.0007618667467194998
216,7.2,detected,1,9,0.516962468624115,ankle_midpoint,841.9476318359375,554.0811767578125,0.9885845184326172,0.9856815338134766,2.456871509552002,0.6296049356460571,2.4300213656592984,0.5900799854352393,0.0,0,two_ankles,accepted,2.456871509552002,0.6296049356460571,0.0031934188729425103
216,7.2,detected,3,1,0.9265167713165283,ankle_midpoint,846.5374755859375,843.453369140625,0.98544842004776,0.9700455665588379,2.719043016433716,10.457052230834961,2.7183107206363366,10.485077669165431,0.0,0,two_ankles,accepted,2.719043016433716,10.457052230834961,0.0007238909485221496
217,7.233333333333333,detected,1,9,0.5186442732810974,ankle_midpoint,846.7840576171875,554.585693359375,0.9859747290611267,0.9861356019973755,2.50522518157959,0.6557751893997192,2.46386308282343,0.6196428272192553,0.0,0,two_ankles,accepted,2.50522518157959,0.6557751893997192,0.054981449417804557
217,7.233333333333333,detected,3,1,0.9206331968307495,ankle_midpoint,857.052978515625,837.5592041015625,0.9936701059341431,0.9858975410461426,2.782057523727417,10.328943252563477,2.746996782027323,10.414817181694552,0.0,0,two_ankles,accepted,2.782057523727417,10.328943252563477,0.14276812824727925
218,7.266666666666667,detected,1,9,0.5372656583786011,ankle_midpoint,846.8102416992188,554.6085205078125,0.9859521389007568,0.9863395690917969,2.5055105686187744,0.6569995880126953,2.4826044514313352,0.6364533695763033,0.0,0,two_ankles,accepted,2.5055105686187744,0.6569995880126953,0.001257218248989518
218,7.266666666666667,detected,3,1,0.9205566048622131,ankle_midpoint,857.0082397460938,837.5491943359375,0.9938173890113831,0.9863986372947693,2.781773567199707,10.328731536865234,2.762646335354896,10.37607864152136,0.0,0,two_ankles,accepted,2.781773567199707,10.328731536865234,0.0003541960566004015
219,7.3,detected,1,9,0.5815161466598511,ankle_midpoint,848.3087158203125,553.935546875,0.9821047186851501,0.9816509485244751,2.5195140838623047,0.6203641295433044,2.4992137860252717,0.6292132115614539,0.0,0,two_ankles,accepted,2.5195140838623047,0.6203641295433044,0.0392205973493297
219,7.3,detected,3,1,0.9103588461875916,ankle_midpoint,865.4609375,832.741943359375,0.9914381504058838,0.9865829348564148,2.8331048488616943,10.222801208496094,2.7943526664329554,10.307103796659991,0.0,0,two_ankles,accepted,2.8331048488616943,10.222801208496094,0.1177120849592608
220,7.333333333333333,detected,1,9,0.5764991641044617,ankle_midpoint,848.296875,553.9364013671875,0.9820806980133057,0.981726348400116,2.5193982124328613,0.6204128861427307,2.5082967779086873,0.6252530651230286,0.0,0,two_ankles,accepted,2.5193982124328613,0.6204128861427307,0.00012571155137401302
220,7.333333333333333,detected,3,1,0.910155177116394,ankle_midpoint,865.478515625,832.74609375,0.9914461374282837,0.9865607023239136,2.833216905593872,10.22288990020752,2.811841574055368,10.26920754325638,0.0,0,two_ankles,accepted,2.833216905593872,10.22288990020752,0.00014290882023859321
221,7.366666666666666,detected,1,9,0.5945705771446228,ankle_midpoint,848.1549072265625,553.5049438476562,0.9800469279289246,0.9796084761619568,2.5174951553344727,0.5971107482910156,2.512436047750291,0.6125890225486228,0.0,0,two_ankles,accepted,2.5174951553344727,0.5971107482910156,0.023379718877267548
221,7.366666666666666,detected,3,1,0.9148898124694824,ankle_midpoint,868.0452880859375,832.7435302734375,0.9831137657165527,0.9693877100944519,2.8493824005126953,10.22253131866455,2.8287349459611653,10.248203242190058,0.0,0,two_ankles,accepted,2.8493824005126953,10.22253131866455,0.0161694714413755
222,7.4,detected,1,9,0.5992477536201477,ankle_midpoint,849.3870849609375,551.9405517578125,0.975962221622467,0.9796847105026245,2.527892589569092,0.5118963122367859,2.5193914915687516,0.5672773029082963,0.0,0,two_ankles,accepted,2.527892589569092,0.5118963122367859,0.08584641373233735
222,7.4,detected,3,1,0.9068463444709778,ankle_midpoint,874.4644775390625,830.4052124023438,0.9816981554031372,0.978488028049469,2.8892130851745605,10.170248985290527,2.8559501086071934,10.21312382658527,0.0,0,two_ankles,accepted,2.8892130851745605,10.170248985290527,0.06572614261970249
223,7.433333333333334,detected,1,9,0.7431965470314026,ankle_midpoint,853.80810546875,553.2872924804688,0.957098126411438,0.9647732377052307,2.5731558799743652,0.5841004252433777,2.543585466351278,0.5748477079590829,0.0,0,two_ankles,accepted,2.5731558799743652,0.5841004252433777,0.08521853902397528
223,7.433333333333334,detected,3,1,0.9082487225532532,ankle_midpoint,880.1725463867188,830.4345703125,0.9895540475845337,0.9783945083618164,2.925281524658203,10.170222282409668,2.887149245830148,10.193818131706252,0.0,0,two_ankles,accepted,2.925281524658203,10.170222282409668,0.0360684493682364
224,7.466666666666667,detected,1,9,0.6781598329544067,ankle_midpoint,860.798828125,554.5614013671875,0.9617633819580078,0.9713030457496643,2.6434545516967773,0.6514416933059692,2.588526554756753,0.6093150013651818,0.0,0,two_ankles,accepted,2.6434545516967773,0.6514416933059692,0.0973485985015361
224,7.466666666666667,detected,3,1,0.8972374200820923,ankle_midpoint,887.1123657226562,827.9654541015625,0.9871949553489685,0.975019097328186,2.9687459468841553,10.114649772644043,2.923867761304452,10.158192370128258,0.0,0,two_ankles,accepted,2.9687459468841553,10.114649772644043,0.07055111509456338
225,7.5,detected,1,9,0.6752942800521851,ankle_midpoint,860.8186645507812,554.5653076171875,0.9615489840507507,0.9711163640022278,2.643653631210327,0.6516479849815369,2.6133337391608613,0.6283648439925416,0.0,0,two_ankles,accepted,2.643653631210327,0.6516479849815369,0.0002866860794034582
225,7.5,detected,3,1,0.8968057632446289,ankle_midpoint,887.1241455078125,827.9921875,0.9870803952217102,0.9748954772949219,2.968824625015259,10.115242958068848,2.944098349974315,10.138865134701526,0.0,0,two_ankles,accepted,2.968824625015259,10.115242958068848,0.0005983804780527683
226,7.533333333333333,detected,1,9,0.6772419810295105,ankle_midpoint,860.8271484375,554.5541381835938,0.9617274403572083,0.9712681770324707,2.6437273025512695,0.6510440707206726,2.6270108426865453,0.6385704960202006,0.0,0,two_ankles,accepted,2.6437273025512695,0.6510440707206726,0.0006083912400351205
226,7.533333333333333,detected,3,1,0.8971295356750488,ankle_midpoint,887.0885620117188,827.9810791015625,0.9871217608451843,0.974886417388916,2.968597412109375,10.114999771118164,2.955122927935092,10.128125721089013,0.0,0,two_ankles,accepted,2.968597412109375,10.114999771118164,0.00033281465950727026
227,7.566666666666666,detected,1,9,0.781507670879364,ankle_midpoint,863.6990966796875,558.5716552734375,0.9630835652351379,0.9705172777175903,2.6754262447357178,0.8652317523956299,2.648797773608673,0.7405680613891438,0.0,0,two_ankles,accepted,2.6754262447357178,0.8652317523956299,0.21652063623799422
227,7.566666666666666,detected,3,1,0.9045124053955078,ankle_midpoint,890.846435546875,827.7528076171875,0.9874936938285828,0.973767876625061,2.992387056350708,10.10947322845459,2.9718917857221196,10.119732099403524,0.0,0,two_ankles,accepted,2.992387056350708,10.10947322845459,0.02442314162718414
228,7.6,detected,1,9,0.6999821066856384,ankle_midpoint,869.494873046875,565.8997802734375,0.9655498266220093,0.973120927810669,2.7373158931732178,1.2469896078109741,2.6705553978519925,0.8334690668228766,0.0,0,two_ankles,corrected_motion_outlier,2.697148049704938,0.9470147401307722,0.38674201834690813
228,7.6,detected,3,1,0.9035848379135132,ankle_midpoint,896.3416748046875,828.0476684570312,0.9953789710998535,0.9813231229782104,3.0272507667541504,10.115381240844727,2.9968033271865337,10.117774213052066,0.0,0,two_ankles,accepted,3.0272507667541504,10.115381240844727,0.03536075385928736
229,7.633333333333334,detected,1,9,0.6995627284049988,ankle_midpoint,869.50537109375,565.898681640625,0.9657027721405029,0.9732196927070618,2.7374162673950195,1.2469308376312256,2.7006427891463547,1.0195268636866337,0.0,0,two_ankles,accepted,2.7374162673950195,1.2469308376312256,0.19335004175005452
229,7.633333333333334,detected,3,1,0.9034660458564758,ankle_midpoint,896.3424072265625,828.0313720703125,0.9953970313072205,0.9813604354858398,3.027254104614258,10.115018844604492,3.0105061770290096,10.11653429725066,0.0,0,two_ankles,accepted,3.027254104614258,10.115018844604492,0.0003624116116325573
230,7.666666666666667,detected,1,9,0.787382960319519,ankle_midpoint,871.080322265625,570.60498046875,0.9725332856178284,0.9805558323860168,2.7557051181793213,1.486737608909607,2.72542083721119,1.2297716990369718,0.0,0,two_ankles,accepted,2.7557051181793213,1.486737608909607,0.24050315925985746
230,7.666666666666667,detected,3,1,0.9060556888580322,ankle_midpoint,899.200927734375,826.4810791015625,0.9892396926879883,0.9598715305328369,3.0452873706817627,10.080122947692871,3.026157714172749,10.100149189949654,0.0,0,two_ankles,accepted,3.0452873706817627,10.080122947692871,0.0392800497241018
231,7.7,detected,1,9,0.7762259840965271,ankle_midpoint,874.3497924804688,573.54443359375,0.9620479345321655,0.9689661264419556,2.788670063018799,1.6338037252426147,2.753882988824614,1.4115861108295111,0.0,0,two_ankles,accepted,2.788670063018799,1.6338037252426147,0.15071539457382443
231,7.7,detected,3,1,0.9130381941795349,ankle_midpoint,899.3441162109375,824.906982421875,0.9879790544509888,0.9777422547340393,3.0461130142211914,10.044875144958496,3.035137599194548,10.075275869703635,0.0,0,two_ankles,accepted,3.0461130142211914,10.044875144958496,0.035257471333826736
232,7.733333333333333,detected,1,9,0.778033971786499,ankle_midpoint,874.3508911132812,573.5587158203125,0.9620123505592346,0.9689059257507324,2.7886886596679688,1.6345171928405762,2.769545540704124,1.5119050977344903,0.0,0,two_ankles,accepted,2.7886886596679688,1.6345171928405762,0.000713709919155672
232,7.733333333333333,detected,3,1,0.9131363034248352,ankle_midpoint,899.343994140625,824.9263916015625,0.9880516529083252,0.9778853058815002,3.0461132526397705,10.045310020446777,3.0400766432448982,10.06179123753805,0.0,0,two_ankles,accepted,3.0461132526397705,10.045310020446777,0.0004348755536372152
233,7.766666666666667,detected,1,9,0.8052839040756226,ankle_midpoint,877.57275390625,581.115966796875,0.9754161238670349,0.9810212850570679,2.823197841644287,2.005984306335449,2.7858401740145062,1.6130307944427562,0.0,0,two_ankles,corrected_motion_outlier,2.805755836949417,1.7366288681973032,0.37306661610078107
233,7.766666666666667,detected,3,1,0.9146422147750854,ankle_midpoint,907.0892944335938,826.583740234375,0.9930453896522522,0.985460102558136,3.0953850746154785,10.081475257873535,3.0649654373616597,10.07064904668902,0.0,0,two_ankles,accepted,3.0953850746154785,10.081475257873535,0.06111985633932419
234,7.8,detected,1,9,0.8069652318954468,ankle_midpoint,877.5250854492188,581.041748046875,0.9755359292030334,0.9811295866966248,2.822713613510132,2.002392053604126,2.802433221787538,1.7882433610653727,0.0,0,two_ankles,accepted,2.822713613510132,2.002392053604126,0.18472250178697944
234,7.8,detected,3,1,0.9147583842277527,ankle_midpoint,907.0751953125,826.5827026367188,0.9930610060691833,0.9854899644851685,3.0952956676483154,10.081454277038574,3.0786140409906553,10.07551140034632,0.0,0,two_ankles,accepted,3.0952956676483154,10.081454277038574,9.18357295008823e-05
235,7.833333333333333,detected,1,9,0.8195467591285706,ankle_midpoint,871.9407958984375,577.4923095703125,0.9860019683837891,0.9881837964057922,2.768251419067383,1.8300580978393555,2.7870514105634685,1.807059992613665,0.0,0,two_ankles,accepted,2.768251419067383,1.8300580978393555,0.18073495216214733
235,7.833333333333333,detected,3,1,0.9044349789619446,ankle_midpoint,911.5352783203125,826.3018798828125,0.9913854598999023,0.9828588366508484,3.1236321926116943,10.0746488571167,3.098872209220123,10.07512325589299,0.0,0,two_ankles,accepted,3.1236321926116943,10.0746488571167,0.029142278348016117
236,7.866666666666666,detected,1,9,0.8233681917190552,ankle_midpoint,871.93505859375,577.453857421875,0.9859904050827026,0.9882281422615051,2.7681734561920166,1.8281670808792114,2.7785563310963153,1.8165581823331611,0.0,0,two_ankles,accepted,2.7681734561920166,1.8281670808792114,0.0018926234050882348
236,7.866666666666666,detected,3,1,0.9045436978340149,ankle_midpoint,911.5238647460938,826.3353881835938,0.9913889765739441,0.9828096032142639,3.1235580444335938,10.075399398803711,3.1099808350661853,10.075247520202815,0.0,0,two_ankles,accepted,3.1235580444335938,10.075399398803711,0.0007541954496402329
237,7.9,detected,1,9,0.8423783779144287,ankle_midpoint,869.237060546875,577.481201171875,0.9882315993309021,0.9893273115158081,2.742758274078369,1.8300590515136719,2.7624472054382396,1.8226335734643913,0.0,0,two_ankles,accepted,2.742758274078369,1.8300590515136719,0.02548550636639434
237,7.9,detected,3,1,0.9148449897766113,ankle_midpoint,914.6243896484375,828.902099609375,0.9872542023658752,0.98064786195755,3.143064260482788,10.132195472717285,3.124868376503657,10.100874098834328,0.0,0,two_ankles,accepted,3.143064260482788,10.132195472717285,0.060052364454316304
238,7.933333333333334,detected,1,9,0.8423470258712769,ankle_midpoint,869.2955932617188,577.4261474609375,0.9882422089576721,0.9893773198127747,2.7432732582092285,1.8273379802703857,2.7538189291851847,1.824750556527089,0.0,0,two_ankles,accepted,2.7432732582092285,1.8273379802703857,0.0027693749052946455
238,7.933333333333334,detected,3,1,0.9147592186927795,ankle_midpoint,914.6395263671875,828.8997192382812,0.9872654676437378,0.9807420969009399,3.143160343170166,10.132140159606934,3.133099761503586,10.114943826182001,0.0,0,two_ankles,accepted,3.143160343170166,10.132140159606934,0.00011086669017576515
239,7.966666666666667,detected,1,9,0.8393206596374512,ankle_midpoint,873.0382080078125,577.0789794921875,0.9908081889152527,0.9925605058670044,2.7783477306365967,1.809481143951416,2.7648568898383203,1.8178793208680362,0.0,0,two_ankles,accepted,2.7783477306365967,1.809481143951416,0.03935841992992968
239,7.966666666666667,detected,3,1,0.9144968390464783,ankle_midpoint,914.1135864257812,830.0740966796875,0.9881122708320618,0.9823760390281677,3.139749050140381,10.158230781555176,3.136091941390144,10.13442295609993,0.0,0,two_ankles,accepted,3.139749050140381,10.158230781555176,0.026312686555750208
240,8.0,detected,1,9,0.8347177505493164,ankle_midpoint,872.9541015625,577.1005859375,0.9909238219261169,0.9926682114601135,2.7775673866271973,1.8105629682540894,2.770576613393315,1.8145869621917603,0.0,0,two_ankles,accepted,2.7775673866271973,1.8105629682540894,0.0013338967706911246
240,8.0,detected,3,1,0.9148274064064026,ankle_midpoint,914.851806640625,829.7841186523438,0.988232433795929,0.9834186434745789,3.144437551498413,10.151723861694336,3.1398474659388653,10.142208363617414,0.0,0,two_ankles,accepted,3.144437551498413,10.151723861694336,0.00802010293323359
241,8.033333333333333,detected,1,9,0.8150668144226074,ankle_midpoint,875.642333984375,578.74365234375,0.9905195236206055,0.9927875399589539,2.8038318157196045,1.8907344341278076,2.7855414544401453,1.8488533245629817,0.0,0,two_ankles,accepted,2.8038318157196045,1.8907344341278076,0.08436399810280959
241,8.033333333333333,detected,3,1,0.9171907305717468,ankle_midpoint,914.4102783203125,829.1788330078125,0.9878970384597778,0.9827030897140503,3.141688823699951,10.138360977172852,3.140676076931354,10.14047703971736,0.0,0,two_ankles,accepted,3.141688823699951,10.138360977172852,0.013642660563268587
242,8.066666666666666,detected,1,9,0.7911394238471985,ankle_midpoint,877.718994140625,580.902099609375,0.9901227355003357,0.9930474162101746,2.824458360671997,1.9955734014511108,2.803054062244479,1.9148773591626398,0.0,0,two_ankles,accepted,2.824458360671997,1.9955734014511108,0.10684878766785195
242,8.066666666666666,detected,3,1,0.9173483848571777,ankle_midpoint,914.5758056640625,828.4278564453125,0.9883748292922974,0.9837170839309692,3.142791509628296,10.12166690826416,3.141628021644978,10.132012480563422,0.0,0,two_ankles,accepted,3.142791509628296,10.12166690826416,0.016730446885385535
243,8.1,detected,1,9,0.5906878709793091,ankle_midpoint,882.4246826171875,583.6571044921875,0.9726309180259705,0.9881157875061035,2.869680404663086,2.127716541290283,2.833035916332852,2.0106549911200795,0.0,0,two_ankles,accepted,2.869680404663086,2.127716541290283,0.13966689897497916
243,8.1,detected,3,1,0.9151861071586609,ankle_midpoint,916.8095092773438,827.9400634765625,0.9884512424468994,0.9844928979873657,3.156987190246582,10.110553741455078,3.1485396475157,10.122356047964669,0.0,0,two_ankles,accepted,3.156987190246582,10.110553741455078,0.018028306208373184
244,8.133333333333333,detected,1,9,0.5957371592521667,ankle_midpoint,882.443359375,583.6722412109375,0.9727152585983276,0.9881653785705566,2.8698606491088867,2.1284401416778564,2.8496070460820677,2.063658308871079,0.0,0,two_ankles,accepted,2.8698606491088867,2.1284401416778564,0.0007457114597068876
244,8.133333333333333,detected,3,1,0.9151351451873779,ankle_midpoint,916.81640625,827.8994140625,0.9884898066520691,0.984494149684906,3.1570346355438232,10.109648704528809,3.1523623921283557,10.116637743418533,0.0,0,two_ankles,accepted,3.1570346355438232,10.109648704528809,0.0009062796997294532
245,8.166666666666666,detected,1,9,0.6898098587989807,ankle_midpoint,880.8646240234375,584.796142578125,0.9934362173080444,0.9977421760559082,2.85565447807312,2.1826393604278564,2.852328390478042,2.117199782071629,0.0,0,two_ankles,accepted,2.85565447807312,2.1826393604278564,0.05603008663751829
245,8.166666666666666,detected,3,1,0.9150797128677368,ankle_midpoint,918.42138671875,827.3028564453125,0.9871936440467834,0.9824032783508301,3.1672723293304443,10.096169471740723,3.159071863869296,10.10742702116352,0.0,0,two_ankles,accepted,3.1672723293304443,10.096169471740723,0.016926313556827166
246,8.2,detected,1,9,0.8347686529159546,ankle_midpoint,884.6600341796875,585.8909301757812,0.9528843760490417,0.9639187455177307,2.8913419246673584,2.2341537475585938,2.8698844808632344,2.169829066540763,0.0,0,two_ankles,accepted,2.8913419246673584,2.2341537475585938,0.06266838059078983
246,8.2,detected,3,1,0.9082815051078796,ankle_midpoint,925.33740234375,828.6978149414062,0.9762707352638245,0.9761604070663452,3.2109251022338867,10.126386642456055,3.1824058211333623,10.115958850745162,0.0,0,two_ankles,accepted,3.2109251022338867,10.126386642456055,0.05309088422883003
247,8.233333333333333,detected,1,9,0.8138791918754578,ankle_midpoint,885.016845703125,586.8892822265625,0.9745441675186157,0.9777694940567017,2.8950178623199463,2.2815566062927246,2.881194502518755,2.2201064594291458,0.0,0,two_ankles,accepted,2.8950178623199463,2.2815566062927246,0.047545173611983786
247,8.233333333333333,detected,3,1,0.9089488387107849,ankle_midpoint,928.388916015625,830.13134765625,0.9828864932060242,0.9814861416816711,3.229982614517212,10.157806396484375,3.2038153781560945,10.134790246327809,0.0,0,two_ankles,accepted,3.229982614517212,10.157806396484375,0.03674764914425467
248,8.266666666666667,detected,1,9,0.8096740245819092,ankle_midpoint,888.6801147460938,584.3290405273438,0.9730649590492249,0.9783291816711426,2.9281561374664307,2.1587183475494385,2.902327238245209,2.1924818090832776,0.0,0,two_ankles,accepted,2.9281561374664307,2.1587183475494385,0.127229647059035
248,8.266666666666667,detected,3,1,0.9158071875572205,ankle_midpoint,930.362060546875,831.7064208984375,0.9901443719863892,0.9826405644416809,3.242136240005493,10.192357063293457,3.2210597659883238,10.16069531396235,0.0,0,two_ankles,accepted,3.242136240005493,10.192357063293457,0.03662593602164459
249,8.3,detected,1,9,0.8099142909049988,ankle_midpoint,888.6361083984375,584.358154296875,0.973069429397583,0.9783263206481934,2.92775559425354,2.1601226329803467,2.9137699984489585,2.177920179836959,0.0,0,two_ankles,accepted,2.92775559425354,2.1601226329803467,0.0014602919012491242
249,8.3,detected,3,1,0.9155446290969849,ankle_midpoint,930.4169921875,831.7408447265625,0.9900559186935425,0.982586681842804,3.242475748062134,10.193108558654785,3.2306969579215385,10.175281274073946,0.0,0,two_ankles,accepted,3.242475748062134,10.193108558654785,0.0008246277939904663
250,8.333333333333334,detected,1,9,0.8008310794830322,ankle_midpoint,894.8617553710938,586.296142578125,0.9623928666114807,0.9761507511138916,2.9860475063323975,2.2514259815216064,2.9462948769965065,2.2109977905950506,0.0,0,two_ankles,accepted,2.9860475063323975,2.2514259815216064,0.10832473618087425
250,8.333333333333334,detected,3,1,0.9183037877082825,ankle_midpoint,931.6943359375,832.195556640625,0.9893651008605957,0.9816156029701233,3.250436544418335,10.202972412109375,3.239579771845097,10.18774228618989,0.0,0,two_ankles,accepted,3.250436544418335,10.202972412109375,0.012675562456890417
251,8.366666666666667,detected,1,9,0.8287339806556702,ankle_midpoint,897.74755859375,587.3548583984375,0.9921532273292542,0.9935535192489624,3.0129449367523193,2.3011221885681152,2.9762874038866225,2.2515537696829298,0.0,0,two_ankles,accepted,3.0129449367523193,2.3011221885681152,0.05650827158924619
251,8.366666666666667,detected,3,1,0.9172835946083069,ankle_midpoint,930.6142578125,829.0111083984375,0.9901565313339233,0.9840682148933411,3.2442800998687744,10.132716178894043,3.2416949194557523,10.162980537906758,0.0,0,two_ankles,accepted,3.2442800998687744,10.132716178894043,0.07052545721297337
252,8.4,detected,1,9,0.8279058933258057,ankle_midpoint,897.7232055664062,587.3558349609375,0.9921905398368835,0.9935751557350159,3.0127196311950684,2.301173448562622,2.9926819061754233,2.2738826251787914,0.0,0,two_ankles,accepted,3.0127196311950684,2.301173448562622,0.00023106315406185802
252,8.4,detected,3,1,0.9174104928970337,ankle_midpoint,930.6146240234375,829.027099609375,0.9901694655418396,0.984089732170105,3.244279146194458,10.133071899414062,3.24285782148817,10.149521650585047,0.0,0,two_ankles,accepted,3.244279146194458,10.133071899414062,0.0003557217984010363
253,8.433333333333334,detected,1,9,0.8185970783233643,ankle_midpoint,899.2532348632812,587.796875,0.9841039180755615,0.9853729605674744,3.026923179626465,2.3217523097991943,3.0080904792283922,2.295423983257973,0.0,0,two_ankles,accepted,3.026923179626465,2.3217523097991943,0.02500460593245017
253,8.433333333333334,detected,3,1,0.9130271673202515,ankle_midpoint,928.9403076171875,825.402587890625,0.9898806810379028,0.9841687083244324,3.234379291534424,10.052449226379395,3.2390424830089843,10.105839059692505,0.0,0,two_ankles,accepted,3.234379291534424,10.052449226379395,0.08122821264526739
254,8.466666666666667,detected,1,9,0.8244394659996033,ankle_midpoint,904.401123046875,586.7872314453125,0.9924092292785645,0.993966281414032,3.074479341506958,2.2728822231292725,3.037965467253747,2.2852801912000578,0.0,0,two_ankles,accepted,3.074479341506958,2.2728822231292725,0.06818998389741228
254,8.466666666666667,detected,3,1,0.9240620732307434,ankle_midpoint,925.093505859375,823.154296875,0.9789615273475647,0.980612576007843,3.210275888442993,10.002388954162598,3.2260975154542884,10.059286512204046,0.0,0,two_ankles,accepted,3.210275888442993,10.002388954162598,0.0555608215832685
255,8.5,detected,1,9,0.8002439141273499,ankle_midpoint,908.3597412109375,585.0128784179688,0.9869502186775208,0.9916682243347168,3.111222267150879,2.1875455379486084,3.0709310272074566,2.241299597236906,0.0,0,two_ankles,accepted,3.111222267150879,2.1875455379486084,0.0929106690455863
255,8.5,detected,3,1,0.9233055114746094,ankle_midpoint,925.8848876953125,826.6605224609375,0.9789695739746094,0.9820396304130554,3.214733362197876,10.080949783325195,3.220983646488903,10.069034984208564,0.0,0,two_ankles,accepted,3.214733362197876,10.080949783325195,0.07868718415974944
256,8.533333333333333,detected,1,9,0.7283310294151306,ankle_midpoint,917.2811279296875,579.15087890625,0.9789122939109802,0.9859418272972107,3.1953465938568115,1.9022634029388428,3.1269180321996664,2.0887333098027776,0.0,0,two_ankles,accepted,3.1953465938568115,1.9022634029388428,0.2974269639751188
256,8.533333333333333,detected,3,1,0.9227921366691589,ankle_midpoint,925.58349609375,830.13232421875,0.9733726382255554,0.9792625904083252,3.2122483253479004,10.158160209655762,3.217052751975452,10.109141335659803,0.0,0,two_ankles,accepted,3.2122483253479004,10.158160209655762,0.07725040674516581
257,8.566666666666666,detected,1,9,0.7265364527702332,ankle_midpoint,917.2813720703125,579.0913696289062,0.9790405035018921,0.9860687255859375,3.195361375808716,1.8993521928787231,3.157717536823739,2.0035118071869533,0.0,0,two_ankles,accepted,3.195361375808716,1.8993521928787231,0.002911247588276173
257,8.566666666666666,detected,3,1,0.9226670861244202,ankle_midpoint,925.610595703125,830.145263671875,0.9731545448303223,0.9791277050971985,3.2124173641204834,10.158443450927734,3.2149668274407164,10.131327287530372,0.0,0,two_ankles,accepted,3.2124173641204834,10.158443450927734,0.00032984803286522426
258,8.6,detected,1,9,0.6317950487136841,ankle_midpoint,930.1981201171875,581.4111328125,0.9496644139289856,0.966065526008606,3.3157472610473633,2.0097496509552,3.22883091272437,2.0063188368826648,0.0,0,two_ankles,accepted,3.3157472610473633,2.0097496509552,0.16334123825427646
258,8.6,detected,3,1,0.9171168208122253,ankle_midpoint,923.1551513671875,832.89697265625,0.9804367423057556,0.9907282590866089,3.1965019702911377,10.219404220581055,3.206657641723406,10.17096190740318,0.0,0,two_ankles,accepted,3.1965019702911377,10.219404220581055,0.06300408873611581
259,8.633333333333333,detected,1,9,0.6343857049942017,ankle_midpoint,930.19921875,581.3790283203125,0.9495746493339539,0.9659798741340637,3.3157718181610107,2.008192539215088,3.2679543201708583,2.0071620029322554,0.0,0,two_ankles,accepted,3.3157718181610107,2.008192539215088,0.001557305372438644
259,8.633333333333333,detected,3,1,0.9171027541160583,ankle_midpoint,923.1703491210938,832.90576171875,0.9803218245506287,0.9906479716300964,3.196596384048462,10.219594955444336,3.2021300757696816,10.1928467790217,0.0,0,two_ankles,accepted,3.196596384048462,10.219594955444336,0.0002128232732644473
260,8.666666666666666,detected,1,9,0.6323369145393372,ankle_midpoint,936.304931640625,583.9381103515625,0.9557473659515381,0.96793133020401,3.371507167816162,2.130484104156494,3.3145531016112453,2.062656948483163,0.0,0,two_ankles,accepted,3.371507167816162,2.130484104156494,0.13439366077683934
260,8.666666666666666,detected,3,1,0.9222468733787537,ankle_midpoint,916.939697265625,838.99365234375,0.9894571900367737,0.9948583841323853,3.1567983627319336,10.35301399230957,3.181730804902695,10.264922025001242,0.0,0,two_ankles,accepted,3.1567983627319336,10.35301399230957,0.13922830853945475
261,8.7,detected,1,9,0.6040684580802917,ankle_midpoint,941.3531494140625,583.8814697265625,0.9826675057411194,0.9873658418655396,3.4185585975646973,2.126758098602295,3.3613555747902986,2.0915024660367725,0.0,0,two_ankles,accepted,3.4185585975646973,2.126758098602295,0.04719873047838535
261,8.7,detected,3,1,0.9149103164672852,ankle_midpoint,918.1650390625,839.91015625,0.9848858714103699,0.9929051995277405,3.1643636226654053,10.372666358947754,3.1739155728959147,10.313406975277172,0.0,0,two_ankles,accepted,3.1643636226654053,10.372666358947754,0.021058221015617235
262,8.733333333333333,detected,1,9,0.5793857574462891,ankle_midpoint,945.1018676757812,583.3087158203125,0.9833978414535522,0.9877827763557434,3.4538803100585938,2.098464012145996,3.4029917056610315,2.0946351617859236,0.0,0,two_ankles,accepted,3.4538803100585938,2.098464012145996,0.04525680834855675
262,8.733333333333333,detected,3,1,0.9213438034057617,ankle_midpoint,919.520751953125,841.1294555664062,0.9870833158493042,0.9943686127662659,3.1726901531219482,10.398771286010742,3.17336413399763,10.351820915107279,0.0,0,two_ankles,accepted,3.1726901531219482,10.398771286010742,0.027400699378075655
263,8.766666666666667,detected,1,9,0.5782502293586731,ankle_midpoint,945.0869140625,583.3004150390625,0.9834160804748535,0.9876807928085327,3.453746795654297,2.098067283630371,3.425831496158001,2.0961796166159252,0.0,0,two_ankles,accepted,3.453746795654297,2.098067283630371,0.0004185924166355206
263,8.766666666666667,detected,3,1,0.9214439392089844,ankle_midpoint,919.4984130859375,841.1268310546875,0.9870449900627136,0.9943827390670776,3.172551393508911,10.398716926574707,3.172998400777707,10.372924120267623,0.0,0,two_ankles,accepted,3.172551393508911,10.398716926574707,0.00014902744209127584
264,8.8,detected,1,9,0.6131576895713806,ankle_midpoint,952.9383544921875,585.48828125,0.9814055562019348,0.9857811331748962,3.5251173973083496,2.201416254043579,3.470510151675658,2.1435361034583695,0.0,0,two_ankles,accepted,3.5251173973083496,2.201416254043579,0.12559766106871426
264,8.8,detected,3,1,0.9157630205154419,ankle_midpoint,937.8397216796875,846.6761474609375,0.9661116003990173,0.9841364622116089,3.285435914993286,10.51509952545166,3.223595282174718,10.43690305260044,0.0,0,two_ankles,accepted,3.285435914993286,10.51509952545166,0.16213520441936752
265,8.833333333333334,detected,1,9,0.6620093584060669,ankle_midpoint,953.9407958984375,585.876220703125,0.9793130159378052,0.9846287965774536,3.5340938568115234,2.219728708267212,3.4991228189867973,2.1778227756223485,0.0,0,two_ankles,accepted,3.5340938568115234,2.219728708267212,0.020394185566106015
265,8.833333333333334,detected,3,1,0.916236937046051,ankle_midpoint,946.990478515625,845.783447265625,0.9848126769065857,0.9905409216880798,3.3423540592193604,10.495092391967773,3.277036731844807,10.463088255315741,0.0,0,two_ankles,accepted,3.3423540592193604,10.495092391967773,0.06033208543040964
266,8.866666666666667,detected,1,9,0.6754682064056396,ankle_midpoint,953.4617919921875,585.40673828125,0.9777548909187317,0.9835620522499084,3.530047655105591,2.197417974472046,3.5130389952402545,2.1866406151047126,0.0,0,two_ankles,accepted,3.530047655105591,2.197417974472046,0.022674668481013235
266,8.866666666666667,detected,3,1,0.8997243642807007,ankle_midpoint,958.87548828125,849.355224609375,0.9874495267868042,0.9939312934875488,3.4144909381866455,10.569303512573242,3.338891124698635,10.510885121081618,0.0,0,two_ankles,accepted,3.4144909381866455,10.569303512573242,0.10349405648954038
267,8.9,detected,1,9,0.6773900389671326,ankle_midpoint,953.3484497070312,585.392578125,0.9780696630477905,0.9837594032287598,3.5290069580078125,2.1967639923095703,3.5202245784856556,2.1911961348468987,0.0,0,two_ankles,accepted,3.5290069580078125,2.1967639923095703,0.0012291229060433552
267,8.9,detected,3,1,0.9003224968910217,ankle_midpoint,958.869873046875,849.462890625,0.9874622225761414,0.9939306974411011,3.4144113063812256,10.571572303771973,3.3728752064558005,10.538194353292278,0.0,0,two_ankles,accepted,3.4144113063812256,10.571572303771973,0.002270188258244517
268,8.933333333333334,detected,1,9,0.66268390417099,ankle_midpoint,954.2011108398438,586.8216552734375,0.9784166812896729,0.9851772785186768,3.5356967449188232,2.2646758556365967,3.5271870533805814,2.224262009202263,0.0,0,two_ankles,accepted,3.5356967449188232,2.2646758556365967,0.06824056293337152
268,8.933333333333334,detected,3,1,0.9092708230018616,ankle_midpoint,972.5474853515625,852.2330322265625,0.9884105920791626,0.9941374063491821,3.4973113536834717,10.628142356872559,3.428871472708253,10.578670954903405,0.0,0,two_ankles,accepted,3.4973113536834717,10.628142356872559,0.10036228749145644
269,8.966666666666667,detected,1,9,0.7357218861579895,ankle_midpoint,954.2066650390625,587.80615234375,0.9764605760574341,0.9847837686538696,3.534904718399048,2.3113601207733154,3.5306600026388915,2.2634561594092366,0.0,0,two_ankles,accepted,3.534904718399048,2.3113601207733154,0.04669098325547965
269,8.966666666666667,detected,3,1,0.9123201966285706,ankle_midpoint,983.0550537109375,859.2141723632812,0.9699380397796631,0.9889875054359436,3.5577149391174316,10.771678924560547,3.4868510325923836,10.66552454124912,0.0,0,two_ankles,accepted,3.5577149391174316,10.771678924560547,0.15572841550894345
270,9.0,detected,1,9,0.7690409421920776,ankle_midpoint,955.3079833984375,588.424072265625,0.9687337875366211,0.981105625629425,3.5445470809936523,2.34035587310791,3.536909187898534,2.2980610305736398,0.0,0,two_ankles,accepted,3.5445470809936523,2.34035587310791,0.030556976451458405
270,9.0,detected,3,1,0.9052904844284058,ankle_midpoint,997.0001220703125,870.938720703125,0.9790328741073608,0.9926959276199341,3.6345901489257812,11.007580757141113,3.5533336349424127,10.819449838400518,0.0,0,two_ankles,accepted,3.6345901489257812,11.007580757141113,0.24811181450698264
271,9.033333333333333,detected,1,9,0.7546210885047913,ankle_midpoint,955.349609375,588.9866333007812,0.9677709937095642,0.9802273511886597,3.544440746307373,2.3668837547302246,3.540298389182512,2.329031256444103,0.0,0,two_ankles,accepted,3.544440746307373,2.3668837547302246,0.026528094738089182
271,9.033333333333333,detected,3,1,0.910060465335846,ankle_midpoint,1003.2047119140625,876.7604370117188,0.984326183795929,0.9916566610336304,3.667649745941162,11.122271537780762,3.6047758848918505,10.95571960312163,0.0,0,two_ankles,accepted,3.667649745941162,11.122271537780762,0.11936042945026352
272,9.066666666666666,detected,1,9,0.7528157234191895,ankle_midpoint,955.64013671875,589.2791137695312,0.968031644821167,0.9790775179862976,3.5468645095825195,2.3806004524230957,3.5432531433625156,2.35223739463465,0.0,0,two_ankles,accepted,3.5468645095825195,2.3806004524230957,0.013929193229026726
272,9.066666666666666,detected,3,1,0.9121402502059937,ankle_midpoint,1010.3726196289062,882.3575439453125,0.9921039342880249,0.9965531826019287,3.706111431121826,11.230871200561523,3.65037688069534,11.079537821969582,0.0,0,two_ankles,accepted,3.706111431121826,11.230871200561523,0.11520932246581296
273,9.1,detected,1,9,0.7556156516075134,ankle_midpoint,955.69482421875,589.271484375,0.9677924513816833,0.9789223670959473,3.547375440597534,2.380230665206909,3.545108177118274,2.3648343663921665,0.0,0,two_ankles,accepted,3.547375440597534,2.380230665206909,0.000630708401211588
273,9.1,detected,3,1,0.9118128418922424,ankle_midpoint,1010.3685913085938,882.345947265625,0.9922406673431396,0.996600329875946,3.7060961723327637,11.230647087097168,3.6754505619321804,11.147536991276997,0.0,0,two_ankles,accepted,3.7060961723327637,11.230647087097168,0.0002246323118989426
274,9.133333333333333,detected,1,9,0.7926165461540222,ankle_midpoint,955.2305908203125,589.7449951171875,0.9745206236839294,0.9827029705047607,3.542684555053711,2.4025890827178955,3.5440175471892212,2.381823988738745,0.0,0,two_ankles,accepted,3.542684555053711,2.4025890827178955,0.02284520170146961
274,9.133333333333333,detected,3,1,0.9173349738121033,ankle_midpoint,1024.052001953125,887.9607543945312,0.9870506525039673,0.9919825196266174,3.782334327697754,11.33741283416748,3.723548256526689,11.232981120577715,0.0,0,two_ankles,accepted,3.782334327697754,11.33741283416748,0.13119139103210367
275,9.166666666666666,detected,1,9,0.8134076595306396,ankle_midpoint,954.2054443359375,588.868408203125,0.9899147748947144,0.9925739765167236,3.533986806869507,2.361536741256714,3.53950371404535,2.3726947273718313,0.0,0,two_ankles,accepted,3.533986806869507,2.361536741256714,0.041963621899465245
275,9.166666666666666,detected,3,1,0.9020199775695801,ankle_midpoint,1033.0853271484375,895.2943115234375,0.9839720726013184,0.9902965426445007,3.828848361968994,11.475642204284668,3.7709333039757267,11.342178608245845,0.0,0,two_ankles,accepted,3.828848361968994,11.475642204284668,0.14584551466253776
276,9.2,detected,1,9,0.7798998951911926,ankle_midpoint,955.1807861328125,588.9326171875,0.9881101846694946,0.9903912544250488,3.5429301261901855,2.3643712997436523,3.541045599510526,2.368949184939151,0.0,0,two_ankles,accepted,3.5429301261901855,2.3643712997436523,0.009381773941398294
276,9.2,detected,3,1,0.9100655913352966,ankle_midpoint,1043.81591796875,899.4959716796875,0.9825425148010254,0.987082839012146,3.8873462677001953,11.553157806396484,3.8233191376517377,11.437119247413634,0.0,0,two_ankles,accepted,3.8873462677001953,11.553157806396484,0.09711165504559138
277,9.233333333333333,detected,1,9,0.7807775139808655,ankle_midpoint,953.599365234375,587.5562744140625,0.9890028238296509,0.9923354983329773,3.529500961303711,2.299647092819214,3.5358505123174595,2.3377632434851794,0.0,0,two_ankles,accepted,3.529500961303711,2.299647092819214,0.06610268853492762
277,9.233333333333333,detected,3,1,0.908197283744812,ankle_midpoint,1043.8173828125,899.4630126953125,0.9821879267692566,0.9868610501289368,3.8873863220214844,11.552543640136719,3.852149370618124,11.489060224139022,0.0,0,two_ankles,accepted,3.8873863220214844,11.552543640136719,0.0006154709930520078
278,9.266666666666667,detected,1,9,0.7949162125587463,ankle_midpoint,949.6752319335938,584.8331298828125,0.9737441539764404,0.9827297925949097,3.495328187942505,2.1707403659820557,3.51761546634873,2.262602948608774,0.0,0,two_ankles,accepted,3.495328187942505,2.1707403659820557,0.13335937411020674
278,9.266666666666667,detected,3,1,0.9194759726524353,ankle_midpoint,1051.3211669921875,924.1029052734375,0.9583789110183716,0.9702249765396118,3.9067258834838867,11.997641563415527,3.8828702342165173,11.545534467269473,0.0,0,two_ankles,corrected_motion_outlier,3.9204179563923307,11.614558542206687,0.44551787836703727
279,9.3,detected,1,9,0.8288657665252686,ankle_midpoint,948.0040283203125,586.7361450195312,0.9770533442497253,0.984606921672821,3.4783594608306885,2.2618377208709717,3.4999502638656113,2.262258596126763,0.0,0,two_ankles,accepted,3.4783594608306885,2.2618377208709717,0.09266426370264
279,9.3,detected,3,1,0.9175766706466675,ankle_midpoint,1054.890380859375,923.4282836914062,0.9878688454627991,0.9892961382865906,3.92749285697937,11.985408782958984,3.9029504144598013,11.743477909329755,0.0,0,two_ankles,accepted,3.92749285697937,11.985408782958984,0.2173595903203195
280,9.333333333333334,detected,1,9,0.8141258358955383,ankle_midpoint,947.2037353515625,586.8154296875,0.9818264245986938,0.9879626631736755,3.4708874225616455,2.2657630443573,3.486871985278827,2.2638355978305045,0.0,0,two_ankles,accepted,3.4708874225616455,2.2657630443573,0.008440350725317155
280,9.333333333333334,detected,3,1,0.9190659523010254,ankle_midpoint,1064.84423828125,927.18994140625,0.9807521104812622,0.9895089864730835,3.9797067642211914,12.050336837768555,3.937490771852427,11.881564427127216,0.0,0,two_ankles,accepted,3.9797067642211914,12.050336837768555,0.08331833178125979
281,9.366666666666667,detected,1,9,0.8145713210105896,ankle_midpoint,947.2060546875,586.8324584960938,0.9817816019058228,0.9879174828529358,3.4708964824676514,2.266571521759033,3.4796830090137982,2.265066763598343,0.0,0,two_ankles,accepted,3.4708964824676514,2.266571521759033,0.0008085281633996566
281,9.366666666666667,detected,3,1,0.9189651608467102,ankle_midpoint,1064.92431640625,927.2852783203125,0.9808346629142761,0.9895561337471008,3.980057716369629,12.051992416381836,3.956645896885168,11.958257022291797,0.0,0,two_ankles,accepted,3.980057716369629,12.051992416381836,0.0016923675591452242
282,9.4,detected,1,9,0.8319915533065796,ankle_midpoint,946.602294921875,589.5263671875,0.9839178323745728,0.9890131950378418,3.463364839553833,2.3940060138702393,3.472339832756814,2.3230894262206965,0.0,0,two_ankles,accepted,3.463364839553833,2.3940060138702393,0.12765686595174702
282,9.4,detected,3,1,0.9168370366096497,ankle_midpoint,1071.289794921875,930.3131103515625,0.9797461628913879,0.9865772724151611,4.0125412940979,12.104001998901367,3.9817988256308974,12.023842261766104,0.0,0,two_ankles,accepted,4.0125412940979,12.104001998901367,0.061320302477112634
283,9.433333333333334,detected,1,9,0.7912782430648804,ankle_midpoint,946.4935302734375,591.65185546875,0.986748993396759,0.9914584755897522,3.460850238800049,2.4935619831085205,3.46716951547627,2.3998020768202175,0.0,0,two_ankles,accepted,3.460850238800049,2.4935619831085205,0.0995877212708702
283,9.433333333333334,detected,3,1,0.922954797744751,ankle_midpoint,1071.2786865234375,931.9697265625,0.9728655219078064,0.98246830701828,4.010712623596191,12.132657051086426,3.9948100347152797,12.07280891696025,0.0,0,two_ankles,accepted,4.010712623596191,12.132657051086426,0.02871334274396229
284,9.466666666666667,detected,1,9,0.7901632189750671,ankle_midpoint,945.6029052734375,593.30712890625,0.9862441420555115,0.9918071627616882,3.4515326023101807,2.5706963539123535,3.46013290455153,2.476704501511679,0.0,0,two_ankles,accepted,3.4515326023101807,2.5706963539123535,0.07769510608178953
284,9.466666666666667,detected,3,1,0.9195525646209717,ankle_midpoint,1071.6998291015625,932.18115234375,0.9779087901115417,0.9875656962394714,4.012838363647461,12.136263847351074,4.002922782734761,12.101363635636122,0.0,0,two_ankles,accepted,4.012838363647461,12.136263847351074,0.004186615585440501
285,9.5,detected,1,9,0.7879161238670349,ankle_midpoint,943.8335571289062,595.3187255859375,0.9868017435073853,0.9920479655265808,3.434026002883911,2.6639211177825928,3.4483847988011016,2.5609519788335904,0.0,0,two_ankles,accepted,3.434026002883911,2.6639211177825928,0.0948542968037491
285,9.5,detected,3,1,0.9210342764854431,ankle_midpoint,1068.709716796875,929.2653198242188,0.9817590713500977,0.9853402972221375,3.999213218688965,12.08608341217041,4.001253478914153,12.094487535076553,0.0,0,two_ankles,accepted,3.999213218688965,12.08608341217041,0.05199731387351523
286,9.533333333333333,detected,1,9,0.7883687615394592,ankle_midpoint,943.829345703125,595.3004150390625,0.9867866039276123,0.9920338988304138,3.433999538421631,2.6630795001983643,3.44191143163034,2.6069093634477385,0.0,0,two_ankles,accepted,3.433999538421631,2.6630795001983643,0.0008420335657480803
286,9.533333333333333,detected,3,1,0.9210370182991028,ankle_midpoint,1068.7127685546875,929.2899169921875,0.9817491769790649,0.9853045344352722,3.999204158782959,12.08651065826416,4.000331284855116,12.090897940510978,0.0,0,two_ankles,accepted,3.999204158782959,12.08651065826416,0.0004273421422250195
287,9.566666666666666,detected,1,9,0.7884901762008667,ankle_midpoint,944.41845703125,595.8885498046875,0.9855711460113525,0.9891336560249329,3.438979387283325,2.689990758895874,3.4405920116741835,2.6442959913993995,0.0,0,two_ankles,accepted,3.438979387283325,2.689990758895874,0.02736813364790543
287,9.566666666666666,detected,3,1,0.9195807576179504,ankle_midpoint,1063.7083740234375,925.4205322265625,0.9856709837913513,0.9856874346733093,3.975151300430298,12.01950454711914,3.989000291863948,12.05877091348465,0.0,0,two_ankles,accepted,3.975151300430298,12.01950454711914,0.0711924077813912
288,9.6,detected,1,9,0.7986124157905579,ankle_midpoint,950.3157958984375,591.9278564453125,0.9887890219688416,0.9927585124969482,3.495716094970703,2.5056827068328857,3.4653978491576174,2.5819200133444684,0.0,0,two_ankles,accepted,3.495716094970703,2.5056827068328857,0.1928432318087834
288,9.6,detected,3,1,0.9082092046737671,ankle_midpoint,1045.489501953125,920.5833129882812,0.9876225590705872,0.9886464476585388,3.8771069049835205,11.936119079589844,3.9386482677677557,12.003577588231988,0.0,0,two_ankles,accepted,3.8771069049835205,11.936119079589844,0.1287083512193497
289,9.633333333333333,detected,1,9,0.7966991662979126,ankle_midpoint,950.3038940429688,591.9391479492188,0.9888275861740112,0.9927657842636108,3.495598077774048,2.506211042404175,3.4789879520350113,2.547850976421336,0.0,0,two_ankles,accepted,3.495598077774048,2.506211042404175,0.0005413561993694258
289,9.633333333333333,detected,3,1,0.9080593585968018,ankle_midpoint,1045.470703125,920.5855102539062,0.9876620769500732,0.9886288642883301,3.8769984245300293,11.936159133911133,3.910905838310779,11.973239283787603,0.0,0,two_ankles,accepted,3.8769984245300293,11.936159133911133,0.00011563890973018651
290,9.666666666666666,detected,1,9,0.8204994797706604,ankle_midpoint,954.4730224609375,591.9638671875,0.9846019744873047,0.987121045589447,3.533820390701294,2.506549835205078,3.503662549434839,2.5292654628740205,0.0,0,two_ankles,accepted,3.533820390701294,2.506549835205078,0.0382238143841018
290,9.666666666666666,detected,3,1,0.9141100645065308,ankle_midpoint,1027.115966796875,913.2960205078125,0.9714660048484802,0.9835726618766785,3.779067039489746,11.807772636413574,3.8515783788413147,11.89877929246929,0.0,0,two_ankles,accepted,3.779067039489746,11.807772636413574,0.16147336906003673
291,9.7,detected,1,9,0.7866834402084351,ankle_midpoint,961.1196899414062,590.8727416992188,0.9787609577178955,0.983862578868866,3.5958404541015625,2.4543099403381348,3.545142606534865,2.495535477732872,0.0,0,two_ankles,accepted,3.5958404541015625,2.4543099403381348,0.0810894252037997
291,9.7,detected,3,1,0.9184510111808777,ankle_midpoint,1013.5076904296875,908.81689453125,0.9704791307449341,0.9769294857978821,3.704695463180542,11.728033065795898,3.7854810667939667,11.821943490466264,0.0,0,two_ankles,accepted,3.704695463180542,11.728033065795898,0.10903912364379618
292,9.733333333333333,detected,1,9,0.7815504670143127,ankle_midpoint,976.5429077148438,585.1319580078125,0.9851540923118591,0.9869083166122437,3.744783639907837,2.1797029972076416,3.583856843632722,2.4642022898645854,0.0,0,two_ankles,corrected_motion_outlier,3.631174244530103,2.4259061713589016,0.31239885693388236
292,9.733333333333333,detected,3,1,0.9263017177581787,ankle_midpoint,995.573486328125,915.6876220703125,0.9786766171455383,0.9857019186019897,3.597696542739868,11.854021072387695,3.7009780309696225,11.836378402330908,0.0,0,two_ankles,accepted,3.597696542739868,11.854021072387695,0.16529291206958724
293,9.766666666666667,detected,1,9,0.7985706925392151,ankle_midpoint,986.429931640625,577.289794921875,0.9857757687568665,0.9900690913200378,3.8481292724609375,1.7968811988830566,3.621049879729387,2.434187340496373,0.0,0,two_ankles,corrected_motion_outlier,3.666508034958644,2.397502402379669,0.35208741739814337
293,9.766666666666667,detected,3,1,0.9286765456199646,ankle_midpoint,990.1790771484375,913.1239013671875,0.9653909206390381,0.9792448282241821,3.56846284866333,11.808504104614258,3.6413461989317915,11.823834968358415,0.0,0,two_ankles,accepted,3.56846284866333,11.808504104614258,0.05409624039292163
294,9.8,detected,1,9,0.7968873977661133,ankle_midpoint,986.4705810546875,577.221923828125,0.9859119057655334,0.9902123808860779,3.848613739013672,1.7935259342193604,3.7234536164073155,2.1458897076717176,0.0,0,two_ankles,accepted,3.848613739013672,1.7935259342193604,0.23582711094444564
294,9.8,detected,3,1,0.9286885857582092,ankle_midpoint,990.1517333984375,913.142578125,0.9655073881149292,0.9793975949287415,3.568296194076538,11.808843612670898,3.6084736967469278,11.817088858299034,0.0,0,two_ankles,accepted,3.568296194076538,11.808843612670898,0.0003782055946475455
295,9.833333333333334,detected,1,9,0.8328185081481934,ankle_midpoint,995.831787109375,573.0869140625,0.9589011073112488,0.9556667804718018,3.943868398666382,1.5860110521316528,3.8226402684238954,1.8939443126786886,0.0,0,two_ankles,accepted,3.943868398666382,1.5860110521316528,0.22833281952761142
295,9.833333333333334,detected,3,1,0.9110729098320007,ankle_midpoint,987.70703125,914.2535400390625,0.9635657668113708,0.9811446070671082,3.5537383556365967,11.829096794128418,3.583842793247279,11.822492429422258,0.0,0,two_ankles,accepted,3.5537383556365967,11.829096794128418,0.024942373968703312
296,9.866666666666667,detected,1,9,0.8320629000663757,ankle_midpoint,1003.29248046875,574.425048828125,0.9822514653205872,0.9832159876823425,4.012426853179932,1.6513903141021729,3.908044231564112,1.7847950133192567,0.0,0,two_ankles,accepted,4.012426853179932,1.6513903141021729,0.09473494382273293
296,9.866666666666667,detected,3,1,0.9166445732116699,ankle_midpoint,982.782470703125,913.119873046875,0.9792659878730774,0.9854655265808105,3.5262670516967773,11.809199333190918,3.5579337095495536,11.816510536118155,0.0,0,two_ankles,accepted,3.5262670516967773,11.809199333190918,0.03392022246261471
297,9.9,detected,1,9,0.7786159515380859,ankle_midpoint,1013.6109619140625,572.6986083984375,0.9949000477790833,0.9932883381843567,4.11383056640625,1.5628796815872192,4.0006480822430746,1.6849331140398398,0.0,0,two_ankles,accepted,4.11383056640625,1.5628796815872192,0.13459883032286193
297,9.9,detected,3,1,0.9222639799118042,ankle_midpoint,981.8198852539062,911.6439819335938,0.9749588966369629,0.982698917388916,3.521530866622925,11.7826509475708,3.5415524302325707,11.801273721271846,0.0,0,two_ankles,accepted,3.521530866622925,11.7826509475708,0.02696754026766677
298,9.933333333333334,detected,1,9,0.7798073887825012,ankle_midpoint,1013.7763061523438,572.82861328125,0.9947983026504517,0.9931665062904358,4.115142345428467,1.5693724155426025,4.052170500676501,1.6329307997160831,0.0,0,two_ankles,accepted,4.115142345428467,1.5693724155426025,0.006623923189358051
298,9.933333333333334,detected,3,1,0.922369658946991,ankle_midpoint,981.8148803710938,911.6032104492188,0.9749590158462524,0.9827778935432434,3.5215232372283936,11.781913757324219,3.532539293380691,11.792561737495415,0.0,0,two_ankles,accepted,3.5215232372283936,11.781913757324219,0.0007372297249274404
299,9.966666666666667,detected,1,9,0.730310320854187,ankle_midpoint,1015.4102783203125,574.27587890625,0.9834205508232117,0.9753902554512024,4.127739906311035,1.641471028327942,4.086176733212042,1.6367739025914196,0.0,0,two_ankles,accepted,4.127739906311035,1.641471028327942,0.07319090452891204
299,9.966666666666667,detected,3,1,0.9194071888923645,ankle_midpoint,980.527099609375,908.7105712890625,0.9701236486434937,0.96818608045578,3.5156266689300537,11.72954273223877,3.524928612377905,11.764203185129926,0.0,0,two_ankles,accepted,3.5156266689300537,11.72954273223877,0.05270193341992054
300,10.0,detected,1,9,0.6916075944900513,ankle_midpoint,1019.8936767578125,572.390380859375,0.9928780198097229,0.9754434823989868,4.174323081970215,1.5461009740829468,4.12584259015322,1.595971084762607,0.0,0,two_ankles,accepted,4.174323081970215,1.5461009740829468,0.10613877473000762
300,10.0,detected,3,1,0.917012631893158,ankle_midpoint,978.6552734375,907.7254638671875,0.9717323780059814,0.9658507704734802,3.505380392074585,11.711775779724121,3.516131913241411,11.740610852697316,0.0,0,two_ankles,accepted,3.505380392074585,11.711775779724121,0.020509773062047446
301,10.033333333333333,detected,1,9,0.7997841238975525,ankle_midpoint,1023.0679931640625,570.280517578125,0.9851421117782593,0.957558274269104,4.209229469299316,1.4389183521270752,4.163366685768964,1.5252973550766178,0.0,0,two_ankles,accepted,4.209229469299316,1.4389183521270752,0.11272342403291584
301,10.033333333333333,detected,3,1,0.9061295986175537,ankle_midpoint,976.595458984375,905.0084838867188,0.9890937805175781,0.985171914100647,3.494868278503418,11.662232398986816,3.506563277609314,11.705340548527591,0.0,0,two_ankles,accepted,3.494868278503418,11.662232398986816,0.05064633359498638
302,10.066666666666666,detected,1,9,0.8480963110923767,ankle_midpoint,1028.2890625,555.5267333984375,0.9900895357131958,0.9868760108947754,4.294371604919434,0.6673065423965454,4.201559176961558,1.4589940198249285,0.06214587425614526,0,two_ankles,corrected_motion_outlier,4.248238888419171,1.3779566100728637,0.776295026503183
302,10.066666666666666,detected,3,1,0.9036431312561035,ankle_midpoint,967.1836547851562,899.8072509765625,0.9900208711624146,0.9887517094612122,3.4428603649139404,11.567071914672852,3.477896966896396,11.643119663292959,0.0,0,two_ankles,accepted,3.4428603649139404,11.567071914672852,0.10844510524131051
303,10.1,detected,1,9,0.8530882000923157,ankle_midpoint,1034.647216796875,544.3858032226562,0.9886804819107056,0.9846870303153992,4.386493682861328,0.052695225924253464,4.240119285721418,1.3950944015121043,0.6181889565529616,0,two_ankles,corrected_motion_outlier,4.287248307539025,1.3169948680186523,0.6987555289636861
303,10.1,detected,3,1,0.9064830541610718,ankle_midpoint,963.7171020507812,897.154296875,0.9924229979515076,0.9909137487411499,3.423839807510376,11.517935752868652,3.453571245172687,11.586786903602022,0.0,0,two_ankles,accepted,3.423839807510376,11.517935752868652,0.0526891260203729
304,10.133333333333333,detected,1,9,0.8528332710266113,ankle_midpoint,1034.724853515625,544.2174072265625,0.9885547757148743,0.9846730828285217,4.387732982635498,0.04319055378437042,4.278881584143276,1.332516827515656,0.5643995685069064,0,two_ankles,corrected_motion_outlier,4.32625772665888,1.256033125964441,0.469032051894577
304,10.133333333333333,detected,3,1,0.9068571329116821,ankle_midpoint,963.6818237304688,897.178466796875,0.992352306842804,0.99089515209198,3.4236249923706055,11.518391609191895,3.4400954314117502,11.556009021117465,0.0,0,two_ankles,accepted,3.4236249923706055,11.518391609191895,0.0005039350471186823
305,10.166666666666666,detected,1,9,0.8185677528381348,ankle_midpoint,1042.838623046875,540.0186767578125,0.9840606451034546,0.9844584465026855,4.481791973114014,-0.1973629593849182,4.317755086879233,1.2706663778932143,0.7473014834935608,0,two_ankles,corrected_motion_outlier,4.365267145778734,1.1950713839102296,0.4147067374128031
305,10.166666666666666,detected,3,1,0.9103826284408569,ankle_midpoint,960.2635498046875,892.96142578125,0.9917792677879333,0.9901189804077148,3.405364751815796,11.439421653747559,3.424466625593571,11.503544705801009,0.0,0,two_ankles,accepted,3.405364751815796,11.439421653747559,0.08105362575480454
306,10.2,detected,1,9,0.817280650138855,ankle_midpoint,1042.834716796875,539.9981689453125,0.984062671661377,0.9844506978988647,4.481812477111816,-0.19853851199150085,4.356689751987943,1.209215846676476,0.6849018389514406,0,two_ankles,corrected_motion_outlier,4.404276564898588,1.1341096418560181,0.3319979805960964
306,10.2,detected,3,1,0.9104063510894775,ankle_midpoint,960.236083984375,892.9207763671875,0.9917773008346558,0.9900248050689697,3.405219793319702,11.438655853271484,3.4158055510703305,11.474344722162723,0.0,0,two_ankles,accepted,3.405219793319702,11.438655853271484,0.0007793993422792079
307,10.233333333333333,detected,1,9,0.8076509237289429,ankle_midpoint,1056.45751953125,535.8681640625,0.9807610511779785,0.9832478761672974,4.633911609649658,-0.44065022468566895,4.395658056401668,1.1479852705828748,0.875753220822126,0,two_ankles,corrected_motion_outlier,4.443285984018442,1.0731478998018067,0.3211581885783958
307,10.233333333333333,detected,3,1,0.9232917428016663,ankle_midpoint,955.2224731445312,880.8411865234375,0.9915368556976318,0.9899371862411499,3.3801987171173096,11.20740032196045,3.399782475791471,11.3542197420717,0.0,0,two_ankles,accepted,3.3801987171173096,11.20740032196045,0.23260519129261734
308,10.266666666666667,detected,1,9,0.8560845255851746,ankle_midpoint,1067.537109375,528.228271484375,0.9924818873405457,0.9920639395713806,4.7750244140625,-0.8966348171234131,4.434644862433151,1.086875669806999,1.28113639806829,0,two_ankles,corrected_motion_outlier,4.482295403138297,1.0121861577475952,0.343301275609357
308,10.266666666666667,detected,3,1,0.9237986207008362,ankle_midpoint,951.4035034179688,869.9708862304688,0.9910646677017212,0.9873397350311279,3.3612051010131836,10.99329948425293,3.382422657141242,11.191805626053254,0.0,0,two_ankles,accepted,3.3612051010131836,10.99329948425293,0.21494168083406376
309,10.3,detected,1,9,0.856269121170044,ankle_midpoint,1067.534912109375,528.285400390625,0.9924828410148621,0.9920720458030701,4.774794101715088,-0.8931881189346313,4.587712020110023,0.19584696487326536,1.2117503626137789,0,two_ankles,accepted,4.774794101715088,-0.8931881189346313,0.29996312132200814
309,10.3,detected,3,1,0.9239000678062439,ankle_midpoint,951.4149780273438,869.9783935546875,0.9910721182823181,0.9873782992362976,3.361271381378174,10.993448257446289,3.3729045830478617,11.10254481018012,0.0,0,two_ankles,accepted,3.361271381378174,10.993448257446289,0.00016286973274855175
310,10.333333333333334,detected,1,9,0.8542174100875854,ankle_midpoint,1072.698486328125,526.739501953125,0.9896470904350281,0.9902470111846924,4.834510326385498,-0.9879522323608398,4.698771257933988,-0.336862673882082,0.0,0,two_ankles,accepted,4.834510326385498,-0.9879522323608398,0.11201010973274783
310,10.333333333333334,detected,3,1,0.9110252261161804,ankle_midpoint,950.248779296875,868.5867919921875,0.9748275876045227,0.9682780504226685,3.3547255992889404,10.9656982421875,3.3647240403563474,11.040963854583442,0.0,0,two_ankles,accepted,3.3547255992889404,10.9656982421875,0.02851158729398899
311,10.366666666666667,detected,3,1,0.9219922423362732,ankle_midpoint,950.5609130859375,865.9229125976562,0.9839751124382019,0.9794193506240845,3.3575010299682617,10.91202449798584,3.361473685681709,10.982941144114521,0.0,0,two_ankles,accepted,3.3575010299682617,10.91202449798584,0.05374545405967806
311,10.366666666666667,predicted,1,,,motion_prediction,,,,,,,4.887975728832603,-1.1131952858487344,,1,,motion_prediction,4.887975728832603,-1.1131952858487344,
312,10.4,detected,3,1,0.9163258671760559,ankle_midpoint,946.998779296875,867.4848022460938,0.9878729581832886,0.986984133720398,3.3355016708374023,10.943914413452148,3.349786279001771,10.965379115316455,0.0,0,two_ankles,accepted,3.3355016708374023,10.943914413452148,0.038741947687446404
312,10.4,predicted,1,,,motion_prediction,,,,,,,4.941441131279709,-1.238438339336629,,2,,motion_prediction,4.941441131279709,-1.238438339336629,
313,10.433333333333334,detected,3,1,0.9172846078872681,ankle_midpoint,945.4840087890625,868.6284790039062,0.9871212840080261,0.9868619441986084,3.3260300159454346,10.96706485748291,3.3390959606264197,10.96613769929136,0.0,0,two_ankles,accepted,3.3260300159454346,10.96706485748291,0.02501310267067978
313,10.433333333333334,predicted,1,,,motion_prediction,,,,,,,4.994906533726814,-1.3636813928245235,,3,,motion_prediction,4.994906533726814,-1.3636813928245235,
314,10.466666666666667,detected,3,1,0.9164187908172607,ankle_midpoint,940.6195068359375,872.140625,0.9925581216812134,0.9922631978988647,3.2958359718322754,11.037771224975586,3.3196289656690547,10.998372785849263,0.0,0,two_ankles,accepted,3.2958359718322754,11.037771224975586,0.07688348784958134
314,10.466666666666667,predicted,1,,,motion_prediction,,,,,,,5.04837193617392,-1.488924446312418,,4,,motion_prediction,5.04837193617392,-1.488924446312418,
315,10.5,detected,3,1,0.9164011478424072,ankle_midpoint,940.6328125,872.1375732421875,0.9925395846366882,0.9922628402709961,3.2959163188934326,11.03770923614502,3.308958274620025,11.016074188482353,0.0,0,two_ankles,accepted,3.2959163188934326,11.03770923614502,0.00010148036929176858
315,10.5,predicted,1,,,motion_prediction,,,,,,,5.101837338621025,-1.6141674998003126,,5,,motion_prediction,5.101837338621025,-1.6141674998003126,
316,10.533333333333333,detected,1,9,0.7414441108703613,ankle_midpoint,1087.982421875,527.1530151367188,0.979220986366272,0.9849318265914917,4.992889881134033,-0.9664461612701416,4.831124638374009,-0.6201752432067089,0.1398429517314379,0,two_ankles,accepted,4.992889881134033,-0.9664461612701416,0.026638836757272688
316,10.533333333333333,detected,3,1,0.921731173992157,ankle_midpoint,936.346435546875,874.529052734375,0.9887813925743103,0.9892241358757019,3.269685983657837,11.085610389709473,3.2912857436870406,11.047365479034557,0.0,0,two_ankles,accepted,3.269685983657837,11.085610389709473,0.05461273660399242
317,10.566666666666666,detected,1,9,0.6691374182701111,ankle_midpoint,1089.770263671875,537.9407348632812,0.9898715615272522,0.9890391826629639,4.967796802520752,-0.32772672176361084,4.923715091143947,-0.812066215114332,0.07218481382252695,0,two_ankles,corrected_motion_outlier,5.036881200084983,-1.046599625223649,0.6392121596135583
317,10.566666666666666,detected,3,1,0.9180617928504944,ankle_midpoint,934.8424072265625,873.0383911132812,0.9838188290596008,0.9828369617462158,3.261019229888916,11.056246757507324,3.277665812477885,11.051362054347303,0.0,0,two_ankles,accepted,3.261019229888916,11.056246757507324,0.03061593567072797
318,10.6,detected,1,9,0.6304107904434204,ankle_midpoint,1092.84326171875,544.9773559570312,0.9812605381011963,0.9843435287475586,4.971251010894775,0.07304234802722931,4.994435933695341,-0.9536753084426031,0.5547929142319873,0,two_ankles,corrected_motion_outlier,5.080872519035933,-1.1267530891771564,0.5198568556983985
318,10.6,detected,3,1,0.8984872698783875,ankle_midpoint,935.0780639648438,873.2218017578125,0.9844781160354614,0.9812798500061035,3.26239013671875,11.059860229492188,3.2707917583862742,11.055186233162502,0.0,0,two_ankles,accepted,3.26239013671875,11.059860229492188,0.003864785287888222
319,10.633333333333333,detected,1,9,0.6657100915908813,ankle_midpoint,1093.885009765625,550.560302734375,0.9834688901901245,0.9849197864532471,4.960009574890137,0.3830835819244385,5.053128490626535,-1.0676293685522302,0.9485135462778266,0,two_ankles,corrected_motion_outlier,5.124863837986883,-1.2069065531306638,0.44997674536278004
319,10.633333333333333,detected,3,1,0.9052231907844543,ankle_midpoint,931.475830078125,872.4883422851562,0.9792112708091736,0.9810889959335327,3.2409703731536865,11.045695304870605,3.25737213503161,11.05091531543115,0.0,0,two_ankles,accepted,3.2409703731536865,11.045695304870605,0.02567978505981547
320,10.666666666666666,detected,1,9,0.6665388941764832,ankle_midpoint,1093.8779296875,550.59619140625,0.9832646250724792,0.9849790930747986,4.959800720214844,0.38505661487579346,5.105205490466619,-1.1663731603916037,1.0351343532165922,0,two_ankles,corrected_motion_outlier,5.168855156937832,-1.2870600170841713,0.3379769450809945
320,10.666666666666666,detected,3,1,0.9051957130432129,ankle_midpoint,931.471923828125,872.4124145507812,0.978867769241333,0.9807587265968323,3.2409615516662598,11.04418659210205,3.249987372517203,11.047887389933056,0.0,0,two_ankles,accepted,3.2409615516662598,11.04418659210205,0.0015087385580810117
321,10.7,detected,1,9,0.6355270743370056,ankle_midpoint,1092.349853515625,548.0772705078125,0.9855620265007019,0.9861404895782471,4.954245090484619,0.24631038308143616,5.037273310474719,-0.5306655658287358,0.9841156435867174,0,two_ankles,accepted,4.954245090484619,0.24631038308143616,0.2426744202186887
321,10.7,detected,3,1,0.9231919050216675,ankle_midpoint,933.5474853515625,872.3333129882812,0.9766594171524048,0.9818540811538696,3.2534124851226807,11.042384147644043,3.251528673189668,11.045410930903,0.0,0,two_ankles,accepted,3.2534124851226807,11.042384147644043,0.012580721360892798
322,10.733333333333333,detected,1,9,0.5906351208686829,ankle_midpoint,1091.989013671875,548.259765625,0.9836544394493103,0.9830638766288757,4.949929714202881,0.2565147280693054,4.9979686921523925,-0.17643443357461727,0.0,0,two_ankles,accepted,4.949929714202881,0.2565147280693054,0.011079310857830548
322,10.733333333333333,detected,3,1,0.9247216582298279,ankle_midpoint,940.4923095703125,870.694091796875,0.9687741994857788,0.9885468482971191,3.2954471111297607,11.008959770202637,3.27129197026271,11.029007908587836,0.0,0,two_ankles,accepted,3.2954471111297607,11.008959770202637,0.05370380611186399
323,10.766666666666667,detected,1,9,0.6469958424568176,ankle_midpoint,1091.29052734375,547.8236083984375,0.9795529246330261,0.9841434955596924,4.944611549377441,0.23245781660079956,4.973957977903664,0.0075670790043202985,0.0,0,two_ankles,accepted,4.944611549377441,0.23245781660079956,0.02463773257655968
323,10.766666666666667,detected,3,1,0.9235091805458069,ankle_midpoint,952.170654296875,873.62353515625,0.8874272108078003,0.951478123664856,3.3645565509796143,11.065939903259277,3.3132610315853173,11.045627306189985,0.0,0,two_ankles,accepted,3.3645565509796143,11.065939903259277,0.08957036473919815
324,10.8,detected,1,9,0.6424962282180786,ankle_midpoint,1091.310791015625,547.8880615234375,0.9798191785812378,0.9838222861289978,4.9445672035217285,0.2360338270664215,4.960732129431793,0.11037711563226585,0.0,0,two_ankles,accepted,4.9445672035217285,0.2360338270664215,0.0035762854199793133
324,10.8,detected,3,1,0.9235156774520874,ankle_midpoint,952.1893310546875,873.601806640625,0.8867690563201904,0.9513817429542542,3.364675760269165,11.065506935119629,3.3363976594930493,11.054573139208326,0.0,0,two_ankles,accepted,3.364675760269165,11.065506935119629,0.0004490793523040565
325,10.833333333333334,detected,1,9,0.6181145310401917,ankle_midpoint,1092.115234375,546.8364868164062,0.9766518473625183,0.9826210141181946,4.956687927246094,0.1773199886083603,4.958912238448229,0.14050140847150835,0.0,0,two_ankles,accepted,4.956687927246094,0.1773199886083603,0.059951870446898474
325,10.833333333333334,detected,3,1,0.91365647315979,ankle_midpoint,961.721923828125,875.3184204101562,0.8916983008384705,0.9515709280967712,3.4209988117218018,11.098411560058594,3.374468177995988,11.074300428590949,0.0,0,two_ankles,accepted,3.4209988117218018,11.098411560058594,0.06523036461120166
326,10.866666666666667,detected,1,9,0.7555933594703674,ankle_midpoint,1093.8438720703125,548.8980102539062,0.9740996360778809,0.9733364582061768,4.9660186767578125,0.2914573550224304,4.962110135687542,0.20843158441942328,0.0,0,two_ankles,accepted,4.9660186767578125,0.2914573550224304,0.1145181265057639
326,10.866666666666667,detected,3,1,0.9030227065086365,ankle_midpoint,979.84228515625,871.9491577148438,0.9832028150558472,0.9898791313171387,3.5310306549072266,11.029623031616211,3.4449212926060455,11.054195599952319,0.0,0,two_ankles,accepted,3.5310306549072266,11.029623031616211,0.12976466452794622
327,10.9,detected,1,9,0.6945222616195679,ankle_midpoint,1091.237548828125,546.9882202148438,0.9661404490470886,0.9693125486373901,4.947292327880859,0.18597593903541565,4.955442122174535,0.19832654399661986,0.0,0,two_ankles,accepted,4.947292327880859,0.18597593903541565,0.10713078577555109
327,10.9,detected,3,1,0.8759846091270447,ankle_midpoint,990.4146728515625,870.8577880859375,0.9719378352165222,0.9848096966743469,3.5951061248779297,11.006695747375488,3.5125044671283936,11.032820666292746,0.0,0,two_ankles,accepted,3.5951061248779297,11.006695747375488,0.0680538479045922
328,10.933333333333334,detected,1,9,0.6938366293907166,ankle_midpoint,1091.296875,547.016845703125,0.966037392616272,0.969226598739624,4.94777774810791,0.18755865097045898,4.951993153844555,0.19348099213484748,0.0,0,two_ankles,accepted,4.94777774810791,0.18755865097045898,0.0016554787422853395
328,10.933333333333334,detected,3,1,0.8758518099784851,ankle_midpoint,990.297119140625,870.9053955078125,0.9717483520507812,0.9847415089607239,3.5943703651428223,11.007658958435059,3.5493441212348866,11.021497897756788,0.0,0,two_ankles,accepted,3.5943703651428223,11.007658958435059,0.001212071752448636
329,10.966666666666667,detected,1,9,0.7490960359573364,ankle_midpoint,1085.50390625,544.71142578125,0.9682133197784424,0.9714269638061523,4.898292064666748,0.0597156286239624,4.927827663714542,0.13328657855494921,0.0,0,two_ankles,accepted,4.898292064666748,0.0597156286239624,0.13708636412249664
329,10.966666666666667,detected,3,1,0.8676438331604004,ankle_midpoint,1009.1265869140625,863.9676513671875,0.9429747462272644,0.9627830982208252,3.7128005027770996,10.865864753723145,3.622899492928883,10.95146298294165,0.0,0,two_ankles,accepted,3.7128005027770996,10.865864753723145,0.18474656692333438
330,11.0,detected,1,9,0.7481094598770142,ankle_midpoint,1081.581298828125,544.029541015625,0.9697070717811584,0.9631996750831604,4.8612589836120605,0.022160787135362625,4.897871757668425,0.08327997241613526,0.0,0,two_ankles,accepted,4.8612589836120605,0.022160787135362625,0.052742916222341264
330,11.0,detected,3,1,0.8903825283050537,ankle_midpoint,1029.001953125,870.5069580078125,0.9224124550819397,0.976241946220398,3.8271212577819824,10.995409965515137,3.714799287112778,10.97123912509972,0.0,0,two_ankles,accepted,3.8271212577819824,10.995409965515137,0.17277498928698723
331,11.033333333333333,detected,1,9,0.7961117625236511,ankle_midpoint,1078.0732421875,546.427490234375,0.972826361656189,0.9673891663551331,4.817197799682617,0.15759071707725525,4.861568476574812,0.11671980751363925,0.0,0,two_ankles,accepted,4.817197799682617,0.15759071707725525,0.14241718243712795
331,11.033333333333333,detected,3,1,0.8633925318717957,ankle_midpoint,1073.66552734375,874.2952880859375,0.9464786648750305,0.9838548302650452,4.090744495391846,11.065851211547852,3.8839746308383587,11.013814564001379,0.0,0,two_ankles,accepted,4.090744495391846,11.065851211547852,0.2728720955879291
332,11.066666666666666,detected,1,9,0.7939429879188538,ankle_midpoint,1078.085205078125,546.4778442382812,0.9731340408325195,0.9673495888710022,4.817137718200684,0.16040118038654327,4.841574635306454,0.13637642530644606,0.0,0,two_ankles,accepted,4.817137718200684,0.16040118038654327,0.0028111054404496346
332,11.066666666666666,detected,3,1,0.8637949228286743,ankle_midpoint,1073.750244140625,874.4015502929688,0.9465307593345642,0.9838005900382996,4.091119289398193,11.067946434020996,3.977189727190285,11.038173905510208,0.0,0,two_ankles,accepted,4.091119289398193,11.067946434020996,0.002128480152400772
333,11.1,detected,1,9,0.6694102883338928,ankle_midpoint,1073.29150390625,551.8764038085938,0.9755134582519531,0.9743398427963257,4.750375270843506,0.45967695116996765,4.821404127317955,0.1525757210269469,0.0,0,two_ankles,corrected_motion_outlier,4.796751284220898,0.1723748602408923,0.3066320455450354
333,11.1,detected,3,1,0.8887240886688232,ankle_midpoint,1095.649169921875,882.2972412109375,0.9729642868041992,0.9876405596733093,4.211119174957275,11.220417976379395,4.082457978685431,11.120183737401343,0.0,0,two_ankles,accepted,4.211119174957275,11.220417976379395,0.19402974968633463
334,11.133333333333333,detected,1,9,0.80635005235672,ankle_midpoint,1062.0860595703125,553.7413330078125,0.9691202640533447,0.972140371799469,4.633159160614014,0.5635949969291687,4.736693892301181,0.3375343951829467,0.0,0,two_ankles,accepted,4.633159160614014,0.5635949969291687,0.2215927364275959
334,11.133333333333333,detected,3,1,0.8055240511894226,ankle_midpoint,1143.97998046875,893.15234375,0.9868844747543335,0.9922651052474976,4.478915214538574,11.42336654663086,4.187192593244658,11.195270196818605,0.0,0,two_ankles,corrected_motion_outlier,4.315201566594824,11.287042536106368,0.3360101798793339
335,11.166666666666666,detected,1,9,0.8363544344902039,ankle_midpoint,1054.5614013671875,555.0223999023438,0.9691867828369141,0.973906934261322,4.554864883422852,0.6344801187515259,4.654870838305933,0.47115997078880734,0.0,0,two_ankles,accepted,4.554864883422852,0.6344801187515259,0.10561578639889467
335,11.166666666666666,detected,3,1,0.8658217787742615,ankle_midpoint,1168.3404541015625,892.2316284179688,0.993598222732544,0.9947296380996704,4.6230387687683105,11.403306007385254,4.383323372230302,11.288886311573599,0.0,0,two_ankles,accepted,4.6230387687683105,11.403306007385254,0.2253473894072485
336,11.2,detected,1,9,0.836833655834198,ankle_midpoint,1054.6103515625,555.001220703125,0.9692757725715637,0.9741083383560181,4.555411338806152,0.6333274841308594,4.610114063531032,0.5441353517927308,0.0,0,two_ankles,accepted,4.555411338806152,0.6333274841308594,0.001275609679603216
336,11.2,detected,3,1,0.8742572069168091,ankle_midpoint,1173.02197265625,892.1316528320312,0.9828546047210693,0.9875942468643188,4.650629043579102,11.400906562805176,4.503610924337263,11.33929542462781,0.0,0,two_ankles,accepted,4.650629043579102,11.400906562805176,0.027694414570953393
337,11.233333333333333,detected,1,9,0.7904258966445923,ankle_midpoint,1048.590087890625,557.7706298828125,0.9789543747901917,0.9822666049003601,4.488095760345459,0.7831178307533264,4.555205827097524,0.6516774673249989,0.0,0,two_ankles,accepted,4.488095760345459,0.7831178307533264,0.16422099453107872
337,11.233333333333333,detected,3,1,0.9056918025016785,ankle_midpoint,1186.496826171875,892.4281005859375,0.9847742319107056,0.9775450229644775,4.7289228439331055,11.4050874710083,4.605001288155393,11.368901845499032,0.0,0,two_ankles,accepted,4.7289228439331055,11.4050874710083,0.07840535164946064
338,11.266666666666667,detected,1,9,0.8010634183883667,ankle_midpoint,1042.89208984375,557.203857421875,0.980678379535675,0.9869765639305115,4.433725357055664,0.7540860176086426,4.5005396155786865,0.6977613149526385,0.0,0,two_ankles,accepted,4.433725357055664,0.7540860176086426,0.06163592238591696
338,11.266666666666667,detected,3,1,0.90580153465271,ankle_midpoint,1202.512939453125,897.5433349609375,0.988764762878418,0.9823899269104004,4.8119988441467285,11.499824523925781,4.6981501883514944,11.42781705079107,0.0,0,two_ankles,accepted,4.8119988441467285,11.499824523925781,0.12600290078797152
339,11.3,detected,1,9,0.7351767420768738,ankle_midpoint,1041.7939453125,562.213134765625,0.985309898853302,0.990548312664032,4.409506797790527,1.0193078517913818,4.459574847574015,0.8424572565300731,0.0,0,two_ankles,accepted,4.409506797790527,1.0193078517913818,0.2663252897119148
339,11.3,detected,3,1,0.9119560718536377,ankle_midpoint,1208.179443359375,899.5755004882812,0.9907183051109314,0.9823477268218994,4.840682029724121,11.537215232849121,4.762289516969177,11.477046232717193,0.0,0,two_ankles,accepted,4.840682029724121,11.537215232849121,0.047125261258236725
340,11.333333333333334,detected,1,9,0.7427229881286621,ankle_midpoint,1041.8525390625,562.18359375,0.9853007197380066,0.9905132055282593,4.410155296325684,1.0177483558654785,4.4373360495122665,0.9213382512310055,0.0,0,two_ankles,accepted,4.410155296325684,1.0177483558654785,0.0016889576350544902
340,11.333333333333334,detected,3,1,0.9119734168052673,ankle_midpoint,1208.2008056640625,899.54296875,0.9907350540161133,0.9823110103607178,4.840874195098877,11.536605834960938,4.797652622127542,11.503848053726879,0.0,0,two_ankles,accepted,4.840874195098877,11.536605834960938,0.0006389783387390247
341,11.366666666666667,detected,1,9,0.7594555020332336,ankle_midpoint,1040.865966796875,564.8154907226562,0.9805470108985901,0.9883249998092651,4.393657684326172,1.1550734043121338,4.417680785178524,1.0265190701175133,0.0,0,two_ankles,accepted,4.393657684326172,1.1550734043121338,0.13831247280185055
341,11.366666666666667,detected,3,1,0.916934072971344,ankle_midpoint,1206.313720703125,900.6463623046875,0.9768604040145874,0.9472118020057678,4.827624797821045,11.557358741760254,4.811140101189618,11.527927863341898,0.0,0,two_ankles,accepted,4.827624797821045,11.557358741760254,0.02462173163786284
342,11.4,detected,1,9,0.6301266551017761,ankle_midpoint,1044.2572021484375,567.2078857421875,0.9763205647468567,0.9864308834075928,4.420100688934326,1.2777612209320068,4.418769741868635,1.1395780379840357,0.0,0,two_ankles,accepted,4.420100688934326,1.2777612209320068,0.12550511081090868
342,11.4,detected,3,1,0.911971926689148,ankle_midpoint,1207.35986328125,898.6154174804688,0.9864637851715088,0.9633098244667053,4.8379387855529785,11.51937484741211,4.823199509153131,11.524079006173494,0.0,0,two_ankles,accepted,4.8379387855529785,11.51937484741211,0.03935930096921797
343,11.433333333333334,detected,1,9,0.24658145010471344,ankle_midpoint,1055.30810546875,571.0943603515625,0.9546189308166504,0.9743754863739014,4.515483856201172,1.4734643697738647,4.462291093318277,1.289826887289459,0.0,0,two_ankles,accepted,4.515483856201172,1.4734643697738647,0.21771006192749442
343,11.433333333333334,detected,3,1,0.9090431928634644,ankle_midpoint,1207.462646484375,894.6779174804688,0.9861246943473816,0.978333055973053,4.8468403816223145,11.44541072845459,4.833837901764264,11.488678281199988,0.0,0,two_ankles,accepted,4.8468403816223145,11.44541072845459,0.07449784765846405
344,11.466666666666667,detected,1,9,0.605204701423645,ankle_midpoint,1062.4117431640625,575.4361572265625,0.9335025548934937,0.9674674272537231,4.5706658363342285,1.6896636486053467,4.511059727675455,1.4697534298816084,0.0,0,two_ankles,accepted,4.5706658363342285,1.6896636486053467,0.22313040827878644
344,11.466666666666667,detected,3,1,0.9158318638801575,ankle_midpoint,1202.163818359375,894.756591796875,0.9847442507743835,0.9831523895263672,4.815749645233154,11.447461128234863,4.825698186325265,11.470130562365682,0.0,0,two_ankles,accepted,4.815749645233154,11.447461128234863,0.031158273836642377
345,11.5,detected,1,9,0.641120970249176,ankle_midpoint,1068.579345703125,576.041259765625,0.9858189821243286,0.9946251511573792,4.627284526824951,1.7184504270553589,4.5633608872927285,1.5816670786097964,0.0,0,two_ankles,accepted,4.627284526824951,1.7184504270553589,0.06351657048687638
345,11.5,detected,3,1,0.9271932244300842,ankle_midpoint,1192.3502197265625,885.82861328125,0.9889624714851379,0.9887744188308716,4.776640892028809,11.278254508972168,4.803622403891859,11.383786338338602,0.0,0,two_ankles,accepted,4.776640892028809,11.278254508972168,0.17366742521126163
346,11.533333333333333,detected,1,9,0.6420690417289734,ankle_midpoint,1068.61962890625,576.0542602539062,0.9858229756355286,0.994644045829773,4.627626419067383,1.7190868854522705,4.592280376591323,1.6435059916889099,0.0,0,two_ankles,accepted,4.627626419067383,1.7190868854522705,0.0007224746337652599
346,11.533333333333333,detected,3,1,0.9272348284721375,ankle_midpoint,1192.1968994140625,885.81396484375,0.9889680743217468,0.9887756109237671,4.775766849517822,11.277989387512207,4.791087404423543,11.336177710466725,0.0,0,two_ankles,accepted,4.775766849517822,11.277989387512207,0.0009133672314809113
347,11.566666666666666,detected,1,9,0.6615314483642578,ankle_midpoint,1075.182373046875,576.5499877929688,0.9844056963920593,0.9939385652542114,4.6881890296936035,1.7423123121261597,4.63543927048735,1.6879688358856724,0.0,0,two_ankles,accepted,4.6881890296936035,1.7423123121261597,0.06486331975814545
347,11.566666666666666,detected,3,1,0.9235244393348694,ankle_midpoint,1180.983154296875,881.0167236328125,0.9910178184509277,0.9903091788291931,4.719144344329834,11.186190605163574,4.758713027381374,11.268683513080308,0.0,0,two_ankles,accepted,4.719144344329834,11.186190605163574,0.1078569633100034
348,11.6,detected,1,9,0.548014760017395,ankle_midpoint,1087.41162109375,587.3734130859375,0.9699506163597107,0.987871527671814,4.76832389831543,2.264561891555786,4.677292009588659,1.7385231055198602,0.0,0,two_ankles,corrected_motion_outlier,4.728445357379148,1.8003116572949787,0.5283618271444854
348,11.6,detected,3,1,0.9206316471099854,ankle_midpoint,1145.28369140625,868.89501953125,0.993248462677002,0.9926353096961975,4.528722763061523,10.950194358825684,4.7292118940800565,11.2040685056152,0.0,0,two_ankles,corrected_motion_outlier,4.693154953378446,11.12509460760229,0.3032401802174279
349,11.633333333333333,detected,1,9,0.5492624044418335,ankle_midpoint,1087.392578125,587.3826293945312,0.9699134826660156,0.9878116250038147,4.768117904663086,2.265003204345703,4.718163662372152,1.9754391499914896,0.0,0,two_ankles,accepted,4.768117904663086,2.265003204345703,0.26438343077013615
349,11.633333333333333,detected,3,1,0.9206201434135437,ankle_midpoint,1145.3056640625,868.9219970703125,0.993252694606781,0.9926335215568542,4.528806686401367,10.95073413848877,4.639029550624647,11.090068040408308,0.0,0,two_ankles,accepted,4.528806686401367,10.95073413848877,0.15138376046052418
350,11.666666666666666,detected,1,9,0.672465443611145,ankle_midpoint,1091.089111328125,587.3546142578125,0.9821531176567078,0.993410050868988,4.802441596984863,2.2629427909851074,4.756088732947872,2.104815788438618,0.0,0,two_ankles,accepted,4.802441596984863,2.2629427909851074,0.03438547888014006
350,11.666666666666666,detected,3,1,0.9192062020301819,ankle_midpoint,1132.0076904296875,864.0545654296875,0.9939256310462952,0.9931749701499939,4.4570136070251465,10.85385799407959,4.557122376004871,10.983773519560385,0.0,0,two_ankles,accepted,4.4570136070251465,10.85385799407959,0.12057874440343358
351,11.7,detected,1,9,0.6358663439750671,ankle_midpoint,1094.408447265625,588.5307006835938,0.9789522886276245,0.9931830763816833,4.8292670249938965,2.318009853363037,4.789018964368584,2.2007531176546067,0.0,0,two_ankles,accepted,4.8292670249938965,2.318009853363037,0.061253448448251646
351,11.7,detected,3,1,0.9159048795700073,ankle_midpoint,1112.86962890625,861.0137939453125,0.9882562756538391,0.9863615036010742,4.3458571434021,10.793960571289062,4.462053021333625,10.89835769283829,0.0,0,two_ankles,accepted,4.3458571434021,10.793960571289062,0.1262674172624471
352,11.733333333333333,detected,1,9,0.725824773311615,ankle_midpoint,1096.1005859375,589.8838500976562,0.9717868566513062,0.9913187623023987,4.8403801918029785,2.381481409072876,4.812131516714062,2.282080848792828,0.0,0,two_ankles,accepted,4.8403801918029785,2.381481409072876,0.0644371077932092
352,11.733333333333333,detected,3,1,0.9081863760948181,ankle_midpoint,1077.1737060546875,851.5775146484375,0.994814932346344,0.9936176538467407,4.141287326812744,10.602457046508789,4.3177084587992285,10.765202401990017,0.0,0,two_ankles,accepted,4.141287326812744,10.602457046508789,0.28021850378351415
353,11.766666666666667,detected,1,9,0.7467082142829895,ankle_midpoint,1094.708251953125,590.4180908203125,0.9827672243118286,0.9961309432983398,4.825781345367432,2.4068548679351807,4.818273939608078,2.3382291574068867,0.0,0,two_ankles,accepted,4.825781345367432,2.4068548679351807,0.029273515878448012
353,11.766666666666667,detected,3,1,0.912999153137207,ankle_midpoint,1057.3695068359375,852.0341796875,0.994804322719574,0.9929982423782349,4.018895626068115,10.614291191101074,4.183242684070228,10.697292357089992,0.0,0,two_ankles,accepted,4.018895626068115,10.614291191101074,0.12296249586517796
354,11.8,detected,1,9,0.7454885840415955,ankle_midpoint,1094.6591796875,590.367431640625,0.9827338457107544,0.9961338043212891,4.825496673583984,2.404486656188965,4.821524169897236,2.368045031858822,0.0,0,two_ankles,accepted,4.825496673583984,2.404486656188965,0.0023852599227768933
354,11.8,detected,3,1,0.9130268096923828,ankle_midpoint,1057.3896484375,852.0729370117188,0.9947762489318848,0.992978036403656,4.018973350524902,10.615099906921387,4.109321483974831,10.66030575451412,0.0,0,two_ankles,accepted,4.018973350524902,10.615099906921387,0.000812442225149931
355,11.833333333333334,detected,1,9,0.5769712328910828,ankle_midpoint,1097.6859130859375,590.11767578125,0.9676730632781982,0.9927674531936646,4.854206562042236,2.392162799835205,4.836231246362486,2.378898027448195,0.0,0,two_ankles,accepted,4.854206562042236,2.392162799835205,0.031243161343138336
355,11.833333333333334,detected,3,1,0.9125182628631592,ankle_midpoint,1036.6876220703125,853.6392822265625,0.9843695163726807,0.9875001311302185,3.890091896057129,10.650191307067871,4.010668169411866,10.655754253163309,0.0,0,two_ankles,accepted,3.890091896057129,10.650191307067871,0.13357333442708333
356,11.866666666666667,detected,1,9,0.7208247184753418,ankle_midpoint,1095.1728515625,589.851318359375,0.9880794882774353,0.9957159161567688,4.831937789916992,2.3801333904266357,4.834299190962014,2.379453940788493,0.0,0,two_ankles,accepted,4.831937789916992,2.3801333904266357,0.025310173896775718
356,11.866666666666667,detected,3,1,0.9141692519187927,ankle_midpoint,1031.6009521484375,856.638427734375,0.9925099611282349,0.9905713796615601,3.855959415435791,10.713068962097168,3.9410492301226325,10.681545872183547,0.0,0,two_ankles,accepted,3.855959415435791,10.713068962097168,0.07154457166933959
357,11.9,detected,1,9,0.7234551310539246,ankle_midpoint,1095.208740234375,589.8678588867188,0.9880933165550232,0.9957286715507507,4.832213401794434,2.38090443611145,4.833360585836603,2.380106663683824,0.0,0,two_ankles,accepted,4.832213401794434,2.38090443611145,0.0008188243737565252
357,11.9,detected,3,1,0.9145564436912537,ankle_midpoint,1031.54931640625,856.638427734375,0.9925081133842468,0.99054354429245,3.8556439876556396,10.713074684143066,3.902616871012486,10.695733837565331,0.0,0,two_ankles,accepted,3.8556439876556396,10.713074684143066,0.0003154796765252606
358,11.933333333333334,detected,1,9,0.8301929235458374,ankle_midpoint,1092.0682373046875,591.53466796875,0.9934589266777039,0.996034562587738,4.797845363616943,2.4596667289733887,4.817378735837757,2.4159086930641283,0.0,0,two_ankles,accepted,4.797845363616943,2.4596667289733887,0.08593404927640261
358,11.933333333333334,detected,3,1,0.8858713507652283,ankle_midpoint,1026.508544921875,855.0302734375,0.9908565282821655,0.9898170232772827,3.8263320922851562,10.680302619934082,3.8682887205851877,10.688789789631269,0.0,0,two_ankles,accepted,3.8263320922851562,10.680302619934082,0.04396811802576909
359,11.966666666666667,detected,1,9,0.8261388540267944,ankle_midpoint,1092.043701171875,591.094970703125,0.9935829043388367,0.9960957169532776,4.799046516418457,2.4391047954559326,4.8091292370990715,2.4263469391404406,0.0,0,two_ankles,accepted,4.799046516418457,2.4391047954559326,0.020596987110469988
359,11.966666666666667,detected,3,1,0.9054262042045593,ankle_midpoint,1026.4188232421875,854.8701782226562,0.9916320443153381,0.9897378087043762,3.825932025909424,10.676985740661621,3.849228207981094,10.683477967594929,0.0,0,two_ankles,accepted,3.825932025909424,10.676985740661621,0.00334091921678341
360,12.0,detected,1,9,0.8590500354766846,ankle_midpoint,1090.6895751953125,590.4259643554688,0.9912904500961304,0.9934523105621338,4.788754940032959,2.4080119132995605,4.799960803419321,2.4180961775120444,0.0,0,two_ankles,accepted,4.788754940032959,2.4080119132995605,0.032751852852756
360,12.0,detected,3,1,0.930482029914856,ankle_midpoint,1029.812255859375,854.7096557617188,0.9858604669570923,0.9799779057502747,3.8468751907348633,10.673262596130371,3.8481693502202905,10.678881050435878,0.0,0,two_ankles,accepted,3.8468751907348633,10.673262596130371,0.021271529284611887
361,12.033333333333333,detected,1,9,0.8726620674133301,ankle_midpoint,1085.19140625,590.87841796875,0.9919909834861755,0.9942864775657654,4.736716270446777,2.4303040504455566,4.771500763581676,2.4235897203321253,0.0,0,two_ankles,accepted,4.736716270446777,2.4303040504455566,0.056612388315948
361,12.033333333333333,detected,3,1,0.9168452024459839,ankle_midpoint,1022.7633666992188,855.4256591796875,0.9884523749351501,0.9832773208618164,3.803035259246826,10.688939094543457,3.827859009282232,10.683407170284289,0.0,0,two_ankles,accepted,3.803035259246826,10.688939094543457,0.04655848145473898
362,12.066666666666666,detected,1,9,0.8937750458717346,ankle_midpoint,1070.993408203125,593.543212890625,0.9870609045028687,0.9887613654136658,4.59847354888916,2.557276964187622,4.693638516970044,2.483748980067099,0.0,0,two_ankles,accepted,4.59847354888916,2.557276964187622,0.1877050102895681
362,12.066666666666666,detected,3,1,0.9010551571846008,ankle_midpoint,1010.3411865234375,840.079345703125,0.9818826913833618,0.9810290932655334,3.7396488189697266,10.365574836730957,3.8067254720205934,10.686885547449391,0.0,0,two_ankles,corrected_motion_outlier,3.7808955931452566,10.691136897317847,0.3295182605587
363,12.1,detected,1,9,0.8945540189743042,ankle_midpoint,1071.001220703125,593.5225219726562,0.9871111512184143,0.9886878132820129,4.59860372543335,2.5563158988952637,4.650872860778532,2.516404093539773,0.0,0,two_ankles,accepted,4.59860372543335,2.5563158988952637,0.0009698414452027932
363,12.1,detected,3,1,0.9009631276130676,ankle_midpoint,1010.4280395507812,840.093017578125,0.98201584815979,0.9812183976173401,3.7401793003082275,10.365859985351562,3.7767796947500285,10.542424044505369,0.0,0,two_ankles,accepted,3.7401793003082275,10.365859985351562,0.1645683614568114
364,12.133333333333333,detected,1,9,0.8837124109268188,ankle_midpoint,1062.8330078125,590.7728271484375,0.9890915155410767,0.9889283180236816,4.531349182128906,2.4297327995300293,4.597087205386201,2.4774020112353883,0.0,0,two_ankles,accepted,4.531349182128906,2.4297327995300293,0.1433403454718805
364,12.133333333333333,detected,3,1,0.913939356803894,ankle_midpoint,1005.04052734375,834.0579223632812,0.9938830137252808,0.9908826947212219,3.711405038833618,10.23523235321045,3.7473610995876436,10.404187783422655,0.0,0,two_ankles,accepted,3.711405038833618,10.23523235321045,0.13375924791281985
365,12.166666666666666,detected,1,9,0.8660845160484314,ankle_midpoint,1052.523193359375,589.2298583984375,0.9838351011276245,0.9828522801399231,4.44047212600708,2.3592493534088135,4.526610419665596,2.4242333152134297,0.0,0,two_ankles,accepted,4.44047212600708,2.3592493534088135,0.1150067628728497
365,12.166666666666666,detected,3,1,0.9152261018753052,ankle_midpoint,998.2470703125,832.3126220703125,0.9950870871543884,0.9924856424331665,3.6699883937835693,10.19769287109375,3.7125433819758102,10.311265072874647,0.0,0,two_ankles,accepted,3.6699883937835693,10.19769287109375,0.05589768514698721
366,12.2,detected,1,9,0.8855477571487427,ankle_midpoint,1045.3675537109375,589.260009765625,0.9824923276901245,0.9837950468063354,4.374382972717285,2.3620762825012207,4.4581080685388565,2.396262650492936,0.0,0,two_ankles,accepted,4.374382972717285,2.3620762825012207,0.06614958586911568
366,12.2,detected,3,1,0.9226888418197632,ankle_midpoint,993.4625244140625,828.165283203125,0.9905303120613098,0.9776751399040222,3.6428215503692627,10.106451988220215,3.681168557752864,10.219099184780154,0.0,0,two_ankles,accepted,3.6428215503692627,10.106451988220215,0.09519945424549249
367,12.233333333333333,detected,1,9,0.8325256705284119,ankle_midpoint,1038.94580078125,590.088623046875,0.9904002547264099,0.9919564723968506,4.3132100105285645,2.402315378189087,4.392903942434225,2.398986377956204,0.0,0,two_ankles,accepted,4.3132100105285645,2.402315378189087,0.07322100876606322
367,12.233333333333333,detected,3,1,0.9070475697517395,ankle_midpoint,988.7028198242188,821.7474365234375,0.9922963976860046,0.9740438461303711,3.6171014308929443,9.962979316711426,3.6523383506659,10.103845244149227,0.0,0,two_ankles,accepted,3.6171014308929443,9.962979316711426,0.14575984363241126
368,12.266666666666667,detected,1,9,0.853624165058136,ankle_midpoint,1027.2138671875,586.8598022460938,0.9808971881866455,0.9860296845436096,4.212066650390625,2.2520558834075928,4.311527161014605,2.332867655409329,0.0,0,two_ankles,accepted,4.212066650390625,2.2520558834075928,0.18112949807246412
368,12.266666666666667,detected,3,1,0.9217405915260315,ankle_midpoint,971.039306640625,814.7191162109375,0.9907503724098206,0.981859028339386,3.5080909729003906,9.804564476013184,3.587427030671421,9.969168898488007,0.0,0,two_ankles,accepted,3.5080909729003906,9.804564476013184,0.19229805434584035
369,12.3,detected,1,9,0.8726087808609009,ankle_midpoint,1021.6639404296875,586.973876953125,0.9621309638023376,0.9725727438926697,4.160406112670898,2.258574962615967,4.243522689259938,2.299435943652316,0.0,0,two_ankles,accepted,4.160406112670898,2.258574962615967,0.05207023671173721
369,12.3,detected,3,1,0.8914496302604675,ankle_midpoint,954.482177734375,810.4063110351562,0.9784688353538513,0.9463130235671997,3.4030799865722656,9.706586837768555,3.5044708608268014,9.851006971164253,0.0,0,two_ankles,accepted,3.4030799865722656,9.706586837768555,0.1436207674593094
370,12.333333333333334,detected,1,9,0.8686178922653198,ankle_midpoint,1022.09765625,586.8475952148438,0.9763038754463196,0.9843685030937195,4.164684295654297,2.2524871826171875,4.2080454121374,2.2783090011865084,0.0,0,two_ankles,accepted,4.164684295654297,2.2524871826171875,0.007440693176914179
370,12.333333333333334,detected,3,1,0.892097532749176,ankle_midpoint,954.4677734375,810.35400390625,0.9785240888595581,0.9465609788894653,3.4030086994171143,9.705368995666504,3.4588128881924423,9.785469882190267,0.0,0,two_ankles,accepted,3.4030086994171143,9.705368995666504,0.0012199267371514736
371,12.366666666666667,detected,1,9,0.8557779788970947,ankle_midpoint,1015.808837890625,585.054931640625,0.9696105718612671,0.9783700108528137,4.10991907119751,2.1682193279266357,4.163888558714449,2.2287686482195657,0.0,0,two_ankles,accepted,4.10991907119751,2.1682193279266357,0.10050025444719142
371,12.366666666666667,detected,3,1,0.8348381519317627,ankle_midpoint,943.5570068359375,811.5908203125,0.9460227489471436,0.889512836933136,3.3317983150482178,9.73550033569336,3.4016563302775413,9.76298358626666,0.0,0,two_ankles,accepted,3.3317983150482178,9.73550033569336,0.07732280707385085
372,12.4,detected,1,9,0.8423890471458435,ankle_midpoint,1009.7908935546875,584.9981079101562,0.9866883158683777,0.9890052676200867,4.054072380065918,2.1666946411132812,4.11447127832261,2.200835345021738,0.0,0,two_ankles,accepted,4.054072380065918,2.1666946411132812,0.05586750021458121
372,12.4,detected,3,1,0.8890057802200317,ankle_midpoint,928.552001953125,802.3657836914062,0.952529788017273,0.910125732421875,3.236438035964966,9.520273208618164,3.3273080978368825,9.653763916324838,0.0,0,two_ankles,accepted,3.236438035964966,9.520273208618164,0.23540666739894597
373,12.433333333333334,detected,1,9,0.8367729783058167,ankle_midpoint,1000.049560546875,582.377685546875,0.9894634485244751,0.991271436214447,3.9679269790649414,2.042564868927002,4.048526343656659,2.1296136307791067,0.0,0,two_ankles,accepted,3.9679269790649414,2.042564868927002,0.15109344941669925
373,12.433333333333334,detected,3,1,0.8791894912719727,ankle_midpoint,919.5289916992188,799.1727294921875,0.954129159450531,0.8782583475112915,3.1776504516601562,9.445000648498535,3.2599621570573563,9.559820445803002,0.0,0,two_ankles,accepted,3.1776504516601562,9.445000648498535,0.09550883925249139
374,12.466666666666667,detected,1,9,0.8664654493331909,ankle_midpoint,984.183837890625,580.220947265625,0.9840369820594788,0.9879750609397888,3.822733163833618,1.9410394430160522,3.946919412736291,2.044755246285732,0.0,0,two_ankles,accepted,3.822733163833618,1.9410394430160522,0.17716843987524236
374,12.466666666666667,detected,3,1,0.8916521072387695,ankle_midpoint,865.7628173828125,789.6593017578125,0.9617082476615906,0.9353961944580078,2.8200738430023193,9.220243453979492,3.1932433566007683,9.467207927854961,0.0,0,two_ankles,corrected_motion_outlier,3.1116981560427157,9.354014850362912,0.4223468095621308
375,12.5,detected,1,9,0.8657964468002319,ankle_midpoint,983.8563232421875,581.2603759765625,0.9887099862098694,0.9908830523490906,3.818187952041626,1.991673231124878,3.8889902554236917,2.0208683394633478,0.0,0,two_ankles,accepted,3.818187952041626,1.991673231124878,0.05083738239212875
375,12.5,detected,3,1,0.8919067978858948,ankle_midpoint,865.832275390625,789.6201782226562,0.9610670208930969,0.9342073202133179,2.8205230236053467,9.219269752502441,3.0255192067528287,9.355635748946327,0.0,0,two_ankles,accepted,2.8205230236053467,9.219269752502441,0.211243010106987
376,12.533333333333333,detected,1,9,0.8796427845954895,ankle_midpoint,973.35595703125,577.0865478515625,0.9850268959999084,0.9864851236343384,3.725013256072998,1.7895082235336304,3.81520060571588,1.9167562872949753,0.0,0,two_ankles,accepted,3.725013256072998,1.7895082235336304,0.2226032665151512
376,12.533333333333333,detected,3,1,0.9009434580802917,ankle_midpoint,850.3489990234375,791.1925048828125,0.9689781069755554,0.8793208003044128,2.718015193939209,9.25991153717041,2.8871424009867,9.312559853647166,0.0,0,two_ankles,accepted,2.718015193939209,9.25991153717041,0.11027062076482312
377,12.566666666666666,detected,1,9,0.8629583120346069,ankle_midpoint,964.8416137695312,574.456787109375,0.9914615154266357,0.9927558302879333,3.6475162506103516,1.6608301401138306,3.7397426459183927,1.8015895210634603,0.0,0,two_ankles,accepted,3.6475162506103516,1.6608301401138306,0.15021263265208562
377,12.566666666666666,detected,3,1,0.8802178502082825,ankle_midpoint,841.45166015625,794.40869140625,0.9897586107254028,0.9768118262290955,2.660665512084961,9.339620590209961,2.785227800980918,9.324737185100425,0.0,0,two_ankles,accepted,2.660665512084961,9.339620590209961,0.09819632959151471
378,12.6,detected,1,9,0.8358743190765381,ankle_midpoint,944.6102294921875,574.235107421875,0.9838167428970337,0.9877220988273621,3.455739736557007,1.6539119482040405,3.61194133670577,1.7351346132767214,0.0,0,two_ankles,accepted,3.455739736557007,1.6539119482040405,0.19190125773885228
378,12.6,detected,3,1,0.8766403198242188,ankle_midpoint,829.7579345703125,798.318359375,0.9529471397399902,0.9052087068557739,2.585841417312622,9.43568229675293,2.6955039283301847,9.374662485344052,0.0,0,two_ankles,accepted,2.585841417312622,9.43568229675293,0.12176410235552756
379,12.633333333333333,detected,1,9,0.8343614339828491,ankle_midpoint,944.624755859375,574.1914672851562,0.9837753176689148,0.9877002239227295,3.455909252166748,1.6517322063446045,3.54172689866321,1.6976035301572687,0.0,0,two_ankles,accepted,3.455909252166748,1.6517322063446045,0.0021863234243184606
379,12.633333333333333,detected,3,1,0.8767017126083374,ankle_midpoint,829.903076171875,798.3842163085938,0.9531372785568237,0.9057519435882568,2.5868430137634277,9.437249183654785,2.6466065167751442,9.402826499583883,0.0,0,two_ankles,accepted,2.5868430137634277,9.437249183654785,0.0018596585744358378
380,12.666666666666666,detected,1,9,0.8590722680091858,ankle_midpoint,926.7794189453125,576.1314086914062,0.9880222082138062,0.9921557903289795,3.285784959793091,1.7517672777175903,3.426553026171657,1.7219772165594134,0.0,0,two_ankles,accepted,3.285784959793091,1.7517672777175903,0.1973557456985633
380,12.666666666666666,detected,3,1,0.86276775598526,ankle_midpoint,873.211181640625,804.9775390625,0.9177471399307251,0.8627455830574036,2.874251365661621,9.589120864868164,2.5954966525104517,9.427536014824492,0.0,0,two_ankles,corrected_motion_outlier,2.5330290406313827,9.457736533451902,0.3250670212362582
381,12.7,detected,1,9,0.8585888743400574,ankle_midpoint,926.7420654296875,576.166259765625,0.9879939556121826,0.992173433303833,3.2854182720184326,1.7534997463226318,3.3630423868027064,1.7361623549528618,0.0,0,two_ankles,accepted,3.2854182720184326,1.7534997463226318,0.0017708493418521632
381,12.7,detected,3,1,0.8629724979400635,ankle_midpoint,873.251953125,804.9885864257812,0.9175251722335815,0.8622176051139832,2.874520778656006,9.589377403259277,2.7210575092759512,9.500364639620145,0.0,0,two_ankles,accepted,2.874520778656006,9.589377403259277,0.16271254685304853
382,12.733333333333333,detected,1,9,0.8309522271156311,ankle_midpoint,915.5079956054688,579.596435546875,0.9864597320556641,0.9925022125244141,3.178602457046509,1.9243957996368408,3.280044418412418,1.8208674050606524,0.0,0,two_ankles,accepted,3.178602457046509,1.9243957996368408,0.2015318321419453
382,12.733333333333333,detected,3,1,0.8522096276283264,ankle_midpoint,818.193359375,795.19970703125,0.9536123871803284,0.7414752244949341,2.5071465969085693,9.361767768859863,2.797030017341143,9.558393030367265,0.0,0,two_ankles,corrected_motion_outlier,2.8898853049763775,9.629316619058189,0.4321688733423932
383,12.766666666666667,detected,1,9,0.7685388922691345,ankle_midpoint,912.6649780273438,580.4449462890625,0.9889869689941406,0.9944989085197449,3.151798725128174,1.966330885887146,3.222333856434508,1.8863259714325746,0.0,0,two_ankles,accepted,3.151798725128174,1.966330885887146,0.04976938319459568
383,12.766666666666667,detected,3,1,0.8826120495796204,ankle_midpoint,815.6004638671875,787.7662353515625,0.9627896547317505,0.8633877635002136,2.4838578701019287,9.179853439331055,2.656102551083497,9.38805021440097,0.0,0,two_ankles,accepted,2.4838578701019287,9.179853439331055,0.2829873606503546
384,12.8,detected,1,9,0.8011759519577026,ankle_midpoint,912.65283203125,580.8389892578125,0.9744012951850891,0.9871348738670349,3.1516354084014893,1.9854955673217773,3.19051955481965,1.930952289582716,0.0,0,two_ankles,accepted,3.1516354084014893,1.9854955673217773,0.019165377294593458
384,12.8,detected,3,1,0.8938077092170715,ankle_midpoint,804.1995849609375,784.4010009765625,0.9634900689125061,0.8625255823135376,2.4044418334960938,9.097578048706055,2.5428552281691656,9.25733773983826,0.0,0,two_ankles,accepted,2.4044418334960938,9.097578048706055,0.11435098063714039
385,12.833333333333334,detected,1,9,0.8010455965995789,ankle_midpoint,912.69775390625,580.8837890625,0.9743956327438354,0.9870424270629883,3.152050495147705,1.9876633882522583,3.173208477967275,1.9564722839840103,0.0,0,two_ankles,accepted,3.152050495147705,1.9876633882522583,0.0022072028890691856
385,12.833333333333334,detected,3,1,0.8940029740333557,ankle_midpoint,804.0439453125,784.43359375,0.9637671709060669,0.862713098526001,2.4034268856048584,9.09841251373291,2.4801124740152276,9.185821388090854,0.0,0,two_ankles,accepted,2.4034268856048584,9.09841251373291,0.0013139448629862615
386,12.866666666666667,detected,1,9,0.8020152449607849,ankle_midpoint,912.6595458984375,580.85888671875,0.9743145704269409,0.9870012998580933,3.151695728302002,1.9864610433578491,3.1635277406179023,1.9699672257022378,0.0,0,two_ankles,accepted,3.151695728302002,1.9864610433578491,0.0012535919431465592
386,12.866666666666667,detected,3,1,0.8936583995819092,ankle_midpoint,804.3023681640625,784.37744140625,0.9635240435600281,0.8629329204559326,2.4051101207733154,9.096975326538086,2.4463614150563675,9.145840660392109,0.0,0,two_ankles,accepted,2.4051101207733154,9.096975326538086,0.002213320506681596
387,12.9,detected,1,9,0.7800213098526001,ankle_midpoint,911.4264526367188,581.0253295898438,0.9795581698417664,0.9886388778686523,3.1401281356811523,1.9947932958602905,3.1529979183963652,1.9811389572733615,0.0,0,two_ankles,accepted,3.1401281356811523,1.9947932958602905,0.014256073470853586
387,12.9,detected,3,1,0.8660956025123596,ankle_midpoint,776.289794921875,782.9600830078125,0.9693372845649719,0.9032302498817444,2.215191602706909,9.06507682800293,2.342334999499111,9.109496935816978,0.0,0,two_ankles,accepted,2.215191602706909,9.06507682800293,0.19257870524369314
388,12.933333333333334,detected,1,9,0.7990599274635315,ankle_midpoint,913.4454345703125,578.0936279296875,0.9881144165992737,0.9931002855300903,3.1594464778900146,1.8512184619903564,3.1558997701685074,1.9226747343960096,0.0,0,two_ankles,accepted,3.1594464778900146,1.8512184619903564,0.14486866902984194
388,12.933333333333334,detected,3,1,0.8780998587608337,ankle_midpoint,774.900634765625,777.49853515625,0.9843875169754028,0.9229374527931213,2.199103832244873,8.927175521850586,2.277880974234704,9.027452299532102,0.0,0,two_ankles,accepted,2.199103832244873,8.927175521850586,0.13883654633042988
389,12.966666666666667,detected,1,9,0.7958346605300903,ankle_midpoint,913.4539794921875,578.0953369140625,0.9881770014762878,0.9931440353393555,3.1595265865325928,1.8513007164001465,3.1575318375323462,1.8905564262978714,0.0,0,two_ankles,accepted,3.1595265865325928,1.8513007164001465,0.00011481804102847886
389,12.966666666666667,detected,3,1,0.8772357702255249,ankle_midpoint,775.0189819335938,777.4325561523438,0.9844639897346497,0.9231504201889038,2.199824810028076,8.9254789352417,2.242755700341722,8.981564285601422,0.0,0,two_ankles,accepted,2.199824810028076,8.9254789352417,0.0018434248249728623
390,13.0,detected,1,9,0.7751045227050781,ankle_midpoint,919.87841796875,576.2508544921875,0.9819759130477905,0.9847670197486877,3.2205100059509277,1.7590808868408203,3.185872013320708,1.8313924335421985,0.0,0,two_ankles,accepted,3.2205100059509277,1.7590808868408203,0.11055982275629661
390,13.0,detected,3,1,0.8917014002799988,ankle_midpoint,759.671142578125,782.2058715820312,0.981981098651886,0.974348783493042,2.102296829223633,9.048274040222168,2.1795492083385817,9.01158367518076,0.0,0,two_ankles,accepted,2.102296829223633,9.048274040222168,0.15681308888914922
391,13.033333333333333,detected,1,9,0.7716306447982788,ankle_midpoint,919.8836059570312,576.3071899414062,0.9817874431610107,0.9846982359886169,3.2205443382263184,1.7618664503097534,3.201474559528233,1.8001057410875982,0.0,0,two_ankles,accepted,3.2205443382263184,1.7618664503097534,0.0027857750348131366
391,13.033333333333333,detected,3,1,0.8915902376174927,ankle_midpoint,760.0025634765625,782.2864990234375,0.9817708134651184,0.9741197824478149,2.104640007019043,9.050257682800293,2.145840067744789,9.02898697860955,0.0,0,two_ankles,accepted,2.104640007019043,9.050257682800293,0.0030700684126992346
392,13.066666666666666,detected,1,9,0.798256516456604,ankle_midpoint,922.7363891601562,573.7080078125,0.9917474985122681,0.9920631051063538,3.2483251094818115,1.6320728063583374,3.222557307007343,1.724490920459431,0.0,0,two_ankles,accepted,3.2483251094818115,1.6320728063583374,0.13273342179623407
392,13.066666666666666,detected,3,1,0.8667745590209961,ankle_midpoint,756.0861206054688,785.3546142578125,0.955001950263977,0.9619806408882141,2.0825395584106445,9.127544403076172,2.1173548385444243,9.07333781961953,0.0,0,two_ankles,accepted,2.0825395584106445,9.127544403076172,0.08038449452285193
393,13.1,detected,1,9,0.775335967540741,ankle_midpoint,931.7030639648438,570.9815673828125,0.9633797407150269,0.9637062549591064,3.334829330444336,1.4932608604431152,3.2730797175539905,1.620437393452089,0.0,0,two_ankles,accepted,3.334829330444336,1.4932608604431152,0.16355958111068827
393,13.1,detected,3,1,0.9120637774467468,ankle_midpoint,761.1851806640625,783.0320434570312,0.949192225933075,0.9549701809883118,2.113616704940796,9.068824768066406,2.1156726784227917,9.071306946420625,0.0,0,two_ankles,accepted,2.113616704940796,9.068824768066406,0.06643631967633812
394,13.133333333333333,detected,1,9,0.7771198749542236,ankle_midpoint,931.6519775390625,571.0013427734375,0.9639214277267456,0.9643102288246155,3.334331750869751,1.4942702054977417,3.300643132546083,1.5636621588726327,0.0,0,two_ankles,accepted,3.334331750869751,1.4942702054977417,0.0011253278954789364
394,13.133333333333333,detected,3,1,0.9122647047042847,ankle_midpoint,761.3137817382812,783.1474609375,0.9492138624191284,0.9547240138053894,2.114638328552246,9.071702003479004,2.1152072209810466,9.071484722096896,0.0,0,two_ankles,accepted,2.114638328552246,9.071702003479004,0.0030532275419592535
395,13.166666666666666,detected,1,9,0.8183870315551758,ankle_midpoint,937.2239990234375,566.4229736328125,0.9845222234725952,0.9828216433525085,3.390286922454834,1.2597652673721313,3.3409828380050213,1.4269085576974072,0.0,0,two_ankles,accepted,3.390286922454834,1.2597652673721313,0.24108825610637366
395,13.166666666666666,detected,3,1,0.908796489238739,ankle_midpoint,762.6495361328125,784.5841064453125,0.9690330624580383,0.9729203581809998,2.1255452632904053,9.107481956481934,2.119859340020258,9.087683477570163,0.0,0,two_ankles,accepted,2.1255452632904053,9.107481956481934,0.03740543091951115
396,13.2,detected,1,9,0.8105019330978394,ankle_midpoint,943.0595703125,564.154052734375,0.9852463603019714,0.9820126295089722,3.448160171508789,1.1413116455078125,3.389212638081717,1.2983899472120897,0.0,0,two_ankles,accepted,3.448160171508789,1.1413116455078125,0.13183540301768773
396,13.2,detected,3,1,0.9182133674621582,ankle_midpoint,768.6068115234375,786.6771240234375,0.9723473787307739,0.9730245471000671,2.1682193279266357,9.158842086791992,2.141621334578128,9.119704851719987,0.0,0,two_ankles,accepted,2.1682193279266357,9.158842086791992,0.06677528568297836
397,13.233333333333333,detected,1,9,0.8041121959686279,ankle_midpoint,944.30126953125,560.608154296875,0.9823684096336365,0.9769536852836609,3.4628469944000244,0.9556881189346313,3.4223480984249557,1.1441741244872334,0.0,0,two_ankles,accepted,3.4628469944000244,0.9556881189346313,0.18620364224177519
397,13.233333333333333,detected,3,1,0.9151332378387451,ankle_midpoint,778.25390625,787.8933715820312,0.9903635382652283,0.9903454184532166,2.2342569828033447,9.187763214111328,2.183307376279476,9.150331114796092,0.0,0,two_ankles,accepted,2.2342569828033447,9.187763214111328,0.0720930195444508
398,13.266666666666667,detected,1,9,0.8069789409637451,ankle_midpoint,944.2576904296875,560.7503662109375,0.9821464419364929,0.9772911667823792,3.4623146057128906,0.9631824493408203,3.4403330267045265,1.0627278706713477,0.0,0,two_ankles,accepted,3.4623146057128906,0.9631824493408203,0.00751321675125352
398,13.266666666666667,detected,3,1,0.9147008657455444,ankle_midpoint,778.3323974609375,787.8668212890625,0.9903813004493713,0.9904031753540039,2.234750509262085,9.187095642089844,2.2064567861216506,9.166875152078282,0.0,0,two_ankles,accepted,2.234750509262085,9.187095642089844,0.0008301932120569351
399,13.3,detected,1,9,0.7333373427391052,ankle_midpoint,943.8990478515625,557.913330078125,0.9789305925369263,0.959823727607727,3.460954427719116,0.8131229877471924,3.449612657161092,0.9504056733554779,0.0,0,two_ankles,accepted,3.460954427719116,0.8131229877471924,0.15006562597058742
399,13.3,detected,3,1,0.9226361513137817,ankle_midpoint,781.2984008789062,789.4981689453125,0.9607833623886108,0.9603855013847351,2.2564504146575928,9.227007865905762,2.2289539189628247,9.193934873300648,0.0,0,two_ankles,accepted,2.2564504146575928,9.227007865905762,0.04542985256531126
400,13.333333333333334,detected,1,9,0.7792379260063171,ankle_midpoint,943.833984375,553.1055908203125,0.9899294972419739,0.9801294207572937,3.46398663520813,0.554738461971283,3.4560809472822593,0.7723554282325902,0.0,0,two_ankles,accepted,3.46398663520813,0.554738461971283,0.2584023170226963
400,13.333333333333334,detected,3,1,0.9213730692863464,ankle_midpoint,789.246826171875,791.1384887695312,0.9508525729179382,0.9525958895683289,2.3112268447875977,9.266329765319824,2.2659767355839726,9.226512574709279,0.0,0,two_ankles,accepted,2.3112268447875977,9.266329765319824,0.06742899280959902
401,13.366666666666667,detected,1,9,0.6093970537185669,ankle_midpoint,944.1278076171875,548.0877685546875,0.9779800176620483,0.9515349864959717,3.4708337783813477,0.27951428294181824,3.4627197212768492,0.5505769128517428,0.0,0,two_ankles,accepted,3.4708337783813477,0.27951428294181824,0.27530933891184545
401,13.366666666666667,detected,3,1,0.9220498204231262,ankle_midpoint,807.69677734375,804.9422607421875,0.9880190491676331,0.9894266128540039,2.4461872577667236,9.596389770507812,2.3012647408163556,9.258077876438891,0.0,0,two_ankles,corrected_motion_outlier,2.3443945249892675,9.296657689663972,0.35658648333355414
402,13.4,detected,1,9,0.42817422747612,ankle_midpoint,940.2344970703125,546.36328125,0.9779516458511353,0.9571321606636047,3.4331231117248535,0.18448907136917114,3.4494012469784514,0.3858373841845856,0.0,0,two_ankles,accepted,3.4331231117248535,0.18448907136917114,0.10223446196906188
402,13.4,detected,3,1,0.9184013605117798,ankle_midpoint,814.888671875,805.68896484375,0.993165910243988,0.9939245581626892,2.4937684535980225,9.613129615783691,2.3878914115681056,9.417851159144053,0.0,0,two_ankles,accepted,2.4937684535980225,9.613129615783691,0.19595380528893716
403,13.433333333333334,detected,1,9,0.43006834387779236,ankle_midpoint,940.2240600585938,546.406005859375,0.9779278039932251,0.9571133255958557,3.432987689971924,0.1868751496076584,3.442015146325514,0.29630437862496833,0.0,0,two_ankles,accepted,3.432987689971924,0.1868751496076584,0.0023899180762839835
403,13.433333333333334,detected,3,1,0.9183697700500488,ankle_midpoint,814.91064453125,805.6441650390625,0.9931235909461975,0.9938836097717285,2.4938759803771973,9.612070083618164,2.435584467532197,9.505249675157405,0.0,0,two_ankles,accepted,2.4938759803771973,9.612070083618164,0.0010649743743521578
404,13.466666666666667,detected,1,9,0.4538484513759613,ankle_midpoint,936.5558471679688,545.6805419921875,0.9765843749046326,0.9497974514961243,3.396634340286255,0.14715401828289032,3.4215937836078476,0.22918671647103322,0.0,0,two_ankles,accepted,3.396634340286255,0.14715401828289032,0.053845466913083756
404,13.466666666666667,detected,3,1,0.9205554127693176,ankle_midpoint,820.5283203125,808.8753051757812,0.9786115288734436,0.9810583591461182,2.5329527854919434,9.68726921081543,2.4794002106140827,9.587158466203517,0.0,0,two_ankles,accepted,2.5329527854919434,9.68726921081543,0.08474612338748234
405,13.5,detected,1,9,0.5444883704185486,ankle_midpoint,928.5045776367188,546.3418579101562,0.9866015315055847,0.9715275764465332,3.3153889179229736,0.18588685989379883,3.373801594049654,0.20970178101127773,0.0,0,two_ankles,accepted,3.3153889179229736,0.18588685989379883,0.0900058424450529
405,13.5,detected,3,1,0.9214709401130676,ankle_midpoint,835.5364990234375,817.295654296875,0.991419792175293,0.992082953453064,2.6355855464935303,9.880170822143555,2.5496836117598343,9.719014026376534,0.0,0,two_ankles,accepted,2.6355855464935303,9.880170822143555,0.21850518365429197
406,13.533333333333333,detected,1,9,0.5492724180221558,ankle_midpoint,928.5147705078125,546.3672485351562,0.9864565134048462,0.9714924693107605,3.315479040145874,0.18730123341083527,3.3475564447929536,0.19962153459107862,0.0,0,two_ankles,accepted,3.315479040145874,0.18730123341083527,0.001417241849775306
406,13.533333333333333,detected,3,1,0.921446681022644,ankle_midpoint,835.54248046875,817.3336181640625,0.9914038181304932,0.9920793175697327,2.6356468200683594,9.881038665771484,2.5883670554986704,9.791925114104263,0.0,0,two_ankles,accepted,2.6356468200683594,9.881038665771484,0.0008700040307438232
407,13.566666666666666,detected,1,9,0.29200267791748047,ankle_midpoint,925.6718139648438,546.7501220703125,0.9644762277603149,0.9212645888328552,3.2867844104766846,0.20927265286445618,3.320209029350633,0.2039645378140985,0.0,0,two_ankles,accepted,3.2867844104766846,0.20927265286445618,0.036140352027323686
407,13.566666666666666,detected,3,1,0.9192341566085815,ankle_midpoint,840.4238891601562,821.9620971679688,0.9833409190177917,0.9845196008682251,2.66957688331604,9.985647201538086,2.624911478016487,9.879100053449484,0.0,0,two_ankles,accepted,2.66957688331604,9.985647201538086,0.10997361023092753
408,13.6,detected,1,9,0.30594655871391296,ankle_midpoint,921.722900390625,547.9700317382812,0.9890283346176147,0.9775986671447754,3.2467756271362305,0.27791938185691833,3.287163998354152,0.23724421763336745,0.0,0,two_ankles,accepted,3.2467756271362305,0.27791938185691833,0.07945486860946875
408,13.6,detected,3,1,0.9251613020896912,ankle_midpoint,842.3058471679688,826.26416015625,0.980068564414978,0.9792259931564331,2.683881998062134,10.082058906555176,2.651448212037028,9.970431537347046,0.0,0,two_ankles,accepted,2.683881998062134,10.082058906555176,0.09746719023446432
409,13.633333333333333,detected,3,1,0.9172945022583008,ankle_midpoint,841.63525390625,827.090576171875,0.9687729477882385,0.9618308544158936,2.680063486099243,10.100578308105469,2.664325085365025,10.028997584188335,0.0,0,two_ankles,accepted,2.680063486099243,10.100578308105469,0.018908973197710458
409,13.633333333333333,predicted,1,,,motion_prediction,,,,,,,3.2156133185278453,0.29607730301519836,,1,,motion_prediction,3.2156133185278453,0.29607730301519836,
410,13.666666666666666,detected,1,29,0.30398619174957275,ankle_midpoint,914.650390625,545.4447021484375,0.9341580867767334,0.8670876026153564,3.1764934062957764,0.13880644738674164,3.237362231927883,0.19294722102238585,0.1756091659917625,0,two_ankles,accepted,3.1764934062957764,0.13880644738674164,0.07792945383994751
410,13.666666666666666,detected,3,1,0.9171313643455505,ankle_midpoint,841.63671875,827.150146484375,0.9685604572296143,0.9614612460136414,2.6801044940948486,10.101905822753906,2.6714258192934457,10.061806291542844,0.0,0,two_ankles,accepted,2.6801044940948486,10.101905822753906,0.0013281478823985368
411,13.7,detected,3,1,0.9208263158798218,ankle_midpoint,843.7532958984375,832.486083984375,0.9828975796699524,0.9814682602882385,2.6962597370147705,10.219738960266113,2.682601082268042,10.132875992468316,0.0,0,two_ankles,accepted,2.6962597370147705,10.219738960266113,0.11893544538854839
411,13.7,predicted,1,,,motion_prediction,,,,,,,3.143938517053247,0.12626433260734274,,1,,motion_prediction,3.143938517053247,0.12626433260734274,
412,13.733333333333333,detected,3,1,0.9128122925758362,ankle_midpoint,847.674072265625,834.6257934570312,0.9852338433265686,0.9811831712722778,2.7219748497009277,10.2661714553833,2.7003192776128406,10.19285895078006,0.0,0,two_ankles,accepted,2.7219748497009277,10.2661714553833,0.05307771305613501
412,13.733333333333333,predicted,1,,,motion_prediction,,,,,,,3.1113836278107168,0.11372221782794387,,2,,motion_prediction,3.1113836278107168,0.11372221782794387,
413,13.766666666666667,detected,3,1,0.9129161238670349,ankle_midpoint,856.0250244140625,841.3238525390625,0.9858023524284363,0.9821533560752869,2.7771291732788086,10.410330772399902,2.734883730662526,10.290721270508989,0.0,0,two_ankles,accepted,2.7771291732788086,10.410330772399902,0.15434995332693371
413,13.766666666666667,predicted,1,,,motion_prediction,,,,,,,3.0788287385681867,0.10118010304854497,,3,,motion_prediction,3.0788287385681867,0.10118010304854497,
414,13.8,detected,3,1,0.912983775138855,ankle_midpoint,856.0107421875,841.3177490234375,0.9857872724533081,0.9821479320526123,2.7770378589630127,10.410202026367188,2.7538530883977455,10.34448761064518,0.0,0,two_ankles,accepted,2.7770378589630127,10.410202026367188,0.0001578412025077251
414,13.8,predicted,1,,,motion_prediction,,,,,,,3.046273849325657,0.08863798826914608,,4,,motion_prediction,3.046273849325657,0.08863798826914608,
415,13.833333333333334,detected,1,29,0.3837892413139343,ankle_midpoint,905.31884765625,541.2796630859375,0.9684120416641235,0.9272704720497131,3.082625150680542,-0.09435565024614334,3.16773054536658,0.06366092895154771,0.0,0,two_ankles,accepted,3.082625150680542,-0.09435565024614334,0.05026959844073313
415,13.833333333333334,detected,3,1,0.9097391963005066,ankle_midpoint,860.7340087890625,842.1815185546875,0.9879341125488281,0.9845024943351746,2.8067684173583984,10.428189277648926,2.7776649864300396,10.382153360796867,0.0,0,two_ankles,accepted,2.8067684173583984,10.428189277648926,0.034748342567291424
416,13.866666666666667,detected,1,29,0.4541842043399811,ankle_midpoint,905.5222778320312,540.8782958984375,0.9732200503349304,0.9467473030090332,3.0846869945526123,-0.11728635430335999,3.1303609475002947,-0.017765348513160757,0.0,0,two_ankles,accepted,3.0846869945526123,-0.11728635430335999,0.023023214126451714
416,13.866666666666667,detected,3,1,0.9095398783683777,ankle_midpoint,864.5892944335938,843.215576171875,0.9850067496299744,0.9810377955436707,2.831094980239868,10.44987964630127,2.801708483644463,10.412630189273848,0.0,0,two_ankles,accepted,2.831094980239868,10.44987964630127,0.03259223456439704
417,13.9,detected,1,29,0.33029821515083313,ankle_midpoint,907.6175537109375,528.2779541015625,0.9885424375534058,0.9855090975761414,3.1064796447753906,-0.8563198447227478,3.102020958232731,-0.07331995052922857,0.06616778222807085,0,two_ankles,corrected_motion_outlier,3.067383193572375,-0.1412200196599781,0.7393547318880132
417,13.9,detected,3,1,0.9135481119155884,ankle_midpoint,871.96240234375,847.3258666992188,0.9904189705848694,0.9898598790168762,2.878009796142578,10.53644847869873,2.836044074268615,10.468348419515046,0.0,0,two_ankles,accepted,2.878009796142578,10.53644847869873,0.09846401725424801
418,13.933333333333334,detected,1,29,0.35410013794898987,ankle_midpoint,907.6439208984375,528.0181884765625,0.9889510273933411,0.9862872958183289,3.1067657470703125,-0.8719736337661743,3.078647253694464,-0.11464513104854403,0.05908940390784401,0,two_ankles,corrected_motion_outlier,3.0500793925921377,-0.16515368501659622,0.3775050864212699
418,13.933333333333334,detected,3,1,0.9137817621231079,ankle_midpoint,872.0126953125,847.2445678710938,0.9904471635818481,0.9898702502250671,2.8782992362976074,10.534722328186035,2.855058897181662,10.498216678416991,0.0,0,two_ankles,accepted,2.8782992362976074,10.534722328186035,0.0017502488953922164
419,13.966666666666667,detected,3,1,0.915242075920105,ankle_midpoint,875.0975341796875,850.4987182617188,0.9911504983901978,0.991252601146698,2.8981523513793945,10.602949142456055,2.874450951570642,10.54534628723457,0.0,0,two_ankles,accepted,2.8981523513793945,10.602949142456055,0.07105662786740181
419,13.966666666666667,predicted,1,,,motion_prediction,,,,,,,3.0327755916119,-0.18908735037321436,,1,,motion_prediction,3.0327755916119,-0.18908735037321436,
420,14.0,detected,3,1,0.9191223382949829,ankle_midpoint,883.265869140625,857.85400390625,0.9847627282142639,0.9869188666343689,2.949721336364746,10.754969596862793,2.908322624727989,10.63967677656727,0.0,0,two_ankles,accepted,2.949721336364746,10.754969596862793,0.16052905895958716
420,14.0,predicted,1,,,motion_prediction,,,,,,,3.0154717906316626,-0.21302101572983248,,2,,motion_prediction,3.0154717906316626,-0.21302101572983248,
421,14.033333333333333,detected,3,1,0.9190828800201416,ankle_midpoint,883.295654296875,857.7584228515625,0.9847670197486877,0.9868960976600647,2.9498865604400635,10.752996444702148,2.9270263957984226,10.690670627227966,0.0,0,two_ankles,accepted,2.9498865604400635,10.752996444702148,0.001980057687068906
421,14.033333333333333,predicted,1,,,motion_prediction,,,,,,,2.9981679896514253,-0.2369546810864506,,3,,motion_prediction,2.9981679896514253,-0.2369546810864506,
422,14.066666666666666,detected,3,1,0.9190704822540283,ankle_midpoint,883.3031005859375,857.84033203125,0.9848546981811523,0.9870020151138306,2.9499459266662598,10.754683494567871,2.9373401846889493,10.719476417530924,0.0,0,two_ankles,accepted,2.9499459266662598,10.754683494567871,0.0016880940726889664
422,14.066666666666666,predicted,1,,,motion_prediction,,,,,,,2.980864188671188,-0.26088834644306874,,4,,motion_prediction,2.980864188671188,-0.26088834644306874,
423,14.1,detected,3,1,0.9127434492111206,ankle_midpoint,887.447265625,857.995849609375,0.9844678044319153,0.9880394339561462,2.9752464294433594,10.757418632507324,2.954397994828434,10.736550414270305,0.0,0,two_ankles,accepted,2.9752464294433594,10.757418632507324,0.025447915834540574
423,14.1,predicted,1,,,motion_prediction,,,,,,,2.9635603876909506,-0.28482201179968686,,5,,motion_prediction,2.9635603876909506,-0.28482201179968686,
424,14.133333333333333,detected,3,1,0.912634015083313,ankle_midpoint,887.4317626953125,858.024658203125,0.9845823049545288,0.9880799651145935,2.975155830383301,10.758013725280762,2.9637390208281245,10.74620890422501,0.0,0,two_ankles,accepted,2.975155830383301,10.758013725280762,0.0006019498307010613
424,14.133333333333333,predicted,1,,,motion_prediction,,,,,,,2.9462565867107133,-0.308755677156305,,6,,motion_prediction,2.9462565867107133,-0.308755677156305,
425,14.166666666666666,detected,3,1,0.9162344336509705,ankle_midpoint,888.3935546875,856.3421630859375,0.9671435952186584,0.9683569669723511,2.980797052383423,10.723180770874023,2.9714151350280087,10.735846244217067,0.0,0,two_ankles,accepted,2.980797052383423,10.723180770874023,0.03528679779119337
425,14.166666666666666,predicted,1,,,motion_prediction,,,,,,,2.9289527857304756,-0.3326893425129231,,7,,motion_prediction,2.9289527857304756,-0.3326893425129231,
426,14.2,detected,3,1,0.9135002493858337,ankle_midpoint,889.1292724609375,853.1007080078125,0.9722285866737366,0.9722400903701782,2.984877109527588,10.655780792236328,2.9774730235528195,10.699816790825736,0.0,0,two_ankles,accepted,2.984877109527588,10.655780792236328,0.06752335882242112
426,14.2,predicted,1,,,motion_prediction,,,,,,,2.9116489847502383,-0.3566230078695412,,8,,motion_prediction,2.9116489847502383,-0.3566230078695412,
427,14.233333333333333,detected,3,1,0.912754476070404,ankle_midpoint,889.6162109375,844.6842651367188,0.9855797290802002,0.9845237731933594,2.9868004322052,10.478327751159668,2.981670357446391,10.600146722976007,0.0,0,two_ankles,accepted,2.9868004322052,10.478327751159668,0.177463463725571
427,14.233333333333333,predicted,1,,,motion_prediction,,,,,,,2.894345183770001,-0.3805566732261593,,9,,motion_prediction,2.894345183770001,-0.3805566732261593,
428,14.266666666666667,detected,3,1,0.9129273295402527,ankle_midpoint,889.7041015625,844.4814453125,0.9857348203659058,0.9846763014793396,2.9873197078704834,10.47399616241455,2.984212565137233,10.543378970723353,0.0,0,two_ankles,accepted,2.9873197078704834,10.47399616241455,0.00436260338254364
428,14.266666666666667,predicted,1,,,motion_prediction,,,,,,,2.8770413827897636,-0.4044903385827775,,10,,motion_prediction,2.8770413827897636,-0.4044903385827775,
429,14.3,detected,3,1,0.9181314706802368,ankle_midpoint,891.06103515625,840.3941650390625,0.9871345162391663,0.9874375462532043,2.995260000228882,10.38625717163086,2.989183910928475,10.472674161131732,0.0,0,two_ankles,accepted,2.995260000228882,10.38625717163086,0.08809755244317248
429,14.3,predicted,1,,,motion_prediction,,,,,,,2.8597375818095263,-0.4284240039393956,,11,,motion_prediction,2.8597375818095263,-0.4284240039393956,
430,14.333333333333334,detected,3,1,0.9311840534210205,ankle_midpoint,884.3687744140625,843.6497802734375,0.9786715507507324,0.9690954089164734,2.9540772438049316,10.456867218017578,2.9733859107228806,10.465561036730364,0.0,0,two_ankles,accepted,2.9540772438049316,10.456867218017578,0.08174226616267122
430,14.333333333333334,predicted,1,,,motion_prediction,,,,,,,2.842433780829289,-0.45235766929601373,,12,,motion_prediction,2.842433780829289,-0.45235766929601373,
431,14.366666666666667,detected,3,1,0.9310643076896667,ankle_midpoint,884.3568725585938,843.5966796875,0.9785246253013611,0.9688698649406433,2.9539942741394043,10.455734252929688,2.964659674260316,10.46113898402006,0.0,0,two_ankles,accepted,2.9539942741394043,10.455734252929688,0.0011359990562393662
432,14.4,detected,3,1,0.925326943397522,ankle_midpoint,880.7073974609375,844.7113037109375,0.9763016104698181,0.9649010896682739,2.931548595428467,10.479933738708496,2.949759688785984,10.469596623629858,0.0,0,two_ankles,accepted,2.931548595428467,10.479933738708496,0.033006417629809395
433,14.433333333333334,detected,3,1,0.924231231212616,ankle_midpoint,882.7672119140625,858.0481567382812,0.9882708191871643,0.9877519607543945,2.946713924407959,10.759024620056152,2.948389094815873,10.599839222021691,0.0,0,two_ankles,accepted,2.946713924407959,10.759024620056152,0.27950260688313405
434,14.466666666666667,detected,3,1,0.9242117404937744,ankle_midpoint,882.7859497070312,858.0494995117188,0.9882147312164307,0.9876984357833862,2.9468283653259277,10.759050369262695,2.947686766545398,10.671484238280144,0.0,0,two_ankles,accepted,2.9468283653259277,10.759050369262695,0.00011730194091796875
435,14.5,detected,3,1,0.9255980253219604,ankle_midpoint,883.3411865234375,864.8287353515625,0.9809665679931641,0.9705253839492798,2.951368808746338,10.897408485412598,2.949343685535821,10.773150149489748,0.0,0,two_ankles,accepted,2.951368808746338,10.897408485412598,0.1384325970680454
436,14.533333333333333,detected,1,29,0.692351222038269,ankle_midpoint,882.3818969726562,527.1966552734375,0.9799501895904541,0.9864208698272705,2.8428080081939697,-0.9156655073165894,2.8428080081939697,-0.9156655073165894,0.0,0,two_ankles,accepted,2.8428080081939697,-0.9156655073165894,0.04171075149191171
436,14.533333333333333,detected,3,1,0.9294843077659607,ankle_midpoint,883.6937255859375,868.545654296875,0.9817001223564148,0.9663344025611877,2.954115390777588,10.972272872924805,2.9514909528946163,10.862755375035524,0.0,0,two_ankles,accepted,2.954115390777588,10.972272872924805,0.07491475308931002
437,14.566666666666666,detected,1,29,0.7877250909805298,ankle_midpoint,883.66455078125,536.5543212890625,0.9815204739570618,0.9835206866264343,2.8607704639434814,-0.3613208532333374,2.835841849389676,-0.9289533402633794,0.0,0,two_ankles,corrected_motion_outlier,2.827327655295539,-0.9451940249761226,0.5546355968807208
437,14.566666666666666,detected,3,1,0.9203143119812012,ankle_midpoint,883.427490234375,866.57177734375,0.9888430833816528,0.9730279445648193,2.952183246612549,10.932611465454102,2.9518024850676863,10.894190615723884,0.0,0,two_ankles,accepted,2.952183246612549,10.932611465454102,0.03970844272483674
438,14.6,detected,1,29,0.7426760792732239,ankle_midpoint,883.2139892578125,536.9058227539062,0.977903425693512,0.9786914587020874,2.8563265800476074,-0.34081172943115234,2.8450599781857457,-0.6642896153888773,0.0,0,two_ankles,accepted,2.8563265800476074,-0.34081172943115234,0.28750635546632763
438,14.6,detected,3,1,0.915758490562439,ankle_midpoint,879.1685180664062,865.5927734375,0.9863753914833069,0.9435524940490723,2.9262917041778564,10.913328170776367,2.9403226336672628,10.902802515497502,0.0,0,two_ankles,accepted,2.9262917041778564,10.913328170776367,0.032283392375582455
439,14.633333333333333,detected,1,29,0.7426726818084717,ankle_midpoint,883.1997680664062,536.850830078125,0.9779118299484253,0.9786943793296814,2.856154441833496,-0.34399911761283875,2.8500524868272334,-0.52015889138966,0.0,0,two_ankles,accepted,2.856154441833496,-0.34399911761283875,0.003192033048937868
439,14.633333333333333,detected,3,1,0.9156328439712524,ankle_midpoint,879.1464233398438,865.5933227539062,0.9864802956581116,0.944023847579956,2.9261584281921387,10.913341522216797,2.9339487412034573,10.907545068521186,0.0,0,two_ankles,accepted,2.9261584281921387,10.913341522216797,0.00013394308242903642
440,14.666666666666666,detected,1,29,0.6530815362930298,ankle_midpoint,882.636962890625,536.53759765625,0.9768988490104675,0.9792280197143555,2.8502368927001953,-0.36205875873565674,2.8501354694700662,-0.4490138316953586,0.0,0,two_ankles,accepted,2.8502368927001953,-0.36205875873565674,0.019004421202183652
440,14.666666666666666,detected,3,1,0.9118203520774841,ankle_midpoint,877.2020263671875,866.0447387695312,0.9855484366416931,0.9404538869857788,2.9145097732543945,10.922675132751465,2.9252012056263794,10.914353597424812,0.0,0,two_ankles,accepted,2.9145097732543945,10.922675132751465,0.01492673599523673
441,14.7,detected,1,29,0.6636976003646851,ankle_midpoint,882.529296875,537.209716796875,0.9704235196113586,0.9735185503959656,2.849471092224121,-0.32303792238235474,2.849836499709391,-0.39232467250450687,0.0,0,two_ankles,accepted,2.849471092224121,-0.32303792238235474,0.03902835020956344
441,14.7,detected,3,1,0.9024919867515564,ankle_midpoint,867.451171875,860.5509643554688,0.9871256947517395,0.9637562036514282,2.8540501594543457,10.812127113342285,2.8931832348489643,10.868351679587676,0.0,0,two_ankles,accepted,2.8540501594543457,10.812127113342285,0.1260009106956907
442,14.733333333333333,detected,1,29,0.6650555729866028,ankle_midpoint,882.5195922851562,537.1890258789062,0.9705252647399902,0.9735673666000366,2.8493614196777344,-0.32423457503318787,2.8496227136951457,-0.36168412864241334,0.0,0,two_ankles,accepted,2.8493614196777344,-0.32423457503318787,0.0012016678551816653
442,14.733333333333333,detected,3,1,0.9023460745811462,ankle_midpoint,867.4454345703125,860.5534057617188,0.9872252345085144,0.9637783169746399,2.854016065597534,10.812177658081055,2.875558008685821,10.843073369909696,0.0,0,two_ankles,accepted,2.854016065597534,10.812177658081055,6.096853032150946e-05
443,14.766666666666667,detected,1,29,0.7233526110649109,ankle_midpoint,884.323486328125,536.9139404296875,0.9817150831222534,0.9819580316543579,2.8676862716674805,-0.3405928909778595,2.8577513147826967,-0.3521930716933641,0.0,0,two_ankles,accepted,2.8676862716674805,-0.3405928909778595,0.024564093734387994
443,14.766666666666667,detected,3,1,0.8931595683097839,ankle_midpoint,857.8685302734375,857.92529296875,0.9752070307731628,0.9336956143379211,2.7948405742645264,10.759310722351074,2.8392351631962383,10.805380178508317,0.0,0,two_ankles,accepted,2.7948405742645264,10.759310722351074,0.07935144401950583
444,14.8,detected,1,29,0.7219670414924622,ankle_midpoint,885.6695556640625,538.7342529296875,0.9771119952201843,0.9786691665649414,2.882249355316162,-0.23570291697978973,2.868775433022756,-0.2997725020722557,0.0,0,two_ankles,accepted,2.882249355316162,-0.23570291697978973,0.10589612859153186
444,14.8,detected,3,1,0.9164187908172607,ankle_midpoint,846.6329345703125,857.8922729492188,0.985639214515686,0.9474057555198669,2.7263071537017822,10.75990104675293,2.788417558923733,10.784914569218394,0.0,0,two_ankles,accepted,2.7263071537017822,10.75990104675293,0.06853596294595551
445,14.833333333333334,detected,1,29,0.6783872246742249,ankle_midpoint,890.087158203125,542.481201171875,0.9794015884399414,0.9811117053031921,2.9285383224487305,-0.02267136052250862,2.8956687332644444,-0.1750769883748695,0.0,0,two_ankles,accepted,2.9285383224487305,-0.02267136052250862,0.21800255164747898
445,14.833333333333334,detected,3,1,0.905288815498352,ankle_midpoint,821.188720703125,849.5809326171875,0.9874863624572754,0.9522415399551392,2.5656943321228027,10.589844703674316,2.6881921068633146,10.69713312972356,0.0,0,two_ankles,accepted,2.5656943321228027,10.589844703674316,0.23391374110306587
446,14.866666666666667,detected,1,29,0.6782414317131042,ankle_midpoint,890.0958862304688,542.485107421875,0.9792546629905701,0.9809804558753967,2.9286277294158936,-0.02245192974805832,2.9105002815325967,-0.10639571199280448,0.0,0,two_ankles,accepted,2.9286277294158936,-0.02245192974805832,0.00023694613428617165
446,14.866666666666667,detected,3,1,0.9008152484893799,ankle_midpoint,821.2547607421875,849.6553955078125,0.9874407052993774,0.9521321654319763,2.566150665283203,10.591402053833008,2.6332734581522645,10.649554145572813,0.0,0,two_ankles,accepted,2.566150665283203,10.591402053833008,0.0016228306966708378
447,14.9,detected,1,29,0.7011262774467468,ankle_midpoint,891.4571533203125,541.785888671875,0.9741662740707397,0.9759277105331421,2.942187786102295,-0.06244180351495743,2.924759658588961,-0.0866164531777733,0.0,0,two_ankles,accepted,2.942187786102295,-0.06244180351495743,0.04222635600227592
447,14.9,detected,3,1,0.9003244042396545,ankle_midpoint,811.7559814453125,841.88232421875,0.9950737357139587,0.9791587591171265,2.5018410682678223,10.427459716796875,2.5741288827042657,10.549611652623641,0.0,0,two_ankles,accepted,2.5018410682678223,10.427459716796875,0.17610455457241772
448,14.933333333333334,detected,1,29,0.7279811501502991,ankle_midpoint,891.5494384765625,548.3526611328125,0.9790712594985962,0.9811883568763733,2.9450674057006836,0.3057376444339752,2.938843133090054,-0.06271600407522297,0.0,0,two_ankles,corrected_motion_outlier,2.95605626859139,-0.03350434406099478,0.3681907088738284
448,14.933333333333334,detected,3,1,0.8892644643783569,ankle_midpoint,800.2421264648438,844.5325317382812,0.9949789643287659,0.9766096472740173,2.432419538497925,10.485426902770996,2.5103596778114126,10.520728515189951,0.0,0,two_ankles,accepted,2.432419538497925,10.485426902770996,0.09044082842030529
449,14.966666666666667,detected,1,29,0.6078967452049255,ankle_midpoint,891.9861450195312,547.8939208984375,0.9781529307365417,0.9821173548698425,2.9493019580841064,0.28024429082870483,2.9435496043373774,0.09161612863154456,0.0,0,two_ankles,accepted,2.9493019580841064,0.28024429082870483,0.17137996579202322
449,14.966666666666667,detected,3,1,0.8999334573745728,ankle_midpoint,777.8787231445312,863.7366943359375,0.9843926429748535,0.9542897939682007,2.3127639293670654,10.887084007263184,2.447263616298698,10.488302709271693,0.0,0,two_ankles,corrected_motion_outlier,2.370146207783158,10.448671168704928,0.4191012937053822
450,15.0,detected,1,29,0.6086840033531189,ankle_midpoint,891.78564453125,547.8187866210938,0.9788818359375,0.9826328754425049,2.9472744464874268,0.27612414956092834,2.9452257833049,0.17464473804976727,0.0,0,two_ankles,accepted,2.9472744464874268,0.27612414956092834,0.004591989475282525
450,15.0,detected,3,1,0.9004164338111877,ankle_midpoint,778.0150756835938,863.9825439453125,0.9843249320983887,0.9542444944381714,2.313826560974121,10.89205265045166,2.3872169414026385,10.669990182802678,0.0,0,two_ankles,accepted,2.313826560974121,10.89205265045166,0.21178337576095324
451,15.033333333333333,detected,1,29,0.5733265280723572,ankle_midpoint,891.48046875,547.3217163085938,0.9761872291564941,0.9836077094078064,2.944074869155884,0.24860906600952148,2.944707871937843,0.20792868563165667,0.0,0,two_ankles,accepted,2.944074869155884,0.24860906600952148,0.027700489489202604
451,15.033333333333333,detected,3,1,0.88753342628479,ankle_midpoint,775.0957641601562,858.9537353515625,0.9826185703277588,0.9361863732337952,2.2911667823791504,10.789807319641113,2.343994369842069,10.723907894379975,0.0,0,two_ankles,accepted,2.2911667823791504,10.789807319641113,0.10472618220164076
452,15.066666666666666,detected,1,29,0.7055459022521973,ankle_midpoint,890.3671875,543.846923828125,0.9824877381324768,0.9891114830970764,2.9318127632141113,0.0544474832713604,2.9389050730121635,0.13886214456952334,0.0,0,two_ankles,accepted,2.9318127632141113,0.0544474832713604,0.19454839874312774
452,15.066666666666666,detected,3,1,0.8846266865730286,ankle_midpoint,772.0359497070312,856.545654296875,0.9578850865364075,0.9053168296813965,2.2700653076171875,10.740575790405273,2.310726291840872,10.73140844759136,0.0,0,two_ankles,accepted,2.2700653076171875,10.740575790405273,0.05356319359438074
453,15.1,detected,1,29,0.7489117383956909,ankle_midpoint,890.936279296875,539.8067626953125,0.9874055981636047,0.9931014776229858,2.936288356781006,-0.17528557777404785,2.937727550708143,-0.0025043304850836945,0.0,0,two_ankles,accepted,2.936288356781006,-0.17528557777404785,0.22977665302434297
453,15.1,detected,3,1,0.8952184915542603,ankle_midpoint,741.5030517578125,826.2493896484375,0.9268219470977783,0.7783695459365845,2.043780565261841,10.093742370605469,2.275143945056101,10.726299301749307,0.003883650558035301,0,two_ankles,corrected_motion_outlier,2.2316544100969353,10.720054790164575,0.6852723966370862
454,15.133333333333333,detected,1,29,0.7488577961921692,ankle_midpoint,890.9095458984375,539.801513671875,0.9875444173812866,0.99308842420578,2.9360148906707764,-0.17558039724826813,2.9369568536913278,-0.08038856052851669,0.0,0,two_ankles,accepted,2.9360148906707764,-0.17558039724826813,0.0004021221652975233
454,15.133333333333333,detected,3,1,0.8949264883995056,ankle_midpoint,741.7315673828125,826.3743896484375,0.9261451363563538,0.7769976258277893,2.0454020500183105,10.096505165100098,2.238288750440363,10.714254821427865,0.0,0,two_ankles,corrected_motion_outlier,2.1932435125766836,10.699533789923878,0.3410647114903341
455,15.166666666666666,detected,1,29,0.7880476713180542,ankle_midpoint,891.1915283203125,541.6827392578125,0.9873470067977905,0.9921858310699463,2.939465045928955,-0.06824657320976257,2.9380855401982604,-0.07492466623507735,0.0,0,two_ankles,accepted,2.939465045928955,-0.06824657320976257,0.10738926088782999
455,15.166666666666666,detected,3,1,0.8775926232337952,ankle_midpoint,739.8082275390625,820.511962890625,0.9746220707893372,0.9235548377037048,2.0250370502471924,9.964935302734375,2.142325485353436,10.377061038015796,0.07577789027447601,0,two_ankles,accepted,2.0250370502471924,9.964935302734375,0.2711410073957267
456,15.2,detected,1,29,0.8255417346954346,ankle_midpoint,893.0090942382812,542.9365234375,0.9891480803489685,0.993459939956665,2.9582200050354004,0.002456926042214036,2.9471460493749735,-0.04010294971029622,0.0,0,two_ankles,accepted,2.9582200050354004,0.002456926042214036,0.07314870673879814
456,15.2,detected,3,1,0.8800120949745178,ankle_midpoint,736.1949462890625,821.8823852539062,0.9789207577705383,0.9448553323745728,2.0038840770721436,9.99636173248291,2.0800268516268545,10.205746350525999,0.0,0,two_ankles,accepted,2.0038840770721436,9.99636173248291,0.03788230142010845
457,15.233333333333333,detected,1,29,0.8266355395317078,ankle_midpoint,900.1063232421875,550.268798828125,0.9885240197181702,0.9913459420204163,3.0308077335357666,0.40943336486816406,2.9554108566439683,-0.013055960179887822,0.0,0,two_ankles,corrected_motion_outlier,2.965512287750517,0.020001471468389122,0.4133990808991901
457,15.233333333333333,detected,3,1,0.8833266496658325,ankle_midpoint,732.41796875,818.685546875,0.986581563949585,0.969779372215271,1.975083589553833,9.924348831176758,2.032802383693995,10.07911746681884,0.0,0,two_ankles,accepted,1.975083589553833,9.924348831176758,0.07755853296589615
458,15.266666666666667,detected,1,29,0.8238306641578674,ankle_midpoint,900.09375,550.23046875,0.9885513186454773,0.9914758205413818,3.0306782722473145,0.40733233094215393,2.989281193665474,0.17611877082503097,0.0,0,two_ankles,accepted,3.0306782722473145,0.40733233094215393,0.20565401405044553
458,15.266666666666667,detected,3,1,0.8829221725463867,ankle_midpoint,732.486572265625,818.6756591796875,0.9866003394126892,0.9695181846618652,1.9755089282989502,9.924115180969238,2.0070203287662247,10.009366438186518,0.0,0,two_ankles,accepted,1.9755089282989502,9.924115180969238,0.00048528905568927044
459,15.3,detected,1,29,0.8404251933097839,ankle_midpoint,901.7615356445312,554.30419921875,0.9887897968292236,0.9905203580856323,3.047609806060791,0.6287230253219604,3.015529069243367,0.37979068534864924,0.0,0,two_ankles,accepted,3.047609806060791,0.6287230253219604,0.22203719597231855
459,15.3,detected,3,1,0.8789608478546143,ankle_midpoint,728.4959716796875,816.8132934570312,0.984453022480011,0.9656175971031189,1.94711172580719,9.882097244262695,1.9800614574346591,9.9520953009208,0.0,0,two_ankles,accepted,1.94711172580719,9.882097244262695,0.05071398342107516
460,15.333333333333334,detected,1,29,0.8332058191299438,ankle_midpoint,901.7910766601562,557.3766479492188,0.9898748397827148,0.991366446018219,3.048142671585083,0.7935463190078735,3.0302051902971394,0.5659807204953002,0.0,0,two_ankles,accepted,3.048142671585083,0.7935463190078735,0.16482415504755282
460,15.333333333333334,detected,3,1,0.8674210906028748,ankle_midpoint,727.30078125,813.9151611328125,0.9876919388771057,0.9724577069282532,1.9349998235702515,9.81568717956543,1.9597837221956758,9.890711646310884,0.0,0,two_ankles,accepted,1.9349998235702515,9.81568717956543,0.06750551732186164
461,15.366666666666667,detected,1,29,0.6539903283119202,ankle_midpoint,902.256103515625,561.9354248046875,0.987404465675354,0.9907134771347046,3.053016424179077,1.0342706441879272,3.040470245544012,0.7767111861569824,0.0,0,two_ankles,accepted,3.053016424179077,1.0342706441879272,0.24077365760759567
461,15.366666666666667,detected,3,1,0.8905303478240967,ankle_midpoint,723.646484375,806.6593017578125,0.983328104019165,0.967427134513855,1.899949073791504,9.647233963012695,1.9328581304137984,9.781146688826698,0.0,0,two_ankles,accepted,1.899949073791504,9.647233963012695,0.17206115548552728
462,15.4,detected,1,29,0.6508866548538208,ankle_midpoint,902.271240234375,561.8994140625,0.9874375462532043,0.9907439351081848,3.053161144256592,1.0323823690414429,3.046181149964673,0.8917632184549897,0.0,0,two_ankles,accepted,3.053161144256592,1.0323823690414429,0.00189381280217091
462,15.4,detected,3,1,0.8906615972518921,ankle_midpoint,723.7286376953125,806.6417236328125,0.9833005666732788,0.9673720002174377,1.900456190109253,9.646810531616211,1.918277257276753,9.720695418081979,0.0,0,two_ankles,accepted,1.900456190109253,9.646810531616211,0.0006606520319018451
463,15.433333333333334,detected,1,29,0.757448136806488,ankle_midpoint,904.2752685546875,563.5408935546875,0.9870032668113708,0.989084780216217,3.072692394256592,1.1176111698150635,3.058111209896037,0.993394796567023,0.0,0,two_ankles,accepted,3.072692394256592,1.1176111698150635,0.08743808213743033
463,15.433333333333334,detected,3,1,0.8992075324058533,ankle_midpoint,722.7603149414062,801.474853515625,0.9860818386077881,0.9685265421867371,1.8858000040054321,9.524629592895508,1.9036624933046586,9.632465796748068,0.0,0,two_ankles,accepted,1.8858000040054321,9.524629592895508,0.12305683880947878
464,15.466666666666667,detected,1,29,0.5958471894264221,ankle_midpoint,905.463134765625,563.83935546875,0.9880115389823914,0.9903985261917114,3.0842056274414062,1.1328747272491455,3.0698536977914532,1.0561607653739782,0.0,0,two_ankles,accepted,3.0842056274414062,1.1328747272491455,0.019118857808756086
464,15.466666666666667,detected,3,1,0.9025493860244751,ankle_midpoint,724.9765625,800.0899047851562,0.9831477403640747,0.9497775435447693,1.89811110496521,9.491279602050781,1.9011643685519068,9.56893200913429,0.0,0,two_ankles,accepted,1.89811110496521,9.491279602050781,0.03554975521976471
465,15.5,detected,1,29,0.6461213231086731,ankle_midpoint,907.99169921875,565.2222290039062,0.9828937649726868,0.985300600528717,3.108635425567627,1.2039837837219238,3.087305475290732,1.1226811236305538,0.0,0,two_ankles,accepted,3.108635425567627,1.2039837837219238,0.07518851607085136
465,15.5,detected,3,1,0.9017981886863708,ankle_midpoint,727.5526123046875,797.32568359375,0.9792242646217346,0.9481722712516785,1.910632610321045,9.42457103729248,1.9054250773480192,9.503969571805476,0.0,0,two_ankles,accepted,1.910632610321045,9.42457103729248,0.06787356413574148
466,15.533333333333333,detected,1,29,0.6438278555870056,ankle_midpoint,907.99462890625,565.1845703125,0.9829379916191101,0.9853075742721558,3.1086654663085938,1.2020374536514282,3.09691747124877,1.1583914721399475,0.0,0,two_ankles,accepted,3.1086654663085938,1.2020374536514282,0.0019465618894433496
466,15.533333333333333,detected,3,1,0.9019425511360168,ankle_midpoint,727.4686279296875,797.349365234375,0.9794827699661255,0.9488187432289124,1.91011643409729,9.425151824951172,1.9075361878851913,9.46850158572104,0.0,0,two_ankles,accepted,1.91011643409729,9.425151824951172,0.0007770149280793106
467,15.566666666666666,detected,1,29,0.5262748003005981,ankle_midpoint,908.9829711914062,567.7069702148438,0.9749769568443298,0.9791777729988098,3.1180546283721924,1.3315136432647705,3.1064291919543106,1.236296449146118,0.0,0,two_ankles,accepted,3.1180546283721924,1.3315136432647705,0.12981617788645097
467,15.566666666666666,detected,3,1,0.899336576461792,ankle_midpoint,726.4365844726562,798.726806640625,0.9851381778717041,0.9656579494476318,1.905523419380188,9.458422660827637,1.9066304420579399,9.463966069519008,0.0,0,two_ankles,accepted,1.905523419380188,9.458422660827637,0.033586370808859005
468,15.6,detected,1,29,0.6027233004570007,ankle_midpoint,906.422119140625,568.6488037109375,0.9798640012741089,0.9857768416404724,3.0934290885925293,1.3801350593566895,3.1005791454415093,1.3010238237408753,0.0,0,two_ankles,accepted,3.0934290885925293,1.3801350593566895,0.05450192026179705
468,15.6,detected,3,1,0.8982244729995728,ankle_midpoint,724.7646484375,800.5240478515625,0.9931110143661499,0.9761729836463928,1.8974188566207886,9.501687049865723,1.902485228611222,9.48094051067503,0.0,0,two_ankles,accepted,1.8974188566207886,9.501687049865723,0.04401694328732851
469,15.633333333333333,detected,1,29,0.5956694483757019,ankle_midpoint,891.5703125,575.3961181640625,0.9601739645004272,0.9725135564804077,2.9527475833892822,1.722493052482605,3.096386393361751,1.3663536576376518,0.0,0,two_ankles,corrected_motion_outlier,3.0912619185976022,1.4462012324003783,0.3701354905483337
469,15.633333333333333,detected,3,1,0.9184617400169373,ankle_midpoint,731.5277709960938,804.3106689453125,0.9892576336860657,0.9893802404403687,1.94770085811615,9.590879440307617,1.9228322618884395,9.530413029009694,0.0,0,two_ankles,accepted,1.94770085811615,9.590879440307617,0.10238926792940205
470,15.666666666666666,detected,1,29,0.5905329585075378,ankle_midpoint,891.5791625976562,575.4046020507812,0.9601600170135498,0.9725395441055298,2.952833414077759,1.7229121923446655,3.0317875526839546,1.526804998255808,0.0,0,two_ankles,accepted,2.952833414077759,1.7229121923446655,0.18524531477996947
470,15.666666666666666,detected,3,1,0.918591320514679,ankle_midpoint,731.5880737304688,804.2716064453125,0.9893044233322144,0.9893975257873535,1.9480348825454712,9.589947700500488,1.9341734411841038,9.557203631180553,0.0,0,two_ankles,accepted,1.9480348825454712,9.589947700500488,0.0009898037116378299
471,15.7,detected,1,29,0.6596505641937256,ankle_midpoint,888.5652465820312,573.0703125,0.9667306542396545,0.9718786478042603,2.923560857772827,1.6071751117706299,2.9830855399739473,1.5629715493374778,0.0,0,two_ankles,accepted,2.923560857772827,1.6071751117706299,0.11938154954776811
471,15.7,detected,3,1,0.8890665769577026,ankle_midpoint,736.2515869140625,807.031005859375,0.9885472059249878,0.9886398315429688,1.9826302528381348,9.654414176940918,1.955979006428418,9.600948376772717,0.0,0,two_ankles,accepted,1.9826302528381348,9.654414176940918,0.07316260130921388
472,15.733333333333333,detected,1,29,0.75472491979599,ankle_midpoint,875.2086181640625,572.24853515625,0.983576238155365,0.9844141006469727,2.7960898876190186,1.5687042474746704,2.89893749641423,1.5655512634992146,0.0,0,two_ankles,accepted,2.7960898876190186,1.5687042474746704,0.13314974889811582
472,15.733333333333333,detected,3,1,0.8968462347984314,ankle_midpoint,741.7039794921875,808.8485107421875,0.9641529321670532,0.9668062925338745,2.0207443237304688,9.696322441101074,1.985123399214341,9.643866705720479,0.0,0,two_ankles,accepted,2.0207443237304688,9.696322441101074,0.056647903799728526
473,15.766666666666667,detected,1,29,0.7509785890579224,ankle_midpoint,855.19970703125,573.62548828125,0.9755170941352844,0.9794054627418518,2.6068451404571533,1.6417726278305054,2.7674959362335456,1.5998508774482956,0.0,0,two_ankles,accepted,2.6068451404571533,1.6417726278305054,0.2028609438413005
473,15.766666666666667,detected,3,1,0.9131695032119751,ankle_midpoint,748.1459350585938,809.858642578125,0.9752339124679565,0.9752564430236816,2.0639822483062744,9.719108581542969,2.020609881305711,9.677725549840599,0.0,0,two_ankles,accepted,2.0639822483062744,9.719108581542969,0.04887459787927468
474,15.8,detected,1,29,0.8039246201515198,ankle_midpoint,841.9235229492188,574.037109375,0.9738933444023132,0.972358763217926,2.481260061264038,1.6650282144546509,2.638689792497267,1.6291806791011556,0.0,0,two_ankles,accepted,2.481260061264038,1.6650282144546509,0.12772014103176585
474,15.8,detected,3,1,0.9225599765777588,ankle_midpoint,757.3572998046875,807.080810546875,0.9891014695167542,0.9878489971160889,2.1201515197753906,9.652983665466309,2.065403618617067,9.666591701872168,0.0,0,two_ankles,accepted,2.1201515197753906,9.652983665466309,0.08676111792454395
475,15.833333333333334,detected,1,29,0.8046343326568604,ankle_midpoint,841.948974609375,573.9969482421875,0.9738678932189941,0.9723684191703796,2.4814538955688477,1.6630206108093262,2.5679336388794787,1.6444086483698324,0.0,0,two_ankles,accepted,2.4814538955688477,1.6630206108093262,0.00201693929865082
475,15.833333333333334,detected,3,1,0.9227145910263062,ankle_midpoint,757.379150390625,807.047119140625,0.9891485571861267,0.9878647923469543,2.1202502250671387,9.652190208435059,2.090084591519599,9.660111029825469,0.0,0,two_ankles,accepted,2.1202502250671387,9.652190208435059,0.0007995728828938175
476,15.866666666666667,detected,1,29,0.7895269989967346,ankle_midpoint,837.5816650390625,580.0572509765625,0.9822129011154175,0.9822123050689697,2.4475998878479004,1.9625508785247803,2.4959036941161283,1.6601671946870296,0.0,0,two_ankles,corrected_motion_outlier,2.4078670949609213,1.679427640185826,0.3014373485758883
476,15.866666666666667,detected,3,1,0.9118993878364563,ankle_midpoint,763.4973754882812,808.3675537109375,0.986820638179779,0.9855816960334778,2.16174054145813,9.68239688873291,2.1223297689919383,9.670139666333817,0.0,0,two_ankles,accepted,2.16174054145813,9.68239688873291,0.05132143693273959
477,15.9,detected,1,29,0.8362899422645569,ankle_midpoint,818.9728393554688,581.9697875976562,0.9905186295509338,0.9897683262825012,2.276108741760254,2.0590696334838867,2.396995965555985,1.8396732921456154,0.0,0,two_ankles,accepted,2.276108741760254,2.0590696334838867,0.22305910682717575
477,15.9,detected,3,1,0.9191840887069702,ankle_midpoint,777.5814208984375,818.128662109375,0.9785968065261841,0.9758824110031128,2.264089345932007,9.906205177307129,2.1861215786149693,9.776369146271808,0.0,0,two_ankles,accepted,2.264089345932007,9.906205177307129,0.24610044252652752
478,15.933333333333334,detected,1,29,0.8661931157112122,ankle_midpoint,809.490966796875,586.021240234375,0.9885857701301575,0.98752361536026,2.194504976272583,2.2552387714385986,2.305875020378454,2.026677757827458,0.0,0,two_ankles,accepted,2.194504976272583,2.2552387714385986,0.21246530358545976
478,15.933333333333334,detected,3,1,0.9119688868522644,ankle_midpoint,781.4161987304688,821.0103149414062,0.97804194688797,0.9774767756462097,2.291735887527466,9.971216201782227,2.233648017625593,9.864050321251497,0.0,0,two_ankles,accepted,2.291735887527466,9.971216201782227,0.07064534355137067
479,15.966666666666667,detected,1,29,0.85307776927948,ankle_midpoint,809.609375,585.529296875,0.9881198406219482,0.9869235157966614,2.194762945175171,2.2317867279052734,2.2558745865369767,2.1189767943624753,0.0,0,two_ankles,accepted,2.194762945175171,2.2317867279052734,0.023453462299704974
479,15.966666666666667,detected,3,1,0.9109233021736145,ankle_midpoint,781.4630737304688,820.7184448242188,0.9771220088005066,0.9761619567871094,2.291729211807251,9.964601516723633,2.2597845550073394,9.90929835921396,0.0,0,two_ankles,accepted,2.291729211807251,9.964601516723633,0.00661468842725217
480,16.0,detected,1,29,0.8829463124275208,ankle_midpoint,803.472900390625,584.0438842773438,0.9866968989372253,0.9858600497245789,2.1351256370544434,2.161996841430664,2.2015375592698367,2.13833581554316,0.0,0,two_ankles,accepted,2.1351256370544434,2.161996841430664,0.09179998242933089
480,16.0,detected,3,1,0.907447874546051,ankle_midpoint,785.741943359375,820.878173828125,0.9564146995544434,0.953864336013794,2.3192591667175293,9.967703819274902,2.286548130276925,9.935580816241384,0.0,0,two_ankles,accepted,2.3192591667175293,9.967703819274902,0.027704200015188505
481,16.033333333333335,detected,1,29,0.8482657074928284,ankle_midpoint,796.847412109375,584.553955078125,0.9636919498443604,0.962639570236206,2.074477434158325,2.1877410411834717,2.144360502969657,2.1605681670813004,0.0,0,two_ankles,accepted,2.074477434158325,2.1877410411834717,0.06588602534256544
481,16.033333333333335,detected,3,1,0.9069908857345581,ankle_midpoint,785.9569091796875,821.4837646484375,0.9543212652206421,0.9518212080001831,2.3212459087371826,9.981380462646484,2.3021621305840414,9.95619065712368,0.0,0,two_ankles,accepted,2.3212459087371826,9.981380462646484,0.013820192392513747
482,16.066666666666666,detected,1,29,0.7805452942848206,ankle_midpoint,789.185546875,587.0235595703125,0.9813618063926697,0.9781806468963623,2.008378267288208,2.306844711303711,2.083168496913005,2.2263926119813853,0.0,0,two_ankles,accepted,2.008378267288208,2.306844711303711,0.13621594655925703
482,16.066666666666666,detected,3,1,0.9078722596168518,ankle_midpoint,785.563720703125,821.1417236328125,0.9535209536552429,0.950067400932312,2.3183867931365967,9.9736909866333,2.3094632287326915,9.96406580540301,0.0,0,two_ankles,accepted,2.3183867931365967,9.9736909866333,0.008203815171908723
483,16.1,detected,1,29,0.842947244644165,ankle_midpoint,776.0302734375,592.5914306640625,0.8582140207290649,0.8378275632858276,1.8993232250213623,2.5704712867736816,2.000438124561766,2.3812280156379186,0.0,0,two_ankles,accepted,1.8993232250213623,2.5704712867736816,0.2852927856393282
483,16.1,detected,3,1,0.9102644920349121,ankle_midpoint,783.778076171875,821.0032958984375,0.9794853329658508,0.9770296812057495,2.3068294525146484,9.970772743225098,2.308278029434572,9.967083927422951,0.0,0,two_ankles,accepted,2.3068294525146484,9.970772743225098,0.01192007830684245
484,16.133333333333333,detected,1,29,0.501474142074585,ankle_midpoint,771.1702880859375,597.3636474609375,0.9039766788482666,0.9511440992355347,1.8658546209335327,2.790801763534546,1.9398755479290615,2.565536202191401,0.0,0,two_ankles,accepted,1.8658546209335327,2.790801763534546,0.22285795128120878
484,16.133333333333333,detected,3,1,0.9076545834541321,ankle_midpoint,783.7994384765625,820.6055297851562,0.9765966534614563,0.9722274541854858,2.306556463241577,9.961762428283691,2.3075033246477243,9.964689252810285,0.0,0,two_ankles,accepted,2.306556463241577,9.961762428283691,0.009014449427809814
485,16.166666666666668,detected,1,29,0.5013749599456787,ankle_midpoint,771.240234375,597.0902099609375,0.9112393856048584,0.9487729072570801,1.8658639192581177,2.7783238887786865,1.9065703150271367,2.6612906611556797,0.0,0,two_ankles,accepted,1.8658639192581177,2.7783238887786865,0.012477878220344706
485,16.166666666666668,detected,3,1,0.9076974987983704,ankle_midpoint,783.7642211914062,820.6116943359375,0.9767945408821106,0.9725471138954163,2.306337594985962,9.961906433105469,2.306978746299931,9.963436983943119,0.0,0,two_ankles,accepted,2.306337594985962,9.961906433105469,0.0002619937060526075
486,16.2,detected,1,29,0.5942671298980713,ankle_midpoint,765.265869140625,609.63720703125,0.8876101970672607,0.9255366325378418,1.8409357070922852,3.338526487350464,1.870088517728651,2.7590722210552356,0.0,0,two_ankles,corrected_motion_outlier,1.8254996543638355,2.8785830164880255,0.5607569591261055
486,16.2,detected,3,1,0.9004015326499939,ankle_midpoint,785.6461181640625,819.9425048828125,0.9589504599571228,0.9477527737617493,2.3176965713500977,9.946502685546875,2.311801767572506,9.95581654966481,0.0,0,two_ankles,accepted,2.3176965713500977,9.946502685546875,0.01913901206671539
487,16.233333333333334,detected,1,29,0.7496629357337952,ankle_midpoint,752.0303955078125,619.392578125,0.9553937911987305,0.9472779035568237,1.747510313987732,3.758164882659912,1.8318596100120572,2.8579686864691936,0.13023046402314864,0,two_ankles,corrected_motion_outlier,1.7851353894695536,2.978842144197364,0.4934814964035243
487,16.233333333333334,detected,3,1,0.8997276425361633,ankle_midpoint,787.174072265625,817.398681640625,0.9825510382652283,0.9787241220474243,2.324918270111084,9.888379096984863,2.3177041937148664,9.925469695958835,0.0,0,two_ankles,accepted,2.324918270111084,9.888379096984863,0.0585705086226887
488,16.266666666666666,detected,1,29,0.754139244556427,ankle_midpoint,752.1614990234375,619.275146484375,0.9560665488243103,0.9484058618545532,1.748369574546814,3.753206491470337,1.7926697915655039,2.957478349916073,0.024114823961862375,0,two_ankles,corrected_motion_outlier,1.7447711245752715,3.079101271906703,0.32731245861306846
488,16.266666666666666,detected,3,1,0.9000163674354553,ankle_midpoint,787.2268676757812,817.45751953125,0.9822430610656738,0.9785223603248596,2.325316905975342,9.889718055725098,2.3211299142320803,9.909381457853653,0.0,0,two_ankles,accepted,2.325316905975342,9.889718055725098,0.0013970401069126818
489,16.3,detected,1,29,0.8104054927825928,ankle_midpoint,753.0828247070312,620.2164306640625,0.9782506823539734,0.9787511825561523,1.7586443424224854,3.7925357818603516,1.7773583394511459,3.3332541942909986,0.0,0,two_ankles,accepted,1.7586443424224854,3.7925357818603516,0.25496590479477677
489,16.3,detected,3,1,0.8950528502464294,ankle_midpoint,790.10595703125,818.6136474609375,0.9868596196174622,0.9804778695106506,2.3449490070343018,9.915746688842773,2.3318485059930802,9.912245811798758,0.0,0,two_ankles,accepted,2.3449490070343018,9.915746688842773,0.032602287250494945
490,16.333333333333332,detected,1,29,0.7679386734962463,ankle_midpoint,750.6077880859375,617.16015625,0.9768060445785522,0.9746031165122986,1.729671835899353,3.664255142211914,1.7558994128528391,3.482204620855411,0.0,0,two_ankles,accepted,1.729671835899353,3.664255142211914,0.13151170534536163
490,16.333333333333332,detected,3,1,0.8932174444198608,ankle_midpoint,791.149169921875,821.2430419921875,0.992424726486206,0.9764130711555481,2.3541905879974365,9.975312232971191,2.341902442895041,9.940625701326354,0.0,0,two_ankles,accepted,2.3541905879974365,9.975312232971191,0.06027819561012658
491,16.366666666666667,detected,1,29,0.7747778296470642,ankle_midpoint,743.7734375,619.5420532226562,0.9747571349143982,0.9761723279953003,1.6759755611419678,3.7659425735473633,1.7199336795829472,3.6098866995667898,0.0,0,two_ankles,accepted,1.6759755611419678,3.7659425735473633,0.11499401555916859
491,16.366666666666667,detected,3,1,0.8863118290901184,ankle_midpoint,794.2525634765625,824.661376953125,0.9825286865234375,0.9468911290168762,2.377227306365967,10.051926612854004,2.3577986314569577,9.990711111513797,0.0,0,two_ankles,accepted,2.377227306365967,10.051926612854004,0.08000283493738759
492,16.4,detected,1,29,0.7306885123252869,ankle_midpoint,741.8291015625,618.294189453125,0.9730351567268372,0.9734609723091125,1.6558363437652588,3.71378493309021,1.6910898784649875,3.6566409046523294,0.0,0,two_ankles,accepted,1.6558363437652588,3.71378493309021,0.055910710374703826
492,16.4,detected,3,1,0.8944955468177795,ankle_midpoint,794.7459716796875,824.4212646484375,0.9763706922531128,0.9558682441711426,2.3801441192626953,10.04648208618164,2.3678541009695397,10.015808050114327,0.0,0,two_ankles,accepted,2.3801441192626953,10.04648208618164,0.006176622714768726
493,16.433333333333334,detected,1,29,0.7317642569541931,ankle_midpoint,741.8617553710938,618.275390625,0.9730887413024902,0.9735062718391418,1.6560728549957275,3.7129859924316406,1.6753322179038206,3.6819961941530197,0.0,0,two_ankles,accepted,1.6560728549957275,3.7129859924316406,0.0008332129007960968
493,16.433333333333334,detected,3,1,0.8943279981613159,ankle_midpoint,794.7781982421875,824.4359130859375,0.9762925505638123,0.9558343887329102,2.3803629875183105,10.046807289123535,2.373483099916487,10.029757707668471,0.0,0,two_ankles,accepted,2.3803629875183105,10.046807289123535,0.0003919952381508141
494,16.466666666666665,detected,1,29,0.8208813667297363,ankle_midpoint,743.7125854492188,617.5821533203125,0.9747665524482727,0.9781069159507751,1.6704554557800293,3.6833722591400146,1.6731376749481146,3.6826154233971673,0.0,0,two_ankles,accepted,1.6704554557800293,3.6833722591400146,0.03292160999690256
494,16.466666666666665,detected,3,1,0.8918100595474243,ankle_midpoint,793.4011840820312,820.2042236328125,0.983851969242096,0.9720034003257751,2.3675994873046875,9.951507568359375,2.3708354742411775,9.99454514497938,0.0,0,two_ankles,accepted,2.3675994873046875,9.951507568359375,0.09615063034338389
495,16.5,detected,1,29,0.8107200860977173,ankle_midpoint,746.6905517578125,615.0869750976562,0.9698793888092041,0.9707683324813843,1.6901894807815552,3.576840877532959,1.680810987573163,3.6350168777582734,0.0,0,two_ankles,accepted,1.6901894807815552,3.576840877532959,0.10834374467346496
495,16.5,detected,3,1,0.8972879648208618,ankle_midpoint,786.5838623046875,809.8753662109375,0.9921843409538269,0.9740106463432312,2.313410997390747,9.714786529541016,2.3449944596584835,9.868653768032118,0.0,0,two_ankles,accepted,2.313410997390747,9.714786529541016,0.24284407066757144
496,16.533333333333335,detected,1,29,0.8082703351974487,ankle_midpoint,746.7574462890625,615.0743408203125,0.9701403975486755,0.9710383415222168,1.6907446384429932,3.576289653778076,1.6852811304645865,3.608589626967185,0.0,0,two_ankles,accepted,1.6907446384429932,3.576289653778076,0.0007823347474070182
496,16.533333333333335,detected,3,1,0.8971197605133057,ankle_midpoint,786.5831298828125,809.8380126953125,0.9921423196792603,0.9738861322402954,2.3133676052093506,9.713915824890137,2.330762375156374,9.799021693618226,0.0,0,two_ankles,accepted,2.3133676052093506,9.713915824890137,0.0008717852203774181
497,16.566666666666666,detected,1,29,0.8103206753730774,ankle_midpoint,746.6907958984375,615.085693359375,0.9699859023094177,0.9708864092826843,1.6901884078979492,3.5767862796783447,1.6874894053096,3.594278120687207,0.0,0,two_ankles,accepted,1.6901884078979492,3.5767862796783447,0.0007456739931481028
497,16.566666666666666,detected,3,1,0.8972888588905334,ankle_midpoint,786.5785522460938,809.85009765625,0.9921671748161316,0.9739600419998169,2.313350200653076,9.714198112487793,2.32292689662989,9.760851082109532,0.0,0,two_ankles,accepted,2.313350200653076,9.714198112487793,0.0002828236312079423
498,16.6,detected,1,29,0.7357276678085327,ankle_midpoint,746.6925048828125,610.3912353515625,0.9772540330886841,0.9787001013755798,1.6782197952270508,3.3747572898864746,1.683318080772453,3.4954937468268774,0.0,0,two_ankles,accepted,1.6782197952270508,3.3747572898864746,0.20238320188590148
498,16.6,detected,3,1,0.900313675403595,ankle_midpoint,782.919189453125,796.074462890625,0.9840887784957886,0.9450769424438477,2.2746174335479736,9.387402534484863,2.314991031078851,9.72121206517545,0.0,0,two_ankles,corrected_motion_outlier,2.3052916398498033,9.672764377811573,0.32908293339200534
499,16.633333333333333,detected,1,29,0.704596221446991,ankle_midpoint,753.283447265625,603.699462890625,0.9249202013015747,0.9018693566322327,1.7198487520217896,3.0794596672058105,1.6997568828346545,3.3082784109973975,0.0,0,two_ankles,accepted,1.7198487520217896,3.0794596672058105,0.298217464285159
499,16.633333333333333,detected,3,1,0.8949294686317444,ankle_midpoint,778.5394287109375,791.4317626953125,0.9741263389587402,0.9358379244804382,2.2402994632720947,9.27487850189209,2.2813798255658106,9.520361961697938,0.0,0,two_ankles,accepted,2.2402994632720947,9.27487850189209,0.22267584651566127
500,16.666666666666668,detected,1,29,0.7656403183937073,ankle_midpoint,754.01416015625,600.49951171875,0.9464982748031616,0.9138011932373047,1.7182942628860474,2.9361073970794678,1.7080987038577815,3.140801454734329,0.0,0,two_ankles,accepted,1.7182942628860474,2.9361073970794678,0.14336069819462058
500,16.666666666666668,detected,3,1,0.8872864246368408,ankle_midpoint,777.1888427734375,779.9365234375,0.976780891418457,0.9372472763061523,2.2175915241241455,8.988777160644531,2.2526750899170613,9.281148801223907,0.0,0,two_ankles,accepted,2.2175915241241455,8.988777160644531,0.2870010940118503
501,16.7,detected,1,29,0.7692826986312866,ankle_midpoint,754.0982666015625,600.0160522460938,0.9447645545005798,0.9195801615715027,1.717820644378662,2.9143056869506836,1.7124735770921777,3.0388783592316884,0.0,0,two_ankles,accepted,1.717820644378662,2.9143056869506836,0.021806853946180968
501,16.7,detected,3,1,0.8922359347343445,ankle_midpoint,770.181396484375,772.470703125,0.9858018755912781,0.947226881980896,2.160574197769165,8.798799514770508,2.211229688450508,9.064091622319879,0.0,0,two_ankles,accepted,2.160574197769165,8.798799514770508,0.19834939232704044
502,16.733333333333334,detected,1,29,0.7592978477478027,ankle_midpoint,753.9464111328125,599.3563842773438,0.955375075340271,0.9379763007164001,1.714763879776001,2.884545087814331,1.7135042132998983,2.9694283870938776,0.0,0,two_ankles,accepted,1.714763879776001,2.884545087814331,0.029917170166824762
502,16.733333333333334,detected,3,1,0.8957037925720215,ankle_midpoint,769.3859252929688,770.2430419921875,0.9818742275238037,0.9362208247184753,2.152204751968384,8.741167068481445,2.1846684670335526,8.918775573092583,0.0,0,two_ankles,accepted,2.152204751968384,8.741167068481445,0.0582369855699442
503,16.766666666666666,detected,1,29,0.7605713605880737,ankle_midpoint,753.981689453125,599.2651977539062,0.9556505680084229,0.9385287761688232,1.7148492336273193,2.8804147243499756,1.7141094724472379,2.9293722388591217,0.0,0,two_ankles,accepted,1.7148492336273193,2.8804147243499756,0.004131245287757359
503,16.766666666666666,detected,3,1,0.8957613706588745,ankle_midpoint,769.38134765625,770.2499389648438,0.9819080233573914,0.9363051652908325,2.1521825790405273,8.741347312927246,2.1700498174366913,8.838932856018182,0.0,0,two_ankles,accepted,2.1521825790405273,8.741347312927246,0.000181603135908381
504,16.8,detected,1,29,0.8133163452148438,ankle_midpoint,751.9290771484375,599.8911743164062,0.9626284241676331,0.9506943821907043,1.6979224681854248,2.909085750579834,1.706825320529422,2.9202433191334425,0.0,0,two_ankles,accepted,1.6979224681854248,2.909085750579834,0.033294791385412574
504,16.8,detected,3,1,0.899665892124176,ankle_midpoint,766.9310302734375,769.0291748046875,0.9793723225593567,0.9249711632728577,2.133746862411499,8.70987606048584,2.153713487675355,8.780857298028629,0.0,0,two_ankles,accepted,2.133746862411499,8.70987606048584,0.036473488698732265
505,16.833333333333332,detected,1,29,0.8110230565071106,ankle_midpoint,751.222900390625,599.5360717773438,0.9663636684417725,0.9612833261489868,1.6906245946884155,2.8931868076324463,1.6995349939009692,2.9080678889579943,0.0,0,two_ankles,accepted,1.6906245946884155,2.8931868076324463,0.017493865908444574
505,16.833333333333332,detected,3,1,0.9077827334403992,ankle_midpoint,754.6837768554688,764.5467529296875,0.980972409248352,0.9344626665115356,2.043055295944214,8.593817710876465,2.1039173013963417,8.696689483810156,0.0,0,two_ankles,accepted,2.043055295944214,8.593817710876465,0.14729053174709472
506,16.866666666666667,detected,1,29,0.8095475435256958,ankle_midpoint,751.2034912109375,599.531494140625,0.9665342569351196,0.9613901972770691,1.6904373168945312,2.8929836750030518,1.695441039248072,2.9012799926782704,0.0,0,two_ankles,accepted,1.6904373168945312,2.8929836750030518,0.0002762894084233014
506,16.866666666666667,detected,3,1,0.9075784683227539,ankle_midpoint,754.5758056640625,764.4072265625,0.9808872938156128,0.9336433410644531,2.0421016216278076,8.590145111083984,2.0761002455005015,8.64874451608338,0.0,0,two_ankles,accepted,2.0421016216278076,8.590145111083984,0.0037944016573763658
507,16.9,detected,1,29,0.848098874092102,ankle_midpoint,757.169189453125,596.3507080078125,0.9651296734809875,0.9690367579460144,1.7363104820251465,2.7472598552703857,1.7138322884977557,2.8319709308447223,0.0,0,two_ankles,accepted,1.7363104820251465,2.7472598552703857,0.15277361983202217
507,16.9,detected,3,1,0.9106677770614624,ankle_midpoint,741.301025390625,755.4142456054688,0.9895336031913757,0.9786894917488098,1.9356263875961304,8.35116195678711,2.0128870094435345,8.514832364400059,0.0,0,two_ankles,accepted,1.9356263875961304,8.35116195678711,0.261629362839465
508,16.933333333333334,detected,1,29,0.8358096480369568,ankle_midpoint,762.4298095703125,596.0333251953125,0.9641940593719482,0.9700703024864197,1.7833348512649536,2.731724500656128,1.7451084417429947,2.786860037259855,0.0,0,two_ankles,accepted,1.7833348512649536,2.731724500656128,0.0495241208442155
508,16.933333333333334,detected,3,1,0.9057866334915161,ankle_midpoint,739.2874755859375,759.7412109375,0.9924203753471375,0.9733023643493652,1.9287745952606201,8.46804428100586,1.9750364230612232,8.49377772687267,0.0,0,two_ankles,accepted,1.9287745952606201,8.46804428100586,0.11708298242266443
509,16.966666666666665,detected,1,29,0.8412401676177979,ankle_midpoint,767.1707763671875,601.02978515625,0.9864215850830078,0.99070143699646,1.8381516933441162,2.9574546813964844,1.7869779049634995,2.863627627121338,0.0,0,two_ankles,accepted,1.8381516933441162,2.9574546813964844,0.2322907675147806
509,16.966666666666665,detected,3,1,0.894860565662384,ankle_midpoint,734.06298828125,758.7174072265625,0.9917768239974976,0.9729943871498108,1.8906824588775635,8.44128704071045,1.9370771391785762,8.470156918099672,0.0,0,two_ankles,accepted,1.8906824588775635,8.44128704071045,0.04655062580086017
510,17.0,detected,1,29,0.8724567294120789,ankle_midpoint,775.9205322265625,599.693359375,0.983252763748169,0.9857919216156006,1.914055347442627,2.8955764770507812,1.844162754079107,2.8780046095895875,0.0,0,two_ankles,accepted,1.914055347442627,2.8955764770507812,0.09792995904499786
510,17.0,detected,3,1,0.8665883541107178,ankle_midpoint,729.1068115234375,759.3374633789062,0.9842168092727661,0.954271674156189,1.857260823249817,8.458593368530273,1.9011597970106346,8.464953320793443,0.0,0,two_ankles,accepted,1.857260823249817,8.458593368530273,0.03763661396354727
511,17.033333333333335,detected,1,29,0.873095691204071,ankle_midpoint,775.9547119140625,599.66064453125,0.9833638668060303,0.9858929514884949,1.9142924547195435,2.894092321395874,1.8757211193673036,2.8852440799024164,0.0,0,two_ankles,accepted,1.9142924547195435,2.894092321395874,0.0015029763367265163
511,17.033333333333335,detected,3,1,0.8665299415588379,ankle_midpoint,729.0722045898438,759.3268432617188,0.9841911792755127,0.9540093541145325,1.8570013046264648,8.45831298828125,1.8812884754377581,8.461965171162957,0.0,0,two_ankles,accepted,1.8570013046264648,8.45831298828125,0.00038205104359102126
512,17.066666666666666,detected,1,29,0.8486328125,ankle_midpoint,786.0732421875,599.230712890625,0.9819205403327942,0.9848087430000305,2.0048112869262695,2.8727211952209473,1.9338116947688384,2.8796087817957554,0.0,0,two_ankles,accepted,2.0048112869262695,2.8727211952209473,0.09300744065962717
512,17.066666666666666,detected,3,1,0.8995693922042847,ankle_midpoint,731.9052734375,758.3161010742188,0.9889795780181885,0.965715765953064,1.8749555349349976,8.430792808532715,1.878438652211516,8.447937607979348,0.0,0,two_ankles,accepted,1.8749555349349976,8.430792808532715,0.03285901214832119
513,17.1,detected,1,29,0.8081114292144775,ankle_midpoint,796.8080444335938,596.273193359375,0.9875136017799377,0.9905298352241516,2.0963809490203857,2.7360801696777344,2.006967859182035,2.815020906342646,0.0,0,two_ankles,accepted,2.0963809490203857,2.7360801696777344,0.16448639116210065
513,17.1,detected,3,1,0.9026132822036743,ankle_midpoint,731.847900390625,757.195556640625,0.9882932305335999,0.9630846381187439,1.8725982904434204,8.400619506835938,1.8758104894158731,8.426644462464814,0.0,0,two_ankles,accepted,1.8725982904434204,8.400619506835938,0.030265239745916724
514,17.133333333333333,detected,1,29,0.7266268134117126,ankle_midpoint,811.2652587890625,596.9376220703125,0.98134446144104,0.9852310419082642,2.228869676589966,2.7636661529541016,2.106823677015604,2.791911267317801,0.0,0,two_ankles,accepted,2.228869676589966,2.7636661529541016,0.1353301496575335
514,17.133333333333333,detected,3,1,0.8976832032203674,ankle_midpoint,731.32958984375,755.5305786132812,0.9895473718643188,0.9653691649436951,1.8660516738891602,8.35566520690918,1.8714190224288525,8.394703797464778,0.0,0,two_ankles,accepted,1.8660516738891602,8.35566520690918,0.04542848522913142
515,17.166666666666668,detected,1,29,0.7874166369438171,ankle_midpoint,823.3240966796875,598.93603515625,0.9829765558242798,0.9865100979804993,2.3411519527435303,2.85225248336792,2.212271401093171,2.8190648145403543,0.0,0,two_ankles,accepted,2.3411519527435303,2.85225248336792,0.14302044425330077
515,17.166666666666668,detected,3,1,0.8912983536720276,ankle_midpoint,730.7978515625,754.5606689453125,0.9897280335426331,0.9624068140983582,1.8606133460998535,8.329408645629883,1.866556468080803,8.365320979139076,0.0,0,two_ankles,accepted,1.8606133460998535,8.329408645629883,0.026813847529912914
516,17.2,detected,1,29,0.8327307105064392,ankle_midpoint,829.5235595703125,601.5045166015625,0.9850360155105591,0.9877868294715881,2.400524854660034,2.966919422149658,2.29698545519826,2.8855993879645414,0.0,0,two_ankles,accepted,2.400524854660034,2.966919422149658,0.12912648191429096
516,17.2,detected,3,1,0.8805214166641235,ankle_midpoint,730.661376953125,752.936279296875,0.988335371017456,0.9612425565719604,1.856766939163208,8.285167694091797,1.8621511800678854,8.3292520008678,0.0,0,two_ankles,accepted,1.856766939163208,8.285167694091797,0.04440784434441221
517,17.233333333333334,detected,1,29,0.8344351053237915,ankle_midpoint,829.5173950195312,601.548095703125,0.9852228164672852,0.987910270690918,2.400524854660034,2.968876838684082,2.3435781849560584,2.9230742407883348,0.0,0,two_ankles,accepted,2.400524854660034,2.968876838684082,0.001957416534423828
517,17.233333333333334,detected,3,1,0.8820165395736694,ankle_midpoint,730.548828125,752.98388671875,0.988450288772583,0.9616860151290894,1.8560614585876465,8.286482810974121,1.859410805401778,8.310005865415645,0.0,0,two_ankles,accepted,1.8560614585876465,8.286482810974121,0.001492392460671385
518,17.266666666666666,detected,1,29,0.842372715473175,ankle_midpoint,838.46142578125,601.322265625,0.9837381839752197,0.9890159964561462,2.4807913303375244,2.957035541534424,2.4053241003777184,2.938356826124075,0.0,0,two_ankles,accepted,2.4807913303375244,2.957035541534424,0.0811352169891203
518,17.266666666666666,detected,3,1,0.8681042790412903,ankle_midpoint,730.4793701171875,752.8953247070312,0.987583577632904,0.9595646262168884,1.8554155826568604,8.284073829650879,1.857612955166565,8.2983364493215,0.0,0,two_ankles,accepted,1.8554155826568604,8.284073829650879,0.0024940622954726962
519,17.3,detected,1,29,0.8553086519241333,ankle_midpoint,842.22607421875,601.8341674804688,0.9777699112892151,0.9819198250770569,2.5152428150177,2.9792959690093994,2.4547875219657103,2.956779440422471,0.0,0,two_ankles,accepted,2.5152428150177,2.9792959690093994,0.04101745272487109
519,17.3,detected,3,1,0.8756125569343567,ankle_midpoint,727.2606201171875,750.9891357421875,0.988864541053772,0.9674413800239563,1.829333782196045,8.23230266571045,1.8448873273298312,8.268621246696528,0.0,0,two_ankles,accepted,1.829333782196045,8.23230266571045,0.05796993816647245
520,17.333333333333332,detected,1,29,0.8161934614181519,ankle_midpoint,845.09228515625,600.4151611328125,0.9879623055458069,0.9889425039291382,2.5395922660827637,2.9149508476257324,2.4929496568183844,2.937956573663939,0.0,0,two_ankles,accepted,2.5395922660827637,2.9149508476257324,0.06879818611743162
520,17.333333333333332,detected,3,1,0.873948872089386,ankle_midpoint,725.26708984375,750.82666015625,0.9927350282669067,0.9713970422744751,1.8149935007095337,8.228111267089844,1.8314351053506974,8.25039175587352,0.0,0,two_ankles,accepted,1.8149935007095337,8.228111267089844,0.014940264238265338
521,17.366666666666667,detected,1,29,0.8155915141105652,ankle_midpoint,845.1082153320312,600.4757080078125,0.988038957118988,0.9890102744102478,2.53979754447937,2.9176769256591797,2.5140312062658285,2.9288307320617974,0.0,0,two_ankles,accepted,2.53979754447937,2.9176769256591797,0.002733796017364321
521,17.366666666666667,detected,3,1,0.8740389347076416,ankle_midpoint,725.2977294921875,750.83984375,0.9927785992622375,0.9715179800987244,1.8152337074279785,8.228469848632812,1.8241444762854742,8.240526897615203,0.0,0,two_ankles,accepted,1.8152337074279785,8.228469848632812,0.00043160165725339905
522,17.4,detected,1,29,0.82410728931427,ankle_midpoint,847.367431640625,601.1174926757812,0.9709710478782654,0.973551332950592,2.560807228088379,2.9461379051208496,2.535080416085976,2.936618959938371,0.0,0,two_ankles,accepted,2.560807228088379,2.9461379051208496,0.035375615291726725
522,17.4,detected,3,1,0.8707562685012817,ankle_midpoint,723.9456787109375,751.2747802734375,0.9948651194572449,0.981537938117981,1.8065195083618164,8.240596771240234,1.8162132407198284,8.240558340746468,0.0,0,two_ankles,accepted,1.8065195083618164,8.240596771240234,0.014933168360769938
523,17.433333333333334,detected,1,29,0.7769613862037659,ankle_midpoint,851.4910278320312,599.2376708984375,0.9820560812950134,0.9858852624893188,2.5962491035461426,2.8605287075042725,2.5626063254430513,2.902378346343027,0.0,0,two_ankles,accepted,2.5962491035461426,2.8605287075042725,0.09265560561842866
523,17.433333333333334,detected,3,1,0.8847432136535645,ankle_midpoint,721.00927734375,749.1580810546875,0.9951592087745667,0.9851049780845642,1.7818337678909302,8.182734489440918,1.8007424779468244,8.21453760765897,0.0,0,two_ankles,accepted,1.7818337678909302,8.182734489440918,0.06290810311573107
524,17.466666666666665,detected,1,29,0.7759204506874084,ankle_midpoint,851.4991455078125,599.1923828125,0.9820744395256042,0.9858837723731995,2.596281051635742,2.858476400375366,2.5777599522297625,2.8826224706575796,0.0,0,two_ankles,accepted,2.596281051635742,2.858476400375366,0.0020525557804328925
524,17.466666666666665,detected,3,1,0.8842468857765198,ankle_midpoint,721.0399169921875,749.1678466796875,0.9951040744781494,0.9849190711975098,1.7820687294006348,8.182999610900879,1.7923392911010392,8.20034550911783,0.0,0,two_ankles,accepted,1.7820687294006348,8.182999610900879,0.0003542545688829984
525,17.5,detected,1,29,0.720030665397644,ankle_midpoint,854.1881103515625,596.5506591796875,0.9853039383888245,0.9883683323860168,2.618288516998291,2.7377231121063232,2.5959978063756006,2.8174177593095147,0.0,0,two_ankles,accepted,2.618288516998291,2.7377231121063232,0.12274235275352341
525,17.5,detected,3,1,0.8830953240394592,ankle_midpoint,719.646728515625,753.3229370117188,0.9969245791435242,0.9887712597846985,1.7801462411880493,8.297219276428223,1.7868524186401937,8.243938704407507,0.0,0,two_ankles,accepted,1.7801462411880493,8.297219276428223,0.1142358435610549
526,17.533333333333335,detected,1,29,0.7932555079460144,ankle_midpoint,858.5625,593.3709716796875,0.982846200466156,0.9855059385299683,2.6554720401763916,2.590559244155884,2.622761211585957,2.715331427490381,0.0,0,two_ankles,accepted,2.6554720401763916,2.590559244155884,0.15178872957525774
526,17.533333333333335,detected,3,1,0.861418604850769,ankle_midpoint,721.5987548828125,756.3458251953125,0.9963488578796387,0.9868025183677673,1.7994858026504517,8.379053115844727,1.7925374414448099,8.304740189554256,0.0,0,two_ankles,accepted,1.7994858026504517,8.379053115844727,0.0840880247788244
527,17.566666666666666,detected,1,29,0.861300528049469,ankle_midpoint,869.2091064453125,590.1795043945312,0.9879661202430725,0.9881929755210876,2.75079345703125,2.4398345947265625,2.680375722036339,2.591357852746663,0.0,0,two_ankles,accepted,2.75079345703125,2.4398345947265625,0.1783370193112173
527,17.566666666666666,detected,3,1,0.8613280057907104,ankle_midpoint,724.714111328125,765.444580078125,0.9744798541069031,0.9624359607696533,1.8376543521881104,8.621488571166992,1.8128400512792953,8.447276961279988,0.0,0,two_ankles,accepted,1.8376543521881104,8.621488571166992,0.2454216538350334
528,17.6,detected,1,29,0.8719379305839539,ankle_midpoint,876.9478759765625,589.2413330078125,0.9913768768310547,0.9913684725761414,2.8215115070343018,2.394272565841675,2.7438868252854225,2.5026694736394184,0.0,0,two_ankles,accepted,2.8215115070343018,2.394272565841675,0.08412455689239301
528,17.6,detected,3,1,0.8743776082992554,ankle_midpoint,722.9981079101562,771.8480834960938,0.9589478373527527,0.9494988918304443,1.8372129201889038,8.788891792297363,1.8238078422886193,8.601003635237808,0.0,0,two_ankles,accepted,1.8372129201889038,8.788891792297363,0.16740380314387676
529,17.633333333333333,detected,1,29,0.8716426491737366,ankle_midpoint,876.9591674804688,589.3238525390625,0.9912686347961426,0.9912660717964172,2.821657180786133,2.39815092086792,2.7788834852607422,2.4556361248922443,0.0,0,two_ankles,accepted,2.821657180786133,2.39815092086792,0.003881089866464483
529,17.633333333333333,detected,3,1,0.8750910758972168,ankle_midpoint,723.01171875,771.7897338867188,0.9592139720916748,0.9498592615127563,1.8372031450271606,8.78738021850586,1.829835728520963,8.684873097708431,0.0,0,two_ankles,accepted,1.8372031450271606,8.78738021850586,0.0015116053985576394
530,17.666666666666668,detected,1,29,0.8661785125732422,ankle_midpoint,883.2080078125,585.89794921875,0.9916708469390869,0.9919388890266418,2.8778767585754395,2.2347757816314697,2.823430458252356,2.356248970424896,0.0,0,two_ankles,accepted,2.8778767585754395,2.2347757816314697,0.17277753629259038
530,17.666666666666668,detected,3,1,0.8734099268913269,ankle_midpoint,721.4649658203125,773.1641845703125,0.94507896900177,0.9415709376335144,1.8290693759918213,8.823078155517578,1.8294908698828491,8.747065373722547,0.0,0,two_ankles,accepted,1.8290693759918213,8.823078155517578,0.03661285164546576
531,17.7,detected,1,29,0.8522641062736511,ankle_midpoint,902.4903564453125,581.91455078125,0.992016077041626,0.9900957345962524,3.0565037727355957,2.0396862030029297,2.9283134497698144,2.2137957250850113,0.0,0,two_ankles,accepted,3.0565037727355957,2.0396862030029297,0.264513806590949
531,17.7,detected,3,1,0.8969502449035645,ankle_midpoint,725.5489501953125,773.7758178710938,0.9856379628181458,0.9818784594535828,1.8579918146133423,8.838294982910156,1.8423162950115712,8.788118697856971,0.0,0,two_ankles,accepted,1.8579918146133423,8.838294982910156,0.032681176412595145
532,17.733333333333334,detected,1,29,0.829155445098877,ankle_midpoint,910.3802490234375,579.1341552734375,0.9918351173400879,0.9884301424026489,3.1304914951324463,1.9028371572494507,3.019293570182999,2.073864369559009,0.0,0,two_ankles,accepted,3.1304914951324463,1.9028371572494507,0.1555694198392191
532,17.733333333333334,detected,3,1,0.9007613658905029,ankle_midpoint,726.0921630859375,776.0453491210938,0.9897676110267639,0.988681435585022,1.8655953407287598,8.89643669128418,1.8527918655843063,8.836861794899216,0.0,0,two_ankles,accepted,1.8655953407287598,8.89643669128418,0.05863677908990076
533,17.766666666666666,detected,1,29,0.8300071954727173,ankle_midpoint,910.3358764648438,579.0,0.9918463826179504,0.9884394407272339,3.1300857067108154,1.896282434463501,3.0691500316205165,1.9939524987660306,0.0,0,two_ankles,accepted,3.1300857067108154,1.896282434463501,0.006567271506781028
533,17.766666666666666,detected,3,1,0.9006609916687012,ankle_midpoint,726.0872802734375,776.0523681640625,0.9898428320884705,0.9887366890907288,1.8655742406845093,8.896615982055664,1.858543934379398,8.863751179119618,0.0,0,two_ankles,accepted,1.8655742406845093,8.896615982055664,0.00018052809367750754
534,17.8,detected,1,29,0.8160349726676941,ankle_midpoint,915.6151123046875,579.349609375,0.9944456815719604,0.9896355271339417,3.179652690887451,1.9123162031173706,3.1188762282906373,1.9572161657241338,0.0,0,two_ankles,accepted,3.179652690887451,1.9123162031173706,0.052095754698561286
534,17.8,detected,3,1,0.9017441868782043,ankle_midpoint,728.7044677734375,775.5753173828125,0.9893925189971924,0.9875083565711975,1.8825525045394897,8.88407039642334,1.8693477909514393,8.872894826906293,0.0,0,two_ankles,accepted,1.8825525045394897,8.88407039642334,0.021110498866377274
535,17.833333333333332,detected,1,29,0.7386729717254639,ankle_midpoint,920.3598022460938,576.08447265625,0.9945389628410339,0.9818252325057983,3.225105047225952,1.7507493495941162,3.166679196811529,1.864306098465626,0.0,0,two_ankles,accepted,3.225105047225952,1.7507493495941162,0.16783850825757124
535,17.833333333333332,detected,3,1,0.9113059043884277,ankle_midpoint,733.9068603515625,772.9553833007812,0.9740590453147888,0.9724384546279907,1.913612961769104,8.816064834594727,1.8892671178193883,8.84732133036609,0.0,0,two_ankles,accepted,1.913612961769104,8.816064834594727,0.07476301520764154
536,17.866666666666667,detected,1,29,0.7393036484718323,ankle_midpoint,920.37451171875,576.1201782226562,0.9945101737976074,0.9816509485244751,3.2252345085144043,1.7525137662887573,3.1930290870778233,1.8139995489860352,0.0,0,two_ankles,accepted,3.2252345085144043,1.7525137662887573,0.0017691598281489329
536,17.866666666666667,detected,3,1,0.9112704396247864,ankle_midpoint,733.9283447265625,772.9005126953125,0.9742893576622009,0.9725895524024963,1.9136688709259033,8.81464672088623,1.9002479067173201,8.832617756100152,0.0,0,two_ankles,accepted,1.9136688709259033,8.81464672088623,0.001419215390290901
537,17.9,detected,1,29,0.6363620758056641,ankle_midpoint,918.8636474609375,573.7275390625,0.9891074895858765,0.9771130084991455,3.211533308029175,1.6338413953781128,3.2013559865059316,1.7329283798624702,0.0,0,two_ankles,accepted,3.211533308029175,1.6338413953781128,0.11946068186767579
537,17.9,detected,3,1,0.9125188589096069,ankle_midpoint,736.6146240234375,774.230224609375,0.9853840470314026,0.9840233325958252,1.9341639280319214,8.848533630371094,1.9155101163088908,8.839779899522076,0.0,0,two_ankles,accepted,1.9341639280319214,8.848533630371094,0.039602651429093215
538,17.933333333333334,detected,1,29,0.41044580936431885,ankle_midpoint,912.6334228515625,567.4423828125,0.9972068667411804,0.9933941960334778,3.1531758308410645,1.317211389541626,3.2133921656130013,1.652718402961539,0.0,0,two_ankles,corrected_motion_outlier,3.228103051188308,1.5546839867492896,0.3219629726222792
538,17.933333333333334,detected,3,1,0.9127957224845886,ankle_midpoint,744.0632934570312,775.184814453125,0.9786054491996765,0.9735866785049438,1.986388921737671,8.872063636779785,1.9474055787518418,8.854307581288046,0.0,0,two_ankles,accepted,1.986388921737671,8.872063636779785,0.057280984359197554
539,17.966666666666665,detected,1,29,0.4202828109264374,ankle_midpoint,906.5283203125,560.382080078125,0.996721088886261,0.9906859993934631,3.0945770740509033,0.9518022537231445,3.2274684485434992,1.5729820817830564,0.0,0,two_ankles,corrected_motion_outlier,3.244672794347441,1.4755265781204663,0.34599716451722046
539,17.966666666666665,detected,3,1,0.9136556386947632,ankle_midpoint,751.293212890625,777.2275390625,0.9917927384376526,0.9908276200294495,2.0385892391204834,8.92333698272705,1.9884382259177307,8.885370811935598,0.0,0,two_ankles,accepted,2.0385892391204834,8.92333698272705,0.07316986496840305
540,18.0,detected,1,29,0.49466726183891296,ankle_midpoint,904.74755859375,559.4730834960938,0.9975605010986328,0.9904894828796387,3.0771923065185547,0.9042134881019592,3.1598441846322745,1.2720362146265627,0.0,0,two_ankles,accepted,3.0771923065185547,0.9042134881019592,0.24729747892929274
540,18.0,detected,3,1,0.9232800602912903,ankle_midpoint,755.6806640625,781.27490234375,0.9920389652252197,0.9919468760490417,2.0740978717803955,9.025354385375977,2.02698506655593,8.948363419983767,0.0,0,two_ankles,accepted,2.0740978717803955,9.025354385375977,0.108020430644437
541,18.033333333333335,detected,1,29,0.504406213760376,ankle_midpoint,904.6917724609375,559.5238037109375,0.9975354671478271,0.9904022216796875,3.076648235321045,0.9069064259529114,3.1224060074422217,1.1077278097234196,0.0,0,two_ankles,accepted,3.076648235321045,0.9069064259529114,0.002747349220075687
541,18.033333333333335,detected,3,1,0.9232834577560425,ankle_midpoint,755.69482421875,781.2469482421875,0.9920186400413513,0.9918966889381409,2.0741541385650635,9.02464771270752,2.04821114896004,8.982691351709455,0.0,0,two_ankles,accepted,2.0741541385650635,9.02464771270752,0.0007089091700641576
542,18.066666666666666,detected,1,29,0.5048447847366333,ankle_midpoint,904.6717529296875,557.6220092773438,0.9932466745376587,0.9873908162117004,3.076413154602051,0.806004524230957,3.101709223664145,0.9719523312518115,0.0,0,two_ankles,accepted,3.076413154602051,0.806004524230957,0.100902175566493
542,18.066666666666666,detected,3,1,0.9157688021659851,ankle_midpoint,759.423095703125,782.612548828125,0.9949018955230713,0.9948884844779968,2.1011829376220703,9.058523178100586,2.0720484538579536,9.016815673585464,0.0,0,two_ankles,accepted,2.1011829376220703,9.058523178100586,0.04333708728169088
543,18.1,detected,1,29,0.5174078941345215,ankle_midpoint,904.6400756835938,558.1085815429688,0.9932344555854797,0.988227903842926,3.076112985610962,0.8319019079208374,3.090190916540213,0.9089296407528733,0.0,0,two_ankles,accepted,3.076112985610962,0.8319019079208374,0.025899123216898544
543,18.1,detected,3,1,0.9135668873786926,ankle_midpoint,763.8771362304688,784.4656982421875,0.9950514435768127,0.9952357411384583,2.1336331367492676,9.104366302490234,2.099761561159045,9.056213456592612,0.0,0,two_ankles,accepted,2.1336331367492676,9.104366302490234,0.05616589247220713
544,18.133333333333333,detected,1,29,0.5540369153022766,ankle_midpoint,901.2263793945312,556.1903076171875,0.9946768283843994,0.9859330058097839,3.0424957275390625,0.7302669882774353,3.068728081489695,0.8285314471389262,0.0,0,two_ankles,accepted,3.0424957275390625,0.7302669882774353,0.10705034764629907
544,18.133333333333333,detected,3,1,0.9162830710411072,ankle_midpoint,771.1705322265625,793.6158447265625,0.9935364127159119,0.992879331111908,2.1939516067504883,9.329180717468262,2.1421470816751946,9.179048723986654,0.0,0,two_ankles,accepted,2.1939516067504883,9.329180717468262,0.23276563106524306
545,18.166666666666668,detected,1,29,0.7238140106201172,ankle_midpoint,890.4112548828125,553.8014526367188,0.9956833124160767,0.9905644655227661,2.9353928565979004,0.6040105223655701,3.008727230288388,0.727497030990916,0.0,0,two_ankles,accepted,2.9353928565979004,0.6040105223655701,0.1655648517904486
545,18.166666666666668,detected,3,1,0.9190411567687988,ankle_midpoint,781.0960083007812,807.3711547851562,0.9908051490783691,0.9892027974128723,2.2750775814056396,9.656877517700195,2.1829757839746877,9.293159636698485,0.0,0,two_ankles,corrected_motion_outlier,2.2328775312296227,9.432628530012945,0.3375894202222517
546,18.2,detected,1,29,0.7228075861930847,ankle_midpoint,890.4000244140625,553.8046875,0.9956579208374023,0.9907112717628479,2.9352829456329346,0.6041879057884216,2.975677302193434,0.6720079246497936,0.0,0,two_ankles,accepted,2.9352829456329346,0.6041879057884216,0.00020867510374324486
546,18.2,detected,3,1,0.9190477132797241,ankle_midpoint,781.0928344726562,807.3765869140625,0.9908139109611511,0.9891899824142456,2.2750630378723145,9.657005310058594,2.22441504822862,9.456890189710535,0.0,0,two_ankles,accepted,2.2750630378723145,9.657005310058594,0.16885498790800343
547,18.233333333333334,detected,1,29,0.6737574934959412,ankle_midpoint,884.0158081054688,552.6387939453125,0.9971482157707214,0.989782452583313,2.8716795444488525,0.5423640012741089,2.9288783112083725,0.6136681591307356,0.0,0,two_ankles,accepted,2.8716795444488525,0.5423640012741089,0.0886994239641845
547,18.233333333333334,detected,3,1,0.9183092713356018,ankle_midpoint,783.2681274414062,809.9090576171875,0.9932568073272705,0.9917317032814026,2.291930913925171,9.715978622436523,2.254797187792068,9.573479984437231,0.0,0,two_ankles,accepted,2.291930913925171,9.715978622436523,0.06133821659748026
548,18.266666666666666,detected,1,29,0.6853402256965637,ankle_midpoint,879.4174194335938,551.6907348632812,0.9939885139465332,0.982181191444397,2.825623035430908,0.49174633622169495,2.8824134371085135,0.5588033388216673,0.0,0,two_ankles,accepted,2.825623035430908,0.49174633622169495,0.06843500594197648
548,18.266666666666666,detected,3,1,0.9181077480316162,ankle_midpoint,787.1005859375,812.5003051757812,0.9933632612228394,0.9917002320289612,2.3194618225097656,9.775712966918945,2.2838962734150323,9.664484826554004,0.0,0,two_ankles,accepted,2.3194618225097656,9.775712966918945,0.06577342045414665
549,18.3,detected,1,29,0.6824251413345337,ankle_midpoint,879.4317626953125,551.7098388671875,0.9939883947372437,0.982194721698761,2.825775623321533,0.4927852749824524,2.8569264209043723,0.5290952100940206,0.0,0,two_ankles,accepted,2.825775623321533,0.4927852749824524,0.001050084193276713
549,18.3,detected,3,1,0.9181333780288696,ankle_midpoint,787.0848388671875,812.5142822265625,0.9933856129646301,0.9917324781417847,2.3193743228912354,9.77603816986084,2.299861395679324,9.71468383104208,0.0,0,two_ankles,accepted,2.3193743228912354,9.77603816986084,0.0003367686693559857
550,18.333333333333332,detected,1,29,0.6873204112052917,ankle_midpoint,874.7325439453125,553.9188232421875,0.9957919120788574,0.9886056780815125,2.780524492263794,0.6137475371360779,2.822545553016112,0.5671887572629464,0.0,0,two_ankles,accepted,2.780524492263794,0.6137475371360779,0.1291492691707046
550,18.333333333333332,detected,3,1,0.9144184589385986,ankle_midpoint,796.3457641601562,816.85888671875,0.9969711303710938,0.9969295859336853,2.38333797454834,9.874923706054688,2.3374258561703813,9.786791774797756,0.0,0,two_ankles,accepted,2.38333797454834,9.874923706054688,0.11776968201390442
551,18.366666666666667,detected,1,29,0.6324478983879089,ankle_midpoint,872.0860595703125,552.0584716796875,0.9961177110671997,0.9860300421714783,2.7531135082244873,0.5133846402168274,2.791301132859881,0.5429769045921928,0.0,0,two_ankles,accepted,2.7531135082244873,0.5133846402168274,0.10403880585640736
551,18.366666666666667,detected,3,1,0.9135393500328064,ankle_midpoint,798.6976318359375,819.3779296875,0.9956798553466797,0.9959039092063904,2.400752067565918,9.932104110717773,2.365922651298373,9.852182325961763,0.0,0,two_ankles,accepted,2.400752067565918,9.932104110717773,0.05977331606209516
552,18.4,detected,1,29,0.648273229598999,ankle_midpoint,869.0806884765625,548.8773193359375,0.9968024492263794,0.9882310032844543,2.720928430557251,0.33965471386909485,2.759633416823698,0.4514819187667988,0.0,0,two_ankles,accepted,2.720928430557251,0.33965471386909485,0.1766860677394644
552,18.4,detected,3,1,0.9143417477607727,ankle_midpoint,803.3394775390625,823.938232421875,0.9945451021194458,0.9951032400131226,2.434431314468384,10.034610748291016,2.396751549724878,9.934275116009928,0.0,0,two_ankles,accepted,2.434431314468384,10.034610748291016,0.10789764788209834
553,18.433333333333334,detected,1,29,0.7682626247406006,ankle_midpoint,861.125,542.403076171875,0.9974684715270996,0.9919209480285645,2.6355011463165283,-0.020625321194529533,2.727867314041692,0.36710574502760207,0.0,0,two_ankles,corrected_motion_outlier,2.6890420773081285,0.26397931045747275,0.3702695296107845
553,18.433333333333334,detected,3,1,0.910880446434021,ankle_midpoint,809.4859619140625,835.7564086914062,0.9853389263153076,0.9849845170974731,2.482963800430298,10.29532527923584,2.435547062542317,10.096747689461589,0.0,0,two_ankles,accepted,2.482963800430298,10.29532527923584,0.2651932669571818
554,18.466666666666665,detected,1,29,0.7688620090484619,ankle_midpoint,861.1201171875,542.3792724609375,0.9974818825721741,0.9919267892837524,2.6354291439056396,-0.021973341703414917,2.6862701374804687,0.19202015599864444,0.0,0,two_ankles,accepted,2.6354291439056396,-0.021973341703414917,0.18579893608084022
554,18.466666666666665,detected,3,1,0.9108262062072754,ankle_midpoint,809.5076904296875,835.7567138671875,0.9854088425636292,0.9850870370864868,2.483100414276123,10.295329093933105,2.45694607082253,10.186109321473772,0.0,0,two_ankles,accepted,2.483100414276123,10.295329093933105,0.00013666709474624314
555,18.5,detected,1,29,0.8089863657951355,ankle_midpoint,857.2874755859375,537.7101440429688,0.997883141040802,0.9929821491241455,2.591831684112549,-0.28835374116897583,2.643772833464905,-0.02414809772678468,0.0,0,two_ankles,accepted,2.591831684112549,-0.28835374116897583,0.26992453708368563
555,18.5,detected,3,1,0.9109044075012207,ankle_midpoint,814.8280029296875,839.5452270507812,0.9838481545448303,0.9840419292449951,2.519254684448242,10.376835823059082,2.4849849469541008,10.271936247187163,0.0,0,two_ankles,accepted,2.519254684448242,10.376835823059082,0.08916545376149834
556,18.533333333333335,detected,1,29,0.7837056517601013,ankle_midpoint,850.5173950195312,532.828857421875,0.9848597645759583,0.9740647673606873,2.5168046951293945,-0.5718621015548706,2.5866371712139253,-0.2706193994494233,0.0,0,two_ankles,accepted,2.5168046951293945,-0.5718621015548706,0.2932678630272617
556,18.533333333333335,detected,3,1,0.9215681552886963,ankle_midpoint,816.0333862304688,841.1131591796875,0.9835124611854553,0.9840526580810547,2.527907371520996,10.410452842712402,2.5043000380092035,10.334268715173522,0.0,0,two_ankles,accepted,2.527907371520996,10.410452842712402,0.03471272106808578
557,18.566666666666666,detected,3,1,0.9255828261375427,ankle_midpoint,820.799560546875,835.985107421875,0.9906224608421326,0.9906803965568542,2.5540852546691895,10.298979759216309,2.526703385506197,10.318388684992776,0.0,0,two_ankles,accepted,2.5540852546691895,10.298979759216309,0.11450558899131323
557,18.566666666666666,predicted,1,,,motion_prediction,,,,,,,2.4655484336145186,-0.7792118005891581,,1,,motion_prediction,2.4655484336145186,-0.7792118005891581,
558,18.6,detected,3,1,0.9256956577301025,ankle_midpoint,820.8148803710938,835.9871826171875,0.990644097328186,0.9907165169715881,2.554182767868042,10.299022674560547,2.5390691075690275,10.309673980298275,0.0,0,two_ankles,accepted,2.554182767868042,10.299022674560547,0.0001065389633962383
558,18.6,predicted,1,,,motion_prediction,,,,,,,2.4142921720996426,-0.9865614996234455,,2,,motion_prediction,2.4142921720996426,-0.9865614996234455,
559,18.633333333333333,detected,3,1,0.9231455326080322,ankle_midpoint,823.9974365234375,837.1041259765625,0.9948315024375916,0.9945825934410095,2.5748796463012695,10.322935104370117,2.555183849998537,10.315641486130605,0.0,0,two_ankles,accepted,2.5748796463012695,10.322935104370117,0.03162538657909854
559,18.633333333333333,predicted,1,,,motion_prediction,,,,,,,2.3630359105847667,-1.1939111986577329,,3,,motion_prediction,2.3630359105847667,-1.1939111986577329,
560,18.666666666666668,detected,3,1,0.9175087213516235,ankle_midpoint,828.380615234375,837.7408447265625,0.9954968690872192,0.9949867725372314,2.602724313735962,10.336235046386719,2.5765770586803782,10.324908588245858,0.0,0,two_ankles,accepted,2.602724313735962,10.336235046386719,0.03085796432355158
560,18.666666666666668,predicted,1,,,motion_prediction,,,,,,,2.3117796490698908,-1.4012608976920204,,4,,motion_prediction,2.3117796490698908,-1.4012608976920204,
561,18.7,detected,3,1,0.9115220308303833,ankle_midpoint,836.1796875,837.21728515625,0.9945082068443298,0.9936051964759827,2.6512269973754883,10.323966026306152,2.6101695310931783,10.324484435372991,0.0,0,two_ankles,accepted,2.6512269973754883,10.323966026306152,0.05003038250876481
561,18.7,predicted,1,,,motion_prediction,,,,,,,2.260523387555015,-1.6086105967263078,,5,,motion_prediction,2.260523387555015,-1.6086105967263078,
562,18.733333333333334,detected,3,1,0.9114423990249634,ankle_midpoint,836.1795043945312,837.1904296875,0.9944791793823242,0.993593156337738,2.6512107849121094,10.323383331298828,2.6286380953116977,10.323988938539618,0.0,0,two_ankles,accepted,2.6512107849121094,10.323383331298828,0.0005829205053258838
562,18.733333333333334,predicted,1,,,motion_prediction,,,,,,,2.209267126040139,-1.8159602957605951,,6,,motion_prediction,2.209267126040139,-1.8159602957605951,
563,18.766666666666666,detected,3,1,0.9114788770675659,ankle_midpoint,836.1805419921875,837.2166137695312,0.994520902633667,0.9936263561248779,2.6512320041656494,10.32395076751709,2.638805354295976,10.32397176157948,0.0,0,two_ankles,accepted,2.6512320041656494,10.32395076751709,0.0005678328262049997
563,18.766666666666666,predicted,1,,,motion_prediction,,,,,,,2.158010864525263,-2.0233099947948827,,7,,motion_prediction,2.158010864525263,-2.0233099947948827,
564,18.8,detected,3,1,0.9182167649269104,ankle_midpoint,839.2015380859375,830.572021484375,0.9942048192024231,0.9925525188446045,2.666538953781128,10.178108215332031,2.6512854740642946,10.258333165768128,0.0,0,two_ankles,accepted,2.666538953781128,10.178108215332031,0.14664362493604124
564,18.8,predicted,1,,,motion_prediction,,,,,,,2.106754603010387,-2.2306596938291703,,8,,motion_prediction,2.106754603010387,-2.2306596938291703,
565,18.833333333333332,detected,3,1,0.9202271103858948,ankle_midpoint,842.3408203125,833.1358642578125,0.9927599430084229,0.9914767146110535,2.6876986026763916,10.234173774719238,2.6676713819397384,10.247461439796128,0.0,0,two_ankles,accepted,2.6876986026763916,10.234173774719238,0.059925601296701825
565,18.833333333333332,predicted,1,,,motion_prediction,,,,,,,2.055498341495511,-2.4380093928634574,,9,,motion_prediction,2.055498341495511,-2.4380093928634574,
566,18.866666666666667,detected,3,1,0.9202350974082947,ankle_midpoint,842.3201904296875,833.121826171875,0.99272620677948,0.9914320707321167,2.687561273574829,10.233868598937988,2.6766218331755294,10.241344661409965,0.0,0,two_ankles,accepted,2.687561273574829,10.233868598937988,0.00033465137023103804
566,18.866666666666667,predicted,1,,,motion_prediction,,,,,,,2.004242079980635,-2.645359091897745,,10,,motion_prediction,2.004242079980635,-2.645359091897745,
567,18.9,detected,1,29,0.7313776612281799,ankle_midpoint,778.58251953125,529.4891357421875,0.9841398000717163,0.9792363047599792,1.76509690284729,-0.7536208033561707,2.2169440504489395,-0.48797003120745963,1.457480159858585,0,two_ankles,accepted,1.76509690284729,-0.7536208033561707,0.07030634446161164
567,18.9,detected,3,1,0.930499792098999,ankle_midpoint,841.9910888671875,845.1361694335938,0.975609540939331,0.9681150913238525,2.6916563510894775,10.493450164794922,2.683387366236806,10.354792137933195,0.0,0,two_ankles,accepted,2.6916563510894775,10.493450164794922,0.2596138651778609
568,18.933333333333334,detected,1,29,0.7296998500823975,ankle_midpoint,778.5339965820312,529.5977783203125,0.9843226075172424,0.9793016910552979,1.764900803565979,-0.7471141815185547,2.0135245893516074,-0.6045848988474525,0.0,0,two_ankles,accepted,1.764900803565979,-0.7471141815185547,0.006509576227825563
568,18.933333333333334,detected,3,1,0.9307973384857178,ankle_midpoint,841.9642333984375,845.0496826171875,0.9758771657943726,0.9685340523719788,2.69144606590271,10.49161434173584,2.687013781086463,10.416362129644387,0.0,0,two_ankles,accepted,2.69144606590271,10.49161434173584,0.0018478274172744548
569,18.966666666666665,detected,1,29,0.689456045627594,ankle_midpoint,771.613037109375,533.404541015625,0.990423321723938,0.9873375296592712,1.7042943239212036,-0.5198289752006531,1.8743709699079258,-0.5664447332063928,0.0,0,two_ankles,accepted,1.7042943239212036,-0.5198289752006531,0.23522693380202803
569,18.966666666666665,detected,3,1,0.926133394241333,ankle_midpoint,843.0874633789062,849.97412109375,0.9856862425804138,0.9746638536453247,2.7008397579193115,10.595599174499512,2.693235470661245,10.497018799829194,0.0,0,two_ankles,accepted,2.7008397579193115,10.595599174499512,0.10440827024039605
570,19.0,detected,1,29,0.7499217391014099,ankle_midpoint,768.64306640625,537.3656616210938,0.9749212861061096,0.9745836853981018,1.6855016946792603,-0.2881741225719452,1.7893797960550266,-0.44122295842089143,0.0,0,two_ankles,accepted,1.6855016946792603,-0.2881741225719452,0.232415863615747
570,19.0,detected,3,1,0.9263707995414734,ankle_midpoint,844.4888916015625,856.9942626953125,0.9815969467163086,0.9698430299758911,2.7128093242645264,10.741629600524902,2.7020437047827217,10.607093660142263,0.0,0,two_ankles,accepted,2.7128093242645264,10.741629600524902,0.14652015507652721
571,19.033333333333335,detected,1,29,0.6901832818984985,ankle_midpoint,764.6864013671875,538.7046508789062,0.9653705954551697,0.9667170643806458,1.6491369009017944,-0.2100745290517807,1.7262704932360724,-0.33720616520479163,0.0,0,two_ankles,accepted,1.6491369009017944,-0.2100745290517807,0.0861507094253584
571,19.033333333333335,detected,3,1,0.9344387650489807,ankle_midpoint,843.5277099609375,861.7993774414062,0.9763776063919067,0.9636425971984863,2.709226608276367,10.84031867980957,2.7052760113548624,10.712044918992554,0.0,0,two_ankles,accepted,2.709226608276367,10.84031867980957,0.09875408965661772
572,19.066666666666666,detected,1,29,0.6914739608764648,ankle_midpoint,764.6959838867188,538.694091796875,0.9653119444847107,0.9668793082237244,1.649202585220337,-0.21068379282951355,1.6915899346289915,-0.2802710976359165,0.0,0,two_ankles,accepted,1.649202585220337,-0.21068379282951355,0.0006127942399857334
572,19.066666666666666,detected,3,1,0.9343822002410889,ankle_midpoint,843.5216064453125,861.7542724609375,0.9764898419380188,0.9636129140853882,2.7091684341430664,10.839400291442871,2.7070276016095542,10.769354836595198,0.0,0,two_ankles,accepted,2.7091684341430664,10.839400291442871,0.0009202290051252219
573,19.1,detected,1,29,0.5579153895378113,ankle_midpoint,761.6329345703125,538.6122436523438,0.946852445602417,0.9545871019363403,1.6177424192428589,-0.21469876170158386,1.658358552705232,-0.25076354646546684,0.0,0,two_ankles,accepted,1.6177424192428589,-0.21469876170158386,0.03171532781438905
573,19.1,detected,3,1,0.9194486141204834,ankle_midpoint,840.8485717773438,862.8903198242188,0.975335955619812,0.9602910280227661,2.6935057640075684,10.862835884094238,2.7009427746886607,10.811421307969766,0.0,0,two_ankles,accepted,2.6935057640075684,10.862835884094238,0.02818769658369123
574,19.133333333333333,detected,1,29,0.48087209463119507,ankle_midpoint,763.363037109375,538.4384155273438,0.9461255073547363,0.9541763663291931,1.6348410844802856,-0.22509118914604187,1.6477756920040063,-0.2392109856717256,0.0,0,two_ankles,accepted,1.6348410844802856,-0.22509118914604187,0.020009170424830466
574,19.133333333333333,detected,3,1,0.9141053557395935,ankle_midpoint,843.7974853515625,860.5662841796875,0.9920624494552612,0.9893486499786377,2.710282564163208,10.815104484558105,2.7051456799522073,10.81307873743452,0.0,0,two_ankles,accepted,2.710282564163208,10.815104484558105,0.05059394751489757
575,19.166666666666668,detected,1,29,0.4827616810798645,ankle_midpoint,763.301513671875,538.4700927734375,0.9461411833763123,0.9541974067687988,1.6343108415603638,-0.22325411438941956,1.6417165093043673,-0.23203039359468788,0.0,0,two_ankles,accepted,1.6343108415603638,-0.22325411438941956,0.0019120672622965468
575,19.166666666666668,detected,3,1,0.914263904094696,ankle_midpoint,843.7130126953125,860.6309814453125,0.9921871423721313,0.9893802404403687,2.7097995281219482,10.816436767578125,2.707239911628591,10.814589850999143,0.0,0,two_ankles,accepted,2.7097995281219482,10.816436767578125,0.0014171456744415053
576,19.2,detected,1,29,0.44642966985702515,ankle_midpoint,764.2604370117188,540.4439697265625,0.9815518260002136,0.9839047789573669,1.650053858757019,-0.11034145951271057,1.6454683165580608,-0.1772703732577981,0.0,0,two_ankles,accepted,1.650053858757019,-0.11034145951271057,0.11400486928969734
576,19.2,detected,3,1,0.9112548828125,ankle_midpoint,860.5238647460938,847.4056396484375,0.9802547097206116,0.9723150134086609,2.807335138320923,10.539451599121094,2.7522827636401406,10.690777637654023,0.0,0,two_ankles,accepted,2.807335138320923,10.539451599121094,0.2936562255462266
577,19.233333333333334,detected,1,29,0.4519076347351074,ankle_midpoint,767.7808837890625,537.9171142578125,0.9771031141281128,0.980476975440979,1.6783310174942017,-0.2561294734477997,1.6602565319793243,-0.21275696834329882,0.0,0,two_ankles,accepted,1.6783310174942017,-0.2561294734477997,0.14850502588594622
577,19.233333333333334,detected,3,1,0.9201235175132751,ankle_midpoint,877.16943359375,848.220703125,0.9870989918708801,0.9888142943382263,2.91039776802063,10.554760932922363,2.823434515611361,10.629570120524775,0.0,0,two_ankles,accepted,2.91039776802063,10.554760932922363,0.10419348032414326
578,19.266666666666666,detected,1,29,0.4821862578392029,ankle_midpoint,770.6883544921875,538.072998046875,0.9725702404975891,0.982445478439331,1.7084556818008423,-0.2477976381778717,1.6819461493990073,-0.22852526976885662,0.0,0,two_ankles,accepted,1.7084556818008423,-0.2477976381778717,0.03125563754833684
578,19.266666666666666,detected,3,1,0.9178822040557861,ankle_midpoint,896.470458984375,848.7171630859375,0.9851216077804565,0.9829807281494141,3.0296101570129395,10.563018798828125,2.9162135542420717,10.599622025761285,0.0,0,two_ankles,accepted,3.0296101570129395,10.563018798828125,0.11949805872302392
579,19.3,detected,1,29,0.6356275677680969,ankle_midpoint,779.2030029296875,541.489990234375,0.9843329191207886,0.9870243072509766,1.804555058479309,-0.05411628261208534,1.7371201584851432,-0.15004122554830954,0.0,0,two_ankles,accepted,1.804555058479309,-0.05411628261208534,0.21621183522598944
579,19.3,detected,3,1,0.9361460208892822,ankle_midpoint,933.3909912109375,852.63525390625,0.9906821250915527,0.9882694482803345,3.2566139698028564,10.641018867492676,3.0693937412444248,10.61825060454041,0.0,0,two_ankles,accepted,3.2566139698028564,10.641018867492676,0.24003070997860737
580,19.333333333333332,detected,1,29,0.6271402835845947,ankle_midpoint,779.194091796875,541.474365234375,0.9843201637268066,0.9870358109474182,1.8044229745864868,-0.05500238388776779,1.7674064257307478,-0.10727374680106576,0.0,0,two_ankles,accepted,1.8044229745864868,-0.05500238388776779,0.0008958915255259132
580,19.333333333333332,detected,3,1,0.9361225366592407,ankle_midpoint,933.39404296875,852.7449951171875,0.9906724095344543,0.9882835149765015,3.2566089630126953,10.643309593200684,3.153640591040147,10.629527149437534,0.0,0,two_ankles,accepted,3.2566089630126953,10.643309593200684,0.0022907311796183357
581,19.366666666666667,detected,1,29,0.6061237454414368,ankle_midpoint,787.3194580078125,542.87939453125,0.9447181820869446,0.9781038761138916,1.890252709388733,0.02281303144991398,1.822687253376841,-0.048734696588124876,0.0,0,two_ankles,accepted,1.890252709388733,0.02281303144991398,0.11585327893676473
581,19.366666666666667,detected,3,1,0.9362791180610657,ankle_midpoint,948.7498168945312,849.2305908203125,0.9808155298233032,0.9729044437408447,3.352084159851074,10.567839622497559,3.242940197005064,10.601767762314546,0.0,0,two_ankles,accepted,3.352084159851074,10.567839622497559,0.12170139559289261
582,19.4,detected,1,29,0.6020275354385376,ankle_midpoint,787.354736328125,542.8594970703125,0.9443108439445496,0.9781507253646851,1.890559434890747,0.021680651232600212,1.8532297350580988,-0.017047790068798585,0.0,0,two_ankles,accepted,1.890559434890747,0.021680651232600212,0.0011731860424286557
582,19.4,detected,3,1,0.9362053871154785,ankle_midpoint,948.7484130859375,849.2464599609375,0.9808183908462524,0.9728373289108276,3.3520700931549072,10.568174362182617,3.292048650272494,10.58665073225518,0.0,0,two_ankles,accepted,3.3520700931549072,10.568174362182617,0.0003350351156135443
583,19.433333333333334,detected,1,29,0.711909294128418,ankle_midpoint,803.595458984375,544.8132934570312,0.9823908805847168,0.9879642724990845,2.058812379837036,0.12805327773094177,1.9457419252086208,0.048247690441084574,0.0,0,two_ankles,accepted,2.058812379837036,0.12805327773094177,0.19905825567218924
583,19.433333333333334,detected,3,1,0.9410984516143799,ankle_midpoint,965.4842529296875,856.0132446289062,0.9880155920982361,0.9817604422569275,3.4521539211273193,10.707626342773438,3.364096022157166,10.641089756988396,0.0,0,two_ankles,accepted,3.4521539211273193,10.707626342773438,0.1716497233097505
584,19.466666666666665,detected,1,29,0.5318408012390137,ankle_midpoint,813.0146484375,542.6138916015625,0.9741166234016418,0.9816447496414185,2.149304151535034,0.0020626946352422237,2.037344927055507,0.02746444232845552,0.0,0,two_ankles,accepted,2.149304151535034,0.0020626946352422237,0.1551205588367866
584,19.466666666666665,detected,3,1,0.9203063249588013,ankle_midpoint,975.7640380859375,854.8109130859375,0.9759436845779419,0.9751843810081482,3.5156757831573486,10.681514739990234,3.4323069146072482,10.659280999339224,0.0,0,two_ankles,accepted,3.5156757831573486,10.681514739990234,0.06867927457151728
585,19.5,detected,1,29,0.5377431511878967,ankle_midpoint,812.9915161132812,542.575927734375,0.9743903279304504,0.9818492531776428,2.148996114730835,-8.07745527708903e-05,2.0875879615094046,0.015069094731903637,0.0,0,two_ankles,accepted,2.148996114730835,-8.07745527708903e-05,0.002165489975202579
585,19.5,detected,3,1,0.9204769134521484,ankle_midpoint,975.787841796875,854.767822265625,0.9758835434913635,0.9749810099601746,3.5158448219299316,10.680617332458496,3.469898972902456,10.668882349242896,0.0,0,two_ankles,accepted,3.5158448219299316,10.680617332458496,0.0009131891286348979
586,19.533333333333335,detected,1,29,0.6869450807571411,ankle_midpoint,831.091796875,547.7657470703125,0.9748300909996033,0.9763906002044678,2.340073585510254,0.28654006123542786,2.1395798484599795,0.00630049993845447,0.0,0,two_ankles,corrected_motion_outlier,2.203125488066237,-0.004416671475761182,0.3444736613260661
586,19.533333333333335,detected,3,1,0.9329598546028137,ankle_midpoint,984.8355712890625,852.34912109375,0.9871761202812195,0.9823246002197266,3.572755813598633,10.629166603088379,3.5161845512157357,10.651010263473363,0.0,0,two_ankles,accepted,3.572755813598633,10.629166603088379,0.07672052219212284
587,19.566666666666666,detected,1,29,0.7747867703437805,ankle_midpoint,844.93017578125,546.146240234375,0.9617576599121094,0.9709604382514954,2.4764516353607178,0.19344890117645264,2.291172152565312,0.09051728049555365,0.0,0,two_ankles,accepted,2.4764516353607178,0.19344890117645264,0.19018468220314563
587,19.566666666666666,detected,3,1,0.8996729254722595,ankle_midpoint,999.46728515625,853.2508544921875,0.9819960594177246,0.9818784594535828,3.662008762359619,10.646332740783691,3.581805446230484,10.648905378263011,0.0,0,two_ankles,accepted,3.662008762359619,10.646332740783691,0.09088875148171902
588,19.6,detected,1,29,0.8452873229980469,ankle_midpoint,855.5751342773438,541.271240234375,0.9721641540527344,0.9817408919334412,2.578157424926758,-0.08367800712585449,2.420315525127963,0.012129401065919983,0.0,0,two_ankles,accepted,2.578157424926758,-0.08367800712585449,0.29520059440395263
588,19.6,detected,3,1,0.905925452709198,ankle_midpoint,1005.8143310546875,854.57568359375,0.9840928316116333,0.9838880896568298,3.6999387741088867,10.67320728302002,3.6349654437757657,10.659841235403665,0.0,0,two_ankles,accepted,3.6999387741088867,10.67320728302002,0.046485769991598085
589,19.633333333333333,detected,1,29,0.8450133204460144,ankle_midpoint,855.6000366210938,541.2838134765625,0.972053050994873,0.9816701412200928,2.578423261642456,-0.08296769857406616,2.491464006559485,-0.030664293772073782,0.0,0,two_ankles,accepted,2.578423261642456,-0.08296769857406616,0.0007584242863706718
589,19.633333333333333,detected,3,1,0.905899167060852,ankle_midpoint,1005.8341674804688,854.5929565429688,0.9841957092285156,0.9839741587638855,3.700047016143799,10.673563957214355,3.6642521513413806,10.666016460218476,0.0,0,two_ankles,accepted,3.700047016143799,10.673563957214355,0.0003727369300553735
590,19.666666666666668,detected,1,29,0.7823179960250854,ankle_midpoint,882.7852783203125,552.057861328125,0.9898619651794434,0.9921506643295288,2.859219789505005,0.511025607585907,2.5586341056053308,-0.07655655995547342,0.029744041471039262,0,two_ankles,corrected_motion_outlier,2.640730893328031,-0.13264710751296185,0.6570195870919822
590,19.666666666666668,detected,3,1,0.9210358262062073,ankle_midpoint,1015.8687744140625,851.0657958984375,0.9878295660018921,0.9731029868125916,3.764561891555786,10.598736763000488,3.7093915344378634,10.63574059647038,0.0,0,two_ankles,accepted,3.764561891555786,10.598736763000488,0.09879918088397315
591,19.7,detected,1,29,0.6856651902198792,ankle_midpoint,892.0611572265625,556.3179321289062,0.9841164946556091,0.9881123900413513,2.952388048171997,0.7390706539154053,2.623616094339055,-0.12415304037884628,0.3045406907304242,0,two_ankles,corrected_motion_outlier,2.7030385250136066,-0.18232651645185755,0.45155196670142234
591,19.7,detected,3,1,0.9161617755889893,ankle_midpoint,1018.812744140625,849.9747924804688,0.9915071129798889,0.9783908724784851,3.783649444580078,10.57547378540039,3.74280759400186,10.608620531488885,0.0,0,two_ankles,accepted,3.783649444580078,10.57547378540039,0.03009154046036533
592,19.733333333333334,detected,1,29,0.7661072611808777,ankle_midpoint,900.10498046875,559.74560546875,0.9800314903259277,0.9864369034767151,3.0318617820739746,0.919600248336792,2.6873946224011123,-0.17268683863420442,0.532043720822675,0,two_ankles,corrected_motion_outlier,2.7653461566991817,-0.23200592539075326,0.366780130926808
592,19.733333333333334,detected,3,1,0.9165191054344177,ankle_midpoint,1020.0670166015625,848.009765625,0.9933609962463379,0.9800082445144653,3.7931466102600098,10.533875465393066,3.7654601513180275,10.574985251745767,0.0,0,two_ankles,accepted,3.7931466102600098,10.533875465393066,0.042668681528538255
593,19.766666666666666,detected,1,29,0.7272886037826538,ankle_midpoint,913.627197265625,560.1678466796875,0.9810365438461304,0.9882081151008606,3.163846731185913,0.9390046000480652,2.901798071354273,0.3275743087728169,0.6161396489646666,0,two_ankles,accepted,3.163846731185913,0.9390046000480652,0.2944431203394067
593,19.766666666666666,detected,3,1,0.9102913737297058,ankle_midpoint,1021.6908569335938,844.0613403320312,0.9944909811019897,0.9820246696472168,3.806807041168213,10.449759483337402,3.7840662517506107,10.518633655962004,0.0,0,two_ankles,accepted,3.806807041168213,10.449759483337402,0.08521798994218645
594,19.8,detected,1,29,0.7254015207290649,ankle_midpoint,913.5911865234375,560.1888427734375,0.9809752702713013,0.9881476759910583,3.16349196434021,0.9401191473007202,3.019560323197945,0.6032194861103735,0.0,0,two_ankles,accepted,3.16349196434021,0.9401191473007202,0.0011696474226069232
594,19.8,detected,3,1,0.9105324745178223,ankle_midpoint,1021.6910400390625,844.05810546875,0.9945282340049744,0.9820932149887085,3.8068110942840576,10.449690818786621,3.7943014308906617,10.487609379233081,0.0,0,two_ankles,accepted,3.8068110942840576,10.449690818786621,6.87840699729351e-05
595,19.833333333333332,detected,1,29,0.7709243893623352,ankle_midpoint,914.211669921875,560.775146484375,0.9820283651351929,0.9896090030670166,3.1694483757019043,0.9708603024482727,3.087009946824727,0.7686578534624282,0.0,0,two_ankles,accepted,3.1694483757019043,0.9708603024482727,0.03131289600333406
595,19.833333333333332,detected,3,1,0.915250837802887,ankle_midpoint,1021.3967895507812,844.9359741210938,0.9803569912910461,0.9636983871459961,3.8041763305664062,10.46845817565918,3.798745135744747,10.478991337624826,0.0,0,two_ankles,accepted,3.8041763305664062,10.46845817565918,0.01895140268765941
596,19.866666666666667,detected,1,29,0.7216277122497559,ankle_midpoint,923.4342651367188,561.1728515625,0.9721165895462036,0.9899477362632751,3.2591936588287354,0.9898066520690918,3.164492617226531,0.8681748128354269,0.0,0,two_ankles,accepted,3.2591936588287354,0.9898066520690918,0.09172338855204477
596,19.866666666666667,detected,3,1,0.9199548959732056,ankle_midpoint,1019.9373168945312,845.099853515625,0.9774873852729797,0.9648969769477844,3.794973373413086,10.472119331359863,3.7970478426954997,10.475898934805594,0.0,0,two_ankles,accepted,3.794973373413086,10.472119331359863,0.009904467750994876
597,19.9,detected,1,29,0.7259691953659058,ankle_midpoint,923.42529296875,561.1956176757812,0.9719762802124023,0.9899488687515259,3.2590982913970947,0.9910041093826294,3.2070651706032844,0.923447996281668,0.0,0,two_ankles,accepted,3.2590982913970947,0.9910041093826294,0.0012012489187351678
597,19.9,detected,3,1,0.9198827147483826,ankle_midpoint,1019.9400634765625,845.0861206054688,0.9775744080543518,0.9649232029914856,3.7950026988983154,10.471826553344727,3.796127527986767,10.474066363148204,0.0,0,two_ankles,accepted,3.7950026988983154,10.471826553344727,0.00029424301220477926
598,19.933333333333334,detected,1,29,0.7321414947509766,ankle_midpoint,943.5067749023438,558.9534912109375,0.9869066476821899,0.995445728302002,3.4563307762145996,0.8684515357017517,3.3192346931283767,0.8986995890207057,0.0,0,two_ankles,accepted,3.4563307762145996,0.8684515357017517,0.23220634440749943
598,19.933333333333334,detected,3,1,0.9281821846961975,ankle_midpoint,1016.20458984375,846.5765380859375,0.9854826927185059,0.9767111539840698,3.7705283164978027,10.50395393371582,3.7846078828167333,10.48751576990363,0.0,0,two_ankles,accepted,3.7705283164978027,10.50395393371582,0.04038767093303928
599,19.966666666666665,detected,1,29,0.5690413117408752,ankle_midpoint,959.4312744140625,562.315673828125,0.9696910381317139,0.9894192218780518,3.608591079711914,1.0420817136764526,3.449445067090969,0.9632215451157918,0.0,0,two_ankles,accepted,3.608591079711914,1.0420817136764526,0.23093427360316318
599,19.966666666666665,detected,3,1,0.9307971000671387,ankle_midpoint,1014.582763671875,845.4304809570312,0.980847179889679,0.9700086712837219,3.7614758014678955,10.479780197143555,3.7741984462097564,10.484034762161597,0.0,0,two_ankles,accepted,3.7614758014678955,10.479780197143555,0.025813127827367006
600,20.0,detected,1,29,0.7079293727874756,ankle_midpoint,965.3660888671875,561.845458984375,0.9642515778541565,0.9904366135597229,3.666815996170044,1.0162121057510376,3.547261985176553,0.9870672974016524,0.0,0,two_ankles,accepted,3.666815996170044,1.0162121057510376,0.06371324439055745
600,20.0,detected,3,1,0.9306911826133728,ankle_midpoint,1014.7659912109375,844.9171142578125,0.9814824461936951,0.9735692739486694,3.7630560398101807,10.468823432922363,3.7691843633299476,10.477189664003943,0.0,0,two_ankles,accepted,3.7630560398101807,10.468823432922363,0.01107013258354245
601,20.033333333333335,detected,1,29,0.7026407122612,ankle_midpoint,965.1354370117188,561.9134521484375,0.9633172750473022,0.9902759790420532,3.6644935607910156,1.0198231935501099,3.6000161942030613,1.0018074506684582,0.0,0,two_ankles,accepted,3.6644935607910156,1.0198231935501099,0.004293443976852498
601,20.033333333333335,detected,3,1,0.930635929107666,ankle_midpoint,1014.8126220703125,844.9918823242188,0.9816051125526428,0.9737368822097778,3.7632803916931152,10.47041130065918,3.7665275760933734,10.4741394004988,0.0,0,two_ankles,accepted,3.7632803916931152,10.47041130065918,0.001603638898567487
602,20.066666666666666,detected,1,29,0.8564356565475464,ankle_midpoint,976.2919921875,560.1787109375,0.9897218346595764,0.9973292350769043,3.7754106521606445,0.9262598156929016,3.678943700283974,0.9678110149294579,0.0,0,two_ankles,accepted,3.7754106521606445,0.9262598156929016,0.1451092927208638
602,20.066666666666666,detected,3,1,0.9309797286987305,ankle_midpoint,1015.170166015625,844.7655029296875,0.982776403427124,0.975639820098877,3.765695333480835,10.465543746948242,3.766153066917731,10.47027135640105,0.0,0,two_ankles,accepted,3.765695333480835,10.465543746948242,0.005433693308141008
603,20.1,detected,1,29,0.8572145104408264,ankle_midpoint,1000.709716796875,562.884521484375,0.9865590333938599,0.9972352385520935,4.008752346038818,1.0630887746810913,3.827357590873654,1.0106860068176928,0.0,0,two_ankles,accepted,4.008752346038818,1.0630887746810913,0.2705004808123769
603,20.1,detected,3,1,0.9292305111885071,ankle_midpoint,1015.8287963867188,842.0960693359375,0.9844707250595093,0.9771487712860107,3.772125005722046,10.40834903717041,3.768840439379673,10.442406312747263,0.0,0,two_ankles,accepted,3.772125005722046,10.40834903717041,0.0575549781660964
604,20.133333333333333,detected,1,29,0.8727726340293884,ankle_midpoint,1010.4190673828125,564.4086303710938,0.983329713344574,0.9958237409591675,4.099937438964844,1.1403688192367554,3.9500185225146893,1.069043272406271,0.0,0,two_ankles,accepted,4.099937438964844,1.1403688192367554,0.11952793170825515
604,20.133333333333333,detected,3,1,0.9268697500228882,ankle_midpoint,1016.79052734375,840.7351684570312,0.9857062101364136,0.9776391386985779,3.7793242931365967,10.378966331481934,3.7735581735702888,10.413858321177866,0.0,0,two_ankles,accepted,3.7793242931365967,10.378966331481934,0.030251828586929125
605,20.166666666666668,detected,1,29,0.8734101057052612,ankle_midpoint,1010.424560546875,564.4039306640625,0.9833418130874634,0.9958394765853882,4.100000381469727,1.1401238441467285,4.017510359044456,1.101029529689477,0.0,0,two_ankles,accepted,4.100000381469727,1.1401238441467285,0.00025293191505737034
605,20.166666666666668,detected,3,1,0.9268340468406677,ankle_midpoint,1016.804443359375,840.73974609375,0.9857741594314575,0.9777776002883911,3.779407024383545,10.379063606262207,3.7761901564362543,10.398200699465821,0.0,0,two_ankles,accepted,3.779407024383545,10.379063606262207,0.00012769824626382531
606,20.2,detected,1,29,0.897652268409729,ankle_midpoint,1032.11962890625,572.6082763671875,0.9828994870185852,0.9931208491325378,4.290318965911865,1.5545406341552734,4.089170229582808,1.1325788741541536,0.0,0,two_ankles,corrected_motion_outlier,4.1767545157963495,1.1711391840554248,0.45602898967614536
606,20.2,detected,3,1,0.9252680540084839,ankle_midpoint,1026.980712890625,840.4005126953125,0.9938795566558838,0.9868818521499634,3.8432118892669678,10.370565414428711,3.8063499362100757,10.385764821199121,0.0,0,two_ankles,accepted,3.8432118892669678,10.370565414428711,0.06436831555377806
607,20.233333333333334,detected,1,29,0.897099494934082,ankle_midpoint,1032.1890869140625,572.5795288085938,0.9828684329986572,0.99308842420578,4.291049003601074,1.5530818700790405,4.180015677891028,1.3218052223203527,0.0,0,two_ankles,accepted,4.291049003601074,1.5530818700790405,0.2275048940134028
607,20.233333333333334,detected,3,1,0.9252489805221558,ankle_midpoint,1026.944580078125,840.3753662109375,0.9938768744468689,0.986902117729187,3.843010902404785,10.370027542114258,3.822847370997695,10.378683045610934,0.0,0,two_ankles,accepted,3.843010902404785,10.370027542114258,0.0005741971311537317
608,20.266666666666666,detected,1,29,0.89349365234375,ankle_midpoint,1035.7000732421875,573.1052856445312,0.9851491451263428,0.9937026500701904,4.323219299316406,1.5787534713745117,4.244457307532448,1.4374319343947244,0.0,0,two_ankles,accepted,4.323219299316406,1.5787534713745117,0.041157733653416205
608,20.266666666666666,detected,3,1,0.9237755537033081,ankle_midpoint,1029.77978515625,845.2183837890625,0.9941821694374084,0.989616870880127,3.8559072017669678,10.47350788116455,3.837724294843868,10.421354221610063,0.0,0,two_ankles,accepted,3.8559072017669678,10.47350788116455,0.10428084726929783
609,20.3,detected,1,29,0.8930695652961731,ankle_midpoint,1035.7125244140625,573.1026611328125,0.9851080775260925,0.9936895370483398,4.3233442306518555,1.5786192417144775,4.2799564229361815,1.5009662226886133,0.0,0,two_ankles,accepted,4.3233442306518555,1.5786192417144775,0.0001833724085297913
609,20.3,detected,3,1,0.9238564968109131,ankle_midpoint,1029.7867431640625,845.196044921875,0.994159460067749,0.989581823348999,3.8559722900390625,10.473031044006348,3.8459358926817058,10.444608791688392,0.0,0,two_ankles,accepted,3.8559722900390625,10.473031044006348,0.00048125893093791956
610,20.333333333333332,detected,1,29,0.8613568544387817,ankle_midpoint,1048.086181640625,569.2719116210938,0.9782249927520752,0.9952978491783142,4.451375484466553,1.382491111755371,4.357095000624849,1.4476524227686545,0.0,0,two_ankles,accepted,4.451375484466553,1.382491111755371,0.2342183710015497
610,20.333333333333332,detected,3,1,0.9186775088310242,ankle_midpoint,1028.7254638671875,849.5172119140625,0.9906163811683655,0.991228461265564,3.8451955318450928,10.564702033996582,3.84560273030523,10.498650750727078,0.0,0,two_ankles,accepted,3.8451955318450928,10.564702033996582,0.09230226932725405
611,20.366666666666667,detected,1,29,0.8612134456634521,ankle_midpoint,1048.113525390625,569.2933349609375,0.9781307578086853,0.9952926635742188,4.451579570770264,1.3835762739181519,4.399613057190285,1.4188181557859283,0.0,0,two_ankles,accepted,4.451579570770264,1.3835762739181519,0.0011041866413308093
611,20.366666666666667,detected,3,1,0.9186087250709534,ankle_midpoint,1028.7252197265625,849.5436401367188,0.9905697107315063,0.9911670088768005,3.8451685905456543,10.565258979797363,3.8454073674134213,10.528624453808707,0.0,0,two_ankles,accepted,3.8451685905456543,10.565258979797363,0.0005575970396471824
612,20.4,detected,1,29,0.7423304915428162,ankle_midpoint,1051.5443115234375,569.339111328125,0.9898479580879211,0.9971561431884766,4.484353542327881,1.3851954936981201,4.437746275502203,1.4036879578464148,0.0,0,two_ankles,accepted,4.484353542327881,1.3851954936981201,0.03281394649162671
612,20.4,detected,3,1,0.9194886684417725,ankle_midpoint,1030.59814453125,847.0782470703125,0.9738552570343018,0.9843759536743164,3.8591439723968506,10.512938499450684,3.8515888396559648,10.521565774347597,0.0,0,two_ankles,accepted,3.8591439723968506,10.512938499450684,0.054154814759114836
613,20.433333333333334,detected,1,29,0.7402310371398926,ankle_midpoint,1051.5439453125,569.295166015625,0.9898396730422974,0.9971666932106018,4.484471321105957,1.3829582929611206,4.4587725460238925,1.3943596086480325,0.0,0,two_ankles,accepted,4.484471321105957,1.3829582929611206,0.002240298859124888
613,20.433333333333334,detected,3,1,0.9195613265037537,ankle_midpoint,1030.575927734375,847.0621337890625,0.9739582538604736,0.9844895601272583,3.859022378921509,10.512598991394043,3.8549339323254594,10.517530722018499,0.0,0,two_ankles,accepted,3.859022378921509,10.512598991394043,0.0003606254203042126
614,20.466666666666665,detected,1,29,0.6831751465797424,ankle_midpoint,1058.2705078125,568.142333984375,0.9396854639053345,0.982885479927063,4.552321910858154,1.3227274417877197,4.50086976019931,1.362125133560892,0.0,0,two_ankles,accepted,4.552321910858154,1.3227274417877197,0.09072738265150904
614,20.466666666666665,detected,3,1,0.9009227752685547,ankle_midpoint,1041.2003173828125,842.0755615234375,0.9894258975982666,0.9911670088768005,3.93013072013855,10.404961585998535,3.8887724868413507,10.466874610809516,0.0,0,two_ankles,accepted,3.93013072013855,10.404961585998535,0.12900467910473645
615,20.5,detected,1,29,0.5473582148551941,ankle_midpoint,1061.005859375,566.3228759765625,0.9078613519668579,0.9658595323562622,4.584016799926758,1.228748083114624,4.538285928076662,1.3021054608600715,0.0,0,two_ankles,accepted,4.584016799926758,1.228748083114624,0.09918006780436002
615,20.5,detected,3,1,0.9013614058494568,ankle_midpoint,1050.648681640625,833.669921875,0.9927505254745483,0.9893895983695984,3.9988210201263428,10.22135066986084,3.938294326819597,10.356388837382614,0.0,0,two_ankles,accepted,3.9988210201263428,10.22135066986084,0.19603909262526384
616,20.533333333333335,detected,1,29,0.6175665855407715,ankle_midpoint,1058.484130859375,566.5408935546875,0.9356603026390076,0.9677167534828186,4.559051036834717,1.2405035495758057,4.5476302270177875,1.274384600782152,0.0,0,two_ankles,accepted,4.559051036834717,1.2405035495758057,0.02759493284079314
616,20.533333333333335,detected,3,1,0.9084315896034241,ankle_midpoint,1063.719970703125,825.1263427734375,0.9931467175483704,0.9869515895843506,4.092274188995361,10.030150413513184,4.007585264798691,10.20958154664137,0.0,0,two_ankles,accepted,4.092274188995361,10.030150413513184,0.21281689970270398
617,20.566666666666666,detected,1,29,0.6170288920402527,ankle_midpoint,1057.532958984375,566.3118896484375,0.9367175102233887,0.9680182337760925,4.550545692443848,1.2289080619812012,4.548942186459515,1.253920158321724,0.0,0,two_ankles,accepted,4.550545692443848,1.2289080619812012,0.014380410834323053
617,20.566666666666666,detected,3,1,0.9085869193077087,ankle_midpoint,1063.707275390625,825.1600952148438,0.9931136965751648,0.9869167804718018,4.092148780822754,10.030909538269043,4.04563884700952,10.129179142873824,0.0,0,two_ankles,accepted,4.092148780822754,10.030909538269043,0.0007694138059037469
618,20.6,detected,1,29,0.6974896788597107,ankle_midpoint,1051.749267578125,574.3121337890625,0.9904335737228394,0.9943434000015259,4.472684383392334,1.6358494758605957,4.5530157319625175,1.2322912551104301,0.0,0,two_ankles,corrected_motion_outlier,4.557994509799522,1.2058559289632926,0.4143231803524587
618,20.6,detected,3,1,0.9039866328239441,ankle_midpoint,1078.2615966796875,823.6864013671875,0.9941174983978271,0.9922785758972168,4.186938285827637,9.99602222442627,4.1092235944776725,10.069258529572425,0.0,0,two_ankles,accepted,4.186938285827637,9.99602222442627,0.10100581629903733
619,20.633333333333333,detected,1,29,0.8306016325950623,ankle_midpoint,1047.6259765625,573.2394409179688,0.9916266202926636,0.99480140209198,4.436367988586426,1.5830333232879639,4.500524247443276,1.3901251857903203,0.0,0,two_ankles,accepted,4.436367988586426,1.5830333232879639,0.18603846964655998
619,20.633333333333333,detected,3,1,0.9061152338981628,ankle_midpoint,1083.0482177734375,824.0926513671875,0.9957161545753479,0.9942171573638916,4.2168684005737305,10.004599571228027,4.157663757220899,10.040161998317448,0.0,0,two_ankles,accepted,4.2168684005737305,10.004599571228027,0.031134910420169245
620,20.666666666666668,detected,1,29,0.8322469592094421,ankle_midpoint,1042.2958984375,573.7388305664062,0.9770652055740356,0.9853996634483337,4.3843793869018555,1.6091340780258179,4.4482590601996375,1.4886791872962943,0.0,0,two_ankles,accepted,4.3843793869018555,1.6091340780258179,0.05817270926304288
620,20.666666666666668,detected,3,1,0.9074408411979675,ankle_midpoint,1086.438720703125,820.5426635742188,0.9954310655593872,0.9919164776802063,4.243889331817627,9.923893928527832,4.196465265789427,9.987841366912122,0.0,0,two_ankles,accepted,4.243889331817627,9.923893928527832,0.08510893894849689
621,20.7,detected,1,29,0.8016108870506287,ankle_midpoint,1034.9068603515625,575.1089477539062,0.981736421585083,0.9877225160598755,4.310854434967041,1.6790013313293457,4.386426978844969,1.5743241521111675,0.0,0,two_ankles,accepted,4.310854434967041,1.6790013313293457,0.10142658251758312
621,20.7,detected,3,1,0.9188418388366699,ankle_midpoint,1089.09033203125,818.9483642578125,0.9911836385726929,0.9858878254890442,4.263354301452637,9.8872652053833,4.226565331837872,9.942582094224154,0.0,0,two_ankles,accepted,4.263354301452637,9.8872652053833,0.04147949375402949
622,20.733333333333334,detected,1,29,0.8028531074523926,ankle_midpoint,1034.9219970703125,575.1270751953125,0.9818341135978699,0.9877544045448303,4.310954570770264,1.6799001693725586,4.352464395211352,1.6218333598787935,0.0,0,two_ankles,accepted,4.310954570770264,1.6799001693725586,0.0009043986991442573
622,20.733333333333334,detected,3,1,0.9188724160194397,ankle_midpoint,1089.051025390625,818.94580078125,0.99125075340271,0.9859781265258789,4.263105869293213,9.887210845947266,4.243008573692776,9.917665032499555,0.0,0,two_ankles,accepted,4.263105869293213,9.887210845947266,0.0002543098230938919
623,20.766666666666666,detected,1,29,0.8447754979133606,ankle_midpoint,1033.154296875,575.12939453125,0.9873362183570862,0.9907241463661194,4.294192314147949,1.6803762912750244,4.326241958732821,1.6481776790070977,0.0,0,two_ankles,accepted,4.294192314147949,1.6803762912750244,0.01676901723829791
623,20.766666666666666,detected,3,1,0.9194086194038391,ankle_midpoint,1091.2685546875,818.476318359375,0.9962846040725708,0.9932094216346741,4.278081893920898,9.876221656799316,4.2587915677954316,9.899015513434447,0.0,0,two_ankles,accepted,4.278081893920898,9.876221656799316,0.018575349035171558
624,20.8,detected,1,29,0.8340024948120117,ankle_midpoint,1030.936767578125,574.2755737304688,0.9898734092712402,0.9917575716972351,4.275156497955322,1.6382807493209839,4.3032535013829465,1.6437240606483465,0.0,0,two_ankles,accepted,4.275156497955322,1.6382807493209839,0.0461995340942294
624,20.8,detected,3,1,0.9174253344535828,ankle_midpoint,1089.7578125,818.5490112304688,0.9950931072235107,0.9914438128471375,4.268263816833496,9.87806510925293,4.2630540798625605,9.889587831552765,0.0,0,two_ankles,accepted,4.268263816833496,9.87806510925293,0.009989642368118477
625,20.833333333333332,detected,1,29,0.8337119817733765,ankle_midpoint,1030.9378662109375,574.294677734375,0.9898092746734619,0.9916804432868958,4.27512264251709,1.6392340660095215,4.290594614893311,1.6417035630608754,0.0,0,two_ankles,accepted,4.27512264251709,1.6392340660095215,0.000953917658575519
625,20.833333333333332,detected,3,1,0.9175894260406494,ankle_midpoint,1089.7877197265625,818.5725708007812,0.9950986504554749,0.9913950562477112,4.26841926574707,9.878600120544434,4.2654684135105905,9.884643361599018,0.0,0,two_ankles,accepted,4.26841926574707,9.878600120544434,0.0005571368294845375
626,20.866666666666667,detected,1,29,0.821685254573822,ankle_midpoint,1019.726806640625,573.7696533203125,0.9908342957496643,0.9930539727210999,4.169795513153076,1.615297794342041,4.236235019110206,1.6298209671374,0.0,0,two_ankles,accepted,4.169795513153076,1.615297794342041,0.10801272740470495
626,20.866666666666667,detected,3,1,0.9095172882080078,ankle_midpoint,1088.366943359375,817.3670654296875,0.9953274726867676,0.9909225106239319,4.261170387268066,9.851187705993652,4.263534301701455,9.869588316576603,0.0,0,two_ankles,accepted,4.261170387268066,9.851187705993652,0.028354659417937814
627,20.9,detected,1,29,0.83058762550354,ankle_midpoint,1012.2306518554688,573.4969482421875,0.9931166172027588,0.9952600598335266,4.09909725189209,1.6031891107559204,4.174523023862054,1.6178366317657342,0.0,0,two_ankles,accepted,4.09909725189209,1.6031891107559204,0.07172770987223465
627,20.9,detected,3,1,0.9083290100097656,ankle_midpoint,1088.228515625,816.781005859375,0.9957718253135681,0.9915236234664917,4.26119327545166,9.837762832641602,4.262480839889047,9.855266848805854,0.0,0,two_ankles,accepted,4.26119327545166,9.837762832641602,0.013424892863168458
628,20.933333333333334,detected,1,29,0.8286964893341064,ankle_midpoint,1002.8843383789062,571.2720336914062,0.9851326942443848,0.9910536408424377,4.014280319213867,1.4932529926300049,4.10241380677037,1.561773994154656,0.0,0,two_ankles,accepted,4.014280319213867,1.4932529926300049,0.1388519432256438
628,20.933333333333334,detected,3,1,0.9060367345809937,ankle_midpoint,1088.175537109375,816.1649169921875,0.9959715008735657,0.992138683795929,4.261813640594482,9.823616027832031,4.262180600206493,9.841023979367634,0.0,0,two_ankles,accepted,4.261813640594482,9.823616027832031,0.014160400390896813
629,20.966666666666665,detected,1,29,0.7999129295349121,ankle_midpoint,986.5635986328125,571.87109375,0.9907028675079346,0.9937407374382019,3.8575236797332764,1.5268242359161377,3.992213249603678,1.5460466029473228,0.0,0,two_ankles,accepted,3.8575236797332764,1.5268242359161377,0.16031117364995068
629,20.966666666666665,detected,3,1,0.9008195400238037,ankle_midpoint,1087.22021484375,813.8017578125,0.9962819218635559,0.9930310845375061,4.259342193603516,9.7692289352417,4.260903317235154,9.808716209510964,0.0,0,two_ankles,accepted,4.259342193603516,9.7692289352417,0.05444321712259947
630,21.0,detected,1,29,0.8030234575271606,ankle_midpoint,986.599853515625,571.9088134765625,0.990709662437439,0.9937759637832642,3.8578124046325684,1.5287164449691772,3.9317328693666793,1.5382480318571574,0.0,0,two_ankles,accepted,3.8578124046325684,1.5287164449691772,0.0019141100197940567
630,21.0,detected,3,1,0.901100754737854,ankle_midpoint,1087.298583984375,813.8274536132812,0.9962620139122009,0.9929969906806946,4.259808540344238,9.769813537597656,4.2604106676342415,9.791210007149976,0.0,0,two_ankles,accepted,4.259808540344238,9.769813537597656,0.0007478229718142896
631,21.033333333333335,detected,1,29,0.7874752283096313,ankle_midpoint,981.8663330078125,573.8140869140625,0.9912403225898743,0.9928478002548218,3.809959888458252,1.6252706050872803,3.876935027957887,1.5774081898107128,0.0,0,two_ankles,accepted,3.809959888458252,1.6252706050872803,0.10776163111388715
631,21.033333333333335,detected,3,1,0.898126482963562,ankle_midpoint,1084.086181640625,813.742919921875,0.996711254119873,0.9927020072937012,4.239176273345947,9.76824951171875,4.2508551902045095,9.780877784205925,0.0,0,two_ankles,accepted,4.239176273345947,9.76824951171875,0.020691462452873094
632,21.066666666666666,detected,1,29,0.8096767067909241,ankle_midpoint,976.9634399414062,574.032470703125,0.9885842800140381,0.991355836391449,3.7630903720855713,1.637183427810669,3.825704932815345,1.604307046910693,0.0,0,two_ankles,accepted,3.7630903720855713,1.637183427810669,0.04835976540728735
632,21.066666666666666,detected,3,1,0.9048320055007935,ankle_midpoint,1087.862060546875,813.8168334960938,0.9957700371742249,0.9898452758789062,4.263467311859131,9.769499778747559,4.256530644949089,9.775757681749662,0.0,0,two_ankles,accepted,4.263467311859131,9.769499778747559,0.024323193040641157
633,21.1,detected,1,29,0.7153927683830261,ankle_midpoint,966.0175170898438,577.9669189453125,0.9788574576377869,0.987602174282074,3.654768943786621,1.8343557119369507,3.7487837377524196,1.707828946172509,0.0,0,two_ankles,accepted,3.654768943786621,1.8343557119369507,0.22496764535439265
633,21.1,detected,3,1,0.9118675589561462,ankle_midpoint,1086.7374267578125,810.7457885742188,0.997083842754364,0.9923586249351501,4.261007308959961,9.698294639587402,4.258545143753982,9.740899312776644,0.0,0,two_ankles,accepted,4.261007308959961,9.698294639587402,0.07124762071172021
634,21.133333333333333,detected,1,29,0.7129946351051331,ankle_midpoint,966.0201416015625,577.95556640625,0.9788621664047241,0.987608015537262,3.654806137084961,1.8337969779968262,3.7064938174520634,1.7645145604934518,0.0,0,two_ankles,accepted,3.654806137084961,1.8337969779968262,0.0005599704968018031
634,21.133333333333333,detected,3,1,0.9117305874824524,ankle_midpoint,1086.7431640625,810.7440185546875,0.9970820546150208,0.9923366904258728,4.26104736328125,9.69825267791748,4.259671142541253,9.72170832709002,0.0,0,two_ankles,accepted,4.26104736328125,9.69825267791748,5.8009743979437064e-05
635,21.166666666666668,detected,1,29,0.6487101912498474,ankle_midpoint,964.0118408203125,580.505859375,0.9767191410064697,0.9894551634788513,3.633171558380127,1.9589755535125732,3.673498800869692,1.8520220073520566,0.0,0,two_ankles,accepted,3.633171558380127,1.9589755535125732,0.12703436843581836
635,21.166666666666668,detected,3,1,0.9144682884216309,ankle_midpoint,1084.726318359375,809.82666015625,0.9882203340530396,0.9837574362754822,4.249386310577393,9.677075386047363,4.2550429681575155,9.701623503620825,0.0,0,two_ankles,accepted,4.249386310577393,9.677075386047363,0.0241755628913635
636,21.2,detected,1,29,0.6543779373168945,ankle_midpoint,963.2421264648438,581.0574951171875,0.9725210666656494,0.9920055270195007,3.6253795623779297,1.9859567880630493,3.6518451435483987,1.9122926586720035,0.0,0,two_ankles,accepted,3.6253795623779297,1.9859567880630493,0.02808384267806067
636,21.2,detected,3,1,0.9121889472007751,ankle_midpoint,1085.142822265625,811.0762939453125,0.9914877414703369,0.9747686982154846,4.250143527984619,9.706195831298828,4.252838220079712,9.703681051075925,0.0,0,two_ankles,accepted,4.250143527984619,9.706195831298828,0.029130288530074128
637,21.233333333333334,detected,1,29,0.6659162044525146,ankle_midpoint,960.2572021484375,578.3811645507812,0.9815892577171326,0.9940027594566345,3.6000771522521973,1.8558706045150757,3.6285495474651084,1.886902734301386,0.0,0,two_ankles,accepted,3.6000771522521973,1.8558706045150757,0.13252406237452824
637,21.233333333333334,detected,3,1,0.9171485304832458,ankle_midpoint,1082.858642578125,816.3667602539062,0.980097234249115,0.9518786668777466,4.227251052856445,9.828900337219238,4.2413239948292425,9.760029729840415,0.0,0,two_ankles,accepted,4.227251052856445,9.828900337219238,0.12482171762424209
638,21.266666666666666,detected,1,29,0.6700565218925476,ankle_midpoint,960.2261352539062,578.287109375,0.9816902279853821,0.9940375089645386,3.5998783111572266,1.851259469985962,3.6156474911265617,1.8708632653594452,0.0,0,two_ankles,accepted,3.5998783111572266,1.851259469985962,0.004615419745444006
638,21.266666666666666,detected,3,1,0.917364776134491,ankle_midpoint,1082.809814453125,816.3895263671875,0.9802746176719666,0.952105700969696,4.226902008056641,9.829429626464844,4.234834100781572,9.791259683321409,0.0,0,two_ankles,accepted,4.226902008056641,9.829429626464844,0.0006340184364703448
639,21.3,detected,1,29,0.6299260258674622,ankle_midpoint,956.83837890625,579.5999755859375,0.9547709226608276,0.9834598898887634,3.5667521953582764,1.916242241859436,3.5936446080308335,1.8912838047844411,0.0,0,two_ankles,accepted,3.5667521953582764,1.916242241859436,0.07293901691334644
639,21.3,detected,3,1,0.9164478182792664,ankle_midpoint,1083.40966796875,817.9799194335938,0.9798622131347656,0.9545758962631226,4.2283525466918945,9.865821838378906,4.231917401441217,9.824812653097283,0.0,0,two_ankles,accepted,4.2283525466918945,9.865821838378906,0.036421108581842984
640,21.333333333333332,detected,1,29,0.731992781162262,ankle_midpoint,951.4606323242188,582.9540405273438,0.9178956747055054,0.9734546542167664,3.51346755027771,2.0801053047180176,3.5575649320419283,1.9762534797545506,0.0,0,two_ankles,accepted,3.51346755027771,2.0801053047180176,0.17230889927904877
640,21.333333333333332,detected,3,1,0.9180457592010498,ankle_midpoint,1080.10986328125,817.547119140625,0.9815900921821594,0.9745930433273315,4.207787036895752,9.856313705444336,4.221058737395758,9.838988126653458,0.0,0,two_ankles,accepted,4.207787036895752,9.856313705444336,0.02265711334386393
641,21.366666666666667,detected,1,29,0.8508943319320679,ankle_midpoint,945.34130859375,578.979248046875,0.978150486946106,0.9938242435455322,3.459216833114624,1.8882031440734863,3.5133082875246417,1.9366308286980716,0.0,0,two_ankles,accepted,3.459216833114624,1.8882031440734863,0.19942311694672868
641,21.366666666666667,detected,3,1,0.9123879671096802,ankle_midpoint,1075.523681640625,816.5096435546875,0.9688670635223389,0.9691233038902283,4.179798126220703,9.833073616027832,4.202491462366983,9.836326596871928,0.0,0,two_ankles,accepted,4.179798126220703,9.833073616027832,0.0363796767009131
642,21.4,detected,1,29,0.8506223559379578,ankle_midpoint,945.3111572265625,578.992919921875,0.9780418276786804,0.9938194155693054,3.45892333984375,1.888878583908081,3.4888350610682406,1.915142318542576,0.0,0,two_ankles,accepted,3.45892333984375,1.888878583908081,0.000736449095461244
642,21.4,detected,3,1,0.9123642444610596,ankle_midpoint,1075.5322265625,816.501953125,0.9688422083854675,0.9691027998924255,4.179864406585693,9.832895278930664,4.192309287265402,9.83478250379836,0.0,0,two_ankles,accepted,4.179864406585693,9.832895278930664,0.0001902556359468392
643,21.433333333333334,detected,1,29,0.8294671773910522,ankle_midpoint,946.0502319335938,579.4022216796875,0.9820661544799805,0.9956880211830139,3.465571880340576,1.9087529182434082,3.478366629740792,1.9122670884079507,0.0,0,two_ankles,accepted,3.465571880340576,1.9087529182434082,0.02095691427692305
643,21.433333333333334,detected,3,1,0.9128004908561707,ankle_midpoint,1074.479736328125,817.331298828125,0.9858916401863098,0.981778621673584,4.171890735626221,9.85205078125,4.183120939027771,9.8425532286516,0.0,0,two_ankles,accepted,4.171890735626221,9.85205078125,0.02074879990929649
644,21.466666666666665,detected,1,29,0.8288285732269287,ankle_midpoint,946.6035766601562,578.635986328125,0.9807083010673523,0.9955130219459534,3.4713425636291504,1.8711302280426025,3.4752057999905537,1.893755501243544,0.0,0,two_ankles,accepted,3.4713425636291504,1.8711302280426025,0.03806267993143452
644,21.466666666666665,detected,3,1,0.9082761406898499,ankle_midpoint,1070.01953125,818.265869140625,0.9845119714736938,0.9770917296409607,4.141890525817871,9.873981475830078,4.164567253083316,9.856695939881917,0.0,0,two_ankles,accepted,4.141890525817871,9.873981475830078,0.03716137717186574
645,21.5,detected,1,29,0.7893949151039124,ankle_midpoint,951.89501953125,582.1488037109375,0.9676949381828308,0.9936032891273499,3.5181901454925537,2.041130781173706,3.494548755466454,1.9600743772121172,0.0,0,two_ankles,accepted,3.5181901454925537,2.041130781173706,0.17633741517706736
645,21.5,detected,3,1,0.9093181490898132,ankle_midpoint,1065.2734375,816.1253662109375,0.9831908345222473,0.979465663433075,4.114314556121826,9.82548713684082,4.141953539450646,9.842651978513423,0.0,0,two_ankles,accepted,4.114314556121826,9.82548713684082,0.0557865128743699
646,21.533333333333335,detected,1,29,0.7813315987586975,ankle_midpoint,950.6270751953125,582.2083740234375,0.9429032802581787,0.9833377003669739,3.506291627883911,2.0442655086517334,3.4998330480543096,1.9979603863599447,0.0,0,two_ankles,accepted,3.506291627883911,2.0442655086517334,0.012304521024594057
646,21.533333333333335,detected,3,1,0.9136672019958496,ankle_midpoint,1060.556640625,816.6683349609375,0.9791725277900696,0.9763387441635132,4.0832061767578125,9.838532447814941,4.115517226238871,9.840798189699107,0.0,0,two_ankles,accepted,4.0832061767578125,9.838532447814941,0.033732942431203894
647,21.566666666666666,detected,1,29,0.7809820771217346,ankle_midpoint,950.6619873046875,582.23681640625,0.9432163834571838,0.9834867715835571,3.5065948963165283,2.0456337928771973,3.502875879772308,2.0194134192927082,0.0,0,two_ankles,accepted,3.5065948963165283,2.0456337928771973,0.0014014897302068756
647,21.566666666666666,detected,3,1,0.9138779044151306,ankle_midpoint,1060.58154296875,816.68359375,0.9792075753211975,0.9764227271080017,4.083346366882324,9.838879585266113,4.101040339528425,9.839934817704261,0.0,0,two_ankles,accepted,4.083346366882324,9.838879585266113,0.0003743763895022189
648,21.6,detected,1,29,0.7889208197593689,ankle_midpoint,977.5946655273438,592.3517456054688,0.9875404238700867,0.9944103360176086,3.7454376220703125,2.5201034545898438,3.5055422440212864,2.0412650619264157,0.0,0,two_ankles,corrected_motion_outlier,3.5088011336589267,2.0679726251453916,0.5311942276900329
648,21.6,detected,3,1,0.9097557067871094,ankle_midpoint,1045.42919921875,825.1373291015625,0.9878756403923035,0.9880147576332092,3.975816488265991,10.032583236694336,4.04468960646033,9.926626606249794,0.0,0,two_ankles,accepted,3.975816488265991,10.032583236694336,0.22154859370320926
649,21.633333333333333,detected,1,29,0.7905206680297852,ankle_midpoint,977.437255859375,592.369384765625,0.9874488711357117,0.994360625743866,3.7439727783203125,2.5209548473358154,3.6128359844558484,2.2571254653606454,0.0,0,two_ankles,accepted,3.7439727783203125,2.5209548473358154,0.26564937590565463
649,21.633333333333333,detected,3,1,0.9098309874534607,ankle_midpoint,1045.43896484375,825.1220703125,0.9879493713378906,0.9881108999252319,3.9758963584899902,10.03223991394043,4.013732644873677,9.974152594710581,0.0,0,two_ankles,accepted,3.9758963584899902,10.03223991394043,0.0003524908027614702
650,21.666666666666668,detected,1,29,0.7822607755661011,ankle_midpoint,1001.7337646484375,593.49560546875,0.9198866486549377,0.9520012140274048,3.964840888977051,2.56852650642395,3.77123819149039,2.3972559338391326,0.0,0,two_ankles,accepted,3.964840888977051,2.56852650642395,0.2259331428840729
650,21.666666666666668,detected,3,1,0.9083464741706848,ankle_midpoint,1045.28125,826.8463745117188,0.985870361328125,0.9856796860694885,3.9728851318359375,10.07087230682373,3.995351264006695,10.017676465161498,0.0,0,two_ankles,accepted,3.9728851318359375,10.07087230682373,0.03874957116990827
651,21.7,detected,1,29,0.7907354831695557,ankle_midpoint,1012.1961059570312,598.0687255859375,0.9810276031494141,0.9909913539886475,4.052225589752197,2.7766425609588623,3.8976825207082033,2.5679799160430115,0.0,0,two_ankles,accepted,4.052225589752197,2.7766425609588623,0.2257174740349989
651,21.7,detected,3,1,0.9055736064910889,ankle_midpoint,1044.7796630859375,829.1822509765625,0.989482045173645,0.9874292016029358,3.9670042991638184,10.122964859008789,3.9825951298274007,10.06505624239278,0.0,0,two_ankles,accepted,3.9670042991638184,10.122964859008789,0.05242345072646894
652,21.733333333333334,detected,1,29,0.7908788919448853,ankle_midpoint,1012.34716796875,598.105224609375,0.9810752272605896,0.9910398125648499,4.053529739379883,2.7782764434814453,3.9678137691104594,2.6626133533903067,0.0,0,two_ankles,accepted,4.053529739379883,2.7782764434814453,0.0020905449885124604
652,21.733333333333334,detected,3,1,0.9055922627449036,ankle_midpoint,1044.7412109375,829.22998046875,0.9894249439239502,0.9873472452163696,3.9667060375213623,10.124029159545898,3.975445038289684,10.091594055111685,0.0,0,two_ankles,accepted,3.9667060375213623,10.124029159545898,0.0011053034156519592
653,21.766666666666666,detected,1,29,0.7652884125709534,ankle_midpoint,1026.590576171875,597.4126586914062,0.9741957783699036,0.9881547689437866,4.184150218963623,2.7439472675323486,4.0651651715443835,2.6992136147542256,0.0,0,two_ankles,accepted,4.184150218963623,2.7439472675323486,0.13505629199719033
653,21.766666666666666,detected,3,1,0.9059746861457825,ankle_midpoint,1044.2781982421875,828.0736694335938,0.9890179634094238,0.9866567254066467,3.9651012420654297,10.098369598388672,3.9707903299887697,10.094643049586331,0.0,0,two_ankles,accepted,3.9651012420654297,10.098369598388672,0.025709695588179027
654,21.8,detected,1,29,0.7744114995002747,ankle_midpoint,1033.0048828125,602.7675170898438,0.9565495848655701,0.9830513000488281,4.230929374694824,2.9849045276641846,4.139759062962082,2.8277745255637075,0.0,0,two_ankles,accepted,4.230929374694824,2.9849045276641846,0.24545608695073182
654,21.8,detected,3,1,0.8875713348388672,ankle_midpoint,1044.130126953125,823.7882080078125,0.9941579103469849,0.9928011894226074,3.9691102504730225,10.002405166625977,3.9700342942066835,10.053136002254172,0.0,0,two_ankles,accepted,3.9691102504730225,10.002405166625977,0.0960481353902779
655,21.833333333333332,detected,1,29,0.7116744518280029,ankle_midpoint,1051.2059326171875,611.6658935546875,0.9207885265350342,0.9668852090835571,4.373375415802002,3.373516321182251,4.213845678450065,2.948468561741418,0.0,0,two_ankles,corrected_motion_outlier,4.30439598626871,3.0959834948475082,0.4138961230652397
655,21.833333333333332,detected,3,1,0.9131813645362854,ankle_midpoint,1040.577392578125,815.0474853515625,0.995947539806366,0.994674563407898,3.9564571380615234,9.803675651550293,3.9639245739413616,9.940878844437428,0.0,0,two_ankles,accepted,3.9564571380615234,9.803675651550293,0.1991319196309682
656,21.866666666666667,detected,1,29,0.7075255513191223,ankle_midpoint,1051.13623046875,611.6444091796875,0.9208667278289795,0.9668853282928467,4.372809410095215,3.3725979328155518,4.285379357690383,3.1393267787247785,0.0,0,two_ankles,accepted,4.372809410095215,3.3725979328155518,0.20641954900340606
656,21.866666666666667,detected,3,1,0.9132025241851807,ankle_midpoint,1040.5635986328125,815.0555419921875,0.9959505796432495,0.9946789741516113,3.9563589096069336,9.803863525390625,3.960520024990869,9.879221950866366,0.0,0,two_ankles,accepted,3.9563589096069336,9.803863525390625,0.00021200332349332303
657,21.9,detected,1,29,0.3283383548259735,ankle_midpoint,1067.2998046875,615.385498046875,0.8011176586151123,0.894171953201294,4.506139278411865,3.530695915222168,4.38472132201505,3.3154428901486037,0.0,0,two_ankles,accepted,4.506139278411865,3.530695915222168,0.20681350494195988
657,21.9,detected,3,1,0.9172316193580627,ankle_midpoint,1038.67626953125,812.6190185546875,0.9953085780143738,0.9934050440788269,3.9469733238220215,9.747751235961914,3.954424009464888,9.820060129159364,0.0,0,two_ankles,accepted,3.9469733238220215,9.747751235961914,0.056891811761073045
658,21.933333333333334,detected,1,29,0.44710370898246765,ankle_midpoint,1076.5067138671875,623.4456787109375,0.8943071961402893,0.965650200843811,4.565449237823486,3.868800401687622,4.481589180491032,3.478171128472665,0.0,0,two_ankles,corrected_motion_outlier,4.599983229739454,3.677061197535406,0.3432671190974699
658,21.933333333333334,detected,3,1,0.9187690615653992,ankle_midpoint,1036.6103515625,811.764892578125,0.9935131669044495,0.9913251399993896,3.9345693588256836,9.728165626525879,3.9454894166772463,9.778707602974297,0.0,0,two_ankles,accepted,3.9345693588256836,9.728165626525879,0.0231830637451413
659,21.966666666666665,detected,1,29,0.6076111793518066,ankle_midpoint,1076.162353515625,624.2637939453125,0.8735403418540955,0.9544913172721863,4.560311794281006,3.9028055667877197,4.517014356696521,3.66925662571444,0.0,0,two_ankles,accepted,4.560311794281006,3.9028055667877197,0.1880161258136045
659,21.966666666666665,detected,3,1,0.9167376756668091,ankle_midpoint,1031.6732177734375,810.4450073242188,0.9921392798423767,0.9901285767555237,3.9040212631225586,9.698027610778809,3.926828747577637,9.742401606486327,0.0,0,two_ankles,accepted,3.9040212631225586,9.698027610778809,0.04291254064091221
660,22.0,detected,1,29,0.6116629242897034,ankle_midpoint,1076.071044921875,624.2477416992188,0.8747022747993469,0.9549171328544617,4.559564113616943,3.9021568298339844,4.536161747310711,3.774061717568235,0.0,0,two_ankles,accepted,4.559564113616943,3.9021568298339844,0.0009898919186228186
660,22.0,detected,3,1,0.9167927503585815,ankle_midpoint,1031.646484375,810.468505859375,0.9921823143959045,0.9901678562164307,3.9038219451904297,9.698578834533691,3.916475686503394,9.722681359107643,0.0,0,two_ankles,accepted,3.9038219451904297,9.698578834533691,0.0005861529373936893
661,22.033333333333335,detected,1,29,0.6117702722549438,ankle_midpoint,1075.8758544921875,624.20166015625,0.8761496543884277,0.9556120038032532,4.55799674987793,3.900282621383667,4.54598749846596,3.83086112428518,0.0,0,two_ankles,accepted,4.55799674987793,3.900282621383667,0.002443212312840618
661,22.033333333333335,detected,3,1,0.9171891212463379,ankle_midpoint,1031.7099609375,810.527099609375,0.9922367930412292,0.9902480244636536,3.904170036315918,9.69993782043457,3.9109381439190303,9.712446766704762,0.0,0,two_ankles,accepted,3.904170036315918,9.69993782043457,0.001402857836857089
662,22.066666666666666,detected,1,29,0.658686637878418,ankle_midpoint,1066.11083984375,620.8610229492188,0.9074099063873291,0.9729580879211426,4.481839179992676,3.762794017791748,4.517120755152982,3.800230926363136,0.0,0,two_ankles,accepted,4.481839179992676,3.762794017791748,0.15717217173686682
662,22.066666666666666,detected,3,1,0.9170503616333008,ankle_midpoint,1023.575439453125,812.631103515625,0.9907160997390747,0.9899615049362183,3.8492276668548584,9.74987506866455,3.883168429240153,9.729289502586667,0.0,0,two_ankles,accepted,3.8492276668548584,9.74987506866455,0.07424548957868254
663,22.1,detected,1,29,0.6376234292984009,ankle_midpoint,1063.998291015625,618.910888671875,0.9269915819168091,0.9717364311218262,4.468292236328125,3.6811184883117676,4.495147921681797,3.7466303292400203,0.0,0,two_ankles,accepted,4.468292236328125,3.6811184883117676,0.08279137514551664
663,22.1,detected,3,1,0.9141502976417542,ankle_midpoint,1020.8167724609375,813.0645141601562,0.9899793863296509,0.9884293079376221,3.8309435844421387,9.760259628295898,3.859667249081047,9.743226059155822,0.0,0,two_ankles,accepted,3.8309435844421387,9.760259628295898,0.021027285807068447
664,22.133333333333333,detected,1,29,0.653103768825531,ankle_midpoint,1071.57470703125,621.0472412109375,0.9505489468574524,0.9825259447097778,4.52890682220459,3.7696096897125244,4.510339426917054,3.7569710414526476,0.0,0,two_ankles,accepted,4.52890682220459,3.7696096897125244,0.10726052743821764
664,22.133333333333333,detected,3,1,0.9152833223342896,ankle_midpoint,1019.940185546875,814.8499755859375,0.9827597141265869,0.9836090803146362,3.8235182762145996,9.80163288116455,3.8434002112911463,9.76950912905975,0.0,0,two_ankles,accepted,3.8235182762145996,9.80163288116455,0.04203428666228807
665,22.166666666666668,detected,1,29,0.6552634239196777,ankle_midpoint,1071.599609375,621.002685546875,0.9504244923591614,0.9825396537780762,4.529238700866699,3.767737865447998,4.518844100194395,3.761816112250556,0.0,0,two_ankles,accepted,4.529238700866699,3.767737865447998,0.0019010180229637973
665,22.166666666666668,detected,3,1,0.9151277542114258,ankle_midpoint,1019.8948974609375,814.833984375,0.982915997505188,0.9837816953659058,3.823241710662842,9.80126953125,3.83432888600841,9.783801310045362,0.0,0,two_ankles,accepted,3.823241710662842,9.80126953125,0.00045663077515993523
666,22.2,detected,1,29,0.7122070789337158,ankle_midpoint,1083.3707275390625,616.9686279296875,0.9195960760116577,0.9766327142715454,4.642924785614014,3.595269203186035,4.574680408633223,3.686870003171522,0.0,0,two_ankles,accepted,4.642924785614014,3.595269203186035,0.20656709643020252
666,22.2,detected,3,1,0.8854720592498779,ankle_midpoint,1025.2525634765625,816.1212158203125,0.9785830974578857,0.9846104383468628,3.8564939498901367,9.83025074005127,3.8443031647551873,9.80470355354802,0.0,0,two_ankles,accepted,3.8564939498901367,9.83025074005127,0.044109203996581414
667,22.233333333333334,detected,1,29,0.894033670425415,ankle_midpoint,1087.09326171875,617.62841796875,0.9631016850471497,0.9912168979644775,4.67365837097168,3.622617483139038,4.619220491685529,3.6579563691569046,0.0,0,two_ankles,accepted,4.67365837097168,3.622617483139038,0.04113978227123674
667,22.233333333333334,detected,3,1,0.8878617286682129,ankle_midpoint,1028.6451416015625,812.8074951171875,0.9849647879600525,0.985724925994873,3.881850481033325,9.753347396850586,3.8611994570803496,9.781593283034175,0.0,0,two_ankles,accepted,3.881850481033325,9.753347396850586,0.08097578568348451
668,22.266666666666666,detected,1,29,0.8980027437210083,ankle_midpoint,1081.46044921875,617.660400390625,0.9841170907020569,0.9931913018226624,4.624258995056152,3.6250040531158447,4.62148781820231,3.6431278269384277,0.0,0,two_ankles,accepted,4.624258995056152,3.6250040531158447,0.04945699199403233
668,22.266666666666666,detected,3,1,0.8981571197509766,ankle_midpoint,1029.545166015625,816.9127197265625,0.9927914142608643,0.9934665560722351,3.883307933807373,9.847900390625,3.8711482716075105,9.811431481450047,0.0,0,two_ankles,accepted,3.883307933807373,9.847900390625,0.0945642257954506
669,22.3,detected,1,29,0.8832675814628601,ankle_midpoint,1068.74755859375,615.283447265625,0.9921677708625793,0.9946293234825134,4.519128799438477,3.526064395904541,4.575426259758585,3.5904492829731787,0.0,0,two_ankles,accepted,4.519128799438477,3.526064395904541,0.14436555614031021
669,22.3,detected,3,1,0.9098755717277527,ankle_midpoint,1031.276611328125,825.05419921875,0.9919652938842773,0.9953067898750305,3.8858110904693604,10.03240966796875,3.877746540095343,9.910871665383464,0.0,0,two_ankles,accepted,3.8858110904693604,10.03240966796875,0.18452625617832089
670,22.333333333333332,detected,1,29,0.8829920291900635,ankle_midpoint,1068.7403564453125,615.2971801757812,0.9922115802764893,0.9946430921554565,4.51902961730957,3.526653289794922,4.550047770656528,3.5617410860429635,0.0,0,two_ankles,accepted,4.51902961730957,3.526653289794922,0.0005971876663346955
670,22.333333333333332,detected,3,1,0.9098997712135315,ankle_midpoint,1031.264404296875,825.0374755859375,0.9919106364250183,0.9952747821807861,3.8857510089874268,10.032034873962402,3.8813485510967807,9.965395109243987,0.0,0,two_ankles,accepted,3.8857510089874268,10.032034873962402,0.000379579150725463
671,22.366666666666667,detected,1,29,0.8832582831382751,ankle_midpoint,1063.578125,612.3009033203125,0.9914699196815491,0.9940500855445862,4.481229305267334,3.398717164993286,4.5190794612313905,3.488380321570609,0.0,0,two_ankles,accepted,4.481229305267334,3.398717164993286,0.13340358173508743
671,22.366666666666667,detected,3,1,0.9080210328102112,ankle_midpoint,1028.43798828125,828.2852172851562,0.9920554757118225,0.9953140020370483,3.864438772201538,10.104963302612305,3.873739150593922,10.028200796259732,0.0,0,two_ankles,accepted,3.864438772201538,10.104963302612305,0.07597872822153372
672,22.4,detected,1,29,0.9020043611526489,ankle_midpoint,1055.6290283203125,611.6564331054688,0.9912469983100891,0.9938495755195618,4.412533283233643,3.372285842895508,4.471133681132404,3.4361378061668137,0.0,0,two_ankles,accepted,4.412533283233643,3.372285842895508,0.07360542256579959
672,22.4,detected,3,1,0.9042432904243469,ankle_midpoint,1024.9156494140625,833.3125,0.9921626448631287,0.9955548644065857,3.837174654006958,10.216535568237305,3.8572851271297885,10.11295144364964,0.0,0,two_ankles,accepted,3.837174654006958,10.216535568237305,0.11485513744549518
673,22.433333333333334,detected,1,29,0.9026886224746704,ankle_midpoint,1046.5140380859375,611.2841186523438,0.9929618239402771,0.994489312171936,4.3327317237854,3.357828140258789,4.408852800326253,3.4008984565082025,0.0,0,two_ankles,accepted,4.3327317237854,3.357828140258789,0.08110064152584193
673,22.433333333333334,detected,3,1,0.8984046578407288,ankle_midpoint,1008.1285400390625,837.9880981445312,0.9937629103660583,0.9962452054023743,3.727562665939331,10.32058048248291,3.798910019594083,10.206384511124613,0.0,0,two_ankles,accepted,3.727562665939331,10.32058048248291,0.15112952096964044
674,22.466666666666665,detected,1,29,0.9027098417282104,ankle_midpoint,1046.498291015625,611.269287109375,0.9929558038711548,0.9944922924041748,4.332625865936279,3.357187271118164,4.374550679850765,3.3812284230826855,0.0,0,two_ankles,accepted,4.332625865936279,3.357187271118164,0.0006495530306495153
674,22.466666666666665,detected,3,1,0.8985539078712463,ankle_midpoint,1008.1309814453125,838.002197265625,0.9937500357627869,0.9962313771247864,3.7275662422180176,10.32088565826416,3.7668053197748534,10.25791002733741,0.0,0,two_ankles,accepted,3.7275662422180176,10.32088565826416,0.0003051967352885537
675,22.5,detected,1,29,0.8824500441551208,ankle_midpoint,1040.598388671875,608.2305297851562,0.9948791265487671,0.9955331087112427,4.287052154541016,3.2256569862365723,4.335176343461378,3.311221276501935,0.0,0,two_ankles,accepted,4.287052154541016,3.2256569862365723,0.13920193609059997
675,22.5,detected,3,1,0.8971872925758362,ankle_midpoint,1001.340576171875,842.73681640625,0.9867478609085083,0.9903708100318909,3.681427478790283,10.423775672912598,3.728385291331797,10.332549567846245,0.0,0,two_ankles,accepted,3.681427478790283,10.423775672912598,0.11276143225853476
676,22.533333333333335,detected,1,29,0.8822729587554932,ankle_midpoint,1033.8436279296875,606.6305541992188,0.9928420782089233,0.993807852268219,4.230275630950928,3.156498670578003,4.287971022831676,3.241596103836166,0.0,0,two_ankles,accepted,4.230275630950928,3.156498670578003,0.08947874750859068
676,22.533333333333335,detected,3,1,0.8993409276008606,ankle_midpoint,992.51953125,851.2396240234375,0.9868200421333313,0.9920159578323364,3.6207239627838135,10.60505485534668,3.6799376934852046,10.455176947221442,0.0,0,two_ankles,accepted,3.6207239627838135,10.60505485534668,0.19117285068627532
677,22.566666666666666,detected,1,29,0.8507543206214905,ankle_midpoint,1024.6619873046875,602.4154052734375,0.9793401956558228,0.9802864193916321,4.15660285949707,2.9707112312316895,4.228855349331104,3.1196979111641516,0.0,0,two_ankles,accepted,4.15660285949707,2.9707112312316895,0.1998615767789107
677,22.566666666666666,detected,3,1,0.9034082293510437,ankle_midpoint,981.06591796875,868.2453002929688,0.9660817980766296,0.9852197170257568,3.5404462814331055,10.955412864685059,3.633246352135185,10.572452678127103,0.0,0,two_ankles,corrected_motion_outlier,3.5761791571518278,10.715789682567355,0.35943739486953413
678,22.6,detected,1,29,0.8507105112075806,ankle_midpoint,1024.64794921875,602.4078979492188,0.9794428944587708,0.9804055690765381,4.156491279602051,2.970377206802368,4.19629151795303,3.052503594201349,0.0,0,two_ankles,accepted,4.156491279602051,2.970377206802368,0.00035216813080683843
678,22.6,detected,3,1,0.9034591913223267,ankle_midpoint,981.0521240234375,868.270263671875,0.9662906527519226,0.9852767586708069,3.540349245071411,10.955915451049805,3.591442653956487,10.745010925942319,0.0,0,two_ankles,accepted,3.540349245071411,10.955915451049805,0.17997447934672578
679,22.633333333333333,detected,1,29,0.8871244788169861,ankle_midpoint,1013.4686279296875,600.77978515625,0.9932958483695984,0.9938420057296753,4.058835983276367,2.899291515350342,4.134436527348532,2.983558158718396,0.0,0,two_ankles,accepted,4.058835983276367,2.899291515350342,0.12078796475506062
679,22.633333333333333,detected,3,1,0.9185912013053894,ankle_midpoint,973.0308837890625,863.222900390625,0.9602376222610474,0.9820631742477417,3.4945967197418213,10.854772567749023,3.547861983559888,10.794403664755336,0.0,0,two_ankles,accepted,3.4945967197418213,10.854772567749023,0.11100980324471445
680,22.666666666666668,detected,1,29,0.8434553742408752,ankle_midpoint,1003.4354248046875,599.4141235351562,0.9881563186645508,0.990951657295227,3.970534324645996,2.839460611343384,4.060680536132391,2.9187142623996407,0.0,0,two_ankles,accepted,3.970534324645996,2.839460611343384,0.10666264571612882
680,22.666666666666668,detected,3,1,0.9190158247947693,ankle_midpoint,967.0208740234375,862.6746215820312,0.9843606352806091,0.9960492253303528,3.4584262371063232,10.84428596496582,3.507615897655784,10.816850699850054,0.0,0,two_ankles,accepted,3.4584262371063232,10.84428596496582,0.03765996086054192
681,22.7,detected,1,29,0.8770151734352112,ankle_midpoint,980.5283203125,594.785400390625,0.988368570804596,0.9902099370956421,3.7691891193389893,2.6322615146636963,3.9295093985753606,2.789810525918466,0.0,0,two_ankles,accepted,3.7691891193389893,2.6322615146636963,0.2889141003222225
681,22.7,detected,3,1,0.9069451689720154,ankle_midpoint,952.205322265625,877.76708984375,0.9898067116737366,0.9977163076400757,3.3633484840393066,11.147644996643066,3.4669206642909236,10.842548964785003,0.0,0,two_ankles,corrected_motion_outlier,3.417182045733872,10.87395795526105,0.3179095488160571
682,22.733333333333334,detected,1,29,0.875628650188446,ankle_midpoint,980.537353515625,594.7412109375,0.9884103536605835,0.9902580976486206,3.7693283557891846,2.6302220821380615,3.857427929321582,2.717995726217284,0.0,0,two_ankles,accepted,3.7693283557891846,2.6302220821380615,0.002044179986126464
682,22.733333333333334,detected,3,1,0.9069918394088745,ankle_midpoint,952.2125244140625,877.7666015625,0.9898223876953125,0.9977185726165771,3.363391637802124,11.147634506225586,3.420332602370964,10.979837458433266,0.0,0,two_ankles,accepted,3.363391637802124,11.147634506225586,0.15894331737237133
683,22.766666666666666,detected,1,29,0.8833954334259033,ankle_midpoint,969.3882446289062,592.6234741210938,0.9875242710113525,0.9888468384742737,3.669909954071045,2.5343387126922607,3.773044840458841,2.6353500701310235,0.0,0,two_ankles,accepted,3.669909954071045,2.5343387126922607,0.13812182715439772
683,22.766666666666666,detected,3,1,0.8997437357902527,ankle_midpoint,941.9400634765625,884.9873657226562,0.9881983399391174,0.9972859621047974,3.3003551959991455,11.289168357849121,3.366342769503646,11.119036363170402,0.0,0,two_ankles,accepted,3.3003551959991455,11.289168357849121,0.15493683922996868
684,22.8,detected,1,29,0.8720487356185913,ankle_midpoint,962.1248779296875,593.0903930664062,0.9922056794166565,0.9940855503082275,3.6029088497161865,2.5574347972869873,3.6964836446246467,2.6002881973512073,0.0,0,two_ankles,accepted,3.6029088497161865,2.5574347972869873,0.07087014257342361
684,22.8,detected,3,1,0.896098256111145,ankle_midpoint,931.1181640625,891.959716796875,0.9891523122787476,0.997683048248291,3.2352514266967773,11.423582077026367,3.3073516652405557,11.256081934405586,0.0,0,two_ankles,accepted,3.2352514266967773,11.423582077026367,0.14935042243139304
685,22.833333333333332,detected,1,29,0.8584586381912231,ankle_midpoint,950.136474609375,591.3544921875,0.986957848072052,0.9902192950248718,3.494513750076294,2.478973388671875,3.605597192077888,2.5456965334455077,0.0,0,two_ankles,accepted,3.494513750076294,2.478973388671875,0.13381214544207062
685,22.833333333333332,detected,3,1,0.8875643014907837,ankle_midpoint,901.596923828125,888.197021484375,0.9519400596618652,0.9907907247543335,3.0624635219573975,11.35513973236084,3.1971520007631344,11.30065794348545,0.0,0,two_ankles,accepted,3.0624635219573975,11.35513973236084,0.1858494405897953
686,22.866666666666667,detected,1,29,0.858976423740387,ankle_midpoint,950.145263671875,591.3515625,0.9869084358215332,0.9901731014251709,3.4945967197418213,2.478834867477417,3.5556469795266583,2.515608783759867,0.0,0,two_ankles,accepted,3.4945967197418213,2.478834867477417,0.00016146853164561976
686,22.866666666666667,detected,3,1,0.8876250386238098,ankle_midpoint,901.6117553710938,888.2855224609375,0.951802134513855,0.9907724857330322,3.0625531673431396,11.356829643249512,3.136582525724137,11.325935208379278,0.0,0,two_ankles,accepted,3.0625531673431396,11.356829643249512,0.0016922869457738636
687,22.9,detected,1,29,0.8646697998046875,ankle_midpoint,943.851806640625,592.25927734375,0.9897358417510986,0.9919288158416748,3.4362034797668457,2.522374391555786,3.501897404634743,2.518653307268031,0.0,0,two_ankles,accepted,3.4362034797668457,2.522374391555786,0.07283859301047745
687,22.9,detected,3,1,0.8888726830482483,ankle_midpoint,884.7147827148438,893.54833984375,0.9714109897613525,0.9949334263801575,2.964069128036499,11.458588600158691,3.0589514967647,11.385629234680014,0.0,0,two_ankles,accepted,2.964069128036499,11.458588600158691,0.1416121156871693
688,22.933333333333334,detected,1,29,0.88318932056427,ankle_midpoint,937.781005859375,594.2037353515625,0.9849318861961365,0.9855822920799255,3.379477024078369,2.613699197769165,3.446808233384375,2.5614239579935414,0.0,0,two_ankles,accepted,3.379477024078369,2.613699197769165,0.10750865548823456
688,22.933333333333334,detected,3,1,0.8757268190383911,ankle_midpoint,874.6456909179688,897.3611450195312,0.9877833724021912,0.9970278143882751,2.9061226844787598,11.53127384185791,2.990178531236027,11.451169307910067,0.0,0,two_ankles,accepted,2.9061226844787598,11.53127384185791,0.09295662796091578
689,22.966666666666665,detected,1,29,0.8589015603065491,ankle_midpoint,927.4658203125,591.4656982421875,0.9896920323371887,0.991119921207428,3.286301851272583,2.488590955734253,3.3745803614340684,2.5286491069768617,0.0,0,two_ankles,accepted,3.286301851272583,2.488590955734253,0.15599258011987063
689,22.966666666666665,detected,3,1,0.8869402408599854,ankle_midpoint,847.673583984375,900.9520874023438,0.9891535639762878,0.9969329833984375,2.750856876373291,11.600970268249512,2.882483786547796,11.518579740062819,0.0,0,two_ankles,accepted,2.750856876373291,11.600970268249512,0.17019125423594533
690,23.0,detected,1,29,0.859288215637207,ankle_midpoint,927.4328002929688,591.506591796875,0.9898277521133423,0.9911746978759766,3.2859833240509033,2.4905054569244385,3.334711694611644,2.5114844644532717,0.0,0,two_ankles,accepted,3.2859833240509033,2.4905054569244385,0.0019408179714163964
690,23.0,detected,3,1,0.8864192366600037,ankle_midpoint,847.6929931640625,900.8528442382812,0.989276647567749,0.9969550371170044,2.750929355621338,11.599128723144531,2.82328429263089,11.554826782449592,0.0,0,two_ankles,accepted,2.750929355621338,11.599128723144531,0.0018429708665833452
691,23.033333333333335,detected,1,29,0.8594645857810974,ankle_midpoint,923.4834594726562,592.0440063476562,0.9636629819869995,0.9700288772583008,3.2495665550231934,2.5163235664367676,3.2963963817968414,2.513662060345845,0.0,0,two_ankles,accepted,3.2495665550231934,2.5163235664367676,0.04464029396417763
691,23.033333333333335,detected,3,1,0.8829022645950317,ankle_midpoint,829.6089477539062,905.9892578125,0.9899444580078125,0.996783971786499,2.6489899158477783,11.695649147033691,2.7448518230784895,11.618196846512436,0.0,0,two_ankles,accepted,2.6489899158477783,11.695649147033691,0.14038462027262935
692,23.066666666666666,detected,1,29,0.8503639101982117,ankle_midpoint,919.9893798828125,591.6276245117188,0.9722355604171753,0.9727935791015625,3.2176311016082764,2.49760365486145,3.2609520057119874,2.5064357778778676,0.0,0,two_ankles,accepted,3.2176311016082764,2.49760365486145,0.03701767515936185
692,23.066666666666666,detected,3,1,0.8807235360145569,ankle_midpoint,788.01416015625,918.7505493164062,0.9811584949493408,0.9940195083618164,2.419938087463379,11.930063247680664,2.6667840004993746,11.680347045924378,0.0,0,two_ankles,corrected_motion_outlier,2.571367772902678,11.756308400761192,0.3277418353954304
693,23.1,detected,1,29,0.8508984446525574,ankle_midpoint,919.9801635742188,591.61279296875,0.9722212553024292,0.9726894497871399,3.217550277709961,2.4969136714935303,3.2414212281110757,2.502150830004916,0.0,0,two_ankles,accepted,3.217550277709961,2.4969136714935303,0.0006947010512047762
693,23.1,detected,3,1,0.8803131580352783,ankle_midpoint,788.2315673828125,918.7802734375,0.9810627102851868,0.9939192533493042,2.4211926460266113,11.93056869506836,2.556267890986631,11.79294678803917,0.0,0,two_ankles,accepted,2.4211926460266113,11.93056869506836,0.16361447841403753
694,23.133333333333333,detected,1,29,0.8329098224639893,ankle_midpoint,916.262939453125,590.7557373046875,0.9770903587341309,0.9752568006515503,3.183595657348633,2.4576079845428467,3.2153997212679766,2.4821065495469847,0.0,0,two_ankles,accepted,3.183595657348633,2.4576079845428467,0.05194086320564048
694,23.133333333333333,detected,3,1,0.875457763671875,ankle_midpoint,773.973876953125,921.0255737304688,0.9836457967758179,0.9938627481460571,2.342405319213867,11.971796989440918,2.4600297336888874,11.873429378669957,0.0,0,two_ankles,accepted,2.342405319213867,11.971796989440918,0.08892252314891036
695,23.166666666666668,detected,1,29,0.8335109353065491,ankle_midpoint,916.2714233398438,590.7254638671875,0.977332353591919,0.9755396842956543,3.1836791038513184,2.4561898708343506,3.2011254434304806,2.4704440441262996,0.0,0,two_ankles,accepted,3.1836791038513184,2.4561898708343506,0.0014205667210782438
695,23.166666666666668,detected,3,1,0.8756569623947144,ankle_midpoint,773.9713134765625,921.0167846679688,0.9834848046302795,0.9937573671340942,2.3423831462860107,11.971641540527344,2.407088769357593,11.917624851505781,0.0,0,two_ankles,accepted,2.3423831462860107,11.971641540527344,0.00015702230243227252
696,23.2,detected,1,29,0.8246018886566162,ankle_midpoint,909.8238525390625,592.1499633789062,0.959010660648346,0.9623231887817383,3.124312162399292,2.5239174365997314,3.166559466966446,2.494507070739344,0.0,0,two_ankles,accepted,3.124312162399292,2.5239174365997314,0.09006362696378775
696,23.2,detected,3,1,0.868932843208313,ankle_midpoint,742.28857421875,934.1560668945312,0.9527860879898071,0.9827365875244141,2.177377939224243,12.203398704528809,2.303718895797586,12.046223085366144,0.0,0,two_ankles,accepted,2.177377939224243,12.203398704528809,0.28449622391782053
697,23.233333333333334,detected,1,29,0.8457399010658264,ankle_midpoint,906.9395751953125,590.489990234375,0.9871708750724792,0.9861160516738892,3.097907781600952,2.446993350982666,3.135666208551974,2.473125896848839,0.0,0,two_ankles,accepted,3.097907781600952,2.446993350982666,0.08132961498350616
697,23.233333333333334,detected,3,1,0.892012894153595,ankle_midpoint,730.8350830078125,929.0411376953125,0.9928900003433228,0.9971987009048462,2.107923984527588,12.116427421569824,2.215611185726087,12.0778150366578,0.0,0,two_ankles,accepted,2.107923984527588,12.116427421569824,0.11130074520207298
698,23.266666666666666,detected,1,29,0.8447197675704956,ankle_midpoint,906.9913330078125,590.5283203125,0.9869902729988098,0.9860548377037048,3.0983829498291016,2.4487781524658203,3.1188887421266815,2.4621694118764808,0.0,0,two_ankles,accepted,3.0983829498291016,2.4487781524658203,0.0018469708117110112
698,23.266666666666666,detected,3,1,0.8945250511169434,ankle_midpoint,730.9022216796875,929.2157592773438,0.9928063154220581,0.9970389604568481,2.108496904373169,12.119446754455566,2.167409759117274,12.096549309666795,0.0,0,two_ankles,accepted,2.108496904373169,12.119446754455566,0.0030732081322918667
699,23.3,detected,1,29,0.8817803859710693,ankle_midpoint,902.8578491210938,586.1429443359375,0.987644374370575,0.9861105680465698,3.060155153274536,2.2425527572631836,3.092458627143216,2.363341917300497,0.0,0,two_ankles,accepted,3.060155153274536,2.2425527572631836,0.20973859457882554
699,23.3,detected,3,1,0.8846660852432251,ankle_midpoint,702.6671142578125,925.4598999023438,0.9874691963195801,0.9917676448822021,1.9456175565719604,12.056973457336426,2.067603267971883,12.07874017611813,0.0,0,two_ankles,accepted,1.9456175565719604,12.056973457336426,0.17444940467964765
700,23.333333333333332,detected,1,29,0.893720805644989,ankle_midpoint,899.1998291015625,585.0350341796875,0.9864975810050964,0.9853464365005493,3.0261104106903076,2.1904234886169434,3.0626019297394076,2.285528624392898,0.0,0,two_ankles,accepted,3.0261104106903076,2.1904234886169434,0.062261586449577945
700,23.333333333333332,detected,3,1,0.8823489546775818,ankle_midpoint,681.2841796875,926.3751220703125,0.9833471179008484,0.9895163178443909,1.8268415927886963,12.075119972229004,1.9592605141394492,12.077111084368024,0.0,0,two_ankles,accepted,1.8268415927886963,12.075119972229004,0.12015417419045349
701,23.366666666666667,detected,1,29,0.8937176465988159,ankle_midpoint,899.1858520507812,584.99755859375,0.9865238666534424,0.9853838086128235,3.0259761810302734,2.1886343955993652,3.0461203428202976,2.241926221435808,0.0,0,two_ankles,accepted,3.0259761810302734,2.1886343955993652,0.0017941213524117292
701,23.366666666666667,detected,3,1,0.8823344707489014,ankle_midpoint,681.2869873046875,926.3267822265625,0.9835594296455383,0.9895602464675903,1.826786756515503,12.0742769241333,1.8996473232086735,12.0758357122624,0.0,0,two_ankles,accepted,1.826786756515503,12.0742769241333,0.0008448296328410848
702,23.4,detected,1,29,0.8935433030128479,ankle_midpoint,899.18359375,585.0269775390625,0.9864774942398071,0.9852891564369202,3.02595853805542,2.1900415420532227,3.037047530676103,2.218578115713645,0.0,0,two_ankles,accepted,3.02595853805542,2.1900415420532227,0.0014072570544023573
702,23.4,detected,3,1,0.8825693130493164,ankle_midpoint,681.3765869140625,926.28125,0.9835176467895508,0.9895581603050232,1.8272231817245483,12.073473930358887,1.8670564595408172,12.07477291040582,0.0,0,two_ankles,accepted,1.8272231817245483,12.073473930358887,0.0009139288620226807
703,23.433333333333334,detected,1,29,0.8895569443702698,ankle_midpoint,897.52587890625,582.5155029296875,0.9851958751678467,0.9837499260902405,3.0101876258850098,2.0697221755981445,3.0249605735201115,2.15159294266167,0.0,0,two_ankles,accepted,3.0101876258850098,2.0697221755981445,0.12134855423464332
703,23.433333333333334,detected,3,1,0.9126425385475159,ankle_midpoint,665.3988647460938,928.911376953125,0.9189610481262207,0.9727943539619446,1.7416627407073975,12.120805740356445,1.8106292860657782,12.0954876838836,0.0,0,two_ankles,accepted,1.7416627407073975,12.120805740356445,0.09777980008516249
704,23.466666666666665,detected,1,29,0.8808220028877258,ankle_midpoint,892.3697509765625,579.8389282226562,0.9872077107429504,0.9853823184967041,2.961402416229248,1.9408884048461914,2.9963594027392233,2.0567759006447046,0.0,0,two_ankles,accepted,2.961402416229248,1.9408884048461914,0.13776115986490328
704,23.466666666666665,detected,3,1,0.9207736253738403,ankle_midpoint,650.10009765625,944.7978515625,0.9150545597076416,0.9704186320304871,1.6818580627441406,12.392603874206543,1.7526822355710414,12.229189969528925,0.0,0,two_ankles,accepted,1.6818580627441406,12.392603874206543,0.27829988334651606
705,23.5,detected,1,29,0.8582525253295898,ankle_midpoint,890.2037353515625,580.931640625,0.9880622625350952,0.9853082299232483,2.941383123397827,1.9945025444030762,2.9716200770355954,2.028752890335972,0.0,0,two_ankles,accepted,2.941383123397827,1.9945025444030762,0.057229782857313866
705,23.5,detected,3,1,0.9202107191085815,ankle_midpoint,648.582275390625,951.3268432617188,0.9841467142105103,0.9955748319625854,1.6839087009429932,12.501015663146973,1.7217341449884198,12.351511531657046,0.0,0,two_ankles,accepted,1.6839087009429932,12.501015663146973,0.10843118139302396
706,23.533333333333335,detected,1,29,0.8658810257911682,ankle_midpoint,887.6803588867188,582.51708984375,0.9885450005531311,0.9848726987838745,2.918268918991089,2.0717663764953613,2.9476120559155676,2.0481089591076973,0.0,0,two_ankles,accepted,2.918268918991089,2.0717663764953613,0.08064717102875534
706,23.533333333333335,detected,3,1,0.9368076920509338,ankle_midpoint,646.1131591796875,959.9889526367188,0.9858910441398621,0.9946954846382141,1.6841241121292114,12.642454147338867,1.7048096302017761,12.482435708713865,0.0,0,two_ankles,accepted,1.6841241121292114,12.642454147338867,0.14143864822770313
707,23.566666666666666,detected,1,29,0.8029158711433411,ankle_midpoint,884.1994018554688,586.086669921875,0.9870562553405762,0.9862682819366455,2.887144088745117,2.2435669898986816,2.920401470688865,2.1360650729636403,0.0,0,two_ankles,accepted,2.887144088745117,2.2435669898986816,0.17459726751469415
707,23.566666666666666,detected,3,1,0.9269063472747803,ankle_midpoint,633.453369140625,966.498291015625,0.9861792325973511,0.9917906522750854,1.6263600587844849,12.747992515563965,1.6695073230639952,12.601936271796411,0.0,0,two_ankles,accepted,1.6263600587844849,12.747992515563965,0.12031223140823513
708,23.6,detected,1,29,0.8023797273635864,ankle_midpoint,884.2081298828125,586.1301879882812,0.9871647357940674,0.9863722920417786,2.887241840362549,2.2456369400024414,2.905479637042023,2.185372413131101,0.0,0,two_ankles,accepted,2.887241840362549,2.2456369400024414,0.0020722569364742312
708,23.6,detected,3,1,0.9268091320991516,ankle_midpoint,633.4212036132812,966.5404052734375,0.9862232804298401,0.9918252229690552,1.6262556314468384,12.748664855957031,1.6500440618362746,12.66796413466869,0.0,0,two_ankles,accepted,1.6262556314468384,12.748664855957031,0.0006804018467028309
709,23.633333333333333,detected,1,29,0.7820054292678833,ankle_midpoint,884.975341796875,587.13427734375,0.9792895317077637,0.9792817831039429,2.894723415374756,2.293187141418457,2.9006393372917527,2.2338890408604115,0.0,0,two_ankles,accepted,2.894723415374756,2.293187141418457,0.048135180682811765
709,23.633333333333333,detected,3,1,0.924823522567749,ankle_midpoint,631.345947265625,966.8477783203125,0.9683936238288879,0.9865602254867554,1.6156312227249146,12.753751754760742,1.6345582842361628,12.706568563710114,0.0,0,two_ankles,accepted,1.6156312227249146,12.753751754760742,0.01177941425240181
710,23.666666666666668,detected,1,29,0.7383565902709961,ankle_midpoint,881.9052124023438,586.6607666015625,0.9744837880134583,0.9714841246604919,2.8661153316497803,2.2713212966918945,2.885103534752865,2.250733555984579,0.0,0,two_ankles,accepted,2.8661153316497803,2.2713212966918945,0.036007466170522945
710,23.666666666666668,detected,3,1,0.9385692477226257,ankle_midpoint,629.5675048828125,965.3052978515625,0.9804008603096008,0.9817143678665161,1.6035693883895874,12.729360580444336,1.620613281105204,12.716824971240515,0.0,0,two_ankles,accepted,1.6035693883895874,12.729360580444336,0.027210608814691978
711,23.7,detected,1,29,0.7381319999694824,ankle_midpoint,881.906982421875,586.6532592773438,0.9745434522628784,0.9715832471847534,2.866128444671631,2.2709643840789795,2.87656474421631,2.2598374286270593,0.0,0,two_ankles,accepted,2.866128444671631,2.2709643840789795,0.00035715341885511116
711,23.7,detected,3,1,0.9386669993400574,ankle_midpoint,629.5682373046875,965.3168334960938,0.9804648160934448,0.9817240238189697,1.6035922765731812,12.729544639587402,1.6129538290657939,12.722548821996615,0.0,0,two_ankles,accepted,1.6035922765731812,12.729544639587402,0.00018547678316857075
712,23.733333333333334,detected,1,29,0.7086766362190247,ankle_midpoint,882.35546875,588.843505859375,0.9730986952781677,0.9756678938865662,2.8711845874786377,2.3744845390319824,2.8741436736843577,2.311428628309275,0.0,0,two_ankles,accepted,2.8711845874786377,2.3744845390319824,0.10364355774276848
712,23.733333333333334,detected,3,1,0.9363673329353333,ankle_midpoint,635.5494384765625,961.6113891601562,0.9635759592056274,0.9638747572898865,1.6297152042388916,12.669618606567383,1.620496447893688,12.698730225053461,0.0,0,two_ankles,accepted,1.6297152042388916,12.669618606567383,0.06537229369805232
713,23.766666666666666,detected,1,29,0.7090309262275696,ankle_midpoint,882.3289794921875,588.8448486328125,0.9730755686759949,0.975702702999115,2.870940685272217,2.3745529651641846,2.8727023288988947,2.3398345798939846,0.0,0,two_ankles,accepted,2.870940685272217,2.3745529651641846,0.00025331881466864726
713,23.766666666666666,detected,3,1,0.9364108443260193,ankle_midpoint,635.5498046875,961.5712280273438,0.9635644555091858,0.9638310074806213,1.6296521425247192,12.66897201538086,1.6246165104776522,12.685339030700792,0.0,0,two_ankles,accepted,1.6296521425247192,12.66897201538086,0.0006496590969763632
714,23.8,detected,1,29,0.7119408249855042,ankle_midpoint,882.3360595703125,588.831787109375,0.9732036590576172,0.9758530855178833,2.8710007667541504,2.373936414718628,2.8719366259337598,2.3551804055650742,0.0,0,two_ankles,accepted,2.8710007667541504,2.373936414718628,0.0006194709326412571
714,23.8,detected,3,1,0.9364190101623535,ankle_midpoint,635.5655517578125,961.5953369140625,0.9636353850364685,0.9640236496925354,1.629776120185852,12.669358253479004,1.6269383348463422,12.678147680950989,0.0,0,two_ankles,accepted,1.629776120185852,12.669358253479004,0.0004056480357628606
715,23.833333333333332,detected,1,29,0.6903795003890991,ankle_midpoint,888.1693725585938,585.3360595703125,0.9913291931152344,0.9891692399978638,2.9237194061279297,2.20699405670166,2.8952388770211366,2.2884965485765383,0.0,0,two_ankles,accepted,2.9237194061279297,2.20699405670166,0.17506857467200684
715,23.833333333333332,detected,3,1,0.9231818318367004,ankle_midpoint,638.1011962890625,950.1903076171875,0.9832655191421509,0.9816821813583374,1.6248875856399536,12.48331356048584,1.6260154977034675,12.590472326741672,0.0,0,two_ankles,accepted,1.6248875856399536,12.48331356048584,0.18610890779575037
716,23.866666666666667,detected,1,29,0.7801016569137573,ankle_midpoint,902.4301147460938,583.60302734375,0.9890129566192627,0.9889366626739502,3.0560402870178223,2.121131420135498,2.967599511519645,2.21318224077807,0.0,0,two_ankles,accepted,3.0560402870178223,2.121131420135498,0.1577377820231094
716,23.866666666666667,detected,3,1,0.9114459753036499,ankle_midpoint,640.7764892578125,944.5343017578125,0.9931941032409668,0.9937491416931152,1.6302067041397095,12.38912296295166,1.6279015405997765,12.499865113036169,0.0,0,two_ankles,accepted,1.6302067041397095,12.38912296295166,0.09434066824789965
717,23.9,detected,1,29,0.7807112336158752,ankle_midpoint,902.4124755859375,583.600830078125,0.9890628457069397,0.9889923334121704,3.0558760166168213,2.1210293769836426,3.007323938813375,2.171713452070578,0.0,0,two_ankles,accepted,3.0558760166168213,2.1210293769836426,0.0001933845120107086
717,23.9,detected,3,1,0.9113579392433167,ankle_midpoint,640.7291259765625,944.5064697265625,0.9931967258453369,0.9937305450439453,1.6299004554748535,12.388662338256836,1.6288010522935612,12.449823864385468,0.0,0,two_ankles,accepted,1.6299004554748535,12.388662338256836,0.0005531395431606395
718,23.933333333333334,detected,1,29,0.7868821024894714,ankle_midpoint,902.3821411132812,583.837890625,0.9888579845428467,0.9888231754302979,3.055607557296753,2.1324262619018555,3.029051567130895,2.154034216494653,0.0,0,two_ankles,accepted,3.055607557296753,2.1324262619018555,0.011400046326463766
718,23.933333333333334,detected,3,1,0.9113067984580994,ankle_midpoint,640.7911987304688,944.4876708984375,0.9932655096054077,0.9936895370483398,1.630210518836975,12.388341903686523,1.6294353122380976,12.422156982070945,0.0,0,two_ankles,accepted,1.630210518836975,12.388341903686523,0.00044588967512322576
719,23.966666666666665,detected,1,29,0.8523015379905701,ankle_midpoint,909.65869140625,581.2627563476562,0.9888914823532104,0.9845460653305054,3.1235578060150146,2.006671190261841,3.071579374628749,2.0877208546898878,0.0,0,two_ankles,accepted,3.1235578060150146,2.006671190261841,0.14293905814737567
719,23.966666666666665,detected,3,1,0.9190753102302551,ankle_midpoint,647.5161743164062,941.237548828125,0.9830961227416992,0.9774342775344849,1.6619102954864502,12.333146095275879,1.6440490546998563,12.382102083013166,0.0,0,two_ankles,accepted,1.6619102954864502,12.333146095275879,0.06365102595976897
720,24.0,detected,1,29,0.7756074666976929,ankle_midpoint,929.5693359375,575.1563720703125,0.9814806580543518,0.9726259708404541,3.312592029571533,1.7028446197509766,3.1127318178780445,2.0251736081978016,0.0,0,two_ankles,corrected_motion_outlier,3.163029248516072,1.9487269735963628,0.35783309324880647
720,24.0,detected,3,1,0.9131557941436768,ankle_midpoint,670.4005126953125,941.2496948242188,0.9844249486923218,0.9810676574707031,1.7881509065628052,12.331074714660645,1.7088948880381833,12.359139767254533,0.0,0,two_ankles,accepted,1.7881509065628052,12.331074714660645,0.12625760374165465
721,24.033333333333335,detected,1,29,0.7147610783576965,ankle_midpoint,941.082275390625,573.959228515625,0.984033465385437,0.9813650250434875,3.4224390983581543,1.6408666372299194,3.252100094094094,1.8522354712622549,0.0,0,two_ankles,accepted,3.4224390983581543,1.6408666372299194,0.2361900706695717
721,24.033333333333335,detected,3,1,0.9159926176071167,ankle_midpoint,686.8533935546875,936.90576171875,0.9936667084693909,0.9921112060546875,1.8728997707366943,12.255899429321289,1.7826970852525132,12.312681615184573,0.0,0,two_ankles,accepted,1.8728997707366943,12.255899429321289,0.11328589278730969
722,24.066666666666666,detected,1,29,0.7806510925292969,ankle_midpoint,963.2301025390625,569.66943359375,0.9838517308235168,0.9819750189781189,3.6373884677886963,1.4202872514724731,3.3638349447165026,1.711363704021788,0.0,0,two_ankles,corrected_motion_outlier,3.500399762143891,1.5391870996167725,0.3079910661686795
722,24.066666666666666,detected,3,1,0.9086625576019287,ankle_midpoint,709.04736328125,939.1182861328125,0.9939310550689697,0.9894335865974426,1.9986941814422607,12.291232109069824,1.8798957785378998,12.303029337432937,0.0,0,two_ankles,accepted,1.9986941814422607,12.291232109069824,0.13066228232727786
723,24.1,detected,1,29,0.7823024392127991,ankle_midpoint,963.26904296875,569.71533203125,0.9838526248931885,0.9818427562713623,3.6377112865448,1.4226101636886597,3.4870792985392365,1.5814246108718804,0.0,0,two_ankles,accepted,3.6377112865448,1.4226101636886597,0.1532791597456526
723,24.1,detected,3,1,0.9085748195648193,ankle_midpoint,709.093017578125,939.1434326171875,0.9939151406288147,0.9893953204154968,1.9989778995513916,12.29165267944336,1.9334827329939712,12.297909841337628,0.0,0,two_ankles,accepted,1.9989778995513916,12.29165267944336,0.0005073217958498245
724,24.133333333333333,detected,1,29,0.6213719844818115,ankle_midpoint,974.4986572265625,570.2703857421875,0.9847697019577026,0.967539370059967,3.7445337772369385,1.4484446048736572,3.602933813953203,1.52158360817268,0.0,0,two_ankles,accepted,3.7445337772369385,1.4484446048736572,0.10990206034926348
724,24.133333333333333,detected,3,1,0.915215790271759,ankle_midpoint,754.0313720703125,920.2371826171875,0.9952462315559387,0.9925446510314941,2.2289860248565674,11.959905624389648,1.9878968893060218,12.290419017099637,0.0,0,two_ankles,corrected_motion_outlier,2.054403080354083,12.2812635652532,0.40368285354125627
725,24.166666666666668,detected,1,29,0.663418173789978,ankle_midpoint,974.390625,570.3353271484375,0.9843579530715942,0.9676777720451355,3.7434160709381104,1.451757550239563,3.666150829596411,1.4901618821027773,0.0,0,two_ankles,accepted,3.7434160709381104,1.451757550239563,0.0034964087815809704
725,24.166666666666668,detected,3,1,0.9152162075042725,ankle_midpoint,753.9447021484375,920.3662109375,0.995201587677002,0.9924276471138,2.2286252975463867,11.962196350097656,2.096224673014186,12.142718816948747,0.0,0,two_ankles,accepted,2.2286252975463867,11.962196350097656,0.2007980330779015
726,24.2,detected,1,29,0.6437998414039612,ankle_midpoint,974.4948120117188,570.2327880859375,0.9845128655433655,0.9676841497421265,3.7445459365844727,1.4465399980545044,3.7014286277410386,1.4705320342810546,0.0,0,two_ankles,accepted,3.7445459365844727,1.4465399980545044,0.005338487349674945
726,24.2,detected,3,1,0.9153013825416565,ankle_midpoint,753.9346923828125,920.28271484375,0.9951600432395935,0.9923385381698608,2.228485107421875,11.960721015930176,2.155741868497646,12.06081980649039,0.0,0,two_ankles,accepted,2.228485107421875,11.960721015930176,0.001481979816578451
727,24.233333333333334,detected,1,29,0.6053300499916077,ankle_midpoint,985.18212890625,564.8998413085938,0.9735967516899109,0.9586806297302246,3.8548872470855713,1.1711279153823853,3.770485006446078,1.3358001807766535,0.0,0,two_ankles,accepted,3.8548872470855713,1.1711279153823853,0.296693478332258
727,24.233333333333334,detected,3,1,0.9063354134559631,ankle_midpoint,786.2357177734375,908.1002807617188,0.9966098666191101,0.9957724213600159,2.4013328552246094,11.73873233795166,2.2662578125247794,11.915880445647963,0.0,0,two_ankles,accepted,2.4013328552246094,11.73873233795166,0.28134554745210877
728,24.266666666666666,detected,1,29,0.6336657404899597,ankle_midpoint,985.7630615234375,562.739501953125,0.9819257259368896,0.9651206731796265,3.8638546466827393,1.058670997619629,3.812501344552576,1.2110920483559924,0.0,0,two_ankles,accepted,3.8638546466827393,1.058670997619629,0.11281388482024113
728,24.266666666666666,detected,3,1,0.9064842462539673,ankle_midpoint,786.337158203125,908.0928955078125,0.9966811537742615,0.9957917928695679,2.4019086360931396,11.738587379455566,2.3273006831305416,11.836098565861384,0.0,0,two_ankles,accepted,2.4019086360931396,11.738587379455566,0.0005937479045480816
729,24.3,detected,1,29,0.6240017414093018,ankle_midpoint,985.8095092773438,562.7777099609375,0.9822477698326111,0.965490460395813,3.864246129989624,1.0606564283370972,3.8357864979992478,1.1433960193474895,0.0,0,two_ankles,accepted,3.864246129989624,1.0606564283370972,0.002023658645482476
729,24.3,detected,3,1,0.9065372347831726,ankle_midpoint,786.37451171875,908.139404296875,0.9967319965362549,0.9958641529083252,2.402160406112671,11.73943042755127,2.3609875584725,11.792597903621832,0.0,0,two_ankles,accepted,2.402160406112671,11.73943042755127,0.0008798398913458241
730,24.333333333333332,detected,1,29,0.5677763223648071,ankle_midpoint,993.3074951171875,563.1712646484375,0.9887328147888184,0.9851550459861755,3.9363911151885986,1.0796093940734863,3.881058575734456,1.114692037974188,0.0,0,two_ankles,accepted,3.9363911151885986,1.0796093940734863,0.07459298760315883
730,24.333333333333332,detected,3,1,0.8994916677474976,ankle_midpoint,810.3795776367188,907.44091796875,0.9956733584403992,0.9950399994850159,2.5393688678741455,11.724190711975098,2.4412591477032404,11.761814667380802,0.0,0,two_ankles,accepted,2.5393688678741455,11.724190711975098,0.13805220356731962
731,24.366666666666667,detected,1,29,0.6730682849884033,ankle_midpoint,997.186279296875,560.6456909179688,0.9904506802558899,0.988689124584198,3.9785406589508057,0.9464379549026489,3.9249255131818135,1.0389777005919956,0.0,0,two_ankles,accepted,3.9785406589508057,0.9464379549026489,0.13968255528230522
731,24.366666666666667,detected,3,1,0.9141131639480591,ankle_midpoint,822.9367065429688,904.68896484375,0.9913160800933838,0.9888558983802795,2.609889507293701,11.67250919342041,2.5171428095189476,11.721627204098628,0.0,0,two_ankles,accepted,2.609889507293701,11.67250919342041,0.08743077229592278
732,24.4,detected,1,29,0.6741564869880676,ankle_midpoint,997.1630859375,560.654052734375,0.9903587698936462,0.9885008335113525,3.978299379348755,0.9468833208084106,3.9489437529569376,0.9975352296893825,0.0,0,two_ankles,accepted,3.978299379348755,0.9468833208084106,0.0005065240728541335
732,24.4,detected,3,1,0.9140661358833313,ankle_midpoint,822.9307861328125,904.677734375,0.9913027286529541,0.9888157844543457,2.609848976135254,11.672303199768066,2.5588605844962853,11.699431402149877,0.0,0,two_ankles,accepted,2.609848976135254,11.672303199768066,0.00020994322949548789
733,24.433333333333334,detected,1,29,0.6748213171958923,ankle_midpoint,997.1810302734375,560.6510620117188,0.9904345273971558,0.9886702299118042,3.9784796237945557,0.9467219710350037,3.962234894833866,0.9746692632949121,0.0,0,two_ankles,accepted,3.9784796237945557,0.9467219710350037,0.0002419128140891163
733,24.433333333333334,detected,3,1,0.914070725440979,ankle_midpoint,822.946533203125,904.690185546875,0.9913268685340881,0.9888641834259033,2.6099467277526855,11.672530174255371,2.581849348961666,11.68732584959735,0.0,0,two_ankles,accepted,2.6099467277526855,11.672530174255371,0.00024712910916710636
734,24.466666666666665,detected,1,29,0.6973267793655396,ankle_midpoint,1011.2521362304688,557.8717041015625,0.9950373768806458,0.983170211315155,4.121513843536377,0.7964969873428345,4.033910421749996,0.8944917391164773,0.0,0,two_ankles,accepted,4.121513843536377,0.7964969873428345,0.2074279001061914
734,24.466666666666665,detected,3,1,0.9124940633773804,ankle_midpoint,838.0068969726562,897.86279296875,0.9968940019607544,0.9962653517723083,2.693486213684082,11.544537544250488,2.632085938086753,11.623071112191262,0.0,0,two_ankles,accepted,2.693486213684082,11.544537544250488,0.15284292278430434
735,24.5,detected,1,29,0.48990169167518616,ankle_midpoint,1023.2576904296875,556.4281005859375,0.995846688747406,0.9909015893936157,4.242659568786621,0.7167863249778748,4.127847537916478,0.8145243027541063,0.0,0,two_ankles,accepted,4.242659568786621,0.7167863249778748,0.14501750391269408
735,24.5,detected,3,1,0.9144928455352783,ankle_midpoint,851.4390869140625,882.8165893554688,0.9826777577400208,0.9842929244041443,2.765688896179199,11.257055282592773,2.692207269228354,11.458363988871943,0.0,0,two_ankles,accepted,2.765688896179199,11.257055282592773,0.2964106579179054
736,24.533333333333335,detected,1,29,0.36854904890060425,ankle_midpoint,1029.430908203125,554.0084228515625,0.9903876185417175,0.9832883477210999,4.309401988983154,0.5851320028305054,4.209547040896482,0.711297767788486,0.0,0,two_ankles,accepted,4.309401988983154,0.5851320028305054,0.14760559336886228
736,24.533333333333335,detected,3,1,0.9097623825073242,ankle_midpoint,853.4085693359375,881.4990234375,0.9742087125778198,0.9836704730987549,2.776836395263672,11.231290817260742,2.7302903759442474,11.356181061646904,0.0,0,two_ankles,accepted,2.776836395263672,11.231290817260742,0.028072663031564336
737,24.566666666666666,detected,1,29,0.699108898639679,ankle_midpoint,1037.381591796875,553.8043212890625,0.9760965704917908,0.9501445889472961,4.388558864593506,0.5723584890365601,4.290102361560143,0.6487750923501194,0.0,0,two_ankles,accepted,4.388558864593506,0.5723584890365601,0.08018088058282212
737,24.566666666666666,detected,3,1,0.9163917303085327,ankle_midpoint,855.259765625,882.5581665039062,0.9803881645202637,0.989253580570221,2.78818678855896,11.251635551452637,2.7563437616208684,11.309135582059485,0.0,0,two_ankles,accepted,2.78818678855896,11.251635551452637,0.023296773109093095
738,24.6,detected,1,29,0.7615296840667725,ankle_midpoint,1042.540771484375,547.925048828125,0.9833377003669739,0.9856987595558167,4.45602560043335,0.24883009493350983,4.369437810645815,0.5846209310826499,0.0,0,two_ankles,corrected_motion_outlier,4.466403359528303,0.5062102895335203,0.3304880969653549
738,24.6,detected,3,1,0.9154952764511108,ankle_midpoint,861.7855224609375,877.2413330078125,0.9863508343696594,0.9928475618362427,2.8250892162323,11.147239685058594,2.787279216196013,11.236282428409083,0.0,0,two_ankles,accepted,2.8250892162323,11.147239685058594,0.11072617616602204
739,24.633333333333333,detected,1,29,0.7570704221725464,ankle_midpoint,1042.504638671875,547.9224853515625,0.9831839203834534,0.9856178164482117,4.4556708335876465,0.2486957609653473,4.408242670969639,0.43345460452986373,0.0,0,two_ankles,accepted,4.4556708335876465,0.2486957609653473,0.16527369567233793
739,24.633333333333333,detected,3,1,0.9153862595558167,ankle_midpoint,861.8135986328125,877.2318115234375,0.9863712191581726,0.9928563833236694,2.8252532482147217,11.147049903869629,2.804367530604432,11.19612779236633,0.0,0,two_ankles,accepted,2.8252532482147217,11.147049903869629,0.00025084535264214094
740,24.666666666666668,detected,1,29,0.8060914278030396,ankle_midpoint,1049.3199462890625,543.98046875,0.9804956316947937,0.9783162474632263,4.535711765289307,0.026578951627016068,4.46560376341349,0.2503605607235823,0.0,0,two_ankles,accepted,4.535711765289307,0.026578951627016068,0.2360983433620626
740,24.666666666666668,detected,3,1,0.9131319522857666,ankle_midpoint,867.348876953125,875.8999633789062,0.9860798716545105,0.9904972314834595,2.857835531234741,11.120255470275879,2.828428130888071,11.161985247425628,0.0,0,two_ankles,accepted,2.857835531234741,11.120255470275879,0.042184675397667
741,24.7,detected,1,29,0.8157427310943604,ankle_midpoint,1052.119873046875,530.685791015625,0.994668185710907,0.992924690246582,4.606046676635742,-0.7455793023109436,4.527994289512986,0.08553152683567972,0.0,0,two_ankles,corrected_motion_outlier,4.604249376967923,-0.11592618124953458,0.7753549953915494
741,24.7,detected,3,1,0.9114186763763428,ankle_midpoint,873.0997314453125,868.365966796875,0.9901801347732544,0.9960577487945557,2.8903114795684814,10.969846725463867,2.8562756377942558,11.075522912542837,0.0,0,two_ankles,accepted,2.8903114795684814,10.969846725463867,0.153874876884112
742,24.733333333333334,detected,1,29,0.8169311285018921,ankle_midpoint,1052.178466796875,530.59326171875,0.9946657419204712,0.9928892850875854,4.606956481933594,-0.7511166930198669,4.593151004123085,-0.0692517515971145,0.0,0,two_ankles,corrected_motion_outlier,4.672786988646539,-0.2584313141260852,0.3904760957320101
742,24.733333333333334,detected,3,1,0.9114359617233276,ankle_midpoint,873.1055908203125,868.3480224609375,0.990206778049469,0.9960588216781616,2.8903422355651855,10.96948528289795,2.8716056067911744,11.027805979202638,0.0,0,two_ankles,accepted,2.8903422355651855,10.96948528289795,0.0003627487557395999
743,24.766666666666666,detected,1,29,0.8155921697616577,ankle_midpoint,1052.1201171875,530.643798828125,0.9946364760398865,0.9928557872772217,4.6061859130859375,-0.7480859160423279,4.599016713156368,-0.3747271255974605,0.0,0,two_ankles,accepted,4.6061859130859375,-0.7480859160423279,0.2592879700489236
743,24.766666666666666,detected,3,1,0.9113713502883911,ankle_midpoint,873.1031494140625,868.369384765625,0.9901924133300781,0.9960659146308899,2.8903329372406006,10.969914436340332,2.880032905493416,11.001754784914601,0.0,0,two_ankles,accepted,2.8903329372406006,10.969914436340332,0.00042925416241325516
744,24.8,detected,1,29,0.8517057299613953,ankle_midpoint,1060.478271484375,528.8984375,0.9930686950683594,0.9915940761566162,4.699009895324707,-0.8546168804168701,4.644013645132121,-0.5906775152661949,0.0,0,two_ankles,accepted,4.699009895324707,-0.8546168804168701,0.14129804686984668
744,24.8,detected,3,1,0.9103298187255859,ankle_midpoint,880.585693359375,861.4033203125,0.9703753590583801,0.9871011972427368,2.9340550899505615,10.828070640563965,2.904342888499132,10.923596919956815,0.0,0,two_ankles,accepted,2.9340550899505615,10.828070640563965,0.14842940759108655
745,24.833333333333332,detected,1,29,0.8220013976097107,ankle_midpoint,1063.4190673828125,532.886962890625,0.9932010769844055,0.9909030795097351,4.715693473815918,-0.6174183487892151,4.67626956803983,-0.6027108903515541,0.0,0,two_ankles,accepted,4.715693473815918,-0.6174183487892151,0.23778453523639434
745,24.833333333333332,detected,3,1,0.9088725447654724,ankle_midpoint,889.0616455078125,848.959228515625,0.9814386963844299,0.9915607571601868,2.9839229583740234,10.568971633911133,2.9401539199428335,10.764015541236258,0.0,0,two_ankles,accepted,2.9839229583740234,10.568971633911133,0.26385431501035567
746,24.866666666666667,detected,1,29,0.8225069046020508,ankle_midpoint,1063.299560546875,532.6741333007812,0.993255615234375,0.9909988641738892,4.7151970863342285,-0.6299821734428406,4.69378695127231,-0.6149829677426331,0.0,0,two_ankles,accepted,4.7151970863342285,-0.6299821734428406,0.012573626782238513
746,24.866666666666667,detected,3,1,0.9088044762611389,ankle_midpoint,889.055419921875,849.0530395507812,0.9815168976783752,0.9916027188301086,2.9838969707489014,10.57094955444336,2.959838292805564,10.677135847179454,0.0,0,two_ankles,accepted,2.9838969707489014,10.57094955444336,0.0019780912487706156
747,24.9,detected,1,29,0.825440526008606,ankle_midpoint,1063.3214111328125,532.7169799804688,0.9928338527679443,0.9905874133110046,4.715274333953857,-0.6274514198303223,4.703456273479007,-0.6205937711820932,0.0,0,two_ankles,accepted,4.715274333953857,-0.6274514198303223,0.0025319322743732327
747,24.9,detected,3,1,0.9088032245635986,ankle_midpoint,889.0859985351562,848.9237670898438,0.9816231727600098,0.9916389584541321,2.9840686321258545,10.568222045898438,2.970741945499695,10.628124636602998,0.0,0,two_ankles,accepted,2.9840686321258545,10.568222045898438,0.0027329051375705096
748,24.933333333333334,detected,1,29,0.8329665064811707,ankle_midpoint,1061.7071533203125,533.3944702148438,0.9803515076637268,0.9803159832954407,4.696259021759033,-0.5870458483695984,4.700217510205018,-0.6054972059164706,0.0,0,two_ankles,accepted,4.696259021759033,-0.5870458483695984,0.044656380316079075
748,24.933333333333334,detected,3,1,0.9039421081542969,ankle_midpoint,898.9786376953125,846.7453002929688,0.976710855960846,0.9824970364570618,3.044983386993408,10.52104377746582,3.004150594171866,10.579938249991269,0.0,0,two_ankles,accepted,3.044983386993408,10.52104377746582,0.07704801342587778
749,24.966666666666665,detected,1,29,0.834008514881134,ankle_midpoint,1061.6129150390625,533.27197265625,0.980085551738739,0.9794046878814697,4.695705890655518,-0.5942541360855103,4.698187281407742,-0.6004378244925385,0.0,0,two_ankles,accepted,4.695705890655518,-0.5942541360855103,0.007229478944781727
749,24.966666666666665,detected,3,1,0.9026446342468262,ankle_midpoint,898.9794921875,846.6749267578125,0.9765450358390808,0.9823265671730042,3.044984817504883,10.519551277160645,3.0225259946717236,10.552764112217488,0.0,0,two_ankles,accepted,3.044984817504883,10.519551277160645,0.0014925009907242538
750,25.0,detected,1,29,0.798488438129425,ankle_midpoint,1057.578857421875,533.4346923828125,0.9882150888442993,0.9946514964103699,4.653504371643066,-0.583723783493042,4.678079972013638,-0.592916506042765,0.0,0,two_ankles,accepted,4.653504371643066,-0.583723783493042,0.04349547715199801
750,25.0,detected,3,1,0.9153323173522949,ankle_midpoint,912.63525390625,844.2777099609375,0.9856007695198059,0.9905036091804504,3.129608392715454,10.466999053955078,3.0707130737914023,10.514169835999404,0.0,0,two_ankles,accepted,3.129608392715454,10.466999053955078,0.09961368201841998
751,25.033333333333335,detected,1,29,0.7993214726448059,ankle_midpoint,1057.7296142578125,533.474853515625,0.9881822466850281,0.9945746064186096,4.654926776885986,-0.5813894271850586,4.667661034206194,-0.5877293205567972,0.0,0,two_ankles,accepted,4.654926776885986,-0.5813894271850586,0.0027335793472493103
751,25.033333333333335,detected,3,1,0.9152758121490479,ankle_midpoint,912.62353515625,844.2247314453125,0.9856696724891663,0.9905093908309937,3.1295385360717773,10.46587085723877,3.0971845318175713,10.492435295557119,0.0,0,two_ankles,accepted,3.1295385360717773,10.46587085723877,0.001130357368868481
752,25.066666666666666,detected,1,29,0.7093111872673035,ankle_midpoint,1059.860107421875,533.8773193359375,0.9745103120803833,0.9863835573196411,4.675556182861328,-0.5581601858139038,4.671213851101005,-0.5744232099224952,0.0,0,two_ankles,accepted,4.675556182861328,-0.5581601858139038,0.031067185993823722
752,25.066666666666666,detected,3,1,0.9152589440345764,ankle_midpoint,918.4307861328125,845.590087890625,0.9873985052108765,0.9906242489814758,3.1654460430145264,10.494277954101562,3.1279022118562017,10.49326449190212,0.0,0,two_ankles,accepted,3.1654460430145264,10.494277954101562,0.04578550214877709
753,25.1,detected,1,29,0.635618269443512,ankle_midpoint,1061.9033203125,537.161865234375,0.9504035711288452,0.9689138531684875,4.6854567527771,-0.3665611445903778,4.6776231568552475,-0.48088528052304236,0.0,0,two_ankles,accepted,4.6854567527771,-0.3665611445903778,0.19185466864903625
753,25.1,detected,3,1,0.9111545085906982,ankle_midpoint,923.1488037109375,850.8732299804688,0.9806129932403564,0.9802035093307495,3.193955183029175,10.605307579040527,3.1576260488840395,10.543683881114404,0.0,0,two_ankles,accepted,3.193955183029175,10.605307579040527,0.1146313599259035
754,25.133333333333333,detected,1,29,0.6683196425437927,ankle_midpoint,1064.5484619140625,543.0894775390625,0.9845507740974426,0.9874039888381958,4.69243860244751,-0.027189981192350388,4.683429113073046,-0.3960706666210378,0.0,0,two_ankles,corrected_motion_outlier,4.69052528178369,-0.29240836074081,0.33944297425480885
754,25.133333333333333,detected,3,1,0.9127495884895325,ankle_midpoint,924.5235595703125,850.221435546875,0.9773774743080139,0.977935791015625,3.202512264251709,10.591465950012207,3.177824845799491,10.565185812118417,0.0,0,two_ankles,accepted,3.202512264251709,10.591465950012207,0.016273116886653477
755,25.166666666666668,detected,1,29,0.5831893086433411,ankle_midpoint,1065.341552734375,543.6607666015625,0.9875327944755554,0.9912970066070557,4.698539733886719,0.004955091513693333,4.690228892439199,-0.2156090754604088,0.0,0,two_ankles,accepted,4.698539733886719,0.004955091513693333,0.18587326198491447
755,25.166666666666668,detected,3,1,0.9107103943824768,ankle_midpoint,921.1771240234375,849.05078125,0.9625837206840515,0.9784091711044312,3.1820409297943115,10.567214965820312,3.1797220835971602,10.56609893128427,0.0,0,two_ankles,accepted,3.1820409297943115,10.567214965820312,0.03173619020522386
756,25.2,detected,1,29,0.588104248046875,ankle_midpoint,1065.335205078125,543.7020263671875,0.9874320030212402,0.9912198185920715,4.698336601257324,0.007287910208106041,4.693877361407356,-0.11530543190957714,0.0,0,two_ankles,accepted,4.698336601257324,0.007287910208106041,0.002341645986507386
756,25.2,detected,3,1,0.9106487035751343,ankle_midpoint,921.158447265625,848.9927978515625,0.9624077677726746,0.978346586227417,3.1819326877593994,10.565995216369629,3.180716855470168,10.566052259572682,0.0,0,two_ankles,accepted,3.1819326877593994,10.565995216369629,0.0012245427965427926
757,25.233333333333334,detected,1,29,0.65472412109375,ankle_midpoint,1067.809326171875,539.4575805664062,0.9341896176338196,0.9493603706359863,4.7379374504089355,-0.23522472381591797,4.713704401458067,-0.1692691132674305,0.0,0,two_ankles,accepted,4.7379374504089355,-0.23522472381591797,0.24572465263949175
757,25.233333333333334,detected,3,1,0.9198512434959412,ankle_midpoint,916.9515380859375,848.2634887695312,0.9707809090614319,0.9840033650398254,3.156043291091919,10.551093101501465,3.169613751499956,10.559320638440635,0.0,0,two_ankles,accepted,3.156043291091919,10.551093101501465,0.029871958210838895
758,25.266666666666666,detected,1,29,0.6522085070610046,ankle_midpoint,1067.8118896484375,539.440673828125,0.9326926469802856,0.9486598372459412,4.738022327423096,-0.23619772493839264,4.72464746814233,-0.19938698851936348,0.0,0,two_ankles,accepted,4.738022327423096,-0.23619772493839264,0.0009766961102972162
758,25.266666666666666,detected,3,1,0.919590950012207,ankle_midpoint,916.92041015625,848.2220458984375,0.971232533454895,0.9843289852142334,3.1558547019958496,10.55022144317627,3.163422179223108,10.555226000571672,0.0,0,two_ankles,accepted,3.1558547019958496,10.55022144317627,0.0008918262628105018
759,25.3,detected,1,29,0.6508927345275879,ankle_midpoint,1067.8465576171875,539.400146484375,0.9323682188987732,0.9484241604804993,4.738516330718994,-0.23853686451911926,4.7308884563018285,-0.2170044327192536,0.0,0,two_ankles,accepted,4.738516330718994,-0.23853686451911926,0.002390734873314154
759,25.3,detected,3,1,0.919532060623169,ankle_midpoint,916.903564453125,848.231689453125,0.9712466597557068,0.9843109250068665,3.155749797821045,10.550426483154297,3.1599696075921795,10.553066217733853,0.0,0,two_ankles,accepted,3.155749797821045,10.550426483154297,0.00023031777717081683
760,25.333333333333332,detected,1,29,0.6527145504951477,ankle_midpoint,1067.805419921875,539.3895263671875,0.9324577450752258,0.9486955404281616,4.738133907318115,-0.23913854360580444,4.734148909259158,-0.2269647826182015,0.0,0,two_ankles,accepted,4.738133907318115,-0.23913854360580444,0.0007129273321272665
760,25.333333333333332,detected,3,1,0.9194837212562561,ankle_midpoint,916.9301147460938,848.2935791015625,0.9711737036705017,0.9842839241027832,3.1559083461761475,10.551730155944824,3.1581420399549653,10.55246498992879,0.0,0,two_ankles,accepted,3.1559083461761475,10.551730155944824,0.0013132784646323384
761,25.366666666666667,detected,1,29,0.6500740051269531,ankle_midpoint,1058.125732421875,540.1008911132812,0.9640669822692871,0.9624220132827759,4.63714075088501,-0.19609235227108002,4.690495237990792,-0.21307218896199684,0.0,0,two_ankles,accepted,4.63714075088501,-0.19609235227108002,0.10978429867129187
761,25.366666666666667,detected,3,1,0.9274954199790955,ankle_midpoint,891.8092041015625,852.05859375,0.9897693395614624,0.9955044388771057,3.0012097358703613,10.63371467590332,3.087522503116894,10.589027348617329,0.0,0,two_ankles,accepted,3.0012097358703613,10.63371467590332,0.1750803288304158
762,25.4,detected,1,29,0.6532222032546997,ankle_midpoint,1058.076416015625,540.1278076171875,0.9638518691062927,0.9621878862380981,4.6365509033203125,-0.19453756511211395,4.666220287389077,-0.20473160822954956,0.0,0,two_ankles,accepted,4.6365509033203125,-0.19453756511211395,0.0016629140865556046
762,25.4,detected,3,1,0.9274309277534485,ankle_midpoint,891.8427124023438,852.11279296875,0.9897941946983337,0.9955279231071472,3.0014214515686035,10.634843826293945,3.0487770299201635,10.609644763571808,0.0,0,two_ankles,accepted,3.0014214515686035,10.634843826293945,0.0011488272896875175
763,25.433333333333334,detected,1,29,0.6531631350517273,ankle_midpoint,1058.114990234375,540.125244140625,0.9640567898750305,0.9624225497245789,4.636951923370361,-0.19469326734542847,4.6530495235806555,-0.20021435483169508,0.0,0,two_ankles,accepted,4.636951923370361,-0.19469326734542847,0.00043018631544981996
763,25.433333333333334,detected,3,1,0.9295696020126343,ankle_midpoint,892.44140625,852.6806640625,0.9775452613830566,0.9890338182449341,3.0051586627960205,10.646638870239258,3.029148764714299,10.62629211157216,0.0,0,two_ankles,accepted,3.0051586627960205,10.646638870239258,0.012372946675314845
764,25.466666666666665,detected,1,29,0.8161020278930664,ankle_midpoint,1026.2979736328125,543.8168334960938,0.9623265266418457,0.9681509733200073,4.303726673126221,0.022473521530628204,4.639635713209504,-0.1960796142531726,0.0,0,two_ankles,corrected_motion_outlier,4.623241056089207,-0.19102604243497848,0.39774424143035425
764,25.466666666666665,detected,3,1,0.907886803150177,ankle_midpoint,841.7684326171875,867.8541259765625,0.9889581203460693,0.9975878000259399,2.701472043991089,10.963056564331055,3.0084669687201595,10.642774071348086,0.0,0,two_ankles,corrected_motion_outlier,2.9831892180606556,10.662918688851995,0.43857236526660204
765,25.5,detected,1,29,0.8196698427200317,ankle_midpoint,1026.2763671875,543.829833984375,0.9623667001724243,0.9681156873703003,4.303475856781006,0.023212170228362083,4.48836377781668,-0.09739831123648202,0.0,0,two_ankles,accepted,4.303475856781006,0.023212170228362083,0.1991789815167086
765,25.5,detected,3,1,0.9079750180244446,ankle_midpoint,841.7666015625,867.8367919921875,0.9889675974845886,0.9975898265838623,2.7014527320861816,10.962708473205566,2.8703105622348692,10.786744552183954,0.0,0,two_ankles,accepted,2.7014527320861816,10.962708473205566,0.21916733690699067
766,25.533333333333335,detected,1,29,0.8224166035652161,ankle_midpoint,1018.2451171875,543.3826293945312,0.9718766808509827,0.9765075445175171,4.22344446182251,-0.00026189518393948674,4.369150085619303,-0.05368692401283788,0.0,0,two_ankles,accepted,4.22344446182251,-0.00026189518393948674,0.08340297312436654
766,25.533333333333335,detected,3,1,0.9005923271179199,ankle_midpoint,827.82080078125,876.2799072265625,0.9823117256164551,0.9949461817741394,2.6223342418670654,11.132075309753418,2.7587212180693577,10.942143393090213,0.0,0,two_ankles,accepted,2.6223342418670654,11.132075309753418,0.1869354455869166
767,25.566666666666666,detected,1,29,0.826583206653595,ankle_midpoint,1000.2598876953125,547.1179809570312,0.9854470491409302,0.98646080493927,4.0343170166015625,0.2132910192012787,4.2184752045613205,0.06645315043351457,0.0,0,two_ankles,accepted,4.0343170166015625,0.2132910192012787,0.28526134995512925
767,25.566666666666666,detected,3,1,0.8857805728912354,ankle_midpoint,807.8704833984375,878.745849609375,0.9924198985099792,0.9984402060508728,2.5051980018615723,11.18261432647705,2.6446357707758548,11.050355313114292,0.0,0,two_ankles,accepted,2.5051980018615723,11.18261432647705,0.12757386461974152
768,25.6,detected,1,29,0.8275603652000427,ankle_midpoint,1000.2530517578125,547.1058349609375,0.9852999448776245,0.9863466620445251,4.034272193908691,0.212616428732872,4.135583849767637,0.13222662566822543,0.0,0,two_ankles,accepted,4.034272193908691,0.212616428732872,0.0006760779347540907
768,25.6,detected,3,1,0.8852358460426331,ankle_midpoint,807.8546142578125,878.7868041992188,0.9924267530441284,0.998443067073822,2.5051329135894775,11.183416366577148,2.581859485041985,11.110232787172578,0.0,0,two_ankles,accepted,2.5051329135894775,11.183416366577148,0.0008046768328521305
769,25.633333333333333,detected,1,29,0.8335406184196472,ankle_midpoint,984.97314453125,550.0704956054688,0.979464054107666,0.9826257228851318,3.876227617263794,0.3799838423728943,4.018873545140908,0.24371737318532644,0.0,0,two_ankles,accepted,3.876227617263794,0.3799838423728943,0.23019543730364245
769,25.633333333333333,detected,3,1,0.8852881193161011,ankle_midpoint,792.123779296875,882.3372802734375,0.9800332188606262,0.9934638142585754,2.4146010875701904,11.254220962524414,2.5065932061796774,11.175027466080905,0.0,0,two_ankles,accepted,2.4146010875701904,11.254220962524414,0.11493172899439917
770,25.666666666666668,detected,1,29,0.8339240550994873,ankle_midpoint,984.9751586914062,550.03857421875,0.979418158531189,0.9825352430343628,3.8762996196746826,0.3782282769680023,3.954715278681107,0.3042472798875306,0.0,0,two_ankles,accepted,3.8762996196746826,0.3782282769680023,0.0017570413307680841
770,25.666666666666668,detected,3,1,0.8851954936981201,ankle_midpoint,792.0738525390625,882.3729248046875,0.9800167083740234,0.9934689998626709,2.414335012435913,11.25491714477539,2.4650770189949833,11.210977821493424,0.0,0,two_ankles,accepted,2.414335012435913,11.25491714477539,0.0007452957155757035
771,25.7,detected,1,29,0.8330624103546143,ankle_midpoint,984.9801025390625,550.02978515625,0.97944575548172,0.9825954437255859,3.8763630390167236,0.3777438998222351,3.9194567708321344,0.3373207588581476,0.0,0,two_ankles,accepted,3.8763630390167236,0.3777438998222351,0.0004885112406961648
771,25.7,detected,3,1,0.8852702975273132,ankle_midpoint,792.114501953125,882.3404541015625,0.9800575971603394,0.9934766888618469,2.414548635482788,11.254283905029297,2.4423392464144955,11.230465559084568,0.0,0,two_ankles,accepted,2.414548635482788,11.254283905029297,0.0006683018645709702
772,25.733333333333334,detected,1,29,0.7891547083854675,ankle_midpoint,970.9674072265625,552.790771484375,0.9711658358573914,0.9760187864303589,3.7330551147460938,0.5317518711090088,3.835576025593417,0.4248147593710352,0.0,0,two_ankles,accepted,3.7330551147460938,0.5317518711090088,0.21037018890190762
772,25.733333333333334,detected,3,1,0.8869142532348633,ankle_midpoint,775.68212890625,887.9451904296875,0.9931119680404663,0.9985041618347168,2.3225812911987305,11.363899230957031,2.388448166567401,11.290510711427178,0.0,0,two_ankles,accepted,2.3225812911987305,11.363899230957031,0.14308568094993232
773,25.766666666666666,detected,1,29,0.7893271446228027,ankle_midpoint,970.949462890625,552.8426513671875,0.9712356328964233,0.9761191606521606,3.732808828353882,0.5345757007598877,3.789330786835626,0.47420718299601883,0.0,0,two_ankles,accepted,3.732808828353882,0.5345757007598877,0.002834549502861371
773,25.766666666666666,detected,3,1,0.8869802951812744,ankle_midpoint,775.7068481445312,888.1396484375,0.9931482672691345,0.9985126852989197,2.322906732559204,11.3676118850708,2.358954521263713,11.325206239566809,0.0,0,two_ankles,accepted,2.322906732559204,11.3676118850708,0.0037268904796890334
774,25.8,detected,1,29,0.7842698097229004,ankle_midpoint,961.838623046875,555.4321899414062,0.9498853087425232,0.9571788311004639,3.639619827270508,0.6765373349189758,3.7219608550313232,0.5652557513613495,0.0,0,two_ankles,accepted,3.639619827270508,0.6765373349189758,0.16981547484265344
774,25.8,detected,3,1,0.8685261607170105,ankle_midpoint,751.1279296875,899.78466796875,0.9898256659507751,0.9960076808929443,2.1912002563476562,11.58952522277832,2.283465102051488,11.44414978201199,0.0,0,two_ankles,accepted,2.1912002563476562,11.58952522277832,0.2580545006942422
775,25.833333333333332,detected,1,29,0.7827180027961731,ankle_midpoint,961.8556518554688,555.40869140625,0.9498404264450073,0.9570422172546387,3.6398141384124756,0.6752700209617615,3.684994832552842,0.6147621726815349,0.0,0,two_ankles,accepted,3.6398141384124756,0.6752700209617615,0.0012821238185304607
775,25.833333333333332,detected,3,1,0.8689110279083252,ankle_midpoint,751.2247314453125,899.8895263671875,0.9896621704101562,0.9959203004837036,2.1918728351593018,11.591462135314941,2.242248581950004,11.510440340998318,0.0,0,two_ankles,accepted,2.1918728351593018,11.591462135314941,0.0020503639755893206
776,25.866666666666667,detected,1,29,0.7887256741523743,ankle_midpoint,949.344482421875,557.9472045898438,0.9760033488273621,0.980991005897522,3.514312982559204,0.8137612342834473,3.608188000055705,0.7043117504023955,0.0,0,two_ankles,accepted,3.514312982559204,0.8137612342834473,0.18689664600473657
776,25.866666666666667,detected,3,1,0.8790712952613831,ankle_midpoint,701.6156005859375,928.6060791015625,0.9334321022033691,0.9740458130836487,1.9438807964324951,12.111845016479492,2.19991653009247,11.576959381579968,0.0,0,two_ankles,corrected_motion_outlier,2.1481773555999273,11.65826043117976,0.5764532888977189
777,25.9,detected,1,29,0.7899050116539001,ankle_midpoint,949.373779296875,557.9735107421875,0.975471019744873,0.9806110858917236,3.5145773887634277,0.8151549100875854,3.5660632249741804,0.7541911722607311,0.0,0,two_ankles,accepted,3.5145773887634277,0.8151549100875854,0.0014185354728987788
777,25.9,detected,3,1,0.8789279460906982,ankle_midpoint,701.71533203125,928.4043579101562,0.935141384601593,0.9750882387161255,1.9441726207733154,12.108335494995117,2.084831770898851,11.816078632616787,0.0,0,two_ankles,accepted,1.9441726207733154,12.108335494995117,0.2865804713138772
778,25.933333333333334,detected,1,29,0.7259656190872192,ankle_midpoint,946.6502685546875,560.5421142578125,0.9794142842292786,0.9804307818412781,3.485804796218872,0.9517120718955994,3.5299469320342918,0.8430755770964218,0.0,0,two_ankles,accepted,3.485804796218872,0.9517120718955994,0.13955543888646946
778,25.933333333333334,detected,3,1,0.8873366117477417,ankle_midpoint,701.8984985351562,923.7586669921875,0.9637954831123352,0.9849932193756104,1.939035415649414,12.02727222442627,2.0192234110366045,11.911115748931055,0.0,0,two_ankles,accepted,1.939035415649414,12.02727222442627,0.08122588695608833
779,25.966666666666665,detected,1,29,0.7882891893386841,ankle_midpoint,937.7445678710938,562.0031127929688,0.9820573329925537,0.983670711517334,3.398041009902954,1.030310869216919,3.47058926707519,0.9273314585506456,0.0,0,two_ankles,accepted,3.398041009902954,1.030310869216919,0.11781448607392889
779,25.966666666666665,detected,3,1,0.8938167691230774,ankle_midpoint,686.93896484375,910.8993530273438,0.9923600554466248,0.9974754452705383,1.8361496925354004,11.799863815307617,1.9368402377110627,11.861052378800508,0.0,0,two_ankles,accepted,1.8361496925354004,11.799863815307617,0.24959979278551064
780,26.0,detected,1,29,0.78835529088974,ankle_midpoint,936.8026733398438,560.86669921875,0.9793030619621277,0.9810070395469666,3.389573574066162,0.9708834886550903,3.4341322052211276,0.9469298720976458,0.0,0,two_ankles,accepted,3.389573574066162,0.9708834886550903,0.0600275855760549
780,26.0,detected,3,1,0.8940147161483765,ankle_midpoint,687.0069580078125,910.8517456054688,0.992316722869873,0.9974506497383118,1.836467981338501,11.798995971679688,1.89167272234341,11.833126995596139,0.0,0,two_ankles,accepted,1.836467981338501,11.798995971679688,0.0009243702314102101
781,26.033333333333335,detected,1,29,0.7872939705848694,ankle_midpoint,936.81494140625,560.8558959960938,0.9791874885559082,0.980901300907135,3.389699697494507,0.9703127145767212,3.4141375767441486,0.9574521512132297,0.0,0,two_ankles,accepted,3.389699697494507,0.9703127145767212,0.0005845426996512481
781,26.033333333333335,detected,3,1,0.8938478231430054,ankle_midpoint,686.9547119140625,910.826904296875,0.9923886656761169,0.9974852800369263,1.8361327648162842,11.798552513122559,1.8666797414562035,11.817568478483029,0.0,0,two_ankles,accepted,1.8361327648162842,11.798552513122559,0.0005559007183463389
782,26.066666666666666,detected,1,29,0.8002060651779175,ankle_midpoint,931.888427734375,563.1270751953125,0.9825506806373596,0.9807628393173218,3.340529441833496,1.090252161026001,3.3810139160343553,1.0172121556289768,0.0,0,two_ankles,accepted,3.340529441833496,1.090252161026001,0.12962709923595764
782,26.066666666666666,detected,3,1,0.9067380428314209,ankle_midpoint,677.102294921875,909.9346923828125,0.9909867644309998,0.9940440058708191,1.7784593105316162,11.78343391418457,1.8269805475401393,11.802207924548723,0.0,0,two_ankles,accepted,1.7784593105316162,11.78343391418457,0.059622138195249474
783,26.1,detected,1,29,0.8157979249954224,ankle_midpoint,919.7991943359375,563.7130126953125,0.9855722784996033,0.9879891872406006,3.223097562789917,1.1232938766479492,3.309951557074358,1.0649489300875143,0.0,0,two_ankles,accepted,3.223097562789917,1.1232938766479492,0.12199180786818224
783,26.1,detected,3,1,0.8899123072624207,ankle_midpoint,656.188232421875,913.3900146484375,0.9881332516670227,0.9945061802864075,1.66464102268219,11.847932815551758,1.753927761354062,11.822784125500089,0.0,0,two_ankles,accepted,1.66464102268219,11.847932815551758,0.13082320484741625
784,26.133333333333333,detected,1,29,0.8053740859031677,ankle_midpoint,915.6751708984375,561.6680908203125,0.9757212996482849,0.9801953434944153,3.183537483215332,1.0174307823181152,3.2530652238377966,1.0435657635912847,0.0,0,two_ankles,accepted,3.183537483215332,1.0174307823181152,0.11301324982954354
784,26.133333333333333,detected,3,1,0.9013626575469971,ankle_midpoint,648.0496826171875,914.6915283203125,0.9915788173675537,0.9965271353721619,1.6205273866653442,11.87211799621582,1.693897592744139,11.84498436732217,0.0,0,two_ankles,accepted,1.6205273866653442,11.87211799621582,0.0503084073130932
785,26.166666666666668,detected,1,29,0.81367427110672,ankle_midpoint,907.566650390625,564.6341552734375,0.9780686497688293,0.9797923564910889,3.104550838470459,1.17365562915802,3.186233750422495,1.1021062030963158,0.0,0,two_ankles,accepted,3.104550838470459,1.17365562915802,0.17505739863885927
785,26.166666666666668,detected,3,1,0.8979440927505493,ankle_midpoint,635.3463134765625,923.8011474609375,0.9842090010643005,0.9936535358428955,1.5645643472671509,12.034808158874512,1.6356976322794945,11.930405073520724,0.0,0,two_ankles,accepted,1.5645643472671509,12.034808158874512,0.17204636236955204
786,26.2,detected,1,29,0.8121320009231567,ankle_midpoint,907.5294189453125,564.6380615234375,0.9777125120162964,0.9795663952827454,3.1041908264160156,1.173865795135498,3.1493144346195794,1.1343980195139478,0.0,0,two_ankles,accepted,3.1041908264160156,1.173865795135498,0.00041686738590806437
786,26.2,detected,3,1,0.8966408967971802,ankle_midpoint,635.3936767578125,923.8746948242188,0.9841628074645996,0.993631899356842,1.5649608373641968,12.036092758178711,1.6038660745676108,11.97796453161682,0.0,0,two_ankles,accepted,1.5649608373641968,12.036092758178711,0.0013443956892985722
787,26.233333333333334,detected,1,29,0.8235757350921631,ankle_midpoint,899.7801513671875,568.1778564453125,0.9812108278274536,0.9808632135391235,3.0296590328216553,1.3574917316436768,3.095469503810514,1.234790189972326,0.0,0,two_ankles,accepted,3.0296590328216553,1.3574917316436768,0.19817535874799877
787,26.233333333333334,detected,3,1,0.9229704737663269,ankle_midpoint,626.16162109375,940.9423828125,0.9942460656166077,0.9964936375617981,1.5436161756515503,12.33029842376709,1.5767536200553836,12.136514783084442,0.0,0,two_ankles,accepted,1.5436161756515503,12.33029842376709,0.2949789284812194
788,26.266666666666666,detected,1,29,0.8202478885650635,ankle_midpoint,899.9304809570312,568.195556640625,0.9814198017120361,0.9810463190078735,3.031104326248169,1.3583641052246094,3.066505173907459,1.2903984518358536,0.0,0,two_ankles,accepted,3.031104326248169,1.3583641052246094,0.0016881672764962683
788,26.266666666666666,detected,3,1,0.9232479929924011,ankle_midpoint,626.080322265625,941.026611328125,0.9942653775215149,0.996586799621582,1.5433157682418823,12.331725120544434,1.561706586739308,12.224359434941439,0.0,0,two_ankles,accepted,1.5433157682418823,12.331725120544434,0.0014579809005149762
789,26.3,detected,1,29,0.8175505995750427,ankle_midpoint,899.912109375,568.1709594726562,0.9814527034759521,0.9810643196105957,3.0309252738952637,1.357112169265747,3.0504942189019713,1.3204196246793058,0.0,0,two_ankles,accepted,3.0309252738952637,1.357112169265747,0.0012646752113382284
789,26.3,detected,3,1,0.9231632351875305,ankle_midpoint,626.1142578125,941.0016479492188,0.9942765831947327,0.9965841770172119,1.5434590578079224,12.33130168914795,1.5534951987201846,12.27248344933437,0.0,0,two_ankles,accepted,1.5434590578079224,12.33130168914795,0.0004470190681219882
790,26.333333333333332,detected,1,29,0.8615625500679016,ankle_midpoint,890.8768920898438,573.9818115234375,0.9771987199783325,0.9793675541877747,2.9457943439483643,1.6522620916366577,3.0317428071862285,1.3531263852471915,0.0,0,two_ankles,corrected_motion_outlier,3.008824415089209,1.3931013148301628,0.30718195244704477
790,26.333333333333332,detected,3,1,0.9114423990249634,ankle_midpoint,619.1021728515625,959.8773193359375,0.9900110363960266,0.9871867895126343,1.5380749702453613,12.643267631530762,1.542981183927807,12.324073202925884,0.0,0,two_ankles,corrected_motion_outlier,1.53013072140379,12.387127346204398,0.3120123997626979
791,26.366666666666667,detected,1,29,0.8601830005645752,ankle_midpoint,890.88134765625,573.9561767578125,0.9772870540618896,0.9794132709503174,2.9458296298980713,1.6509820222854614,2.993081877406558,1.4871614219144131,0.0,0,two_ankles,accepted,2.9458296298980713,1.6509820222854614,0.15297120573912384
791,26.366666666666667,detected,3,1,0.9113748669624329,ankle_midpoint,619.1094970703125,959.8744506835938,0.989900529384613,0.9871121048927307,1.538109540939331,12.643220901489258,1.5407889445829928,12.467689667279403,0.0,0,two_ankles,accepted,1.538109540939331,12.643220901489258,0.1559825409768267
792,26.4,detected,1,29,0.870864987373352,ankle_midpoint,889.5396728515625,574.9392700195312,0.9780725240707397,0.9806503653526306,2.9333889484405518,1.7002179622650146,2.9662200593718557,1.583036865072184,0.0,0,two_ankles,accepted,2.9333889484405518,1.7002179622650146,0.05078334708147581
792,26.4,detected,3,1,0.9203317761421204,ankle_midpoint,620.3616943359375,963.1174926757812,0.9882561564445496,0.988702654838562,1.5504275560379028,12.69526481628418,1.5451263197377023,12.570098484331552,0.0,0,two_ankles,accepted,1.5504275560379028,12.69526481628418,0.05348179655873324
793,26.433333333333334,detected,1,29,0.8474878668785095,ankle_midpoint,887.7562866210938,575.5743408203125,0.9754793047904968,0.976768970489502,2.916703701019287,1.7321099042892456,2.9439376981132,1.6501197327198618,0.0,0,two_ankles,accepted,2.916703701019287,1.7321099042892456,0.03599296386220128
793,26.433333333333334,detected,3,1,0.9240036606788635,ankle_midpoint,616.7579345703125,965.79931640625,0.97608882188797,0.9790629148483276,1.5356580018997192,12.738466262817383,1.54086557671061,12.645863984650177,0.0,0,two_ankles,accepted,1.5356580018997192,12.738466262817383,0.04565637646596524
794,26.466666666666665,detected,1,29,0.850821316242218,ankle_midpoint,880.9717407226562,575.2467041015625,0.9671140313148499,0.9714754819869995,2.8523571491241455,1.7172366380691528,2.902726451068126,1.6803223401270428,0.0,0,two_ankles,accepted,2.8523571491241455,1.7172366380691528,0.06604311310687817
794,26.466666666666665,detected,3,1,0.9327935576438904,ankle_midpoint,614.1058349609375,964.0172119140625,0.9816761016845703,0.9806239008903503,1.5183336734771729,12.710272789001465,1.5307262202555634,12.674847946608256,0.0,0,two_ankles,accepted,1.5183336734771729,12.710272789001465,0.03309084950709336
795,26.5,detected,1,29,0.7650896310806274,ankle_midpoint,872.9301147460938,576.1708984375,0.9727227091789246,0.974378764629364,2.776780128479004,1.764668583869934,2.846050605903021,1.718278149811344,0.0,0,two_ankles,accepted,2.776780128479004,1.764668583869934,0.08922822161202368
795,26.5,detected,3,1,0.93169766664505,ankle_midpoint,613.5122680664062,963.0445556640625,0.9858487844467163,0.9724500775337219,1.5134445428848267,12.694756507873535,1.522949465438732,12.683806799177633,0.0,0,two_ankles,accepted,1.5134445428848267,12.694756507873535,0.0162683305225202
796,26.533333333333335,detected,1,29,0.7626010775566101,ankle_midpoint,872.9639282226562,576.2142333984375,0.9727637767791748,0.9743759036064148,2.777125835418701,1.7668049335479736,2.8150344591850773,1.7401152024928273,0.0,0,two_ankles,accepted,2.777125835418701,1.7668049335479736,0.002164140299290816
796,26.533333333333335,detected,3,1,0.9317610263824463,ankle_midpoint,613.5194091796875,963.0792236328125,0.9857581853866577,0.9723259806632996,1.5135434865951538,12.695311546325684,1.5187167749591222,12.688983935394257,0.0,0,two_ankles,accepted,1.5135434865951538,12.695311546325684,0.0005637885607004065
797,26.566666666666666,detected,1,29,0.8747519850730896,ankle_midpoint,852.1075439453125,573.9482421875,0.9851534366607666,0.9818010330200195,2.5778024196624756,1.6585147380828857,2.708280041399907,1.7033949935083537,0.0,0,two_ankles,accepted,2.5778024196624756,1.6585147380828857,0.22684045164519512
797,26.566666666666666,detected,3,1,0.92100989818573,ankle_midpoint,610.837890625,955.5394287109375,0.9958016276359558,0.9925549626350403,1.485701560974121,12.573704719543457,1.5038599286658718,12.637108288261398,0.0,0,two_ankles,accepted,1.485701560974121,12.573704719543457,0.12475332918335115
798,26.6,detected,1,29,0.8366079926490784,ankle_midpoint,837.52392578125,572.023193359375,0.95591139793396,0.9557719826698303,2.436953544616699,1.565126657485962,2.5861831178474635,1.6411742422982774,0.0,0,two_ankles,accepted,2.436953544616699,1.565126657485962,0.16899626977906426
798,26.6,detected,3,1,0.9152638912200928,ankle_midpoint,618.063720703125,953.625,0.9950161576271057,0.9905553460121155,1.5215545892715454,12.541727066040039,1.511822525938425,12.594186738261786,0.0,0,two_ankles,accepted,1.5215545892715454,12.541727066040039,0.04804175227529246
799,26.633333333333333,detected,1,29,0.823250949382782,ankle_midpoint,821.466064453125,577.4751586914062,0.98768150806427,0.9860078692436218,2.292515993118286,1.8394355773925781,2.4702872210027067,1.5857517896621058,0.0,0,two_ankles,corrected_motion_outlier,2.3286366804146703,1.5180132364401184,0.31001224140861133
799,26.633333333333333,detected,3,1,0.9228848218917847,ankle_midpoint,633.88037109375,947.1124267578125,0.9939488172531128,0.9924039244651794,1.5966734886169434,12.432766914367676,1.5500054591437584,12.521547817509436,0.0,0,two_ankles,accepted,1.5966734886169434,12.432766914367676,0.132344866509164
800,26.666666666666668,detected,1,29,0.8243998289108276,ankle_midpoint,821.4359130859375,577.4945068359375,0.9877579212188721,0.9860419631004333,2.2922616004943848,1.8403931856155396,2.390175691773962,1.7003404178411512,0.0,0,two_ankles,accepted,2.2922616004943848,1.8403931856155396,0.15548908338080084
800,26.666666666666668,detected,3,1,0.9229252338409424,ankle_midpoint,633.919921875,947.1034545898438,0.9939606189727783,0.9924027919769287,1.5968750715255737,12.432613372802734,1.5710967847155755,12.481527317391421,0.0,0,two_ankles,accepted,1.5968750715255737,12.432613372802734,0.00025339826600933284
801,26.7,detected,1,29,0.8222876787185669,ankle_midpoint,821.4444580078125,577.4735717773438,0.9876925349235535,0.9860170483589172,2.2923097610473633,1.8393619060516357,2.3461360229469923,1.7629000875358694,0.0,0,two_ankles,accepted,2.2923097610473633,1.8393619060516357,0.0010324034956298946
801,26.7,detected,3,1,0.922905683517456,ankle_midpoint,633.915283203125,947.1210327148438,0.9939591884613037,0.9923967719078064,1.596879243850708,12.432906150817871,1.5826988913263853,12.459647792433325,0.0,0,two_ankles,accepted,1.596879243850708,12.432906150817871,0.00029280774314287326
802,26.733333333333334,detected,1,29,0.7642657160758972,ankle_midpoint,810.9769897460938,578.3485717773438,0.9743492007255554,0.9704406261444092,2.1951897144317627,1.8844369649887085,2.278210184115139,1.8175916823896472,0.0,0,two_ankles,accepted,2.1951897144317627,1.8844369649887085,0.10707037121817134
802,26.733333333333334,detected,3,1,0.9249405860900879,ankle_midpoint,672.1612548828125,920.4141845703125,0.9913151860237122,0.9876821637153625,1.7665362358093262,11.971433639526367,1.5945859103110398,12.436137008696111,0.0,0,two_ankles,corrected_motion_outlier,1.6091144890700615,12.407401606350628,0.49167100138012393
803,26.766666666666666,detected,1,29,0.7632845640182495,ankle_midpoint,810.966064453125,578.3699340820312,0.9744091033935547,0.9704858660697937,2.1951239109039307,1.885486125946045,2.2408213611700956,1.8481441819900262,0.0,0,two_ankles,accepted,2.1951239109039307,1.885486125946045,0.001051222535277011
803,26.766666666666666,detected,3,1,0.9249114990234375,ankle_midpoint,672.1607055664062,920.45849609375,0.9912921786308289,0.9876283407211304,1.7666014432907104,11.972216606140137,1.6719929001518916,12.227372827545924,0.0,0,two_ankles,accepted,1.7666014432907104,11.972216606140137,0.2454793685618662
804,26.8,detected,1,29,0.7517510652542114,ankle_midpoint,808.0692138671875,577.8536376953125,0.9810470938682556,0.9771627187728882,2.166952610015869,1.8607455492019653,2.2075804231506937,1.8538147972353989,0.0,0,two_ankles,accepted,2.166952610015869,1.8607455492019653,0.03749291041457555
804,26.8,detected,3,1,0.9154003262519836,ankle_midpoint,687.0753173828125,912.5771484375,0.9932103753089905,0.9900925755500793,1.8393975496292114,11.83011245727539,1.7473249924166856,12.048605660924185,0.0,0,two_ankles,accepted,1.8393975496292114,11.83011245727539,0.15966484341463608
805,26.833333333333332,detected,1,29,0.6558195948600769,ankle_midpoint,803.4765625,576.5419921875,0.9773011803627014,0.9706027507781982,2.121248245239258,1.7971091270446777,2.168730943090548,1.8282972456495745,0.0,0,two_ankles,accepted,2.121248245239258,1.7971091270446777,0.0783484727650391
805,26.833333333333332,detected,3,1,0.9260948896408081,ankle_midpoint,709.9091796875,899.80517578125,0.9855999946594238,0.980786144733429,1.952553629875183,11.594267845153809,1.8396778792730095,11.844153643827516,0.0,0,two_ankles,accepted,1.952553629875183,11.594267845153809,0.2615855109967145
806,26.866666666666667,detected,1,29,0.6545066833496094,ankle_midpoint,803.4808349609375,576.577392578125,0.9774165153503418,0.9707938432693481,2.1213550567626953,1.798855185508728,2.1474117942430144,1.8150483185861939,0.0,0,two_ankles,accepted,2.1213550567626953,1.798855185508728,0.0017493224006513801
806,26.866666666666667,detected,3,1,0.9261363744735718,ankle_midpoint,709.90771484375,899.70751953125,0.985584557056427,0.9807693958282471,1.952412724494934,11.59245491027832,1.8904085596228757,11.730889213730379,0.0,0,two_ankles,accepted,1.952412724494934,11.59245491027832,0.0018184023726735598
807,26.9,detected,1,29,0.6562644839286804,ankle_midpoint,803.4901733398438,576.5477294921875,0.9773099422454834,0.9705771207809448,2.121387481689453,1.7973895072937012,2.135700853593912,1.8071018535045722,0.0,0,two_ankles,accepted,2.121387481689453,1.7973895072937012,0.0014660368364674738
807,26.9,detected,3,1,0.9260922074317932,ankle_midpoint,709.8953247070312,899.8246459960938,0.9855309724807739,0.980701744556427,1.9524998664855957,11.594630241394043,1.9183496477111,11.669572676179028,0.0,0,two_ankles,accepted,1.9524998664855957,11.594630241394043,0.0021770758345927336
808,26.933333333333334,detected,1,29,0.5718381404876709,ankle_midpoint,799.505126953125,577.9852294921875,0.9778447151184082,0.9609587788581848,2.0865728855133057,1.8689367771148682,2.113593267957639,1.8349275691292055,0.0,0,two_ankles,accepted,2.0865728855133057,1.8689367771148682,0.07956800818024223
808,26.933333333333334,detected,3,1,0.9217057228088379,ankle_midpoint,729.155517578125,899.089599609375,0.9879288077354431,0.9849956631660461,2.063115119934082,11.578936576843262,1.983494110211442,11.628786431477934,0.0,0,two_ankles,accepted,2.063115119934082,11.578936576843262,0.11172298511275697
809,26.966666666666665,detected,1,29,0.5734845995903015,ankle_midpoint,799.5335083007812,577.9466552734375,0.9779521822929382,0.9609956741333008,2.0867650508880615,1.8670378923416138,2.101520570276329,1.849377214574789,0.0,0,two_ankles,accepted,2.0867650508880615,1.8670378923416138,0.0019085834834642295
809,26.966666666666665,detected,3,1,0.9215990900993347,ankle_midpoint,729.0768432617188,899.0615234375,0.9879779815673828,0.9850489497184753,2.062624931335449,11.578423500061035,2.0191029797172453,11.606123112340331,0.0,0,two_ankles,accepted,2.062624931335449,11.578423500061035,0.000709600342932248
810,27.0,detected,1,29,0.7038557529449463,ankle_midpoint,799.7894287109375,574.8934326171875,0.9846210479736328,0.981153666973114,2.083219528198242,1.716241478919983,2.0932851013411904,1.7894661335301265,0.0,0,two_ankles,accepted,2.083219528198242,1.716241478919983,0.15083808879713187
810,27.0,detected,3,1,0.9277253150939941,ankle_midpoint,743.09521484375,895.942138671875,0.9938364624977112,0.9930082559585571,2.1403369903564453,11.518707275390625,2.0736582845048854,11.566785985712965,0.0,0,two_ankles,accepted,2.1403369903564453,11.518707275390625,0.0980060794347457
811,27.033333333333335,detected,1,29,0.772408127784729,ankle_midpoint,797.8357543945312,576.7178955078125,0.9824936985969543,0.9799766540527344,2.0683512687683105,1.8069313764572144,2.0820648766833947,1.7973254928473161,0.0,0,two_ankles,accepted,2.0683512687683105,1.8069313764572144,0.091900612913023
811,27.033333333333335,detected,3,1,0.9236255288124084,ankle_midpoint,747.4515380859375,896.3892822265625,0.9883013367652893,0.9883623719215393,2.1661741733551025,11.526617050170898,2.115290434487483,11.548709964719034,0.0,0,two_ankles,accepted,2.1661741733551025,11.526617050170898,0.02702081720416227
812,27.066666666666666,detected,1,29,0.7754172682762146,ankle_midpoint,797.8436279296875,576.7200927734375,0.9822525978088379,0.9798194766044617,2.068429946899414,1.8070381879806519,2.0759291582806036,1.8016962056573171,0.0,0,two_ankles,accepted,2.068429946899414,1.8070381879806519,0.00013266103366468092
812,27.066666666666666,detected,3,1,0.923551082611084,ankle_midpoint,747.4096069335938,896.39697265625,0.9883192777633667,0.9883710741996765,2.1659388542175293,11.526765823364258,2.138082223366004,11.538835101109385,0.0,0,two_ankles,accepted,2.1659388542175293,11.526765823364258,0.00027840359115959777
813,27.1,detected,1,29,0.8137447834014893,ankle_midpoint,792.7977294921875,578.285400390625,0.9859777688980103,0.9841858744621277,2.0240578651428223,1.8850129842758179,2.052587076368602,1.8391887560356426,0.0,0,two_ankles,accepted,2.0240578651428223,1.8850129842758179,0.08971594338068514
813,27.1,detected,3,1,0.9277818202972412,ankle_midpoint,753.9490966796875,895.10107421875,0.9813848733901978,0.9768656492233276,2.2025868892669678,11.501774787902832,2.167109323021438,11.522157960166435,0.0,0,two_ankles,accepted,2.2025868892669678,11.501774787902832,0.04435797928692325
814,27.133333333333333,detected,1,29,0.818716824054718,ankle_midpoint,789.96240234375,579.4530029296875,0.9869726300239563,0.9845821261405945,1.9998506307601929,1.942679762840271,2.028855675844818,1.8857597090977256,0.0,0,two_ankles,accepted,1.9998506307601929,1.942679762840271,0.06254156654943355
814,27.133333333333333,detected,3,1,0.924067497253418,ankle_midpoint,756.7943115234375,890.9757690429688,0.9908930063247681,0.9887799024581909,2.214832067489624,11.423622131347656,2.188584558032122,11.477816837197985,0.0,0,two_ankles,accepted,2.214832067489624,11.423622131347656,0.0791061446180755
815,27.166666666666668,detected,1,29,0.7777876853942871,ankle_midpoint,791.2612915039062,578.17041015625,0.988629937171936,0.9845924973487854,2.009363889694214,1.8796863555908203,2.0200843720770463,1.8830267000196184,0.0,0,two_ankles,accepted,2.009363889694214,1.8796863555908203,0.06370770324255047
815,27.166666666666668,detected,3,1,0.9199181795120239,ankle_midpoint,769.8487548828125,876.3106689453125,0.9953990578651428,0.9852403402328491,2.2768871784210205,11.139044761657715,2.2283207372071265,11.325369403204864,0.0,0,two_ankles,accepted,2.2768871784210205,11.139044761657715,0.2912646839772263
816,27.2,detected,1,29,0.777213454246521,ankle_midpoint,791.27734375,578.1982421875,0.9885918498039246,0.9845286011695862,2.009573221206665,1.8810477256774902,2.0153543541853747,1.8821361615656609,0.0,0,two_ankles,accepted,2.009573221206665,1.8810477256774902,0.0013773700283456025
816,27.2,detected,3,1,0.9198961853981018,ankle_midpoint,769.853759765625,876.369384765625,0.9954085946083069,0.985322117805481,2.276975631713867,11.14019775390625,2.25021543973516,11.242042161020489,0.0,0,two_ankles,accepted,2.276975631713867,11.14019775390625,0.0011563801754602922
817,27.233333333333334,detected,1,29,0.821902334690094,ankle_midpoint,793.4894409179688,578.4190673828125,0.9933479428291321,0.994554877281189,2.030838966369629,1.8914227485656738,2.0223224296682893,1.886315125715667,0.0,0,two_ankles,accepted,2.030838966369629,1.8914227485656738,0.02366163598034706
817,27.233333333333334,detected,3,1,0.9224322438240051,ankle_midpoint,775.9090576171875,857.8245239257812,0.9916975498199463,0.9722121357917786,2.294994831085205,10.766504287719727,2.27324815159624,11.159724497607032,0.0,0,two_ankles,corrected_motion_outlier,2.3013992438708923,11.059114020101694,0.3741276496284154
818,27.266666666666666,detected,1,29,0.8176356554031372,ankle_midpoint,793.618408203125,578.219970703125,0.9931718111038208,0.9945067763328552,2.031643867492676,1.8816399574279785,2.0265170766892635,1.8842112999862073,0.0,0,two_ankles,accepted,2.031643867492676,1.8816399574279785,0.009815847811659065
818,27.266666666666666,detected,3,1,0.9222766757011414,ankle_midpoint,775.7822265625,857.9588623046875,0.9916346073150635,0.9722899198532104,2.294355630874634,10.769283294677734,2.2827465172715176,10.98402595628885,0.0,0,two_ankles,accepted,2.294355630874634,10.769283294677734,0.18566071234621126
819,27.3,detected,1,29,0.8166691064834595,ankle_midpoint,793.61962890625,578.2352294921875,0.9931690692901611,0.9945071339607239,2.031686782836914,1.8823877573013306,2.028843444455706,1.8833907057780128,0.0,0,two_ankles,accepted,2.031686782836914,1.8823877573013306,0.0007490302913477087
819,27.3,detected,3,1,0.9223249554634094,ankle_midpoint,775.7941284179688,857.9715576171875,0.9916250109672546,0.9724094867706299,2.294440746307373,10.769542694091797,2.288008920337653,10.887508488300178,0.0,0,two_ankles,accepted,2.294440746307373,10.769542694091797,0.00027300676348097946
820,27.333333333333332,detected,1,29,0.8155550360679626,ankle_midpoint,799.5489501953125,575.9599609375,0.9895597696304321,0.9914455413818359,2.0830349922180176,1.7691514492034912,2.0532296409487465,1.8319830403194781,0.0,0,two_ankles,accepted,2.0830349922180176,1.7691514492034912,0.12433462944117558
820,27.333333333333332,detected,3,1,0.9131976366043091,ankle_midpoint,779.67529296875,839.048828125,0.9981445074081421,0.9924342632293701,2.2993509769439697,10.370220184326172,2.29644982567308,10.800062507542771,0.0,0,two_ankles,corrected_motion_outlier,2.3067664877497123,10.69318408661705,0.3993526977127139
821,27.366666666666667,detected,1,29,0.814081072807312,ankle_midpoint,799.54052734375,575.95068359375,0.989672064781189,0.9914218783378601,2.082937240600586,1.768694281578064,2.0665980607920744,1.8035030988858418,0.0,0,two_ankles,accepted,2.082937240600586,1.768694281578064,0.00046750146144080516
821,27.366666666666667,detected,3,1,0.913085401058197,ankle_midpoint,779.6524658203125,839.0172119140625,0.9981551766395569,0.9924076795578003,2.2991764545440674,10.369540214538574,2.2976768086650248,10.606327475690883,0.0,0,two_ankles,accepted,2.2991764545440674,10.369540214538574,0.20001525603140213
822,27.4,detected,1,29,0.8406487703323364,ankle_midpoint,804.7664184570312,576.7185668945312,0.9806450009346008,0.9851580262184143,2.13375186920166,1.8055585622787476,2.096817274576388,1.8044280574126494,0.0,0,two_ankles,accepted,2.13375186920166,1.8055585622787476,0.06277819423529082
822,27.4,detected,3,1,0.9155817031860352,ankle_midpoint,782.40771484375,831.31591796875,0.9987232089042664,0.9930516481399536,2.3086583614349365,10.20123291015625,2.302618507411485,10.424034921200299,0.0,0,two_ankles,accepted,2.3086583614349365,10.20123291015625,0.16857418327469792
823,27.433333333333334,detected,1,29,0.851313054561615,ankle_midpoint,808.5858154296875,576.49365234375,0.9831193089485168,0.9864765405654907,2.1693918704986572,1.7936862707138062,2.1294758427414093,1.79959425339817,0.0,0,two_ankles,accepted,2.1693918704986572,1.7936862707138062,0.037565422923919435
823,27.433333333333334,detected,3,1,0.9159606099128723,ankle_midpoint,779.9943237304688,826.4658813476562,0.9991030693054199,0.9953847527503967,2.288393259048462,10.093987464904785,2.296217145648125,10.275513565867318,0.0,0,two_ankles,accepted,2.288393259048462,10.093987464904785,0.10914329984895657
824,27.466666666666665,detected,1,29,0.8533548712730408,ankle_midpoint,816.671630859375,575.2960815429688,0.9912741780281067,0.9937626719474792,2.243762731552124,1.7327860593795776,2.1809049427062313,1.7695305660898035,0.0,0,two_ankles,accepted,2.243762731552124,1.7327860593795776,0.096124194219706
824,27.466666666666665,detected,3,1,0.9120932221412659,ankle_midpoint,778.57568359375,824.0570068359375,0.9980927109718323,0.9918042421340942,2.27683162689209,10.040240287780762,2.2874936622079094,10.169640590728367,0.0,0,two_ankles,accepted,2.27683162689209,10.040240287780762,0.054976634918121395
825,27.5,detected,1,29,0.8423904180526733,ankle_midpoint,821.2735595703125,576.3433837890625,0.9828000068664551,0.9874536991119385,2.288945436477661,1.7836897373199463,2.229523164903375,1.7759021931433678,0.0,0,two_ankles,accepted,2.288945436477661,1.7836897373199463,0.068063655883628
825,27.5,detected,3,1,0.8982884287834167,ankle_midpoint,773.042236328125,819.341552734375,0.9973892569541931,0.9889608025550842,2.2363240718841553,9.934370040893555,2.2644673465622205,10.063768843302702,0.0,0,two_ankles,accepted,2.2363240718841553,9.934370040893555,0.11335506688577716
826,27.533333333333335,detected,1,29,0.8446189165115356,ankle_midpoint,821.2828369140625,576.3419799804688,0.9828048348426819,0.9873945713043213,2.2890307903289795,1.783618450164795,2.256301596344897,1.7793745088030102,0.0,0,two_ankles,accepted,2.2890307903289795,1.783618450164795,0.0001112076365383767
826,27.533333333333335,detected,3,1,0.8979910612106323,ankle_midpoint,773.04833984375,819.3541259765625,0.9973702430725098,0.9888700246810913,2.236377477645874,9.93465518951416,2.2518269055498648,10.00566769909786,0.0,0,two_ankles,accepted,2.236377477645874,9.93465518951416,0.00029010672384135024
827,27.566666666666666,detected,1,29,0.8306717276573181,ankle_midpoint,824.4418334960938,576.0550537109375,0.9809529185295105,0.9857403635978699,2.3184359073638916,1.7687946557998657,2.2842620363034447,1.7746135749515952,0.0,0,two_ankles,accepted,2.3184359073638916,1.7687946557998657,0.0329303171440936
827,27.566666666666666,detected,3,1,0.8957191705703735,ankle_midpoint,769.89453125,820.885986328125,0.9977593421936035,0.9901376962661743,2.217930316925049,9.96978759765625,2.236573440668698,9.989521653449135,0.0,0,two_ankles,accepted,2.217930316925049,9.96978759765625,0.03968102620298947
828,27.6,detected,1,29,0.8406683206558228,ankle_midpoint,829.556640625,576.970947265625,0.9882071614265442,0.991019070148468,2.3680546283721924,1.8129730224609375,2.3219687027343814,1.7918753263307994,0.0,0,two_ankles,accepted,2.3680546283721924,1.8129730224609375,0.06643602603512411
828,27.6,detected,3,1,0.8928012847900391,ankle_midpoint,759.95361328125,828.4507446289062,0.989734411239624,0.9519910216331482,2.1635844707489014,10.140538215637207,2.2037284042047895,10.057479106433767,0.0,0,two_ankles,accepted,2.1635844707489014,10.140538215637207,0.1791905258027896
829,27.633333333333333,detected,1,29,0.8222878575325012,ankle_midpoint,831.1140747070312,576.8417358398438,0.9819452166557312,0.9872568845748901,2.3825693130493164,1.8062877655029297,2.3492389773761024,1.798360923958258,0.0,0,two_ankles,accepted,2.3825693130493164,1.8062877655029297,0.015980260694711174
829,27.633333333333333,detected,3,1,0.8940941095352173,ankle_midpoint,756.4249877929688,830.4766235351562,0.9634250998497009,0.8884249329566956,2.143742084503174,10.185795783996582,2.176734560339063,10.115221611337034,0.0,0,two_ankles,accepted,2.143742084503174,10.185795783996582,0.04941627045546981
830,27.666666666666668,detected,1,29,0.8226795196533203,ankle_midpoint,831.085693359375,576.8284912109375,0.9820060729980469,0.9873234629631042,2.3822832107543945,1.805640459060669,2.3641088823963337,1.801636714754343,0.0,0,two_ankles,accepted,2.3822832107543945,1.805640459060669,0.0007077147400978894
830,27.666666666666668,detected,3,1,0.8938342928886414,ankle_midpoint,756.3907470703125,830.471435546875,0.9634983539581299,0.8884257078170776,2.143519639968872,10.185685157775879,2.1617878461724773,10.146930207234515,0.0,0,two_ankles,accepted,2.143519639968872,10.185685157775879,0.00024843456190269187
831,27.7,detected,1,29,0.857286810874939,ankle_midpoint,830.7491455078125,576.765869140625,0.9809269905090332,0.9864889979362488,2.379021406173706,1.8026204109191895,2.3708195180961513,1.802079378028524,0.0,0,two_ankles,accepted,2.379021406173706,1.8026204109191895,0.004445228891683089
831,27.7,detected,3,1,0.8973541259765625,ankle_midpoint,754.1668701171875,826.9024658203125,0.973099946975708,0.8929252028465271,2.1250038146972656,10.106797218322754,2.145235032008632,10.128870362224223,0.0,0,two_ankles,accepted,2.1250038146972656,10.106797218322754,0.08103173931644671
832,27.733333333333334,detected,1,29,0.8352844715118408,ankle_midpoint,832.2659912109375,574.9085693359375,0.9930981993675232,0.9953212141990662,2.3908181190490723,1.710371971130371,2.379818888524966,1.7608110449243553,0.0,0,two_ankles,accepted,2.3908181190490723,1.710371971130371,0.09299966170978836
832,27.733333333333334,detected,3,1,0.8936824202537537,ankle_midpoint,748.4031372070312,822.233642578125,0.978980541229248,0.9077378511428833,2.0823006629943848,10.002821922302246,2.116914565952221,10.072148564259333,0.0,0,two_ankles,accepted,2.0823006629943848,10.002821922302246,0.11240294190060812
833,27.766666666666666,detected,1,29,0.8535995483398438,ankle_midpoint,835.2404174804688,574.9537353515625,0.9860921502113342,0.9907279014587402,2.4190495014190674,1.712009310722351,2.397472664327312,1.7388502645334536,0.0,0,two_ankles,accepted,2.4190495014190674,1.712009310722351,0.028278823021129013
833,27.766666666666666,detected,3,1,0.9038464426994324,ankle_midpoint,728.15576171875,812.2689208984375,0.991600513458252,0.9648541808128357,1.9379973411560059,9.777548789978027,2.0364018147939245,9.939578665832746,0.0,0,two_ankles,accepted,1.9379973411560059,9.777548789978027,0.2675283776363841
834,27.8,detected,1,29,0.8538916110992432,ankle_midpoint,835.2385864257812,574.9609375,0.9860290884971619,0.990708589553833,2.419041633605957,1.7123674154281616,2.407178700502702,1.7269329824360722,0.0,0,two_ankles,accepted,2.419041633605957,1.7123674154281616,0.00035819112608605723
834,27.8,detected,3,1,0.903898298740387,ankle_midpoint,728.1113891601562,812.2720947265625,0.9916456341743469,0.9650169610977173,1.9377151727676392,9.777627944946289,1.9919928258820963,9.866700841433842,0.0,0,two_ankles,accepted,1.9377151727676392,9.777627944946289,0.00029306058826456704
835,27.833333333333332,detected,1,29,0.826311469078064,ankle_midpoint,837.589599609375,572.3902587890625,0.9806588888168335,0.987014889717102,2.438047409057617,1.5835449695587158,2.421069619352414,1.6624083766412618,0.0,0,two_ankles,accepted,2.438047409057617,1.5835449695587158,0.13021690389617324
835,27.833333333333332,detected,3,1,0.9059761762619019,ankle_midpoint,728.731201171875,811.8779296875,0.9834888577461243,0.9544805884361267,1.9411205053329468,9.768420219421387,1.969100281634979,9.822474561528239,0.0,0,two_ankles,accepted,1.9411205053329468,9.768420219421387,0.009817255177608591
836,27.866666666666667,detected,1,29,0.8432815074920654,ankle_midpoint,843.368408203125,569.842529296875,0.9877108931541443,0.9913302659988403,2.490067720413208,1.4538670778274536,2.4521187648297715,1.568564792175048,0.0,0,two_ankles,accepted,2.490067720413208,1.4538670778274536,0.1397228270448232
836,27.866666666666667,detected,3,1,0.9097466468811035,ankle_midpoint,726.9144287109375,809.22998046875,0.985466480255127,0.962107241153717,1.9252574443817139,9.707047462463379,1.9493710048710098,9.770532366949052,0.0,0,two_ankles,accepted,1.9252574443817139,9.707047462463379,0.06338968369828979
837,27.9,detected,1,29,0.8364572525024414,ankle_midpoint,847.7449951171875,568.5537109375,0.9846885204315186,0.9897846579551697,2.5305228233337402,1.3874653577804565,2.4874005911565575,1.487070046697482,0.0,0,two_ankles,accepted,2.5305228233337402,1.3874653577804565,0.07775476691181465
837,27.9,detected,3,1,0.9123267531394958,ankle_midpoint,725.5996704101562,806.8731689453125,0.9871472120285034,0.9635455012321472,1.9130125045776367,9.652018547058105,1.933009679738992,9.717201147998125,0.0,0,two_ankles,accepted,1.9130125045776367,9.652018547058105,0.05637481779559215
838,27.933333333333334,detected,1,29,0.8237960934638977,ankle_midpoint,852.8360595703125,568.454833984375,0.9790396094322205,0.9871594905853271,2.5792553424835205,1.3813700675964355,2.528735229253691,1.439505056102011,0.0,0,two_ankles,accepted,2.5792553424835205,1.3813700675964355,0.049112228468184214
838,27.933333333333334,detected,3,1,0.91147780418396,ankle_midpoint,723.1419677734375,805.125,0.9880238175392151,0.9643963575363159,1.8942006826400757,9.61115837097168,1.9155456310444798,9.669481898336226,0.0,0,two_ankles,accepted,1.8942006826400757,9.61115837097168,0.044982648148194034
839,27.966666666666665,detected,1,29,0.835212230682373,ankle_midpoint,852.623291015625,568.511474609375,0.9798499345779419,0.9877387285232544,2.5772712230682373,1.384300947189331,2.550576426470237,1.4146632070913052,0.0,0,two_ankles,accepted,2.5772712230682373,1.384300947189331,0.0035393198558699235
839,27.966666666666665,detected,3,1,0.9113137125968933,ankle_midpoint,723.0735473632812,805.1705322265625,0.9880038499832153,0.9651228785514832,1.893827199935913,9.612241744995117,1.905772337045625,9.643723829332728,0.0,0,two_ankles,accepted,1.893827199935913,9.612241744995117,0.001145944416177226
840,28.0,detected,1,29,0.8168325424194336,ankle_midpoint,865.934326171875,572.7740478515625,0.9923852682113647,0.9944936633110046,2.7081594467163086,1.5969743728637695,2.6214887855809694,1.4967032316889144,0.0,0,two_ankles,accepted,2.7081594467163086,1.5969743728637695,0.24972327300003186
840,28.0,detected,3,1,0.906894862651825,ankle_midpoint,718.953369140625,803.3096923828125,0.9953455328941345,0.9811779260635376,1.8638619184494019,9.568727493286133,1.8869126486773247,9.60997547811176,0.0,0,two_ankles,accepted,1.8638619184494019,9.568727493286133,0.052833778933166445
841,28.033333333333335,detected,1,29,0.8164183497428894,ankle_midpoint,865.9390869140625,572.757568359375,0.9923404455184937,0.9944952130317688,2.7081925868988037,1.5961474180221558,2.660505496173995,1.541453115538873,0.0,0,two_ankles,accepted,2.7081925868988037,1.5961474180221558,0.0008276186209627381
841,28.033333333333335,detected,3,1,0.906813383102417,ankle_midpoint,718.938232421875,803.2901000976562,0.995413601398468,0.9815121293067932,1.863730549812317,9.568264961242676,1.8764807041880713,9.591205745520673,0.0,0,two_ankles,accepted,1.863730549812317,9.568264961242676,0.0004808259664723789
842,28.066666666666666,detected,1,29,0.808883786201477,ankle_midpoint,877.3125,575.8926391601562,0.9918758869171143,0.993672251701355,2.8180506229400635,1.7500070333480835,2.731400803218726,1.635302378553018,0.0,0,two_ankles,accepted,2.8180506229400635,1.7500070333480835,0.18905440833549791
842,28.066666666666666,detected,3,1,0.9044063687324524,ankle_midpoint,714.7780151367188,801.4967651367188,0.996168315410614,0.985374927520752,1.833465576171875,9.526144027709961,1.857123896580783,9.561927972505853,0.0,0,two_ankles,accepted,1.833465576171875,9.526144027709961,0.05186657566414062
843,28.1,detected,1,29,0.7141748666763306,ankle_midpoint,878.63037109375,579.1922607421875,0.9775820374488831,0.981652557849884,2.8321516513824463,1.9120807647705078,2.7767386848924005,1.7598526523508884,0.0,0,two_ankles,accepted,2.8321516513824463,1.9120807647705078,0.16268599638666206
843,28.1,detected,3,1,0.9049290418624878,ankle_midpoint,714.8233642578125,799.60888671875,0.9941336512565613,0.9762685298919678,1.8305506706237793,9.481030464172363,1.8451659449001314,9.525524093755783,0.0,0,two_ankles,accepted,1.8305506706237793,9.481030464172363,0.045207635299970954
844,28.133333333333333,detected,1,29,0.7091013789176941,ankle_midpoint,878.6172485351562,579.185302734375,0.9776483178138733,0.981687605381012,2.8320248126983643,1.9117432832717896,2.8016174424050844,1.828203436265294,0.0,0,two_ankles,accepted,2.8320248126983643,1.9117432832717896,0.00036052990688261274
844,28.133333333333333,detected,3,1,0.9046221375465393,ankle_midpoint,714.711669921875,799.5736083984375,0.9941792488098145,0.9766252040863037,1.8297557830810547,9.480198860168457,1.8382313720815469,9.505127738641487,0.0,0,two_ankles,accepted,1.8297557830810547,9.480198860168457,0.00115039620344109
845,28.166666666666668,detected,1,29,0.7263257503509521,ankle_midpoint,881.8410034179688,578.4515380859375,0.9839243292808533,0.9857819080352783,2.861994504928589,1.8751696348190308,2.8287871205406616,1.8493382256144755,0.0,0,two_ankles,accepted,2.861994504928589,1.8751696348190308,0.04728439714663148
845,28.166666666666668,detected,3,1,0.906566321849823,ankle_midpoint,712.6605224609375,797.637451171875,0.9961172342300415,0.9826532602310181,1.8129143714904785,9.433948516845703,1.8268387218155664,9.473097088833384,0.0,0,two_ankles,accepted,1.8129143714904785,9.433948516845703,0.0492212088619916
846,28.2,detected,1,29,0.781330943107605,ankle_midpoint,883.258544921875,576.1588745117188,0.9799173474311829,0.9824566841125488,2.874387264251709,1.7619744539260864,2.849307185210633,1.8100245283547007,0.0,0,two_ankles,accepted,2.874387264251709,1.7619744539260864,0.11387154807513232
846,28.2,detected,3,1,0.9051593542098999,ankle_midpoint,712.590576171875,795.9868774414062,0.9960507750511169,0.9829937219619751,1.8095825910568237,9.394116401672363,1.8190734629741323,9.437555779610925,0.0,0,two_ankles,accepted,1.8095825910568237,9.394116401672363,0.039971216644484255
847,28.233333333333334,detected,1,29,0.7680239081382751,ankle_midpoint,884.330322265625,576.7314453125,0.9788606762886047,0.9831544160842896,2.8847427368164062,1.7900493144989014,2.8652531834332313,1.8010356821195912,0.0,0,two_ankles,accepted,2.8847427368164062,1.7900493144989014,0.029923796687940464
847,28.233333333333334,detected,3,1,0.8999808430671692,ankle_midpoint,711.6451416015625,796.5931396484375,0.995586633682251,0.9812490940093994,1.8043943643569946,9.408889770507812,1.8124678685964204,9.424656075514525,0.0,0,two_ankles,accepted,1.8043943643569946,9.408889770507812,0.015657909280521513
848,28.266666666666666,detected,1,29,0.7685490846633911,ankle_midpoint,884.3634643554688,576.7430419921875,0.9786354899406433,0.9829815030097961,2.8850600719451904,1.7906149625778198,2.8741662832636132,1.7963463583257941,0.0,0,two_ankles,accepted,2.8850600719451904,1.7906149625778198,0.0006485825569228739
848,28.266666666666666,detected,3,1,0.9002907872200012,ankle_midpoint,711.510009765625,796.5234985351562,0.9955812096595764,0.9810339212417603,1.803380012512207,9.407224655151367,1.8083783333585246,9.416811936351104,0.0,0,two_ankles,accepted,1.803380012512207,9.407224655151367,0.0019497483979462587
849,28.3,detected,1,29,0.737392783164978,ankle_midpoint,884.798583984375,576.4437255859375,0.9751642942428589,0.9795448780059814,2.889052629470825,1.775744915008545,2.8808651390568585,1.787075708833032,0.0,0,two_ankles,accepted,2.889052629470825,1.775744915008545,0.01539671491935865
849,28.3,detected,3,1,0.8980019688606262,ankle_midpoint,709.71484375,796.9805908203125,0.9947773218154907,0.9781694412231445,1.7923297882080078,9.41848373413086,1.8011564880407922,9.417564245351993,0.0,0,two_ankles,accepted,1.7923297882080078,9.41848373413086,0.01577575090572737
850,28.333333333333332,detected,1,29,0.7734495401382446,ankle_midpoint,886.00537109375,574.061767578125,0.9776745438575745,0.9780750274658203,2.899583339691162,1.6572468280792236,2.8892883293422953,1.7286527124938185,0.0,0,two_ankles,accepted,2.899583339691162,1.6572468280792236,0.11896508926426144
850,28.333333333333332,detected,3,1,0.9159045815467834,ankle_midpoint,705.3143310546875,799.12939453125,0.9949026107788086,0.9862447381019592,1.767147183418274,9.470724105834961,1.785852300960659,9.441486182569328,0.0,0,two_ankles,accepted,1.767147183418274,9.470724105834961,0.05799327564277278
851,28.366666666666667,detected,1,29,0.8014225959777832,ankle_midpoint,889.2062377929688,571.0660400390625,0.9852790832519531,0.9823344945907593,2.9290359020233154,1.5062874555587769,2.907174737048755,1.6285883468730498,0.0,0,two_ankles,accepted,2.9290359020233154,1.5062874555587769,0.15380567473177445
851,28.366666666666667,detected,3,1,0.9104219675064087,ankle_midpoint,701.4082641601562,802.0914306640625,0.9882243871688843,0.9831536412239075,1.7468328475952148,9.541966438293457,1.768293546946209,9.486702297645188,0.0,0,two_ankles,accepted,1.7468328475952148,9.541966438293457,0.07408199628829469
852,28.4,detected,1,29,0.8003528714179993,ankle_midpoint,889.2213134765625,571.0581665039062,0.9852212071418762,0.9822628498077393,2.9291772842407227,1.5058870315551758,2.9170758832851407,1.5733727549800065,0.0,0,two_ankles,accepted,2.9291772842407227,1.5058870315551758,0.0004246508142684968
852,28.4,detected,3,1,0.910372793674469,ankle_midpoint,701.41943359375,802.089599609375,0.9882603883743286,0.9832478165626526,1.7469027042388916,9.541921615600586,1.7586676677279165,9.511550990725118,0.0,0,two_ankles,accepted,1.7469027042388916,9.541921615600586,8.300014736130236e-05
853,28.433333333333334,detected,1,29,0.7862541079521179,ankle_midpoint,892.1121826171875,571.3507690429688,0.98475581407547,0.9838973879814148,2.956850528717041,1.5200510025024414,2.934974473729496,1.5493779663651024,0.0,0,two_ankles,accepted,2.956850528717041,1.5200510025024414,0.0310874015131704
853,28.433333333333334,detected,3,1,0.9052193760871887,ankle_midpoint,702.122314453125,803.021728515625,0.9851393103599548,0.981843888759613,1.7531925439834595,9.563982963562012,1.756203862042911,9.53514537850172,0.0,0,two_ankles,accepted,1.7531925439834595,9.563982963562012,0.022940469870677258
854,28.466666666666665,detected,1,29,0.8265570998191833,ankle_midpoint,896.4990234375,568.8699951171875,0.985762357711792,0.982835590839386,2.9982757568359375,1.393460750579834,2.9634600511273947,1.4792152192617318,0.0,0,two_ankles,accepted,2.9982757568359375,1.393460750579834,0.13319587608680616
854,28.466666666666665,detected,3,1,0.9125385284423828,ankle_midpoint,703.8283081054688,804.7549438476562,0.9838432669639587,0.979721188545227,1.7674522399902344,9.60480785369873,1.7612656321192066,9.566493492340376,0.0,0,two_ankles,accepted,1.7674522399902344,9.60480785369873,0.04324361900767312
855,28.5,detected,1,29,0.8522600531578064,ankle_midpoint,898.7601928710938,569.2327880859375,0.983055830001831,0.9842599034309387,3.020004987716675,1.411449909210205,2.9889052725925707,1.4487208297385448,0.0,0,two_ankles,accepted,3.020004987716675,1.411449909210205,0.02820938324205339
855,28.5,detected,3,1,0.9181312322616577,ankle_midpoint,707.6878051757812,804.7479248046875,0.9886685013771057,0.9848852157592773,1.7926486730575562,9.604165077209473,1.7753880005414642,9.58344570553147,0.0,0,two_ankles,accepted,1.7926486730575562,9.604165077209473,0.025204630545420992
856,28.533333333333335,detected,1,29,0.8521428108215332,ankle_midpoint,898.7734375,569.2765502929688,0.9830572009086609,0.9842069149017334,3.0201375484466553,1.413671851158142,3.002959796726909,1.4329487893773636,0.0,0,two_ankles,accepted,3.0201375484466553,1.413671851158142,0.0022258927124044134
856,28.533333333333335,detected,3,1,0.9180339574813843,ankle_midpoint,707.707763671875,804.72314453125,0.9886038303375244,0.9848119020462036,1.7927358150482178,9.603577613830566,1.7831945170695036,9.592505064266064,0.0,0,two_ankles,accepted,1.7927358150482178,9.603577613830566,0.0005938913605133672
857,28.566666666666666,detected,1,29,0.8453419804573059,ankle_midpoint,896.9127197265625,566.1932373046875,0.992492139339447,0.9929819107055664,3.0017929077148438,1.2563666105270386,3.0024346966714797,1.3534868088947174,0.0,0,two_ankles,accepted,3.0017929077148438,1.2563666105270386,0.15837128708698625
857,28.566666666666666,detected,3,1,0.9196667671203613,ankle_midpoint,711.957275390625,805.83056640625,0.9891977906227112,0.9854658842086792,1.822381854057312,9.629176139831543,1.8008288187140176,9.60900704827053,0.0,0,two_ankles,accepted,1.822381854057312,9.629176139831543,0.039168509830620445
858,28.6,detected,1,29,0.7846869826316833,ankle_midpoint,887.928955078125,562.717529296875,0.9886124730110168,0.9887691736221313,2.914001703262329,1.0781666040420532,2.962639849637362,1.2295927167110186,0.0,0,two_ankles,accepted,2.914001703262329,1.0781666040420532,0.1986518006222749
858,28.6,detected,3,1,0.9230967164039612,ankle_midpoint,716.895263671875,804.628173828125,0.9921472668647766,0.9891812205314636,1.8525910377502441,9.600196838378906,1.8241218172803197,9.605042453819301,0.0,0,two_ankles,accepted,1.8525910377502441,9.600196838378906,0.04186161358662742
859,28.633333333333333,detected,1,29,0.6364806890487671,ankle_midpoint,873.6077270507812,557.0296630859375,0.9903188943862915,0.9884351491928101,2.7714121341705322,0.7810750007629395,2.9280378838187815,1.1130843413550515,0.0,0,two_ankles,corrected_motion_outlier,2.885746592262738,0.9706852159199804,0.32953786725160833
859,28.633333333333333,detected,3,1,0.920400857925415,ankle_midpoint,725.748779296875,802.1988525390625,0.9955078363418579,0.9952801465988159,1.9065651893615723,9.541498184204102,1.8612213347168836,9.576447532492462,0.0,0,two_ankles,accepted,1.9065651893615723,9.541498184204102,0.07974171457960978
860,28.666666666666668,detected,1,29,0.6385366320610046,ankle_midpoint,873.6080322265625,557.065673828125,0.990278422832489,0.9884698390960693,2.7714381217956543,0.7829967141151428,2.8575679909083744,0.9645449090970927,0.0,0,two_ankles,accepted,2.7714381217956543,0.7829967141151428,0.1638975584626489
860,28.666666666666668,detected,3,1,0.9204545617103577,ankle_midpoint,725.77685546875,802.1919555664062,0.9955110549926758,0.9952664375305176,1.9067381620407104,9.541330337524414,1.8817039070126058,9.56064479475684,0.0,0,two_ankles,accepted,1.9067381620407104,9.541330337524414,0.00024102293585955516
861,28.7,detected,1,29,0.4357317388057709,ankle_midpoint,864.650146484375,553.8706665039062,0.9833469986915588,0.9637611508369446,2.680879592895508,0.6133246421813965,2.7780582118025845,0.8064957889850294,0.0,0,two_ankles,accepted,2.680879592895508,0.6133246421813965,0.19232643903231053
861,28.7,detected,3,1,0.9163044691085815,ankle_midpoint,731.7205810546875,805.9425659179688,0.9874140620231628,0.9855146408081055,1.9514610767364502,9.629374504089355,1.9130946333883359,9.591573163956472,0.0,0,two_ankles,accepted,1.9514610767364502,9.629374504089355,0.09875178157885335
862,28.733333333333334,detected,1,29,0.6152220368385315,ankle_midpoint,857.0423583984375,551.8211669921875,0.9744902849197388,0.9557613134384155,2.6036999225616455,0.5037263035774231,2.699596981644162,0.6702495205516066,0.0,0,two_ankles,accepted,2.6036999225616455,0.5037263035774231,0.13404662374560156
862,28.733333333333334,detected,3,1,0.9143651127815247,ankle_midpoint,737.490478515625,805.693603515625,0.9941296577453613,0.9941959381103516,1.9887241125106812,9.622797012329102,1.9471278989933913,9.605623895724156,0.0,0,two_ankles,accepted,1.9887241125106812,9.622797012329102,0.03783909661934101
863,28.766666666666666,detected,1,29,0.4406852722167969,ankle_midpoint,844.401123046875,547.8488159179688,0.973301112651825,0.9480237364768982,2.4733054637908936,0.2882141172885895,2.597765798610191,0.4983335890832489,0.0,0,two_ankles,accepted,2.4733054637908936,0.2882141172885895,0.2518892957573034
863,28.766666666666666,detected,3,1,0.9217528104782104,ankle_midpoint,748.6387329101562,808.1759643554688,0.9890462756156921,0.9894580841064453,2.0648765563964844,9.67973804473877,2.0001147948247833,9.638975262780733,0.0,0,two_ankles,accepted,2.0648765563964844,9.67973804473877,0.09508667562628986
864,28.8,detected,1,29,0.4411175847053528,ankle_midpoint,844.3667602539062,547.869384765625,0.9734399318695068,0.9480441212654114,2.4729878902435303,0.28936102986335754,2.541615739845194,0.4042959374342978,0.0,0,two_ankles,accepted,2.4729878902435303,0.28936102986335754,0.0011900678182969295
864,28.8,detected,3,1,0.921816349029541,ankle_midpoint,748.6705322265625,808.2254638671875,0.9890028238296509,0.9893810749053955,2.0651512145996094,9.680892944335938,2.029381183723455,9.657838219480576,0.0,0,two_ankles,accepted,2.0651512145996094,9.680892944335938,0.0011871100235793606
865,28.833333333333332,detected,1,29,0.5076415538787842,ankle_midpoint,838.6195678710938,544.6788330078125,0.9382067918777466,0.9126253724098206,2.411062240600586,0.11273711919784546,2.482866665185121,0.27309446922789427,0.0,0,two_ankles,accepted,2.411062240600586,0.11273711919784546,0.18716514606752904
865,28.833333333333332,detected,3,1,0.9156610369682312,ankle_midpoint,752.45361328125,810.3623046875,0.9909239411354065,0.991502046585083,2.092602014541626,9.730313301086426,2.057830557591632,9.69045200620321,0.0,0,two_ankles,accepted,2.092602014541626,9.730313301086426,0.056532451554856096
866,28.866666666666667,detected,1,29,0.5761926770210266,ankle_midpoint,832.882568359375,544.078125,0.9503253102302551,0.8917606472969055,2.352393865585327,0.08025652915239334,2.4241539053652135,0.18631739619391888,0.0,0,two_ankles,accepted,2.352393865585327,0.08025652915239334,0.06705942854388013
866,28.866666666666667,detected,3,1,0.9207205772399902,ankle_midpoint,756.580322265625,813.6888427734375,0.988342821598053,0.9894533157348633,2.123647928237915,9.806903839111328,2.0874483743824594,9.742855331011864,0.0,0,two_ankles,accepted,2.123647928237915,9.806903839111328,0.08264356763948082
867,28.9,detected,1,29,0.5857124924659729,ankle_midpoint,832.9349365234375,544.068359375,0.9511668682098389,0.8934445381164551,2.3529067039489746,0.0796954482793808,2.3920926647279064,0.13833751963237675,0.0,0,two_ankles,accepted,2.3529067039489746,0.0796954482793808,0.0007601413903275643
867,28.9,detected,3,1,0.9207764863967896,ankle_midpoint,756.5552978515625,813.7095947265625,0.9883726239204407,0.9894728064537048,2.1235129833221436,9.807385444641113,2.1036774484053176,9.771893882145026,0.0,0,two_ankles,accepted,2.1235129833221436,9.807385444641113,0.0005001539928984012
868,28.933333333333334,detected,1,29,0.7302931547164917,ankle_midpoint,824.7679443359375,545.307861328125,0.9900035262107849,0.969064474105835,2.2726922035217285,0.15106426179409027,2.3383624571851263,0.14406455360514786,0.0,0,two_ankles,accepted,2.2726922035217285,0.15106426179409027,0.1073679357224029
868,28.933333333333334,detected,3,1,0.9162046909332275,ankle_midpoint,758.3607177734375,817.590087890625,0.9914723038673401,0.9912105798721313,2.1400628089904785,9.89623737335205,2.1200508606686403,9.827848453188189,0.0,0,two_ankles,accepted,2.1400628089904785,9.89623737335205,0.09038009717468663
869,28.966666666666665,detected,1,29,0.6761736869812012,ankle_midpoint,820.3793334960938,543.80078125,0.9958913326263428,0.9860076308250427,2.2258832454681396,0.0674266368150711,2.2877468119124824,0.10957749104961333,0.0,0,two_ankles,accepted,2.2258832454681396,0.0674266368150711,0.09584534869357872
869,28.966666666666665,detected,3,1,0.9183094501495361,ankle_midpoint,759.5006103515625,818.271484375,0.9910981059074402,0.9905447959899902,2.148230791091919,9.911645889282227,2.1327318293591158,9.865557299430506,0.0,0,two_ankles,accepted,2.148230791091919,9.911645889282227,0.017439561198032822
870,29.0,detected,1,29,0.6463137269020081,ankle_midpoint,815.49609375,543.108642578125,0.9941944479942322,0.9826281666755676,2.1753287315368652,0.02947959676384926,2.237158675743455,0.0735334386210195,0.0,0,two_ankles,accepted,2.1753287315368652,0.02947959676384926,0.06321184008930965
870,29.0,detected,3,1,0.918685793876648,ankle_midpoint,762.20654296875,818.6591796875,0.991074800491333,0.9894576668739319,2.1660654544830322,9.92015266418457,2.147731960664878,9.890125213569835,0.0,0,two_ankles,accepted,2.1660654544830322,9.92015266418457,0.019759565721783
871,29.033333333333335,detected,1,29,0.6430917382240295,ankle_midpoint,815.5098876953125,543.0467529296875,0.9941574335098267,0.9821915030479431,2.1753504276275635,0.02598070725798607,2.209344964091304,0.05213470950765446,0.0,0,two_ankles,accepted,2.1753504276275635,0.02598070725798607,0.00349895677232388
871,29.033333333333335,detected,3,1,0.9184936285018921,ankle_midpoint,762.178955078125,818.7030029296875,0.9910877346992493,0.9894896149635315,2.1659419536590576,9.92115306854248,2.155926457512259,9.904087748307527,0.0,0,two_ankles,accepted,2.1659419536590576,9.92115306854248,0.001007998677007088
872,29.066666666666666,detected,1,29,0.6151316165924072,ankle_midpoint,804.0662841796875,537.3377075195312,0.9863421320915222,0.9714449644088745,2.047410488128662,-0.29782384634017944,2.179226409914306,0.028474986121943654,0.0,0,two_ankles,corrected_motion_outlier,2.1424148436979755,-0.00044245357170289573,0.3481637790607888
872,29.066666666666666,detected,3,1,0.9195449948310852,ankle_midpoint,772.284423828125,821.4395751953125,0.9907097816467285,0.9891355037689209,2.233835458755493,9.982024192810059,2.190985508071715,9.939159148333665,0.0,0,two_ankles,accepted,2.233835458755493,9.982024192810059,0.09118564472480664
873,29.1,detected,1,29,0.6173635125160217,ankle_midpoint,798.6973876953125,535.1142578125,0.9904097318649292,0.9726464748382568,1.9873825311660767,-0.42583879828453064,2.092896664477603,-0.17596621686096978,0.0,0,two_ankles,accepted,1.9873825311660767,-0.42583879828453064,0.24467978854455905
873,29.1,detected,3,1,0.9198268055915833,ankle_midpoint,779.4882202148438,823.7962036132812,0.9736219644546509,0.9671918749809265,2.2823667526245117,10.034273147583008,2.2321070681204738,9.98196044799587,0.0,0,two_ankles,accepted,2.2823667526245117,10.034273147583008,0.07131086705030819
874,29.133333333333333,detected,1,29,0.5752266049385071,ankle_midpoint,792.2352294921875,536.9837036132812,0.9867509007453918,0.9813096523284912,1.9256315231323242,-0.31563347578048706,2.0176273508722278,-0.2388164833747526,0.0,0,two_ankles,accepted,1.9256315231323242,-0.31563347578048706,0.12632656134560463
874,29.133333333333333,detected,3,1,0.9183359742164612,ankle_midpoint,794.0977783203125,825.8956909179688,0.9903640151023865,0.9880152344703674,2.377392530441284,10.079574584960938,2.297485526164839,10.025886809630151,0.0,0,two_ankles,accepted,2.377392530441284,10.079574584960938,0.10527164232683506
875,29.166666666666668,detected,1,29,0.573026180267334,ankle_midpoint,792.163818359375,537.009765625,0.9869217872619629,0.9814931750297546,1.9249651432037354,-0.3141075074672699,1.9759293574214065,-0.2726974442163854,0.0,0,two_ankles,accepted,1.9249651432037354,-0.3141075074672699,0.0016651250710288815
875,29.166666666666668,detected,3,1,0.9182893633842468,ankle_midpoint,794.0799560546875,825.908447265625,0.9903236627578735,0.9879664778709412,2.377291202545166,10.079861640930176,2.333398080535986,10.050175483715163,0.0,0,two_ankles,accepted,2.377291202545166,10.079861640930176,0.00030441496679214463
876,29.2,detected,1,29,0.5712904334068298,ankle_midpoint,792.1466674804688,537.0071411132812,0.9867826700210571,0.981315553188324,1.9247833490371704,-0.31425565481185913,1.9529136536485003,-0.2913986389843486,0.0,0,two_ankles,accepted,1.9247833490371704,-0.31425565481185913,0.00023451386889879823
876,29.2,detected,3,1,0.9182237982749939,ankle_midpoint,794.072265625,825.866943359375,0.9903754591941833,0.9879665970802307,2.3772037029266357,10.078934669494629,2.3531106106117785,10.063117117315922,0.0,0,two_ankles,accepted,2.3772037029266357,10.078934669494629,0.0009310919533337068
877,29.233333333333334,detected,1,29,0.6868734359741211,ankle_midpoint,787.357177734375,539.28955078125,0.9654420018196106,0.9617671370506287,1.8816114664077759,-0.18159836530685425,1.9208276693901745,-0.24198851582947614,0.0,0,two_ankles,accepted,1.8816114664077759,-0.18159836530685425,0.13950544042646112
877,29.233333333333334,detected,3,1,0.9216606020927429,ankle_midpoint,798.7830810546875,826.1317138671875,0.9942899942398071,0.9935662150382996,2.4073686599731445,10.084288597106934,2.3775267328243936,10.072644283221878,0.0,0,two_ankles,accepted,2.4073686599731445,10.084288597106934,0.03063640276689675
878,29.266666666666666,detected,1,29,0.7006596326828003,ankle_midpoint,783.238525390625,538.453857421875,0.9820630550384521,0.9770943522453308,1.8375020027160645,-0.22869446873664856,1.883331119386825,-0.23600619463770373,0.0,0,two_ankles,accepted,1.8375020027160645,-0.22869446873664856,0.06452664368646716
878,29.266666666666666,detected,3,1,0.9215765595436096,ankle_midpoint,808.9493408203125,826.6287841796875,0.9930374026298523,0.9930404424667358,2.472337484359741,10.094173431396484,2.4201915710153,10.082332399900451,0.0,0,two_ankles,accepted,2.472337484359741,10.094173431396484,0.06571649786095055
879,29.3,detected,1,29,0.7395691275596619,ankle_midpoint,781.8267822265625,537.3564453125,0.9803332686424255,0.9759447574615479,1.8201839923858643,-0.2916964590549469,1.8549149122363928,-0.26106681362546313,0.0,0,two_ankles,accepted,1.8201839923858643,-0.2916964590549469,0.06533884193849687
879,29.3,detected,3,1,0.9213645458221436,ankle_midpoint,812.6300659179688,830.0689697265625,0.9908656477928162,0.9912413358688354,2.49835205078125,10.170137405395508,2.4553637869099774,10.121844652373227,0.0,0,two_ankles,accepted,2.49835205078125,10.170137405395508,0.08029497500979374
880,29.333333333333332,detected,1,29,0.6746207475662231,ankle_midpoint,779.1920166015625,535.8331298828125,0.9864416718482971,0.9818663001060486,1.7890909910202026,-0.37947970628738403,1.8252941476891076,-0.3143526153233276,0.0,0,two_ankles,accepted,1.7890909910202026,-0.37947970628738403,0.09312718844996995
880,29.333333333333332,detected,3,1,0.919542670249939,ankle_midpoint,816.4290771484375,833.7738037109375,0.9903128147125244,0.9914917349815369,2.525071859359741,10.25120735168457,2.4867324195123715,10.180057867063333,0.0,0,two_ankles,accepted,2.525071859359741,10.25120735168457,0.08535973501471693
881,29.366666666666667,detected,1,29,0.6744972467422485,ankle_midpoint,779.1715698242188,535.7966918945312,0.9865267872810364,0.981886625289917,1.7887812852859497,-0.3815961182117462,1.8088633596076866,-0.34461219162311596,0.0,0,two_ankles,accepted,1.7887812852859497,-0.3815961182117462,0.0021389523312621023
881,29.366666666666667,detected,3,1,0.919596791267395,ankle_midpoint,816.3936157226562,833.76513671875,0.9904008507728577,0.9915537238121033,2.5248425006866455,10.251022338867188,2.5038819560407948,10.211991879375068,0.0,0,two_ankles,accepted,2.5248425006866455,10.251022338867188,0.00029467803365732496
882,29.4,detected,1,29,0.6223375201225281,ankle_midpoint,774.6026611328125,530.8477783203125,0.9836804866790771,0.9790342450141907,1.727705955505371,-0.6716892123222351,1.7723425277616447,-0.49179685093771963,0.0,0,two_ankles,accepted,1.727705955505371,-0.6716892123222351,0.29645269295184923
882,29.4,detected,3,1,0.918467104434967,ankle_midpoint,821.846435546875,838.0531616210938,0.9897053837776184,0.9908413887023926,2.56205415725708,10.343765258789062,2.5300594465881234,10.271289900111366,0.0,0,two_ankles,accepted,2.56205415725708,10.343765258789062,0.09992975823222673
883,29.433333333333334,detected,1,29,0.6617324948310852,ankle_midpoint,771.349853515625,529.107666015625,0.9868441820144653,0.9716867804527283,1.688803791999817,-0.7747704982757568,1.7347500966688223,-0.6191349922398364,0.0,0,two_ankles,accepted,1.688803791999817,-0.7747704982757568,0.11017771934127421
883,29.433333333333334,detected,3,1,0.9199290871620178,ankle_midpoint,823.9783935546875,841.195556640625,0.9888607859611511,0.9896092414855957,2.577453374862671,10.411299705505371,2.55138671431167,10.334294312538669,0.0,0,two_ankles,accepted,2.577453374862671,10.411299705505371,0.06926786698132305
884,29.466666666666665,detected,1,29,0.7033266425132751,ankle_midpoint,768.8767700195312,528.3671264648438,0.9778797030448914,0.9569298624992371,1.660820484161377,-0.8186184763908386,1.7014817710404722,-0.7089025601077874,0.0,0,two_ankles,accepted,1.660820484161377,-0.8186184763908386,0.05201644646034161
884,29.466666666666665,detected,3,1,0.9183692336082458,ankle_midpoint,824.7464599609375,840.696533203125,0.9913173913955688,0.9915996789932251,2.581913709640503,10.400483131408691,2.565123862209645,10.364079281030179,0.0,0,two_ankles,accepted,2.581913709640503,10.400483131408691,0.01170012228651051
885,29.5,detected,1,29,0.7140102982521057,ankle_midpoint,767.3233642578125,529.0469970703125,0.9826115369796753,0.9467360973358154,1.646747350692749,-0.7774686217308044,1.676851281883997,-0.7397572878381451,0.0,0,two_ankles,accepted,1.646747350692749,-0.7774686217308044,0.04348981057866029
885,29.5,detected,3,1,0.9167278409004211,ankle_midpoint,829.33447265625,844.346923828125,0.9879779815673828,0.9878443479537964,2.6127359867095947,10.478109359741211,2.5865493182346224,10.415392816450144,0.0,0,two_ankles,accepted,2.6127359867095947,10.478109359741211,0.083521518717372
886,29.533333333333335,detected,1,29,0.7121827006340027,ankle_midpoint,767.2741088867188,529.058837890625,0.9828061461448669,0.9472380876541138,1.6462717056274414,-0.7767478823661804,1.663090472568547,-0.756403055375761,0.0,0,two_ankles,accepted,1.6462717056274414,-0.7767478823661804,0.0008635412322930089
886,29.533333333333335,detected,3,1,0.9166427254676819,ankle_midpoint,829.3169555664062,844.3572998046875,0.9880016446113586,0.9878879189491272,2.61263370513916,10.47833251953125,2.5982872923416647,10.443715682836643,0.0,0,two_ankles,accepted,2.61263370513916,10.47833251953125,0.0002454828131271931
887,29.566666666666666,detected,1,29,0.7743531465530396,ankle_midpoint,760.2681274414062,530.8347778320312,0.9791112542152405,0.9739730954170227,1.5791651010513306,-0.6691479086875916,1.6253240553857997,-0.7171382393660848,0.0,0,two_ankles,accepted,1.5791651010513306,-0.6691479086875916,0.12681108277026704
887,29.566666666666666,detected,3,1,0.8985351920127869,ankle_midpoint,839.4637451171875,842.9305419921875,0.9891833066940308,0.9903106689453125,2.674830198287964,10.446695327758789,2.6327316000174994,10.445056523051608,0.0,0,two_ankles,accepted,2.674830198287964,10.446695327758789,0.06978048196492094
888,29.6,detected,1,29,0.8085268139839172,ankle_midpoint,756.8285522460938,532.1212158203125,0.9839127659797668,0.9804989695549011,1.5477687120437622,-0.5920947194099426,1.590424150881883,-0.6608686553858208,0.0,0,two_ankles,accepted,1.5477687120437622,-0.5920947194099426,0.0832041298288237
888,29.6,detected,3,1,0.8983036279678345,ankle_midpoint,842.3347778320312,836.234130859375,0.995718777179718,0.9961767196655273,2.689260244369507,10.301876068115234,2.658169489975903,10.38062531833024,0.0,0,two_ankles,accepted,2.689260244369507,10.301876068115234,0.14553640161012213
889,29.633333333333333,detected,1,29,0.809895932674408,ankle_midpoint,756.7962646484375,532.1427001953125,0.9838948845863342,0.9805059432983398,1.5475056171417236,-0.5908172726631165,1.5711108106988114,-0.6293455331606039,0.0,0,two_ankles,accepted,1.5475056171417236,-0.5908172726631165,0.001304258072030017
889,29.633333333333333,detected,3,1,0.898311972618103,ankle_midpoint,842.3228759765625,836.245361328125,0.9957102537155151,0.9961819648742676,2.6891915798187256,10.30212116241455,2.6721294304051733,10.345298448168181,0.0,0,two_ankles,accepted,2.6891915798187256,10.30212116241455,0.000254531012042523
890,29.666666666666668,detected,1,29,0.7976213693618774,ankle_midpoint,754.741943359375,531.631103515625,0.9929150342941284,0.9910640716552734,1.5245795249938965,-0.620617151260376,1.5501717321315998,-0.6254177613055014,0.0,0,two_ankles,accepted,1.5245795249938965,-0.620617151260376,0.03759838381609065
890,29.666666666666668,detected,3,1,0.9082467555999756,ankle_midpoint,850.3875732421875,831.1741943359375,0.9903010129928589,0.9914484620094299,2.737459421157837,10.190074920654297,2.7015279262438723,10.275447860786933,0.0,0,two_ankles,accepted,2.737459421157837,10.190074920654297,0.12200059344173245
891,29.7,detected,1,29,0.7965558767318726,ankle_midpoint,754.739501953125,531.625732421875,0.9929695725440979,0.9911503791809082,1.524536371231079,-0.6209347248077393,1.5386358197263656,-0.6234003948815086,0.0,0,two_ankles,accepted,1.524536371231079,-0.6209347248077393,0.0003204921297476697
891,29.7,detected,3,1,0.9081072211265564,ankle_midpoint,850.3976440429688,831.2381591796875,0.990205705165863,0.9913756251335144,2.7375519275665283,10.191484451293945,2.717738726839068,10.23766432651509,0.0,0,two_ankles,accepted,2.7375519275665283,10.191484451293945,0.0014125629401045162
892,29.733333333333334,detected,1,29,0.7215523719787598,ankle_midpoint,753.9534912109375,533.938720703125,0.9837677478790283,0.9840079545974731,1.5241259336471558,-0.4844079911708832,1.5321063709907212,-0.5608538132117271,0.0,0,two_ankles,accepted,1.5241259336471558,-0.4844079911708832,0.13652735058060472
892,29.733333333333334,detected,3,1,0.9069817662239075,ankle_midpoint,855.4390869140625,825.5728759765625,0.9864897727966309,0.9865307211875916,2.7670061588287354,10.06503677368164,2.7399090712344183,10.159981927740038,0.0,0,two_ankles,accepted,2.7670061588287354,10.06503677368164,0.1298328421963908
893,29.766666666666666,detected,1,29,0.6154742240905762,ankle_midpoint,754.297607421875,533.6879272460938,0.9784815907478333,0.9680579304695129,1.5268357992172241,-0.4992057681083679,1.5297346136926477,-0.5331121929152155,0.0,0,two_ankles,accepted,1.5268357992172241,-0.4992057681083679,0.015043855014569809
893,29.766666666666666,detected,3,1,0.9150357842445374,ankle_midpoint,856.6578369140625,829.1580810546875,0.9883716702461243,0.9885282516479492,2.776214599609375,10.144752502441406,2.756246559003149,10.153128686355654,0.0,0,two_ankles,accepted,2.776214599609375,10.144752502441406,0.08024582726417039
894,29.8,detected,1,29,0.613733172416687,ankle_midpoint,754.2969360351562,533.658203125,0.9785177707672119,0.967808723449707,1.5267302989959717,-0.5009511709213257,1.5283826720791436,-0.5186397330179651,0.0,0,two_ankles,accepted,1.5267302989959717,-0.5009511709213257,0.0017485883667018914
894,29.8,detected,3,1,0.9150955080986023,ankle_midpoint,856.6837768554688,829.1483154296875,0.9884389042854309,0.9885730743408203,2.7763748168945312,10.144532203674316,2.7653042750542713,10.149260269149053,0.0,0,two_ankles,accepted,2.7763748168945312,10.144532203674316,0.00027239883488029893
895,29.833333333333332,detected,1,29,0.768625795841217,ankle_midpoint,754.9981689453125,530.4581298828125,0.9780634641647339,0.9797781705856323,1.523313283920288,-0.6903356313705444,1.5261014474076586,-0.5959028872766259,0.0,0,two_ankles,accepted,1.523313283920288,-0.6903356313705444,0.18941528410260125
895,29.833333333333332,detected,3,1,0.9216048717498779,ankle_midpoint,855.88525390625,833.4678955078125,0.9872651100158691,0.9876654148101807,2.7730913162231445,10.239860534667969,2.7688084435802645,10.190030388632566,0.0,0,two_ankles,accepted,2.7730913162231445,10.239860534667969,0.09538486288030368
896,29.866666666666667,detected,1,29,0.8116914629936218,ankle_midpoint,757.6070556640625,530.1317138671875,0.9764996767044067,0.9809536933898926,1.5492863655090332,-0.7103872299194336,1.5365346605532773,-0.6474208414658893,0.0,0,two_ankles,accepted,1.5492863655090332,-0.7103872299194336,0.03281261299533191
896,29.866666666666667,detected,3,1,0.9341333508491516,ankle_midpoint,852.6468505859375,838.599853515625,0.9800534844398499,0.9750657677650452,2.7549262046813965,10.352001190185547,2.7625614360757744,10.262917249331409,0.0,0,two_ankles,accepted,2.7549262046813965,10.352001190185547,0.1136023674807716
897,29.9,detected,1,29,0.8098990321159363,ankle_midpoint,757.62841796875,530.1517944335938,0.9765258431434631,0.9809104800224304,1.5495740175247192,-0.7091950178146362,1.5424023711904262,-0.6752192208228255,0.0,0,two_ankles,accepted,1.5495740175247192,-0.7091950178146362,0.0012264230040869252
897,29.9,detected,3,1,0.9341050386428833,ankle_midpoint,852.60546875,838.6419677734375,0.9800409078598022,0.9751517176628113,2.754685640335083,10.352917671203613,2.7590173279924635,10.303417439173902,0.0,0,two_ankles,accepted,2.754685640335083,10.352917671203613,0.000947527657218124
898,29.933333333333334,detected,1,29,0.7938014268875122,ankle_midpoint,761.2476806640625,531.6054077148438,0.9591336846351624,0.9679141640663147,1.5917768478393555,-0.6236399412155151,1.5646208856824444,-0.6520085449995359,0.0,0,two_ankles,accepted,1.5917768478393555,-0.6236399412155151,0.09539785122552528
898,29.933333333333334,detected,3,1,0.919725775718689,ankle_midpoint,858.2960205078125,847.47216796875,0.989000678062439,0.968214213848114,2.793591022491455,10.541115760803223,2.7745754905170097,10.410381683907097,0.0,0,two_ankles,accepted,2.793591022491455,10.541115760803223,0.19217739120322128
899,29.966666666666665,detected,1,29,0.6776942014694214,ankle_midpoint,763.4585571289062,532.24853515625,0.9784669876098633,0.9815639853477478,1.616661787033081,-0.586096465587616,1.588039291290231,-0.622348109264172,0.0,0,two_ankles,accepted,1.616661787033081,-0.586096465587616,0.045041900058701775
899,29.966666666666665,detected,3,1,0.9148014187812805,ankle_midpoint,862.2808837890625,849.7802734375,0.9957459568977356,0.9786311388015747,2.819005012512207,10.589325904846191,2.7945687754148487,10.490906583329691,0.0,0,two_ankles,accepted,2.819005012512207,10.589325904846191,0.0544985217911337
900,30.0,detected,1,29,0.6135190725326538,ankle_midpoint,765.5223388671875,534.042236328125,0.9752028584480286,0.9771982431411743,1.6434980630874634,-0.4809862971305847,1.6129957385989857,-0.5587352938040577,0.0,0,two_ankles,accepted,1.6434980630874634,-0.4809862971305847,0.10848194884649014
900,30.0,detected,3,1,0.9231266379356384,ankle_midpoint,864.3070678710938,846.6053466796875,0.9903892874717712,0.9582317471504211,2.8304553031921387,10.522071838378906,2.810717712914629,10.504930948101839,0.0,0,two_ankles,accepted,2.8304553031921387,10.522071838378906,0.06822183384401902
901,30.033333333333335,detected,1,29,0.6153677105903625,ankle_midpoint,765.5164184570312,534.036376953125,0.9752218723297119,0.9772669076919556,1.6434192657470703,-0.481328547000885,1.626686325815624,-0.52390225774263,0.0,0,two_ankles,accepted,1.6434192657470703,-0.481328547000885,0.0003512036369025642
901,30.033333333333335,detected,3,1,0.9232022762298584,ankle_midpoint,864.3013916015625,846.5914306640625,0.9903685450553894,0.9581911563873291,2.8304154872894287,10.521777153015137,2.819581711383289,10.512511740312824,0.0,0,two_ankles,accepted,2.8304154872894287,10.521777153015137,0.0002973630268351969
902,30.066666666666666,detected,1,29,0.6265265941619873,ankle_midpoint,769.16650390625,537.9197387695312,0.9638985991477966,0.9683472514152527,1.6924794912338257,-0.2562917172908783,1.6562932502538148,-0.4034775145393417,0.0,0,two_ankles,accepted,1.6924794912338257,-0.2562917172908783,0.23032255740752325
902,30.066666666666666,detected,3,1,0.9204851984977722,ankle_midpoint,860.15771484375,845.0562744140625,0.9946657419204712,0.9761654138565063,2.8042256832122803,10.489652633666992,2.8126714987063353,10.502225142322201,0.0,0,two_ankles,accepted,2.8042256832122803,10.489652633666992,0.04144744359968095
903,30.1,detected,1,29,0.5840595364570618,ankle_midpoint,768.7839965820312,538.23095703125,0.9598674774169922,0.9693649411201477,1.6894922256469727,-0.238263338804245,1.671232789180736,-0.3291311354585482,0.0,0,two_ankles,accepted,1.6894922256469727,-0.238263338804245,0.0182741945525295
903,30.1,detected,3,1,0.9208976626396179,ankle_midpoint,850.1378173828125,838.79052734375,0.996068000793457,0.9781858921051025,2.7393293380737305,10.35641860961914,2.7796675264216635,10.436612202605826,0.0,0,two_ankles,accepted,2.7393293380737305,10.35641860961914,0.14819865308539504
904,30.133333333333333,detected,1,29,0.5029375553131104,ankle_midpoint,769.7617797851562,538.5498046875,0.9625372290611267,0.9704269170761108,1.700395107269287,-0.22012700140476227,1.684355832320584,-0.28007927513434455,0.0,0,two_ankles,accepted,1.700395107269287,-0.22012700140476227,0.021161275054638794
904,30.133333333333333,detected,3,1,0.9006399512290955,ankle_midpoint,838.115478515625,832.735107421875,0.9952257871627808,0.9713828563690186,2.6608808040618896,10.225874900817871,2.7262135013597657,10.341780416801246,0.0,0,two_ankles,accepted,2.6608808040618896,10.225874900817871,0.1523017806731018
905,30.166666666666668,detected,1,29,0.5045661926269531,ankle_midpoint,769.7664794921875,538.548583984375,0.9626407027244568,0.9704777598381042,1.700439453125,-0.22019830346107483,1.6915934616825714,-0.2531328378813732,0.0,0,two_ankles,accepted,1.700439453125,-0.22019830346107483,8.39674827138943e-05
905,30.166666666666668,detected,3,1,0.900753378868103,ankle_midpoint,838.269287109375,832.8218994140625,0.9952741861343384,0.9716118574142456,2.6618971824645996,10.227762222290039,2.697271157856941,10.290472229271202,0.0,0,two_ankles,accepted,2.6618971824645996,10.227762222290039,0.002143596836348085
906,30.2,detected,1,29,0.3868277072906494,ankle_midpoint,773.4833984375,541.1965942382812,0.9636498689651489,0.9732444286346436,1.745794653892517,-0.06951983273029327,1.715983998177047,-0.17050698556338725,0.0,0,two_ankles,accepted,1.745794653892517,-0.06951983273029327,0.15735658797275942
906,30.2,detected,3,1,0.8997181057929993,ankle_midpoint,810.8043212890625,829.3619384765625,0.9875495433807373,0.9730345606803894,2.4862618446350098,10.154707908630371,2.6023169669070723,10.229378284982829,0.0,0,two_ankles,accepted,2.4862618446350098,10.154707908630371,0.19022277634079285
907,30.233333333333334,detected,1,29,0.3891485631465912,ankle_midpoint,773.5195922851562,541.1627807617188,0.9641598463058472,0.9735621809959412,1.746066689491272,-0.07145215570926666,1.7295212092684484,-0.125932312129033,0.0,0,two_ankles,accepted,1.746066689491272,-0.07145215570926666,0.0019513778368267173
907,30.233333333333334,detected,3,1,0.8993046879768372,ankle_midpoint,810.8096923828125,829.3162841796875,0.9876314997673035,0.9730256795883179,2.486259937286377,10.153696060180664,2.5500913035777595,10.195321283821855,0.0,0,two_ankles,accepted,2.486259937286377,10.153696060180664,0.0010118502473950035
908,30.266666666666666,detected,1,29,0.5151313543319702,ankle_midpoint,781.0084228515625,543.9620361328125,0.8755870461463928,0.9181505441665649,1.8293448686599731,0.08526197820901871,1.7744418559946347,-0.03089488147690974,0.0,0,two_ankles,accepted,1.8293448686599731,0.08526197820901871,0.17746710933413148
908,30.266666666666666,detected,3,1,0.8979475498199463,ankle_midpoint,783.6575927734375,827.6637573242188,0.9884173274040222,0.9776881337165833,2.3128621578216553,10.120237350463867,2.443338187987513,10.161533513810761,0.0,0,two_ankles,accepted,2.3128621578216553,10.120237350463867,0.17659636230457618
909,30.3,detected,1,29,0.701281726360321,ankle_midpoint,791.8057861328125,544.6158447265625,0.9662252068519592,0.9736253619194031,1.9397238492965698,0.11959493160247803,1.8488187529805056,0.03682553440881475,0.0,0,two_ankles,accepted,1.9397238492965698,0.11959493160247803,0.11559528993471851
909,30.3,detected,3,1,0.9160481095314026,ankle_midpoint,752.5994873046875,826.697265625,0.9937331080436707,0.9868201613426208,2.114799976348877,10.102411270141602,2.295495992750127,10.134928504159639,0.0,0,two_ankles,accepted,2.114799976348877,10.102411270141602,0.1988627588801172
910,30.333333333333332,detected,1,29,0.702759325504303,ankle_midpoint,791.6634521484375,544.5189208984375,0.9662712216377258,0.9736779928207397,1.93805992603302,0.11418716609477997,1.8889772808541372,0.0716382686674991,0.0,0,two_ankles,accepted,1.93805992603302,0.11418716609477997,0.005657965041711647
910,30.333333333333332,detected,3,1,0.9159442782402039,ankle_midpoint,752.593994140625,826.6994018554688,0.9937333464622498,0.9868614077568054,2.1147677898406982,10.102458953857422,2.214168301440884,10.12031720652364,0.0,0,two_ankles,accepted,2.1147677898406982,10.102458953857422,5.753006225592448e-05
911,30.366666666666667,detected,1,29,0.6492159962654114,ankle_midpoint,797.8045043945312,544.174560546875,0.979892373085022,0.9859894514083862,1.9991042613983154,0.0934789627790451,1.9385344220990175,0.0814665810176948,0.0,0,two_ankles,accepted,1.9991042613983154,0.0934789627790451,0.06446115547177593
911,30.366666666666667,detected,3,1,0.9120402932167053,ankle_midpoint,749.9281005859375,825.1873779296875,0.9952203631401062,0.988214373588562,2.0958898067474365,10.069003105163574,2.160942978828833,10.09722586091161,0.0,0,two_ankles,accepted,2.0958898067474365,10.069003105163574,0.03841447718627839
912,30.4,detected,1,29,0.6497657299041748,ankle_midpoint,797.811279296875,544.1058349609375,0.9799022674560547,0.9859662652015686,1.9990170001983643,0.08961345255374908,1.9657515822437237,0.08513267320891924,0.0,0,two_ankles,accepted,1.9990170001983643,0.08961345255374908,0.003866495030241861
912,30.4,detected,3,1,0.9119269251823425,ankle_midpoint,749.92431640625,825.1522216796875,0.9952043294906616,0.9881452322006226,2.0958199501037598,10.068217277526855,2.1316376159025503,10.08417199838847,0.0,0,two_ankles,accepted,2.0958199501037598,10.068217277526855,0.0007889265018344594
913,30.433333333333334,detected,1,29,0.6891756057739258,ankle_midpoint,808.80322265625,546.573974609375,0.973879337310791,0.9807946085929871,2.1147663593292236,0.22526590526103973,2.032808231932199,0.14819262763237345,0.0,0,two_ankles,accepted,2.1147663593292236,0.22526590526103973,0.17832414885457434
913,30.433333333333334,detected,3,1,0.9149314165115356,ankle_midpoint,744.1629638671875,827.2615356445312,0.9943867921829224,0.98748779296875,2.0620269775390625,10.115983963012695,2.1003128286389807,10.098487382469372,0.0,0,two_ankles,accepted,2.0620269775390625,10.115983963012695,0.05851171880112158
914,30.466666666666665,detected,1,29,0.5536367893218994,ankle_midpoint,814.5694580078125,550.184326171875,0.9754398465156555,0.9805475473403931,2.1793556213378906,0.42348846793174744,2.09875455716476,0.27207575576709175,0.0,0,two_ankles,accepted,2.1793556213378906,0.42348846793174744,0.20848011204565023
914,30.466666666666665,detected,3,1,0.9213660955429077,ankle_midpoint,743.2257690429688,826.7353515625,0.99533611536026,0.9884108304977417,2.0553743839263916,10.104375839233398,2.0800905285183156,10.101137188013185,0.0,0,two_ankles,accepted,2.0553743839263916,10.104375839233398,0.013379295177655182
915,30.5,detected,1,29,0.553360641002655,ankle_midpoint,814.833251953125,550.1171875,0.9634019732475281,0.9707677364349365,2.1818559169769287,0.4197480082511902,2.1361501690802362,0.3385282693849361,0.0,0,two_ankles,accepted,2.1818559169769287,0.4197480082511902,0.0044991684681135605
915,30.5,detected,3,1,0.9214810729026794,ankle_midpoint,743.2296142578125,826.72314453125,0.9953104853630066,0.988335132598877,2.055382490158081,10.104103088378906,2.0689719112562104,10.10247184317776,0.0,0,two_ankles,accepted,2.055382490158081,10.104103088378906,0.0002728712876402014
916,30.533333333333335,detected,1,29,0.7734953165054321,ankle_midpoint,821.3336791992188,550.81494140625,0.9827820658683777,0.9838314056396484,2.2477569580078125,0.4565557837486267,2.186373224097646,0.3916406508485969,0.0,0,two_ankles,accepted,2.2477569580078125,0.4565557837486267,0.07548350512545053
916,30.533333333333335,detected,3,1,0.9183604121208191,ankle_midpoint,743.2335205078125,825.92431640625,0.9951230883598328,0.9883456230163574,2.0543270111083984,10.086278915405273,2.062381706189695,10.095185025680141,0.0,0,two_ankles,accepted,2.0543270111083984,10.086278915405273,0.01785539633327419
917,30.566666666666666,detected,1,29,0.7441120743751526,ankle_midpoint,832.8858642578125,555.484619140625,0.9864657521247864,0.9797084927558899,2.3694493770599365,0.7071189284324646,2.2687574929306766,0.5336058757613373,0.0,0,two_ankles,accepted,2.3694493770599365,0.7071189284324646,0.27855149313656824
917,30.566666666666666,detected,3,1,0.9057487845420837,ankle_midpoint,740.4639892578125,820.059326171875,0.9977481961250305,0.9810299873352051,2.028599262237549,9.954595565795898,2.047179606411229,10.031919768732234,0.0,0,two_ankles,accepted,2.028599262237549,9.954595565795898,0.1341731032148634
918,30.6,detected,1,29,0.6799248456954956,ankle_midpoint,838.8681640625,556.7957763671875,0.9605348110198975,0.964136004447937,2.430098056793213,0.7760355472564697,2.341360746668818,0.642699227934147,0.0,0,two_ankles,accepted,2.430098056793213,0.7760355472564697,0.09180284692493336
918,30.6,detected,3,1,0.901247501373291,ankle_midpoint,738.4050903320312,819.1030883789062,0.9976248145103455,0.9857593774795532,2.014065980911255,9.933125495910645,2.032278474936241,9.98746234596252,0.0,0,two_ankles,accepted,2.014065980911255,9.933125495910645,0.025926437606946524
919,30.633333333333333,detected,1,29,0.7278540134429932,ankle_midpoint,843.7720336914062,559.6956176757812,0.9832584857940674,0.9844107627868652,2.4818081855773926,0.9289429187774658,2.4045620941776766,0.7715088888136405,0.0,0,two_ankles,accepted,2.4818081855773926,0.9289429187774658,0.16141437880293186
919,30.633333333333333,detected,3,1,0.8006659746170044,ankle_midpoint,739.120849609375,816.7164306640625,0.9925909042358398,0.9643241763114929,2.0152695178985596,9.878594398498535,2.0246244442692842,9.938471769603726,0.0,0,two_ankles,accepted,2.0152695178985596,9.878594398498535,0.05454437721936856
920,30.666666666666668,detected,1,29,0.773593544960022,ankle_midpoint,846.4635009765625,561.0015258789062,0.9787083268165588,0.9780071377754211,2.5096025466918945,0.9971199631690979,2.451830297809075,0.8730338722735964,0.0,0,two_ankles,accepted,2.5096025466918945,0.9971199631690979,0.07362496785562564
920,30.666666666666668,detected,3,1,0.8123294115066528,ankle_midpoint,744.7864379882812,824.8260498046875,0.9885073900222778,0.9559910297393799,2.0627152919769287,10.061527252197266,2.0417653257377246,9.99384673677082,0.0,0,two_ankles,accepted,2.0627152919769287,10.061527252197266,0.18898552971128973
921,30.7,detected,1,29,0.7742568254470825,ankle_midpoint,846.488525390625,560.9918823242188,0.9789354801177979,0.9779903888702393,2.5098350048065186,0.996608316898346,2.477932415957925,0.9286423723547338,0.0,0,two_ankles,accepted,2.5098350048065186,0.996608316898346,0.0005619774741294677
921,30.7,detected,3,1,0.8119041919708252,ankle_midpoint,744.7919921875,824.83447265625,0.9884477257728577,0.955777108669281,2.0627620220184326,10.061715126037598,2.0512138390640433,10.024387511940871,0.0,0,two_ankles,accepted,2.0627620220184326,10.061715126037598,0.00019359823516773694
922,30.733333333333334,detected,1,29,0.6895517110824585,ankle_midpoint,851.2108154296875,561.5135498046875,0.978346049785614,0.9792084097862244,2.5563735961914062,1.022972583770752,2.5132309470629917,0.971090967491942,0.0,0,two_ankles,accepted,2.5563735961914062,1.022972583770752,0.053487522431021124
922,30.733333333333334,detected,3,1,0.8914427161216736,ankle_midpoint,747.0579833984375,823.5519409179688,0.9934525489807129,0.9682705402374268,2.075471878051758,10.032666206359863,2.0621299566085147,10.028112924429418,0.0,0,two_ankles,accepted,2.075471878051758,10.032666206359863,0.03170773052161438
923,30.766666666666666,detected,1,29,0.6851780414581299,ankle_midpoint,851.193603515625,561.5285034179688,0.9783692955970764,0.979109525680542,2.5562222003936768,1.0237597227096558,2.5325770110618,0.9947919073399132,0.0,0,two_ankles,accepted,2.5562222003936768,1.0237597227096558,0.0008015662147999772
923,30.766666666666666,detected,3,1,0.8914669752120972,ankle_midpoint,747.0236206054688,823.5091552734375,0.9934437274932861,0.9681475162506104,2.0751960277557373,10.031708717346191,2.068009688624765,10.029731031241965,0.0,0,two_ankles,accepted,2.0751960277557373,10.031708717346191,0.0009964329365877776
924,30.8,detected,1,29,0.722337007522583,ankle_midpoint,857.68310546875,559.7252197265625,0.974381148815155,0.9871774911880493,2.6176486015319824,0.9275469183921814,2.5708592267733823,0.9645316623134339,0.0,0,two_ankles,accepted,2.6176486015319824,0.9275469183921814,0.11414949177038264
924,30.8,detected,3,1,0.9081332087516785,ankle_midpoint,765.158447265625,827.1658935546875,0.9765448570251465,0.9728173613548279,2.195038318634033,10.111357688903809,2.125172572128936,10.066463027189796,0.0,0,two_ankles,accepted,2.195038318634033,10.111357688903809,0.14389625899634848
925,30.833333333333332,detected,1,29,0.7675386667251587,ankle_midpoint,866.5444946289062,558.3961181640625,0.9899862408638,0.9901824593544006,2.7031352519989014,0.8553116321563721,2.6303834381248663,0.9153826487427561,0.0,0,two_ankles,accepted,2.7031352519989014,0.8553116321563721,0.11191918506503913
925,30.833333333333332,detected,3,1,0.8990483283996582,ankle_midpoint,775.2313842773438,830.4232177734375,0.9773593544960022,0.9765764474868774,2.2624337673187256,10.182392120361328,2.1869401099643415,10.118631119116987,0.0,0,two_ankles,accepted,2.2624337673187256,10.182392120361328,0.09791852202675469
926,30.866666666666667,detected,1,29,0.7544280290603638,ankle_midpoint,870.6082763671875,560.993408203125,0.9791586399078369,0.9874102473258972,2.744713068008423,0.9915770292282104,2.681831771572467,0.9496701199612106,0.0,0,two_ankles,accepted,2.744713068008423,0.9915770292282104,0.14246744618777793
926,30.866666666666667,detected,3,1,0.9113484621047974,ankle_midpoint,784.2567138671875,834.7969970703125,0.990774929523468,0.9840542674064636,2.323779821395874,10.277362823486328,2.248517980108531,10.190060386083191,0.0,0,two_ankles,accepted,2.323779821395874,10.277362823486328,0.1130609251814848
927,30.9,detected,1,29,0.7589004635810852,ankle_midpoint,870.6393432617188,560.8978271484375,0.979050874710083,0.9873387813568115,2.74495005607605,0.9865493178367615,2.7102349995990798,0.9662657590052086,0.0,0,two_ankles,accepted,2.74495005607605,0.9865493178367615,0.005033293671136559
927,30.9,detected,3,1,0.9114317297935486,ankle_midpoint,784.239013671875,834.78466796875,0.9907406568527222,0.9839633107185364,2.3236565589904785,10.277095794677734,2.2823303406054074,10.229226319950737,0.0,0,two_ankles,accepted,2.3236565589904785,10.277095794677734,0.0002941054321206667
928,30.933333333333334,detected,1,29,0.45448824763298035,ankle_midpoint,893.275634765625,565.4613037109375,0.9747432470321655,0.9855800867080688,2.9665584564208984,1.2194099426269531,2.7404714521062505,0.9823535110312118,0.0,0,two_ankles,corrected_motion_outlier,2.7774271162816815,1.0020163190629936,0.32145661243950346
928,30.933333333333334,detected,3,1,0.9186813235282898,ankle_midpoint,801.6309814453125,838.2677001953125,0.9774227738380432,0.971513032913208,2.435812473297119,10.3507719039917,2.3513973003166777,10.28392183276917,0.0,0,two_ankles,accepted,2.435812473297119,10.3507719039917,0.13419060398404134
929,30.966666666666665,detected,1,29,0.4655618965625763,ankle_midpoint,901.4614868164062,570.6380615234375,0.9604891538619995,0.9759472012519836,3.0460011959075928,1.4821404218673706,2.8779598368168546,1.2072576209074835,0.0,0,two_ankles,accepted,3.0460011959075928,1.4821404218673706,0.28993203134017
929,30.966666666666665,detected,3,1,0.9200984835624695,ankle_midpoint,805.3154907226562,840.3402099609375,0.9816040992736816,0.9753862023353577,2.460521936416626,10.395075798034668,2.4005033865616543,10.333941117138645,0.0,0,two_ankles,accepted,2.460521936416626,10.395075798034668,0.05072861712115628
930,31.0,detected,1,29,0.46432939171791077,ankle_midpoint,901.5196533203125,570.6251220703125,0.9603197574615479,0.9758179187774658,3.046555995941162,1.4814741611480713,2.953828108422793,1.330655064015748,0.0,0,two_ankles,accepted,3.046555995941162,1.4814741611480713,0.0008670100479981641
930,31.0,detected,3,1,0.9202351570129395,ankle_midpoint,805.3303833007812,840.3287353515625,0.9816387891769409,0.9753291606903076,2.4606056213378906,10.394826889038086,2.4275493922109606,10.361339714493393,0.0,0,two_ankles,accepted,2.4606056213378906,10.394826889038086,0.0002626001801723374
931,31.033333333333335,detected,1,29,0.833130419254303,ankle_midpoint,941.6279296875,576.7906494140625,0.9667440056800842,0.9860308170318604,3.425739288330078,1.7813419103622437,3.0172277951030693,1.426727454907708,0.0,0,two_ankles,corrected_motion_outlier,3.094716301045629,1.5441492659978815,0.483425936670419
931,31.033333333333335,detected,3,1,0.9223738312721252,ankle_midpoint,812.827392578125,837.028564453125,0.9804347157478333,0.9823119640350342,2.504880666732788,10.322601318359375,2.462348465745783,10.343907436233085,0.0,0,two_ankles,accepted,2.504880666732788,10.322601318359375,0.08471607111160019
932,31.066666666666666,detected,1,29,0.8315162062644958,ankle_midpoint,941.6660766601562,576.8668212890625,0.9669731259346008,0.9862614274024963,3.42604923248291,1.7850948572158813,3.201197441923998,1.587992785946386,0.0,0,two_ankles,accepted,3.42604923248291,1.7850948572158813,0.24300238870309107
932,31.066666666666666,detected,3,1,0.9224690794944763,ankle_midpoint,812.8623657226562,837.0743408203125,0.9803802371025085,0.9822812080383301,2.505134105682373,10.323591232299805,2.4816020037172484,10.334765144463109,0.0,0,two_ankles,accepted,2.505134105682373,10.323591232299805,0.001021841920564898
933,31.1,detected,1,29,0.8234853148460388,ankle_midpoint,956.324462890625,581.6068115234375,0.9725635051727295,0.983168363571167,3.5600838661193848,2.014000177383423,3.362696332811922,1.7796961120930528,0.0,0,two_ankles,accepted,3.5600838661193848,2.014000177383423,0.2652601150099062
933,31.1,detected,3,1,0.9201008081436157,ankle_midpoint,821.2028198242188,839.5260009765625,0.9950520396232605,0.9939845204353333,2.559032440185547,10.375678062438965,2.5164457001279827,10.353175957552246,0.0,0,two_ankles,accepted,2.559032440185547,10.375678062438965,0.07495377466253278
934,31.133333333333333,detected,1,29,0.7765915393829346,ankle_midpoint,968.7967529296875,582.6640014648438,0.9753122329711914,0.9862741827964783,3.675579309463501,2.062647581100464,3.503493672305133,1.907024273146388,0.0,0,two_ankles,accepted,3.675579309463501,2.062647581100464,0.12532265286716018
934,31.133333333333333,detected,3,1,0.9069814682006836,ankle_midpoint,829.3526611328125,837.5614624023438,0.9952707886695862,0.9941954016685486,2.6086955070495605,10.332232475280762,2.5579581132426927,10.343751390530079,0.0,0,two_ankles,accepted,2.6086955070495605,10.332232475280762,0.06598438643997924
935,31.166666666666668,detected,1,29,0.7769303321838379,ankle_midpoint,968.8336181640625,582.7301025390625,0.9755069613456726,0.986122727394104,3.6758484840393066,2.065831422805786,3.5810533375855114,1.9784874904931173,0.0,0,two_ankles,accepted,3.6758484840393066,2.065831422805786,0.0031951999869819655
935,31.166666666666668,detected,3,1,0.906520426273346,ankle_midpoint,829.3555908203125,837.5404663085938,0.9952835440635681,0.9942576885223389,2.608700752258301,10.33177661895752,2.5807923007997164,10.338362743322428,0.0,0,two_ankles,accepted,2.608700752258301,10.33177661895752,0.00045588649865357315
936,31.2,detected,1,29,0.7654247879981995,ankle_midpoint,997.3021850585938,590.2276611328125,0.966881275177002,0.9825583696365356,3.929497241973877,2.417003870010376,3.6565723671023997,2.0501070849281686,0.0,0,two_ankles,corrected_motion_outlier,3.7488734031785964,2.1376421447932312,0.43319716074486303
936,31.2,detected,3,1,0.9098398685455322,ankle_midpoint,845.1756591796875,833.5052490234375,0.9901410937309265,0.9872254729270935,2.7057251930236816,10.24194049835205,2.637012102300501,10.294972733085759,0.0,0,two_ankles,accepted,2.7057251930236816,10.24194049835205,0.13222810091381948
937,31.233333333333334,detected,1,29,0.7937352657318115,ankle_midpoint,1005.575927734375,598.0745239257812,0.9581487774848938,0.9888096451759338,3.9921655654907227,2.7781777381896973,3.730969046949369,2.121812686761797,0.0,0,two_ankles,corrected_motion_outlier,3.8218983223178866,2.2094528667806763,0.3897094331226075
937,31.233333333333334,detected,3,1,0.9193773865699768,ankle_midpoint,852.7692260742188,828.3887329101562,0.9917123317718506,0.9907038807868958,2.751272439956665,10.12813949584961,2.688429254245775,10.219897776329493,0.0,0,two_ankles,accepted,2.751272439956665,10.12813949584961,0.1225774036017032
938,31.266666666666666,detected,1,29,0.8264262080192566,ankle_midpoint,1015.544921875,604.4468383789062,0.9690889120101929,0.9908275008201599,4.070854663848877,3.063167095184326,3.804748434477882,2.193565592664643,0.15145178191250086,0,two_ankles,corrected_motion_outlier,3.8949232414571764,2.2812635887681214,0.3575702456995152
938,31.266666666666666,detected,3,1,0.9064953923225403,ankle_midpoint,860.4103393554688,828.3455810546875,0.9703981876373291,0.9660556316375732,2.799654483795166,10.126273155212402,2.738480607543001,10.177766696826803,0.0,0,two_ankles,accepted,2.799654483795166,10.126273155212402,0.048418027565822225
939,31.3,detected,1,29,0.8287045955657959,ankle_midpoint,1015.571533203125,604.4464111328125,0.969123363494873,0.9908589720726013,4.071094036102295,3.063143014907837,3.924603955208868,2.584875432674081,0.06752117477489661,0,two_ankles,accepted,4.071094036102295,3.063143014907837,0.26819412956927113
939,31.3,detected,3,1,0.9065507650375366,ankle_midpoint,860.4393310546875,828.293701171875,0.9705430269241333,0.9661996364593506,2.799818754196167,10.125117301940918,2.766082773536926,10.154074469128155,0.0,0,two_ankles,accepted,2.799818754196167,10.125117301940918,0.0011674680080611005
940,31.333333333333332,detected,1,29,0.64727783203125,ankle_midpoint,1032.4208984375,605.6396484375,0.9032042622566223,0.970910906791687,4.219640254974365,3.112943649291992,4.057370290103342,2.8225061301521412,0.0,0,two_ankles,accepted,4.219640254974365,3.112943649291992,0.15667189386183256
940,31.333333333333332,detected,3,1,0.9012618064880371,ankle_midpoint,880.5137939453125,828.1463012695312,0.9933826923370361,0.9937006235122681,2.9269609451293945,10.119455337524414,2.838477950753537,10.138495859906472,0.0,0,two_ankles,accepted,2.9269609451293945,10.119455337524414,0.12726819931292752
941,31.366666666666667,detected,1,29,0.593216061592102,ankle_midpoint,1035.3260498046875,607.9381103515625,0.9119942784309387,0.9712157249450684,4.240732669830322,3.21380352973938,4.139883360980484,2.9985899599663988,0.0,0,two_ankles,accepted,4.240732669830322,3.21380352973938,0.10304176555318302
941,31.366666666666667,detected,3,1,0.9117372632026672,ankle_midpoint,886.9989013671875,828.7745361328125,0.9931749701499939,0.9939008951187134,2.9681520462036133,10.13264274597168,2.8968312937060716,10.135861958635816,0.0,0,two_ankles,accepted,2.9681520462036133,10.13264274597168,0.04325060172138091
942,31.4,detected,1,29,0.6045093536376953,ankle_midpoint,1032.736083984375,606.8680419921875,0.9629212617874146,0.9864546060562134,4.219890594482422,3.1671857833862305,4.175886616056356,3.074458080505323,0.0,0,two_ankles,accepted,4.219890594482422,3.1671857833862305,0.05106472735513363
942,31.4,detected,3,1,0.9110604524612427,ankle_midpoint,896.6674194335938,831.4288330078125,0.993749737739563,0.9944682121276855,3.0295679569244385,10.190218925476074,2.9565627921543367,10.160322593713932,0.0,0,two_ankles,accepted,3.0295679569244385,10.190218925476074,0.08418390900873297
943,31.433333333333334,detected,1,29,0.6050294637680054,ankle_midpoint,1032.7283935546875,606.87548828125,0.9627338647842407,0.9864435195922852,4.219806671142578,3.167515516281128,4.195650640845157,3.116333926604436,0.0,0,two_ankles,accepted,4.219806671142578,3.167515516281128,0.00034024536579943244
943,31.433333333333334,detected,3,1,0.9110456705093384,ankle_midpoint,896.614501953125,831.3138427734375,0.9937313199043274,0.9944479465484619,3.0292253494262695,10.187689781188965,2.9892609429267067,10.172637828077697,0.0,0,two_ankles,accepted,3.0292253494262695,10.187689781188965,0.002552244252186607
944,31.466666666666665,detected,1,29,0.7257996201515198,ankle_midpoint,1033.5701904296875,611.07861328125,0.9735638499259949,0.9922037124633789,4.218559741973877,3.3513097763061523,4.205959736353082,3.2220730589702082,0.0,0,two_ankles,accepted,4.218559741973877,3.3513097763061523,0.18379848979384472
944,31.466666666666665,detected,3,1,0.9189033508300781,ankle_midpoint,907.9464111328125,836.6647338867188,0.9900323152542114,0.991642951965332,3.1006436347961426,10.303556442260742,3.039383154267953,10.231551204460068,0.0,0,two_ankles,accepted,3.1006436347961426,10.303556442260742,0.13610898072168032
945,31.5,detected,1,29,0.749346137046814,ankle_midpoint,1034.301513671875,611.005615234375,0.9756021499633789,0.9933887720108032,4.225188255310059,3.3480031490325928,4.214612569883721,3.2787415994982814,0.0,0,two_ankles,accepted,4.225188255310059,3.3480031490325928,0.007407494378950676
945,31.5,detected,3,1,0.9154835939407349,ankle_midpoint,905.9287109375,838.19921875,0.9888039231300354,0.9903894066810608,3.0879952907562256,10.337104797363281,3.0612586156876755,10.279050321266514,0.0,0,two_ankles,accepted,3.0879952907562256,10.337104797363281,0.03585348988645544
946,31.533333333333335,detected,1,29,0.7404962778091431,ankle_midpoint,1034.7193603515625,608.7662963867188,0.9564370512962341,0.9908892512321472,4.233582973480225,3.250246286392212,4.223149251502148,3.2659187086005503,0.0,0,two_ankles,accepted,4.233582973480225,3.250246286392212,0.09811664225016471
946,31.533333333333335,detected,3,1,0.9122741222381592,ankle_midpoint,903.0997314453125,836.4432983398438,0.9862188696861267,0.9860934019088745,3.070262908935547,10.29930591583252,3.0653105476492177,10.288165338821216,0.0,0,two_ankles,accepted,3.070262908935547,10.29930591583252,0.041751560569766685
947,31.566666666666666,detected,1,29,0.8568915724754333,ankle_midpoint,1035.84912109375,607.2034912109375,0.9418152570724487,0.9847540855407715,4.246958255767822,3.1813876628875732,4.2338633034217015,3.227879738029711,0.0,0,two_ankles,accepted,4.246958255767822,3.1813876628875732,0.0701456214401619
947,31.566666666666666,detected,3,1,0.91895991563797,ankle_midpoint,893.6452026367188,834.38818359375,0.9918518662452698,0.9934155941009521,3.0107905864715576,10.255571365356445,3.0407765651192706,10.27349805076207,0.0,0,two_ankles,accepted,3.0107905864715576,10.255571365356445,0.07382186698130172
948,31.6,detected,1,29,0.8558072447776794,ankle_midpoint,1035.848388671875,607.20068359375,0.9418978095054626,0.98480623960495,4.246957778930664,3.1812641620635986,4.239755817400734,3.2069027288449607,0.0,0,two_ankles,accepted,4.246957778930664,3.1812641620635986,0.00012350174450623318
948,31.6,detected,3,1,0.9191237688064575,ankle_midpoint,893.6384887695312,834.3759155273438,0.9918724894523621,0.9934484362602234,3.010747194290161,10.255303382873535,3.0272633482461715,10.26531045021223,0.0,0,two_ankles,accepted,3.010747194290161,10.255303382873535,0.00027147282102088526
949,31.633333333333333,detected,1,29,0.8424268960952759,ankle_midpoint,1034.969970703125,603.222900390625,0.981890082359314,0.9964278340339661,4.247620582580566,3.00490665435791,4.243294961731658,3.116004495325788,0.0,0,two_ankles,accepted,4.247620582580566,3.00490665435791,0.1763587532073197
949,31.633333333333333,detected,3,1,0.913824200630188,ankle_midpoint,889.6187744140625,835.43115234375,0.9890868663787842,0.9926441311836243,2.985619068145752,10.278831481933594,3.008523422200983,10.271394914486844,0.0,0,two_ankles,accepted,2.985619068145752,10.278831481933594,0.0344237442604559
950,31.666666666666668,detected,1,29,0.7470220327377319,ankle_midpoint,1040.2969970703125,601.7755126953125,0.9738760590553284,0.993536114692688,4.298739433288574,2.9390149116516113,4.268244973932271,3.036359182672409,0.0,0,two_ankles,accepted,4.298739433288574,2.9390149116516113,0.08339579518525304
950,31.666666666666668,detected,3,1,0.9135042428970337,ankle_midpoint,885.7465209960938,836.895263671875,0.9807960987091064,0.9857698678970337,2.961550712585449,10.311168670654297,2.9873857028739925,10.289293104762198,0.0,0,two_ankles,accepted,2.961550712585449,10.311168670654297,0.0403110346398542
951,31.7,detected,1,29,0.7466651797294617,ankle_midpoint,1041.26611328125,601.7119140625,0.9737353324890137,0.993565022945404,4.307615280151367,2.93597149848938,4.2859616117308645,2.9911847247900463,0.0,0,two_ankles,accepted,4.307615280151367,2.93597149848938,0.009383124277541857
951,31.7,detected,3,1,0.9136912226676941,ankle_midpoint,885.7586669921875,836.9124755859375,0.9807167649269104,0.9857017993927002,2.9616293907165527,10.311541557312012,2.9757953624031446,10.299304908409614,0.0,0,two_ankles,accepted,2.9616293907165527,10.311541557312012,0.0003810967171410547
952,31.733333333333334,detected,1,29,0.7625840306282043,ankle_midpoint,1032.373779296875,599.0536499023438,0.9836554527282715,0.9962890148162842,4.233153820037842,2.817568778991699,4.262198105469005,2.91305754918079,0.0,0,two_ankles,accepted,4.233153820037842,2.817568778991699,0.13987034362824946
952,31.733333333333334,detected,3,1,0.9221035838127136,ankle_midpoint,887.29345703125,843.62109375,0.9793058037757874,0.9878323078155518,2.9722375869750977,10.455915451049805,2.9741943634605237,10.3697796525977,0.0,0,two_ankles,accepted,2.9722375869750977,10.455915451049805,0.14476309965205686
953,31.766666666666666,detected,1,29,0.8331117630004883,ankle_midpoint,1021.366943359375,594.2581787109375,0.9900966882705688,0.9952961802482605,4.142949104309082,2.6000101566314697,4.20853605494704,2.772186222533596,0.0,0,two_ankles,accepted,4.142949104309082,2.6000101566314697,0.23551782289879317
953,31.766666666666666,detected,3,1,0.9208472371101379,ankle_midpoint,885.9590454101562,847.759521484375,0.9780233502388,0.9875515103340149,2.964597225189209,10.544008255004883,2.969875651238432,10.448182523680932,0.0,0,two_ankles,accepted,2.964597225189209,10.544008255004883,0.08842351065687845
954,31.8,detected,1,29,0.8331893086433411,ankle_midpoint,1021.3673095703125,594.2408447265625,0.990029513835907,0.9952751398086548,4.14298677444458,2.5992088317871094,4.179038878720934,2.6943463966976773,0.0,0,two_ankles,accepted,4.14298677444458,2.5992088317871094,0.0008022097888318136
954,31.8,detected,3,1,0.9208945631980896,ankle_midpoint,885.968505859375,847.7468872070312,0.9779759049415588,0.9875200986862183,2.964653730392456,10.543740272521973,2.9675257868577427,10.4911835106594,0.0,0,two_ankles,accepted,2.964653730392456,10.543740272521973,0.0002738748786228575
955,31.833333333333332,detected,1,29,0.8310487866401672,ankle_midpoint,1017.5498046875,592.16357421875,0.9880168437957764,0.9944952130317688,4.112122535705566,2.5035555362701416,4.148926524364018,2.6084905095052866,0.0,0,two_ankles,accepted,4.112122535705566,2.5035555362701416,0.10050947306694628
955,31.833333333333332,detected,3,1,0.9233362078666687,ankle_midpoint,883.0313720703125,852.254638671875,0.9807870388031006,0.9888474941253662,2.947308301925659,10.638814926147461,2.9584279186383053,10.557617647629028,0.0,0,two_ankles,accepted,2.947308301925659,10.638814926147461,0.09664395299605319
956,31.866666666666667,detected,1,29,0.8650351166725159,ankle_midpoint,1013.2969360351562,592.0831298828125,0.9931946992874146,0.9961391091346741,4.073263168334961,2.500636577606201,4.114878014150943,2.559956240150698,0.0,0,two_ankles,accepted,4.073263168334961,2.500636577606201,0.0389688433511372
956,31.866666666666667,detected,3,1,0.9177641272544861,ankle_midpoint,875.64013671875,853.35205078125,0.983331561088562,0.9931533336639404,2.9021618366241455,10.662556648254395,2.9331081817319333,10.604840197910445,0.0,0,two_ankles,accepted,2.9021618366241455,10.662556648254395,0.05100855514346233
957,31.9,detected,1,29,0.8877974152565002,ankle_midpoint,1014.8860473632812,594.0995483398438,0.9930189251899719,0.9954347014427185,4.0840349197387695,2.593932867050171,4.100998621665465,2.5752457222554614,0.0,0,two_ankles,accepted,4.0840349197387695,2.593932867050171,0.09391607025593879
957,31.9,detected,3,1,0.922554075717926,ankle_midpoint,874.161376953125,856.2425537109375,0.9912378191947937,0.9955768585205078,2.893796682357788,10.722734451293945,2.9154180070135682,10.657892611933022,0.0,0,two_ankles,accepted,2.893796682357788,10.722734451293945,0.06075642998536801
958,31.933333333333334,detected,1,29,0.8516800403594971,ankle_midpoint,1014.2635498046875,592.2218017578125,0.9892193675041199,0.9936084747314453,4.081869602203369,2.506908416748047,4.0923905629075215,2.544493934777125,0.0,0,two_ankles,accepted,4.081869602203369,2.506908416748047,0.0870513845404883
958,31.933333333333334,detected,3,1,0.9181567430496216,ankle_midpoint,877.482666015625,858.7172241210938,0.992723286151886,0.9965264201164246,2.91463303565979,10.773387908935547,2.9150647699043684,10.70986549558416,0.0,0,two_ankles,accepted,2.91463303565979,10.773387908935547,0.054771583781878824
959,31.966666666666665,detected,1,29,0.8551830053329468,ankle_midpoint,1014.1285400390625,591.939208984375,0.989646852016449,0.99383544921875,4.081162929534912,2.4937660694122314,4.087338127889848,2.5216663953629235,0.0,0,two_ankles,accepted,4.081162929534912,2.4937660694122314,0.013161332749974795
959,31.966666666666665,detected,3,1,0.9190326929092407,ankle_midpoint,877.4156494140625,858.63525390625,0.9924955368041992,0.9964635968208313,2.9142069816589355,10.771710395812988,2.9146787651939237,10.737695700687134,0.0,0,two_ankles,accepted,2.9142069816589355,10.771710395812988,0.001730772165248911
960,32.0,detected,1,29,0.8632541298866272,ankle_midpoint,1014.06884765625,594.9188842773438,0.9929177761077881,0.9960457682609558,4.075039386749268,2.6319234371185303,4.081803694376587,2.571282064152947,0.0,0,two_ankles,accepted,4.075039386749268,2.6319234371185303,0.13829300787740892
960,32.0,detected,3,1,0.9238976240158081,ankle_midpoint,892.1165771484375,867.2459716796875,0.9909895062446594,0.9946621060371399,3.0046780109405518,10.945221900939941,2.9551784257799065,10.831082490800899,0.0,0,two_ankles,accepted,3.0046780109405518,10.945221900939941,0.19568150027709758
961,32.03333333333333,detected,1,29,0.8084882497787476,ankle_midpoint,1012.685302734375,593.085693359375,0.9819477796554565,0.9882798194885254,4.065793991088867,2.5473849773406982,4.074599327897113,2.5605283750874355,0.0,0,two_ankles,accepted,4.065793991088867,2.5473849773406982,0.08504251009069214
961,32.03333333333333,detected,3,1,0.8839706182479858,ankle_midpoint,904.1339721679688,869.60986328125,0.9726243615150452,0.988899827003479,3.077155590057373,10.991323471069336,3.0100681497047663,10.903190931921696,0.0,0,two_ankles,accepted,3.077155590057373,10.991323471069336,0.08589734712452167
962,32.06666666666667,detected,1,29,0.8277696967124939,ankle_midpoint,1013.1822509765625,590.5445556640625,0.9929048418998718,0.9955217838287354,4.075089454650879,2.4287545680999756,4.074819884936308,2.5012301619430786,0.0,0,two_ankles,accepted,4.075089454650879,2.4287545680999756,0.1189940319488924
962,32.06666666666667,detected,3,1,0.9070044159889221,ankle_midpoint,911.578369140625,869.9228515625,0.9933566451072693,0.9963162541389465,3.121892213821411,10.996757507324219,3.0603889785572567,10.945295890852833,0.0,0,two_ankles,accepted,3.121892213821411,10.996757507324219,0.045065444143206644
963,32.1,detected,1,29,0.8258148431777954,ankle_midpoint,1013.182861328125,590.5494384765625,0.9929292798042297,0.9955021739006042,4.0750861167907715,2.428983211517334,4.074939689270817,2.4687190342514933,0.0,0,two_ankles,accepted,4.0750861167907715,2.428983211517334,0.00022866778000283183
963,32.1,detected,3,1,0.9067183136940002,ankle_midpoint,911.55859375,869.8934326171875,0.9934481978416443,0.9963721036911011,3.121774673461914,10.996171951293945,3.0880125412643524,10.968190118051336,0.0,0,two_ankles,accepted,3.121774673461914,10.996171951293945,0.0005972366371048308
964,32.13333333333333,detected,1,29,0.8424214720726013,ankle_midpoint,1010.037841796875,593.26318359375,0.9916465878486633,0.9943228960037231,4.041233062744141,2.556136131286621,4.059771707333812,2.508056727917301,0.0,0,two_ankles,accepted,4.041233062744141,2.556136131286621,0.13158227188393912
964,32.13333333333333,detected,3,1,0.8962475061416626,ankle_midpoint,941.0340576171875,872.4010620117188,0.985486626625061,0.9930446743965149,3.2982523441314697,11.042903900146484,3.1826204525545556,11.001811319994154,0.0,0,two_ankles,accepted,3.2982523441314697,11.042903900146484,0.18256024564101703
965,32.166666666666664,detected,1,29,0.8744676113128662,ankle_midpoint,1007.62744140625,592.7007446289062,0.9915385842323303,0.9944268465042114,4.020162105560303,2.530486583709717,4.041947386535734,2.518150163023888,0.0,0,two_ankles,accepted,4.020162105560303,2.530486583709717,0.03319464606744598
965,32.166666666666664,detected,3,1,0.9093874096870422,ankle_midpoint,952.326904296875,877.1920776367188,0.9717023372650146,0.9882944822311401,3.3642683029174805,11.13634204864502,3.264361985217872,11.062350147887045,0.0,0,two_ankles,accepted,3.3642683029174805,11.13634204864502,0.11440626909951472
966,32.2,detected,1,29,0.8680119514465332,ankle_midpoint,1005.2049560546875,589.427734375,0.9674010276794434,0.9762511849403381,4.003639221191406,2.3778631687164307,4.024708712130787,2.4550210155855323,0.0,0,two_ankles,accepted,4.003639221191406,2.3778631687164307,0.1535151865845225
966,32.2,detected,3,1,0.9156965017318726,ankle_midpoint,962.28369140625,884.2569580078125,0.9735653400421143,0.9874138832092285,3.4206745624542236,11.272871017456055,3.3347026449742305,11.1570845391931,0.0,0,two_ankles,accepted,3.4206745624542236,11.272871017456055,0.1477221223768838
967,32.233333333333334,detected,1,29,0.8648769855499268,ankle_midpoint,1005.1834716796875,589.3259887695312,0.9674870371818542,0.9763439893722534,4.0036187171936035,2.373077630996704,4.015218214409054,2.4181464925205596,0.0,0,two_ankles,accepted,4.0036187171936035,2.373077630996704,0.00478558164498858
967,32.233333333333334,detected,3,1,0.9157261252403259,ankle_midpoint,962.3193359375,884.2459716796875,0.9738238453865051,0.9875432252883911,3.420889377593994,11.27265453338623,3.3734866746531242,11.20909103658001,0.0,0,two_ankles,accepted,3.420889377593994,11.27265453338623,0.00030497687906180695
968,32.266666666666666,detected,1,29,0.8570310473442078,ankle_midpoint,996.0635986328125,587.7852783203125,0.9868682622909546,0.9904254078865051,3.9219706058502197,2.302119255065918,3.973256790557579,2.3659342356659714,0.0,0,two_ankles,accepted,3.9219706058502197,2.302119255065918,0.10817349583274254
968,32.266666666666666,detected,3,1,0.9163689613342285,ankle_midpoint,980.759765625,891.1263427734375,0.9910991787910461,0.9949835538864136,3.5261051654815674,11.402446746826172,3.442164995525924,11.296101106190783,0.0,0,two_ankles,accepted,3.5261051654815674,11.402446746826172,0.16708195800397513
969,32.3,detected,1,29,0.8565797805786133,ankle_midpoint,991.96240234375,587.48828125,0.9874414205551147,0.9899994730949402,3.8844947814941406,2.288855791091919,3.933313886479032,2.331248935607648,0.0,0,two_ankles,accepted,3.8844947814941406,2.288855791091919,0.039753702818193695
969,32.3,detected,3,1,0.9124926328659058,ankle_midpoint,994.310791015625,894.0662841796875,0.9905875325202942,0.9950729012489319,3.6036336421966553,11.456646919250488,3.514825886527753,11.36834672206765,0.0,0,two_ankles,accepted,3.6036336421966553,11.456646919250488,0.09459557808157606
970,32.333333333333336,detected,1,29,0.8569692373275757,ankle_midpoint,991.949462890625,587.4301147460938,0.9874733686447144,0.9900311231613159,3.8844637870788574,2.286100387573242,3.9113313417489537,2.3109320889921654,0.0,0,two_ankles,accepted,3.8844637870788574,2.286100387573242,0.0027555778349585783
970,32.333333333333336,detected,3,1,0.9124552607536316,ankle_midpoint,994.3079223632812,894.0477294921875,0.9905681014060974,0.9950590133666992,3.603628396987915,11.456296920776367,3.554787016234826,11.407924311486575,0.0,0,two_ankles,accepted,3.603628396987915,11.456296920776367,0.0003500377752497901
971,32.36666666666667,detected,1,29,0.8701024651527405,ankle_midpoint,983.70556640625,585.9491577148438,0.9920822381973267,0.9936324954032898,3.8102214336395264,2.2173092365264893,3.8658318830997116,2.268801805382611,0.0,0,two_ankles,accepted,3.8102214336395264,2.2173092365264893,0.10121338600475595
971,32.36666666666667,detected,3,1,0.9166383743286133,ankle_midpoint,1021.3572998046875,902.892822265625,0.9869982004165649,0.9941987991333008,3.754392147064209,11.61854362487793,3.644609325108049,11.502703002512686,0.0,0,two_ankles,accepted,3.754392147064209,11.61854362487793,0.221480701933345
972,32.4,detected,1,29,0.8889607787132263,ankle_midpoint,979.262451171875,584.421142578125,0.9868416786193848,0.9896562099456787,3.7709922790527344,2.1451172828674316,3.823154061278572,2.2131437702507806,0.0,0,two_ankles,accepted,3.7709922790527344,2.1451172828674316,0.08216206389025257
972,32.4,detected,3,1,0.9328851699829102,ankle_midpoint,1032.101318359375,907.1302490234375,0.9863858222961426,0.9914988875389099,3.812777519226074,11.695303916931152,3.7202850124611606,11.589373414000995,0.0,0,two_ankles,accepted,3.812777519226074,11.695303916931152,0.09644166173690469
973,32.43333333333333,detected,1,29,0.863568902015686,ankle_midpoint,972.73681640625,581.9044799804688,0.9916194677352905,0.9932314157485962,3.7132883071899414,2.0251338481903076,3.7737144719386886,2.1285393053235677,0.0,0,two_ankles,accepted,3.7132883071899414,2.0251338481903076,0.1331381724587719
973,32.43333333333333,detected,3,1,0.919226884841919,ankle_midpoint,1046.71337890625,918.1815795898438,0.9865706562995911,0.9905713796615601,3.8862712383270264,11.893309593200684,3.7949788141008005,11.726144694640855,0.0,0,two_ankles,accepted,3.8862712383270264,11.893309593200684,0.21120505340129547
974,32.46666666666667,detected,1,29,0.8630279302597046,ankle_midpoint,972.9746704101562,581.68701171875,0.9936863780021667,0.9949530363082886,3.7157766819000244,2.0145509243011475,3.74764246642129,2.0772445338634786,0.0,0,two_ankles,accepted,3.7157766819000244,2.0145509243011475,0.010871535620211958
974,32.46666666666667,detected,3,1,0.9192890524864197,ankle_midpoint,1046.763671875,918.124267578125,0.9868061542510986,0.9907304644584656,3.886610269546509,11.892282485961914,3.8362129690513695,11.800906700735332,0.0,0,two_ankles,accepted,3.886610269546509,11.892282485961914,0.001081615203164466
975,32.5,detected,1,29,0.8633350729942322,ankle_midpoint,972.73486328125,581.902587890625,0.9916436076164246,0.9932558536529541,3.7132723331451416,2.025042772293091,3.732175906447024,2.0537537411568043,0.0,0,two_ankles,accepted,3.7132723331451416,2.025042772293091,0.010786595244660337
975,32.5,detected,3,1,0.919146716594696,ankle_midpoint,1046.744873046875,918.1846923828125,0.9866042733192444,0.9906010627746582,3.886446952819824,11.893362045288086,3.8588182617471745,11.842511605784072,0.0,0,two_ankles,accepted,3.886446952819824,11.893362045288086,0.0010918427963491977
976,32.53333333333333,detected,1,29,0.8660678267478943,ankle_midpoint,964.858642578125,581.462890625,0.9903649687767029,0.9917676448822021,3.640087127685547,2.0053110122680664,3.6907359560043593,2.0319545131568724,0.0,0,two_ankles,accepted,3.640087127685547,2.0053110122680664,0.0757985267129134
976,32.53333333333333,detected,3,1,0.9396644234657288,ankle_midpoint,1058.2303466796875,924.1697998046875,0.9738174676895142,0.9776766300201416,3.9455831050872803,11.998111724853516,3.897862441250222,11.912531659365323,0.0,0,two_ankles,accepted,3.9455831050872803,11.998111724853516,0.12028956677143678
977,32.56666666666667,detected,1,29,0.8555873036384583,ankle_midpoint,961.4622802734375,582.2825317382812,0.9893312454223633,0.9914212822914124,3.607475519180298,2.0456833839416504,3.653268759433532,2.0381325050100227,0.0,0,two_ankles,accepted,3.607475519180298,2.0456833839416504,0.05189841427105107
977,32.56666666666667,detected,3,1,0.9307323694229126,ankle_midpoint,1063.0531005859375,924.9977416992188,0.9730138182640076,0.9771336317062378,3.9718995094299316,12.012158393859863,3.931179121931091,11.957363689887867,0.0,0,two_ankles,accepted,3.9718995094299316,12.012158393859863,0.029830555604946542
978,32.6,detected,1,29,0.8815768361091614,ankle_midpoint,959.632080078125,581.1015014648438,0.9878273606300354,0.9913758635520935,3.5915234088897705,1.988818883895874,3.62548335168884,2.015941375508656,0.0,0,two_ankles,accepted,3.5915234088897705,1.988818883895874,0.059059640941824636
978,32.6,detected,3,1,0.9328159093856812,ankle_midpoint,1068.6561279296875,925.556640625,0.9896682500839233,0.9918138980865479,4.002839088439941,12.02138614654541,3.963426106860074,11.986173795383763,0.0,0,two_ankles,accepted,4.002839088439941,12.02138614654541,0.03228635886782922
979,32.63333333333333,detected,1,29,0.88095623254776,ankle_midpoint,959.6383666992188,581.0912475585938,0.9877882599830627,0.9913523197174072,3.591592311859131,1.9883196353912354,3.610232383765471,2.003511592455817,0.0,0,two_ankles,accepted,3.591592311859131,1.9883196353912354,0.0005039808414717999
979,32.63333333333333,detected,3,1,0.9327679872512817,ankle_midpoint,1068.62744140625,925.6220703125,0.9897009134292603,0.9918165802955627,4.002608299255371,12.02253532409668,3.981058093437958,12.002536483304578,0.0,0,two_ankles,accepted,4.002608299255371,12.02253532409668,0.0011721231556694313
980,32.666666666666664,detected,1,29,0.8722015619277954,ankle_midpoint,954.0140380859375,583.1434326171875,0.9912005066871643,0.993301510810852,3.537130832672119,2.0887246131896973,3.5773366857734628,2.041857451786063,0.0,0,two_ankles,accepted,3.537130832672119,2.0887246131896973,0.11422439442582719
980,32.666666666666664,detected,3,1,0.926633358001709,ankle_midpoint,1073.457275390625,925.1505126953125,0.9856703877449036,0.9901670217514038,4.030287742614746,12.013776779174805,4.003211435567513,12.00759461644618,0.0,0,two_ankles,accepted,4.030287742614746,12.013776779174805,0.029032114870145977
981,32.7,detected,1,29,0.8603070378303528,ankle_midpoint,948.9109497070312,583.175537109375,0.9922031164169312,0.9941660165786743,3.4895031452178955,2.091289758682251,3.5378115925234574,2.064101989889348,0.0,0,two_ankles,accepted,3.4895031452178955,2.091289758682251,0.04769671460001391
981,32.7,detected,3,1,0.9292909502983093,ankle_midpoint,1072.953857421875,921.2906494140625,0.976982593536377,0.9776955246925354,4.0316901206970215,11.945826530456543,4.016026843875792,11.979798977750844,0.0,0,two_ankles,accepted,4.0316901206970215,11.945826530456543,0.06796471853218605
982,32.733333333333334,detected,1,29,0.8354355096817017,ankle_midpoint,945.113525390625,585.158447265625,0.9751492142677307,0.9838835597038269,3.452686309814453,2.187209367752075,3.4995052153044055,2.1195003099275755,0.0,0,two_ankles,accepted,3.452686309814453,2.187209367752075,0.10274264340200749
982,32.733333333333334,detected,3,1,0.9279548525810242,ankle_midpoint,1072.421875,917.8346557617188,0.9784730672836304,0.9805172085762024,4.032495021820068,11.88447380065918,4.023437523950717,11.936902648059595,0.0,0,two_ankles,accepted,4.032495021820068,11.88447380065918,0.061358009415284576
983,32.766666666666666,detected,1,29,0.8355886340141296,ankle_midpoint,945.1083984375,585.2117919921875,0.9750136733055115,0.9837851524353027,3.452601194381714,2.189760446548462,3.4783984058891946,2.1511173714069747,0.0,0,two_ankles,accepted,3.452601194381714,2.189760446548462,0.0025524983177789367
983,32.766666666666666,detected,3,1,0.9280120134353638,ankle_midpoint,1072.400634765625,917.7996826171875,0.978434145450592,0.9804970026016235,4.032413482666016,11.883852005004883,4.027476705372601,11.913029858684975,0.0,0,two_ankles,accepted,4.032413482666016,11.883852005004883,0.000627119182728542
984,32.8,detected,1,29,0.7960010170936584,ankle_midpoint,944.4736328125,584.8178100585938,0.9614132046699524,0.981605589389801,3.4469757080078125,2.1710405349731445,3.464258191842573,2.160082795011751,0.0,0,two_ankles,accepted,3.4469757080078125,2.1710405349731445,0.01954689710237028
984,32.8,detected,3,1,0.9283758401870728,ankle_midpoint,1065.57421875,912.812255859375,0.9923182725906372,0.9876903295516968,3.998997926712036,11.795053482055664,4.014661254975347,11.859940489201787,0.0,0,two_ankles,accepted,3.998997926712036,11.795053482055664,0.0948776952590885
985,32.833333333333336,detected,1,29,0.8072243928909302,ankle_midpoint,947.009521484375,583.7230224609375,0.9717435240745544,0.9846818447113037,3.471362352371216,2.1180167198181152,3.4674550640804624,2.1411530611746152,0.0,0,two_ankles,accepted,3.471362352371216,2.1180167198181152,0.05836294540975314
985,32.833333333333336,detected,3,1,0.9223479628562927,ankle_midpoint,1060.595703125,911.9197998046875,0.987105131149292,0.9850000143051147,3.9715065956115723,11.779444694519043,3.995241658261649,11.823717381594552,0.0,0,two_ankles,accepted,3.9715065956115723,11.779444694519043,0.03161340750439139
986,32.86666666666667,detected,1,29,0.8067916631698608,ankle_midpoint,946.9834594726562,583.6990966796875,0.9718501567840576,0.9845959544181824,3.471137285232544,2.1168715953826904,3.4691120635988995,2.1302264015682493,0.0,0,two_ankles,accepted,3.471137285232544,2.1168715953826904,0.0011670326428669092
986,32.86666666666667,detected,3,1,0.9224238991737366,ankle_midpoint,1060.590087890625,911.9385375976562,0.987060546875,0.9850133061408997,3.9714550971984863,11.779784202575684,3.9845377057832256,11.803947451036063,0.0,0,two_ankles,accepted,3.9714550971984863,11.779784202575684,0.0003433916234771368
987,32.9,detected,1,29,0.7892813682556152,ankle_midpoint,947.13720703125,583.929931640625,0.9571384191513062,0.9729334712028503,3.472398519515991,2.127934217453003,3.4705909687615906,2.1291949187163883,0.0,0,two_ankles,accepted,3.472398519515991,2.127934217453003,0.0111342857421708
987,32.9,detected,3,1,0.9377260804176331,ankle_midpoint,1047.254150390625,912.900390625,0.9877392649650574,0.9734810590744019,3.894331216812134,11.798547744750977,3.9439447857462344,11.801517583207774,0.0,0,two_ankles,accepted,3.894331216812134,11.798547744750977,0.0793735689056024
988,32.93333333333333,detected,1,29,0.7918265461921692,ankle_midpoint,939.4720458984375,584.4573974609375,0.9763979911804199,0.9869909882545471,3.4006896018981934,2.1547698974609375,3.439135353673062,2.1407036591514355,0.0,0,two_ankles,accepted,3.4006896018981934,2.1547698974609375,0.07656580560148492
988,32.93333333333333,detected,3,1,0.928817629814148,ankle_midpoint,1041.0064697265625,916.231201171875,0.9872972965240479,0.9664196968078613,3.855654239654541,11.859060287475586,3.9042140400049723,11.82741180012829,0.0,0,two_ankles,accepted,3.855654239654541,11.859060287475586,0.07181696449340245
989,32.96666666666667,detected,1,29,0.8024967908859253,ankle_midpoint,933.042236328125,583.1497802734375,0.9782840013504028,0.9882115721702576,3.34150767326355,2.0932157039642334,3.3952028974887813,2.119334079317195,0.0,0,two_ankles,accepted,3.34150767326355,2.0932157039642334,0.08538980860703303
989,32.96666666666667,detected,3,1,0.9220863580703735,ankle_midpoint,1038.8870849609375,918.0025024414062,0.9815583825111389,0.9527630805969238,3.8420350551605225,11.890924453735352,3.8762334968249705,11.855992494251469,0.0,0,two_ankles,accepted,3.8420350551605225,11.890924453735352,0.03465266624247118
990,33.0,detected,1,29,0.8320789337158203,ankle_midpoint,917.3397216796875,583.31884765625,0.9859969019889832,0.9910684823989868,3.195021390914917,2.104489326477051,3.305121219530543,2.11265394053913,0.0,0,two_ankles,accepted,3.195021390914917,2.104489326477051,0.1469194523570139
990,33.0,detected,3,1,0.9220253825187683,ankle_midpoint,1033.1011962890625,922.297119140625,0.9889695644378662,0.9796862006187439,3.8055944442749023,11.96769905090332,3.84444592317744,11.906260444744802,0.0,0,two_ankles,accepted,3.8055944442749023,11.96769905090332,0.08498386253884352
991,33.03333333333333,detected,1,29,0.8323383331298828,ankle_midpoint,917.2947387695312,583.2314453125,0.9863801598548889,0.9912609457969666,3.194620132446289,2.1002907752990723,3.255395730342629,2.107090516181104,0.0,0,two_ankles,accepted,3.194620132446289,2.1002907752990723,0.004217681869552327
991,33.03333333333333,detected,3,1,0.9218519926071167,ankle_midpoint,1033.1591796875,922.207275390625,0.9887776970863342,0.9793714284896851,3.805997133255005,11.966106414794922,3.8271439677123444,11.933191131267357,0.0,0,two_ankles,accepted,3.805997133255005,11.966106414794922,0.0016427562778667268
992,33.06666666666667,detected,1,29,0.8536692261695862,ankle_midpoint,886.6878662109375,580.85498046875,0.9806517958641052,0.9863306283950806,2.9084324836730957,1.9914847612380981,3.20587944200461,2.1015363796826154,0.0,0,two_ankles,corrected_motion_outlier,3.1453595340359204,2.0947479906289073,0.3061733479683782
992,33.06666666666667,detected,3,1,0.9191195964813232,ankle_midpoint,1030.36865234375,921.0317993164062,0.9782447218894958,0.9573230147361755,3.7912075519561768,11.945613861083984,3.810972580622069,11.938781359684839,0.0,0,two_ankles,accepted,3.7912075519561768,11.945613861083984,0.025272049236069183
993,33.1,detected,1,29,0.8801317811012268,ankle_midpoint,869.1322021484375,585.8428955078125,0.9735293984413147,0.9714275598526001,2.7472915649414062,2.234940528869629,2.9995148973261685,2.1615682468167714,0.0,0,two_ankles,accepted,2.7472915649414062,2.234940528869629,0.2335772909780519
993,33.1,detected,3,1,0.9181268215179443,ankle_midpoint,1028.87353515625,918.8740844726562,0.9762839078903198,0.9391141533851624,3.7845115661621094,11.907477378845215,3.7990651241150877,11.924694568307007,0.0,0,two_ankles,accepted,3.7845115661621094,11.907477378845215,0.038719859288255894
994,33.13333333333333,detected,1,29,0.8804258108139038,ankle_midpoint,869.17529296875,585.8719482421875,0.9733858108520508,0.9712048172950745,2.7477099895477295,2.236315965652466,2.886202688825871,2.1952047202928338,0.0,0,two_ankles,accepted,2.7477099895477295,2.236315965652466,0.0014376736398632065
994,33.13333333333333,detected,3,1,0.9182448983192444,ankle_midpoint,1028.88818359375,918.906005859375,0.9760966897010803,0.9388657808303833,3.7845685482025146,11.90804386138916,3.79254166495443,11.917201750193977,0.0,0,two_ankles,accepted,3.7845685482025146,11.90804386138916,0.0005693412206432107
995,33.166666666666664,detected,1,29,0.867348313331604,ankle_midpoint,854.6915283203125,588.4469604492188,0.9825752973556519,0.9840254187583923,2.615703582763672,2.361231565475464,2.7644780910978817,2.269916800625017,0.0,0,two_ankles,accepted,2.615703582763672,2.361231565475464,0.1817404702073192
995,33.166666666666664,detected,3,1,0.9337854385375977,ankle_midpoint,1026.316650390625,911.8117065429688,0.9890848994255066,0.9601916670799255,3.7757110595703125,11.781055450439453,3.7849678925315775,11.855935915304443,0.0,0,two_ankles,accepted,3.7757110595703125,11.781055450439453,0.12729694269856312
996,33.2,detected,1,29,0.8387808799743652,ankle_midpoint,835.9697265625,592.35888671875,0.9660214781761169,0.9634750485420227,2.4477005004882812,2.5480144023895264,2.6219281753235615,2.3950607214190462,0.0,0,two_ankles,accepted,2.4477005004882812,2.5480144023895264,0.25122273746557444
996,33.2,detected,3,1,0.9228454828262329,ankle_midpoint,1020.0484619140625,907.2017822265625,0.9914894104003906,0.9751567244529724,3.7434606552124023,11.697875022888184,3.766289635737949,11.784808513717127,0.0,0,two_ankles,accepted,3.7434606552124023,11.697875022888184,0.0892136318555674
997,33.233333333333334,detected,1,29,0.8165907263755798,ankle_midpoint,823.1197509765625,592.8768310546875,0.9750544428825378,0.9740317463874817,2.330749750137329,2.574552059173584,2.4908978839897573,2.4758318234085883,0.0,0,two_ankles,accepted,2.330749750137329,2.574552059173584,0.11992383097299374
997,33.233333333333334,detected,3,1,0.9118472337722778,ankle_midpoint,1003.92333984375,899.6177978515625,0.988744854927063,0.9819074273109436,3.6559293270111084,11.559654235839844,3.7166274968108706,11.68348908867235,0.0,0,two_ankles,accepted,3.6559293270111084,11.559654235839844,0.16360537701721525
998,33.266666666666666,detected,1,29,0.8142473101615906,ankle_midpoint,823.16357421875,592.9144897460938,0.9743048548698425,0.9730821847915649,2.331204414367676,2.576289415359497,2.4190358226598208,2.5210377397864976,0.0,0,two_ankles,accepted,2.331204414367676,2.576289415359497,0.0017958636025843398
998,33.266666666666666,detected,3,1,0.912016749382019,ankle_midpoint,1003.879638671875,899.7008056640625,0.9888134598731995,0.9821406006813049,3.6556196212768555,11.561203956604004,3.689173952820564,11.628460779241594,0.0,0,two_ankles,accepted,3.6556196212768555,11.561203956604004,0.0015803645429768047
999,33.3,detected,1,29,0.8158879280090332,ankle_midpoint,821.39501953125,595.6406860351562,0.9860978126525879,0.9853011965751648,2.318976879119873,2.702357769012451,2.374009298066844,2.602631752938177,0.0,0,two_ankles,accepted,2.318976879119873,2.702357769012451,0.12665994793541707
999,33.3,detected,3,1,0.9120429158210754,ankle_midpoint,1003.7578735351562,899.587158203125,0.9890435934066772,0.9824594259262085,3.6549909114837646,11.559101104736328,3.6737915842190043,11.597248925714226,0.0,0,two_ankles,accepted,3.6549909114837646,11.559101104736328,0.002194826184761751
1000,33.333333333333336,detected,1,29,0.8790257573127747,ankle_midpoint,811.1970825195312,594.936767578125,0.9737890958786011,0.9688566327095032,2.2250189781188965,2.671990156173706,2.306963654090268,2.633843034394165,0.0,0,two_ankles,accepted,2.2250189781188965,2.671990156173706,0.09874350140658994
1000,33.333333333333336,detected,3,1,0.9185834527015686,ankle_midpoint,993.0552978515625,893.8294067382812,0.995834469795227,0.9905434250831604,3.596451759338379,11.452311515808105,3.6389886630227233,11.532027091256472,0.0,0,two_ankles,accepted,3.596451759338379,11.452311515808105,0.12178197172553659
1001,33.36666666666667,detected,1,29,0.8474399447441101,ankle_midpoint,801.0242919921875,596.8543701171875,0.979923665523529,0.9766523838043213,2.1357433795928955,2.7618348598480225,2.2299145305664503,2.691439355848401,0.0,0,two_ankles,accepted,2.1357433795928955,2.7618348598480225,0.12665781961845637
1001,33.36666666666667,detected,3,1,0.9124426245689392,ankle_midpoint,980.9306640625,890.6878662109375,0.9867002964019775,0.9789958000183105,3.5273396968841553,11.394094467163086,3.5887466282603677,11.469957410414448,0.0,0,two_ankles,accepted,3.5273396968841553,11.394094467163086,0.09036427352451343
1002,33.4,detected,1,29,0.8589199185371399,ankle_midpoint,781.607421875,602.1550903320312,0.9640451669692993,0.9517609477043152,1.970536231994629,3.005180835723877,2.1131942962091306,2.832623021792365,0.0,0,two_ankles,accepted,1.970536231994629,3.005180835723877,0.29412695488942764
1002,33.4,detected,3,1,0.9141983389854431,ankle_midpoint,960.3206787109375,879.23388671875,0.9873283505439758,0.9867809414863586,3.4110682010650635,11.175483703613281,3.5087913360224814,11.337444242353923,0.0,0,two_ankles,accepted,3.4110682010650635,11.175483703613281,0.2476080101285855
1003,33.43333333333333,detected,1,29,0.8576158285140991,ankle_midpoint,781.6318359375,602.163330078125,0.9642825126647949,0.9519675970077515,1.9707728624343872,3.005544900894165,2.049104651010496,2.9104378673881754,0.0,0,two_ankles,accepted,1.9707728624343872,3.005544900894165,0.00043420895112503133
1003,33.43333333333333,detected,3,1,0.9140763878822327,ankle_midpoint,960.3020629882812,879.2553100585938,0.9873970150947571,0.9868804216384888,3.4109489917755127,11.175904273986816,3.4647622811113457,11.264751256588726,0.0,0,two_ankles,accepted,3.4109489917755127,11.175904273986816,0.00043713875807425593
1004,33.46666666666667,detected,1,29,0.7819499969482422,ankle_midpoint,774.4364624023438,604.333740234375,0.9633963704109192,0.9465999603271484,1.9108270406723022,3.1036548614501953,1.9868797263583087,2.9973855147160844,0.0,0,two_ankles,accepted,1.9108270406723022,3.1036548614501953,0.11497419670098798
1004,33.46666666666667,detected,3,1,0.9016904830932617,ankle_midpoint,949.1084594726562,873.7879638671875,0.9954267144203186,0.9956191182136536,3.346184253692627,11.069535255432129,3.4114021687729226,11.176904056068256,0.0,0,two_ankles,accepted,3.346184253692627,11.069535255432129,0.12453449083379368
1005,33.5,detected,1,29,0.8206138014793396,ankle_midpoint,768.628173828125,608.07275390625,0.9666924476623535,0.9628305435180664,1.867253303527832,3.269596576690674,1.9330478360845942,3.1198804926046497,0.0,0,two_ankles,accepted,1.867253303527832,3.269596576690674,0.17156725627487152
1005,33.5,detected,3,1,0.9153934717178345,ankle_midpoint,928.602294921875,861.1456298828125,0.9859726428985596,0.983020007610321,3.2257063388824463,10.817404747009277,3.327839045322208,11.015129366991715,0.0,0,two_ankles,accepted,3.2257063388824463,10.817404747009277,0.27943643505200744
1006,33.53333333333333,detected,1,29,0.8126866221427917,ankle_midpoint,765.975830078125,608.462158203125,0.9759379029273987,0.9726846218109131,1.8445582389831543,3.2871298789978027,1.8932275173889463,3.195142716481569,0.0,0,two_ankles,accepted,1.8445582389831543,3.2871298789978027,0.028678958218182546
1006,33.53333333333333,detected,3,1,0.911243736743927,ankle_midpoint,915.7666625976562,859.5775756835938,0.9907209873199463,0.9895970225334167,3.1478445529937744,10.786736488342285,3.246841523774413,10.912352571599474,0.0,0,two_ankles,accepted,3.1478445529937744,10.786736488342285,0.08368392791593213
1007,33.56666666666667,detected,1,29,0.8095266222953796,ankle_midpoint,762.416259765625,609.0424194335938,0.9806663393974304,0.9787049293518066,1.814286231994629,3.313136339187622,1.8577039389615035,3.2482398466992928,0.0,0,two_ankles,accepted,1.814286231994629,3.313136339187622,0.039909026281256074
1007,33.56666666666667,detected,3,1,0.9152919054031372,ankle_midpoint,901.260498046875,859.23681640625,0.9917001128196716,0.9883579611778259,3.0595333576202393,10.781378746032715,3.162552849005035,10.853414350094432,0.0,0,two_ankles,accepted,3.0595333576202393,10.781378746032715,0.0884735702396962
1008,33.6,detected,1,29,0.8104004859924316,ankle_midpoint,762.483642578125,609.0300903320312,0.9805412888526917,0.9785811305046082,1.8148555755615234,3.3125858306884766,1.8384221754315127,3.277195539494426,0.0,0,two_ankles,accepted,1.8148555755615234,3.3125858306884766,0.0007919669846626356
1008,33.6,detected,3,1,0.9155313372612,ankle_midpoint,901.2576904296875,859.0418701171875,0.9917158484458923,0.9884446859359741,3.059509515762329,10.777374267578125,3.1161833490458175,10.819196312962095,0.0,0,two_ankles,accepted,3.059509515762329,10.777374267578125,0.004004549428770092
1009,33.63333333333333,detected,1,29,0.8696940541267395,ankle_midpoint,757.720458984375,610.9532470703125,0.984732449054718,0.9820110201835632,1.7771952152252197,3.397080421447754,1.810870043338681,3.3311437363734235,0.0,0,two_ankles,accepted,1.7771952152252197,3.397080421447754,0.09250750568596039
1009,33.63333333333333,detected,3,1,0.9173381328582764,ankle_midpoint,889.9586181640625,867.4986572265625,0.9826425313949585,0.9719889760017395,2.9916985034942627,10.950546264648438,3.060165168547618,10.87830379122095,0.0,0,two_ankles,accepted,2.9916985034942627,10.950546264648438,0.18597546600059958
1010,33.666666666666664,detected,1,29,0.869288444519043,ankle_midpoint,757.6676025390625,610.969970703125,0.9847933650016785,0.982086181640625,1.7767677307128906,3.3978147506713867,1.7955240026570756,3.361145692807507,0.0,0,two_ankles,accepted,1.7767677307128906,3.3978147506713867,0.0008496954848429047
1010,33.666666666666664,detected,3,1,0.9173890352249146,ankle_midpoint,890.0020751953125,867.371826171875,0.9827336072921753,0.9721935391426086,2.991945505142212,10.947990417480469,3.0294663200151852,10.909662773037734,0.0,0,two_ankles,accepted,2.991945505142212,10.947990417480469,0.002567754770242577
1011,33.7,detected,1,29,0.8806208968162537,ankle_midpoint,755.6226196289062,608.853759765625,0.9767554402351379,0.9738715291023254,1.753530502319336,3.3061699867248535,1.7766269275050928,3.336406625070313,0.0,0,two_ankles,accepted,1.753530502319336,3.3061699867248535,0.09454486523460709
1011,33.7,detected,3,1,0.9278196096420288,ankle_midpoint,886.8767700195312,868.0247802734375,0.9852486252784729,0.98340904712677,2.9731996059417725,10.961463928222656,3.0041462986821497,10.932973292870951,0.0,0,two_ankles,accepted,2.9731996059417725,10.961463928222656,0.02308558486486488
1012,33.733333333333334,detected,1,29,0.8810291290283203,ankle_midpoint,755.578369140625,608.8369140625,0.9767299294471741,0.973844051361084,1.7530964612960815,3.3054428100585938,1.7660382177110376,3.3224729083150395,0.0,0,two_ankles,accepted,1.7530964612960815,3.3054428100585938,0.0008468633383376497
1012,33.733333333333334,detected,3,1,0.9277202486991882,ankle_midpoint,886.938720703125,868.3062744140625,0.9851158261299133,0.9832571148872375,2.9736123085021973,10.967108726501465,2.990406003101171,10.948334238004684,0.0,0,two_ankles,accepted,2.9736123085021973,10.967108726501465,0.005659864928761255
1013,33.766666666666666,detected,1,29,0.8660401701927185,ankle_midpoint,760.19970703125,605.2477416992188,0.9527197480201721,0.9552393555641174,1.7855658531188965,3.146843671798706,1.7748256536445743,3.24343975188269,0.0,0,two_ankles,accepted,1.7855658531188965,3.146843671798706,0.16188869034655404
1013,33.766666666666666,detected,3,1,0.9034355878829956,ankle_midpoint,882.9578857421875,872.0118408203125,0.966284990310669,0.9672728776931763,2.9502739906311035,11.041584968566895,2.972346597489641,10.99029706675768,0.0,0,two_ankles,accepted,2.9502739906311035,11.041584968566895,0.07804734276860867
1014,33.8,detected,1,29,0.8947975635528564,ankle_midpoint,759.505859375,604.4373779296875,0.9509680271148682,0.9535422921180725,1.7774066925048828,3.1110711097717285,1.7759871211317133,3.1838738629327574,0.0,0,two_ankles,accepted,1.7774066925048828,3.1110711097717285,0.03669125367031259
1014,33.8,detected,3,1,0.9082034826278687,ankle_midpoint,880.245849609375,870.3965454101562,0.9842535257339478,0.9851705431938171,2.9337158203125,11.009697914123535,2.954962747759928,10.999027448072315,0.0,0,two_ankles,accepted,2.9337158203125,11.009697914123535,0.035929893478462295
1015,33.833333333333336,detected,1,29,0.8830462098121643,ankle_midpoint,757.5711059570312,603.8707275390625,0.9518827795982361,0.9614400863647461,1.7586987018585205,3.0862669944763184,1.7682073324587766,3.13995077212736,0.0,0,two_ankles,accepted,1.7586987018585205,3.0862669944763184,0.031068199973805683
1015,33.833333333333336,detected,3,1,0.907582700252533,ankle_midpoint,876.3326416015625,865.8025512695312,0.9828214645385742,0.9842410683631897,2.909207582473755,10.917882919311523,2.93437292338115,10.96251241012996,0.0,0,two_ankles,accepted,2.909207582473755,10.917882919311523,0.09502971637488053
1016,33.86666666666667,detected,1,29,0.8827667236328125,ankle_midpoint,757.5939331054688,603.8470458984375,0.9517267346382141,0.9609662890434265,1.7588450908660889,3.085209608078003,1.7639943237420672,3.11531724830515,0.0,0,two_ankles,accepted,1.7588450908660889,3.085209608078003,0.001067471656241666
1016,33.86666666666667,detected,3,1,0.9078084826469421,ankle_midpoint,876.367431640625,865.8719482421875,0.9830102920532227,0.9844731688499451,2.909432888031006,10.919280052185059,2.9231499074735856,10.943057849054755,0.0,0,two_ankles,accepted,2.909432888031006,10.919280052185059,0.0014151829777243564
1017,33.9,detected,1,29,0.8811702132225037,ankle_midpoint,759.0359497070312,604.1585693359375,0.9623124003410339,0.9654602408409119,1.7725235223770142,3.0987823009490967,1.7678324631277933,3.107876521994926,0.0,0,two_ankles,accepted,1.7725235223770142,3.0987823009490967,0.0192695999017134
1017,33.9,detected,3,1,0.91072016954422,ankle_midpoint,865.9794311523438,844.907958984375,0.996915340423584,0.9971209168434143,2.8402676582336426,10.485823631286621,2.9107876522883642,10.92531906715281,0.0,0,two_ankles,corrected_motion_outlier,2.8956782292842043,10.903638333717097,0.43893997064633505
1018,33.93333333333333,detected,1,29,0.8516549468040466,ankle_midpoint,760.8382568359375,605.9737548828125,0.985964298248291,0.9895123839378357,1.7930060625076294,3.1787989139556885,1.7791605828487196,3.1397915983772693,0.0,0,two_ankles,accepted,1.7930060625076294,3.1787989139556885,0.08259656655847711
1018,33.93333333333333,detected,3,1,0.9026657342910767,ankle_midpoint,861.4768676757812,838.0147705078125,0.998150646686554,0.996822714805603,2.8099093437194824,10.338302612304688,2.8653924134323674,10.661161662471155,0.0,0,two_ankles,accepted,2.8099093437194824,10.338302612304688,0.29472008818634926
1019,33.96666666666667,detected,1,29,0.8119516372680664,ankle_midpoint,764.254638671875,605.0196533203125,0.9840203523635864,0.9890871047973633,1.8212740421295166,3.1359853744506836,1.7981116395250782,3.138078797610306,0.0,0,two_ankles,accepted,1.8212740421295166,3.1359853744506836,0.05130377994699849
1019,33.96666666666667,detected,3,1,0.902962863445282,ankle_midpoint,858.165771484375,833.8768310546875,0.9974256157875061,0.9952191710472107,2.787599563598633,10.248552322387695,2.8303856310071867,10.475487459433598,0.0,0,two_ankles,accepted,2.787599563598633,10.248552322387695,0.09248157021387994
1020,34.0,detected,1,29,0.8112581372261047,ankle_midpoint,764.2183837890625,605.0152587890625,0.9840042591094971,0.9890626072883606,1.8209396600723267,3.1357975006103516,1.8083842487713402,3.1370522139603265,0.0,0,two_ankles,accepted,1.8209396600723267,3.1357975006103516,0.0003835465291873762
1020,34.0,detected,3,1,0.9030500650405884,ankle_midpoint,858.171142578125,833.8748779296875,0.9974015951156616,0.9952170848846436,2.787632465362549,10.24850845336914,2.8111467064671,10.373346906704594,0.0,0,two_ankles,accepted,2.787632465362549,10.24850845336914,5.4836273193359375e-05
1021,34.03333333333333,detected,1,29,0.8661397695541382,ankle_midpoint,772.8702392578125,607.4824829101562,0.9319202899932861,0.9399765133857727,1.9036900997161865,3.242929220199585,1.8512718816965212,3.184696866767993,0.0,0,two_ankles,accepted,1.9036900997161865,3.242929220199585,0.13536927496074666
1021,34.03333333333333,detected,3,1,0.9117187857627869,ankle_midpoint,848.315673828125,822.0684814453125,0.997708797454834,0.9928655624389648,2.7200353145599365,9.987103462219238,2.7701465801088765,10.199537356686186,0.0,0,two_ankles,accepted,2.7200353145599365,9.987103462219238,0.2700036003365726
1022,34.06666666666667,detected,1,29,0.8657417297363281,ankle_midpoint,772.881103515625,607.490966796875,0.9316264986991882,0.9398669600486755,1.9038052558898926,3.2432994842529297,1.8749119000835384,3.2110680446362148,0.0,0,two_ankles,accepted,1.9038052558898926,3.2432994842529297,0.0003877581895226528
1022,34.06666666666667,detected,3,1,0.9116398096084595,ankle_midpoint,848.30517578125,822.034912109375,0.9977222084999084,0.992878258228302,2.719951868057251,9.986346244812012,2.7475589596856453,10.103601356342809,0.0,0,two_ankles,accepted,2.719951868057251,9.986346244812012,0.0007618014968594947
1023,34.1,detected,1,29,0.8458461165428162,ankle_midpoint,778.4480590820312,609.43798828125,0.9472817182540894,0.957136869430542,1.9573997259140015,3.3273956775665283,1.9120314217072467,3.263415479454856,0.0,0,two_ankles,accepted,1.9573997259140015,3.3273956775665283,0.09972229914619526
1023,34.1,detected,3,1,0.9148356914520264,ankle_midpoint,840.677734375,806.5628662109375,0.9981599450111389,0.9920459985733032,2.662588119506836,9.630537033081055,2.7251223699640166,10.011087315210377,0.0,0,two_ankles,corrected_motion_outlier,2.697699871415358,9.898014598270738,0.36040365536487035
1024,34.13333333333333,detected,1,29,0.8446786999702454,ankle_midpoint,780.7357177734375,609.9334106445312,0.9740438461303711,0.9774936437606812,1.9786961078643799,3.348536729812622,1.9420305304779566,3.301720042115851,0.0,0,two_ankles,accepted,1.9786961078643799,3.348536729812622,0.030007998504539907
1024,34.13333333333333,detected,3,1,0.905808687210083,ankle_midpoint,830.76416015625,797.3121337890625,0.9968562126159668,0.9897574186325073,2.591797113418579,9.411308288574219,2.66512600451857,9.741186753224106,0.0,0,two_ankles,accepted,2.591797113418579,9.411308288574219,0.2945726957181521
1025,34.166666666666664,detected,1,29,0.8431955575942993,ankle_midpoint,780.6796875,610.0235595703125,0.97381591796875,0.9774426221847534,1.9783823490142822,3.3524675369262695,1.958388848819303,3.3245564147805395,0.0,0,two_ankles,accepted,1.9783823490142822,3.3524675369262695,0.003943309419854862
1025,34.166666666666664,detected,3,1,0.9058032631874084,ankle_midpoint,830.76904296875,797.3260498046875,0.9968668818473816,0.9897500872612,2.591838836669922,9.411643981933594,2.6321467789866784,9.592892506143375,0.0,0,two_ankles,accepted,2.591838836669922,9.411643981933594,0.00033827630900062325
1026,34.2,detected,1,29,0.8446063995361328,ankle_midpoint,789.697265625,602.5792236328125,0.9863808751106262,0.9876490235328674,2.0440847873687744,3.022616386413574,1.9759267973523822,3.348440755466304,0.0,0,two_ankles,corrected_motion_outlier,1.9973620677817006,3.3776327274155706,0.33633107483590424
1026,34.2,detected,3,1,0.8968508839607239,ankle_midpoint,832.8536987304688,793.4442138671875,0.9982448816299438,0.9914319515228271,2.603041887283325,9.31721305847168,2.6190495777201694,9.468836754691113,0.0,0,two_ankles,accepted,2.603041887283325,9.31721305847168,0.0950931524817447
1027,34.233333333333334,detected,1,29,0.8611487150192261,ankle_midpoint,792.3582763671875,600.9594116210938,0.994271993637085,0.9954007267951965,2.0649197101593018,2.9494986534118652,2.0159736081154964,3.1689168095418063,0.0,0,two_ankles,accepted,2.0649197101593018,2.9494986534118652,0.20607804101528446
1027,34.233333333333334,detected,3,1,0.9106731414794922,ankle_midpoint,820.90966796875,783.0762329101562,0.9964190721511841,0.9789817929267883,2.5156683921813965,9.06225299835205,2.572528044227722,9.285874064338536,0.0,0,two_ankles,accepted,2.5156683921813965,9.06225299835205,0.26951578785394287
1028,34.266666666666666,detected,1,29,0.8574812412261963,ankle_midpoint,790.9993286132812,602.0435180664062,0.9903531670570374,0.9908066391944885,2.0547561645507812,2.998403549194336,2.033425758511375,3.0921858423854447,0.0,0,two_ankles,accepted,2.0547561645507812,2.998403549194336,0.049949839747798964
1028,34.266666666666666,detected,3,1,0.8891992568969727,ankle_midpoint,810.8582763671875,780.2245483398438,0.9918954968452454,0.9661644697189331,2.4454665184020996,8.99170970916748,2.5153503576061924,9.153500104511561,0.0,0,two_ankles,accepted,2.4454665184020996,8.99170970916748,0.09952215196177304
1029,34.3,detected,1,29,0.8689348101615906,ankle_midpoint,793.2566528320312,602.4549560546875,0.9932275414466858,0.9948227405548096,2.075826644897461,3.0163865089416504,2.0525061573851135,3.0580761423357377,0.0,0,two_ankles,accepted,2.075826644897461,3.0163865089416504,0.02770111880977638
1029,34.3,detected,3,1,0.8864648342132568,ankle_midpoint,803.9663696289062,786.3079833984375,0.9808678030967712,0.9520689249038696,2.4046788215637207,9.145150184631348,2.46554816638708,9.149742640565465,0.0,0,two_ankles,accepted,2.4046788215637207,9.145150184631348,0.15876906412761
1030,34.333333333333336,detected,1,29,0.8701300621032715,ankle_midpoint,793.270263671875,602.4651489257812,0.9932664632797241,0.9948346614837646,2.075968027114868,3.0168397426605225,2.0630639987635035,3.0395197624818913,0.0,0,two_ankles,accepted,2.075968027114868,3.0168397426605225,0.0004747733515284858
1030,34.333333333333336,detected,3,1,0.8863734006881714,ankle_midpoint,803.95654296875,786.3138427734375,0.9807658195495605,0.9519476890563965,2.404618501663208,9.145297050476074,2.4381298172613377,9.147742125025239,0.0,0,two_ankles,accepted,2.404618501663208,9.145297050476074,0.00015877048448974457
1031,34.36666666666667,detected,1,29,0.8752979636192322,ankle_midpoint,793.4326782226562,601.8659057617188,0.9837806224822998,0.9871245622634888,2.0763041973114014,2.9899849891662598,2.0690220881100574,3.017229114489857,0.0,0,two_ankles,accepted,2.0763041973114014,2.9899849891662598,0.02685685751607309
1031,34.36666666666667,detected,3,1,0.893024742603302,ankle_midpoint,786.5999145507812,777.47314453125,0.9746491312980652,0.9461929798126221,2.2784316539764404,8.925008773803711,2.3662656437831338,9.047512116975552,0.0,0,two_ankles,accepted,2.2784316539764404,8.925008773803711,0.2538701348493027
1032,34.4,detected,1,29,0.8624919652938843,ankle_midpoint,793.87744140625,602.085205078125,0.9869220852851868,0.9909098744392395,2.080714702606201,2.9997241497039795,2.0742837646333223,3.0093518803362125,0.0,0,two_ankles,accepted,2.080714702606201,2.9997241497039795,0.01069129575565723
1032,34.4,detected,3,1,0.9083871245384216,ankle_midpoint,759.3865966796875,766.475830078125,0.972253143787384,0.9449625015258789,2.0783143043518066,8.644021034240723,2.298044036214444,8.952488151655615,0.0,0,two_ankles,corrected_motion_outlier,2.2146620714082674,8.836347749597913,0.34496530753904175
1033,34.43333333333333,detected,1,29,0.8623766899108887,ankle_midpoint,793.8609619140625,602.097412109375,0.9869547486305237,0.9909331798553467,2.0805892944335938,3.0002737045288086,2.0771212530434444,3.005266701222881,0.0,0,two_ankles,accepted,2.0805892944335938,3.0002737045288086,0.0005636822821853437
1033,34.43333333333333,detected,3,1,0.9080859422683716,ankle_midpoint,759.3662109375,766.5252685546875,0.9721571803092957,0.9445798993110657,2.078244924545288,8.645322799682617,2.199134435963324,8.814263743267766,0.0,0,two_ankles,accepted,2.078244924545288,8.645322799682617,0.17197308710987783
1034,34.46666666666667,detected,1,29,0.8568916916847229,ankle_midpoint,793.7845458984375,601.0348510742188,0.9860019683837891,0.9905182719230652,2.0779125690460205,2.9526188373565674,2.0774773452446036,2.9815751624830398,0.0,0,two_ankles,accepted,2.0779125690460205,2.9526188373565674,0.04772998244295122
1034,34.46666666666667,detected,3,1,0.8822407722473145,ankle_midpoint,748.8408203125,760.4055786132812,0.9712550044059753,0.9178505539894104,1.9962561130523682,8.484539985656738,2.1078391906533938,8.665888052342805,0.0,0,two_ankles,accepted,1.9962561130523682,8.484539985656738,0.18048068732166864
1035,34.5,detected,1,29,0.8559504747390747,ankle_midpoint,797.6761474609375,597.500732421875,0.9878578186035156,0.9934839606285095,2.106529712677002,2.7919564247131348,2.090550910589183,2.896246730486583,0.0,0,two_ankles,accepted,2.106529712677002,2.7919564247131348,0.16319115094270534
1035,34.5,detected,3,1,0.8822129964828491,ankle_midpoint,729.9048461914062,760.7428588867188,0.9486833214759827,0.8887044191360474,1.865280032157898,8.496089935302734,1.998687569330421,8.589478899674774,0.0,0,two_ankles,accepted,1.865280032157898,8.496089935302734,0.13148435307404396
1036,34.53333333333333,detected,1,29,0.8600296378135681,ankle_midpoint,800.2769775390625,596.172607421875,0.9879476428031921,0.9927863478660583,2.127732276916504,2.7308080196380615,2.1072825254364775,2.8217993106047485,0.0,0,two_ankles,accepted,2.127732276916504,2.7308080196380615,0.06471998279940633
1036,34.53333333333333,detected,3,1,0.8914872407913208,ankle_midpoint,718.571533203125,759.5029296875,0.9888439178466797,0.971946656703949,1.784264326095581,8.46444320678711,1.9021971098747432,8.533212837875325,0.0,0,two_ankles,accepted,1.784264326095581,8.46444320678711,0.08697735368771231
1037,34.56666666666667,detected,1,29,0.844261884689331,ankle_midpoint,804.5531005859375,593.4554443359375,0.9743973016738892,0.9838264584541321,2.161893367767334,2.6049516201019287,2.131857404485363,2.72421784987848,0.0,0,two_ankles,accepted,2.161893367767334,2.6049516201019287,0.1304101738067907
1037,34.56666666666667,detected,3,1,0.8823824524879456,ankle_midpoint,714.5735473632812,761.779541015625,0.9914926886558533,0.9609906077384949,1.760788917541504,8.525781631469727,1.8385634233247856,8.529868794992806,0.0,0,two_ankles,accepted,1.760788917541504,8.525781631469727,0.06567721940921327
1038,34.6,detected,1,29,0.8469696044921875,ankle_midpoint,807.2252197265625,593.7623291015625,0.98800128698349,0.9925096035003662,2.1868338584899902,2.618619203567505,2.1565968087874454,2.6766984590385414,0.0,0,two_ankles,accepted,2.1868338584899902,2.618619203567505,0.028439952800161143
1038,34.6,detected,3,1,0.8735435605049133,ankle_midpoint,711.9439086914062,764.6437377929688,0.9746238589286804,0.9599338173866272,1.7480453252792358,8.602065086364746,1.7978302792042884,8.56235712611018,0.0,0,two_ankles,accepted,1.7480453252792358,8.602065086364746,0.07734057560212115
1039,34.63333333333333,detected,1,29,0.8509635329246521,ankle_midpoint,810.5119018554688,594.7225341796875,0.9817637801170349,0.9850517511367798,2.2184247970581055,2.662264347076416,2.1844194035092426,2.670203108655585,0.0,0,two_ankles,accepted,2.2184247970581055,2.662264347076416,0.05387843679551104
1039,34.63333333333333,detected,3,1,0.8925219178199768,ankle_midpoint,707.0640869140625,756.7944946289062,0.9529155492782593,0.8861259818077087,1.6988178491592407,8.393139839172363,1.7532746856840171,8.486209346988163,0.0,0,two_ankles,accepted,1.6988178491592407,8.393139839172363,0.21464646123228528
1040,34.666666666666664,detected,1,29,0.8511088490486145,ankle_midpoint,810.503662109375,594.7260131835938,0.9816374182701111,0.9849196672439575,2.218355178833008,2.662426233291626,2.199690502404937,2.6667035147418034,0.0,0,two_ankles,accepted,2.218355178833008,2.662426233291626,0.00017622100879507448
1040,34.666666666666664,detected,3,1,0.8928760290145874,ankle_midpoint,706.9935302734375,756.7982177734375,0.9525575041770935,0.8849177360534668,1.698332667350769,8.39324951171875,1.7285507774340556,8.444377421116927,0.0,0,two_ankles,accepted,1.698332667350769,8.39324951171875,0.000497422812808979
1041,34.7,detected,1,29,0.8214849233627319,ankle_midpoint,815.8350219726562,595.4656982421875,0.9859946966171265,0.9918684959411621,2.268101930618286,2.6953999996185303,2.2304756451009444,2.6796169329363306,0.0,0,two_ankles,accepted,2.268101930618286,2.6953999996185303,0.05968256511718795
1041,34.7,detected,3,1,0.8947585225105286,ankle_midpoint,703.7596435546875,751.09765625,0.9343084692955017,0.8878530859947205,1.6640568971633911,8.238490104675293,1.6995285313122568,8.351728128718193,0.0,0,two_ankles,accepted,1.6640568971633911,8.238490104675293,0.158509629014708
1042,34.733333333333334,detected,1,29,0.748214840888977,ankle_midpoint,818.9849243164062,595.9749145507812,0.9864091873168945,0.992999792098999,2.2975361347198486,2.7181477546691895,2.260652865429451,2.6969558027161176,0.0,0,two_ankles,accepted,2.2975361347198486,2.7181477546691895,0.03719990229741509
1042,34.733333333333334,detected,3,1,0.8805822730064392,ankle_midpoint,693.7431640625,751.50439453125,0.96297687292099,0.9019051194190979,1.5944167375564575,8.251014709472656,1.652228224122147,8.306407090057702,0.0,0,two_ankles,accepted,1.5944167375564575,8.251014709472656,0.07075745582911613
1043,34.766666666666666,detected,1,29,0.7507684230804443,ankle_midpoint,818.9901123046875,595.95849609375,0.9864736795425415,0.9930075407028198,2.2975590229034424,2.7173943519592285,2.2772606362927474,2.706153149875518,0.0,0,two_ankles,accepted,2.2975590229034424,2.7173943519592285,0.0007537502983911222
1043,34.766666666666666,detected,3,1,0.8806303143501282,ankle_midpoint,693.80908203125,751.5152587890625,0.9626182913780212,0.9014998078346252,1.5949040651321411,8.251302719116211,1.6264323525766444,8.281610123134032,0.0,0,two_ankles,accepted,1.5949040651321411,8.251302719116211,0.0005660721869180175
1044,34.8,detected,1,29,0.7849003076553345,ankle_midpoint,819.1373901367188,596.62744140625,0.9863069653511047,0.9928954243659973,2.299887180328369,2.7479820251464844,2.2874425811087775,2.724976143747453,0.0,0,two_ankles,accepted,2.299887180328369,2.7479820251464844,0.03067614819376143
1044,34.8,detected,3,1,0.8731518983840942,ankle_midpoint,692.4666748046875,748.1946411132812,0.959643542766571,0.8967713117599487,1.5781806707382202,8.160013198852539,1.6047190957493536,8.22689150720736,0.0,0,two_ankles,accepted,1.5781806707382202,8.160013198852539,0.09280866570545006
1045,34.833333333333336,detected,1,29,0.8320656418800354,ankle_midpoint,822.6001586914062,595.746337890625,0.981101393699646,0.9886132478713989,2.3300962448120117,2.7069718837738037,2.3066367297752333,2.716874226759311,0.0,0,two_ankles,accepted,2.3300962448120117,2.7069718837738037,0.05093544220269546
1045,34.833333333333336,detected,3,1,0.8666766881942749,ankle_midpoint,681.9351806640625,742.2835693359375,0.9887201189994812,0.9671862125396729,1.4899425506591797,7.996428489685059,1.5530696504587753,8.123183149322326,0.0,0,two_ankles,accepted,1.4899425506591797,7.996428489685059,0.18586533541382144
1046,34.86666666666667,detected,1,29,0.8672429919242859,ankle_midpoint,825.323974609375,593.619384765625,0.9829725623130798,0.9890645742416382,2.3519480228424072,2.6085026264190674,2.3270268116554615,2.668107006606202,0.0,0,two_ankles,accepted,2.3519480228424072,2.6085026264190674,0.1008647353988646
1046,34.86666666666667,detected,3,1,0.8877565860748291,ankle_midpoint,678.0195922851562,742.269287109375,0.9922311902046204,0.979080855846405,1.4619847536087036,7.996570110321045,1.5120814468762431,8.06620728177175,0.0,0,two_ankles,accepted,1.4619847536087036,7.996570110321045,0.02795815573889211
1047,34.9,detected,1,29,0.8674797415733337,ankle_midpoint,825.2879638671875,593.6270751953125,0.9829932451248169,0.9890698194503784,2.3516294956207275,2.608865261077881,2.3380980194398315,2.6414482211184573,0.0,0,two_ankles,accepted,2.3516294956207275,2.608865261077881,0.00048266291210714266
1047,34.9,detected,3,1,0.8876338601112366,ankle_midpoint,678.03515625,742.3074951171875,0.9922112226486206,0.979107141494751,1.4621871709823608,7.997643947601318,1.4896290227239963,8.035353781395056,0.0,0,two_ankles,accepted,1.4621871709823608,7.997643947601318,0.001092748506136404
1048,34.93333333333333,detected,1,29,0.895842969417572,ankle_midpoint,825.741943359375,594.4287719726562,0.9922713041305542,0.9940351843833923,2.3568811416625977,2.6457855701446533,2.3465504244400766,2.6434000281802454,0.0,0,two_ankles,accepted,2.3568811416625977,2.6457855701446533,0.03729194293322743
1048,34.93333333333333,detected,3,1,0.8987879157066345,ankle_midpoint,674.3834228515625,741.1748046875,0.992286205291748,0.9779200553894043,1.4333890676498413,7.966203212738037,1.4643210429406266,8.004236025499397,0.0,0,two_ankles,accepted,1.4333890676498413,7.966203212738037,0.042636258798042094
1049,34.96666666666667,detected,1,29,0.8950515985488892,ankle_midpoint,836.4566040039062,589.7197265625,0.9883065819740295,0.9891276955604553,2.4489777088165283,2.424689531326294,2.3926427024094803,2.5449803045959674,0.0,0,two_ankles,accepted,2.4489777088165283,2.424689531326294,0.23951040909051935
1049,34.96666666666667,detected,3,1,0.8992957472801208,ankle_midpoint,664.781494140625,742.8533935546875,0.9369277954101562,0.9205363988876343,1.3690582513809204,8.014841079711914,1.421452786738759,8.00900829989503,0.0,0,two_ankles,accepted,1.3690582513809204,8.014841079711914,0.0806479759547269
1050,35.0,detected,1,29,0.8959590196609497,ankle_midpoint,836.4760131835938,589.789306640625,0.988321840763092,0.9891351461410522,2.4492406845092773,2.427950620651245,2.418111794354389,2.492316946820843,0.0,0,two_ankles,accepted,2.4492406845092773,2.427950620651245,0.003271675381251526
1050,35.0,detected,3,1,0.8999783396720886,ankle_midpoint,664.7086181640625,743.1641235351562,0.9378538131713867,0.9219905138015747,1.3693240880966187,8.023581504821777,1.397994872349796,8.015566242112065,0.0,0,two_ankles,accepted,1.3693240880966187,8.023581504821777,0.008744466836836983
1051,35.03333333333333,detected,1,29,0.8823641538619995,ankle_midpoint,839.4415283203125,586.5271606445312,0.9868832230567932,0.9850451350212097,2.4727301597595215,2.2733676433563232,2.442690058786699,2.393789760261809,0.0,0,two_ankles,accepted,2.4727301597595215,2.2733676433563232,0.1563574504681314
1051,35.03333333333333,detected,3,1,0.9085093140602112,ankle_midpoint,658.406005859375,748.8115234375,0.9701926708221436,0.9672542214393616,1.338955283164978,8.181741714477539,1.371427057216628,8.09034520467653,0.0,0,two_ankles,accepted,1.338955283164978,8.181741714477539,0.16104942170442757
1052,35.06666666666667,detected,1,29,0.8533883690834045,ankle_midpoint,847.814453125,583.2969970703125,0.9849116802215576,0.9836305379867554,2.5469446182250977,2.1173017024993896,2.4896046105339784,2.2693701342687205,0.0,0,two_ankles,accepted,2.5469446182250977,2.1173017024993896,0.17281308903233755
1052,35.06666666666667,detected,3,1,0.9076874852180481,ankle_midpoint,655.90234375,749.1986083984375,0.9788105487823486,0.980305552482605,1.3222687244415283,8.192770004272461,1.3493058074678332,8.136436364494699,0.0,0,two_ankles,accepted,1.3222687244415283,8.192770004272461,0.020001610380964666
1053,35.1,detected,1,29,0.8445172309875488,ankle_midpoint,861.14404296875,578.9632568359375,0.9846091270446777,0.9848049283027649,2.667681932449341,1.90440833568573,2.5697394053958913,2.1051373249063747,0.0,0,two_ankles,accepted,2.667681932449341,1.90440833568573,0.24474698094019276
1053,35.1,detected,3,1,0.9099486470222473,ankle_midpoint,654.977783203125,747.759765625,0.9890944361686707,0.9869650602340698,1.3120203018188477,8.153116226196289,1.3325273299257898,8.143942302260415,0.0,0,two_ankles,accepted,1.3120203018188477,8.153116226196289,0.0409567122944135
1054,35.13333333333333,detected,1,29,0.8443918228149414,ankle_midpoint,861.1192626953125,579.0219116210938,0.9846716523170471,0.9848654270172119,2.667496681213379,1.9072823524475098,2.6137301795137606,2.0161025872998857,0.0,0,two_ankles,accepted,2.667496681213379,1.9072823524475098,0.0028799809665024834
1054,35.13333333333333,detected,3,1,0.9100682735443115,ankle_midpoint,654.9973754882812,747.7763671875,0.9890909790992737,0.9868952035903931,1.312201976776123,8.153573036193848,1.32338092100844,8.14827613253046,0.0,0,two_ankles,accepted,1.312201976776123,8.153573036193848,0.000491610785042901
1055,35.166666666666664,detected,1,29,0.8432565331459045,ankle_midpoint,861.1336669921875,579.0535888671875,0.9846200346946716,0.9848210215568542,2.6676576137542725,1.908828616142273,2.637997524921991,1.96782930027896,0.0,0,two_ankles,accepted,2.6676576137542725,1.908828616142273,0.0015546159321392365
1055,35.166666666666664,detected,3,1,0.9099613428115845,ankle_midpoint,654.96142578125,747.7066650390625,0.989055871963501,0.986916184425354,1.3117668628692627,8.151646614074707,1.3181545948458102,8.149792849225372,0.0,0,two_ankles,accepted,1.3117668628692627,8.151646614074707,0.0019749496938042586
1056,35.2,detected,1,29,0.8898264765739441,ankle_midpoint,883.5960693359375,571.299072265625,0.9892629981040955,0.9889543056488037,2.8755760192871094,1.5191986560821533,2.6645797210228723,1.9139245065276613,0.0,0,two_ankles,corrected_motion_outlier,2.697069071812838,1.848040869720518,0.4416351085859996
1056,35.2,detected,3,1,0.9026883840560913,ankle_midpoint,662.7650146484375,751.4964599609375,0.9722185730934143,0.9692783951759338,1.3764399290084839,8.255020141601562,1.3443829952190134,8.19714513079466,0.0,0,two_ankles,accepted,1.3764399290084839,8.255020141601562,0.1219372448318955
1057,35.233333333333334,detected,1,29,0.8886826634407043,ankle_midpoint,883.5960693359375,571.3027954101562,0.9892874956130981,0.9889533519744873,2.875577449798584,1.5193864107131958,2.759528698971943,1.736382363411152,0.0,0,two_ankles,accepted,2.875577449798584,1.5193864107131958,0.22073507287592342
1057,35.233333333333334,detected,3,1,0.9028946161270142,ankle_midpoint,662.7718505859375,751.4334716796875,0.9721736311912537,0.969203531742096,1.3763314485549927,8.25329303741455,1.3587597992202043,8.222411688773612,0.0,0,two_ankles,accepted,1.3763314485549927,8.25329303741455,0.001730507694748298
1058,35.266666666666666,detected,1,29,0.8592996001243591,ankle_midpoint,886.2938842773438,570.2979125976562,0.9869834184646606,0.98638516664505,2.900952100753784,1.468063473701477,2.8231692297737716,1.6156388630417982,0.0,0,two_ankles,accepted,2.900952100753784,1.468063473701477,0.057253094017765474
1058,35.266666666666666,detected,3,1,0.9107388854026794,ankle_midpoint,665.6190185546875,752.389892578125,0.9704922437667847,0.9663500189781189,1.3987101316452026,8.27908706665039,1.3767374488114537,8.247915608818163,0.0,0,two_ankles,accepted,1.3987101316452026,8.27908706665039,0.03414875401931101
1059,35.3,detected,1,29,0.8554208874702454,ankle_midpoint,892.3428955078125,569.295654296875,0.9848942160606384,0.9842805862426758,2.95853328704834,1.4159749746322632,2.8840830555473276,1.5257901132575076,0.0,0,two_ankles,accepted,2.95853328704834,1.4159749746322632,0.07764537816490959
1059,35.3,detected,3,1,0.9097232222557068,ankle_midpoint,671.5748291015625,753.7593383789062,0.9914244413375854,0.990997314453125,1.4438230991363525,8.315642356872559,1.4069259914576584,8.278392645442642,0.0,0,two_ankles,accepted,1.4438230991363525,8.315642356872559,0.05806435291195862
1060,35.333333333333336,detected,1,29,0.7260980606079102,ankle_midpoint,894.367431640625,568.17578125,0.9914098381996155,0.9910163879394531,2.977687358856201,1.3585103750228882,2.926204992036321,1.4505142310519288,0.0,0,two_ankles,accepted,2.977687358856201,1.3585103750228882,0.06057275522119239
1060,35.333333333333336,detected,3,1,0.9194822907447815,ankle_midpoint,677.1399536132812,754.118896484375,0.9910810589790344,0.9909206628799438,1.4836845397949219,8.32467269897461,1.441467338209427,8.299218669532028,0.0,0,two_ankles,accepted,1.4836845397949219,8.32467269897461,0.04087152468231049
1061,35.36666666666667,detected,1,29,0.7363442778587341,ankle_midpoint,894.3663940429688,568.1846923828125,0.9913741946220398,0.9909271001815796,2.977679491043091,1.358965516090393,2.9493685165893675,1.4093173093192377,0.0,0,two_ankles,accepted,2.977679491043091,1.358965516090393,0.00045520906604836387
1061,35.36666666666667,detected,3,1,0.9195606112480164,ankle_midpoint,677.098876953125,754.1424560546875,0.9910717606544495,0.9908832907676697,1.483451247215271,8.325319290161133,1.4603600972620567,8.310963948815125,0.0,0,two_ankles,accepted,1.483451247215271,8.325319290161133,0.0006873904205107519
1062,35.4,detected,1,29,0.7363287806510925,ankle_midpoint,895.508056640625,567.389892578125,0.9907203912734985,0.9901886582374573,2.9884862899780273,1.3180891275405884,2.9669715146142646,1.3682646275188457,0.0,0,two_ankles,accepted,2.9884862899780273,1.3180891275405884,0.04228079994624923
1062,35.4,detected,3,1,0.9183588027954102,ankle_midpoint,683.4219360351562,757.2518310546875,0.9907743334770203,0.9900778532028198,1.5347541570663452,8.408669471740723,1.4938374241739867,8.354931434131645,0.0,0,two_ankles,accepted,1.5347541570663452,8.408669471740723,0.09787359873090416
1063,35.43333333333333,detected,1,29,0.25569379329681396,ankle_midpoint,899.02392578125,565.623046875,0.9754296541213989,0.9762006998062134,3.0220706462860107,1.2265511751174927,2.9917661238665505,1.3044935739382368,0.0,0,two_ankles,accepted,3.0220706462860107,1.2265511751174927,0.09750438822142579
1063,35.43333333333333,detected,3,1,0.9150470495223999,ankle_midpoint,700.6695556640625,758.9917602539062,0.981138288974762,0.9819716811180115,1.6586889028549194,8.453143119812012,1.5680205895804065,8.39912669268781,0.0,0,two_ankles,accepted,1.6586889028549194,8.453143119812012,0.13167280124022343
1064,35.46666666666667,detected,1,29,0.4803115725517273,ankle_midpoint,897.444091796875,560.9935913085938,0.996536374092102,0.9909195899963379,3.0060811042785645,0.9858987927436829,2.998207865051957,1.1611259224006876,0.0,0,two_ankles,accepted,3.0060811042785645,0.9858987927436829,0.24118298985583178
1064,35.46666666666667,detected,3,1,0.9086325168609619,ankle_midpoint,703.704345703125,761.380859375,0.9938305020332336,0.9943649768829346,1.6846284866333008,8.516616821289062,1.620494143254209,8.451997250558374,0.0,0,two_ankles,accepted,1.6846284866333008,8.516616821289062,0.06856947415427235
1065,35.5,detected,1,29,0.48508039116859436,ankle_midpoint,898.0010986328125,558.8133544921875,0.9962877035140991,0.9887701272964478,3.0111756324768066,0.8707287907600403,3.0040433603931396,1.0304472131623963,0.0,0,two_ankles,accepted,3.0111756324768066,0.8707287907600403,0.11528262477266434
1065,35.5,detected,3,1,0.9175369143486023,ankle_midpoint,708.870849609375,765.4788208007812,0.9899333119392395,0.9909049868583679,1.728442668914795,8.624494552612305,1.669070979801473,8.529621036482643,0.0,0,two_ankles,accepted,1.728442668914795,8.624494552612305,0.11643576548657901
1066,35.53333333333333,detected,1,29,0.4660329520702362,ankle_midpoint,898.0261840820312,558.8524169921875,0.9962336421012878,0.9889861345291138,3.0114269256591797,0.8727936744689941,3.0073659647628577,0.9595031207503655,0.0,0,two_ankles,accepted,3.0114269256591797,0.8727936744689941,0.0020801185050400885
1066,35.53333333333333,detected,3,1,0.9173883199691772,ankle_midpoint,708.8800048828125,765.4873046875,0.9899160265922546,0.9908902049064636,1.7285223007202148,8.624716758728027,1.6958240742149069,8.572414111493067,0.0,0,two_ankles,accepted,1.7285223007202148,8.624716758728027,0.0002360440261878847
1067,35.56666666666667,detected,1,29,0.5630618929862976,ankle_midpoint,894.1229858398438,551.2833251953125,0.9952523708343506,0.987129271030426,2.9714839458465576,0.4662998914718628,3.011763613988787,0.8855585947902931,0.0,0,two_ankles,corrected_motion_outlier,3.0171385185982564,0.7951819519502044,0.4084515115061155
1067,35.56666666666667,detected,3,1,0.9189777374267578,ankle_midpoint,713.2789306640625,775.251708984375,0.9938836097717285,0.9942027926445007,1.777071475982666,8.877793312072754,1.7323854050103986,8.709834751753927,0.0,0,two_ankles,accepted,1.777071475982666,8.877793312072754,0.25769121884827667
1068,35.6,detected,1,29,0.45430877804756165,ankle_midpoint,890.4232788085938,547.40087890625,0.9946531057357788,0.9858701229095459,2.933511972427368,0.2532384991645813,3.0167525378856332,0.8099638303787979,0.0,0,two_ankles,corrected_motion_outlier,3.022850111537333,0.7175702294314147,0.31221761448691404
1068,35.6,detected,3,1,0.9200997948646545,ankle_midpoint,715.1043701171875,778.1356201171875,0.993328332901001,0.9932241439819336,1.7947219610214233,8.951148986816406,1.7604368552153598,8.818426157532043,0.0,0,two_ankles,accepted,1.7947219610214233,8.951148986816406,0.07544928521331339
1069,35.63333333333333,detected,1,29,0.4579019546508789,ankle_midpoint,890.3983154296875,547.380859375,0.9946640729904175,0.9859768152236938,2.933255672454834,0.2521323263645172,2.9791789484417737,0.5589396535723716,0.0,0,two_ankles,accepted,2.933255672454834,0.2521323263645172,0.2085215826448467
1069,35.63333333333333,detected,3,1,0.9201350212097168,ankle_midpoint,715.1302490234375,778.12890625,0.9933739900588989,0.9932689070701599,1.7948851585388184,8.95097541809082,1.7759385917109163,8.878073324783493,0.0,0,two_ankles,accepted,1.7948851585388184,8.95097541809082,0.00023824259103994016
1070,35.666666666666664,detected,1,29,0.5487774014472961,ankle_midpoint,888.0802001953125,544.600341796875,0.9879698753356934,0.9680811166763306,2.9090213775634766,0.09734603762626648,2.94760804154654,0.3512225263966243,0.0,0,two_ankles,accepted,2.9090213775634766,0.09734603762626648,0.15667193823477898
1070,35.666666666666664,detected,3,1,0.9243950843811035,ankle_midpoint,716.64111328125,782.165771484375,0.9803218245506287,0.9757678508758545,1.812317967414856,9.052806854248047,1.7923093107776893,8.956703413042543,0.0,0,two_ankles,accepted,1.812317967414856,9.052806854248047,0.10331284632199311
1071,35.7,detected,1,29,0.5473745465278625,ankle_midpoint,888.0377197265625,544.6386108398438,0.9879235625267029,0.967919647693634,2.9086077213287354,0.09950505197048187,2.930057897448528,0.23794966290486025,0.0,0,two_ankles,accepted,2.9086077213287354,0.09950505197048187,0.00219828442633525
1071,35.7,detected,3,1,0.9243159294128418,ankle_midpoint,716.6201171875,782.227294921875,0.9804138541221619,0.9758208990097046,1.8122856616973877,9.05435562133789,1.8012986686915538,9.00064690677545,0.0,0,two_ankles,accepted,1.8122856616973877,9.05435562133789,0.0015491039855233145
1072,35.733333333333334,detected,1,29,0.572416365146637,ankle_midpoint,886.2503662109375,542.539306640625,0.9894660115242004,0.9692355990409851,2.8897480964660645,-0.01852123998105526,2.9119184870064196,0.12253775660619828,0.0,0,two_ankles,accepted,2.8897480964660645,-0.01852123998105526,0.1195236003548678
1072,35.733333333333334,detected,3,1,0.9271435141563416,ankle_midpoint,719.0020751953125,783.256103515625,0.992351233959198,0.9904565215110779,1.830129861831665,9.079864501953125,1.814272705604604,9.036294824605406,0.0,0,two_ankles,accepted,1.830129861831665,9.079864501953125,0.031130667655455507
1073,35.766666666666666,detected,1,29,0.5169515013694763,ankle_midpoint,884.62109375,540.8931274414062,0.9882416129112244,0.9662997126579285,2.872532367706299,-0.11174619197845459,2.894194733321365,0.017109979743104492,0.0,0,two_ankles,accepted,2.872532367706299,-0.11174619197845459,0.09480122885093437
1073,35.766666666666666,detected,3,1,0.922398030757904,ankle_midpoint,727.916015625,789.237548828125,0.9894909262657166,0.9879620671272278,1.899954080581665,9.227370262145996,1.8528293243442815,9.12227877149867,0.0,0,two_ankles,accepted,1.899954080581665,9.227370262145996,0.16319733703135186
1074,35.8,detected,1,29,0.6350641250610352,ankle_midpoint,883.9144287109375,539.046142578125,0.9881265163421631,0.9714046120643616,2.8645002841949463,-0.2173633724451065,2.8808322312144767,-0.08840302874159045,0.0,0,two_ankles,accepted,2.8645002841949463,-0.2173633724451065,0.10592215620567144
1074,35.8,detected,3,1,0.9233141541481018,ankle_midpoint,735.72607421875,793.87060546875,0.9867329001426697,0.9845511317253113,1.9592576026916504,9.33985424041748,1.9007220496005974,9.220187732512136,0.0,0,two_ankles,accepted,1.9592576026916504,9.33985424041748,0.1271595576526959
1075,35.833333333333336,detected,1,29,0.6350283622741699,ankle_midpoint,883.927490234375,539.06689453125,0.9881304502487183,0.9712444543838501,2.864643096923828,-0.21617329120635986,2.8735471207836847,-0.1458996468507367,0.0,0,two_ankles,accepted,2.864643096923828,-0.21617329120635986,0.0011986195519627658
1075,35.833333333333336,detected,3,1,0.9233179092407227,ankle_midpoint,735.7294921875,793.9052734375,0.986770510673523,0.9845700860023499,1.9593337774276733,9.340697288513184,1.9270973271227816,9.274417032712607,0.0,0,two_ankles,accepted,1.9593337774276733,9.340697288513184,0.0008464825350099265
1076,35.86666666666667,detected,1,29,0.6605634093284607,ankle_midpoint,882.1055908203125,537.8349609375,0.9867292642593384,0.9703272581100464,2.8454556465148926,-0.2867645025253296,2.8609059573627285,-0.2092888319043035,0.0,0,two_ankles,accepted,2.8454556465148926,-0.2867645025253296,0.07315242558298939
1076,35.86666666666667,detected,3,1,0.9164193868637085,ankle_midpoint,743.0526123046875,796.2612915039062,0.9894027709960938,0.9887469410896301,2.011350393295288,9.396927833557129,1.9650112069004095,9.329546893092644,0.0,0,two_ankles,accepted,2.011350393295288,9.396927833557129,0.07660027755992894
1077,35.9,detected,1,29,0.5666189789772034,ankle_midpoint,874.9630126953125,535.3585815429688,0.9873217940330505,0.9697125554084778,2.7708475589752197,-0.42898207902908325,2.82037967808835,-0.3081507931104544,0.0,0,two_ankles,accepted,2.7708475589752197,-0.42898207902908325,0.16059951990254676
1077,35.9,detected,3,1,0.9251487851142883,ankle_midpoint,755.1290283203125,799.488525390625,0.9844022989273071,0.9831327795982361,2.0955216884613037,9.473114967346191,2.023740923602812,9.39415252650674,0.0,0,two_ankles,accepted,2.0955216884613037,9.473114967346191,0.11353099261839049
1078,35.93333333333333,detected,1,29,0.7307073473930359,ankle_midpoint,871.64892578125,534.659423828125,0.9907592535018921,0.9793606400489807,2.736299514770508,-0.46910709142684937,2.782543604595321,-0.38058112735283217,0.0,0,two_ankles,accepted,2.736299514770508,-0.46910709142684937,0.052948880803012376
1078,35.93333333333333,detected,3,1,0.9223706722259521,ankle_midpoint,763.108154296875,794.3507080078125,0.9927178621292114,0.9931769371032715,2.141425609588623,9.348081588745117,2.0766990322964274,9.37342060451401,0.0,0,two_ankles,accepted,2.141425609588623,9.348081588745117,0.1331935273925228
1079,35.96666666666667,detected,1,29,0.769584596157074,ankle_midpoint,871.9232788085938,534.7125244140625,0.9912945628166199,0.9784123301506042,2.7391600608825684,-0.4660606384277344,2.763021009924582,-0.41904690733653815,0.0,0,two_ankles,accepted,2.7391600608825684,-0.4660606384277344,0.004178947228075682
1079,35.96666666666667,detected,3,1,0.9219282865524292,ankle_midpoint,763.0355224609375,794.5550537109375,0.9929071664810181,0.9932884573936462,2.1412086486816406,9.353057861328125,2.105728359669773,9.364257370080363,0.0,0,two_ankles,accepted,2.1412086486816406,9.353057861328125,0.004980999985500289
1080,36.0,detected,1,29,0.6890248656272888,ankle_midpoint,868.3675537109375,531.9251098632812,0.990882933139801,0.9765164256095886,2.700315237045288,-0.6294043064117432,2.7348034121289,-0.5137077369203804,0.0,0,two_ankles,accepted,2.700315237045288,-0.6294043064117432,0.1678990000250729
1080,36.0,detected,3,1,0.9100052118301392,ankle_midpoint,765.838623046875,795.3216552734375,0.990329384803772,0.9923112392425537,2.16074800491333,9.371312141418457,2.130487200029374,9.367432017182505,0.0,0,two_ankles,accepted,2.16074800491333,9.371312141418457,0.026739580841238963
1081,36.03333333333333,detected,1,29,0.43188270926475525,ankle_midpoint,860.766845703125,531.5445556640625,0.9927309155464172,0.9770771861076355,2.621326208114624,-0.6502129435539246,2.6837386703224757,-0.5751350799054753,0.0,0,two_ankles,accepted,2.621326208114624,-0.6502129435539246,0.08168394010528787
1081,36.03333333333333,detected,3,1,0.9205573201179504,ankle_midpoint,775.6771240234375,806.3862915039062,0.9914747476577759,0.9938503503799438,2.2386746406555176,9.634398460388184,2.179171548311139,9.48756691662506,0.0,0,two_ankles,accepted,2.2386746406555176,9.634398460388184,0.2743847149298522
1082,36.06666666666667,detected,1,29,0.2866657078266144,ankle_midpoint,853.9971923828125,532.8836669921875,0.9807294011116028,0.9543578624725342,2.5527849197387695,-0.5694286823272705,2.624809482559808,-0.5725672009952831,0.0,0,two_ankles,accepted,2.5527849197387695,-0.5694286823272705,0.10594340505268994
1082,36.06666666666667,detected,3,1,0.9219008088111877,ankle_midpoint,779.179931640625,806.1534423828125,0.9951079487800598,0.9969689249992371,2.26125168800354,9.628484725952148,2.2161076111727196,9.550979930822251,0.0,0,two_ankles,accepted,2.26125168800354,9.628484725952148,0.02333870866039499
1083,36.1,detected,1,29,0.28245437145233154,ankle_midpoint,853.954345703125,532.9820556640625,0.9805456399917603,0.9539448022842407,2.5524544715881348,-0.5636159777641296,2.592249727622555,-0.568539150541264,0.0,0,two_ankles,accepted,2.5524544715881348,-0.5636159777641296,0.005822089858342674
1083,36.1,detected,3,1,0.9220620393753052,ankle_midpoint,779.2730712890625,806.2389526367188,0.9950868487358093,0.9969696402549744,2.2619540691375732,9.630486488342285,2.236738517256904,9.586757881706268,0.0,0,two_ankles,accepted,2.2619540691375732,9.630486488342285,0.0021214127189237925
1084,36.13333333333333,detected,1,29,0.2876070737838745,ankle_midpoint,853.0419921875,532.1528930664062,0.9885028004646301,0.9603445529937744,2.542078733444214,-0.6123848557472229,2.5696727802423016,-0.5882697178839456,0.0,0,two_ankles,accepted,2.542078733444214,-0.6123848557472229,0.04986039913359152
1084,36.13333333333333,detected,3,1,0.9189964532852173,ankle_midpoint,785.4752197265625,808.2913818359375,0.9948293566703796,0.9964621663093567,2.3045573234558105,9.677911758422852,2.2672569800464117,9.62777712622873,0.0,0,two_ankles,accepted,2.3045573234558105,9.677911758422852,0.06375102760520078
1085,36.166666666666664,detected,3,1,0.9204046726226807,ankle_midpoint,793.4241943359375,816.6005859375,0.9920490384101868,0.9934004545211792,2.364307165145874,9.869363784790039,2.31092956334117,9.73649112258132,0.0,0,two_ankles,accepted,2.364307165145874,9.869363784790039,0.20055902368651954
1085,36.166666666666664,predicted,1,,,motion_prediction,,,,,,,2.5157709280242275,-0.6338826573846785,,1,,motion_prediction,2.5157709280242275,-0.6338826573846785,
1086,36.2,detected,3,1,0.9203432202339172,ankle_midpoint,793.5440673828125,816.684326171875,0.9919716119766235,0.9933022260665894,2.3651583194732666,9.871267318725586,2.335332503600614,9.79714041084624,0.0,0,two_ankles,accepted,2.3651583194732666,9.871267318725586,0.0020851630950162355
1086,36.2,predicted,1,,,motion_prediction,,,,,,,2.4894631226042416,-0.6553804590221343,,2,,motion_prediction,2.4894631226042416,-0.6553804590221343,
1087,36.233333333333334,detected,3,1,0.9173339605331421,ankle_midpoint,808.6137084960938,823.494140625,0.9764400124549866,0.9799888134002686,2.4676647186279297,10.023996353149414,2.394882000362906,9.899225584882668,0.0,0,two_ankles,accepted,2.4676647186279297,10.023996353149414,0.18393944607856683
1087,36.233333333333334,predicted,1,,,motion_prediction,,,,,,,2.4631553171842553,-0.6768782606595899,,3,,motion_prediction,2.4631553171842553,-0.6768782606595899,
1088,36.266666666666666,detected,3,1,0.9170677661895752,ankle_midpoint,808.49267578125,823.7342529296875,0.9768560528755188,0.9804887771606445,2.4670889377593994,10.029409408569336,2.4273751221913282,9.957808305541668,0.0,0,two_ankles,accepted,2.4670889377593994,10.029409408569336,0.0054435918829125185
1088,36.266666666666666,predicted,1,,,motion_prediction,,,,,,,2.436847511764269,-0.6983760622970455,,4,,motion_prediction,2.436847511764269,-0.6983760622970455,
1089,36.3,detected,1,29,0.3578302264213562,ankle_midpoint,839.92529296875,528.8636474609375,0.9621700048446655,0.9421344995498657,2.40169358253479,-0.8053472638130188,2.4940821412739216,-0.6859546135520285,0.0,0,two_ankles,accepted,2.40169358253479,-0.8053472638130188,0.04772524762530308
1089,36.3,detected,3,1,0.9209761619567871,ankle_midpoint,818.7789916992188,821.6961669921875,0.9929159879684448,0.9932550191879272,2.531139373779297,9.98223876953125,2.4740690354059143,9.96880201433698,0.0,0,two_ankles,accepted,2.531139373779297,9.98223876953125,0.07954575753363831
1090,36.333333333333336,detected,1,29,0.37866389751434326,ankle_midpoint,840.5106811523438,526.4603881835938,0.9607949256896973,0.957209050655365,2.4042627811431885,-0.9504396915435791,2.4536634292150916,-0.8049728986482263,0.0,0,two_ankles,accepted,2.4042627811431885,-0.9504396915435791,0.14511517276369573
1090,36.333333333333336,detected,3,1,0.9148295521736145,ankle_midpoint,826.485595703125,825.9051513671875,0.99382483959198,0.9943842887878418,2.5831711292266846,10.075922966003418,2.523164977625261,10.017006442586878,0.0,0,two_ankles,accepted,2.5831711292266846,10.075922966003418,0.10716357703796812
1091,36.36666666666667,detected,1,29,0.37846067547798157,ankle_midpoint,840.4537963867188,526.457275390625,0.9612026810646057,0.958042562007904,2.403662919998169,-0.9506151080131531,2.4311632000674765,-0.8705118928624433,0.0,0,two_ankles,accepted,2.403662919998169,-0.9506151080131531,0.0006249834646628183
1091,36.36666666666667,detected,3,1,0.9148766398429871,ankle_midpoint,826.4688720703125,825.8917236328125,0.9938346147537231,0.9943804144859314,2.5830559730529785,10.0756254196167,2.5501159255677344,10.043384982250299,0.0,0,two_ankles,accepted,2.5830559730529785,10.0756254196167,0.0003190529683171792
1092,36.4,detected,3,1,0.9192553758621216,ankle_midpoint,832.256103515625,828.604248046875,0.9939660429954529,0.9942851662635803,2.6214828491210938,10.135361671447754,2.582231041166746,10.084774492389155,0.0,0,two_ankles,accepted,2.6214828491210938,10.135361671447754,0.07102847729733104
1092,36.4,predicted,1,,,motion_prediction,,,,,,,2.392660789379213,-0.9952957280794386,,1,,motion_prediction,2.392660789379213,-0.9952957280794386,
1093,36.43333333333333,detected,3,1,0.9099037051200867,ankle_midpoint,844.3935546875,833.1367797851562,0.985031008720398,0.9882828593254089,2.70061993598938,10.233951568603516,2.6355060438369318,10.151904176685619,0.0,0,two_ankles,accepted,2.70061993598938,10.233951568603516,0.12642249142926404
1093,36.43333333333333,predicted,1,,,motion_prediction,,,,,,,2.381658658760257,-1.039976348145724,,2,,motion_prediction,2.381658658760257,-1.039976348145724,
1094,36.46666666666667,detected,3,1,0.9134620428085327,ankle_midpoint,846.498291015625,833.6279907226562,0.9931562542915344,0.9948253631591797,2.7141060829162598,10.244474411010742,2.6708760614226295,10.193560782131925,0.0,0,two_ankles,accepted,2.7141060829162598,10.244474411010742,0.017105740886051015
1094,36.46666666666667,predicted,1,,,motion_prediction,,,,,,,2.370656528141301,-1.0846569682120097,,3,,motion_prediction,2.370656528141301,-1.0846569682120097,
1095,36.5,detected,3,1,0.9135414361953735,ankle_midpoint,846.4970092773438,833.6378173828125,0.9931252002716064,0.9948244094848633,2.7141027450561523,10.24468994140625,2.690328069057715,10.216568903805372,0.0,0,two_ankles,accepted,2.7141027450561523,10.24468994140625,0.00021555624022015878
1095,36.5,predicted,1,,,motion_prediction,,,,,,,2.3596543975223443,-1.1293375882782952,,4,,motion_prediction,2.3596543975223443,-1.1293375882782952,
1096,36.53333333333333,detected,3,1,0.9155237078666687,ankle_midpoint,846.114990234375,838.084716796875,0.9930931329727173,0.9925587177276611,2.7138524055480957,10.34161376953125,2.7009140204783866,10.272839093382018,0.0,0,two_ankles,accepted,2.7138524055480957,10.34161376953125,0.0969241514188999
1096,36.53333333333333,predicted,1,,,motion_prediction,,,,,,,2.3486522669033882,-1.1740182083445807,,5,,motion_prediction,2.3486522669033882,-1.1740182083445807,
1097,36.56666666666667,detected,3,1,0.9155974984169006,ankle_midpoint,846.109375,838.0682983398438,0.9931480288505554,0.9926286935806274,2.7138094902038574,10.34125804901123,2.7067169818548487,10.303627623415164,0.0,0,two_ankles,accepted,2.7138094902038574,10.34125804901123,0.00035829989552615824
1097,36.56666666666667,predicted,1,,,motion_prediction,,,,,,,2.337650136284432,-1.2186988284108664,,6,,motion_prediction,2.337650136284432,-1.2186988284108664,
1098,36.6,detected,3,1,0.9128482341766357,ankle_midpoint,846.2896728515625,837.0340576171875,0.9935588240623474,0.993532657623291,2.714440107345581,10.318803787231445,2.7101923883256784,10.310456897132491,0.0,0,two_ankles,accepted,2.714440107345581,10.318803787231445,0.022463115323893883
1098,36.6,predicted,1,,,motion_prediction,,,,,,,2.326648005665476,-1.263379448477152,,7,,motion_prediction,2.326648005665476,-1.263379448477152,
1099,36.63333333333333,detected,3,1,0.9129430055618286,ankle_midpoint,846.2797241210938,836.9774169921875,0.9935658574104309,0.9935452938079834,2.714350461959839,10.317575454711914,2.712063521461051,10.313660248043233,0.0,0,two_ankles,accepted,2.714350461959839,10.317575454711914,0.0012315993966070518
1099,36.63333333333333,predicted,1,,,motion_prediction,,,,,,,2.31564587504652,-1.3080600685434374,,8,,motion_prediction,2.31564587504652,-1.3080600685434374,
1100,36.666666666666664,detected,3,1,0.9142627716064453,ankle_midpoint,846.4541015625,834.3063354492188,0.9944120049476624,0.9946999549865723,2.714156150817871,10.259330749511719,2.71300520467162,10.289211973704052,0.0,0,two_ankles,accepted,2.714156150817871,10.259330749511719,0.058245029321630115
1100,36.666666666666664,predicted,1,,,motion_prediction,,,,,,,2.304643744427564,-1.3527406886097229,,9,,motion_prediction,2.304643744427564,-1.3527406886097229,
1101,36.7,detected,3,1,0.9179192781448364,ankle_midpoint,848.920166015625,831.0762939453125,0.9878677129745483,0.9872196912765503,2.7281532287597656,10.188089370727539,2.7198218155112857,10.243706802364622,0.0,0,two_ankles,accepted,2.7281532287597656,10.188089370727539,0.07260339001715028
1101,36.7,predicted,1,,,motion_prediction,,,,,,,2.293641613808608,-1.3974213086760083,,10,,motion_prediction,2.293641613808608,-1.3974213086760083,
1102,36.733333333333334,detected,3,1,0.918298602104187,ankle_midpoint,851.5430297851562,828.0179443359375,0.9861438274383545,0.9848819375038147,2.7433395385742188,10.120044708251953,2.7304047908896054,10.188058860013921,0.0,0,two_ankles,accepted,2.7433395385742188,10.120044708251953,0.06971872128199834
1102,36.733333333333334,predicted,1,,,motion_prediction,,,,,,,2.2826394831896515,-1.442101928742294,,11,,motion_prediction,2.2826394831896515,-1.442101928742294,
1103,36.766666666666666,detected,3,1,0.9186912178993225,ankle_midpoint,851.5416259765625,827.939453125,0.9861305356025696,0.9848647117614746,2.743295431137085,10.11829948425293,2.7362055790009716,10.156667140921476,0.0,0,two_ankles,accepted,2.743295431137085,10.11829948425293,0.0017457812786193666
1103,36.766666666666666,predicted,1,,,motion_prediction,,,,,,,2.2716373525706954,-1.4867825488085795,,12,,motion_prediction,2.2716373525706954,-1.4867825488085795,
1104,36.8,detected,3,1,0.9092832207679749,ankle_midpoint,854.892822265625,826.066650390625,0.9929503202438354,0.9927991628646851,2.763742685317993,10.07614517211914,2.7485972768436318,10.120432254960425,0.0,0,two_ankles,accepted,2.763742685317993,10.07614517211914,0.04685164068644324
1105,36.833333333333336,detected,3,1,0.920036256313324,ankle_midpoint,863.859130859375,833.3278198242188,0.9891133308410645,0.9866302013397217,2.8232169151306152,10.235849380493164,2.7821761140727745,10.172369961450158,0.0,0,two_ankles,accepted,2.8232169151306152,10.235849380493164,0.17041894901734983
1106,36.86666666666667,detected,3,1,0.9256688952445984,ankle_midpoint,866.5465087890625,836.9017333984375,0.9892559051513672,0.9871765971183777,2.8412692546844482,10.313557624816895,2.808768027348028,10.23590440996519,0.0,0,two_ankles,accepted,2.8412692546844482,10.313557624816895,0.07977755448272071
1107,36.9,detected,3,1,0.9257245659828186,ankle_midpoint,866.521728515625,836.8679809570312,0.989280641078949,0.9871494174003601,2.8411033153533936,10.312827110290527,2.8233189069504427,10.270519625111593,0.0,0,two_ankles,accepted,2.8411033153533936,10.312827110290527,0.0007491243787411763
1108,36.93333333333333,detected,3,1,0.9323745369911194,ankle_midpoint,868.8727416992188,841.8406982421875,0.9817408919334412,0.9775814414024353,2.857306718826294,10.41993522644043,2.838613422294576,10.33775664570957,0.0,0,two_ankles,accepted,2.857306718826294,10.41993522644043,0.10832681491342101
1109,36.96666666666667,detected,1,29,0.8282925486564636,ankle_midpoint,799.96044921875,533.5199584960938,0.9780197143554688,0.9853551387786865,1.9966676235198975,-0.51954585313797,1.9966676235198975,-0.51954585313797,0.60286852277476,0,two_ankles,accepted,1.9966676235198975,-0.51954585313797,0.032935865186738564
1109,36.96666666666667,detected,3,1,0.9311595559120178,ankle_midpoint,872.1380615234375,848.8158569335938,0.9827845692634583,0.9781416058540344,2.8794896602630615,10.567893028259277,2.8570077293803946,10.44131801785694,0.0,0,two_ankles,accepted,2.8794896602630615,10.567893028259277,0.1496114768654212
1110,37.0,detected,1,29,0.7089424133300781,ankle_midpoint,799.1575927734375,535.6939697265625,0.9691521525382996,0.9803429245948792,1.993451476097107,-0.39213207364082336,1.995220357179642,-0.46220965236425404,0.0,0,two_ankles,accepted,1.993451476097107,-0.39213207364082336,0.1274543636365292
1110,37.0,detected,3,1,0.9183132648468018,ankle_midpoint,872.516845703125,843.916748046875,0.9795785546302795,0.9762067198753357,2.880540370941162,10.463939666748047,2.86759741808274,10.45149775985794,0.0,0,two_ankles,accepted,2.880540370941162,10.463939666748047,0.1039586714152006
1111,37.03333333333333,detected,1,29,0.7113360166549683,ankle_midpoint,799.17919921875,535.7342529296875,0.9692912697792053,0.9802147150039673,1.9937663078308105,-0.3897905647754669,1.9945660349726682,-0.4296210629492999,0.0,0,two_ankles,accepted,1.9937663078308105,-0.3897905647754669,0.002362579689045356
1111,37.03333333333333,detected,3,1,0.9183434247970581,ankle_midpoint,872.4915161132812,843.904296875,0.9795712232589722,0.9763467311859131,2.8803799152374268,10.463676452636719,2.873349541802349,10.456978171608391,0.0,0,two_ankles,accepted,2.8803799152374268,10.463676452636719,0.00030826563425633664
1112,37.06666666666667,detected,1,29,0.6085653901100159,ankle_midpoint,799.1196899414062,537.2598876953125,0.9695495963096619,0.9834619760513306,1.9966769218444824,-0.3012045919895172,1.9955159340649846,-0.37183365101739774,0.0,0,two_ankles,accepted,1.9966769218444824,-0.3012045919895172,0.08863377600198248
1112,37.06666666666667,detected,3,1,0.9195480346679688,ankle_midpoint,871.317626953125,841.213623046875,0.9732995629310608,0.9727123379707336,2.8723528385162354,10.406185150146484,2.872901025323598,10.434121311950534,0.0,0,two_ankles,accepted,2.8723528385162354,10.406185150146484,0.05804897779213276
1113,37.1,detected,1,29,0.5664079189300537,ankle_midpoint,798.9149169921875,537.5794677734375,0.9820048809051514,0.9894652366638184,1.9953198432922363,-0.2826768159866333,1.9954276932172479,-0.33171307525355376,0.0,0,two_ankles,accepted,1.9953198432922363,-0.2826768159866333,0.01857740955596359
1113,37.1,detected,3,1,0.9222675561904907,ankle_midpoint,868.55126953125,841.1104736328125,0.9631550908088684,0.9687744379043579,2.855088233947754,10.404289245605469,2.8648852692044686,10.420696882095257,0.0,0,two_ankles,accepted,2.855088233947754,10.404289245605469,0.017368391547137405
1114,37.13333333333333,detected,1,29,0.6339248418807983,ankle_midpoint,803.6243896484375,535.1154174804688,0.9845059514045715,0.9892258048057556,2.0379767417907715,-0.42689594626426697,2.014574765075334,-0.3745453672083747,0.0,0,two_ankles,accepted,2.0379767417907715,-0.42689594626426697,0.15039537402311084
1114,37.13333333333333,detected,3,1,0.9303666353225708,ankle_midpoint,865.0684814453125,842.3878173828125,0.9690273404121399,0.9710807204246521,2.833804130554199,10.432106971740723,2.850898756811848,10.425831422435717,0.0,0,two_ankles,accepted,2.833804130554199,10.432106971740723,0.035026260785352384
1115,37.166666666666664,detected,1,29,0.46640077233314514,ankle_midpoint,815.6317138671875,534.5496826171875,0.9304068684577942,0.9433249831199646,2.160166025161743,-0.46272048354148865,2.080090832114218,-0.414224169558276,0.0,0,two_ankles,accepted,2.160166025161743,-0.46272048354148865,0.1273327076671138
1115,37.166666666666664,detected,3,1,0.9171528220176697,ankle_midpoint,864.1571044921875,842.0673828125,0.9622248411178589,0.9599051475524902,2.828028678894043,10.425344467163086,2.8406072217488356,10.425612292563034,0.0,0,two_ankles,accepted,2.828028678894043,10.425344467163086,0.008893104634567118
1116,37.2,detected,1,29,0.4617232382297516,ankle_midpoint,815.6179809570312,534.5751953125,0.9295254945755005,0.9424564838409424,2.1600749492645264,-0.46122369170188904,2.1160836848318567,-0.4353739545229019,0.0,0,two_ankles,accepted,2.1600749492645264,-0.46122369170188904,0.0014995601455579657
1116,37.2,detected,3,1,0.9171571135520935,ankle_midpoint,864.1405639648438,842.016845703125,0.9625170230865479,0.960182785987854,2.827908754348755,10.424263000488281,2.834892911418799,10.425005111129396,0.0,0,two_ankles,accepted,2.827908754348755,10.424263000488281,0.001088095614031994
1117,37.233333333333334,detected,1,29,0.6506289839744568,ankle_midpoint,820.45849609375,536.385498046875,0.9462202787399292,0.9490433931350708,2.2131974697113037,-0.3567520081996918,2.159784888027608,-0.3999940786774574,0.0,0,two_ankles,accepted,2.2131974697113037,-0.3567520081996918,0.11720211104072124
1117,37.233333333333334,detected,3,1,0.9202358722686768,ankle_midpoint,862.6251831054688,845.0216674804688,0.9573296904563904,0.9536933898925781,2.819509506225586,10.488631248474121,2.8279703790818536,10.453636872934524,0.0,0,two_ankles,accepted,2.819509506225586,10.488631248474121,0.06491393315615017
1118,37.266666666666666,detected,1,29,0.6904376745223999,ankle_midpoint,829.511962890625,540.16845703125,0.9773988723754883,0.9768351316452026,2.3121213912963867,-0.14075106382369995,2.2283363144985584,-0.28333472199326654,0.0,0,two_ankles,accepted,2.3121213912963867,-0.14075106382369995,0.23757598833445262
1118,37.266666666666666,detected,3,1,0.9134169816970825,ankle_midpoint,866.548095703125,846.6119384765625,0.9748737215995789,0.9685066342353821,2.8443222045898438,10.521952629089355,2.8353287005604493,10.4843789632042,0.0,0,two_ankles,accepted,2.8443222045898438,10.521952629089355,0.04154496848260881
1119,37.3,detected,1,29,0.6673648953437805,ankle_midpoint,841.3197631835938,541.7211303710938,0.9695223569869995,0.9711858630180359,2.434234142303467,-0.05489327386021614,2.3209903370107674,-0.1805360703333939,0.0,0,two_ankles,accepted,2.434234142303467,-0.05489327386021614,0.14927519571560052
1119,37.3,detected,3,1,0.9194802641868591,ankle_midpoint,868.505615234375,846.6746826171875,0.9885767102241516,0.9868842363357544,2.8564512729644775,10.523056983947754,2.844833858142262,10.5017840725388,0.0,0,two_ankles,accepted,2.8564512729644775,10.523056983947754,0.01217924050545886
1120,37.333333333333336,detected,1,29,0.6670349836349487,ankle_midpoint,841.3593139648438,541.8253173828125,0.9693208336830139,0.9708888530731201,2.434776782989502,-0.04898325726389885,2.3721942377011977,-0.12133730445212114,0.0,0,two_ankles,accepted,2.434776782989502,-0.04898325726389885,0.005934876164073394
1120,37.333333333333336,detected,3,1,0.9197014570236206,ankle_midpoint,868.51513671875,846.6727905273438,0.9886104464530945,0.9869650602340698,2.8565096855163574,10.523015975952148,2.8500879804606054,10.511338429074808,0.0,0,two_ankles,accepted,2.8565096855163574,10.523015975952148,7.13700351737208e-05
1121,37.36666666666667,detected,1,29,0.6727253198623657,ankle_midpoint,845.4764404296875,546.365234375,0.9742020964622498,0.9768210649490356,2.482208490371704,0.20553985238075256,2.421700651402926,0.02575741612267203,0.0,0,two_ankles,accepted,2.482208490371704,0.20553985238075256,0.2589049636611359
1121,37.36666666666667,detected,3,1,0.9176567792892456,ankle_midpoint,871.3237915039062,847.411865234375,0.9893383979797363,0.9908590912818909,2.8740856647491455,10.53834056854248,2.8608869383904487,10.523489391835263,0.0,0,two_ankles,accepted,2.8740856647491455,10.53834056854248,0.023318623116536222
1122,37.4,detected,1,29,0.6704699993133545,ankle_midpoint,849.2490234375,538.4640502929688,0.9454892873764038,0.9527499675750732,2.510629653930664,-0.2430305927991867,2.472092861671504,0.16434316479444872,0.0,0,two_ankles,corrected_motion_outlier,2.533683340888654,0.333725746504398,0.44946991759958094
1122,37.4,detected,3,1,0.9125332832336426,ankle_midpoint,881.6681518554688,846.2896728515625,0.9912189841270447,0.992733359336853,2.9378082752227783,10.51337718963623,2.8955015399649975,10.518938900845699,0.0,0,two_ankles,accepted,2.9378082752227783,10.51337718963623,0.06843786504553853
1123,37.43333333333333,detected,1,29,0.6738340258598328,ankle_midpoint,849.3972778320312,538.3108520507812,0.945041835308075,0.9522086977958679,2.5119564533233643,-0.25189268589019775,2.490031477914841,-0.0229629680136422,0.06754798516504845,0,two_ankles,accepted,2.5119564533233643,-0.25189268589019775,0.22919940465061084
1123,37.43333333333333,detected,3,1,0.9124665856361389,ankle_midpoint,881.5925903320312,846.301025390625,0.9912099838256836,0.9927575588226318,2.937342643737793,10.513626098632812,2.914330036662756,10.5165481398499,0.0,0,two_ankles,accepted,2.937342643737793,10.513626098632812,0.0005279851971306935
1124,37.46666666666667,detected,1,29,0.7295178771018982,ankle_midpoint,853.02490234375,538.8868408203125,0.9699833393096924,0.9809141159057617,2.54961895942688,-0.21954813599586487,2.5168458445952586,-0.1114262936056424,0.0,0,two_ankles,accepted,2.54961895942688,-0.21954813599586487,0.049645083078431254
1124,37.46666666666667,detected,3,1,0.9213700294494629,ankle_midpoint,893.4461669921875,850.9925537109375,0.9916398525238037,0.9948268532752991,3.0111663341522217,10.611207962036133,2.9579063705330157,10.559145059833707,0.0,0,two_ankles,accepted,3.0111663341522217,10.611207962036133,0.12236076712602646
1125,37.5,detected,1,29,0.6630949974060059,ankle_midpoint,861.4212646484375,545.9730224609375,0.9847989678382874,0.9904182553291321,2.6418144702911377,0.18013425171375275,2.5488349707889153,-0.15403034100537127,0.0,0,two_ankles,corrected_motion_outlier,2.587932791692273,-0.20610195449392876,0.4101780385013105
1125,37.5,detected,3,1,0.9160490036010742,ankle_midpoint,916.98193359375,853.281005859375,0.9881701469421387,0.9945135116577148,3.1557888984680176,10.656364440917969,3.046953508103767,10.602893781321626,0.0,0,two_ankles,accepted,3.1557888984680176,10.656364440917969,0.15150839479805142
1126,37.53333333333333,detected,1,29,0.6323282718658447,ankle_midpoint,867.03564453125,549.1683349609375,0.980802059173584,0.9846567511558533,2.700747013092041,0.35615068674087524,2.617195389825322,0.07555112148043965,0.0,0,two_ankles,accepted,2.700747013092041,0.35615068674087524,0.2976024290496838
1126,37.53333333333333,detected,3,1,0.9083676338195801,ankle_midpoint,935.1597900390625,852.4844360351562,0.9896180033683777,0.9943732023239136,3.2675111293792725,10.637666702270508,3.1462044376777447,10.618541595748624,0.0,0,two_ankles,accepted,3.2675111293792725,10.637666702270508,0.11327604473284063
1127,37.56666666666667,detected,1,29,0.73058021068573,ankle_midpoint,874.7300415039062,550.4053344726562,0.9834157228469849,0.9872028231620789,2.778290271759033,0.422467440366745,2.689688086695492,0.23166346497927706,0.0,0,two_ankles,accepted,2.778290271759033,0.422467440366745,0.102033664915901
1127,37.56666666666667,detected,3,1,0.9059467911720276,ankle_midpoint,954.822265625,848.934814453125,0.9813887476921082,0.9885748028755188,3.3896548748016357,10.560908317565918,3.255757134383496,10.592606620566407,0.0,0,two_ankles,accepted,3.3896548748016357,10.560908317565918,0.14425998810571455
1128,37.6,detected,1,29,0.7262487411499023,ankle_midpoint,874.7291870117188,550.3635864257812,0.9834579229354858,0.9872100353240967,2.7782552242279053,0.4201781749725342,2.729543298585078,0.31649508447624275,0.0,0,two_ankles,accepted,2.7782552242279053,0.4201781749725342,0.002289533658754412
1128,37.6,detected,3,1,0.9059885740280151,ankle_midpoint,954.814453125,848.935791015625,0.9814733862876892,0.988660454750061,3.389606475830078,10.560930252075195,3.3159893380344583,10.578352254745363,0.0,0,two_ankles,accepted,3.389606475830078,10.560930252075195,5.3137398742062226e-05
1129,37.63333333333333,detected,1,29,0.7228067517280579,ankle_midpoint,884.8673095703125,551.85400390625,0.9855857491493225,0.9903077483177185,2.8797824382781982,0.49946412444114685,2.797150911446982,0.39883115246044964,0.0,0,two_ankles,accepted,2.8797824382781982,0.49946412444114685,0.12881784416746545
1129,37.63333333333333,detected,3,1,0.9066133499145508,ankle_midpoint,983.790771484375,860.5997314453125,0.9885770082473755,0.9957396984100342,3.5613698959350586,10.800021171569824,3.4264105890897287,10.678103267316372,0.0,0,two_ankles,accepted,3.5613698959350586,10.800021171569824,0.29439283325337107
1130,37.666666666666664,detected,1,29,0.6230226159095764,ankle_midpoint,888.9411010742188,554.3002319335938,0.9861388802528381,0.9898724555969238,2.921032428741455,0.6312783360481262,2.8528975942294954,0.5034323850749042,0.0,0,two_ankles,accepted,2.921032428741455,0.6312783360481262,0.1381178775350545
1130,37.666666666666664,detected,3,1,0.9107379913330078,ankle_midpoint,997.217529296875,867.5071411132812,0.974277913570404,0.992460310459137,3.638240098953247,10.93876838684082,3.521733868528312,10.795402571102375,0.0,0,two_ankles,accepted,3.638240098953247,10.93876838684082,0.15861846631938428
1131,37.7,detected,1,29,0.6233679056167603,ankle_midpoint,888.9627685546875,554.2737426757812,0.9860696792602539,0.9898092746734619,2.9212372303009033,0.6298437714576721,2.8836504304616293,0.5603175089471497,0.0,0,two_ankles,accepted,2.9212372303009033,0.6298437714576721,0.0014491098105171934
1131,37.7,detected,3,1,0.9107853174209595,ankle_midpoint,997.2289428710938,867.5453491210938,0.9743922352790833,0.9924524426460266,3.6382827758789062,10.939536094665527,3.5741808768360794,10.860262656705794,0.0,0,two_ankles,accepted,3.6382827758789062,10.939536094665527,0.000768893116174232
1132,37.733333333333334,detected,1,29,0.6886751055717468,ankle_midpoint,892.1070556640625,557.19384765625,0.9879558682441711,0.9890249371528625,2.9530768394470215,0.7858717441558838,2.914892314505056,0.6618169147910801,0.0,0,two_ankles,accepted,2.9530768394470215,0.7858717441558838,0.15924348958400608
1132,37.733333333333334,detected,3,1,0.9096010327339172,ankle_midpoint,1006.4365234375,872.0023193359375,0.9863146543502808,0.9958893656730652,3.6904470920562744,11.027739524841309,3.6265006736851673,10.935627247366778,0.0,0,two_ankles,accepted,3.6904470920562744,11.027739524841309,0.10247419664006326
1133,37.766666666666666,detected,1,29,0.8274976015090942,ankle_midpoint,896.3104248046875,561.9267578125,0.9783531427383423,0.9831081032752991,2.9952104091644287,1.03507399559021,2.951035457101774,0.8297826011506886,0.0,0,two_ankles,accepted,2.9952104091644287,1.03507399559021,0.25273899544207407
1133,37.766666666666666,detected,3,1,0.9002467393875122,ankle_midpoint,1022.60693359375,878.2828979492188,0.9902498126029968,0.9956490397453308,3.7820017337799072,11.150047302246094,3.6964761507278006,11.03211627206247,0.0,0,two_ankles,accepted,3.7820017337799072,11.150047302246094,0.15277907197925128
1134,37.8,detected,1,29,0.7648051977157593,ankle_midpoint,898.201904296875,562.2830810546875,0.9881788492202759,0.9897171258926392,3.0136518478393555,1.0533117055892944,2.979212832933686,0.9303706981480613,0.0,0,two_ankles,accepted,3.0136518478393555,1.0533117055892944,0.025936474826232462
1134,37.8,detected,3,1,0.9034174084663391,ankle_midpoint,1031.495849609375,882.8193359375,0.9907727241516113,0.9946720004081726,3.830747127532959,11.237532615661621,3.7568980902901226,11.12455362668209,0.0,0,two_ankles,accepted,3.830747127532959,11.237532615661621,0.10014885658634903
1135,37.833333333333336,detected,1,29,0.7676234245300293,ankle_midpoint,898.21728515625,562.3079223632812,0.98807692527771,0.9896411299705505,3.0138049125671387,1.0546067953109741,2.99477926876874,0.9862769418713722,0.0,0,two_ankles,accepted,3.0138049125671387,1.0546067953109741,0.00130410359944742
1135,37.833333333333336,detected,3,1,0.9033690094947815,ankle_midpoint,1031.4859619140625,882.79150390625,0.9908403754234314,0.9946815371513367,3.830713987350464,11.236993789672852,3.790115243967276,11.175151700027934,0.0,0,two_ankles,accepted,3.830713987350464,11.236993789672852,0.000539844160725364
1136,37.86666666666667,detected,1,29,0.780795693397522,ankle_midpoint,904.4392700195312,561.61474609375,0.9855405688285828,0.9873788952827454,3.0742337703704834,1.017012596130371,3.030533794489525,1.0001079862879219,0.0,0,two_ankles,accepted,3.0742337703704834,1.017012596130371,0.07116860731704472
1136,37.86666666666667,detected,3,1,0.921970546245575,ankle_midpoint,1057.8382568359375,890.087646484375,0.9832289814949036,0.9888396859169006,3.9787118434906006,11.37440299987793,3.8749837137527723,11.264814784960432,0.0,0,two_ankles,accepted,3.9787118434906006,11.37440299987793,0.20195211430252458
1137,37.9,detected,1,29,0.7811524868011475,ankle_midpoint,904.4241943359375,561.6231689453125,0.9857071042060852,0.987489640712738,3.074087381362915,1.017457127571106,3.050132908582551,1.0079150998653548,0.0,0,two_ankles,accepted,3.074087381362915,1.017457127571106,0.0004680148964922617
1137,37.9,detected,3,1,0.9198917746543884,ankle_midpoint,1065.0689697265625,890.07177734375,0.9812237024307251,0.9895897507667542,4.021143913269043,11.373322486877441,3.9407558035350942,11.313643250823088,0.0,0,two_ankles,accepted,4.021143913269043,11.373322486877441,0.04244582493045491
1138,37.93333333333333,detected,1,29,0.7998165488243103,ankle_midpoint,908.418212890625,561.834716796875,0.9647703766822815,0.9709017872810364,3.1129324436187744,1.0276950597763062,3.0783926993488517,1.016816081825283,0.0,0,two_ankles,accepted,3.1129324436187744,1.0276950597763062,0.04017155856448522
1138,37.93333333333333,detected,3,1,0.9206123948097229,ankle_midpoint,1065.10498046875,894.8416748046875,0.9899111390113831,0.9941971302032471,4.015990257263184,11.463703155517578,3.9746113077127347,11.381170207935607,0.0,0,two_ankles,accepted,4.015990257263184,11.463703155517578,0.09052748441255243
1139,37.96666666666667,detected,1,29,0.8025013208389282,ankle_midpoint,914.1903076171875,564.28955078125,0.9622418284416199,0.9707762598991394,3.168660879135132,1.1544071435928345,3.119013380252678,1.0787320596206813,0.0,0,two_ankles,accepted,3.168660879135132,1.1544071435928345,0.1384254698754088
1139,37.96666666666667,detected,3,1,0.9110987186431885,ankle_midpoint,1084.5947265625,906.9063720703125,0.9906438589096069,0.9917269945144653,4.114738941192627,11.68570613861084,4.037668742778687,11.518211376739462,0.0,0,two_ankles,accepted,4.114738941192627,11.68570613861084,0.24297453998331625
1140,38.0,detected,1,29,0.8083962202072144,ankle_midpoint,915.3951416015625,564.1162109375,0.9717910289764404,0.9785479307174683,3.1803526878356934,1.1451616287231445,3.1466160686650353,1.1086253657167897,0.0,0,two_ankles,accepted,3.1803526878356934,1.1451616287231445,0.014905634367452595
1140,38.0,detected,3,1,0.9164323210716248,ankle_midpoint,1089.428955078125,916.016357421875,0.9828596711158752,0.9827066659927368,4.131244659423828,11.850207328796387,4.079777905269,11.667609555165079,0.0,0,two_ankles,accepted,4.131244659423828,11.850207328796387,0.16532719167393267
1141,38.03333333333333,detected,1,29,0.8079624772071838,ankle_midpoint,915.36083984375,564.0552978515625,0.97160404920578,0.9783226251602173,3.1800320148468018,1.1420072317123413,3.16165324444683,1.123647205414788,0.0,0,two_ankles,accepted,3.1800320148468018,1.1420072317123413,0.003170654769534044
1141,38.03333333333333,detected,3,1,0.9181842803955078,ankle_midpoint,1090.50537109375,915.3936767578125,0.9832322001457214,0.9837977290153503,4.1381354331970215,11.838930130004883,4.10603879283661,11.744703813842992,0.0,0,two_ankles,accepted,4.1381354331970215,11.838930130004883,0.013215822932244008
1142,38.06666666666667,detected,1,29,0.8323809504508972,ankle_midpoint,918.098876953125,565.8861694335938,0.9900497198104858,0.9913361072540283,3.2061047554016113,1.2361258268356323,3.1816564243764818,1.174262585054168,0.0,0,two_ankles,accepted,3.2061047554016113,1.2361258268356323,0.09766318522360609
1142,38.06666666666667,detected,3,1,0.9314283132553101,ankle_midpoint,1101.924072265625,920.754150390625,0.9737796187400818,0.9682042598724365,4.19614839553833,11.93335247039795,4.146588114052385,11.829595709292724,0.0,0,two_ankles,accepted,4.19614839553833,11.93335247039795,0.11082004405755391
1143,38.1,detected,1,29,0.8529041409492493,ankle_midpoint,924.5506591796875,567.8824462890625,0.9894389510154724,0.9914525747299194,3.267625570297241,1.3372493982315063,3.2203425400408237,1.2476066509839703,0.0,0,two_ankles,accepted,3.267625570297241,1.3372493982315063,0.11836717178879787
1143,38.1,detected,3,1,0.9207128882408142,ankle_midpoint,1113.96142578125,925.3219604492188,0.978184163570404,0.9790958166122437,4.257997035980225,12.012653350830078,4.196722128919913,11.911971647984533,0.0,0,two_ankles,accepted,4.257997035980225,12.012653350830078,0.1005678077807285
1144,38.13333333333333,detected,1,29,0.8627336025238037,ankle_midpoint,928.93212890625,571.06103515625,0.9885222911834717,0.9913507699966431,3.308330535888672,1.4978454113006592,3.259937138172355,1.3602140931264803,0.0,0,two_ankles,accepted,3.308330535888672,1.4978454113006592,0.1656742998702788
1144,38.13333333333333,detected,3,1,0.9254846572875977,ankle_midpoint,1119.171875,929.3903198242188,0.9733521938323975,0.9790200591087341,4.28167200088501,12.083139419555664,4.234949571304207,11.988997145191544,0.0,0,two_ankles,accepted,4.28167200088501,12.083139419555664,0.07435583264029011
1145,38.166666666666664,detected,1,29,0.8634745478630066,ankle_midpoint,928.9949951171875,571.0631103515625,0.9885699152946472,0.9913628101348877,3.308929920196533,1.4979372024536133,3.281983890083236,1.4221894923236902,0.0,0,two_ankles,accepted,3.308929920196533,1.4979372024536133,0.0006063721334882126
1145,38.166666666666664,detected,3,1,0.9256674647331238,ankle_midpoint,1119.1446533203125,929.4107666015625,0.9732918739318848,0.9790030121803284,4.281491279602051,12.083498001098633,4.255893340038237,12.031522530349735,0.0,0,two_ankles,accepted,4.281491279602051,12.083498001098633,0.00040154813543607793
1146,38.2,detected,1,29,0.8327509164810181,ankle_midpoint,934.22412109375,574.942138671875,0.9868916869163513,0.9894618391990662,3.3567986488342285,1.6912457942962646,3.3156505315211824,1.5432648282113488,0.0,0,two_ankles,accepted,3.3567986488342285,1.6912457942962646,0.19914724919410282
1146,38.2,detected,3,1,0.917595624923706,ankle_midpoint,1117.65087890625,926.190673828125,0.9776355624198914,0.9824990034103394,4.277556419372559,12.027497291564941,4.265641725738682,12.02971117289658,0.0,0,two_ankles,accepted,4.277556419372559,12.027497291564941,0.05613877976321283
1147,38.233333333333334,detected,1,29,0.8577771782875061,ankle_midpoint,934.6365966796875,578.3424072265625,0.9886423945426941,0.9899812340736389,3.3588974475860596,1.859147548675537,3.3351116437503774,1.6854120524202336,0.0,0,two_ankles,accepted,3.3588974475860596,1.859147548675537,0.16791487152672996
1147,38.233333333333334,detected,3,1,0.9160974621772766,ankle_midpoint,1112.2921142578125,921.6100463867188,0.9742075800895691,0.9861043095588684,4.253632545471191,11.947443962097168,4.260237594618312,11.992690928036845,0.0,0,two_ankles,accepted,4.253632545471191,11.947443962097168,0.08355170435918349
1148,38.266666666666666,detected,1,29,0.8020550012588501,ankle_midpoint,934.0274658203125,578.6065673828125,0.9867931008338928,0.9893827438354492,3.3530261516571045,1.8722282648086548,3.343173172308405,1.769479347995023,0.0,0,two_ankles,accepted,3.3530261516571045,1.8722282648086548,0.014337965352188906
1148,38.266666666666666,detected,3,1,0.9183828234672546,ankle_midpoint,1106.0526123046875,920.4324340820312,0.9767929315567017,0.9811558723449707,4.219927787780762,11.927224159240723,4.242098181541415,11.96323088207859,0.0,0,two_ankles,accepted,4.219927787780762,11.927224159240723,0.03930459411473541
1149,38.3,detected,1,29,0.8020966053009033,ankle_midpoint,934.0064697265625,578.626953125,0.9868491888046265,0.9894313812255859,3.352818012237549,1.8732318878173828,3.34751335027652,1.8161679909150852,0.0,0,two_ankles,accepted,3.352818012237549,1.8732318878173828,0.0010249786152019304
1149,38.3,detected,3,1,0.9184421896934509,ankle_midpoint,1105.99365234375,920.403076171875,0.9769385457038879,0.9813107252120972,4.219633102416992,11.926709175109863,4.231988895935425,11.946796113942664,0.0,0,two_ankles,accepted,4.219633102416992,11.926709175109863,0.0005933364295717622
1150,38.333333333333336,detected,1,29,0.796010434627533,ankle_midpoint,935.3893432617188,577.4478759765625,0.9576552510261536,0.9689416885375977,3.3664700984954834,1.8150173425674438,3.3560438869750535,1.8156501991586467,0.0,0,two_ankles,accepted,3.3664700984954834,1.8150173425674438,0.059793918903608224
1150,38.333333333333336,detected,3,1,0.9232355952262878,ankle_midpoint,1095.9122314453125,916.7442626953125,0.9740879535675049,0.9813106060028076,4.167198181152344,11.862569808959961,4.202833074283038,11.908894276700448,0.0,0,two_ankles,accepted,4.167198181152344,11.862569808959961,0.08284491087653556
1151,38.36666666666667,detected,1,29,0.8441684246063232,ankle_midpoint,931.9719848632812,577.9649658203125,0.9892868995666504,0.9916485548019409,3.333993673324585,1.8411493301391602,3.346121290832343,1.8271248080998779,0.0,0,two_ankles,accepted,3.333993673324585,1.8411493301391602,0.04168451710562689
1151,38.36666666666667,detected,3,1,0.9232500791549683,ankle_midpoint,1067.4056396484375,907.4097900390625,0.9801416397094727,0.9876309037208557,4.015362739562988,11.696718215942383,4.118471423659017,11.81341504935932,0.0,0,two_ankles,accepted,4.015362739562988,11.696718215942383,0.2248571818490638
1152,38.4,detected,1,29,0.7973392605781555,ankle_midpoint,930.5457153320312,578.1526489257812,0.988345742225647,0.9935006499290466,3.3204712867736816,1.850658655166626,3.3345787890059455,1.8377150392799146,0.0,0,two_ankles,accepted,3.3204712867736816,1.850658655166626,0.01653124921202384
1152,38.4,detected,3,1,0.9260587692260742,ankle_midpoint,1054.215087890625,910.81396484375,0.9783763885498047,0.9862293004989624,3.9361510276794434,11.76008129119873,4.036427245468209,11.789414858187055,0.0,0,two_ankles,accepted,3.9361510276794434,11.76008129119873,0.10143655458198148
1153,38.43333333333333,detected,1,29,0.8072037100791931,ankle_midpoint,935.1482543945312,576.713623046875,0.9915729761123657,0.9968532919883728,3.364593744277954,1.7788535356521606,3.3480855188783494,1.8112273626474253,0.0,0,two_ankles,accepted,3.364593744277954,1.7788535356521606,0.08427791196216823
1153,38.43333333333333,detected,3,1,0.9257990717887878,ankle_midpoint,1040.264892578125,915.8934936523438,0.9899420738220215,0.9931546449661255,3.851741075515747,11.85308837890625,3.9533184689896013,11.818067942510693,0.0,0,two_ankles,accepted,3.851741075515747,11.85308837890625,0.12559999358324717
1154,38.46666666666667,detected,1,29,0.8068259954452515,ankle_midpoint,935.1505126953125,576.70458984375,0.9915657043457031,0.9968011379241943,3.3646199703216553,1.7784068584442139,3.355526022027837,1.7964581357559803,0.0,0,two_ankles,accepted,3.3646199703216553,1.7784068584442139,0.0004474464587717109
1154,38.46666666666667,detected,3,1,0.9257184863090515,ankle_midpoint,1040.2645263671875,915.8828125,0.9899036884307861,0.9931491017341614,3.8517487049102783,11.852897644042969,3.907612075153906,11.833741308200217,0.0,0,two_ankles,accepted,3.8517487049102783,11.852897644042969,0.0001908873901854981
1155,38.5,detected,1,29,0.8066638112068176,ankle_midpoint,935.1551513671875,576.7206420898438,0.9915633201599121,0.9968459010124207,3.364655017852783,1.7791987657546997,3.3596340701490632,1.7886914192554042,0.0,0,two_ankles,accepted,3.364655017852783,1.7791987657546997,0.0007926824823591597
1155,38.5,detected,3,1,0.9257214069366455,ankle_midpoint,1040.259033203125,915.8834838867188,0.9899877905845642,0.9931582808494568,3.8517167568206787,11.852910041809082,3.882459181903954,11.842367238324208,0.0,0,two_ankles,accepted,3.8517167568206787,11.852910041809082,3.426930162206831e-05
1156,38.53333333333333,detected,1,29,0.7452315092086792,ankle_midpoint,942.35205078125,577.2034912109375,0.9677345752716064,0.9860720038414001,3.4322991371154785,1.8015642166137695,3.39233335028395,1.7944841780666687,0.0,0,two_ankles,accepted,3.4322991371154785,1.8015642166137695,0.07124563329043553
1156,38.53333333333333,detected,3,1,0.9247524738311768,ankle_midpoint,1037.75146484375,916.456787109375,0.9891359806060791,0.9919955730438232,3.8369498252868652,11.863433837890625,3.8619799714262646,11.851847208129097,0.0,0,two_ankles,accepted,3.8369498252868652,11.863433837890625,0.01813318920902316
1157,38.56666666666667,detected,3,1,0.9335269927978516,ankle_midpoint,1034.2762451171875,916.36669921875,0.9552838206291199,0.9629159569740295,3.817274570465088,11.862180709838867,3.841862540993735,11.856497283898495,0.0,0,two_ankles,accepted,3.817274570465088,11.862180709838867,0.019715120649287817
1157,38.56666666666667,predicted,1,,,motion_prediction,,,,,,,3.458809051022742,1.805575538867778,,1,,motion_prediction,3.458809051022742,1.805575538867778,
1158,38.6,detected,3,1,0.9322119355201721,ankle_midpoint,1032.236328125,912.4571533203125,0.9696808457374573,0.9716660976409912,3.808990955352783,11.792105674743652,3.8270703274553073,11.827521059778817,0.0,0,two_ankles,accepted,3.808990955352783,11.792105674743652,0.0705629422779719
1158,38.6,predicted,1,,,motion_prediction,,,,,,,3.4853189649300056,1.8095868611217867,,2,,motion_prediction,3.4853189649300056,1.8095868611217867,
1159,38.63333333333333,detected,1,29,0.4573420286178589,ankle_midpoint,968.5458984375,576.6127319335938,0.9200838804244995,0.9745032787322998,3.680156707763672,1.767086148262024,3.5218538611498253,1.7821550646545787,0.0,0,two_ankles,accepted,3.680156707763672,1.767086148262024,0.08341470195814259
1159,38.63333333333333,detected,3,1,0.9322106242179871,ankle_midpoint,1032.178466796875,912.4304809570312,0.9696422815322876,0.9716372489929199,3.808683395385742,11.791629791259766,3.818796208024003,11.811369988945245,0.0,0,two_ankles,accepted,3.808683395385742,11.791629791259766,0.0005666199992609082
1160,38.666666666666664,detected,1,29,0.5523878335952759,ankle_midpoint,979.168701171875,578.2842407226562,0.9466183185577393,0.9852153062820435,3.7782704830169678,1.8472881317138672,3.6372413409900397,1.8114649448312585,0.0,0,two_ankles,accepted,3.7782704830169678,1.8472881317138672,0.1267228118535254
1160,38.666666666666664,detected,3,1,0.9290553331375122,ankle_midpoint,1029.765869140625,910.613525390625,0.9663760662078857,0.9685764312744141,3.7964253425598145,11.758993148803711,3.8087293185651183,11.787800410881555,0.0,0,two_ankles,accepted,3.7964253425598145,11.758993148803711,0.034862734974290044
1161,38.7,detected,1,29,0.6735041737556458,ankle_midpoint,1005.7171020507812,576.61767578125,0.9729663133621216,0.991004467010498,4.031382083892822,1.7597790956497192,3.8146046752962923,1.788206312699566,0.0,0,two_ankles,accepted,4.031382083892822,1.7597790956497192,0.2678120869020183
1161,38.7,detected,3,1,0.910851776599884,ankle_midpoint,1026.35400390625,900.3214111328125,0.9788098335266113,0.9830408692359924,3.7853915691375732,11.570366859436035,3.7982273313227237,11.689955312731072,0.0,0,two_ankles,accepted,3.7853915691375732,11.570366859436035,0.18894872636922302
1162,38.733333333333334,detected,1,29,0.7861685156822205,ankle_midpoint,1013.208740234375,577.1494140625,0.9395541548728943,0.981799304485321,4.101128578186035,1.78452467918396,3.9435404315966767,1.7865495776175435,0.0,0,two_ankles,accepted,4.101128578186035,1.78452467918396,0.07400619819071416
1162,38.733333333333334,detected,3,1,0.9141486287117004,ankle_midpoint,1023.8878173828125,895.28076171875,0.992970883846283,0.9945628046989441,3.7752532958984375,11.476367950439453,3.7878890153817952,11.593840999699843,0.0,0,two_ankles,accepted,3.7752532958984375,11.476367950439453,0.09454406103409714
1163,38.766666666666666,detected,1,29,0.787413477897644,ankle_midpoint,1013.222412109375,577.126953125,0.9393919110298157,0.9817196726799011,4.101302146911621,1.7834135293960571,4.014533203488402,1.7851383559178746,0.0,0,two_ankles,accepted,4.101302146911621,1.7834135293960571,0.0011246243611348792
1163,38.766666666666666,detected,3,1,0.9143286943435669,ankle_midpoint,1023.8601684570312,895.307861328125,0.9929553866386414,0.994559109210968,3.7750697135925293,11.47688102722168,3.782120329576626,11.541209012084671,0.0,0,two_ankles,accepted,3.7750697135925293,11.47688102722168,0.0005449314154116429
1164,38.8,detected,1,29,0.7856218814849854,ankle_midpoint,1013.236572265625,577.16015625,0.9390634894371033,0.9816323518753052,4.101369857788086,1.7850492000579834,4.05360969792326,1.7850982357809237,0.0,0,two_ankles,accepted,4.101369857788086,1.7850492000579834,0.001637071555271167
1164,38.8,detected,3,1,0.9142022132873535,ankle_midpoint,1023.856689453125,895.2855834960938,0.9929646253585815,0.9945700764656067,3.7750680446624756,11.476462364196777,3.778946801365259,11.51207302053512,0.0,0,two_ankles,accepted,3.7750680446624756,11.476462364196777,0.00041866635134424725
1165,38.833333333333336,detected,1,29,0.8937179446220398,ankle_midpoint,1028.153564453125,580.593505859375,0.9646827578544617,0.9882481694221497,4.234524726867676,1.9503493309020996,4.135021460948248,1.859461228585453,0.0,0,two_ankles,accepted,4.234524726867676,1.9503493309020996,0.21226010557022873
1165,38.833333333333336,detected,3,1,0.9168925881385803,ankle_midpoint,1025.5224609375,876.4481811523438,0.9843453764915466,0.9863130450248718,3.8009581565856934,11.11367416381836,3.7750551102196725,11.479960332270348,0.0,0,two_ankles,corrected_motion_outlier,3.7702985988195117,11.440711491057847,0.36371084150628213
1166,38.86666666666667,detected,1,29,0.8935258984565735,ankle_midpoint,1028.193603515625,580.5836181640625,0.9650242924690247,0.9882728457450867,4.234922409057617,1.9498597383499146,4.179976887597464,1.9001405579794608,0.0,0,two_ankles,accepted,4.234922409057617,1.9498597383499146,0.000630755096175744
1166,38.86666666666667,detected,3,1,0.9169099926948547,ankle_midpoint,1025.5430908203125,876.4234619140625,0.9842608571052551,0.9862518906593323,3.801102876663208,11.113184928894043,3.7867766051192637,11.314911400751011,0.0,0,two_ankles,accepted,3.801102876663208,11.113184928894043,0.1821045767391904
1167,38.9,detected,1,29,0.8786172866821289,ankle_midpoint,1031.59375,580.2982177734375,0.9601112604141235,0.9847902655601501,4.2674641609191895,1.9352680444717407,4.219346160592241,1.915947926900987,0.0,0,two_ankles,accepted,4.2674641609191895,1.9352680444717407,0.03566347072922765
1167,38.9,detected,3,1,0.9193821549415588,ankle_midpoint,1028.2371826171875,873.9651489257812,0.9812426567077637,0.9843600392341614,3.8193860054016113,11.064319610595703,3.80145083524632,11.202145095181123,0.0,0,two_ankles,accepted,3.8193860054016113,11.064319610595703,0.052173672756123814
1168,38.93333333333333,detected,1,29,0.8364530801773071,ankle_midpoint,1037.388916015625,578.3871459960938,0.9866384267807007,0.9957406520843506,4.326435565948486,1.8405683040618896,4.267536393002551,1.8820270966233932,0.0,0,two_ankles,accepted,4.326435565948486,1.8405683040618896,0.11156015168877532
1168,38.93333333333333,detected,3,1,0.9198351502418518,ankle_midpoint,1032.6895751953125,874.321044921875,0.9795647859573364,0.984209418296814,3.845686197280884,11.070878028869629,3.821356748161874,11.143074915340952,0.0,0,two_ankles,accepted,3.845686197280884,11.070878028869629,0.027105588780587532
1169,38.96666666666667,detected,1,29,0.8346400856971741,ankle_midpoint,1037.365478515625,578.4255981445312,0.9864697456359863,0.9956766963005066,4.326122283935547,1.8424618244171143,4.293900043922399,1.8642227241305678,0.0,0,two_ankles,accepted,4.326122283935547,1.8424618244171143,0.0019192615651029243
1169,38.96666666666667,detected,3,1,0.9198349714279175,ankle_midpoint,1032.6680908203125,874.4608764648438,0.9795291423797607,0.9841650724411011,3.8454267978668213,11.073649406433105,3.832188270529101,11.111833436332422,0.0,0,two_ankles,accepted,3.8454267978668213,11.073649406433105,0.0027834909116713955
1170,39.0,detected,1,29,0.8365235328674316,ankle_midpoint,1039.4136962890625,577.4077758789062,0.9692531824111938,0.9884908199310303,4.347908020019531,1.7919546365737915,4.3182036331661084,1.8317020847300185,0.0,0,two_ankles,accepted,4.347908020019531,1.7919546365737915,0.05500540264884631
1170,39.0,detected,3,1,0.924051821231842,ankle_midpoint,1031.8240966796875,877.5206298828125,0.9620715975761414,0.9720686078071594,3.8375473022460938,11.134077072143555,3.8345998348017476,11.121843072447433,0.0,0,two_ankles,accepted,3.8375473022460938,11.134077072143555,0.060939225745416756
1171,39.03333333333333,detected,1,29,0.8492584228515625,ankle_midpoint,1044.63623046875,576.096435546875,0.9795859456062317,0.9956633448600769,4.4005513191223145,1.7260595560073853,4.355260091846402,1.7841629468048337,0.0,0,two_ankles,accepted,4.4005513191223145,1.7260595560073853,0.08434144048614693
1171,39.03333333333333,detected,3,1,0.914476752281189,ankle_midpoint,1032.865478515625,883.2236328125,0.969197154045105,0.976330578327179,3.8384804725646973,11.245219230651855,3.836346121795075,11.177362343639423,0.0,0,two_ankles,accepted,3.8384804725646973,11.245219230651855,0.11114607597539275
1172,39.06666666666667,detected,1,29,0.850618839263916,ankle_midpoint,1044.6007080078125,576.13134765625,0.979599118232727,0.9956645369529724,4.400125980377197,1.7277971506118774,4.3754497416852605,1.7587983385180035,0.0,0,two_ankles,accepted,4.400125980377197,1.7277971506118774,0.0017888957648947088
1172,39.06666666666667,detected,3,1,0.9144189357757568,ankle_midpoint,1032.8553466796875,883.2374267578125,0.9692817330360413,0.976414144039154,3.8384079933166504,11.245488166809082,3.837273963979784,11.20801896406577,0.0,0,two_ankles,accepted,3.8384079933166504,11.245488166809082,0.00027853168232937306
1173,39.1,detected,1,29,0.851091742515564,ankle_midpoint,1046.970703125,574.1785278320312,0.9810253977775574,0.9960842132568359,4.427660942077637,1.6301556825637817,4.39894478186183,1.7009091433386039,0.0,0,two_ankles,accepted,4.427660942077637,1.6301556825637817,0.1014496446441877
1173,39.1,detected,3,1,0.9137669205665588,ankle_midpoint,1033.9700927734375,883.9526977539062,0.9686942100524902,0.9711068272590637,3.844339370727539,11.259210586547852,3.840453397016274,11.231055194182709,0.0,0,two_ankles,accepted,3.844339370727539,11.259210586547852,0.014949449537604121
1174,39.13333333333333,detected,1,29,0.8434746265411377,ankle_midpoint,1049.820556640625,576.7561645507812,0.9840123653411865,0.996740996837616,4.4478535652160645,1.7576664686203003,4.420953734371236,1.7264499397153674,0.0,0,two_ankles,accepted,4.4478535652160645,1.7576664686203003,0.12909973892290338
1174,39.13333333333333,detected,3,1,0.9126028418540955,ankle_midpoint,1033.5255126953125,884.9630126953125,0.9748207926750183,0.9700381755828857,3.8407833576202393,11.278772354125977,3.8406018792880587,11.252527916157181,0.0,0,two_ankles,accepted,3.8407833576202393,11.278772354125977,0.01988235348241929
1175,39.166666666666664,detected,1,29,0.8424632549285889,ankle_midpoint,1051.7255859375,579.395263671875,0.9663965106010437,0.9918124675750732,4.458796977996826,1.8871033191680908,4.437983194002752,1.7987439604690931,0.0,0,two_ankles,accepted,4.458796977996826,1.8871033191680908,0.1298986395734043
1175,39.166666666666664,detected,3,1,0.9106069803237915,ankle_midpoint,1029.2735595703125,880.9136962890625,0.9859409928321838,0.9755381941795349,3.8193020820617676,11.200735092163086,3.8310169705362282,11.229221145359839,0.0,0,two_ankles,accepted,3.8193020820617676,11.200735092163086,0.08093985084174427
1176,39.2,detected,1,29,0.8138075470924377,ankle_midpoint,1050.96728515625,579.2857666015625,0.9742507934570312,0.992222249507904,4.4519572257995605,1.8818962574005127,4.444271508311315,1.836162494088232,0.0,0,two_ankles,accepted,4.4519572257995605,1.8818962574005127,0.00859626095295936
1176,39.2,detected,3,1,0.9087422490119934,ankle_midpoint,1031.8890380859375,878.3970947265625,0.9914048910140991,0.9826399683952332,3.837125778198242,11.151269912719727,3.8337659339841346,11.194143090671789,0.0,0,two_ankles,accepted,3.837125778198242,11.151269912719727,0.05257839976006423
1177,39.233333333333334,detected,1,29,0.8170302510261536,ankle_midpoint,1050.844482421875,579.2520751953125,0.9744252562522888,0.9922577142715454,4.450891494750977,1.8802714347839355,4.4472505022091635,1.8560115174012985,0.0,0,two_ankles,accepted,4.450891494750977,1.8802714347839355,0.0019431498149284656
1177,39.233333333333334,detected,3,1,0.9089874625205994,ankle_midpoint,1031.904296875,878.44921875,0.9913890957832336,0.9826662540435791,3.8371684551239014,11.152290344238281,3.83529706849703,11.175309354776712,0.0,0,two_ankles,accepted,3.8371684551239014,11.152290344238281,0.0010213235550223761
1178,39.266666666666666,detected,1,29,0.8200758099555969,ankle_midpoint,1049.6630859375,580.5997924804688,0.9914388656616211,0.9983654618263245,4.436252593994141,1.9463310241699219,4.442301443512403,1.8966552954471791,0.0,0,two_ankles,accepted,4.436252593994141,1.9463310241699219,0.06766215164487166
1178,39.266666666666666,detected,3,1,0.913307785987854,ankle_midpoint,1031.816650390625,870.5460205078125,0.991100013256073,0.98164302110672,3.843993902206421,10.995878219604492,3.839210643666256,11.094565343949213,0.0,0,two_ankles,accepted,3.843993902206421,10.995878219604492,0.1565609768120148
1179,39.3,detected,1,29,0.8815892934799194,ankle_midpoint,1046.5081787109375,580.5115966796875,0.9937930107116699,0.99639493227005,4.406885623931885,1.9426686763763428,4.42636432470117,1.917361316865303,0.0,0,two_ankles,accepted,4.406885623931885,1.9426686763763428,0.029594454243972224
1179,39.3,detected,3,1,0.91241854429245,ankle_midpoint,1024.881591796875,857.1390380859375,0.9953173398971558,0.9910079836845398,3.814427614212036,10.724183082580566,3.828058280411857,10.927893326333322,0.0,0,two_ankles,accepted,3.814427614212036,10.724183082580566,0.2732991270901111
1180,39.333333333333336,detected,1,29,0.8656311631202698,ankle_midpoint,1043.5482177734375,580.2459716796875,0.9963100552558899,0.9974777102470398,4.379782676696777,1.9303146600723267,4.405402583099194,1.9231903213084638,0.0,0,two_ankles,accepted,4.379782676696777,1.9303146600723267,0.029785759477792623
1180,39.333333333333336,detected,3,1,0.9071147441864014,ankle_midpoint,1023.8701171875,853.5191650390625,0.9959158301353455,0.9924863576889038,3.811556339263916,10.649147987365723,3.8206324068952835,10.802457923797903,0.0,0,two_ankles,accepted,3.811556339263916,10.649147987365723,0.07509001087846752
1181,39.36666666666667,detected,1,29,0.8660299777984619,ankle_midpoint,1043.5419921875,580.2468872070312,0.9963346719741821,0.9974929094314575,4.3797221183776855,1.9303605556488037,4.393846373974515,1.926416926761617,0.0,0,two_ankles,accepted,4.3797221183776855,1.9303605556488037,7.598495871805622e-05
1181,39.36666666666667,detected,3,1,0.9071571230888367,ankle_midpoint,1023.868896484375,853.5289306640625,0.9959315657615662,0.9925343990325928,3.811539888381958,10.649351119995117,3.816540773564287,10.73355986208665,0.0,0,two_ankles,accepted,3.811539888381958,10.649351119995117,0.00020379768556569108
1182,39.4,detected,1,29,0.8630400896072388,ankle_midpoint,1040.7445068359375,579.429443359375,0.9955444931983948,0.9968756437301636,4.355473518371582,1.8909907341003418,4.376578588953196,1.9104751400640432,0.0,0,two_ankles,accepted,4.355473518371582,1.8909907341003418,0.046238268252755094
1182,39.4,detected,3,1,0.9058903455734253,ankle_midpoint,1025.2125244140625,849.754150390625,0.9966365098953247,0.9947425127029419,3.82330584526062,10.570096015930176,3.819585055827637,10.660001131316237,0.0,0,two_ankles,accepted,3.82330584526062,10.570096015930176,0.08012371223062015
1183,39.43333333333333,detected,1,29,0.847143828868866,ankle_midpoint,1029.4697265625,578.1002807617188,0.9940359592437744,0.9957020878791809,4.252492904663086,1.828071117401123,4.3207400310226465,1.8733933298657293,0.0,0,two_ankles,accepted,4.252492904663086,1.828071117401123,0.12068092212671852
1183,39.43333333333333,detected,3,1,0.9012569785118103,ankle_midpoint,1034.2496337890625,843.9976806640625,0.9799315333366394,0.9685069918632507,3.884876012802124,10.446945190429688,3.8489659864661565,10.564125957917291,0.0,0,two_ankles,accepted,3.884876012802124,10.446945190429688,0.1376844630034216
1184,39.46666666666667,detected,1,29,0.7751476764678955,ankle_midpoint,1014.2088012695312,569.5272216796875,0.9773266911506653,0.9837407469749451,4.12600040435791,1.402503252029419,4.269264833655426,1.8403301739237605,0.0,0,two_ankles,corrected_motion_outlier,4.206350703539934,1.7999196499946875,0.4439688735378684
1184,39.46666666666667,detected,3,1,0.9136466383934021,ankle_midpoint,1040.306884765625,837.9967041015625,0.9939858317375183,0.9905439019203186,3.928981304168701,10.31700325012207,3.884972879432302,10.452920739409443,0.0,0,two_ankles,accepted,3.928981304168701,10.31700325012207,0.13722311968993786
1185,39.5,detected,1,29,0.7730830311775208,ankle_midpoint,1014.2964477539062,569.4786376953125,0.9772854447364807,0.9837009310722351,4.1269402503967285,1.4000145196914673,4.2052187711890125,1.6421881295192287,0.0,0,two_ankles,accepted,4.1269402503967285,1.4000145196914673,0.22304479361559504
1185,39.5,detected,3,1,0.9136549830436707,ankle_midpoint,1040.327880859375,837.934326171875,0.9939965009689331,0.9905552268028259,3.92918062210083,10.31564712524414,3.9048663636331398,10.391147613035058,0.0,0,two_ankles,accepted,3.92918062210083,10.31564712524414,0.001370694102492585
1186,39.53333333333333,detected,1,29,0.8058216571807861,ankle_midpoint,1016.7330322265625,573.485107421875,0.967521607875824,0.9792599678039551,4.141932487487793,1.6016737222671509,4.176739943523464,1.623956646255794,0.0,0,two_ankles,accepted,4.141932487487793,1.6016737222671509,0.20221572925085546
1186,39.53333333333333,detected,3,1,0.9145337343215942,ankle_midpoint,1044.95068359375,833.2667846679688,0.9941722750663757,0.9878224730491638,3.9634084701538086,10.21316909790039,3.931210311567441,10.311057281224457,0.0,0,two_ankles,accepted,3.9634084701538086,10.21316909790039,0.10804300842999587
1187,39.56666666666667,detected,1,29,0.8041367530822754,ankle_midpoint,1012.3811645507812,578.3544921875,0.990659773349762,0.993911862373352,4.090958118438721,1.8440219163894653,4.13813812223533,1.7229860178159462,0.0,0,two_ankles,accepted,4.090958118438721,1.8440219163894653,0.24765103168429972
1187,39.56666666666667,detected,3,1,0.916776716709137,ankle_midpoint,1052.0869140625,825.7904052734375,0.9861102104187012,0.986617386341095,4.017401695251465,10.046433448791504,3.9699964342252514,10.191976556629628,0.0,0,two_ankles,accepted,4.017401695251465,10.046433448791504,0.17525993563906148
1188,39.6,detected,1,29,0.8148040175437927,ankle_midpoint,1008.6746826171875,577.3026123046875,0.9895250797271729,0.9932180047035217,4.058034420013428,1.7930021286010742,4.102091456235474,1.754493267669254,0.0,0,two_ankles,accepted,4.058034420013428,1.7930021286010742,0.060720578587263985
1188,39.6,detected,3,1,0.9184946417808533,ankle_midpoint,1056.401123046875,824.371337890625,0.9874702095985413,0.9818670749664307,4.046630859375,10.014060974121094,4.004481925542638,10.111914544500788,0.0,0,two_ankles,accepted,4.046630859375,10.014060974121094,0.043615606743995915
1189,39.63333333333333,detected,1,29,0.8130490183830261,ankle_midpoint,1008.699462890625,577.296630859375,0.9895220398902893,0.9932123422622681,4.058279514312744,1.792702078819275,4.082376082370246,1.7716872326867634,0.0,0,two_ankles,accepted,4.058279514312744,1.792702078819275,0.00038742881554579484
1189,39.63333333333333,detected,3,1,0.9184709191322327,ankle_midpoint,1056.4132080078125,824.3731689453125,0.9874326586723328,0.9818428158760071,4.046705722808838,10.014101028442383,4.023482634312428,10.067898462274506,0.0,0,two_ankles,accepted,4.046705722808838,10.014101028442383,8.49051375355324e-05
1190,39.666666666666664,detected,1,29,0.8374658226966858,ankle_midpoint,1005.583740234375,577.3590698242188,0.9891063570976257,0.9930657148361206,4.028759956359863,1.7964129447937012,4.058248825665574,1.7828138031348855,0.0,0,two_ankles,accepted,4.028759956359863,1.7964129447937012,0.029751887805879583
1190,39.666666666666664,detected,3,1,0.9129992723464966,ankle_midpoint,1058.5911865234375,822.801513671875,0.9911735653877258,0.9851438403129578,4.0626020431518555,9.97841739654541,4.041086368290171,10.027631982696413,0.0,0,two_ankles,accepted,4.0626020431518555,9.97841739654541,0.039064236659718296
1191,39.7,detected,1,29,0.8363087177276611,ankle_midpoint,1004.6468505859375,577.564697265625,0.9842394590377808,0.9900406002998352,4.019545555114746,1.8067370653152466,4.040832353917701,1.793579271116048,0.0,0,two_ankles,accepted,4.019545555114746,1.8067370653152466,0.013838087109474786
1191,39.7,detected,3,1,0.9106850624084473,ankle_midpoint,1064.23974609375,822.6704711914062,0.988365888595581,0.9837639331817627,4.098848819732666,9.97477912902832,4.067079471439294,10.003848198545771,0.0,0,two_ankles,accepted,4.098848819732666,9.97477912902832,0.036428914381643425
1192,39.733333333333334,detected,1,29,0.8358787894248962,ankle_midpoint,1004.6143798828125,577.5220947265625,0.9842218160629272,0.9900192022323608,4.019316673278809,1.8046445846557617,4.0311502976302,1.7985586622089194,0.0,0,two_ankles,accepted,4.019316673278809,1.8046445846557617,0.002104961331032076
1192,39.733333333333334,detected,3,1,0.9105991721153259,ankle_midpoint,1064.229248046875,822.70654296875,0.9883949756622314,0.9837914705276489,4.098733425140381,9.975595474243164,4.081323750604783,9.991134472609598,0.0,0,two_ankles,accepted,4.098733425140381,9.975595474243164,0.0008244606853737452
1193,39.766666666666666,detected,1,29,0.8212136030197144,ankle_midpoint,1003.982666015625,576.666748046875,0.9883689880371094,0.991841197013855,4.014902591705322,1.7625576257705688,4.023838829964005,1.7823581958116617,0.0,0,two_ankles,accepted,4.014902591705322,1.7625576257705688,0.04231780032493781
1193,39.766666666666666,detected,3,1,0.9084069728851318,ankle_midpoint,1066.2679443359375,822.420654296875,0.9898003935813904,0.985192060470581,4.112140655517578,9.968889236450195,4.0951913578155414,9.981124116337867,0.0,0,two_ankles,accepted,4.112140655517578,9.968889236450195,0.014990912304562504
1194,39.8,detected,1,29,0.8042500019073486,ankle_midpoint,1003.4371337890625,575.3231201171875,0.9860426783561707,0.9890029430389404,4.012172222137451,1.6960700750350952,4.018588856442056,1.743528541462207,0.0,0,two_ankles,accepted,4.012172222137451,1.6960700750350952,0.06654358962950027
1194,39.8,detected,3,1,0.9037795662879944,ankle_midpoint,1066.9383544921875,819.34765625,0.9923143982887268,0.985030472278595,4.120612621307373,9.8990478515625,4.106630926386866,9.944189797188951,0.0,0,two_ankles,accepted,4.120612621307373,9.8990478515625,0.0703533456729291
1195,39.833333333333336,detected,1,29,0.8167262077331543,ankle_midpoint,996.0321044921875,575.59228515625,0.9865313172340393,0.9883121848106384,3.9415695667266846,1.71094810962677,3.983930176070139,1.7288673471362606,0.0,0,two_ankles,accepted,3.9415695667266846,1.71094810962677,0.07215324569527364
1195,39.833333333333336,detected,3,1,0.9072160720825195,ankle_midpoint,1070.39404296875,817.5969848632812,0.9844145774841309,0.9836496114730835,4.145235061645508,9.85863208770752,4.124002787253255,9.905688827922308,0.0,0,two_ankles,accepted,4.145235061645508,9.85863208770752,0.04732545336482844
1196,39.86666666666667,detected,1,29,0.846686840057373,ankle_midpoint,989.95556640625,574.7879638671875,0.985993504524231,0.9865767955780029,3.8852901458740234,1.6721994876861572,3.939542162481887,1.7033668103837143,0.0,0,two_ankles,accepted,3.8852901458740234,1.6721994876861572,0.06832882930218757
1196,39.86666666666667,detected,3,1,0.8974670171737671,ankle_midpoint,1071.1903076171875,815.8525390625,0.9875279068946838,0.9868195056915283,4.152822971343994,9.818493843078613,4.136971870094088,9.866451084742646,0.0,0,two_ankles,accepted,4.152822971343994,9.818493843078613,0.040849174477366176
1197,39.9,detected,1,29,0.8463613986968994,ankle_midpoint,989.970703125,574.837890625,0.9858071804046631,0.9864287972450256,3.8853554725646973,1.6746821403503418,3.915158152019152,1.6904587088686966,0.0,0,two_ankles,accepted,3.8853554725646973,1.6746821403503418,0.002483511994635246
1197,39.9,detected,3,1,0.8973948359489441,ankle_midpoint,1071.126220703125,815.708740234375,0.9876648783683777,0.9869509339332581,4.152613639831543,9.815193176269531,4.144010666475943,9.843385025929745,0.0,0,two_ankles,accepted,4.152613639831543,9.815193176269531,0.0033072981520692766
1198,39.93333333333333,detected,1,29,0.8607618808746338,ankle_midpoint,984.201904296875,576.0748291015625,0.9902800917625427,0.9900524020195007,3.828860282897949,1.7372859716415405,3.876324110914611,1.7115309771164764,0.0,0,two_ankles,accepted,3.828860282897949,1.7372859716415405,0.08432642615348233
1198,39.93333333333333,detected,3,1,0.8926827907562256,ankle_midpoint,1071.738525390625,816.1759643554688,0.98785400390625,0.9872617125511169,4.1558966636657715,9.825865745544434,4.149359365211366,9.835501349756356,0.0,0,two_ankles,accepted,4.1558966636657715,9.825865745544434,0.011166108562238774
1199,39.96666666666667,detected,1,29,0.8702039122581482,ankle_midpoint,970.6864013671875,579.9383544921875,0.9901412129402161,0.9899985194206238,3.6964268684387207,1.9299736022949219,3.795370351800461,1.8098301584467769,0.0,0,two_ankles,accepted,3.6964268684387207,1.9299736022949219,0.23381003458394103
1199,39.96666666666667,detected,3,1,0.9043994545936584,ankle_midpoint,1071.621826171875,814.708740234375,0.9922404289245605,0.9900456070899963,4.157232761383057,9.792086601257324,4.152902393488627,9.815964712931793,0.0,0,two_ankles,accepted,4.157232761383057,9.792086601257324,0.03380555791403964
1200,40.0,detected,1,29,0.8736410737037659,ankle_midpoint,970.5951538085938,580.0281982421875,0.9901595711708069,0.9899672269821167,3.6954643726348877,1.9343749284744263,3.750412661175953,1.8658753049592192,0.0,0,two_ankles,accepted,3.6954643726348877,1.9343749284744263,0.004505337979640029
1200,40.0,detected,3,1,0.9047608375549316,ankle_midpoint,1071.70458984375,814.448974609375,0.9924561977386475,0.990346372127533,4.158137321472168,9.786079406738281,4.155258111081221,9.802516325144714,0.0,0,two_ankles,accepted,4.158137321472168,9.786079406738281,0.006074916867285756
1201,40.03333333333333,detected,1,29,0.8895556926727295,ankle_midpoint,961.2239990234375,582.095703125,0.9895756244659424,0.9889839291572571,3.605435848236084,2.0366950035095215,3.6851730953530124,1.9427441693068555,0.0,0,two_ankles,accepted,3.605435848236084,2.0366950035095215,0.13628841829228744
1201,40.03333333333333,detected,3,1,0.9039493799209595,ankle_midpoint,1074.583740234375,813.7330322265625,0.992081880569458,0.9869427680969238,4.177770137786865,9.769179344177246,4.165388523098761,9.787514683709354,0.0,0,two_ankles,accepted,4.177770137786865,9.769179344177246,0.02590481791122156
1202,40.06666666666667,detected,1,29,0.8896999359130859,ankle_midpoint,961.1884765625,582.0953979492188,0.9895817041397095,0.9890045523643494,3.6051039695739746,2.0366873741149902,3.6491419887524454,1.9850186114705162,0.0,0,two_ankles,accepted,3.6051039695739746,2.0366873741149902,0.00033196634471648203
1202,40.06666666666667,detected,3,1,0.9038681983947754,ankle_midpoint,1074.6094970703125,813.743408203125,0.9921950101852417,0.9870310425758362,4.177921295166016,9.769415855407715,4.171028270529026,9.779370210973617,0.0,0,two_ankles,accepted,4.177921295166016,9.769415855407715,0.0002806886449599576
1203,40.1,detected,1,29,0.8595171570777893,ankle_midpoint,957.60595703125,582.6572265625,0.9912073016166687,0.9902495741844177,3.571091413497925,2.0645570755004883,3.6140192298879112,2.0208109202840037,0.0,0,two_ankles,accepted,3.571091413497925,2.0645570755004883,0.04397242574777135
1203,40.1,detected,3,1,0.9196397662162781,ankle_midpoint,1076.623046875,813.24072265625,0.9898606538772583,0.9775070548057556,4.191677093505859,9.757532119750977,4.1803202408686015,9.76954306992343,0.0,0,two_ankles,accepted,4.191677093505859,9.757532119750977,0.018178150651968997
1204,40.13333333333333,detected,1,29,0.8289098739624023,ankle_midpoint,955.9026489257812,582.5975341796875,0.9784634709358215,0.9791272282600403,3.555241107940674,2.0620155334472656,3.587569075011655,2.0393529962074717,0.0,0,two_ankles,accepted,3.555241107940674,2.0620155334472656,0.016052776154501142
1204,40.13333333333333,detected,3,1,0.9199454188346863,ankle_midpoint,1076.17236328125,813.5032958984375,0.9869235157966614,0.9759530425071716,4.188375949859619,9.763668060302734,4.183945309914559,9.766899315594117,0.0,0,two_ankles,accepted,4.188375949859619,9.763668060302734,0.006967590388923436
1205,40.166666666666664,detected,1,29,0.8312439322471619,ankle_midpoint,955.8909301757812,582.5789794921875,0.978644609451294,0.9792491793632507,3.5551483631134033,2.061121702194214,3.572979754657442,2.0491489139015058,0.0,0,two_ankles,accepted,3.5551483631134033,2.061121702194214,0.0008986300194838317
1205,40.166666666666664,detected,3,1,0.9200396537780762,ankle_midpoint,1076.2076416015625,813.5023803710938,0.9868462085723877,0.9758051037788391,4.188605308532715,9.763643264770508,4.18604230929273,9.765434092723494,0.0,0,two_ankles,accepted,4.188605308532715,9.763643264770508,0.000230695078713483
1206,40.2,detected,1,29,0.7546709775924683,ankle_midpoint,957.4425659179688,583.1735229492188,0.9594027400016785,0.9647940993309021,3.5690858364105225,2.0894901752471924,3.5712274914463285,2.0673024815070646,0.0,0,two_ankles,accepted,3.5690858364105225,2.0894901752471924,0.031607331827686394
1206,40.2,detected,3,1,0.9122794270515442,ankle_midpoint,1077.465087890625,813.43212890625,0.9943682551383972,0.9891811013221741,4.196839809417725,9.761862754821777,4.190901184348977,9.763826990667722,0.0,0,two_ankles,accepted,4.196839809417725,9.761862754821777,0.00842479795026295
1207,40.233333333333334,detected,1,29,0.7677916884422302,ankle_midpoint,955.7470703125,581.267822265625,0.9870785474777222,0.987690806388855,3.554988145828247,1.9976736307144165,3.563919785918192,2.035969498650373,0.0,0,two_ankles,accepted,3.554988145828247,1.9976736307144165,0.09289253322895652
1207,40.233333333333334,detected,3,1,0.9151795506477356,ankle_midpoint,1077.02099609375,814.4461669921875,0.9928903579711914,0.9880495667457581,4.192471981048584,9.785367012023926,4.1916080428638,9.773520000278015,0.0,0,two_ankles,accepted,4.192471981048584,9.785367012023926,0.023906652448367094
1208,40.266666666666666,detected,1,29,0.720475435256958,ankle_midpoint,954.3929443359375,583.088134765625,0.981747031211853,0.9865212440490723,3.5407137870788574,2.085984230041504,3.5534770864404917,2.058476127776382,0.0,0,two_ankles,accepted,3.5407137870788574,2.085984230041504,0.08945680114566833
1208,40.266666666666666,detected,3,1,0.9135124087333679,ankle_midpoint,1076.3629150390625,816.1837158203125,0.9911177158355713,0.9867920875549316,4.185678482055664,9.825482368469238,4.188939740500139,9.796903065964067,0.0,0,two_ankles,accepted,4.185678482055664,9.825482368469238,0.04068652665565444
1209,40.3,detected,1,29,0.7165535092353821,ankle_midpoint,954.3988037109375,583.0869140625,0.9816585183143616,0.9864928126335144,3.540769577026367,2.0859241485595703,3.5477587072041357,2.070827737128817,0.0,0,two_ankles,accepted,3.540769577026367,2.0859241485595703,8.198965004486332e-05
1209,40.3,detected,3,1,0.9132865071296692,ankle_midpoint,1076.383056640625,816.1683959960938,0.991097092628479,0.9867445826530457,4.185830593109131,9.825127601623535,4.1875406241741855,9.809604107010827,0.0,0,two_ankles,accepted,4.185830593109131,9.825127601623535,0.00038600166760899317
1210,40.333333333333336,detected,1,29,0.6874287724494934,ankle_midpoint,955.5574951171875,584.512451171875,0.9758586883544922,0.9842437505722046,3.550307035446167,2.154210090637207,3.54890545491305,2.1083497962075928,0.0,0,two_ankles,accepted,3.550307035446167,2.154210090637207,0.06894877082689559
1210,40.333333333333336,detected,3,1,0.9072493314743042,ankle_midpoint,1076.828369140625,817.367431640625,0.9904542565345764,0.9860275983810425,4.186945915222168,9.852594375610352,4.187273005145777,9.828949727880612,0.0,0,two_ankles,accepted,4.186945915222168,9.852594375610352,0.02748940917260107
1211,40.36666666666667,detected,1,29,0.7701730728149414,ankle_midpoint,962.4141235351562,583.232666015625,0.9656105041503906,0.9708949327468872,3.615401029586792,2.0913474559783936,3.578828463516234,2.100698743104453,0.0,0,two_ankles,accepted,3.615401029586792,2.0913474559783936,0.0904927561157642
1211,40.36666666666667,detected,3,1,0.9104883670806885,ankle_midpoint,1075.532958984375,817.8905639648438,0.976783037185669,0.973586916923523,4.177855491638184,9.864730834960938,4.18303512406736,9.845051226066758,0.0,0,two_ankles,accepted,4.177855491638184,9.864730834960938,0.015163424629834917
1212,40.4,detected,1,29,0.7977300882339478,ankle_midpoint,965.957763671875,580.23095703125,0.9885498881340027,0.9888355135917664,3.6517183780670166,1.945193886756897,3.6116289250640863,2.030721557748053,0.0,0,two_ankles,accepted,3.6517183780670166,1.945193886756897,0.15059819254166654
1212,40.4,detected,3,1,0.9106817841529846,ankle_midpoint,1073.9869384765625,817.3154296875,0.9746014475822449,0.9724628925323486,4.168743133544922,9.851746559143066,4.176603728332263,9.848064125951097,0.0,0,two_ankles,accepted,4.168743133544922,9.851746559143066,0.015862738998495322
1213,40.43333333333333,detected,1,29,0.795897901058197,ankle_midpoint,965.975341796875,580.205810546875,0.9882479310035706,0.9886497259140015,3.6519107818603516,1.9439647197723389,3.629755760622406,1.9916809806589817,0.0,0,two_ankles,accepted,3.6519107818603516,1.9439647197723389,0.0012441345166891514
1213,40.43333333333333,detected,3,1,0.9106907248497009,ankle_midpoint,1073.9873046875,817.283935546875,0.9745991826057434,0.9723960757255554,4.168790817260742,9.851024627685547,4.173087918350079,9.8493963517316,0.0,0,two_ankles,accepted,4.168790817260742,9.851024627685547,0.0007235045031723763
1214,40.46666666666667,detected,1,29,0.7622658014297485,ankle_midpoint,974.8604736328125,580.5332641601562,0.9857616424560547,0.9911147356033325,3.734863519668579,1.9581291675567627,3.677054252193184,1.9765826647629834,0.0,0,two_ankles,accepted,3.734863519668579,1.9581291675567627,0.08415336173272112
1214,40.46666666666667,detected,3,1,0.912739098072052,ankle_midpoint,1072.1844482421875,816.4248046875,0.9932200908660889,0.9894764423370361,4.158414840698242,9.83152961730957,4.166485033406753,9.841356321241687,0.0,0,two_ankles,accepted,4.158414840698242,9.83152961730957,0.022084300287420998
1215,40.5,detected,1,29,0.5951123237609863,ankle_midpoint,986.0625,586.7138671875,0.9423501491546631,0.9604601263999939,3.8310039043426514,2.2532541751861572,3.7212631227653343,1.9604849262299278,0.0,0,two_ankles,corrected_motion_outlier,3.7752961867979615,1.940809912467304,0.3103896642827025
1215,40.5,detected,3,1,0.912932813167572,ankle_midpoint,1063.668212890625,813.2276611328125,0.9916502237319946,0.9878517389297485,4.107905864715576,9.758810043334961,4.1401244074957235,9.80421049618366,0.0,0,two_ankles,accepted,4.107905864715576,9.758810043334961,0.08853978254923725
1216,40.53333333333333,detected,1,29,0.5643065571784973,ankle_midpoint,992.0499267578125,593.799560546875,0.9034810066223145,0.9295754432678223,3.87579607963562,2.584484815597534,3.7637727017882394,1.943837505246491,0.013717823178528099,0,two_ankles,corrected_motion_outlier,3.8157288539273444,1.9234906573778454,0.3210075483113436
1216,40.53333333333333,detected,3,1,0.9130373001098633,ankle_midpoint,1058.6920166015625,813.0897216796875,0.989543080329895,0.9872316718101501,4.07590389251709,9.756220817565918,4.111225175755338,9.782615140805676,0.0,0,two_ankles,accepted,4.07590389251709,9.756220817565918,0.03210654629006004
1217,40.56666666666667,detected,1,29,0.5582655072212219,ankle_midpoint,992.1387939453125,593.7582397460938,0.9038100242614746,0.9298652410507202,3.8766701221466064,2.582554817199707,3.8145765409495045,2.231260295625438,0.026694263819166064,0,two_ankles,accepted,3.8766701221466064,2.582554817199707,0.21344177047157753
1217,40.56666666666667,detected,3,1,0.9132238030433655,ankle_midpoint,1058.6865234375,813.132568359375,0.9895821809768677,0.9872796535491943,4.075811862945557,9.757214546203613,4.0952891849909365,9.771184873234748,0.0,0,two_ankles,accepted,4.075811862945557,9.757214546203613,0.0009979809854964005
1218,40.6,detected,1,29,0.5600879192352295,ankle_midpoint,999.9482421875,589.4814453125,0.9520667791366577,0.9699798822402954,3.9550857543945312,2.381422758102417,3.877805686999767,2.298833403740079,0.0,0,two_ankles,accepted,3.9550857543945312,2.381422758102417,0.2158775499619114
1218,40.6,detected,3,1,0.9132391214370728,ankle_midpoint,1050.7816162109375,810.3333740234375,0.9915939569473267,0.9890475869178772,4.0281982421875,9.693078994750977,4.065098260729391,9.736037227917052,0.0,0,two_ankles,accepted,4.0281982421875,9.693078994750977,0.07987756782617918
1219,40.63333333333333,detected,1,29,0.6310298442840576,ankle_midpoint,1016.7554931640625,590.9757080078125,0.9408596754074097,0.9618934988975525,4.107130527496338,2.4482476711273193,3.9810018652232237,2.366069824064337,0.0,0,two_ankles,accepted,4.107130527496338,2.4482476711273193,0.16608185339875525
1219,40.63333333333333,detected,3,1,0.9166355133056641,ankle_midpoint,1040.804931640625,813.07470703125,0.9926996827125549,0.9903354644775391,3.960218906402588,9.758056640625,4.017902551282329,9.745945963635629,0.0,0,two_ankles,accepted,3.960218906402588,9.758056640625,0.094038739661311
1220,40.666666666666664,detected,1,29,0.7198938131332397,ankle_midpoint,1015.6372680664062,594.732666015625,0.9746302962303162,0.9792822599411011,4.08970308303833,2.6230313777923584,4.029917413240022,2.481702523241947,0.0,0,two_ankles,accepted,4.08970308303833,2.6230313777923584,0.17565039122047912
1220,40.666666666666664,detected,3,1,0.9171487092971802,ankle_midpoint,1036.34521484375,822.6114501953125,0.9771247506141663,0.973365068435669,3.9207561016082764,9.976794242858887,3.974186648929006,9.849827689286096,0.0,0,two_ankles,accepted,3.9207561016082764,9.976794242858887,0.22226887229943823
1221,40.7,detected,1,29,0.7207204699516296,ankle_midpoint,1015.4930419921875,594.7701416015625,0.9742715954780579,0.9789702296257019,4.088315963745117,2.624788284301758,4.056196760967315,2.5460911157188617,0.0,0,two_ankles,accepted,4.088315963745117,2.624788284301758,0.0022384861885599077
1221,40.7,detected,3,1,0.9171724915504456,ankle_midpoint,1036.3284912109375,822.58203125,0.9772777557373047,0.9735270142555237,3.9206817150115967,9.976131439208984,3.950109428666172,9.906664376751397,0.0,0,two_ankles,accepted,3.9206817150115967,9.976131439208984,0.0006669647997379286
1222,40.733333333333334,detected,1,29,0.6829320192337036,ankle_midpoint,1039.2509765625,602.4827880859375,0.985282301902771,0.9893821477890015,4.287735939025879,2.9709622859954834,4.085597236982201,2.6003697258247485,0.0,0,two_ankles,corrected_motion_outlier,4.121531152111505,2.6667102492874992,0.3995056520121175
1222,40.733333333333334,detected,3,1,0.9182285070419312,ankle_midpoint,1036.09326171875,823.5032958984375,0.9758085012435913,0.9688939452171326,3.9181697368621826,9.996949195861816,3.935736567354377,9.947292545351086,0.0,0,two_ankles,accepted,3.9181697368621826,9.996949195861816,0.02096876310800582
1223,40.766666666666666,detected,1,29,0.45430630445480347,ankle_midpoint,1085.2244873046875,624.307861328125,0.9426848292350769,0.9517235159873962,4.638579368591309,3.903001308441162,4.116714333555263,2.6490878456265703,0.6386473265393046,0,two_ankles,corrected_motion_outlier,4.154746340477893,2.708632214273241,0.6958121782838608
1223,40.766666666666666,detected,3,1,0.9211221933364868,ankle_midpoint,1036.7598876953125,818.5218505859375,0.9774469137191772,0.9685587882995605,3.927938461303711,9.8838529586792,3.9322274196315776,9.918744731348738,0.0,0,two_ankles,accepted,3.927938461303711,9.8838529586792,0.11351734159185245
1224,40.8,detected,1,29,0.569542646408081,ankle_midpoint,1099.648193359375,629.3544921875,0.8160774111747742,0.8617808818817139,4.748383045196533,4.107636451721191,4.148775571435321,2.694747695761156,0.8182454053126645,0,two_ankles,corrected_motion_outlier,4.187961528844281,2.7505541792589825,0.5410408938780221
1224,40.8,detected,3,1,0.9225453734397888,ankle_midpoint,1036.6563720703125,815.100830078125,0.9811111092567444,0.9749199748039246,3.9311013221740723,9.80538272857666,3.9317206757757006,9.867731830101302,0.0,0,two_ankles,accepted,3.9311013221740723,9.80538272857666,0.07853394617126208
1225,40.833333333333336,detected,1,29,0.5731582045555115,ankle_midpoint,1099.491455078125,629.236572265625,0.8195402026176453,0.864177942276001,4.747385501861572,4.1028642654418945,4.181356087034228,2.738725497578762,0.7620951502000249,0,two_ankles,corrected_motion_outlier,4.221176717210669,2.792476144244724,0.4045893954134561
1225,40.833333333333336,detected,3,1,0.9223294258117676,ankle_midpoint,1036.5787353515625,815.121337890625,0.981174111366272,0.9750180840492249,3.930577516555786,9.805864334106445,3.931206254126739,9.839891456903617,0.0,0,two_ankles,accepted,3.930577516555786,9.805864334106445,0.0007115590011149876
1226,40.86666666666667,detected,1,29,0.5070689916610718,ankle_midpoint,1085.3505859375,632.7308349609375,0.9288169145584106,0.9524431824684143,4.61667537689209,4.2467451095581055,4.214222205378501,2.7817781728220288,0.8080717962166856,0,two_ankles,corrected_motion_outlier,4.254391905577057,2.8343981092304658,0.341169026287948
1226,40.86666666666667,detected,3,1,0.9221378564834595,ankle_midpoint,1035.7208251953125,809.9254150390625,0.9847148060798645,0.9818390607833862,3.9308817386627197,9.68539810180664,3.9310602221679307,9.770369447109978,0.0,0,two_ankles,accepted,3.9308817386627197,9.68539810180664,0.12046661643625944
1227,40.9,detected,1,29,0.6312275528907776,ankle_midpoint,1092.131591796875,626.0364990234375,0.8578492999076843,0.9442683458328247,4.6933698654174805,3.9731552600860596,4.429838652396042,3.3178978620908426,0.5194831557899598,0,two_ankles,accepted,4.6933698654174805,3.9731552600860596,0.2463164025143865
1227,40.9,detected,3,1,0.9169518947601318,ankle_midpoint,1034.8212890625,802.7000732421875,0.9863194227218628,0.9835959672927856,3.9332363605499268,9.515029907226562,3.932039484439829,9.655466654162442,0.0,0,two_ankles,accepted,3.9332363605499268,9.515029907226562,0.17038446516248798
1228,40.93333333333333,detected,1,29,0.707541286945343,ankle_midpoint,1089.370361328125,630.2547607421875,0.9296018481254578,0.9801529049873352,4.657769680023193,4.146038055419922,4.53240761482826,3.6905609490889284,0.0,0,two_ankles,accepted,4.657769680023193,4.146038055419922,0.1765101530296706
1228,40.93333333333333,detected,3,1,0.9132106900215149,ankle_midpoint,1037.4613037109375,801.811279296875,0.9929667711257935,0.9885780811309814,3.9515929222106934,9.493499755859375,3.9408385314367185,9.582581549926061,0.0,0,two_ankles,accepted,3.9515929222106934,9.493499755859375,0.02829329909889499
1229,40.96666666666667,detected,1,29,0.709185004234314,ankle_midpoint,1089.442626953125,630.1643676757812,0.9292707443237305,0.9800772070884705,4.658638954162598,4.14235782623291,4.589211717528713,3.8938695438037207,0.0,0,two_ankles,accepted,4.658638954162598,4.14235782623291,0.003781497639609209
1229,40.96666666666667,detected,3,1,0.9131138324737549,ankle_midpoint,1037.480224609375,801.7579345703125,0.9929746389389038,0.9885373115539551,3.95177960395813,9.492222785949707,3.9457620140713536,9.541920106136702,0.0,0,two_ankles,accepted,3.95177960395813,9.492222785949707,0.00129054338362698
1230,41.0,detected,1,29,0.779251217842102,ankle_midpoint,1087.952392578125,629.0380249023438,0.940041720867157,0.9824438691139221,4.648989200592041,4.096829414367676,4.616111584907211,3.985201485557501,0.0,0,two_ankles,accepted,4.648989200592041,4.096829414367676,0.04653981124739211
1230,41.0,detected,3,1,0.9148284196853638,ankle_midpoint,1037.24462890625,804.7293701171875,0.9934321641921997,0.9897370934486389,3.9467692375183105,9.562945365905762,3.9462152646224844,9.55138147303278,0.0,0,two_ankles,accepted,3.9467692375183105,9.562945365905762,0.07089983841661289
1231,41.03333333333333,detected,1,29,0.8242993950843811,ankle_midpoint,1086.2935791015625,629.7451171875,0.9567812085151672,0.9860407114028931,4.632826805114746,4.125892639160156,4.6236334340006024,4.048512504678696,0.0,0,two_ankles,accepted,4.632826805114746,4.125892639160156,0.03325498553454406
1231,41.03333333333333,detected,3,1,0.9195388555526733,ankle_midpoint,1033.8896484375,809.6119384765625,0.9780104756355286,0.9782702922821045,3.919337034225464,9.678295135498047,3.934120060943825,9.608492621142151,0.0,0,two_ankles,accepted,3.919337034225464,9.678295135498047,0.11856683820737289
1232,41.06666666666667,detected,1,29,0.8228395581245422,ankle_midpoint,1085.00390625,630.34033203125,0.9637651443481445,0.9887268543243408,4.6201653480529785,4.150282382965088,4.622072795324172,4.094308949907573,0.0,0,two_ankles,accepted,4.6201653480529785,4.150282382965088,0.027480394789689347
1232,41.06666666666667,detected,3,1,0.9112846851348877,ankle_midpoint,1033.763671875,811.160888671875,0.9755914211273193,0.9782569408416748,3.916794538497925,9.714459419250488,3.92632357584317,9.656177680290902,0.0,0,two_ankles,accepted,3.916794538497925,9.714459419250488,0.036253547465753634
1233,41.1,detected,1,29,0.8249640464782715,ankle_midpoint,1085.19140625,630.2261962890625,0.9638432264328003,0.9886921644210815,4.622079372406006,4.145619869232178,4.622075755010998,4.117398863603645,0.0,0,two_ankles,accepted,4.622079372406006,4.145619869232178,0.005040091619559861
1233,41.1,detected,3,1,0.9112845063209534,ankle_midpoint,1033.787353515625,811.1101684570312,0.9755858182907104,0.9783278107643127,3.917004346847534,9.713274955749512,3.922129922795134,9.681871454247277,0.0,0,two_ankles,accepted,3.917004346847534,9.713274955749512,0.0012029020445204442
1234,41.13333333333333,detected,1,29,0.840294599533081,ankle_midpoint,1087.9150390625,626.5079345703125,0.9852287769317627,0.9963921904563904,4.655693054199219,3.99330472946167,4.637203539645698,4.061556503239756,0.0,0,two_ankles,accepted,4.655693054199219,3.99330472946167,0.1559800673387619
1234,41.13333333333333,detected,3,1,0.9173510074615479,ankle_midpoint,1035.726806640625,811.0415649414062,0.991397500038147,0.9856100678443909,3.929659605026245,9.71143913269043,3.9255182797991344,9.695176909546696,0.0,0,two_ankles,accepted,3.929659605026245,9.71143913269043,0.012787720902259611
1235,41.166666666666664,detected,1,29,0.8404831290245056,ankle_midpoint,1087.93408203125,626.5069580078125,0.9852433204650879,0.996369481086731,4.65585994720459,3.9932610988616943,4.645598923047199,4.030823571269629,0.0,0,two_ankles,accepted,4.65585994720459,3.9932610988616943,0.00017250189707949744
1235,41.166666666666664,detected,3,1,0.9170368313789368,ankle_midpoint,1035.7166748046875,810.9610595703125,0.9913713932037354,0.9855777621269226,3.929684638977051,9.709565162658691,3.927393141429197,9.701651623447095,0.0,0,two_ankles,accepted,3.929684638977051,9.709565162658691,0.0018741372357824054
1236,41.2,detected,1,29,0.8734628558158875,ankle_midpoint,1088.21337890625,625.7009887695312,0.9869035482406616,0.9971027970314026,4.660521030426025,3.9600348472595215,4.652313871367671,3.9989686454650806,0.0,0,two_ankles,accepted,4.660521030426025,3.9600348472595215,0.033551594482647794
1236,41.2,detected,3,1,0.9255791306495667,ankle_midpoint,1039.121337890625,810.37744140625,0.9903558492660522,0.9826154708862305,3.9524455070495605,9.695537567138672,3.9386667059583607,9.698900298108306,0.0,0,two_ankles,accepted,3.9524455070495605,9.695537567138672,0.02673631521895765
1237,41.233333333333334,detected,1,29,0.8408095240592957,ankle_midpoint,1098.23046875,621.249755859375,0.9898352026939392,0.9970912933349609,4.7602152824401855,3.773263692855835,4.700869506350303,3.8974014167909203,0.0,0,two_ankles,accepted,4.7602152824401855,3.773263692855835,0.21171303219676532
1237,41.233333333333334,detected,3,1,0.9180090427398682,ankle_midpoint,1047.493896484375,813.3446044921875,0.9842198491096497,0.9728893637657166,4.0031561851501465,9.7634916305542,3.9676869715946648,9.727966397708958,0.0,0,two_ankles,accepted,4.0031561851501465,9.7634916305542,0.08478990274851575
1238,41.266666666666666,detected,1,29,0.8627408742904663,ankle_midpoint,1101.2890625,619.468017578125,0.9838738441467285,0.9963065385818481,4.792271137237549,3.6978344917297363,4.742000240249563,3.8075963005133877,0.0,0,two_ankles,accepted,4.792271137237549,3.6978344917297363,0.08195817353571928
1238,41.266666666666666,detected,3,1,0.8698499202728271,ankle_midpoint,1044.82958984375,810.3473510742188,0.9859106540679932,0.9855022430419922,3.9895386695861816,9.694134712219238,3.9775202356908474,9.712742139238586,0.0,0,two_ankles,accepted,3.9895386695861816,9.694134712219238,0.07068110674754086
1239,41.3,detected,1,29,0.8621378540992737,ankle_midpoint,1101.2763671875,619.468017578125,0.9838587641716003,0.9963305592536926,4.792160511016846,3.6978366374969482,4.764572362094841,3.75820445215599,0.0,0,two_ankles,accepted,4.792160511016846,3.6978366374969482,0.00011064702898851034
1239,41.3,detected,3,1,0.8701707720756531,ankle_midpoint,1044.82568359375,810.3594360351562,0.9859428405761719,0.985253632068634,3.9894986152648926,9.694417953491211,3.982910506499168,9.704496255652266,0.0,0,two_ankles,accepted,3.9894986152648926,9.694417953491211,0.00028605937635850303
1240,41.333333333333336,detected,1,29,0.8198633193969727,ankle_midpoint,1103.28515625,619.1156005859375,0.9515136480331421,0.9858009219169617,4.8107829093933105,3.6826040744781494,4.785367108379153,3.7241842822009623,0.0,0,two_ankles,accepted,4.8107829093933105,3.6826040744781494,0.024058775891832862
1240,41.333333333333336,detected,3,1,0.9074380993843079,ankle_midpoint,1043.6666259765625,818.429931640625,0.9836054444313049,0.987650990486145,3.9723992347717285,9.8809175491333,3.9781804342218203,9.783885837718731,0.0,0,two_ankles,accepted,3.9723992347717285,9.8809175491333,0.18728184105223072
1241,41.36666666666667,detected,1,29,0.8510951399803162,ankle_midpoint,1105.3309326171875,621.51953125,0.9729440808296204,0.9907681345939636,4.821136474609375,3.7832729816436768,4.8014633231827535,3.750774196950184,0.0,0,two_ankles,accepted,4.821136474609375,3.7832729816436768,0.1011999267914007
1241,41.36666666666667,detected,3,1,0.9164338111877441,ankle_midpoint,1035.114990234375,818.1961059570312,0.9968248605728149,0.9863675236701965,3.917734384536743,9.876608848571777,3.9509797118635355,9.825611192602603,0.0,0,two_ankles,accepted,3.917734384536743,9.876608848571777,0.05483439387594478
1242,41.4,detected,1,29,0.8341898322105408,ankle_midpoint,1107.359375,621.8399658203125,0.9889468550682068,0.997252881526947,4.837765693664551,3.7963085174560547,4.817799389899562,3.771264641177826,0.0,0,two_ankles,accepted,4.837765693664551,3.7963085174560547,0.021129508283460097
1242,41.4,detected,3,1,0.9180383086204529,ankle_midpoint,1031.263427734375,817.0924072265625,0.989983320236206,0.9696851968765259,3.894172430038452,9.851812362670898,3.9254164350422487,9.837401719133336,0.0,0,two_ankles,accepted,3.894172430038452,9.851812362670898,0.03420572193087032
1243,41.43333333333333,detected,1,29,0.8330875635147095,ankle_midpoint,1107.328369140625,621.8580322265625,0.9890170097351074,0.9973458647727966,4.83743953704834,3.7970693111419678,4.826637456116512,3.7828767426616903,0.0,0,two_ankles,accepted,4.83743953704834,3.7970693111419678,0.0008277591260888569
1243,41.43333333333333,detected,3,1,0.9180622100830078,ankle_midpoint,1031.24853515625,817.060302734375,0.9899762272834778,0.9696225523948669,3.894110918045044,9.851078033447266,3.911328952393507,9.843556060574604,0.0,0,two_ankles,accepted,3.894110918045044,9.851078033447266,0.0007369010340705324
1244,41.46666666666667,detected,1,29,0.8397867679595947,ankle_midpoint,1104.2432861328125,621.9478759765625,0.9939603805541992,0.9964536428451538,4.810356140136719,3.801382303237915,4.819310863925606,3.7912042449209915,0.0,0,two_ankles,accepted,4.810356140136719,3.801382303237915,0.027424665706114095
1244,41.46666666666667,detected,3,1,0.9160548448562622,ankle_midpoint,1025.06591796875,818.1541137695312,0.9936783909797668,0.9724790453910828,3.853220224380493,9.876864433288574,3.885180024787651,9.85854482829589,0.0,0,two_ankles,accepted,3.853220224380493,9.876864433288574,0.04834239593921647
1245,41.5,detected,1,29,0.8405684232711792,ankle_midpoint,1095.580078125,621.2363891601562,0.9803398251533508,0.9914501309394836,4.737202167510986,3.773184061050415,4.782361950539028,3.783095162179232,0.0,0,two_ankles,accepted,4.737202167510986,3.773184061050415,0.07840053936926272
1245,41.5,detected,3,1,0.8989664316177368,ankle_midpoint,1023.477294921875,813.932861328125,0.9941725134849548,0.9837101697921753,3.8472702503204346,9.780029296875,3.8681206262774035,9.82321283915649,0.0,0,two_ankles,accepted,3.8472702503204346,9.780029296875,0.09701776041298261
1246,41.53333333333333,detected,1,29,0.8186917304992676,ankle_midpoint,1089.764892578125,619.968505859375,0.9840505719184875,0.9897658228874207,4.690269947052002,3.7210099697113037,4.740920548969866,3.7551568255686645,0.0,0,two_ankles,accepted,4.690269947052002,3.7210099697113037,0.07017669929736396
1246,41.53333333333333,detected,3,1,0.8799346685409546,ankle_midpoint,1019.240234375,810.8642578125,0.9938626289367676,0.9793689846992493,3.822908639907837,9.709327697753906,3.8477752324110988,9.771964525525327,0.0,0,two_ankles,accepted,3.822908639907837,9.709327697753906,0.07478104158257647
1247,41.56666666666667,detected,1,29,0.818917453289032,ankle_midpoint,1089.671875,620.1280517578125,0.9822224378585815,0.9889197945594788,4.688999652862549,3.72773814201355,4.717556145721574,3.7428184179688633,0.0,0,two_ankles,accepted,4.688999652862549,3.72773814201355,0.006847039495757993
1247,41.56666666666667,detected,3,1,0.8801647424697876,ankle_midpoint,1019.2855224609375,810.8804931640625,0.9939162135124207,0.9795109033584595,3.8231863975524902,9.709699630737305,3.836710256724725,9.743945322870719,0.0,0,two_ankles,accepted,3.8231863975524902,9.709699630737305,0.0004642019531443427
1248,41.6,detected,1,29,0.8583782911300659,ankle_midpoint,1084.1707763671875,619.889404296875,0.9749602675437927,0.9928576946258545,4.641725063323975,3.718698024749756,4.683432158642654,3.731964241020265,0.0,0,two_ankles,accepted,4.641725063323975,3.718698024749756,0.048131180498548094
1248,41.6,detected,3,1,0.9094184637069702,ankle_midpoint,1002.514404296875,799.9857177734375,0.9895008206367493,0.9877246022224426,3.7236886024475098,9.454154968261719,3.7858505122999784,9.61353966329667,0.0,0,two_ankles,accepted,3.7236886024475098,9.454154968261719,0.27423144559024193
1249,41.63333333333333,detected,1,29,0.8579543828964233,ankle_midpoint,1077.935546875,618.92578125,0.9312532544136047,0.9753980040550232,4.589969158172607,3.6792078018188477,4.641373808431133,3.7082238433796277,0.0,0,two_ankles,accepted,4.589969158172607,3.6792078018188477,0.06510108620576269
1249,41.63333333333333,detected,3,1,0.8961331844329834,ankle_midpoint,977.031005859375,799.3702392578125,0.993412435054779,0.975620448589325,3.5563504695892334,9.442559242248535,3.6825754930801433,9.53659847382501,0.0,0,two_ankles,accepted,3.5563504695892334,9.442559242248535,0.1677394156728435
1250,41.666666666666664,detected,1,29,0.858169674873352,ankle_midpoint,1077.947509765625,618.9410400390625,0.9310185313224792,0.9753971695899963,4.590032577514648,3.6798501014709473,4.618270254518715,3.6954556595207215,0.0,0,two_ankles,accepted,4.590032577514648,3.6798501014709473,0.0006454230055027436
1250,41.666666666666664,detected,3,1,0.8957960605621338,ankle_midpoint,977.1409912109375,799.431396484375,0.9933741688728333,0.9754183888435364,3.5570356845855713,9.444014549255371,3.626082579257586,9.494935707768672,0.0,0,two_ankles,accepted,3.5570356845855713,9.444014549255371,0.0016085515457554076
1251,41.7,detected,1,29,0.8673964142799377,ankle_midpoint,1076.4305419921875,619.7567138671875,0.9734789133071899,0.9939124584197998,4.57459831237793,3.714519739151001,4.598617880555363,3.7040344953543474,0.0,0,two_ankles,accepted,4.57459831237793,3.714519739151001,0.03794997124078926
1251,41.7,detected,3,1,0.900785505771637,ankle_midpoint,959.2955322265625,791.6768798828125,0.9900717735290527,0.9589426517486572,3.443258285522461,9.257990837097168,3.54381164707678,9.388310515966495,0.0,0,two_ankles,accepted,3.443258285522461,9.257990837097168,0.21805989549361035
1252,41.733333333333334,detected,1,29,0.8300876021385193,ankle_midpoint,1073.43994140625,617.4854736328125,0.9799138307571411,0.993655800819397,4.554516792297363,3.619047164916992,4.578772390839263,3.6657901966575377,0.0,0,two_ankles,accepted,4.554516792297363,3.619047164916992,0.09756167218541567
1252,41.733333333333334,detected,3,1,0.8567540049552917,ankle_midpoint,948.1622314453125,786.7737426757812,0.9850142598152161,0.9411818385124207,3.37106990814209,9.138298988342285,3.4660778645561696,9.2758053285356,0.0,0,two_ankles,accepted,3.37106990814209,9.138298988342285,0.13977589379851096
1253,41.766666666666666,detected,1,29,0.8717484474182129,ankle_midpoint,1057.08056640625,619.043212890625,0.9943576455116272,0.9948667287826538,4.407566547393799,3.687964677810669,4.5017297612888045,3.675768713176447,0.0,0,two_ankles,accepted,4.407566547393799,3.687964677810669,0.1623083425479654
1253,41.766666666666666,detected,3,1,0.8801993727684021,ankle_midpoint,921.7747802734375,781.2681884765625,0.9810053110122681,0.9466464519500732,3.195082664489746,9.003750801086426,3.3441300245262795,9.153380791183473,0.0,0,two_ankles,accepted,3.195082664489746,9.003750801086426,0.2215281576282961
1254,41.8,detected,1,29,0.8481643795967102,ankle_midpoint,1049.888671875,617.07421875,0.9878147840499878,0.9908690452575684,4.34925651550293,3.6058876514434814,4.433116800685161,3.6443222353966123,0.0,0,two_ankles,accepted,4.34925651550293,3.6058876514434814,0.1006811704162907
1254,41.8,detected,3,1,0.8869121670722961,ankle_midpoint,913.110107421875,787.4764404296875,0.9460870027542114,0.8366478681564331,3.136154890060425,9.160229682922363,3.2505412140166454,9.156462792465973,0.0,0,two_ankles,accepted,3.136154890060425,9.160229682922363,0.16720682719260677
1255,41.833333333333336,detected,1,29,0.8476034998893738,ankle_midpoint,1049.950927734375,617.08154296875,0.9878694415092468,0.9908961653709412,4.349785327911377,3.606187582015991,4.395617637936958,3.627161641375333,0.0,0,two_ankles,accepted,4.349785327911377,3.606187582015991,0.0006079481159225954
1255,41.833333333333336,detected,3,1,0.8868252038955688,ankle_midpoint,912.943359375,787.4794921875,0.9452978372573853,0.8347659111022949,3.1350386142730713,9.160326957702637,3.198565044132037,9.158201666822471,0.0,0,two_ankles,accepted,3.1350386142730713,9.160326957702637,0.0011205061429144228
1256,41.86666666666667,detected,1,29,0.8665778636932373,ankle_midpoint,1040.8809814453125,617.7520751953125,0.9891365766525269,0.9909154772758484,4.268892288208008,3.636307716369629,4.338591230558931,3.6312773751227665,0.0,0,two_ankles,accepted,4.268892288208008,3.636307716369629,0.08631863278534967
1256,41.86666666666667,detected,3,1,0.8858092427253723,ankle_midpoint,909.7222290039062,780.9664306640625,0.9479944109916687,0.8638565540313721,3.1137216091156006,8.997687339782715,3.160385498374641,9.08597021965458,0.0,0,two_ankles,accepted,3.1137216091156006,8.997687339782715,0.16403066794359464
1257,41.9,detected,1,29,0.8754996061325073,ankle_midpoint,1022.703857421875,611.6651611328125,0.9751935601234436,0.9782965183258057,4.121217727661133,3.3787715435028076,4.2407731542549225,3.517649750893785,0.0,0,two_ankles,accepted,4.121217727661133,3.3787715435028076,0.29687144720838665
1257,41.9,detected,3,1,0.856697142124176,ankle_midpoint,838.4454345703125,763.288818359375,0.93434739112854,0.8797241449356079,2.620910167694092,8.549349784851074,3.118370985555403,9.016869101491984,0.0,0,two_ankles,corrected_motion_outlier,3.067019914331891,8.932412179293255,0.6662354538434795
1258,41.93333333333333,detected,1,29,0.8753650784492493,ankle_midpoint,1022.729248046875,611.6422119140625,0.9754379391670227,0.9784379005432129,4.121485710144043,3.377772331237793,4.187093804405027,3.4547049120485886,0.0,0,two_ankles,accepted,4.121485710144043,3.377772331237793,0.0010345239299805473
1258,41.93333333333333,detected,3,1,0.8568617701530457,ankle_midpoint,838.3304443359375,763.271484375,0.9351980686187744,0.8810636401176453,2.6201024055480957,8.548904418945312,3.0742472408521535,8.9494896642823,0.0,0,two_ankles,corrected_motion_outlier,3.020318219548181,8.867137018803795,0.3335663457866995
1259,41.96666666666667,detected,1,29,0.8809937238693237,ankle_midpoint,1011.341552734375,610.3917236328125,0.9888826012611389,0.9898830056190491,4.022881984710693,3.3255770206451416,4.113198485542577,3.3965973609170375,0.0,0,two_ankles,accepted,4.022881984710693,3.3255770206451416,0.11156632608990376
1259,41.96666666666667,detected,3,1,0.8781259655952454,ankle_midpoint,833.330078125,762.3914794921875,0.978513777256012,0.9330317974090576,2.5848560333251953,8.526190757751465,2.8540211974650225,8.759005156343425,0.0,0,two_ankles,accepted,2.5848560333251953,8.526190757751465,0.2361750349313144
1260,42.0,detected,1,29,0.8809662461280823,ankle_midpoint,1001.977294921875,611.5296630859375,0.9790279269218445,0.981782853603363,3.9380853176116943,3.376744031906128,4.03439755997368,3.3876633628621287,0.0,0,two_ankles,accepted,3.9380853176116943,3.376744031906128,0.09903806234211353
1260,42.0,detected,3,1,0.8600737452507019,ankle_midpoint,815.41748046875,760.149658203125,0.963663637638092,0.8991817831993103,2.4586904048919678,8.468762397766113,2.676122340807148,8.628395914983635,0.0,0,two_ankles,accepted,2.4586904048919678,8.468762397766113,0.13862100247999348
1261,42.03333333333333,detected,1,29,0.907626211643219,ankle_midpoint,982.33935546875,612.5359497070312,0.9828385710716248,0.9823912978172302,3.7631070613861084,3.4239134788513184,3.912316835609273,3.403975915057264,0.0,0,two_ankles,accepted,3.7631070613861084,3.4239134788513184,0.18122457580819976
1261,42.03333333333333,detected,3,1,0.8642632365226746,ankle_midpoint,804.798828125,754.2999877929688,0.9370923638343811,0.8514992594718933,2.3789186477661133,8.312280654907227,2.5423806789386827,8.486144047949251,0.0,0,two_ankles,accepted,2.3789186477661133,8.312280654907227,0.17564187736158215
1262,42.06666666666667,detected,1,29,0.8828810453414917,ankle_midpoint,974.2378540039062,610.0382690429688,0.9864857196807861,0.9843934178352356,3.694336175918579,3.3170905113220215,3.8142255387484605,3.3648774833764055,0.0,0,two_ankles,accepted,3.694336175918579,3.3170905113220215,0.1270455866205247
1262,42.06666666666667,detected,3,1,0.8441100716590881,ankle_midpoint,797.3028564453125,751.1868896484375,0.9469610452651978,0.8969284892082214,2.322920322418213,8.22817325592041,2.4436235185044715,8.370057191536272,0.0,0,two_ankles,accepted,2.322920322418213,8.22817325592041,0.10104388653499444
1263,42.1,detected,1,29,0.883644163608551,ankle_midpoint,974.1873779296875,610.0289916992188,0.9864266514778137,0.9843317270278931,3.6938986778259277,3.3166956901550293,3.760078451333321,3.3431956764267863,0.0,0,two_ankles,accepted,3.6938986778259277,3.3166956901550293,0.0005893117468527648
1263,42.1,detected,3,1,0.8444711565971375,ankle_midpoint,796.0170288085938,752.295166015625,0.9756208062171936,0.9396293759346008,2.315107583999634,8.25874137878418,2.3857913479772943,8.319965075797832,0.0,0,two_ankles,accepted,2.315107583999634,8.25874137878418,0.031550737186500914
1264,42.13333333333333,detected,1,29,0.8650287985801697,ankle_midpoint,969.082763671875,609.3919677734375,0.9834854602813721,0.9821374416351318,3.649275779724121,3.289860963821411,3.7102172491091814,3.319195055754368,0.0,0,two_ankles,accepted,3.649275779724121,3.289860963821411,0.05207019850552136
1264,42.13333333333333,detected,3,1,0.8062314987182617,ankle_midpoint,788.1939697265625,748.379638671875,0.9478877782821655,0.8874217867851257,2.2553749084472656,8.151998519897461,2.3271039501887816,8.244380125642666,0.0,0,two_ankles,accepted,2.2553749084472656,8.151998519897461,0.12231937888966912
1265,42.166666666666664,detected,1,29,0.889415442943573,ankle_midpoint,961.564453125,608.7841796875,0.9893649816513062,0.9878215193748474,3.583064317703247,3.2646944522857666,3.6529984299765115,3.2946697841934975,0.0,0,two_ankles,accepted,3.583064317703247,3.2646944522857666,0.07083297964800982
1265,42.166666666666664,detected,3,1,0.8765379190444946,ankle_midpoint,762.4068603515625,741.892333984375,0.9884457588195801,0.9727767705917358,2.063340425491333,7.97422456741333,2.20841036407493,8.122810124439464,0.0,0,two_ankles,accepted,2.063340425491333,7.97422456741333,0.26168840407244337
1266,42.2,detected,1,29,0.8898836374282837,ankle_midpoint,961.5384521484375,608.75390625,0.9894225001335144,0.9878732562065125,3.5828607082366943,3.2633745670318604,3.621436455193594,3.280586936470761,0.0,0,two_ankles,accepted,3.5828607082366943,3.2633745670318604,0.0013354976219930364
1266,42.2,detected,3,1,0.8762848973274231,ankle_midpoint,762.4256591796875,741.8541870117188,0.9883168339729309,0.9724303483963013,2.0634171962738037,7.973145484924316,2.1431634385644234,8.055461036657649,0.0,0,two_ankles,accepted,2.0634171962738037,7.973145484924316,0.0010818099514873698
1267,42.233333333333334,detected,1,29,0.8650527000427246,ankle_midpoint,959.4381103515625,609.0663452148438,0.9857068657875061,0.985468327999115,3.5639145374298096,3.277433156967163,3.5955515921998913,3.279167735694142,0.0,0,two_ankles,accepted,3.5639145374298096,3.277433156967163,0.023592400030786352
1267,42.233333333333334,detected,3,1,0.858034610748291,ankle_midpoint,754.879150390625,734.349365234375,0.988499104976654,0.9774921536445618,1.9974989891052246,7.760060787200928,2.077614436307784,7.922530924402125,0.0,0,two_ankles,accepted,1.9974989891052246,7.760060787200928,0.22304774923811188
1268,42.266666666666666,detected,1,29,0.8929917216300964,ankle_midpoint,956.5735473632812,609.3001098632812,0.9878178238868713,0.9835721850395203,3.538268804550171,3.288182258605957,3.5697743377575173,3.283224271004459,0.0,0,two_ankles,accepted,3.538268804550171,3.288182258605957,0.027807315601742336
1268,42.266666666666666,detected,3,1,0.8526794910430908,ankle_midpoint,747.10595703125,732.0637817382812,0.9840917587280273,0.953281044960022,1.9374771118164062,7.694993495941162,2.0145526402866643,7.820139081594691,0.0,0,two_ankles,accepted,1.9374771118164062,7.694993495941162,0.08852331978160975
1269,42.3,detected,1,29,0.8796161413192749,ankle_midpoint,945.7890625,605.5733642578125,0.9921739101409912,0.9904650449752808,3.444938898086548,3.1263201236724854,3.513598389905581,3.212617404705071,0.0,0,two_ankles,accepted,3.444938898086548,3.1263201236724854,0.18684170349718507
1269,42.3,detected,3,1,0.8704773187637329,ankle_midpoint,730.1187744140625,731.1529541015625,0.9940871000289917,0.983773946762085,1.8127155303955078,7.670910835266113,1.923725940835644,7.752986370746832,0.0,0,two_ankles,accepted,1.8127155303955078,7.670910835266113,0.12706465576167517
1270,42.333333333333336,detected,1,29,0.8938016295433044,ankle_midpoint,940.320068359375,604.164306640625,0.9920286536216736,0.9907675385475159,3.396843671798706,3.064805269241333,3.4610587667574872,3.1461019437463893,0.0,0,two_ankles,accepted,3.396843671798706,3.064805269241333,0.07808474951848518
1270,42.333333333333336,detected,3,1,0.8800448775291443,ankle_midpoint,717.06005859375,728.2469482421875,0.9962414503097534,0.9888922572135925,1.7120368480682373,7.587777137756348,1.828465849090311,7.678642215901115,0.0,0,two_ankles,accepted,1.7120368480682373,7.587777137756348,0.13056572573535774
1271,42.36666666666667,detected,1,29,0.8940145969390869,ankle_midpoint,940.3330078125,604.181396484375,0.9919765591621399,0.9907352924346924,3.3969497680664062,3.065563440322876,3.4322097173465007,3.1098596172058084,0.0,0,two_ankles,accepted,3.3969497680664062,3.065563440322876,0.0007655584934594785
1271,42.36666666666667,detected,3,1,0.8797639012336731,ankle_midpoint,717.0283203125,728.23779296875,0.9962594509124756,0.9889005422592163,1.7117867469787598,7.587512493133545,1.7759602531401129,7.637633840655709,0.0,0,two_ankles,accepted,1.7117867469787598,7.587512493133545,0.0003641254335201725
1272,42.4,detected,1,29,0.8848904967308044,ankle_midpoint,933.765625,604.1422119140625,0.9941799640655518,0.9933274984359741,3.3380959033966064,3.0650603771209717,3.3898585010690483,3.089699959167632,0.0,0,two_ankles,accepted,3.3380959033966064,3.0650603771209717,0.05885601463874546
1272,42.4,detected,3,1,0.8855528235435486,ankle_midpoint,716.0927734375,726.4946899414062,0.9941985607147217,0.9874691963195801,1.7013415098190308,7.536310195922852,1.742381818645626,7.5920382005259235,0.0,0,two_ankles,accepted,1.7013415098190308,7.536310195922852,0.052256848536580934
1273,42.43333333333333,detected,1,29,0.8714054226875305,ankle_midpoint,919.788330078125,605.070556640625,0.9916619062423706,0.9898977279663086,3.212580919265747,3.108938694000244,3.310083589257563,3.098357389842308,0.0,0,two_ankles,accepted,3.212580919265747,3.108938694000244,0.1329635962717906
1273,42.43333333333333,detected,3,1,0.8851231932640076,ankle_midpoint,705.921630859375,720.2969360351562,0.9966517090797424,0.9896822571754456,1.6133019924163818,7.3530497550964355,1.6842958968424662,7.484493400082654,0.0,0,two_ankles,accepted,1.6133019924163818,7.3530497550964355,0.20331095837751503
1274,42.46666666666667,detected,1,29,0.8747135400772095,ankle_midpoint,913.289306640625,607.1729736328125,0.9894352555274963,0.9854104518890381,3.1541621685028076,3.2030270099639893,3.2399189499179233,3.1454587188970646,0.0,0,two_ankles,accepted,3.1541621685028076,3.2030270099639893,0.11074909318633708
1274,42.46666666666667,detected,3,1,0.8971405625343323,ankle_midpoint,706.0862426757812,720.362060546875,0.9947309494018555,0.9831812977790833,1.6146612167358398,7.354985237121582,1.6529602907944843,7.426214726750172,0.0,0,two_ankles,accepted,1.6146612167358398,7.354985237121582,0.0023650753519224754
1275,42.5,detected,1,29,0.8751034736633301,ankle_midpoint,913.30029296875,607.2357177734375,0.9893320798873901,0.9852935671806335,3.154252290725708,3.2057852745056152,3.2013689532814267,3.172605668920913,0.0,0,two_ankles,accepted,3.154252290725708,3.2057852745056152,0.002759736454202043
1275,42.5,detected,3,1,0.8972902894020081,ankle_midpoint,706.06591796875,720.352783203125,0.9947383999824524,0.983165979385376,1.6144906282424927,7.354709148406982,1.635648942646088,7.394037216495738,0.0,0,two_ankles,accepted,1.6144906282424927,7.354709148406982,0.00032453876870371177
1276,42.53333333333333,detected,1,29,0.8713975548744202,ankle_midpoint,908.1466674804688,609.0318603515625,0.9896208047866821,0.98366779088974,3.1082489490509033,3.285496950149536,3.159464951377691,3.2234067454737936,0.0,0,two_ankles,accepted,3.1082489490509033,3.285496950149536,0.09203400827525918
1276,42.53333333333333,detected,3,1,0.8791379928588867,ankle_midpoint,702.6995849609375,719.66455078125,0.9968673586845398,0.9893413186073303,1.5881106853485107,7.334474086761475,1.6142567268621784,7.36723380811532,0.0,0,two_ankles,accepted,1.5881106853485107,7.334474086761475,0.03324694131626621
1277,42.56666666666667,detected,1,29,0.8589328527450562,ankle_midpoint,892.6474609375,610.51904296875,0.9835318326950073,0.9746916890144348,2.9708895683288574,3.353186845779419,3.0746060290057162,3.2818077906113254,0.0,0,two_ankles,accepted,2.9708895683288574,3.353186845779419,0.1531323657582824
1277,42.56666666666667,detected,3,1,0.8974903225898743,ankle_midpoint,697.5159301757812,714.256591796875,0.995405912399292,0.9801018238067627,1.5371007919311523,7.170874118804932,1.5795365561432169,7.278871947925646,0.0,0,two_ankles,accepted,1.5371007919311523,7.170874118804932,0.1713679046432912
1278,42.6,detected,1,29,0.8712676763534546,ankle_midpoint,884.266845703125,610.6306762695312,0.9857542514801025,0.9749068021774292,2.896693468093872,3.359593629837036,2.9945453765953864,3.3168114182628954,0.0,0,two_ankles,accepted,2.896693468093872,3.359593629837036,0.07447219730906918
1278,42.6,detected,3,1,0.8899433016777039,ankle_midpoint,694.63330078125,713.739990234375,0.9964450001716614,0.9799656867980957,1.5144098997116089,7.155454635620117,1.5502295607489933,7.223334157388159,0.0,0,two_ankles,accepted,1.5144098997116089,7.155454635620117,0.027434231379896784
1279,42.63333333333333,detected,1,29,0.8716842532157898,ankle_midpoint,884.272216796875,610.6276245117188,0.9856017231941223,0.9746574759483337,2.896739959716797,3.3594601154327393,2.9505329390000217,3.3360033319893256,0.0,0,two_ankles,accepted,2.896739959716797,3.3594601154327393,0.0001413773926656296
1279,42.63333333333333,detected,3,1,0.8904143571853638,ankle_midpoint,694.6141357421875,713.7672119140625,0.9964236617088318,0.9799420833587646,1.5143330097198486,7.156292915344238,1.5340761127858782,7.193165598468395,0.0,0,two_ankles,accepted,1.5143330097198486,7.156292915344238,0.0008417986497407969
1280,42.666666666666664,detected,1,29,0.893163800239563,ankle_midpoint,877.235107421875,609.8426513671875,0.9867304563522339,0.9786208868026733,2.8340585231781006,3.3266286849975586,2.8981194518801576,3.331784740843031,0.0,0,two_ankles,accepted,2.8340585231781006,3.3266286849975586,0.07075920654568363
1280,42.666666666666664,detected,3,1,0.8985401391983032,ankle_midpoint,686.531494140625,713.9307861328125,0.9888958930969238,0.945818305015564,1.454574704170227,7.162498950958252,1.4983004789088352,7.179365607088831,0.0,0,two_ankles,accepted,1.454574704170227,7.162498950958252,0.06007969673861828
1281,42.7,detected,1,29,0.8736328482627869,ankle_midpoint,869.0291748046875,610.2747192382812,0.9941189289093018,0.9878877997398376,2.7615444660186768,3.3469576835632324,2.8366607082424915,3.338612565067122,0.0,0,two_ankles,accepted,2.7615444660186768,3.3469576835632324,0.07530973820432092
1281,42.7,detected,3,1,0.8936218619346619,ankle_midpoint,678.6324462890625,709.6846923828125,0.9975023865699768,0.9827576279640198,1.384683609008789,7.032583236694336,1.4471728874538146,7.113313540411308,0.0,0,two_ankles,accepted,1.384683609008789,7.032583236694336,0.14752239828435765
1282,42.733333333333334,detected,1,29,0.8740654587745667,ankle_midpoint,861.609375,610.1669921875,0.9941512942314148,0.9906617999076843,2.695722818374634,3.3436529636383057,2.7732386578019557,3.3408807444241546,0.0,0,two_ankles,accepted,2.695722818374634,3.3436529636383057,0.0659045557784798
1282,42.733333333333334,detected,3,1,0.8956107497215271,ankle_midpoint,675.4498901367188,712.5830078125,0.992148756980896,0.9490565061569214,1.368546962738037,7.122707843780518,1.4117912213317148,7.117540976927453,0.0,0,two_ankles,accepted,1.368546962738037,7.122707843780518,0.09155782956856282
1283,42.766666666666666,detected,1,29,0.8740137815475464,ankle_midpoint,862.4366455078125,610.2117919921875,0.9941786527633667,0.990793764591217,2.7030858993530273,3.345447540283203,2.741669916499938,3.3429358025607265,0.0,0,two_ankles,accepted,2.7030858993530273,3.345447540283203,0.007578619058165703
1283,42.766666666666666,detected,3,1,0.8958112597465515,ankle_midpoint,675.4542846679688,712.5712890625,0.9921962022781372,0.9493250250816345,1.3685487508773804,7.1223464012146,1.3923321096272643,7.11970341785667,0.0,0,two_ankles,accepted,1.3685487508773804,7.1223464012146,0.00036144698905880526
1284,42.8,detected,1,29,0.875018298625946,ankle_midpoint,859.949951171875,608.9853515625,0.9941762685775757,0.9754899740219116,2.680137872695923,3.29245662689209,2.713980496788132,3.3202201735098402,0.0,0,two_ankles,accepted,2.680137872695923,3.29245662689209,0.05774641832598492
1284,42.8,detected,3,1,0.8887943029403687,ankle_midpoint,666.599365234375,710.076904296875,0.9828300476074219,0.8962693810462952,1.2956361770629883,7.046544075012207,1.3488189399733401,7.086781713576661,0.0,0,two_ankles,accepted,1.2956361770629883,7.046544075012207,0.10517716519251272
1285,42.833333333333336,detected,1,29,0.8095662593841553,ankle_midpoint,855.7217407226562,607.7476806640625,0.9942504167556763,0.961858868598938,2.6415762901306152,3.239061117172241,2.6813986037922497,3.2836985981579208,0.0,0,two_ankles,accepted,2.6415762901306152,3.239061117172241,0.06586407296989373
1285,42.833333333333336,detected,3,1,0.880608856678009,ankle_midpoint,661.4613647460938,706.6473999023438,0.992647647857666,0.9707888960838318,1.2474238872528076,6.940321445465088,1.3031911662491007,7.020874592926454,0.0,0,two_ankles,accepted,1.2474238872528076,6.940321445465088,0.11665192633062413
1286,42.86666666666667,detected,1,29,0.8014668226242065,ankle_midpoint,849.1034545898438,606.675048828125,0.9843541383743286,0.9282882809638977,2.5816705226898193,3.1931440830230713,2.636520967296156,3.2429490663472387,0.0,0,two_ankles,accepted,2.5816705226898193,3.1931440830230713,0.07547897056615677
1286,42.86666666666667,detected,3,1,0.8914923667907715,ankle_midpoint,658.0699462890625,705.9733276367188,0.9926700592041016,0.974410891532898,1.2199466228485107,6.919665813446045,1.2657311217188352,6.97533064216027,0.0,0,two_ankles,accepted,1.2199466228485107,6.919665813446045,0.03437521190116147
