frame,time_sec,status,player_id,raw_track_id,person_conf,ground_method,ground_pixel_x,ground_pixel_y,left_ankle_conf,right_ankle_conf,raw_x_m,raw_y_m,stable_x_m,stable_y_m,match_cost,missing_frames,ground_quality,ground_status,corrected_x_m,corrected_y_m,ground_speed_m_per_frame
0,0.0,detected,1,2,0.8865652084350586,ankle_midpoint,865.5383911132812,630.4088134765625,0.979718804359436,0.976905345916748,2.212575674057007,3.045729398727417,2.212575674057007,3.045729398727417,0.0,0,two_ankles,accepted,2.212575674057007,3.045729398727417,
0,0.0,detected,2,5,0.7859417796134949,ankle_midpoint,997.095458984375,629.6484985351562,0.25658106803894043,0.22376899421215057,3.31734299659729,2.9815595149993896,3.31734299659729,2.9815595149993896,0.0,0,two_ankles,accepted,3.31734299659729,2.9815595149993896,
0,0.0,detected,3,1,0.9177119135856628,ankle_midpoint,899.73095703125,859.9090576171875,0.9843074679374695,0.9777706265449524,2.6711370944976807,10.328200340270996,2.6711370944976807,10.328200340270996,0.0,0,two_ankles,accepted,2.6711370944976807,10.328200340270996,
0,0.0,detected,4,3,0.8804421424865723,ankle_midpoint,989.3323974609375,780.1695556640625,0.9925406575202942,0.9945259690284729,3.2146337032318115,8.326980590820312,3.2146337032318115,8.326980590820312,0.0,0,two_ankles,accepted,3.2146337032318115,8.326980590820312,
1,0.03333333333333333,detected,1,2,0.8785386681556702,ankle_midpoint,866.5408935546875,629.20947265625,0.9796935319900513,0.9778109788894653,2.21909499168396,2.9912893772125244,2.215509366989136,3.021231389045716,0.0,0,two_ankles,accepted,2.21909499168396,2.9912893772125244,0.05482898362055482
1,0.03333333333333333,detected,2,5,0.7959388494491577,ankle_midpoint,996.4269409179688,629.438720703125,0.2774556279182434,0.24007122218608856,3.3118081092834473,2.972200870513916,3.314852297306061,2.9773481249809266,0.0,0,two_ankles,accepted,3.3118081092834473,2.972200870513916,0.010872865500061321
1,0.03333333333333333,detected,3,1,0.9174419045448303,ankle_midpoint,899.86474609375,859.1312866210938,0.9852897524833679,0.9786036610603333,2.671518564224243,10.310773849487305,2.671308755874634,10.320358419418335,0.0,0,two_ankles,accepted,2.671518564224243,10.310773849487305,0.017430665511860562
1,0.03333333333333333,detected,4,3,0.8747113943099976,ankle_midpoint,989.6390380859375,776.302734375,0.9958646297454834,0.9961982369422913,3.2174229621887207,8.218779563903809,3.215888869762421,8.278290128707887,0.0,0,two_ankles,accepted,3.2174229621887207,8.218779563903809,0.1082369723861246
2,0.06666666666666667,detected,1,2,0.8757784366607666,ankle_midpoint,868.5465698242188,629.2141723632812,0.9751253128051758,0.9740967154502869,2.23596453666687,2.9910473823547363,2.2247141933441164,3.007648586034775,0.0,0,two_ankles,accepted,2.23596453666687,2.9910473823547363,0.01687128061060052
2,0.06666666666666667,detected,2,5,0.805888831615448,ankle_midpoint,996.1448974609375,629.6964111328125,0.27914994955062866,0.23889057338237762,3.3093254566192627,2.9839463233947754,3.3123652189970016,2.980317314267159,0.0,0,two_ankles,accepted,3.3093254566192627,2.9839463233947754,0.012004966789936178
2,0.06666666666666667,detected,3,1,0.9175996780395508,ankle_midpoint,899.6038208007812,858.5888671875,0.9861243963241577,0.9793241620063782,2.6696884632110596,10.29864501953125,2.6705796241760256,10.310587389469148,0.0,0,two_ankles,accepted,2.6696884632110596,10.29864501953125,0.012266123504243106
2,0.06666666666666667,detected,4,3,0.8778641223907471,ankle_midpoint,988.8955078125,776.6207275390625,0.9957412481307983,0.9958595633506775,3.2124340534210205,8.227834701538086,3.214334202408791,8.255585186481477,0.0,0,two_ankles,accepted,3.2124340534210205,8.227834701538086,0.010338507061860614
3,0.1,detected,1,2,0.8686659336090088,ankle_midpoint,873.056396484375,631.1483764648438,0.9670528173446655,0.9735411405563354,2.2767319679260254,3.0773446559906006,2.2481221919059755,3.0390118175148966,0.0,0,two_ankles,accepted,2.2767319679260254,3.0773446559906006,0.09544214419454952
3,0.1,detected,2,5,0.8134616017341614,ankle_midpoint,995.380126953125,628.02001953125,0.29934921860694885,0.2507592439651489,3.303582191467285,2.9079296588897705,3.3084128566086295,2.9477428693473344,0.0,0,two_ankles,accepted,3.303582191467285,2.9079296588897705,0.07623331540128889
3,0.1,detected,3,1,0.9157015085220337,ankle_midpoint,899.4193115234375,857.885009765625,0.9875679016113281,0.9787158966064453,2.668222427368164,10.282862663269043,2.6695188856124883,10.298111262679102,0.0,0,two_ankles,accepted,2.668222427368164,10.282862663269043,0.015850300636892658
3,0.1,detected,4,3,0.8874298334121704,ankle_midpoint,987.89013671875,779.7139282226562,0.9959328770637512,0.9952788352966309,3.2052106857299805,8.314520835876465,3.2102286199033268,8.282106228709223,0.0,0,two_ankles,accepted,3.2052106857299805,8.314520835876465,0.08698656751091766
4,0.13333333333333333,detected,1,2,0.8655912280082703,ankle_midpoint,873.1084594726562,631.0926513671875,0.9625257253646851,0.9741702079772949,2.2770862579345703,3.0748257637023926,2.2611560216188433,3.05512809329927,0.0,0,two_ankles,accepted,2.2770862579345703,3.0748257637023926,0.00254368625615435
4,0.13333333333333333,detected,2,5,0.7363220453262329,ankle_midpoint,998.0089111328125,630.235595703125,0.31083592772483826,0.25824281573295593,3.324763536453247,3.007930040359497,3.3157706625387076,2.974827096302808,0.0,0,two_ankles,accepted,3.324763536453247,3.007930040359497,0.10221900835708184
4,0.13333333333333333,detected,3,1,0.9145632386207581,ankle_midpoint,899.4298095703125,857.2997436523438,0.9890957474708557,0.9791389107704163,2.667973279953003,10.269695281982422,2.6688233630657203,10.285324071365597,0.0,0,two_ankles,accepted,2.667973279953003,10.269695281982422,0.013169738204753383
4,0.13333333333333333,detected,4,3,0.8864884376525879,ankle_midpoint,984.9996337890625,780.2371215820312,0.9864472150802612,0.9837031364440918,3.186067819595337,8.329523086547852,3.1993562597647314,8.303443814736607,0.0,0,two_ankles,accepted,3.186067819595337,8.329523086547852,0.024321119403843367
5,0.16666666666666666,detected,1,2,0.8537034392356873,ankle_midpoint,874.302490234375,633.06201171875,0.9401280879974365,0.9666832089424133,2.289936065673828,3.162850856781006,2.2741070414435867,3.103603336866051,0.0,0,two_ankles,accepted,2.289936065673828,3.162850856781006,0.08895804949769538
5,0.16666666666666666,detected,2,5,0.7109558582305908,ankle_midpoint,997.622802734375,629.2159423828125,0.26103562116622925,0.21212609112262726,3.321972370147705,2.9618213176727295,3.318561430962757,2.968974495919273,0.0,0,two_ankles,accepted,3.321972370147705,2.9618213176727295,0.046193126297647664
5,0.16666666666666666,detected,3,1,0.9133749604225159,ankle_midpoint,899.4847412109375,856.7164306640625,0.98855060338974,0.9783172607421875,2.6679883003234863,10.256546974182129,2.668447584831715,10.272374377633037,0.0,0,two_ankles,accepted,2.6679883003234863,10.256546974182129,0.013148316379779366
5,0.16666666666666666,detected,4,3,0.8860403895378113,ankle_midpoint,983.260986328125,780.2783813476562,0.9874940514564514,0.9827889800071716,3.174604892730713,8.330937385559082,3.188218144599423,8.31581592160672,0.0,0,two_ankles,accepted,3.174604892730713,8.330937385559082,0.011549845626539197
6,0.2,detected,1,2,0.8328664302825928,ankle_midpoint,870.2802734375,633.051025390625,0.918396532535553,0.959060549736023,2.2563390731811523,3.163262367248535,2.2661114557254916,3.130449900538169,0.0,0,two_ankles,accepted,2.2563390731811523,3.163262367248535,0.03359951257708658
6,0.2,detected,2,5,0.8002025485038757,ankle_midpoint,996.1126708984375,631.5584106445312,0.818315863609314,0.7108752727508545,3.308271646499634,3.0680322647094727,3.313931027954352,3.013550491874863,0.0,0,two_ankles,accepted,3.308271646499634,3.0680322647094727,0.10709096646740415
6,0.2,detected,3,1,0.9146683216094971,ankle_midpoint,902.7399291992188,856.9178466796875,0.9913968443870544,0.9823921322822571,2.6874024868011475,10.260663986206055,2.67697729071796,10.267104701490895,0.0,0,two_ankles,accepted,2.6874024868011475,10.260663986206055,0.019845917076178412
6,0.2,detected,4,3,0.8762515187263489,ankle_midpoint,981.2168579101562,780.2362670898438,0.9923505187034607,0.9844234585762024,3.1611404418945312,8.330079078674316,3.1760331783822218,8.322234342287139,0.0,0,two_ankles,accepted,3.1611404418945312,8.330079078674316,0.01349177997998739
7,0.23333333333333334,detected,1,2,0.802858293056488,ankle_midpoint,868.836181640625,636.0986328125,0.8481515645980835,0.9197160005569458,2.2488975524902344,3.2989742755889893,2.258365199269626,3.2062858693110385,0.0,0,two_ankles,accepted,2.2488975524902344,3.2989742755889893,0.13591577647793937
7,0.23333333333333334,detected,2,5,0.8502353429794312,ankle_midpoint,1002.024658203125,628.8209838867188,0.9168121814727783,0.8955851793289185,3.3592402935028076,2.9428796768188477,3.334320197451157,2.981748625099656,0.0,0,two_ankles,accepted,3.3592402935028076,2.9428796768188477,0.13513316851556006
7,0.23333333333333334,detected,3,1,0.9129539728164673,ankle_midpoint,900.1143798828125,857.511962890625,0.9876939058303833,0.9797875881195068,2.6721434593200684,10.274382591247559,2.674802066588909,10.270379751881395,0.0,0,two_ankles,accepted,2.6721434593200684,10.274382591247559,0.020519211582151583
7,0.23333333333333334,detected,4,3,0.867210865020752,ankle_midpoint,979.693115234375,782.25,0.9928526282310486,0.9829891324043274,3.1508922576904297,8.386143684387207,3.1647197640709157,8.35099354623217,0.0,0,two_ankles,accepted,3.1508922576904297,8.386143684387207,0.056993554839324466
8,0.26666666666666666,detected,1,2,0.8064305782318115,ankle_midpoint,866.4129638671875,638.2967529296875,0.7892456650733948,0.8957735896110535,2.2321560382843018,3.3962342739105225,2.24657107682623,3.2917626513808065,0.0,0,two_ankles,accepted,2.2321560382843018,3.3962342739105225,0.09869035196721149
8,0.26666666666666666,detected,2,5,0.8569609522819519,ankle_midpoint,1001.70458984375,627.7153930664062,0.9328290820121765,0.9160246253013611,3.3571081161499023,2.8925907611846924,3.3445747608655925,2.9416275863379227,0.0,0,two_ankles,accepted,3.3571081161499023,2.8925907611846924,0.05033409595814182
8,0.26666666666666666,detected,3,1,0.9145084023475647,ankle_midpoint,900.2318115234375,858.060546875,0.9862202405929565,0.9801484942436218,2.6731276512145996,10.286702156066895,2.67404857967047,10.27772483376487,0.0,0,two_ankles,accepted,2.6731276512145996,10.286702156066895,0.012358815114042314
8,0.26666666666666666,detected,4,3,0.866485059261322,ankle_midpoint,978.4336547851562,782.1387939453125,0.9929788708686829,0.9815136194229126,3.142627000808716,8.383260726928711,3.154778020602926,8.365513777545614,0.0,0,two_ankles,accepted,3.142627000808716,8.383260726928711,0.008753622965847724
9,0.3,detected,1,2,0.782800555229187,ankle_midpoint,864.0811767578125,645.30126953125,0.7000762224197388,0.8191998600959778,2.223698377609253,3.6998915672302246,2.2360115123286355,3.3729046309746895,0.0,0,two_ankles,corrected_motion_outlier,2.223105377942686,3.472078161589435,0.30377505462157667
9,0.3,detected,2,5,0.8690863251686096,ankle_midpoint,1001.4612426757812,625.6171264648438,0.9398903846740723,0.9283416271209717,3.356123685836792,2.7964999675750732,3.3497717771026325,2.8763201578946407,0.0,0,two_ankles,accepted,3.356123685836792,2.7964999675750732,0.09609583611982256
9,0.3,detected,3,1,0.9146727323532104,ankle_midpoint,900.9751586914062,858.512451171875,0.9844794869422913,0.9820466637611389,2.677764654159546,10.2967529296875,2.675720813190554,10.286287476930054,0.0,0,two_ankles,accepted,2.677764654159546,10.2967529296875,0.011068868356074135
9,0.3,detected,4,3,0.8546985387802124,ankle_midpoint,974.1456909179688,784.5139770507812,0.9913909435272217,0.9776282906532288,3.1143300533294678,8.449370384216309,3.1365764353298697,8.403249250547427,0.0,0,two_ankles,accepted,3.1143300533294678,8.449370384216309,0.07191108414790405
10,0.3333333333333333,detected,1,2,0.7521333694458008,ankle_midpoint,867.435546875,650.4999389648438,0.6802345514297485,0.7100055813789368,2.258699417114258,3.919313430786133,2.246221069482166,3.618788590889839,0.0,0,two_ankles,accepted,2.258699417114258,3.919313430786133,0.26187609442129783
10,0.3333333333333333,detected,2,5,0.8760130405426025,ankle_midpoint,1000.88623046875,626.2659912109375,0.9397453665733337,0.9312142729759216,3.350923538208008,2.826443672180176,3.3502900696000517,2.8538757393231315,0.0,0,two_ankles,accepted,3.350923538208008,2.826443672180176,0.030391890050452418
10,0.3333333333333333,detected,3,1,0.9168074131011963,ankle_midpoint,900.877685546875,859.5540771484375,0.9932611584663391,0.9919113516807556,2.6777284145355225,10.320110321044922,2.67662423379579,10.301507756781746,0.0,0,two_ankles,accepted,2.6777284145355225,10.320110321044922,0.023357419470783056
10,0.3333333333333333,detected,4,3,0.8417292237281799,ankle_midpoint,969.051513671875,783.1566772460938,0.9894623160362244,0.9743999242782593,3.080972671508789,8.412796020507812,3.1115547416103837,8.4075452970296,0.0,0,two_ankles,accepted,3.080972671508789,8.412796020507812,0.049501505054007224
11,0.36666666666666664,detected,1,2,0.6870352029800415,ankle_midpoint,866.66162109375,642.591796875,0.6395828127861023,0.7237668037414551,2.240717649459839,3.58297061920166,2.2512792988495436,3.817401589593208,0.0,0,two_ankles,corrected_motion_outlier,2.2574615791874497,4.060150810230658,0.3368231447993525
11,0.36666666666666664,detected,2,5,0.8865116834640503,ankle_midpoint,999.1826171875,626.47900390625,0.9473598599433899,0.9405478239059448,3.3363993167877197,2.8366050720214844,3.3440392308345026,2.8461039390373903,0.0,0,two_ankles,accepted,3.3363993167877197,2.8366050720214844,0.01772588656740479
11,0.36666666666666664,detected,3,1,0.9176312685012817,ankle_midpoint,901.6856689453125,858.3375244140625,0.9842864871025085,0.9820778965950012,2.681880235671997,10.292734146118164,2.6789894346400835,10.297559631983134,0.0,0,two_ankles,accepted,2.681880235671997,10.292734146118164,0.027689214007799508
11,0.36666666666666664,detected,4,3,0.847145140171051,ankle_midpoint,968.8043212890625,779.9063720703125,0.9881637692451477,0.9720652103424072,3.0793509483337402,8.322805404663086,3.0970630346358945,8.369412345464669,0.0,0,two_ankles,accepted,3.0793509483337402,8.322805404663086,0.09000522721581032
12,0.4,detected,1,2,0.6386178135871887,ankle_midpoint,865.5899658203125,645.7818603515625,0.7573569416999817,0.8121463656425476,2.236741304397583,3.7200872898101807,2.2447372013461617,3.773610154690846,0.0,0,two_ankles,accepted,2.236741304397583,3.7200872898101807,0.10021628355991874
12,0.4,detected,2,5,0.8745136857032776,ankle_midpoint,995.396728515625,625.9230346679688,0.9482787847518921,0.9329919219017029,3.3045923709869385,2.811955451965332,3.326288143903099,2.8307371198549642,0.0,0,two_ankles,accepted,3.3045923709869385,2.811955451965332,0.04024034753933549
12,0.4,detected,3,1,0.916245698928833,ankle_midpoint,898.4284057617188,855.8270263671875,0.9921517372131348,0.9919460415840149,2.6612401008605957,10.236608505249023,2.671002234439314,10.270131624952786,0.0,0,two_ankles,accepted,2.6612401008605957,10.236608505249023,0.05980052447934358
12,0.4,detected,4,3,0.8583480715751648,ankle_midpoint,974.8701171875,764.837158203125,0.9535224437713623,0.9113894701004028,3.120224952697754,7.893204212188721,3.0823169684547747,8.336724234195101,0.0,0,two_ankles,corrected_motion_outlier,3.0642939986778495,8.29677209819896,0.43154127126863084
13,0.43333333333333335,detected,1,2,0.5067805647850037,ankle_midpoint,860.3184814453125,640.646484375,0.6863135695457458,0.7526035308837891,2.185553550720215,3.500117540359497,2.2181045585644856,3.650538478241739,0.0,0,two_ankles,accepted,2.185553550720215,3.500117540359497,0.22584702079047098
13,0.43333333333333335,detected,2,5,0.8657363057136536,ankle_midpoint,996.6494140625,627.764404296875,0.9500551819801331,0.8961928486824036,3.314403772354126,2.8959813117980957,3.3209401767060616,2.8600970062293736,0.0,0,two_ankles,accepted,3.314403772354126,2.8959813117980957,0.08459674176600004
13,0.43333333333333335,detected,3,1,0.9144021272659302,ankle_midpoint,892.482421875,850.369140625,0.9903841018676758,0.9892330169677734,2.6226937770843506,10.113176345825195,2.64926342862958,10.19950174934537,0.0,0,two_ankles,accepted,2.6226937770843506,10.113176345825195,0.1293109316983388
13,0.43333333333333335,detected,4,3,0.8435550928115845,ankle_midpoint,969.658203125,758.4041137695312,0.926688015460968,0.8726436495780945,3.085160493850708,7.705201625823975,3.0674310047100075,8.307030785087983,0.0,0,two_ankles,corrected_motion_outlier,3.0492370490219587,8.270738791734837,0.30881555112051257
14,0.4666666666666667,detected,1,2,0.5921509265899658,ankle_midpoint,862.9667358398438,642.2915649414062,0.4624016582965851,0.6645833849906921,2.2099313735961914,3.5708134174346924,2.2144266253287532,3.6146622008785685,0.0,0,two_ankles,accepted,2.2099313735961914,3.5708134174346924,0.07478091523646667
14,0.4666666666666667,detected,2,5,0.8683484196662903,ankle_midpoint,991.0307006835938,625.1697998046875,0.9381687641143799,0.9206055998802185,3.2678709030151367,2.7783052921295166,3.2970590035451455,2.823290734884438,0.0,0,two_ankles,accepted,3.2678709030151367,2.7783052921295166,0.12654229938624975
14,0.4666666666666667,detected,3,1,0.9171989560127258,ankle_midpoint,889.46728515625,849.211181640625,0.9907384514808655,0.9909834861755371,2.603940486907959,10.086994171142578,2.628868104854851,10.148873339154115,0.0,0,two_ankles,accepted,2.603940486907959,10.086994171142578,0.03220546791386559
14,0.4666666666666667,detected,4,3,0.8657991886138916,ankle_midpoint,965.1683349609375,760.9891357421875,0.971571683883667,0.9436907768249512,3.054713010787964,7.782231330871582,3.061707907445088,8.070871030690604,0.0,0,two_ankles,accepted,3.054713010787964,7.782231330871582,0.18037841618295805
15,0.5,detected,1,2,0.4864599108695984,ankle_midpoint,859.178955078125,642.6156005859375,0.5657697319984436,0.7247248291969299,2.1793580055236816,3.5856292247772217,2.198645746416471,3.6015973616329626,0.0,0,two_ankles,accepted,2.1793580055236816,3.5856292247772217,0.03397409281361468
15,0.5,detected,2,5,0.849139392375946,ankle_midpoint,987.3408203125,624.2944946289062,0.9255380034446716,0.9157447814941406,3.2368276119232178,2.738766670227051,3.269954877315278,2.785254905788614,0.0,0,two_ankles,accepted,3.2368276119232178,2.738766670227051,0.05026916096140619
15,0.5,detected,3,1,0.9166542291641235,ankle_midpoint,883.4385375976562,847.5728759765625,0.9809384346008301,0.9822641015052795,2.5667290687561035,10.050049781799316,2.600905538610415,10.104402738344456,0.0,0,two_ankles,accepted,2.5667290687561035,10.050049781799316,0.05243641430169257
15,0.5,detected,4,3,0.8763284087181091,ankle_midpoint,957.5115966796875,759.8344116210938,0.9551275968551636,0.9225745797157288,3.002700090408325,7.749447345733643,3.035154389778545,7.9262303724599725,0.0,0,two_ankles,accepted,3.002700090408325,7.749447345733643,0.06148279082754187
16,0.5333333333333333,detected,1,2,0.5903288125991821,ankle_midpoint,861.581787109375,649.2097778320312,0.5276459455490112,0.7437253594398499,2.2093536853790283,3.866309404373169,2.2034643189496217,3.720717780866056,0.0,0,two_ankles,accepted,2.2093536853790283,3.866309404373169,0.28227841580255064
16,0.5333333333333333,detected,2,5,0.8637394309043884,ankle_midpoint,983.5308837890625,623.5279541015625,0.92527174949646,0.9179893732070923,3.2046377658843994,2.7041707038879395,3.240562177171383,2.7487670149333105,0.0,0,two_ankles,accepted,3.2046377658843994,2.7041707038879395,0.04725533911569944
16,0.5333333333333333,detected,3,1,0.9245599508285522,ankle_midpoint,877.55517578125,845.9651489257812,0.9726442098617554,0.9817655086517334,2.5302560329437256,10.013638496398926,2.569113261060405,10.063558829468967,0.0,0,two_ankles,accepted,2.5302560329437256,10.013638496398926,0.0515370162686947
16,0.5333333333333333,detected,4,3,0.8524674773216248,ankle_midpoint,953.1817626953125,767.2767944335938,0.9713512659072876,0.9718509316444397,2.97446870803833,7.967311859130859,3.0078458329954483,7.944717041461871,0.0,0,two_ankles,accepted,2.97446870803833,7.967311859130859,0.21968604222464141
17,0.5666666666666667,detected,1,2,0.6714432239532471,ankle_midpoint,859.487060546875,652.775146484375,0.6155865788459778,0.8010433912277222,2.1979334354400635,4.016076564788818,2.2009754213703205,3.853629233631299,0.0,0,two_ankles,accepted,2.1979334354400635,4.016076564788818,0.1502019455520976
17,0.5666666666666667,detected,2,5,0.8625271916389465,ankle_midpoint,981.9781494140625,622.2574462890625,0.9425991177558899,0.9284794926643372,3.191693067550659,2.64551043510437,3.2185710778420575,2.7023015540102877,0.0,0,two_ankles,accepted,3.191693067550659,2.64551043510437,0.06007156023204439
17,0.5666666666666667,detected,3,1,0.9205588102340698,ankle_midpoint,869.919189453125,846.0123291015625,0.9935455918312073,0.9941369295120239,2.4843623638153076,10.0157470703125,2.5309753573001115,10.042043537848556,0.0,0,two_ankles,accepted,2.4843623638153076,10.0157470703125,0.04594208256073847
17,0.5666666666666667,detected,4,3,0.6816442012786865,ankle_midpoint,945.013427734375,769.83544921875,0.9707381129264832,0.9540385603904724,2.9202327728271484,8.04216480255127,2.9684199559197135,7.988568533952101,0.0,0,two_ankles,accepted,2.9202327728271484,8.04216480255127,0.09243646362194205
18,0.6,detected,1,2,0.5055458545684814,ankle_midpoint,859.0458984375,655.712890625,0.668955385684967,0.7806545495986938,2.198930501937866,4.137802600860596,2.200055207625716,3.981507248884483,0.0,0,two_ankles,accepted,2.198930501937866,4.137802600860596,0.12173011952408772
18,0.6,detected,2,5,0.877552330493927,ankle_midpoint,982.24072265625,621.0289916992188,0.9726178050041199,0.9660387635231018,3.194194793701172,2.5881175994873047,3.207601749978659,2.6509187744749454,0.0,0,two_ankles,accepted,3.194194793701172,2.5881175994873047,0.05744733426278066
18,0.6,detected,3,1,0.9247573614120483,ankle_midpoint,855.364990234375,849.6714477539062,0.9923297762870789,0.9923621416091919,2.4000964164733887,10.102066040039062,2.4720798339280865,10.069053663834286,0.0,0,two_ankles,accepted,2.4000964164733887,10.102066040039062,0.12063048709213715
18,0.6,detected,4,3,0.7526614665985107,ankle_midpoint,945.4083251953125,773.3115234375,0.971625804901123,0.9715211391448975,2.92366361618042,8.141168594360352,2.9482796030370313,8.057238561135815,0.0,0,two_ankles,accepted,2.92366361618042,8.141168594360352,0.09906321960592006
19,0.6333333333333333,detected,1,2,0.7455082535743713,ankle_midpoint,865.4188842773438,674.8319091796875,0.3282885253429413,0.5032432675361633,2.276886463165283,4.898542404174805,2.1988028219738225,4.105554133694533,0.0,0,two_ankles,corrected_motion_outlier,2.1972721283992858,4.257166992906816,0.7647235972803715
19,0.6333333333333333,detected,2,5,0.8835777044296265,ankle_midpoint,985.7288818359375,613.38916015625,0.9857679009437561,0.9816122651100159,3.2261011600494385,2.2247517108917236,3.1955618960943255,2.6012600140791635,0.0,0,two_ankles,corrected_motion_outlier,3.180846519124583,2.5405659735954305,0.3647640130391237
19,0.6333333333333333,detected,3,1,0.9251708388328552,ankle_midpoint,849.9600830078125,857.759521484375,0.9852111339569092,0.9854137897491455,2.375192642211914,10.286458969116211,2.428480597655809,10.166886051211153,0.0,0,two_ankles,accepted,2.375192642211914,10.286458969116211,0.18606705851954766
19,0.6333333333333333,detected,4,3,0.8167614340782166,ankle_midpoint,948.1409301757812,774.35546875,0.9603848457336426,0.9605699181556702,2.942054033279419,8.170300483703613,2.945478096646106,8.108116426291325,0.0,0,two_ankles,accepted,2.942054033279419,8.170300483703613,0.034451043783653365
20,0.6666666666666666,detected,1,2,0.7131681442260742,ankle_midpoint,864.7301635742188,677.0845947265625,0.4416992962360382,0.6659191846847534,2.2746150493621826,4.985230922698975,2.19736774177292,4.22749389676086,0.0,0,two_ankles,corrected_motion_outlier,2.195613754860705,4.376531384953036,0.4254006674220889
20,0.6666666666666666,detected,2,5,0.8831650614738464,ankle_midpoint,986.218505859375,612.950927734375,0.9827964305877686,0.9789615273475647,3.2304720878601074,2.203519821166992,3.211271482388928,2.4222769272686864,0.0,0,two_ankles,accepted,3.2304720878601074,2.203519821166992,0.193152461258208
20,0.6666666666666666,detected,3,1,0.9254233241081238,ankle_midpoint,843.190185546875,860.1535034179688,0.9928932785987854,0.9883648157119751,2.3373987674713135,10.340965270996094,2.387493774072786,10.245221700114378,0.0,0,two_ankles,accepted,2.3373987674713135,10.340965270996094,0.06632732402659648
20,0.6666666666666666,detected,4,3,0.8643475770950317,ankle_midpoint,952.0150146484375,765.3780517578125,0.9461559057235718,0.9186071157455444,2.9663219451904297,7.912542819976807,2.954857828491052,8.020108303449792,0.0,0,two_ankles,accepted,2.9663219451904297,7.912542819976807,0.25889755649372614
21,0.7,detected,1,2,0.7634598016738892,ankle_midpoint,861.86181640625,664.89453125,0.6665611267089844,0.8453826904296875,2.2350780963897705,4.509437084197998,2.2143374013505026,4.3543683311075725,0.0,0,two_ankles,accepted,2.2350780963897705,4.509437084197998,0.12446277345728603
21,0.7,detected,2,5,0.8948377370834351,ankle_midpoint,985.540283203125,609.9825439453125,0.9803043007850647,0.9772174954414368,3.225407838821411,2.059731960296631,3.217632842783545,2.2591316921312616,0.0,0,two_ankles,accepted,3.225407838821411,2.059731960296631,0.14387701537076839
21,0.7,detected,3,1,0.922633707523346,ankle_midpoint,842.5430908203125,862.578369140625,0.9870315194129944,0.9806735515594482,2.3359029293060303,10.395031929016113,2.364277893927746,10.31263630312016,0.0,0,two_ankles,accepted,2.3359029293060303,10.395031929016113,0.05408734640625717
21,0.7,detected,4,3,0.8973063826560974,ankle_midpoint,946.9361572265625,768.9088134765625,0.9444893598556519,0.8976489305496216,2.9328930377960205,8.015284538269043,2.944973672678288,8.017937609118455,0.0,0,two_ankles,accepted,2.9328930377960205,8.015284538269043,0.10804329006109187
22,0.7333333333333333,detected,1,2,0.7562127113342285,ankle_midpoint,860.2265014648438,676.8648681640625,0.4580696225166321,0.6728731989860535,2.239499807357788,4.9777092933654785,2.2250833885668637,4.4785741650469975,0.0,0,two_ankles,corrected_motion_outlier,2.2382173729424153,4.630381295417405,0.46829308494411626
22,0.7333333333333333,detected,2,5,0.900863528251648,ankle_midpoint,986.0882568359375,606.040283203125,0.9827661514282227,0.9801778197288513,3.2313318252563477,1.8658850193023682,3.2237973848963066,2.08217068935826,0.0,0,two_ankles,accepted,3.2313318252563477,1.8658850193023682,0.19393743874794903
22,0.7333333333333333,detected,3,1,0.909369707107544,ankle_midpoint,838.801513671875,865.4586181640625,0.9760662317276001,0.9652566313743591,2.316706895828247,10.459196090698242,2.3428709447829714,10.378588207530298,0.0,0,two_ankles,accepted,2.316706895828247,10.459196090698242,0.06697407965512145
22,0.7333333333333333,detected,4,3,0.8911837935447693,ankle_midpoint,940.8232421875,764.5616455078125,0.9393505454063416,0.9132165312767029,2.8907599449157715,7.890597343444824,2.9205774951851557,7.960634489565321,0.0,0,two_ankles,accepted,2.8907599449157715,7.890597343444824,0.13161342662809283
23,0.7666666666666667,detected,1,2,0.7340673804283142,ankle_midpoint,849.5165405273438,688.952880859375,0.3910668194293976,0.5796206593513489,2.175163745880127,5.4334869384765625,2.232406355984552,4.601312268762413,0.0353653912903944,0,two_ankles,corrected_motion_outlier,2.24135664949506,4.751325506636811,0.46299510326493426
23,0.7666666666666667,detected,2,5,0.8994117975234985,ankle_midpoint,985.4593505859375,607.2221069335938,0.9824936985969543,0.9801124334335327,3.2254700660705566,1.9244173765182495,3.224550091424719,2.0111816985802555,0.0,0,two_ankles,accepted,3.2254700660705566,1.9244173765182495,0.05882513971083913
23,0.7666666666666667,detected,3,1,0.911835253238678,ankle_midpoint,833.47412109375,864.0933227539062,0.9884258508682251,0.9646799564361572,2.28408145904541,10.429750442504883,2.316415676201069,10.401611213268861,0.0,0,two_ankles,accepted,2.28408145904541,10.429750442504883,0.043948439367035276
23,0.7666666666666667,detected,4,3,0.8993284106254578,ankle_midpoint,936.5499267578125,774.8148193359375,0.9358834624290466,0.9097068309783936,2.865192174911499,8.185075759887695,2.8956541010620107,8.06163306121039,0.0,0,two_ankles,accepted,2.865192174911499,8.185075759887695,0.2955862794746948
24,0.8,detected,1,2,0.6184695959091187,ankle_midpoint,846.155029296875,690.677001953125,0.5741422772407532,0.7638649344444275,2.1523444652557373,5.497358798980713,2.237846662512971,4.723243120854626,0.0,0,two_ankles,corrected_motion_outlier,2.244495926047705,4.872269717856218,0.3304599771126842
24,0.8,detected,2,5,0.9008228182792664,ankle_midpoint,984.161376953125,607.1717529296875,0.9769487977027893,0.972044825553894,3.2140953540802,1.9222509860992432,3.2198454596196857,1.9711628779638,0.0,0,two_ankles,accepted,3.2140953540802,1.9222509860992432,0.01157917614993058
24,0.8,detected,3,1,0.9042410254478455,ankle_midpoint,829.28173828125,864.86181640625,0.988137423992157,0.9697959423065186,2.2602665424346924,10.447257041931152,2.2911485660062,10.422151836166893,0.0,0,two_ankles,accepted,2.2602665424346924,10.447257041931152,0.029557254213598765
24,0.8,detected,4,3,0.8953320980072021,ankle_midpoint,923.3013916015625,772.2301635742188,0.9400308728218079,0.9165607690811157,2.776108741760254,8.113906860351562,2.8418586893762203,8.085156270823918,0.0,0,two_ankles,accepted,2.776108741760254,8.113906860351562,0.11402135906573173
25,0.8333333333333334,detected,1,2,0.5930818915367126,ankle_midpoint,850.5865478515625,687.4052734375,0.6834672689437866,0.8688850402832031,2.180968761444092,5.37621545791626,2.2122516070319755,5.017080672532361,0.0,0,two_ankles,accepted,2.180968761444092,5.37621545791626,0.21711641020342323
25,0.8333333333333334,detected,2,5,0.9008105993270874,ankle_midpoint,983.3719482421875,607.1775512695312,0.9759203195571899,0.9727919697761536,3.207167387008667,1.9227287769317627,3.2141403269447277,1.9493675324993833,0.0,0,two_ankles,accepted,3.207167387008667,1.9227287769317627,0.0069444230735092784
25,0.8333333333333334,detected,3,1,0.9118594527244568,ankle_midpoint,827.3802490234375,864.8365478515625,0.990756094455719,0.9597211480140686,2.2490832805633545,10.446942329406738,2.2722191875569195,10.433307558124824,0.0,0,two_ankles,accepted,2.2490832805633545,10.446942329406738,0.01118768921877717
25,0.8333333333333334,detected,4,3,0.8882638812065125,ankle_midpoint,922.17919921875,770.7548217773438,0.9611585140228271,0.9485712051391602,2.7679636478424072,8.072038650512695,2.808605920686005,8.079253341683868,0.0,0,two_ankles,accepted,2.7679636478424072,8.072038650512695,0.04265313060071861
26,0.8666666666666667,detected,1,2,0.5312673449516296,ankle_midpoint,862.5892944335938,687.4158935546875,0.7778574824333191,0.9015749096870422,2.2721457481384277,5.3742995262146,2.2392039705298794,5.177829156689369,0.0,0,two_ankles,accepted,2.2721457481384277,5.3742995262146,0.09119711452093503
26,0.8666666666666667,detected,2,5,0.9009068608283997,ankle_midpoint,982.5010375976562,606.5494384765625,0.9822315573692322,0.9823073148727417,3.1996710300445557,1.8919425010681152,3.2076291433396507,1.923526268355313,0.0,0,two_ankles,accepted,3.1996710300445557,1.8919425010681152,0.03168580359223958
26,0.8666666666666667,detected,3,1,0.913399875164032,ankle_midpoint,826.933837890625,865.1326293945312,0.9901667833328247,0.9594326019287109,2.2467799186706543,10.45352840423584,2.2607715165581004,10.442406938874782,0.0,0,two_ankles,accepted,2.2467799186706543,10.45352840423584,0.006977238541376424
26,0.8666666666666667,detected,4,3,0.8955121636390686,ankle_midpoint,916.5182495117188,769.7279052734375,0.9647995829582214,0.9598856568336487,2.729642391204834,8.04355525970459,2.773072332419478,8.063189204793193,0.0,0,two_ankles,accepted,2.729642391204834,8.04355525970459,0.0477474843547806
27,0.9,detected,1,2,0.6674831509590149,ankle_midpoint,859.7050170898438,681.1590576171875,0.8801594376564026,0.9583364129066467,2.2415428161621094,5.1411004066467285,2.2402564510643828,5.161301219170181,0.0,0,two_ankles,accepted,2.2415428161621094,5.1411004066467285,0.23519857315208656
27,0.9,detected,2,5,0.884946882724762,ankle_midpoint,982.4278564453125,605.67138671875,0.9812934994697571,0.9781794548034668,3.1992299556732178,1.848502278327942,3.203849508889756,1.889765472842996,0.0,0,two_ankles,accepted,3.1992299556732178,1.848502278327942,0.043442461927438274
27,0.9,detected,3,1,0.911676287651062,ankle_midpoint,823.7181396484375,864.2698364257812,0.9871800541877747,0.9673880934715271,2.226977586746216,10.434900283813477,2.2455642481427525,10.439028944097196,0.0,0,two_ankles,accepted,2.226977586746216,10.434900283813477,0.027187114964918643
27,0.9,detected,4,3,0.8838857412338257,ankle_midpoint,904.9107666015625,772.3222045898438,0.9666664004325867,0.9615038633346558,2.6536426544189453,8.119391441345215,2.7193289773192384,8.088480211241604,0.0,0,two_ankles,accepted,2.6536426544189453,8.119391441345215,0.10736426983570571
28,0.9333333333333333,detected,1,2,0.7451541423797607,ankle_midpoint,850.2158203125,686.706298828125,0.8378567099571228,0.9438624978065491,2.177107095718384,5.350417137145996,2.2118392411586836,5.246403382259298,0.0,0,two_ankles,accepted,2.177107095718384,5.350417137145996,0.21901017267699
28,0.9333333333333333,detected,2,5,0.8787010312080383,ankle_midpoint,981.7232055664062,604.48291015625,0.9831383228302002,0.978804349899292,3.1932897567749023,1.789618968963623,3.199097620438072,1.8446995460972784,0.0,0,two_ankles,accepted,3.1932897567749023,1.789618968963623,0.059182177086058836
28,0.9333333333333333,detected,3,1,0.9099217057228088,ankle_midpoint,822.95166015625,865.1179809570312,0.9912028312683105,0.9554550647735596,2.2234082221984863,10.453714370727539,2.235594036467833,10.44563738608085,0.0,0,two_ankles,accepted,2.2234082221984863,10.453714370727539,0.019149679623546863
28,0.9333333333333333,detected,4,3,0.8795575499534607,ankle_midpoint,894.2251586914062,776.8619384765625,0.9756003618240356,0.9611154794692993,2.5857300758361816,8.249223709106445,2.659209471651863,8.160814785280783,0.0,0,two_ankles,accepted,2.5857300758361816,8.249223709106445,0.14652145263333932
29,0.9666666666666667,detected,1,2,0.8051771521568298,ankle_midpoint,859.1564331054688,685.131103515625,0.8647266030311584,0.9556124806404114,2.2429018020629883,5.290165901184082,2.225817393565621,5.266096515775452,0.0,0,two_ankles,accepted,2.2429018020629883,5.290165901184082,0.08921409539927525
29,0.9666666666666667,detected,2,5,0.8860273361206055,ankle_midpoint,981.1444091796875,602.9403076171875,0.989093542098999,0.987888514995575,3.188509464263916,1.7127054929733276,3.194332950159702,1.7853022221915007,0.0,0,two_ankles,accepted,3.188509464263916,1.7127054929733276,0.07706188412827927
29,0.9666666666666667,detected,3,1,0.908023476600647,ankle_midpoint,822.3572998046875,864.55078125,0.9900813698768616,0.9507507681846619,2.219297409057617,10.441278457641602,2.228260554133236,10.44367586828319,0.0,0,two_ankles,accepted,2.219297409057617,10.441278457641602,0.013097737169455415
29,0.9666666666666667,detected,4,3,0.8751235604286194,ankle_midpoint,892.9375,778.538818359375,0.9870808720588684,0.9700872302055359,2.5784239768981934,8.296339988708496,2.622855999012712,8.221801126823255,0.0,0,two_ankles,accepted,2.5784239768981934,8.296339988708496,0.04767937588968946
30,1.0,detected,1,2,0.8181846737861633,ankle_midpoint,863.8089599609375,680.8013916015625,0.8424097895622253,0.9365426898002625,2.272557020187378,5.126786231994629,2.246850225545412,5.203406888074081,0.0,0,two_ankles,accepted,2.272557020187378,5.126786231994629,0.1660492344651437
30,1.0,detected,2,5,0.8866530060768127,ankle_midpoint,979.0987548828125,600.7993774414062,0.9884759187698364,0.9862406849861145,3.170792818069458,1.605506420135498,3.1837398907190924,1.7043941112662995,0.0,0,two_ankles,accepted,3.170792818069458,1.605506420135498,0.10865321334258779
30,1.0,detected,3,1,0.90985506772995,ankle_midpoint,821.3018188476562,863.5682983398438,0.9895884990692139,0.9548906087875366,2.212010145187378,10.419697761535645,2.2209478701076,10.432885720246794,0.0,0,two_ankles,accepted,2.212010145187378,10.419697761535645,0.02277785457702642
30,1.0,detected,4,3,0.8658458590507507,ankle_midpoint,893.9473266601562,780.275390625,0.9894667267799377,0.9788075685501099,2.5863232612609863,8.344533920288086,2.6064162670244357,8.27703088388243,0.0,0,two_ankles,accepted,2.5863232612609863,8.344533920288086,0.04883701193298432
31,1.0333333333333334,detected,1,2,0.8010714650154114,ankle_midpoint,873.1492919921875,669.973388671875,0.894835889339447,0.9399917125701904,2.330695390701294,4.708042144775391,2.266635989368223,5.148879932704951,0.0,0,two_ankles,corrected_motion_outlier,2.2908185895961033,5.082235876142679,0.42276078425876545
31,1.0333333333333334,detected,2,5,0.8563117384910583,ankle_midpoint,975.399658203125,598.094482421875,0.9821783900260925,0.9799821376800537,3.13824725151062,1.4690725803375244,3.16326820307528,1.5984994223483509,0.0,0,two_ankles,accepted,3.13824725151062,1.4690725803375244,0.1402619212211742
31,1.0333333333333334,detected,3,1,0.9131587743759155,ankle_midpoint,820.926513671875,862.7844848632812,0.9910396933555603,0.9728022217750549,2.2089290618896484,10.402381896972656,2.2155394064095217,10.419158999773433,0.0,0,two_ankles,accepted,2.2089290618896484,10.402381896972656,0.017587843524755984
31,1.0333333333333334,detected,4,3,0.884432315826416,ankle_midpoint,898.1856079101562,780.4118041992188,0.9840099215507507,0.938258171081543,2.6143198013305664,8.347673416137695,2.6099728574621945,8.308820023397299,0.0,0,two_ankles,accepted,2.6143198013305664,8.347673416137695,0.02817201963042972
32,1.0666666666666667,detected,1,2,0.7420778274536133,ankle_midpoint,875.6671142578125,667.5982055664062,0.9298347234725952,0.949806809425354,2.347421646118164,4.614006996154785,2.302989534905697,4.9081871112573765,0.0,0,two_ankles,accepted,2.347421646118164,4.614006996154785,0.25910772707710333
32,1.0666666666666667,detected,2,5,0.8354233503341675,ankle_midpoint,974.72265625,597.4591674804688,0.9800728559494019,0.9772946834564209,3.1322684288024902,1.4367715120315552,3.1493183046525246,1.525721862705793,0.0,0,two_ankles,accepted,3.1322684288024902,1.4367715120315552,0.032849738730804844
32,1.0666666666666667,detected,3,1,0.9159336090087891,ankle_midpoint,821.07958984375,862.119873046875,0.9919934272766113,0.9790893197059631,2.2090864181518555,10.387611389160156,2.2126355616935722,10.404962574997459,0.0,0,two_ankles,accepted,2.2090864181518555,10.387611389160156,0.014771345979035875
32,1.0666666666666667,detected,4,3,0.8845505714416504,ankle_midpoint,898.6287841796875,778.8829345703125,0.9838834404945374,0.9410172700881958,2.6162195205688477,8.305066108703613,2.6127838558601884,8.30713076178514,0.0,0,two_ankles,accepted,2.6162195205688477,8.305066108703613,0.042649637512723104
33,1.1,detected,1,2,0.8146050572395325,ankle_midpoint,878.811767578125,675.594970703125,0.9202993512153625,0.9355498552322388,2.38169264793396,4.92527437210083,2.3342210832954087,4.722393715552128,0.0,0,two_ankles,corrected_motion_outlier,2.372392975771723,4.495312898579045,0.31314833688492544
33,1.1,detected,2,5,0.8294336199760437,ankle_midpoint,979.1099853515625,601.8258056640625,0.9670168161392212,0.951356828212738,3.170710802078247,1.6572511196136475,3.1589449284941,1.5849100283143276,0.0,0,two_ankles,accepted,3.170710802078247,1.6572511196136475,0.22380588335123372
33,1.1,detected,3,1,0.9163123965263367,ankle_midpoint,819.1827392578125,861.3461303710938,0.9920217394828796,0.9870114326477051,2.1970407962799072,10.370650291442871,2.205617917257423,10.389522047397895,0.0,0,two_ankles,accepted,2.1970407962799072,10.370650291442871,0.02080326517778528
33,1.1,detected,4,3,0.8764104247093201,ankle_midpoint,895.4541625976562,776.0263671875,0.972091019153595,0.9493503570556641,2.5932750701904297,8.225570678710938,2.604004902308797,8.27042872440175,0.0,0,two_ankles,accepted,2.5932750701904297,8.225570678710938,0.08274038429260587
34,1.1333333333333333,detected,1,2,0.8062562942504883,ankle_midpoint,883.6553955078125,671.8072509765625,0.8601083755493164,0.8839961290359497,2.4149668216705322,4.777624607086182,2.370556665564214,4.747247616742452,0.0,0,two_ankles,accepted,2.4149668216705322,4.777624607086182,0.08850575312839565
34,1.1333333333333333,detected,2,5,0.6863194704055786,ankle_midpoint,978.3475341796875,602.9654541015625,0.9592852592468262,0.9112281799316406,3.1637659072875977,1.7146543264389038,3.161114368951174,1.643294962470387,0.0,0,two_ankles,accepted,3.1637659072875977,1.7146543264389038,0.057821792755641414
34,1.1333333333333333,detected,3,1,0.9198700785636902,ankle_midpoint,817.8969116210938,863.3192138671875,0.9906948804855347,0.9861384034156799,2.1917173862457275,10.414619445800781,2.19936267830216,10.400815876679193,0.0,0,two_ankles,accepted,2.1917173862457275,10.414619445800781,0.044290238533357826
34,1.1333333333333333,detected,4,3,0.8869807720184326,ankle_midpoint,894.860107421875,776.7698974609375,0.9640291929244995,0.945287823677063,2.5898661613464355,8.24654483795166,2.5976424688757347,8.25968097549921,0.0,0,two_ankles,accepted,2.5898661613464355,8.24654483795166,0.021249376822905962
35,1.1666666666666667,detected,1,2,0.8159976005554199,ankle_midpoint,890.2050170898438,672.573486328125,0.8461421728134155,0.8663457036018372,2.4668490886688232,4.8061394691467285,2.413888255961288,4.773748950324377,0.0,0,two_ankles,accepted,2.4668490886688232,4.8061394691467285,0.05920191709069878
35,1.1666666666666667,detected,2,5,0.7332590222358704,ankle_midpoint,976.4298095703125,603.5869750976562,0.9735254645347595,0.9378103017807007,3.146723508834839,1.7462226152420044,3.1546384818988233,1.689612406217615,0.0,0,two_ankles,accepted,3.146723508834839,1.7462226152420044,0.03587478505829075
35,1.1666666666666667,detected,3,1,0.918199896812439,ankle_midpoint,817.8094482421875,863.1339111328125,0.991078794002533,0.9847297072410583,2.1909918785095215,10.410526275634766,2.195595818395473,10.4051855562092,0.0,0,two_ankles,accepted,2.1909918785095215,10.410526275634766,0.004156970469374928
35,1.1666666666666667,detected,4,3,0.88713139295578,ankle_midpoint,898.2297973632812,775.7078857421875,0.9677107930183411,0.9420543909072876,2.6114470958709717,8.216182708740234,2.6038545510235913,8.24010675545767,0.0,0,two_ankles,accepted,2.6114470958709717,8.216182708740234,0.03725044463095213
36,1.2,detected,1,2,0.8324601054191589,ankle_midpoint,890.5128173828125,671.5467529296875,0.8668929934501648,0.8889690637588501,2.46817946434021,4.76608943939209,2.438319299731803,4.770302170404848,0.0,0,two_ankles,accepted,2.46817946434021,4.76608943939209,0.0400721197689174
36,1.2,detected,2,5,0.633918285369873,ankle_midpoint,969.1904296875,607.3372802734375,0.946085512638092,0.9081636071205139,3.0827488899230957,1.9340455532073975,3.122288165509746,1.7996073223630171,0.0,0,two_ankles,accepted,3.0827488899230957,1.9340455532073975,0.19841927298237602
36,1.2,detected,3,1,0.9169977903366089,ankle_midpoint,817.669189453125,862.730224609375,0.9867722392082214,0.9838792085647583,2.1897060871124268,10.401596069335938,2.1929454393181023,10.403570287116231,0.0,0,two_ankles,accepted,2.1897060871124268,10.401596069335938,0.009022297049891027
36,1.2,detected,4,3,0.8946787118911743,ankle_midpoint,907.332763671875,778.365966796875,0.9635255932807922,0.9303426146507263,2.6733438968658447,8.289300918579102,2.6351247566526057,8.262244128862315,0.0,0,two_ankles,accepted,2.6733438968658447,8.289300918579102,0.09579919928391642
37,1.2333333333333334,detected,1,2,0.837079644203186,ankle_midpoint,901.555419921875,668.2317504882812,0.9400510191917419,0.935146689414978,2.5513687133789062,4.633779525756836,2.4891915358729992,4.708866980313243,0.0,0,two_ankles,accepted,2.5513687133789062,4.633779525756836,0.15628936112797498
37,1.2333333333333334,detected,2,5,0.26579299569129944,ankle_midpoint,984.3535766601562,603.261962890625,0.9331236481666565,0.869129478931427,3.216811418533325,1.7280205488204956,3.164823629370357,1.7673932742688825,0.0,0,two_ankles,accepted,3.216811418533325,1.7280205488204956,0.24580289666721084
37,1.2333333333333334,detected,3,1,0.9176065921783447,ankle_midpoint,822.7235107421875,860.791015625,0.9767829179763794,0.9785338044166565,2.217292070388794,10.357830047607422,2.2039014232999135,10.382987179337267,0.0,0,two_ankles,accepted,2.217292070388794,10.357830047607422,0.05173442887734349
37,1.2333333333333334,detected,4,3,0.8933214545249939,ankle_midpoint,915.445556640625,776.7901611328125,0.9623140692710876,0.9658958315849304,2.72611141204834,8.243935585021973,2.6760687515806865,8.254005284134161,0.0,0,two_ankles,accepted,2.72611141204834,8.243935585021973,0.06958752867636857
38,1.2666666666666666,detected,1,2,0.8197683691978455,ankle_midpoint,900.9217529296875,658.083984375,0.9147161245346069,0.9149717092514038,2.5369632244110107,4.226330280303955,2.537328883089055,4.646040253260657,0.0,0,two_ankles,corrected_motion_outlier,2.5961634185753453,4.569252031307497,0.4077038210913973
38,1.2666666666666666,detected,2,5,0.42304083704948425,ankle_midpoint,962.4600830078125,602.038330078125,0.9721025228500366,0.9385290145874023,3.023158073425293,1.6720538139343262,3.1010741291950783,1.7244905171183322,0.0,0,two_ankles,accepted,3.023158073425293,1.6720538139343262,0.2015785045220581
38,1.2666666666666666,detected,3,1,0.9170275926589966,ankle_midpoint,826.6956787109375,861.6629028320312,0.9796832203865051,0.9804844260215759,2.2416598796844482,10.376730918884277,2.220892728672954,10.380171862133423,0.0,0,two_ankles,accepted,2.2416598796844482,10.376730918884277,0.030838823986877904
38,1.2666666666666666,detected,4,3,0.9044938683509827,ankle_midpoint,918.3096923828125,774.5279541015625,0.9784663319587708,0.9800093770027161,2.743971586227417,8.179804801940918,2.7066250271717154,8.220615067147202,0.0,0,two_ankles,accepted,2.743971586227417,8.179804801940918,0.06657133888015371
39,1.3,detected,1,2,0.7891517877578735,ankle_midpoint,898.8131103515625,656.7890014648438,0.8720771670341492,0.9195033311843872,2.518855333328247,4.17371940612793,2.5290157856966915,4.43349587205093,0.0,0,two_ankles,accepted,2.518855333328247,4.17371940612793,0.23060379092465183
39,1.3,detected,2,5,0.23450754582881927,ankle_midpoint,993.4969482421875,591.4306640625,0.9115514755249023,0.8780410289764404,3.3027477264404297,1.119803786277771,3.0442926236743313,1.688005013324382,0.0,0,two_ankles,corrected_motion_outlier,2.9748930058156398,1.6434116197984425,0.6189914919607462
39,1.3,detected,3,1,0.9189721941947937,ankle_midpoint,832.4288330078125,866.934814453125,0.9823870658874512,0.9790376424789429,2.280852794647217,10.492465019226074,2.2478747583613723,10.430703782825116,0.0,0,two_ankles,accepted,2.280852794647217,10.492465019226074,0.12219028834242071
39,1.3,detected,4,3,0.9068534970283508,ankle_midpoint,922.7733154296875,780.4905395507812,0.9880357384681702,0.9877132177352905,2.7762324810028076,8.346095085144043,2.7379483813957073,8.277081075245782,0.0,0,two_ankles,accepted,2.7762324810028076,8.346095085144043,0.1693907424255657
40,1.3333333333333333,detected,1,2,0.7940160632133484,ankle_midpoint,908.3511962890625,656.696044921875,0.8622367978096008,0.9062116146087646,2.5951337814331055,4.167904376983643,2.558768883778078,4.313979699270651,0.0,0,two_ankles,accepted,2.5951337814331055,4.167904376983643,0.07649977914500462
40,1.3333333333333333,detected,3,1,0.9212522506713867,ankle_midpoint,832.39306640625,867.738037109375,0.9720141887664795,0.9598707556724548,2.2814624309539795,10.510077476501465,2.262989211028046,10.466421944979473,0.0,0,two_ankles,accepted,2.2814624309539795,10.510077476501465,0.017623005070191163
40,1.3333333333333333,detected,4,3,0.9058386087417603,ankle_midpoint,926.0541381835938,795.0133666992188,0.9789380431175232,0.981845498085022,2.8035888671875,8.740592002868652,2.768492367463832,8.326666880433914,0.0,0,two_ankles,corrected_motion_outlier,2.8058239059915397,8.38727175344163,0.3954442943820321
40,1.3333333333333333,predicted,2,,,motion_prediction,,,,,,,2.926627938205987,1.614769425662559,,1,,motion_prediction,2.926627938205987,1.614769425662559,
41,1.3666666666666667,detected,1,2,0.8318159580230713,ankle_midpoint,911.8826904296875,658.0829467773438,0.7323498129844666,0.736666202545166,2.6245148181915283,4.224000930786133,2.588354554264131,4.273489253452618,0.0,0,two_ankles,accepted,2.6245148181915283,4.224000930786133,0.06332510299648533
41,1.3666666666666667,detected,3,1,0.9228277206420898,ankle_midpoint,831.9439697265625,867.864990234375,0.9734935760498047,0.9648839235305786,2.2789669036865234,10.512913703918457,2.2701791727243608,10.487343236502017,0.0,0,two_ankles,accepted,2.2789669036865234,10.512913703918457,0.003777809193635229
41,1.3666666666666667,detected,4,3,0.9088943600654602,ankle_midpoint,926.7596435546875,792.3951416015625,0.9889799356460571,0.9894582033157349,2.8071353435516357,8.670473098754883,2.7858817067033437,8.481379678678351,0.0,0,two_ankles,accepted,2.8071353435516357,8.670473098754883,0.16292335823004783
41,1.3666666666666667,predicted,2,,,motion_prediction,,,,,,,2.8783628705963338,1.5861272315266755,,2,,motion_prediction,2.8783628705963338,1.5861272315266755,
42,1.4,detected,1,2,0.8527200818061829,ankle_midpoint,925.093505859375,647.711669921875,0.8899725675582886,0.8988420367240906,2.7236175537109375,3.789353370666504,2.6215171969903306,4.23617795065175,0.0,0,two_ankles,corrected_motion_outlier,2.662049315877908,4.190575247228467,0.4458024828389546
42,1.4,detected,3,1,0.923133373260498,ankle_midpoint,831.5518798828125,869.9393310546875,0.972211480140686,0.9676459431648254,2.278795003890991,10.55825424194336,2.2740562967493445,10.519253188950621,0.0,0,two_ankles,accepted,2.278795003890991,10.55825424194336,0.045340863885983906
42,1.4,detected,4,3,0.9144694209098816,ankle_midpoint,941.7003784179688,796.6421508789062,0.9790204167366028,0.9819279909133911,2.9049031734466553,8.781577110290527,2.839441366737834,8.61646852290383,0.0,0,two_ankles,accepted,2.9049031734466553,8.781577110290527,0.14799543892192796
42,1.4,predicted,2,,,motion_prediction,,,,,,,2.830097802986681,1.557485037390792,,3,,motion_prediction,2.830097802986681,1.557485037390792,
43,1.4333333333333333,detected,1,2,0.8596550226211548,ankle_midpoint,929.6017456054688,647.640380859375,0.9472008943557739,0.9597870707511902,2.7602593898773193,3.785360336303711,2.6839511837894756,4.033310024195133,0.0,0,two_ankles,accepted,2.7602593898773193,3.785360336303711,0.2295823163214293
43,1.4333333333333333,detected,3,1,0.9310694336891174,ankle_midpoint,829.8048706054688,870.3997802734375,0.979563295841217,0.9765223264694214,2.2690858840942383,10.568496704101562,2.2718196110545468,10.541412770768545,0.0,0,two_ankles,accepted,2.2690858840942383,10.568496704101562,0.014112938683701658
43,1.4333333333333333,detected,4,3,0.9134416580200195,ankle_midpoint,963.0985107421875,797.781005859375,0.989321231842041,0.9884968996047974,3.0426812171936035,8.808585166931152,2.9308992994429306,8.702921012716125,0.0,0,two_ankles,accepted,3.0426812171936035,8.808585166931152,0.14040022956619122
43,1.4333333333333333,predicted,2,,,motion_prediction,,,,,,,2.781832735377028,1.5288428432549084,,4,,motion_prediction,2.781832735377028,1.5288428432549084,
44,1.4666666666666666,detected,1,2,0.8633687496185303,ankle_midpoint,932.929931640625,643.404052734375,0.962817370891571,0.9700288772583008,2.785130262374878,3.6035513877868652,2.729481769152907,3.839918637811413,0.0,0,two_ankles,accepted,2.785130262374878,3.6035513877868652,0.18350219088498881
44,1.4666666666666666,detected,3,1,0.929429292678833,ankle_midpoint,827.9312744140625,869.6365356445312,0.9829322099685669,0.9803591966629028,2.2573721408843994,10.552117347717285,2.2653182494779807,10.546229830395479,0.0,0,two_ankles,accepted,2.2573721408843994,10.552117347717285,0.020136908788322333
44,1.4666666666666666,detected,4,3,0.9165537357330322,ankle_midpoint,974.3063354492188,798.5302124023438,0.9809004664421082,0.9779180288314819,3.114673614501953,8.826730728149414,3.013597741219491,8.758635384661105,0.0,0,two_ankles,accepted,3.114673614501953,8.826730728149414,0.07424396717665986
44,1.4666666666666666,predicted,2,,,motion_prediction,,,,,,,2.733567667767375,1.5002006491190247,,5,,motion_prediction,2.733567667767375,1.5002006491190247,
45,1.5,detected,1,2,0.8577501773834229,ankle_midpoint,937.1092529296875,640.811279296875,0.9695790410041809,0.9768163561820984,2.8181891441345215,3.490438222885132,2.769400087894634,3.6826524510945866,0.0,0,two_ankles,accepted,2.8181891441345215,3.490438222885132,0.1178451430364647
45,1.5,detected,2,5,0.5341086983680725,ankle_midpoint,903.4189453125,574.444580078125,0.5021546483039856,0.5242653489112854,2.467681646347046,0.22296078503131866,2.784817683877053,1.0287351105925036,0.6174206172169477,0,two_ankles,accepted,2.467681646347046,0.22296078503131866,0.22170142946226207
45,1.5,detected,3,1,0.925073504447937,ankle_midpoint,822.1972045898438,866.8056640625,0.9679940938949585,0.9730124473571777,2.220839262008667,10.490933418273926,2.2453027051167895,10.52134644494078,0.0,0,two_ankles,accepted,2.220839262008667,10.490933418273926,0.07126096028737554
45,1.5,detected,4,3,0.9219162464141846,ankle_midpoint,993.5308837890625,805.969970703125,0.9803354740142822,0.9824792146682739,3.2364723682403564,9.018301963806152,3.1138913233788807,8.875485345276378,0.0,0,two_ankles,accepted,3.2364723682403564,9.018301963806152,0.22701205858561296
46,1.5333333333333334,detected,1,2,0.8410778045654297,ankle_midpoint,932.4669189453125,639.66796875,0.9483586549758911,0.9539584517478943,2.779326915740967,3.4416496753692627,2.7738671604254836,3.574201202018191,0.0,0,two_ankles,accepted,2.779326915740967,3.4416496753692627,0.062374635585476804
46,1.5333333333333334,detected,2,5,0.8136985301971436,ankle_midpoint,879.5075073242188,583.3326416015625,0.9064630270004272,0.8997682929039001,2.259005069732666,0.7183770537376404,2.6154907151034656,0.6251542291549068,0.0,0,two_ankles,corrected_motion_outlier,2.408535531046859,0.13188870739784397,0.5375715700503436
46,1.5333333333333334,detected,3,1,0.9219585657119751,ankle_midpoint,809.8734130859375,869.3759765625,0.9904616475105286,0.9887098670005798,2.1517672538757324,10.548726081848145,2.203211752058314,10.533667281549095,0.0,0,two_ankles,accepted,2.1517672538757324,10.548726081848145,0.09006072546076348
46,1.5333333333333334,detected,4,3,0.9227427244186401,ankle_midpoint,1011.0565795898438,815.1675415039062,0.98101407289505,0.9828155636787415,3.344475746154785,9.2506685256958,3.2176543136280378,9.044317776465117,0.0,0,two_ankles,accepted,3.344475746154785,9.2506685256958,0.25624002170883203
47,1.5666666666666667,detected,1,2,0.841612696647644,ankle_midpoint,939.4833984375,640.136474609375,0.9701354503631592,0.9737889170646667,2.8374555110931396,3.4605419635772705,2.8024819182259293,3.523054544719777,0.0,0,two_ankles,accepted,2.8374555110931396,3.4605419635772705,0.06112161770888498
47,1.5666666666666667,detected,2,5,0.8281568884849548,ankle_midpoint,873.8616943359375,584.0736083984375,0.9379554986953735,0.9287356734275818,2.208462953567505,0.7598305940628052,2.4323282224122833,0.6857585933634611,0.0826945807077385,0,two_ankles,accepted,2.208462953567505,0.7598305940628052,0.29808703533357456
47,1.5666666666666667,detected,3,1,0.9247621297836304,ankle_midpoint,804.064697265625,871.0548706054688,0.9875024557113647,0.9846264719963074,2.1199402809143066,10.585984230041504,2.165739590043511,10.55720990837068,0.0,0,two_ankles,accepted,2.1199402809143066,10.585984230041504,0.04900128380650507
47,1.5666666666666667,detected,4,3,0.914545476436615,ankle_midpoint,1016.5914306640625,820.58349609375,0.9859216809272766,0.987205982208252,3.377004861831665,9.385465621948242,3.2893620603196703,9.197834306932524,0.0,0,two_ankles,accepted,3.377004861831665,9.385465621948242,0.13866650830250896
48,1.6,detected,1,2,0.8584049940109253,ankle_midpoint,942.6544189453125,643.2120361328125,0.9792392253875732,0.9814391732215881,2.8648014068603516,3.5931596755981445,2.8305256881114196,3.5546018536150426,0.0,0,two_ankles,accepted,2.8648014068603516,3.5931596755981445,0.13540773817239063
48,1.6,detected,2,5,0.8414765000343323,ankle_midpoint,869.416015625,579.9819946289062,0.9161605834960938,0.9156227707862854,2.1601788997650146,0.5387870073318481,2.3098610272210123,0.6196213796492354,0.0,0,two_ankles,accepted,2.1601788997650146,0.5387870073318481,0.22625564542456814
48,1.6,detected,3,1,0.9165515303611755,ankle_midpoint,789.9786376953125,873.2646484375,0.9900596141815186,0.9871794581413269,2.0408825874328613,10.635590553283691,2.109553938868719,10.592481198581535,0.0,0,two_ankles,accepted,2.0408825874328613,10.635590553283691,0.09333223561136073
48,1.6,detected,4,3,0.9132930040359497,ankle_midpoint,1026.35595703125,824.6946411132812,0.9876654148101807,0.9884232878684998,3.4358482360839844,9.485700607299805,3.355280839413612,9.327374142097801,0.0,0,two_ankles,accepted,3.4358482360839844,9.485700607299805,0.1162307832797597
49,1.6333333333333333,detected,1,2,0.871674656867981,ankle_midpoint,944.770263671875,642.8493041992188,0.9896341562271118,0.9905874133110046,2.8820314407348633,3.5770516395568848,2.8537032767919692,3.564704257288872,0.0,0,two_ankles,accepted,2.8820314407348633,3.5770516395568848,0.023586922063366912
49,1.6333333333333333,detected,2,5,0.8148462772369385,ankle_midpoint,861.54638671875,581.2135009765625,0.9264770150184631,0.9251317381858826,2.089907169342041,0.6081309914588928,2.2108817911754755,0.6144507049635812,0.0,0,two_ankles,accepted,2.089907169342041,0.6081309914588928,0.09872539810631761
49,1.6333333333333333,detected,3,1,0.9279434680938721,ankle_midpoint,783.8643188476562,877.0439453125,0.9846253395080566,0.9794970750808716,2.0105226039886475,10.71753215789795,2.064989838172687,10.648754130273922,0.0,0,two_ankles,accepted,2.0105226039886475,10.71753215789795,0.08738509690726616
49,1.6333333333333333,detected,4,3,0.9032846093177795,ankle_midpoint,1035.611328125,832.072509765625,0.9871986508369446,0.9878652691841125,3.489108085632324,9.663968086242676,3.4155031002120326,9.478841416962995,0.0,0,two_ankles,accepted,3.489108085632324,9.663968086242676,0.1860535020432531
50,1.6666666666666667,detected,1,2,0.8745724558830261,ankle_midpoint,942.0592651367188,640.0362548828125,0.973048210144043,0.9757449626922607,2.858664035797119,3.4556069374084473,2.8559356183442866,3.5156104633426812,0.0,0,two_ankles,accepted,2.858664035797119,3.4556069374084473,0.12367235460460518
50,1.6666666666666667,detected,2,5,0.8111419081687927,ankle_midpoint,854.3658447265625,584.4095458984375,0.9207138419151306,0.9281374216079712,2.0304648876190186,0.7830085158348083,2.12969418457507,0.6903017198556335,0.0,0,two_ankles,accepted,2.0304648876190186,0.7830085158348083,0.18470390734439837
50,1.6666666666666667,detected,3,1,0.9262495636940002,ankle_midpoint,781.2996215820312,882.5731201171875,0.977158784866333,0.9696118831634521,2.0032176971435547,10.835221290588379,2.0371923747095777,10.732664352415428,0.0,0,two_ankles,accepted,2.0032176971435547,10.835221290588379,0.11791562075247303
50,1.6666666666666667,detected,4,3,0.9170028567314148,ankle_midpoint,1038.1258544921875,836.7908935546875,0.978964626789093,0.981620728969574,3.501866102218628,9.776609420776367,3.4543664511150007,9.612837018679013,0.0,0,two_ankles,accepted,3.501866102218628,9.776609420776367,0.11336153330273625
51,1.7,detected,1,2,0.8599055409431458,ankle_midpoint,943.7711181640625,638.78466796875,0.9742292761802673,0.9769708514213562,2.872321367263794,3.400534152984619,2.863309205358065,3.4638261236815535,0.0,0,two_ankles,accepted,2.872321367263794,3.400534152984619,0.056740940131302646
51,1.7,detected,2,5,0.7663199305534363,ankle_midpoint,845.42822265625,586.04443359375,0.9295715689659119,0.9202562570571899,1.9522967338562012,0.8729643821716309,2.049865331751579,0.7724999178978323,0.0,0,two_ankles,accepted,1.9522967338562012,0.8729643821716309,0.11917347922711553
51,1.7,detected,3,1,0.9243538975715637,ankle_midpoint,776.4221801757812,892.7532958984375,0.9779249429702759,0.9702035784721375,1.989150047302246,11.047709465026855,2.015573327376279,10.874434653090571,0.0,0,two_ankles,accepted,1.989150047302246,11.047709465026855,0.2129533353771528
51,1.7,detected,4,3,0.9189942479133606,ankle_midpoint,1039.21484375,842.3765869140625,0.9697127938270569,0.9749744534492493,3.5053393840789795,9.908398628234863,3.4773042709487916,9.745839742979147,0.0,0,two_ankles,accepted,3.5053393840789795,9.908398628234863,0.1318349683863123
52,1.7333333333333334,detected,1,2,0.8519120216369629,ankle_midpoint,950.8303833007812,637.0574951171875,0.9841705560684204,0.9855607151985168,2.930234432220459,3.3230807781219482,2.8934255574461423,3.4004907181797313,0.0,0,two_ankles,accepted,2.930234432220459,3.3230807781219482,0.09671064248722745
52,1.7333333333333334,detected,2,5,0.8417057394981384,ankle_midpoint,839.5572509765625,589.5189208984375,0.974743127822876,0.9594390988349915,1.9068315029144287,1.0588014125823975,1.9855001087748616,0.9013355905058866,0.0,0,two_ankles,accepted,1.9068315029144287,1.0588014125823975,0.19131776994435434
52,1.7333333333333334,detected,3,1,0.9256718754768372,ankle_midpoint,772.7532958984375,898.00830078125,0.9935803413391113,0.9882549047470093,1.9755501747131348,11.155448913574219,1.997562908677864,11.000891070308214,0.0,0,two_ankles,accepted,1.9755501747131348,11.155448913574219,0.10859440735014857
52,1.7333333333333334,detected,4,3,0.9167214632034302,ankle_midpoint,1040.727783203125,844.8319091796875,0.9521175622940063,0.9656156301498413,3.5130889415740967,9.965578079223633,3.493407372730179,9.844721994289166,0.0,0,two_ankles,accepted,3.5130889415740967,9.965578079223633,0.05770221188782302
53,1.7666666666666666,detected,1,2,0.8668429851531982,ankle_midpoint,945.1273193359375,634.8641357421875,0.9824379086494446,0.9841958284378052,2.882140636444092,3.2272868156433105,2.8883473429952193,3.322548962038342,0.0,0,two_ankles,accepted,2.882140636444092,3.2272868156433105,0.10718906865691838
53,1.7666666666666666,detected,2,5,0.8420812487602234,ankle_midpoint,837.6495971679688,591.421142578125,0.9582350254058838,0.9526901245117188,1.8940045833587646,1.1591254472732544,1.9443271223376182,1.0173410260512021,0.0,0,two_ankles,accepted,1.8940045833587646,1.1591254472732544,0.1011407029931063
53,1.7666666666666666,detected,3,1,0.9269548654556274,ankle_midpoint,775.745849609375,899.237060546875,0.987787663936615,0.9684473872184753,1.9940248727798462,11.179980278015137,1.9959707925237562,11.081481213776328,0.0,0,two_ankles,accepted,1.9940248727798462,11.179980278015137,0.03070997085621029
53,1.7666666666666666,detected,4,3,0.9152082800865173,ankle_midpoint,1042.3902587890625,843.8031005859375,0.9762478470802307,0.9780884385108948,3.523719549179077,9.941356658935547,3.5070478521321835,9.888207593380038,0.0,0,two_ankles,accepted,3.523719549179077,9.941356658935547,0.026451597661070865
54,1.8,detected,1,2,0.8712599873542786,ankle_midpoint,948.6259765625,632.7861938476562,0.9846204519271851,0.9882567524909973,2.910642385482788,3.1338319778442383,2.8983801121146255,3.2376263191509955,0.0,0,two_ankles,accepted,2.910642385482788,3.1338319778442383,0.0977044339132863
54,1.8,detected,2,5,0.836304783821106,ankle_midpoint,830.7813110351562,596.0423583984375,0.9703516960144043,0.977628767490387,1.8432525396347046,1.4002939462661743,1.8988435601213074,1.1896698401479397,0.0,0,two_ankles,accepted,1.8432525396347046,1.4002939462661743,0.24645083657530342
54,1.8,detected,3,1,0.9269976019859314,ankle_midpoint,771.0802001953125,900.7330932617188,0.9894640445709229,0.9590350985527039,1.9698529243469238,11.210739135742188,1.9842177518441817,11.139647278660966,0.0,0,two_ankles,accepted,1.9698529243469238,11.210739135742188,0.03912020475044589
54,1.8,detected,4,3,0.9153885841369629,ankle_midpoint,1044.6011962890625,842.8749389648438,0.9754212498664856,0.9796121716499329,3.5376360416412354,9.919353485107422,3.520812537411257,9.90222324465736,0.0,0,two_ankles,accepted,3.5376360416412354,9.919353485107422,0.02603475409832002
55,1.8333333333333333,detected,1,2,0.8764387965202332,ankle_midpoint,949.6466674804688,631.751708984375,0.9785096645355225,0.9837315082550049,2.918872833251953,3.087202787399292,2.907601836626423,3.169935729862729,0.0,0,two_ankles,accepted,2.918872833251953,3.087202787399292,0.047349991256937146
55,1.8333333333333333,detected,2,5,0.8388833403587341,ankle_midpoint,823.3385009765625,601.0205078125,0.9767326712608337,0.9860197305679321,1.7892111539840698,1.6552495956420898,1.8495089773595508,1.3991807301203072,0.0,0,two_ankles,accepted,1.7892111539840698,1.6552495956420898,0.26062013450947225
55,1.8333333333333333,detected,3,1,0.9279545545578003,ankle_midpoint,768.85546875,898.397216796875,0.9900752902030945,0.9517722129821777,1.9541597366333008,11.163802146911621,1.9706916449992853,11.150516969373761,0.0,0,two_ankles,accepted,1.9541597366333008,11.163802146911621,0.049490979593211984
55,1.8333333333333333,detected,4,3,0.9162952899932861,ankle_midpoint,1044.5184326171875,845.385009765625,0.9795001745223999,0.9761306643486023,3.535623788833618,9.977948188781738,3.52747760055132,9.936299469513331,0.0,0,two_ankles,accepted,3.535623788833618,9.977948188781738,0.058629245774124636
56,1.8666666666666667,detected,1,2,0.8688724637031555,ankle_midpoint,949.814697265625,631.4931640625,0.9760597348213196,0.9822462797164917,2.9202051162719727,3.075540781021118,2.9132733124669206,3.1274580028840044,0.0,0,two_ankles,accepted,2.9202051162719727,3.075540781021118,0.01173786057209743
56,1.8666666666666667,detected,2,5,0.8210009336471558,ankle_midpoint,824.1763305664062,600.0120849609375,0.977734386920929,0.9839774966239929,1.7941261529922485,1.6041691303253174,1.824586706394265,1.491425510212562,0.0,0,two_ankles,accepted,1.7941261529922485,1.6041691303253174,0.05131638288332871
56,1.8666666666666667,detected,3,1,0.9292116761207581,ankle_midpoint,768.0950927734375,894.88818359375,0.9882768988609314,0.9530866146087646,1.9449948072433472,11.092473030090332,1.9591280680091132,11.124397196696219,0.0,0,two_ankles,accepted,1.9449948072433472,11.092473030090332,0.07191549789320754
56,1.8666666666666667,detected,4,3,0.9138543605804443,ankle_midpoint,1041.935791015625,846.017333984375,0.9628804922103882,0.9667819142341614,3.5196890830993652,9.992989540100098,3.5239727676979404,9.961810001277376,0.0,0,two_ankles,accepted,3.5196890830993652,9.992989540100098,0.021912487223488448
57,1.9,detected,1,2,0.8731698989868164,ankle_midpoint,948.4562377929688,632.9822998046875,0.9731088280677795,0.9797354936599731,2.9092841148376465,3.142646312713623,2.911478173533747,3.1342927423073332,0.0,0,two_ankles,accepted,2.9092841148376465,3.142646312713623,0.0679883861851591
57,1.9,detected,2,5,0.8556913733482361,ankle_midpoint,825.0341796875,599.1383666992188,0.9657402634620667,0.9800134301185608,1.7995736598968506,1.559716820716858,1.8133308354704285,1.5221565999394953,0.0,0,two_ankles,accepted,1.7995736598968506,1.559716820716858,0.04478485414737917
57,1.9,detected,3,1,0.9268163442611694,ankle_midpoint,764.0157470703125,887.416748046875,0.9898849725723267,0.9610362648963928,1.9111909866333008,10.938823699951172,1.9375563813899976,11.040889123160948,0.0,0,two_ankles,accepted,1.9111909866333008,10.938823699951172,0.15732391725369932
57,1.9,detected,4,3,0.9139151573181152,ankle_midpoint,1042.3818359375,849.1771850585938,0.974177360534668,0.9597354531288147,3.520543098449707,10.066007614135742,3.5224294165362355,10.00869892706364,0.0,0,two_ankles,accepted,3.520543098449707,10.066007614135742,0.07302306812298073
58,1.9333333333333333,detected,1,2,0.8635204434394836,ankle_midpoint,948.205322265625,633.141845703125,0.9709303379058838,0.978547215461731,2.9072372913360596,3.1498379707336426,2.909569776544788,3.1412880950991724,0.0,0,two_ankles,accepted,2.9072372913360596,3.1498379707336426,0.00747726096398673
58,1.9333333333333333,detected,2,5,0.8749026656150818,ankle_midpoint,824.2683715820312,596.9988403320312,0.9774485230445862,0.9854018688201904,1.7873917818069458,1.4509403705596924,1.8016582613218612,1.490109296718584,0.0,0,two_ankles,accepted,1.7873917818069458,1.4509403705596924,0.10945644915943335
58,1.9333333333333333,detected,3,1,0.9295387864112854,ankle_midpoint,750.7233276367188,881.3214111328125,0.9913623929023743,0.9693304300308228,1.8259215354919434,10.812577247619629,1.8873207007358732,10.938148779167355,0.0,0,two_ankles,accepted,1.8259215354919434,10.812577247619629,0.1523451542526013
58,1.9333333333333333,detected,4,3,0.9110516905784607,ankle_midpoint,1041.809814453125,851.3980102539062,0.9777287840843201,0.9736453294754028,3.515842914581299,10.117083549499512,3.519465490656514,10.057472007159785,0.0,0,two_ankles,accepted,3.515842914581299,10.117083549499512,0.05129174301659876
59,1.9666666666666666,detected,1,2,0.8628051280975342,ankle_midpoint,947.4962158203125,632.75830078125,0.9704270362854004,0.9779376983642578,2.9011881351470947,3.1328370571136475,2.905798037915826,3.1374851280056864,0.0,0,two_ankles,accepted,2.9011881351470947,3.1328370571136475,0.018045036838782766
59,1.9666666666666666,detected,2,5,0.8850062489509583,ankle_midpoint,825.1096801757812,595.6417846679688,0.9725310206413269,0.9874680042266846,1.7914953231811523,1.3811403512954712,1.7970849391585424,1.4410732712781833,0.0,0,two_ankles,accepted,1.7914953231811523,1.3811403512954712,0.06992053876433929
59,1.9666666666666666,detected,3,1,0.9218599796295166,ankle_midpoint,745.8697509765625,879.4150390625,0.992021918296814,0.9606044292449951,1.7949786186218262,10.772785186767578,1.845766763784552,10.863735162587457,0.0,0,two_ankles,accepted,1.7949786186218262,10.772785186767578,0.050407065092944014
59,1.9666666666666666,detected,4,3,0.9128528237342834,ankle_midpoint,1040.4163818359375,852.268310546875,0.9766844511032104,0.9740182161331177,3.507023572921753,10.13717269897461,3.513866627675872,10.093337318476458,0.0,0,two_ankles,accepted,3.507023572921753,10.13717269897461,0.021939797490875303
60,2.0,detected,1,2,0.8595048189163208,ankle_midpoint,947.1758422851562,633.168212890625,0.9751381278038025,0.981969952583313,2.8986446857452393,3.15124773979187,2.902579029439062,3.1436783033094695,0.0,0,two_ankles,accepted,2.8986446857452393,3.15124773979187,0.018585542002804403
60,2.0,detected,2,5,0.8894891142845154,ankle_midpoint,830.1771240234375,595.8018798828125,0.937346875667572,0.971961259841919,1.8372622728347778,1.3880940675735474,1.8151647393128485,1.4172326296110973,0.0,0,two_ankles,accepted,1.8372622728347778,1.3880940675735474,0.04629220075426822
60,2.0,detected,3,1,0.9210168719291687,ankle_midpoint,731.5535888671875,874.1885375976562,0.9891013503074646,0.974202036857605,1.7035366296768188,10.66283893585205,1.7817632034360722,10.773331860556524,0.0,0,two_ankles,accepted,1.7035366296768188,10.66283893585205,0.1430028511345104
60,2.0,detected,4,3,0.9140014052391052,ankle_midpoint,1036.3580322265625,855.6004638671875,0.9859039187431335,0.986622154712677,3.481034755706787,10.21349811553955,3.499092285289784,10.147409677154851,0.0,0,two_ankles,accepted,3.481034755706787,10.21349811553955,0.08062870353692124
61,2.033333333333333,detected,1,2,0.8575438261032104,ankle_midpoint,951.8779296875,634.1217041015625,0.9826841950416565,0.9842004179954529,2.9381744861602783,3.192746877670288,2.9185969849636093,3.165759161771838,0.0,0,two_ankles,accepted,2.9381744861602783,3.192746877670288,0.057313031375986104
61,2.033333333333333,detected,2,5,0.8752442002296448,ankle_midpoint,836.0028076171875,591.6148681640625,0.9774320125579834,0.9900330901145935,1.8795920610427856,1.169670820236206,1.8441570340913205,1.3058298153923964,0.0,0,two_ankles,accepted,1.8795920610427856,1.169670820236206,0.22248713658799282
61,2.033333333333333,detected,3,1,0.9115341305732727,ankle_midpoint,720.8516845703125,867.7528076171875,0.9939033389091492,0.9909797310829163,1.6297297477722168,10.524577140808105,1.7133481483873374,10.661392236669737,0.0,0,two_ankles,accepted,1.6297297477722168,10.524577140808105,0.15672836305293888
61,2.033333333333333,detected,4,3,0.919529139995575,ankle_midpoint,1031.9638671875,859.5787353515625,0.9912303686141968,0.9917135238647461,3.452969789505005,10.303701400756836,3.4783371621866337,10.217740952775745,0.0,0,two_ankles,accepted,3.452969789505005,10.303701400756836,0.09446838091074745
62,2.066666666666667,detected,1,2,0.8600999116897583,ankle_midpoint,951.16650390625,633.1641845703125,0.9816708564758301,0.9830144643783569,2.9319839477539062,3.150171995162964,2.9246211182192434,3.158744936797845,0.0,0,two_ankles,accepted,2.9319839477539062,3.150171995162964,0.04302259158015971
62,2.066666666666667,detected,2,5,0.8622376918792725,ankle_midpoint,838.7115478515625,590.8211669921875,0.9781928062438965,0.9848110675811768,1.9022011756896973,1.1274464130401611,1.8702768978105901,1.2255572843338907,0.0,0,two_ankles,accepted,1.9022011756896973,1.1274464130401611,0.04789647824396491
62,2.066666666666667,detected,3,1,0.9185986518859863,ankle_midpoint,715.6544189453125,868.8531494140625,0.9892310500144958,0.9842075705528259,1.6014512777328491,10.549266815185547,1.662994556592818,10.610935797001853,0.0,0,two_ankles,accepted,1.6014512777328491,10.549266815185547,0.03754000384431922
62,2.066666666666667,detected,4,3,0.9213030338287354,ankle_midpoint,1033.03662109375,860.034423828125,0.9820514917373657,0.980983555316925,3.4590940475463867,10.31377124786377,3.4696777605985227,10.260954585565358,0.0,0,two_ankles,accepted,3.4590940475463867,10.31377124786377,0.011785938966176981
63,2.1,detected,1,2,0.8501347899436951,ankle_midpoint,948.3306884765625,632.2874755859375,0.9778856039047241,0.9803825616836548,2.908017635345459,3.111551523208618,2.9171495509260406,3.137507900682693,0.0,0,two_ankles,accepted,2.908017635345459,3.111551523208618,0.04545244750765019
63,2.1,detected,2,5,0.8693728446960449,ankle_midpoint,843.4207763671875,591.3743286132812,0.9774536490440369,0.9822522401809692,1.9460179805755615,1.1552040576934814,1.9043603850548274,1.1938983323457064,0.0,0,two_ankles,accepted,1.9460179805755615,1.1552040576934814,0.05186905847522104
63,2.1,detected,3,1,0.9253056049346924,ankle_midpoint,707.1696166992188,858.61865234375,0.9720898866653442,0.9721887111663818,1.531786322593689,10.324226379394531,1.60395085129321,10.48191655907856,0.0,0,two_ankles,accepted,1.531786322593689,10.324226379394531,0.23557674697548445
63,2.1,detected,4,3,0.9251567125320435,ankle_midpoint,1030.825927734375,864.9380493164062,0.9712206125259399,0.9633979797363281,3.4437148571014404,10.42314624786377,3.4579944540248357,10.333940833599645,0.0,0,two_ankles,accepted,3.4437148571014404,10.42314624786377,0.11045093989524003
64,2.1333333333333333,detected,1,2,0.8303797245025635,ankle_midpoint,947.2789306640625,633.0082397460938,0.9724560379981995,0.9760687351226807,2.899453639984131,3.144070863723755,2.9091863910021813,3.140461234051171,0.0,0,two_ankles,accepted,2.899453639984131,3.144070863723755,0.033628106162676814
64,2.1333333333333333,detected,2,5,0.8652632832527161,ankle_midpoint,847.779052734375,592.86962890625,0.9701380133628845,0.9808441996574402,1.988600730895996,1.2320713996887207,1.9422685406833535,1.2110762126500627,0.0,0,two_ankles,accepted,1.988600730895996,1.2320713996887207,0.08787422198953197
64,2.1333333333333333,detected,3,1,0.9202454686164856,ankle_midpoint,705.4765625,854.36279296875,0.9825727939605713,0.9846012592315674,1.5131767988204956,10.22865104675293,1.5631025276804886,10.367947078532026,0.0,0,two_ankles,accepted,1.5131767988204956,10.22865104675293,0.09737021405243924
64,2.1333333333333333,detected,4,3,0.9313146471977234,ankle_midpoint,1031.16064453125,864.4005737304688,0.9727393984794617,0.9632433652877808,3.445934534072876,10.411213874816895,3.4525674900464542,10.368713702147407,0.0,0,two_ankles,accepted,3.445934534072876,10.411213874816895,0.012137070997044972
65,2.1666666666666665,detected,1,2,0.837182343006134,ankle_midpoint,947.1055908203125,634.61669921875,0.968799352645874,0.9721002578735352,2.8985354900360107,3.2158467769622803,2.9043934855674047,3.1743847283611704,0.0,0,two_ankles,accepted,2.8985354900360107,3.2158467769622803,0.07178178543719539
65,2.1666666666666665,detected,2,5,0.8715437650680542,ankle_midpoint,847.649169921875,593.383056640625,0.9710790514945984,0.9821860194206238,1.9885329008102417,1.258773922920227,1.9630875027404535,1.2325401822716366,0.0,0,two_ankles,accepted,1.9885329008102417,1.258773922920227,0.02670260938278635
65,2.1666666666666665,detected,3,1,0.9234315156936646,ankle_midpoint,703.34130859375,848.8096923828125,0.9866393208503723,0.9879664778709412,1.4890258312225342,10.102335929870605,1.5297680142744092,10.248422061634388,0.0,0,two_ankles,accepted,1.4890258312225342,10.102335929870605,0.1286031803219229
65,2.1666666666666665,detected,4,3,0.9364016652107239,ankle_midpoint,1030.5167236328125,864.3687744140625,0.9720893502235413,0.9639043807983398,3.4421627521514893,10.410592079162598,3.4478853579937203,10.387558971804243,0.0,0,two_ankles,accepted,3.4421627521514893,10.410592079162598,0.0038226912899424884
66,2.2,detected,1,2,0.8565396666526794,ankle_midpoint,945.9020385742188,636.0609130859375,0.9603946208953857,0.9691221714019775,2.889007091522217,3.2801692485809326,2.8974696082470706,3.2219877624600635,0.0,0,two_ankles,accepted,2.889007091522217,3.2801692485809326,0.06502438568237309
66,2.2,detected,2,5,0.8738112449645996,ankle_midpoint,846.1524047851562,593.4854736328125,0.9841416478157043,0.9907008409500122,1.975289225578308,1.2644670009613037,1.9685782780174883,1.246907250681987,0.0,0,two_ankles,accepted,1.975289225578308,1.2644670009613037,0.01441548026361663
66,2.2,detected,3,1,0.9219974875450134,ankle_midpoint,699.87353515625,850.718505859375,0.9927366971969604,0.9887710213661194,1.4722859859466553,10.146513938903809,1.5039011015269201,10.202563406405627,0.0,0,two_ankles,accepted,1.4722859859466553,10.146513938903809,0.0472431889482298
66,2.2,detected,4,3,0.937627375125885,ankle_midpoint,1030.734619140625,864.3078002929688,0.9746443629264832,0.9679673314094543,3.4434726238250732,10.40921401977539,3.4458996276178295,10.39730374339126,0.0,0,two_ankles,accepted,3.4434726238250732,10.40921401977539,0.001901265756260057
67,2.2333333333333334,detected,1,2,0.874083399772644,ankle_midpoint,944.5628662109375,637.4740600585938,0.9623578786849976,0.9681701064109802,2.8783931732177734,3.342817544937134,2.888885212483887,3.2763611645747455,0.0,0,two_ankles,accepted,2.8783931732177734,3.342817544937134,0.06354104420064095
67,2.2333333333333334,detected,2,5,0.8905729651451111,ankle_midpoint,846.9847412109375,591.7067260742188,0.9794464111328125,0.9831588268280029,1.978929877281189,1.171668291091919,1.9732364976861538,1.2130497188664564,0.0,0,two_ankles,accepted,1.978929877281189,1.171668291091919,0.0928700969001537
67,2.2333333333333334,detected,3,1,0.9201152324676514,ankle_midpoint,707.0266723632812,841.4600830078125,0.989241898059845,0.9735475182533264,1.4958606958389282,9.931439399719238,1.500282918967324,10.080557603396752,0.0,0,two_ankles,accepted,1.4958606958389282,9.931439399719238,0.21636271479152802
67,2.2333333333333334,detected,4,3,0.9346433281898499,ankle_midpoint,1032.8101806640625,862.862060546875,0.9746932983398438,0.968384325504303,3.456378936767578,10.376874923706055,3.4506153167352167,10.388110774532919,0.0,0,two_ankles,accepted,3.456378936767578,10.376874923706055,0.034819391843505944
68,2.2666666666666666,detected,1,2,0.8765666484832764,ankle_midpoint,944.7374267578125,637.7520751953125,0.9566386938095093,0.9600860476493835,2.8799402713775635,3.3550078868865967,2.8848599889860416,3.3117521896150786,0.0,0,two_ankles,accepted,2.8799402713775635,3.3550078868865967,0.012288122295975916
68,2.2666666666666666,detected,2,5,0.8850391507148743,ankle_midpoint,847.720458984375,591.665771484375,0.9786859750747681,0.9812452793121338,1.9854824542999268,1.1693410873413086,1.9787471781623518,1.19338083468014,0.0,0,two_ankles,accepted,1.9854824542999268,1.1693410873413086,0.006953570513293552
68,2.2666666666666666,detected,3,1,0.9196284413337708,ankle_midpoint,708.270751953125,839.448974609375,0.9888750314712524,0.9722703695297241,1.4991817474365234,9.884063720703125,1.4997873917784639,9.99213535618462,0.0,0,two_ankles,accepted,1.4991817474365234,9.884063720703125,0.04749193979984063
68,2.2666666666666666,detected,4,3,0.9314478039741516,ankle_midpoint,1033.32080078125,861.477783203125,0.9752477407455444,0.9683619737625122,3.4600653648376465,10.345988273620605,3.4548678383813103,10.369155649122378,0.0,0,two_ankles,accepted,3.4600653648376465,10.345988273620605,0.031105866093339502
69,2.3,detected,1,2,0.8762655854225159,ankle_midpoint,943.163330078125,638.01123046875,0.9537829756736755,0.9544362425804138,2.8669986724853516,3.3667445182800293,2.876822396560731,3.3364987375143063,0.0,0,two_ankles,accepted,2.8669986724853516,3.3667445182800293,0.01747093295597601
69,2.3,detected,2,5,0.8710064888000488,ankle_midpoint,851.5830078125,592.5328369140625,0.9661032557487488,0.966088593006134,2.0221588611602783,1.2135801315307617,1.998282435511419,1.2024705182629198,0.0,0,two_ankles,accepted,2.0221588611602783,1.2135801315307617,0.05746522296991833
69,2.3,detected,3,1,0.9162554144859314,ankle_midpoint,704.06103515625,842.023681640625,0.9833978414535522,0.9610902667045593,1.4791325330734253,9.94502067565918,1.4904927053611967,9.970933749948173,0.0,0,two_ankles,accepted,1.4791325330734253,9.94502067565918,0.06416947369343107
69,2.3,detected,4,3,0.934806227684021,ankle_midpoint,1034.136962890625,861.970703125,0.9723995327949524,0.9631962180137634,3.4646382331848145,10.356870651245117,3.4592645160428876,10.363627400077611,0.0,0,two_ankles,accepted,3.4646382331848145,10.356870651245117,0.011804120792460742
70,2.3333333333333335,detected,1,2,0.882451593875885,ankle_midpoint,940.5642700195312,634.5538940429688,0.9621409773826599,0.9607042074203491,2.844005823135376,3.214515209197998,2.8620549385193215,3.2816061497719677,0.0,0,two_ankles,accepted,2.844005823135376,3.214515209197998,0.1539559471563969
70,2.3333333333333335,detected,2,5,0.8572450876235962,ankle_midpoint,856.1273193359375,590.4019775390625,0.9714345335960388,0.9742016792297363,2.058833599090576,1.1009972095489502,2.0255304591220398,1.1568075293416336,0.0,0,two_ankles,accepted,2.058833599090576,1.1009972095489502,0.11840587284513673
70,2.3333333333333335,detected,3,1,0.9189258813858032,ankle_midpoint,706.112060546875,844.0169677734375,0.9535785913467407,0.9189679622650146,1.4956810474395752,9.991219520568848,1.4928274592964672,9.980062346727479,0.0,0,two_ankles,accepted,1.4956810474395752,9.991219520568848,0.04907327784766597
70,2.3333333333333335,detected,4,3,0.9345322251319885,ankle_midpoint,1034.2454833984375,863.6859130859375,0.9690365195274353,0.958733856678009,3.464427947998047,10.39498233795166,3.4615880604227094,10.377737122120934,0.0,0,two_ankles,accepted,3.464427947998047,10.39498233795166,0.038112266837298694
71,2.3666666666666667,detected,1,2,0.8685316443443298,ankle_midpoint,939.4415893554688,632.7026977539062,0.9683052897453308,0.9649861454963684,2.8338241577148438,3.132157325744629,2.8493510871573067,3.2143541789596655,0.0,0,two_ankles,accepted,2.8338241577148438,3.132157325744629,0.082984861737876
71,2.3666666666666667,detected,2,5,0.8207413554191589,ankle_midpoint,858.06201171875,589.2474975585938,0.9523940682411194,0.9579046964645386,2.074049472808838,1.0397367477416992,2.047364015281099,1.1041256776216632,0.0,0,two_ankles,accepted,2.074049472808838,1.0397367477416992,0.06312184244655525
71,2.3666666666666667,detected,3,1,0.9187621474266052,ankle_midpoint,706.27880859375,842.0823974609375,0.955742359161377,0.9256174564361572,1.4926457405090332,9.946096420288086,1.492745685842122,9.964777679829753,0.0,0,two_ankles,accepted,1.4926457405090332,9.946096420288086,0.04522507343399538
71,2.3666666666666667,detected,4,3,0.9320679903030396,ankle_midpoint,1037.240234375,863.5628662109375,0.976798415184021,0.9698584079742432,3.482118844985962,10.391867637634277,3.470826913476173,10.38409585410194,0.0,0,two_ankles,accepted,3.482118844985962,10.391867637634277,0.01796299513734071
72,2.4,detected,1,2,0.8594513535499573,ankle_midpoint,940.7756958007812,630.3616333007812,0.9739035367965698,0.9716079235076904,2.843972682952881,3.026583671569824,2.8469308052653153,3.129857450634237,0.0,0,two_ankles,accepted,2.843972682952881,3.026583671569824,0.10606030841143321
72,2.4,detected,2,5,0.7741894125938416,ankle_midpoint,861.830322265625,580.3199462890625,0.9769822359085083,0.9831467270851135,2.090745687484741,0.559288740158081,2.068859645122994,1.0547042833818376,0.0,0,two_ankles,corrected_motion_outlier,2.0951320815964207,0.9943003570887174,0.4807380280106539
72,2.4,detected,3,1,0.9192813634872437,ankle_midpoint,696.708740234375,835.435791015625,0.97645103931427,0.9515611529350281,1.420323133468628,9.790671348571777,1.4601555372740496,9.886429830763664,0.0,0,two_ankles,accepted,1.420323133468628,9.790671348571777,0.1714278635669842
72,2.4,detected,4,3,0.9291896224021912,ankle_midpoint,1038.123291015625,866.1181640625,0.9919474720954895,0.9887750148773193,3.4859824180603027,10.448263168334961,3.477646890539032,10.4129711455068,0.0,0,two_ankles,accepted,3.4859824180603027,10.448263168334961,0.0565277195711318
73,2.433333333333333,detected,1,2,0.8663785457611084,ankle_midpoint,939.5767211914062,630.424072265625,0.9755344390869141,0.9712428450584412,2.8339333534240723,3.0296742916107178,2.841081951936756,3.0847750290736533,0.0,0,two_ankles,accepted,2.8339333534240723,3.0296742916107178,0.010504288154138817
73,2.433333333333333,detected,2,5,0.7231433987617493,ankle_midpoint,867.299560546875,576.5479736328125,0.9638829827308655,0.983737051486969,2.1340646743774414,0.35000741481781006,2.0901694154904487,1.0070761407560918,0.0,0,two_ankles,corrected_motion_outlier,2.116214690384004,0.9488639664357357,0.34616772564573134
73,2.433333333333333,detected,3,1,0.911224901676178,ankle_midpoint,682.5704345703125,828.4532470703125,0.9866292476654053,0.9737468361854553,1.317854404449463,9.62497615814209,1.3961200275029855,9.768775678083955,0.0,0,two_ankles,accepted,1.317854404449463,9.62497615814209,0.19481975402492807
73,2.433333333333333,detected,4,3,0.9292216300964355,ankle_midpoint,1040.939208984375,866.385009765625,0.9834386706352234,0.9782295823097229,3.502361297607422,10.45378303527832,3.4887683737198074,10.431336495903984,0.0,0,two_ankles,accepted,3.502361297607422,10.45378303527832,0.017283999140575924
74,2.466666666666667,detected,1,2,0.8791499733924866,ankle_midpoint,935.7864990234375,629.3643798828125,0.9899075031280518,0.9866683483123779,2.8015730381011963,2.9825961589813232,2.823302940710754,3.038794537532105,0.0,0,two_ankles,accepted,2.8015730381011963,2.9825961589813232,0.05712740655470738
74,2.466666666666667,detected,2,5,0.7359428405761719,ankle_midpoint,867.5753173828125,570.988525390625,0.9089997410774231,0.9587855935096741,2.1258552074432373,0.03773362934589386,2.111376963146961,0.9604342865180899,0.2157695596176532,0,two_ankles,corrected_motion_outlier,2.137297299171587,0.903427575782754,0.33444715301124234
74,2.466666666666667,detected,3,1,0.9055083990097046,ankle_midpoint,680.3280029296875,825.1148681640625,0.9898961782455444,0.9769511818885803,1.2960742712020874,9.544034004211426,1.3510994371675813,9.667641924841316,0.0,0,two_ankles,accepted,1.2960742712020874,9.544034004211426,0.08382127705546336
74,2.466666666666667,detected,4,3,0.9311240911483765,ankle_midpoint,1040.9530029296875,868.0006103515625,0.9829940795898438,0.977882981300354,3.5015690326690674,10.489295959472656,3.4945286702469742,10.457418254509887,0.0,0,two_ankles,accepted,3.5015690326690674,10.489295959472656,0.035521760493607245
75,2.5,detected,1,2,0.8716636896133423,ankle_midpoint,934.0579833984375,627.573486328125,0.990825355052948,0.9865726232528687,2.78606915473938,2.90155291557312,2.806547737023636,2.977035807650562,0.0,0,two_ankles,accepted,2.78606915473938,2.90155291557312,0.08251289415247817
75,2.5,detected,2,5,0.7309730648994446,ankle_midpoint,870.8470458984375,566.4154663085938,0.9357478618621826,0.9774180054664612,2.147894859313965,-0.22538359463214874,2.1325282883124554,0.9143348908933471,0.43342551643815497,0,two_ankles,corrected_motion_outlier,2.15837990795917,0.8579911851297722,0.31681842412060474
75,2.5,detected,3,1,0.9034926891326904,ankle_midpoint,683.6795043945312,825.321044921875,0.990562915802002,0.9656097292900085,1.317257046699524,9.548609733581543,1.3358703614569556,9.61407743877442,0.0,0,two_ankles,accepted,1.317257046699524,9.548609733581543,0.021671346913455798
75,2.5,detected,4,3,0.9337462186813354,ankle_midpoint,1040.83984375,869.702392578125,0.987785816192627,0.9772564172744751,3.4999921321868896,10.52656078338623,3.496987228119936,10.488532392504242,0.0,0,two_ankles,accepted,3.4999921321868896,10.52656078338623,0.03729817309789295
76,2.533333333333333,detected,1,2,0.8841914534568787,ankle_midpoint,931.85791015625,626.4700927734375,0.9904242157936096,0.9875327944755554,2.766867160797119,2.8516149520874023,2.7886914777217036,2.92059642264714,0.0,0,two_ankles,accepted,2.766867160797119,2.8516149520874023,0.053502493105083426
76,2.533333333333333,detected,2,5,0.6700330972671509,ankle_midpoint,871.6544189453125,571.294921875,0.9082767367362976,0.9649294018745422,2.1648294925689697,0.05401153489947319,2.147063830227887,0.5271893806961038,0.10868438895681043,0,two_ankles,accepted,2.1648294925689697,0.05401153489947319,0.19797931277994696
76,2.533333333333333,detected,3,1,0.8898738622665405,ankle_midpoint,685.6941528320312,824.7095947265625,0.9926502108573914,0.9645923376083374,1.3282482624053955,9.533376693725586,1.3324404168837536,9.577762103502444,0.0,0,two_ankles,accepted,1.3282482624053955,9.533376693725586,0.018784363868552312
76,2.533333333333333,detected,4,3,0.9332659840583801,ankle_midpoint,1042.1300048828125,868.9822998046875,0.9896010756492615,0.9747440218925476,3.5079214572906494,10.51065444946289,3.501907631246757,10.498487318135634,0.0,0,two_ankles,accepted,3.5079214572906494,10.51065444946289,0.017773172352787973
77,2.566666666666667,detected,1,2,0.8853349685668945,ankle_midpoint,930.6719970703125,626.7625732421875,0.9884486794471741,0.9851491451263428,2.7570130825042725,2.865276575088501,2.77443619987386,2.8957024912457525,0.0,0,two_ankles,accepted,2.7570130825042725,2.865276575088501,0.01684466687191229
77,2.566666666666667,detected,2,5,0.5716816186904907,ankle_midpoint,873.4557495117188,574.3298950195312,0.9029135704040527,0.9638845324516296,2.1873388290405273,0.2246340960264206,2.1651875796935753,0.3910395025947464,0.0,0,two_ankles,accepted,2.1873388290405273,0.2246340960264206,0.17210092560445076
77,2.566666666666667,detected,3,1,0.8779976963996887,ankle_midpoint,688.7974853515625,824.7108154296875,0.9844886064529419,0.9490578174591064,1.34742271900177,9.532976150512695,1.339182452836861,9.557608424657058,0.0,0,two_ankles,accepted,1.34742271900177,9.532976150512695,0.019178639697112067
77,2.566666666666667,detected,4,3,0.9335461854934692,ankle_midpoint,1042.15771484375,869.112060546875,0.9904553294181824,0.9728612303733826,3.508012533187866,10.513489723205566,3.504654837120256,10.505238400417106,0.0,0,two_ankles,accepted,3.508012533187866,10.513489723205566,0.0028367361553307308
78,2.6,detected,1,2,0.8836783766746521,ankle_midpoint,929.9225463867188,627.3150634765625,0.9883964657783508,0.9848548769950867,2.75101375579834,2.8907017707824707,2.763896100039876,2.893452167037276,0.0,0,two_ankles,accepted,2.75101375579834,2.8907017707824707,0.026123408985068795
78,2.6,detected,2,5,0.4812726378440857,ankle_midpoint,882.6192626953125,580.9483642578125,0.8737853169441223,0.9439965486526489,2.2837727069854736,0.5881084203720093,2.184567914294302,0.3142088055106513,0.0,0,two_ankles,corrected_motion_outlier,2.208254989917412,0.22030462018564612,0.3760493016533643
78,2.6,detected,3,1,0.8667907118797302,ankle_midpoint,689.7857666015625,823.5021362304688,0.9833327531814575,0.9347652792930603,1.3507072925567627,9.503206253051758,1.3443686307108167,9.533127447434673,0.0,0,two_ankles,accepted,1.3507072925567627,9.503206253051758,0.029950546209925624
78,2.6,detected,4,3,0.9302650094032288,ankle_midpoint,1042.7193603515625,868.9208984375,0.9914318323135376,0.9714614152908325,3.5114009380340576,10.509236335754395,3.507690582531467,10.507037471318887,0.0,0,two_ankles,accepted,3.5114009380340576,10.509236335754395,0.005438068794294514
79,2.6333333333333333,detected,1,2,0.8821010589599609,ankle_midpoint,928.6310424804688,627.64501953125,0.985466718673706,0.9800308346748352,2.7403159141540527,2.9060540199279785,2.7532850163912554,2.899123000838092,0.0,0,two_ankles,accepted,2.7403159141540527,2.9060540199279785,0.01871190449077776
79,2.6333333333333333,detected,2,5,0.49849963188171387,ankle_midpoint,882.2581787109375,582.5704345703125,0.9137569665908813,0.9395261406898499,2.2830440998077393,0.6764072179794312,2.2288821977753486,0.4771980911216023,0.0,0,two_ankles,accepted,2.2830440998077393,0.6764072179794312,0.23089957371755535
79,2.6333333333333333,detected,3,1,0.887028694152832,ankle_midpoint,689.4146728515625,819.496826171875,0.9770876169204712,0.9161803722381592,1.3389840126037598,9.404362678527832,1.3419455525626411,9.475183301426593,0.0,0,two_ankles,accepted,1.3389840126037598,9.404362678527832,0.09953636279030569
79,2.6333333333333333,detected,4,3,0.9291410446166992,ankle_midpoint,1043.214111328125,868.9542236328125,0.9912849068641663,0.9706223011016846,3.514275312423706,10.509902000427246,3.5106537109829743,10.50832650941765,0.0,0,two_ankles,accepted,3.514275312423706,10.509902000427246,0.002950447015038468
80,2.6666666666666665,detected,1,2,0.8708385229110718,ankle_midpoint,928.208984375,628.1015625,0.9829646944999695,0.975338339805603,2.7370426654815674,2.9269537925720215,2.745975958481896,2.9116468571183605,0.0,0,two_ankles,accepted,2.7370426654815674,2.9269537925720215,0.021154542146891622
80,2.6666666666666665,detected,2,5,0.4831995964050293,ankle_midpoint,883.8089599609375,584.4612426757812,0.8216378688812256,0.919052243232727,2.3002638816833496,0.7780957221984863,2.2610039555339494,0.6126020251062001,0.0,0,two_ankles,accepted,2.3002638816833496,0.7780957221984863,0.10313618559047256
80,2.6666666666666665,detected,3,1,0.884441077709198,ankle_midpoint,688.2730102539062,816.9547119140625,0.9671446084976196,0.8884603381156921,1.325819730758667,9.341195106506348,1.3346889327508529,9.414888613712485,0.0,0,two_ankles,accepted,1.325819730758667,9.341195106506348,0.06452472759792524
80,2.6666666666666665,detected,4,3,0.9297975301742554,ankle_midpoint,1043.6226806640625,870.1673583984375,0.9909600019454956,0.9698912501335144,3.515988349914551,10.536357879638672,3.5130542985021838,10.520940626017111,0.0,0,two_ankles,accepted,3.515988349914551,10.536357879638672,0.026511281415551955
81,2.7,detected,1,2,0.8721161484718323,ankle_midpoint,927.9874267578125,629.0079956054688,0.9825232028961182,0.971083402633667,2.735748291015625,2.9682047367095947,2.7413735081220745,2.937097902934416,0.0,0,two_ankles,accepted,2.735748291015625,2.9682047367095947,0.041271246619156925
81,2.7,detected,3,1,0.8959110975265503,ankle_midpoint,684.4462890625,808.091796875,0.9632701277732849,0.8422940969467163,1.2801724672317505,9.117481231689453,1.3101565232672567,9.281055291802122,0.0,0,two_ankles,accepted,1.2801724672317505,9.117481231689453,0.2283233900700603
81,2.7,detected,4,3,0.932999312877655,ankle_midpoint,1043.8302001953125,872.897216796875,0.9886202812194824,0.9674714207649231,3.5156822204589844,10.595681190490723,3.5142368633827443,10.554573880030237,0.0,0,two_ankles,accepted,3.5156822204589844,10.595681190490723,0.05932410071541423
81,2.7,predicted,2,,,motion_prediction,,,,,,,2.3260143578600676,0.8632466877545834,,1,,motion_prediction,2.3260143578600676,0.8632466877545834,
82,2.7333333333333334,detected,1,2,0.8813744187355042,ankle_midpoint,927.4098510742188,628.6571655273438,0.9828808307647705,0.9756602644920349,2.7306623458862305,2.9524059295654297,2.736553485115945,2.9439865149183726,0.0,0,two_ankles,accepted,2.7306623458862305,2.9524059295654297,0.016597263179142886
82,2.7333333333333334,detected,3,1,0.8915815353393555,ankle_midpoint,671.5914306640625,804.4174194335938,0.9734092354774475,0.8935469388961792,1.1893534660339355,9.024754524230957,1.2557951475122624,9.165719946395098,0.0,0,two_ankles,accepted,1.1893534660339355,9.024754524230957,0.12979342531369695
82,2.7333333333333334,detected,4,3,0.9337999820709229,ankle_midpoint,1043.74560546875,874.9527587890625,0.9860838055610657,0.9718554019927979,3.5140554904937744,10.64011001586914,3.514155245582708,10.593065141157744,0.0,0,two_ankles,accepted,3.5140554904937744,10.64011001586914,0.04445859618662817
82,2.7333333333333334,predicted,2,,,motion_prediction,,,,,,,2.3517648340367856,0.9483976533106804,,2,,motion_prediction,2.3517648340367856,0.9483976533106804,
83,2.7666666666666666,detected,1,2,0.8882192969322205,ankle_midpoint,930.373291015625,630.4465942382812,0.9742659330368042,0.9709007740020752,2.7566816806793213,3.03277325630188,2.745611173119465,2.983940548540951,0.0,0,two_ankles,accepted,2.7566816806793213,3.03277325630188,0.08447433331988059
83,2.7666666666666666,detected,3,1,0.900447428226471,ankle_midpoint,667.0038452148438,801.070556640625,0.9843525290489197,0.9321452379226685,1.1512624025344849,8.938436508178711,1.2087554122722626,9.063442399197726,0.0,0,two_ankles,accepted,1.1512624025344849,8.938436508178711,0.09434897462990786
83,2.7666666666666666,detected,4,3,0.934765100479126,ankle_midpoint,1042.924560546875,875.8154907226562,0.9858980178833008,0.9768199324607849,3.508822441101074,10.658787727355957,3.511755483565973,10.622640304946941,0.0,0,two_ankles,accepted,3.508822441101074,10.658787727355957,0.01939695110916129
83,2.7666666666666666,predicted,2,,,motion_prediction,,,,,,,2.377515310213503,1.0335486188667775,,3,,motion_prediction,2.377515310213503,1.0335486188667775,
84,2.8,detected,1,2,0.8845071196556091,ankle_midpoint,928.7335205078125,625.6827392578125,0.9724765419960022,0.9765434861183167,2.7399539947509766,2.816213607788086,2.743065442853645,2.9084634252021617,0.0,0,two_ankles,accepted,2.7399539947509766,2.816213607788086,0.21720473484925534
84,2.8,detected,3,1,0.9107171297073364,ankle_midpoint,658.8317260742188,798.417724609375,0.9919764399528503,0.9701637029647827,1.0917730331420898,8.870110511779785,1.1561133416636848,8.976443049859654,0.0,0,two_ankles,accepted,1.0917730331420898,8.870110511779785,0.0905948500446402
84,2.8,detected,4,3,0.9351045489311218,ankle_midpoint,1043.668701171875,876.9954833984375,0.9848504066467285,0.9802031517028809,3.512488842010498,10.684033393859863,3.5120854948660094,10.650267194957756,0.0,0,two_ankles,accepted,3.512488842010498,10.684033393859863,0.025510511026929233
84,2.8,predicted,2,,,motion_prediction,,,,,,,2.403265786390221,1.1186995844228744,,4,,motion_prediction,2.403265786390221,1.1186995844228744,
85,2.8333333333333335,detected,1,2,0.8852123618125916,ankle_midpoint,926.1693115234375,626.382568359375,0.972572386264801,0.9760057926177979,2.7187066078186035,2.848907709121704,2.732103967087877,2.8816633529659557,0.0,0,two_ankles,accepted,2.7187066078186035,2.848907709121704,0.038991739041326044
85,2.8333333333333335,detected,3,1,0.9133570194244385,ankle_midpoint,652.2999267578125,796.731689453125,0.9903662204742432,0.966053307056427,1.0451492071151733,8.826621055603027,1.1061794811168546,8.909023152444172,0.0,0,two_ankles,accepted,1.0451492071151733,8.826621055603027,0.06375824614854392
85,2.8333333333333335,detected,4,3,0.9330741167068481,ankle_midpoint,1043.482421875,877.0911254882812,0.9835188388824463,0.9789181351661682,3.5113587379455566,10.68610668182373,3.511758454251806,10.666394964047445,0.0,0,two_ankles,accepted,3.5113587379455566,10.68610668182373,0.0023612831636027135
85,2.8333333333333335,predicted,2,,,motion_prediction,,,,,,,2.429016262566939,1.2038505499789716,,5,,motion_prediction,2.429016262566939,1.2038505499789716,
86,2.8666666666666667,detected,1,2,0.8757469058036804,ankle_midpoint,924.8219604492188,625.2049560546875,0.9774488806724548,0.9787684082984924,2.7065014839172363,2.795144557952881,2.7205828496610884,2.842729895210072,0.0,0,two_ankles,accepted,2.7065014839172363,2.795144557952881,0.05513112980022688
86,2.8666666666666667,detected,3,1,0.9140546917915344,ankle_midpoint,648.1067504882812,796.4078369140625,0.9931401610374451,0.9781794548034668,1.0173009634017944,8.81867790222168,1.0661841481450776,8.86836778984405,0.0,0,two_ankles,accepted,1.0173009634017944,8.81867790222168,0.028958908190043396
86,2.8666666666666667,detected,4,3,0.9335541725158691,ankle_midpoint,1043.540283203125,877.2853393554688,0.9839587211608887,0.9798498153686523,3.511587381362915,10.690261840820312,3.511681471451805,10.677135058595237,0.0,0,two_ankles,accepted,3.511587381362915,10.690261840820312,0.0041614449532798
86,2.8666666666666667,predicted,2,,,motion_prediction,,,,,,,2.4547667387436567,1.2890015155350687,,6,,motion_prediction,2.4547667387436567,1.2890015155350687,
87,2.9,detected,1,2,0.8756576180458069,ankle_midpoint,920.584716796875,622.7825927734375,0.9797348380088806,0.9818096160888672,2.668750047683716,2.684154987335205,2.697258088771271,2.771371186666382,0.0,0,two_ankles,accepted,2.668750047683716,2.684154987335205,0.11723419178545824
87,2.9,detected,3,1,0.9158139824867249,ankle_midpoint,641.5255126953125,797.9578857421875,0.9941948056221008,0.9893078207969666,0.9796143174171448,8.860549926757812,1.0272277243175079,8.864849751455244,0.0,0,two_ankles,accepted,0.9796143174171448,8.860549926757812,0.05633426776240922
87,2.9,detected,4,3,0.9350395202636719,ankle_midpoint,1043.6884765625,877.4171752929688,0.9822951555252075,0.9778222441673279,3.5123727321624756,10.69306755065918,3.511992538771607,10.684304680024011,0.0,0,two_ankles,accepted,3.5123727321624756,10.69306755065918,0.0029135517119636867
87,2.9,predicted,2,,,motion_prediction,,,,,,,2.4805172149203747,1.3741524810911656,,7,,motion_prediction,2.4805172149203747,1.3741524810911656,
88,2.933333333333333,detected,1,2,0.8644141554832458,ankle_midpoint,914.9952392578125,624.7196655273438,0.9846110939979553,0.9857843518257141,2.622812032699585,2.775054454803467,2.6637573635390126,2.7730286573280702,0.0,0,two_ankles,accepted,2.622812032699585,2.775054454803467,0.10184799657674078
88,2.933333333333333,detected,3,1,0.9226855635643005,ankle_midpoint,634.5843505859375,802.2659912109375,0.994400680065155,0.9921013712882996,0.948006808757782,8.974313735961914,0.9915783123156313,8.914108544483245,0.0,0,two_ankles,accepted,0.948006808757782,8.974313735961914,0.11807302354170032
88,2.933333333333333,detected,4,3,0.9373559951782227,ankle_midpoint,1043.870361328125,877.0765991210938,0.9836428761482239,0.9772926568984985,3.5136115550994873,10.685747146606445,3.5127210961191535,10.684953789986107,0.0,0,two_ankles,accepted,3.5136115550994873,10.685747146606445,0.007424486363685787
88,2.933333333333333,predicted,2,,,motion_prediction,,,,,,,2.5062676910970927,1.4593034466472627,,8,,motion_prediction,2.5062676910970927,1.4593034466472627,
89,2.966666666666667,detected,1,2,0.8740246295928955,ankle_midpoint,914.730224609375,625.9378662109375,0.9743626713752747,0.9754599332809448,2.6215970516204834,2.8311386108398438,2.6447852231756745,2.7991781364083685,0.0,0,two_ankles,accepted,2.6215970516204834,2.8311386108398438,0.05609731488525322
89,2.966666666666667,detected,3,1,0.9227234721183777,ankle_midpoint,634.6670532226562,803.0123291015625,0.9940546154975891,0.9920355677604675,0.9507448673248291,8.993696212768555,0.9732032620697704,8.949922995211635,0.0,0,two_ankles,accepted,0.9507448673248291,8.993696212768555,0.01957491690599329
89,2.966666666666667,detected,4,3,0.9376361966133118,ankle_midpoint,1043.8426513671875,876.5543212890625,0.9828951358795166,0.9762668609619141,3.513737678527832,10.67454719543457,3.513178558203059,10.680270822437915,0.0,0,two_ankles,accepted,3.513737678527832,10.67454719543457,0.011200661291707808
89,2.966666666666667,predicted,2,,,motion_prediction,,,,,,,2.5320181672738107,1.5444544122033599,,9,,motion_prediction,2.5320181672738107,1.5444544122033599,
90,3.0,detected,1,2,0.8663119077682495,ankle_midpoint,910.3743896484375,624.5961303710938,0.9713959097862244,0.9730929136276245,2.5835061073303223,2.7704226970672607,2.617209621045266,2.7862381887048704,0.0,0,two_ankles,accepted,2.5835061073303223,2.7704226970672607,0.07167525529885396
90,3.0,detected,3,1,0.9254378080368042,ankle_midpoint,638.4266967773438,805.4197998046875,0.9939290285110474,0.9904651641845703,0.981683075428009,9.055441856384277,0.9770191780809778,8.997406482739324,0.0,0,two_ankles,accepted,0.981683075428009,9.055441856384277,0.069062994621979
90,3.0,detected,4,3,0.9369629621505737,ankle_midpoint,1043.968505859375,876.4317016601562,0.9845400452613831,0.9760144352912903,3.5145339965820312,10.67189884185791,3.5137885054735962,10.676503431176915,0.0,0,two_ankles,accepted,3.5145339965820312,10.67189884185791,0.0027654835219997737
90,3.0,predicted,2,,,motion_prediction,,,,,,,2.5577686434505287,1.6296053777594568,,10,,motion_prediction,2.5577686434505287,1.6296053777594568,
91,3.033333333333333,detected,1,2,0.8275991678237915,ankle_midpoint,904.3646240234375,621.27978515625,0.9762928485870361,0.975356936454773,2.529144763946533,2.617957592010498,2.5775804353508365,2.710511920192403,0.0,0,two_ankles,accepted,2.529144763946533,2.617957592010498,0.1618665002848332
91,3.033333333333333,detected,3,1,0.9276537895202637,ankle_midpoint,643.360595703125,808.6254272460938,0.9941282272338867,0.9916360378265381,1.022105097770691,9.13703441619873,0.9973078419413488,9.060239052796057,0.0,0,two_ankles,accepted,1.022105097770691,9.13703441619873,0.09105649733735306
91,3.033333333333333,detected,4,3,0.9359259605407715,ankle_midpoint,1043.965576171875,876.197021484375,0.9874687194824219,0.9776650071144104,3.514646053314209,10.666857719421387,3.5141744020018724,10.672162860886928,0.0,0,two_ankles,accepted,3.514646053314209,10.666857719421387,0.005042367710832516
91,3.033333333333333,predicted,2,,,motion_prediction,,,,,,,2.5835191196272462,1.714756343315554,,11,,motion_prediction,2.5835191196272462,1.714756343315554,
92,3.066666666666667,detected,1,2,0.8809483647346497,ankle_midpoint,901.1095581054688,618.1171875,0.9880673885345459,0.9888076186180115,2.4979357719421387,2.4702234268188477,2.5417403368169227,2.6023820981743033,0.0,0,two_ankles,accepted,2.4979357719421387,2.4702234268188477,0.1509946513847567
92,3.066666666666667,detected,3,1,0.9282004833221436,ankle_midpoint,645.39501953125,810.0235595703125,0.9945470094680786,0.9920079708099365,1.0388836860656738,9.172412872314453,1.016016971797295,9.110717271579336,0.0,0,two_ankles,accepted,1.0388836860656738,9.172412872314453,0.03915553833501273
92,3.066666666666667,detected,4,3,0.9353668093681335,ankle_midpoint,1044.5355224609375,876.5721435546875,0.9878436326980591,0.9786927103996277,3.51774001121521,10.674842834472656,3.5157789261478745,10.673368849000507,0.0,0,two_ankles,accepted,3.51774001121521,10.674842834472656,0.008563564554271636
92,3.066666666666667,predicted,2,,,motion_prediction,,,,,,,2.6092695958039642,1.799907308871651,,12,,motion_prediction,2.6092695958039642,1.799907308871651,
93,3.1,detected,1,2,0.7693938612937927,ankle_midpoint,899.6214599609375,621.386474609375,0.9685547351837158,0.9655042290687561,2.4887795448303223,2.6240389347076416,2.5179079804229527,2.612127674614306,0.0,0,two_ankles,accepted,2.4887795448303223,2.6240389347076416,0.1540877897888434
93,3.1,detected,3,1,0.9292080998420715,ankle_midpoint,646.7049560546875,812.8065795898438,0.9842332005500793,0.9790968298912048,1.0548961162567139,9.242823600769043,1.0335125868040336,9.170165119714705,0.0,0,two_ankles,accepted,1.0548961162567139,9.242823600769043,0.07220850782372475
93,3.1,detected,4,3,0.9337318539619446,ankle_midpoint,1046.20166015625,877.7711791992188,0.9891256093978882,0.9809994697570801,3.526710033416748,10.700332641601562,3.520697924418868,10.685502555670983,0.0,0,two_ankles,accepted,3.526710033416748,10.700332641601562,0.02702205702319729
94,3.1333333333333333,detected,1,2,0.8463422060012817,ankle_midpoint,897.51708984375,620.8108520507812,0.9650951623916626,0.966316819190979,2.47016978263855,2.5976438522338867,2.4964257914199717,2.6056099545431177,0.0,0,two_ankles,accepted,2.47016978263855,2.5976438522338867,0.03229587632547917
94,3.1333333333333333,detected,3,1,0.9264069199562073,ankle_midpoint,646.5845336914062,815.109375,0.9808862805366516,0.9777456521987915,1.060518503189087,9.300848960876465,1.0456652491773077,9.228972848237497,0.0,0,two_ankles,accepted,1.060518503189087,9.300848960876465,0.05829711528380547
94,3.1333333333333333,detected,4,3,0.9364295601844788,ankle_midpoint,1044.957275390625,881.2969970703125,0.9828391671180725,0.972681999206543,3.5175657272338867,10.775607109069824,3.5192884356856267,10.726049604700464,0.0,0,two_ankles,accepted,3.5175657272338867,10.775607109069824,0.07582785628116034
95,3.1666666666666665,detected,1,2,0.8331493735313416,ankle_midpoint,896.3504028320312,620.4212646484375,0.9604776501655579,0.9624748229980469,2.4597537517547607,2.5796875953674316,2.4799233735706268,2.593944892914059,0.0,0,two_ankles,accepted,2.4597537517547607,2.5796875953674316,0.02075863338532098
95,3.1666666666666665,detected,3,1,0.9238947629928589,ankle_midpoint,645.8880615234375,814.80810546875,0.9792938828468323,0.9753005504608154,1.05532705783844,9.293379783630371,1.0500130630748172,9.257955969164291,0.0,0,two_ankles,accepted,1.05532705783844,9.293379783630371,0.009096137288009603
95,3.1666666666666665,detected,4,3,0.9374068975448608,ankle_midpoint,1044.6744384765625,881.771484375,0.9824088215827942,0.9736731648445129,3.5156774520874023,10.785700798034668,3.5176634930664257,10.752892641700857,0.0,0,two_ankles,accepted,3.5156774520874023,10.785700798034668,0.010268794473931158
96,3.2,detected,1,2,0.8096098899841309,ankle_midpoint,894.2398681640625,617.9555053710938,0.9828206300735474,0.9788378477096558,2.4387645721435547,2.464198112487793,2.4614019129284443,2.5355588417222394,0.0,0,two_ankles,accepted,2.4387645721435547,2.464198112487793,0.11738128605769244
96,3.2,detected,2,15,0.5576058626174927,ankle_midpoint,843.153076171875,557.5153198242188,0.9803715348243713,0.9642911553382874,1.8622934818267822,-0.7423335313796997,1.8622934818267822,-0.7423335313796997,3.005537590987426,0,two_ankles,accepted,1.8622934818267822,-0.7423335313796997,0.09889078544754802
96,3.2,detected,3,1,0.9203198552131653,ankle_midpoint,646.3033447265625,816.0466918945312,0.9949415326118469,0.9959990978240967,1.061346173286438,9.324396133422852,1.0551129626700466,9.287854043080644,0.0,0,two_ankles,accepted,1.061346173286438,9.324396133422852,0.03159499493948103
96,3.2,detected,4,3,0.9379354119300842,ankle_midpoint,1044.947265625,882.1054077148438,0.9816818833351135,0.9750649929046631,3.517063617706299,10.792738914489746,3.5173935491543684,10.770823464455859,0.0,0,two_ankles,accepted,3.517063617706299,10.792738914489746,0.007173321291999414
97,3.2333333333333334,detected,1,2,0.8442319631576538,ankle_midpoint,892.9190673828125,618.3587646484375,0.9824607968330383,0.9796501398086548,2.427915096282959,2.4835493564605713,2.446332845437976,2.512154573354489,0.0,0,two_ankles,accepted,2.427915096282959,2.4835493564605713,0.0221851700408998
97,3.2333333333333334,detected,2,15,0.6606341600418091,ankle_midpoint,841.6987915039062,555.3379516601562,0.9615674614906311,0.9408573508262634,1.8425252437591553,-0.8732839822769165,1.8533977746963501,-0.8012612342834473,0.0,0,two_ankles,accepted,1.8425252437591553,-0.8732839822769165,0.13243414901936268
97,3.2333333333333334,detected,3,1,0.9208581447601318,ankle_midpoint,643.1348266601562,818.811767578125,0.9951726794242859,0.9954935312271118,1.0492149591445923,9.393836975097656,1.0524588610835923,9.335546362488301,0.0,0,two_ankles,accepted,1.0492149591445923,9.393836975097656,0.07049253044869795
97,3.2333333333333334,detected,4,3,0.9391931295394897,ankle_midpoint,1044.9058837890625,881.6910400390625,0.9841133952140808,0.9759160876274109,3.5170531272888184,10.783967971801758,3.5172403593148713,10.776738492761513,0.0,0,two_ankles,accepted,3.5170531272888184,10.783967971801758,0.008770948961476973
98,3.2666666666666666,detected,1,2,0.8498373627662659,ankle_midpoint,891.758056640625,617.1889038085938,0.980256974697113,0.9788121581077576,2.416499614715576,2.4285051822662354,2.432907891612896,2.474512347364775,0.0,0,two_ankles,accepted,2.416499614715576,2.4285051822662354,0.05621542788373717
98,3.2666666666666666,detected,2,15,0.7580270767211914,ankle_midpoint,838.9818115234375,554.8764038085938,0.9710069894790649,0.9381000399589539,1.8148703575134277,-0.9005013704299927,1.836060436964035,-0.8459192955493928,0.0,0,two_ankles,accepted,1.8148703575134277,-0.9005013704299927,0.038801790566149665
98,3.2666666666666666,detected,3,1,0.9191792607307434,ankle_midpoint,641.807373046875,820.7175903320312,0.9945794343948364,0.9947434663772583,1.0462242364883423,9.441274642944336,1.0496532800157299,9.383124088693517,0.0,0,two_ankles,accepted,1.0462242364883423,9.441274642944336,0.047531849877093094
98,3.2666666666666666,detected,4,3,0.9396427273750305,ankle_midpoint,1045.1802978515625,881.518310546875,0.9853834509849548,0.9756351709365845,3.5187273025512695,10.780272483825684,3.517909483771251,10.77832878874039,0.0,0,two_ankles,accepted,3.5187273025512695,10.780272483825684,0.0040570302181167665
99,3.3,detected,1,2,0.8213670253753662,ankle_midpoint,890.993408203125,615.9688720703125,0.9822105169296265,0.9774788618087769,2.4083869457244873,2.370737314224243,2.4218734659631123,2.427813582451536,0.0,0,two_ankles,accepted,2.4083869457244873,2.370737314224243,0.058334740732054316
99,3.3,detected,2,15,0.7139564156532288,ankle_midpoint,832.5346069335938,558.768310546875,0.9863298535346985,0.9642369747161865,1.7630228996276855,-0.6642547249794006,1.803193545162678,-0.7641702387928964,0.0,0,two_ankles,accepted,1.7630228996276855,-0.6642547249794006,0.24186904799058426
99,3.3,detected,3,1,0.9189606308937073,ankle_midpoint,639.5138549804688,828.9141845703125,0.9918941855430603,0.991845428943634,1.0545095205307007,9.642053604125977,1.0518385882474668,9.499642370638124,0.0,0,two_ankles,accepted,1.0545095205307007,9.642053604125977,0.20094983748398831
99,3.3,detected,4,3,0.9389498233795166,ankle_midpoint,1045.143310546875,881.041015625,0.986778736114502,0.9763991236686707,3.518777847290039,10.770153045654297,3.5183002473547056,10.77464970435165,0.0,0,two_ankles,accepted,3.518777847290039,10.770153045654297,0.010119564401452064
100,3.3333333333333335,detected,1,2,0.7675893306732178,ankle_midpoint,889.0626220703125,616.0516357421875,0.9847507476806641,0.9780368208885193,2.391852617263794,2.3751327991485596,2.4083640840484195,2.404107229965197,0.0,0,two_ankles,accepted,2.391852617263794,2.3751327991485596,0.017108603255847253
100,3.3333333333333335,detected,2,15,0.4207160174846649,ankle_midpoint,819.9869384765625,563.1480712890625,0.9774162769317627,0.9459330439567566,1.6550877094268799,-0.40152743458747864,1.736545919081569,-0.6009809769004584,0.0,0,two_ankles,accepted,1.6550877094268799,-0.40152743458747864,0.2840345655028018
100,3.3333333333333335,detected,3,1,0.9190775156021118,ankle_midpoint,637.756103515625,835.75390625,0.9926968216896057,0.9926853179931641,1.0622345209121704,9.806221008300781,1.0565167579465835,9.637602757586322,0.0,0,two_ankles,accepted,1.0622345209121704,9.806221008300781,0.16434905604957817
100,3.3333333333333335,detected,4,3,0.9386588335037231,ankle_midpoint,1044.704345703125,879.9696655273438,0.9867598414421082,0.9764594435691833,3.5168392658233643,10.747437477111816,3.517642805665602,10.762404202093725,0.0,0,two_ankles,accepted,3.5168392658233643,10.747437477111816,0.022798139229135858
101,3.3666666666666667,detected,1,2,0.8077026009559631,ankle_midpoint,887.314208984375,617.1555786132812,0.9844687581062317,0.9811722636222839,2.378242254257202,2.427971839904785,2.394809260642372,2.4148463044380115,0.0,0,two_ankles,accepted,2.378242254257202,2.427971839904785,0.05456378111173447
101,3.3666666666666667,detected,2,15,0.4131978154182434,ankle_midpoint,815.0311279296875,564.561279296875,0.9846216440200806,0.9580118060112,1.6120377779006958,-0.3175326883792877,1.6805172555501762,-0.4734292470659316,0.0,0,two_ankles,accepted,1.6120377779006958,-0.3175326883792877,0.0943843948700607
101,3.3666666666666667,detected,3,1,0.9218002557754517,ankle_midpoint,637.8736572265625,837.875732421875,0.9930931329727173,0.9932045936584473,1.0686242580413818,9.856453895568848,1.0619651329892428,9.736085769678459,0.0,0,two_ankles,accepted,1.0686242580413818,9.856453895568848,0.05063765105005061
101,3.3666666666666667,detected,4,3,0.938571035861969,ankle_midpoint,1044.3310546875,879.8448486328125,0.9867688417434692,0.9759237170219421,3.5147552490234375,10.744827270507812,3.5163434051766282,10.754494582880065,0.0,0,two_ankles,accepted,3.5147552490234375,10.744827270507812,0.0033401054680896785
102,3.4,detected,1,2,0.7879549860954285,ankle_midpoint,884.1705322265625,617.4747314453125,0.9862208366394043,0.9828082919120789,2.351644515991211,2.4438271522521973,2.3753851255493497,2.427887685954395,0.0,0,two_ankles,accepted,2.351644515991211,2.4438271522521973,0.03096499007750805
102,3.4,detected,3,1,0.9100160598754883,ankle_midpoint,637.6412353515625,841.8816528320312,0.9916254878044128,0.9911264777183533,1.0778480768203735,9.950586318969727,1.0691124577132518,9.83261101685953,0.0,0,two_ankles,accepted,1.0778480768203735,9.950586318969727,0.09458325416367326
102,3.4,detected,4,3,0.9374364614486694,ankle_midpoint,1043.174072265625,879.93505859375,0.9865737557411194,0.9738987684249878,3.5080347061157227,10.746891021728516,3.512604490599221,10.751072980361869,0.0,0,two_ankles,accepted,3.5080347061157227,10.746891021728516,0.007030274964422795
102,3.4,predicted,2,,,motion_prediction,,,,,,,1.5616853302677842,-0.2016636776217916,,1,,motion_prediction,1.5616853302677842,-0.2016636776217916,
103,3.433333333333333,detected,1,2,0.8476184606552124,ankle_midpoint,880.776123046875,615.76904296875,0.9876537919044495,0.9856833815574646,2.320042610168457,2.3636362552642822,2.350480993627948,2.3989745421438444,0.0,0,two_ankles,accepted,2.320042610168457,2.3636362552642822,0.08619315756692413
103,3.433333333333333,detected,3,1,0.9098409414291382,ankle_midpoint,636.1271362304688,841.5073852539062,0.991392970085144,0.9899916648864746,1.0677167177200317,9.942039489746094,1.0684843747163029,9.881853829658485,0.0,0,two_ankles,accepted,1.0677167177200317,9.942039489746094,0.013254913315371866
103,3.433333333333333,detected,4,3,0.9342101216316223,ankle_midpoint,1041.5479736328125,880.3546142578125,0.986224889755249,0.9709792137145996,3.4984374046325684,10.75601863861084,3.506229301914227,10.753298526573907,0.0,0,two_ankles,accepted,3.4984374046325684,10.75601863861084,0.01324468141213845
103,3.433333333333333,predicted,2,,,motion_prediction,,,,,,,1.5113328826348724,-0.08579466686429552,,2,,motion_prediction,1.5113328826348724,-0.08579466686429552,
104,3.466666666666667,detected,1,2,0.8609930276870728,ankle_midpoint,878.9435424804688,614.74072265625,0.9883621335029602,0.9854517579078674,2.3027398586273193,2.3149924278259277,2.328997482877665,2.361182590700782,0.0,0,two_ankles,accepted,2.3027398586273193,2.3149924278259277,0.05162951828892801
104,3.466666666666667,detected,3,1,0.9093241691589355,ankle_midpoint,634.8516845703125,841.3702392578125,0.9921180605888367,0.9905829429626465,1.0596494674682617,9.93900203704834,1.0645086664546843,9.90757052298392,0.0,0,two_ankles,accepted,1.0596494674682617,9.93900203704834,0.008620130249350988
104,3.466666666666667,detected,4,3,0.9333882927894592,ankle_midpoint,1041.612060546875,879.998779296875,0.9855121970176697,0.970454216003418,3.4989945888519287,10.748441696166992,3.502973681036193,10.751112952890796,0.0,0,two_ankles,accepted,3.4989945888519287,10.748441696166992,0.007597401598683875
104,3.466666666666667,predicted,2,,,motion_prediction,,,,,,,1.4609804350019608,0.030074343893200572,,3,,motion_prediction,1.4609804350019608,0.030074343893200572,
105,3.5,detected,1,2,0.8919380903244019,ankle_midpoint,875.7828979492188,613.6453247070312,0.9882051944732666,0.9838507771492004,2.2737746238708496,2.263256311416626,2.3041471963245983,2.317115765022912,0.0,0,two_ankles,accepted,2.2737746238708496,2.263256311416626,0.059292584406603704
105,3.5,detected,3,1,0.9172036647796631,ankle_midpoint,628.566650390625,844.1268310546875,0.9895740151405334,0.9894843697547913,1.02915358543396,10.004100799560547,1.0485988799953585,9.951009147443404,0.0,0,two_ankles,accepted,1.02915358543396,10.004100799560547,0.07188774375142665
105,3.5,detected,4,3,0.9338459968566895,ankle_midpoint,1040.7161865234375,881.4981079101562,0.981427013874054,0.9696189761161804,3.493048906326294,10.78039836883545,3.4985075324167383,10.76429139006589,0.0,0,two_ankles,accepted,3.493048906326294,10.78039836883545,0.03250507758388752
105,3.5,predicted,2,,,motion_prediction,,,,,,,1.410627987369049,0.1459433546506967,,4,,motion_prediction,1.410627987369049,0.1459433546506967,
106,3.533333333333333,detected,1,2,0.900553286075592,ankle_midpoint,870.83837890625,612.6051635742188,0.9901981353759766,0.9879240393638611,2.2293078899383545,2.2143959999084473,2.2704695084507884,2.270891870721403,0.0,0,two_ankles,accepted,2.2293078899383545,2.2143959999084473,0.06606527429216937
106,3.533333333333333,detected,2,15,0.3354622423648834,ankle_midpoint,790.1409912109375,560.2735595703125,0.9367291331291199,0.8640018701553345,1.3594557046890259,-0.5626137852668762,1.5360395576626587,-0.5135622892563567,0.17442655830972353,0,two_ankles,accepted,1.3594557046890259,-0.5626137852668762,0.07038819439636988
106,3.533333333333333,detected,3,1,0.9231781959533691,ankle_midpoint,623.525634765625,847.0797729492188,0.9924692511558533,0.9912392497062683,1.006871223449707,10.073086738586426,1.0298214345498153,10.005944063457765,0.0,0,two_ankles,accepted,1.006871223449707,10.073086738586426,0.07249526494109503
106,3.533333333333333,detected,4,3,0.9333836436271667,ankle_midpoint,1039.608642578125,884.28125,0.9760621190071106,0.9593908190727234,3.4852566719055176,10.839329719543457,3.492544645186689,10.798058638330797,0.0,0,two_ankles,accepted,3.4852566719055176,10.839329719543457,0.0594442849527063
107,3.566666666666667,detected,1,2,0.9021075367927551,ankle_midpoint,870.246826171875,612.563232421875,0.9858880639076233,0.9812442660331726,2.2241101264953613,2.2125160694122314,2.2496077865708464,2.244622760132276,0.0,0,two_ankles,accepted,2.2241101264953613,2.2125160694122314,0.0055272853626276985
107,3.566666666666667,detected,2,15,0.49094894528388977,ankle_midpoint,792.1314697265625,557.798828125,0.9400582313537598,0.8758891224861145,1.3697038888931274,-0.7107253074645996,1.4611885067163697,-0.6022856474500661,0.0,0,two_ankles,accepted,1.3697038888931274,-0.7107253074645996,0.14846564682514238
107,3.566666666666667,detected,3,1,0.9229435324668884,ankle_midpoint,620.1895751953125,849.450439453125,0.9940955638885498,0.9930282235145569,0.993355393409729,10.127989768981934,1.0134117160367766,10.060864630943641,0.0,0,two_ankles,accepted,0.993355393409729,10.127989768981934,0.05654220024264733
107,3.566666666666667,detected,4,3,0.9334374070167542,ankle_midpoint,1039.450439453125,885.32421875,0.969953179359436,0.9493127465248108,3.4838216304779053,10.861276626586914,3.4886192885677367,10.826506733046049,0.0,0,two_ankles,accepted,3.4838216304779053,10.861276626586914,0.021993773497813136
108,3.6,detected,1,2,0.9004430174827576,ankle_midpoint,865.414794921875,609.977294921875,0.9873801469802856,0.9856271743774414,2.1777894496917725,2.0884053707122803,2.2172895349752633,2.174324934893278,0.0,0,two_ankles,accepted,2.1777894496917725,2.0884053707122803,0.1324729052724843
108,3.6,detected,2,15,0.737970769405365,ankle_midpoint,789.9453735351562,555.38623046875,0.9755536317825317,0.9304949045181274,1.339708924293518,-0.8554304838180542,1.4065226946260867,-0.7162008238156607,0.0,0,two_ankles,accepted,1.339708924293518,-0.8554304838180542,0.147781209782625
108,3.6,detected,3,1,0.9250786900520325,ankle_midpoint,617.4129638671875,855.05908203125,0.9941767454147339,0.9929418563842773,0.992056131362915,10.255865097045898,1.003801702933539,10.148614840689657,0.0,0,two_ankles,accepted,0.992056131362915,10.255865097045898,0.12788192839229837
108,3.6,detected,4,3,0.9352405071258545,ankle_midpoint,1039.369873046875,884.3095092773438,0.9871972799301147,0.9707193374633789,3.483873128890991,10.839954376220703,3.486483516713202,10.832558172474645,0.0,0,two_ankles,accepted,3.483873128890991,10.839954376220703,0.02132231255670765
109,3.6333333333333333,detected,1,2,0.9043794870376587,ankle_midpoint,860.5432739257812,607.6055297851562,0.9775437712669373,0.9729693531990051,2.1310558319091797,1.9736077785491943,2.1784843685955257,2.0840022145384403,0.0,0,two_ankles,accepted,2.1310558319091797,1.9736077785491943,0.12394562597159967
109,3.6333333333333333,detected,3,1,0.9214520454406738,ankle_midpoint,611.8831787109375,861.2673950195312,0.9926844239234924,0.9896392822265625,0.9761871099472046,10.395573616027832,0.9913751360896886,10.259746289591835,0.0,0,two_ankles,accepted,0.9761871099472046,10.395573616027832,0.14060688502636554
109,3.6333333333333333,detected,4,3,0.9436711668968201,ankle_midpoint,1036.9853515625,884.6600952148438,0.972377359867096,0.9498477578163147,3.4700284004211426,10.847624778747559,3.4790787143817754,10.839338145297457,0.0,0,two_ankles,accepted,3.4700284004211426,10.847624778747559,0.01582755765517308
109,3.6333333333333333,predicted,2,,,motion_prediction,,,,,,,1.3102439928436644,-0.9152004132029185,,1,,motion_prediction,1.3102439928436644,-0.9152004132029185,
110,3.6666666666666665,detected,1,2,0.9069188833236694,ankle_midpoint,861.244384765625,608.6668090820312,0.9843431711196899,0.98296058177948,2.139101266860962,2.0254604816436768,2.160761972814972,2.0576584347357967,0.0,0,two_ankles,accepted,2.139101266860962,2.0254604816436768,0.05247315353366811
110,3.6666666666666665,detected,3,1,0.9247531890869141,ankle_midpoint,610.0103149414062,861.9862060546875,0.9916892051696777,0.9883148670196533,0.967120349407196,10.411763191223145,0.9804604820825671,10.328153895325926,0.0,0,two_ankles,accepted,0.967120349407196,10.411763191223145,0.018555551506073156
110,3.6666666666666665,detected,4,3,0.9426847100257874,ankle_midpoint,1034.4051513671875,885.2802124023438,0.9623215794563293,0.9334559440612793,3.4549484252929688,10.860974311828613,3.4682200842918123,10.849074420236478,0.0,0,two_ankles,accepted,3.4549484252929688,10.860974311828613,0.020139902764127606
110,3.6666666666666665,predicted,2,,,motion_prediction,,,,,,,1.2807790613938108,-0.9749703425877827,,2,,motion_prediction,1.2807790613938108,-0.9749703425877827,
111,3.7,detected,1,2,0.8991526961326599,ankle_midpoint,859.7288818359375,608.8198852539062,0.9725639224052429,0.9698740243911743,2.1261403560638428,2.0333127975463867,2.145182245276964,2.046702898000562,0.0,0,two_ankles,accepted,2.1261403560638428,2.0333127975463867,0.015154011803045136
111,3.7,detected,3,1,0.9253442883491516,ankle_midpoint,610.095703125,869.706298828125,0.9888928532600403,0.9852961897850037,0.9883663654327393,10.581204414367676,0.9840181295901447,10.442026628894714,0.0,0,two_ankles,accepted,0.9883663654327393,10.581204414367676,0.17076803359432488
111,3.7,detected,4,3,0.9403688311576843,ankle_midpoint,1034.10693359375,885.6016845703125,0.9607139229774475,0.9299293160438538,3.4530904293060303,10.867757797241211,3.4614117395482102,10.857481939888608,0.0,0,two_ankles,accepted,3.4530904293060303,10.867757797241211,0.007033336578779995
111,3.7,predicted,2,,,motion_prediction,,,,,,,1.251314129943957,-1.0347402719726468,,3,,motion_prediction,1.251314129943957,-1.0347402719726468,
112,3.7333333333333334,detected,1,2,0.8779987096786499,ankle_midpoint,857.340576171875,611.7931518554688,0.9900367259979248,0.9888233542442322,2.11077618598938,2.17842698097229,2.129699518597551,2.10597873533784,0.0,0,two_ankles,accepted,2.11077618598938,2.17842698097229,0.14592526838571768
112,3.7333333333333334,detected,3,1,0.9238384366035461,ankle_midpoint,611.2379150390625,875.37548828125,0.9904020428657532,0.9867066740989685,1.009942889213562,10.70339298248291,0.9956842714206825,10.559641488009403,0.0,0,two_ankles,accepted,1.009942889213562,10.70339298248291,0.12407897709328394
112,3.7333333333333334,detected,4,3,0.9400753378868103,ankle_midpoint,1034.068359375,884.634033203125,0.9617379307746887,0.9307131767272949,3.453321695327759,10.84743595123291,3.4577712196490076,10.852961244993544,0.0,0,two_ankles,accepted,3.453321695327759,10.84743595123291,0.020323161888788282
112,3.7333333333333334,predicted,2,,,motion_prediction,,,,,,,1.2218491984941033,-1.0945102013575112,,4,,motion_prediction,1.2218491984941033,-1.0945102013575112,
113,3.7666666666666666,detected,1,2,0.9107820987701416,ankle_midpoint,858.263671875,612.5220947265625,0.9868582487106323,0.9862857460975647,2.1201186180114746,2.2133936882019043,2.1253881133338166,2.154315464126669,0.0,0,two_ankles,accepted,2.1201186180114746,2.2133936882019043,0.03619325421358266
113,3.7666666666666666,detected,3,1,0.9236956834793091,ankle_midpoint,609.6082153320312,876.6217651367188,0.9931536912918091,0.9910434484481812,1.0037925243377686,10.730254173278809,0.9993329852333712,10.636417196380636,0.0,0,two_ankles,accepted,1.0037925243377686,10.730254173278809,0.02755631613766711
113,3.7666666666666666,detected,4,3,0.9402323365211487,ankle_midpoint,1034.3145751953125,884.42333984375,0.9631982445716858,0.9326247572898865,3.454831838607788,10.842973709106445,3.4564484981804586,10.84846685384435,0.0,0,two_ankles,accepted,3.454831838607788,10.842973709106445,0.004710853162794945
113,3.7666666666666666,predicted,2,,,motion_prediction,,,,,,,1.1923842670442497,-1.1542801307423753,,5,,motion_prediction,1.1923842670442497,-1.1542801307423753,
114,3.8,detected,1,2,0.9069033861160278,ankle_midpoint,856.3911743164062,611.7574462890625,0.9900878071784973,0.9882756471633911,2.1024656295776367,2.1769280433654785,2.1150729956435357,2.1644911247841336,0.0,0,two_ankles,accepted,2.1024656295776367,2.1769280433654785,0.040513840276892546
114,3.8,detected,3,1,0.9243401885032654,ankle_midpoint,610.411376953125,878.8099365234375,0.9907068610191345,0.9886018633842468,1.0141268968582153,10.77675724029541,1.005990245464551,10.699570216142284,0.0,0,two_ankles,accepted,1.0141268968582153,10.77675724029541,0.047637532443881914
114,3.8,detected,4,3,0.943440318107605,ankle_midpoint,1034.497314453125,884.2512817382812,0.9640213251113892,0.9362897872924805,3.455960750579834,10.839329719543457,3.4562290117601777,10.844355143408949,0.0,0,two_ankles,accepted,3.455960750579834,10.839329719543457,0.0038148528380261386
114,3.8,predicted,2,,,motion_prediction,,,,,,,1.1629193355943959,-1.2140500601272395,,6,,motion_prediction,1.1629193355943959,-1.2140500601272395,
115,3.8333333333333335,detected,1,2,0.898582935333252,ankle_midpoint,854.7645874023438,611.7080688476562,0.9889703989028931,0.9886536002159119,2.088247060775757,2.1749300956726074,2.1030013249530355,2.169188661683947,0.0,0,two_ankles,accepted,2.088247060775757,2.1749300956726074,0.014358255247669921
115,3.8333333333333335,detected,3,1,0.9186493754386902,ankle_midpoint,609.6932373046875,880.4652099609375,0.991432785987854,0.9899340271949768,1.014294147491455,10.811929702758789,1.009727001376658,10.750131985119712,0.0,0,two_ankles,accepted,1.014294147491455,10.811929702758789,0.03517286011276475
115,3.8333333333333335,detected,4,3,0.9438198804855347,ankle_midpoint,1034.450439453125,884.0211181640625,0.967014729976654,0.9408076405525208,3.4558002948760986,10.834487915039062,3.4560360891623425,10.8399148906425,0.0,0,two_ankles,accepted,3.4558002948760986,10.834487915039062,0.004844462497701513
115,3.8333333333333335,predicted,2,,,motion_prediction,,,,,,,1.1334544041445422,-1.2738199895121038,,7,,motion_prediction,1.1334544041445422,-1.2738199895121038,
116,3.8666666666666667,detected,1,2,0.8931513428688049,ankle_midpoint,854.1768798828125,611.5474853515625,0.9887322187423706,0.9874517321586609,2.082839250564575,2.1673038005828857,2.0939283914782285,2.1683404741884695,0.0,0,two_ankles,accepted,2.082839250564575,2.1673038005828857,0.009349052790292363
116,3.8666666666666667,detected,3,1,0.9214110374450684,ankle_midpoint,607.492431640625,880.1290283203125,0.9949983358383179,0.9943061470985413,1.0007797479629517,10.805088996887207,1.0057007373404903,10.774862640415085,0.0,0,two_ankles,accepted,1.0007797479629517,10.805088996887207,0.015147087226180163
116,3.8666666666666667,detected,4,3,0.9451332688331604,ankle_midpoint,1034.640625,884.2974853515625,0.9682563543319702,0.9441534280776978,3.4567606449127197,10.84028434753418,3.4563621392500123,10.840081146243758,0.0,0,two_ankles,accepted,3.4567606449127197,10.84028434753418,0.005875449077584504
116,3.8666666666666667,predicted,2,,,motion_prediction,,,,,,,1.1039894726946886,-1.333589918896968,,8,,motion_prediction,1.1039894726946886,-1.333589918896968,
117,3.9,detected,1,2,0.8914452791213989,ankle_midpoint,853.6270751953125,611.5770263671875,0.9878925085067749,0.9874433875083923,2.0781190395355225,2.1688647270202637,2.086814183104011,2.168576387962777,0.0,0,two_ankles,accepted,2.0781190395355225,2.1688647270202637,0.004971607738116155
117,3.9,detected,3,1,0.9263091087341309,ankle_midpoint,608.304443359375,881.833251953125,0.9922752976417542,0.9912635087966919,1.0098732709884644,10.840986251831055,1.0075783774820786,10.804618265552271,0.0,0,two_ankles,accepted,1.0098732709884644,10.840986251831055,0.03703113654101268
117,3.9,detected,4,3,0.9420390129089355,ankle_midpoint,1035.46875,884.1349487304688,0.970902144908905,0.9511215686798096,3.4615869522094727,10.836760520935059,3.45871330508177,10.838586864854843,0.0,0,two_ankles,accepted,3.4615869522094727,10.836760520935059,0.005975834337008005
117,3.9,predicted,2,,,motion_prediction,,,,,,,1.074524541244835,-1.3933598482818321,,9,,motion_prediction,1.074524541244835,-1.3933598482818321,
118,3.933333333333333,detected,1,2,0.8891987204551697,ankle_midpoint,854.3125,611.8326416015625,0.9879599809646606,0.986000120639801,2.0845558643341064,2.1810600757598877,2.085797939657554,2.174194047471477,0.0,0,two_ankles,accepted,2.0845558643341064,2.1810600757598877,0.013789823942629398
118,3.933333333333333,detected,3,1,0.9245284199714661,ankle_midpoint,608.048583984375,880.1898193359375,0.9918116331100464,0.9907459020614624,1.0041329860687256,10.806306838989258,1.0060279513460697,10.805378123598915,0.0,0,two_ankles,accepted,1.0041329860687256,10.806306838989258,0.03515128085876198
118,3.933333333333333,detected,4,3,0.9398122429847717,ankle_midpoint,1035.4305419921875,881.8856201171875,0.9792161583900452,0.9624879360198975,3.462446451187134,10.789263725280762,3.460393220829184,10.816391452046506,0.0,0,two_ankles,accepted,3.462446451187134,10.789263725280762,0.04750457173703006
118,3.933333333333333,predicted,2,,,motion_prediction,,,,,,,1.0450596097949814,-1.4531297776666965,,10,,motion_prediction,1.0450596097949814,-1.4531297776666965,
119,3.966666666666667,detected,1,2,0.8917151689529419,ankle_midpoint,854.571533203125,611.7709350585938,0.9884828925132751,0.9865418672561646,2.086688756942749,2.1780154705047607,2.086198807435892,2.175913687836455,0.0,0,two_ankles,accepted,2.086688756942749,2.1780154705047607,0.0037173716574414243
119,3.966666666666667,detected,3,1,0.9264096617698669,ankle_midpoint,607.7554931640625,879.2554931640625,0.9911960363388062,0.990088939666748,1.0000098943710327,10.786544799804688,1.0033198257073033,10.796903127891515,0.0,0,two_ankles,accepted,1.0000098943710327,10.786544799804688,0.02018757236222514
119,3.966666666666667,detected,4,3,0.9391354918479919,ankle_midpoint,1034.8271484375,881.5543212890625,0.9815701246261597,0.9662573933601379,3.459134101867676,10.782320022583008,3.4598266172965055,10.801059308787933,0.0,0,two_ankles,accepted,3.459134101867676,10.782320022583008,0.007693287019792568
119,3.966666666666667,predicted,2,,,motion_prediction,,,,,,,1.0155946783451275,-1.5128997070515608,,11,,motion_prediction,1.0155946783451275,-1.5128997070515608,
120,4.0,detected,1,2,0.8913610577583313,ankle_midpoint,855.26513671875,611.197509765625,0.9885927438735962,0.9872495532035828,2.09163761138916,2.150099515914917,2.0886462692148626,2.164297310471763,0.0,0,two_ankles,accepted,2.09163761138916,2.150099515914917,0.028351220097096026
120,4.0,detected,3,1,0.924706757068634,ankle_midpoint,609.6823120117188,879.710205078125,0.9911978840827942,0.990128219127655,1.0122724771499634,10.795947074890137,1.0073485188565003,10.796472904040895,0.0,0,two_ankles,accepted,1.0122724771499634,10.795947074890137,0.01545230446220194
120,4.0,detected,4,3,0.9354391098022461,ankle_midpoint,1033.526123046875,877.896484375,0.984891414642334,0.9722159504890442,3.4533660411834717,10.704596519470215,3.4569193580456403,10.75765105359496,0.0,0,two_ankles,accepted,3.4533660411834717,10.704596519470215,0.07793724052198024
120,4.0,predicted,2,,,motion_prediction,,,,,,,0.9861297468952739,-1.572669636436425,,12,,motion_prediction,0.9861297468952739,-1.572669636436425,
121,4.033333333333333,detected,1,2,0.8954251408576965,ankle_midpoint,857.010498046875,610.9945068359375,0.9892458319664001,0.9873470067977905,2.106436014175415,2.1398425102233887,2.096651654447111,2.1532926503599947,0.0,0,two_ankles,accepted,2.106436014175415,2.1398425102233887,0.018005523896301397
121,4.033333333333333,detected,3,1,0.9286928772926331,ankle_midpoint,612.6804809570312,883.30029296875,0.9891706109046936,0.988323450088501,1.0387098789215088,10.871313095092773,1.0214611308857542,10.830150990014241,0.0,0,two_ankles,accepted,1.0387098789215088,10.871313095092773,0.07986847446655256
121,4.033333333333333,detected,4,3,0.9367157220840454,ankle_midpoint,1036.754150390625,878.236328125,0.9836922883987427,0.9680970907211304,3.4718573093414307,10.71146011352539,3.4636414361287464,10.736865130563654,0.0,0,two_ankles,accepted,3.4718573093414307,10.71146011352539,0.019723993547042955
122,4.066666666666666,detected,1,2,0.8932321071624756,ankle_midpoint,860.1630859375,609.787109375,0.9873602986335754,0.9865893125534058,2.131680727005005,2.0804085731506348,2.1124147370981636,2.120494815615783,0.0,0,two_ankles,accepted,2.131680727005005,2.0804085731506348,0.06457312445450142
122,4.066666666666666,detected,3,1,0.9313884973526001,ankle_midpoint,612.8902587890625,886.5614013671875,0.986961841583252,0.9860841631889343,1.0481953620910645,10.939497947692871,1.0334915349281437,10.879357120969626,0.0,0,two_ankles,accepted,1.0481953620910645,10.939497947692871,0.0688414738007327
122,4.066666666666666,detected,4,3,0.9369213581085205,ankle_midpoint,1038.05712890625,879.2200927734375,0.982671320438385,0.964562714099884,3.4788904190063477,10.732297897338867,3.470503478423667,10.7348098756125,0.0,0,two_ankles,accepted,3.4788904190063477,10.732297897338867,0.021992677549946816
123,4.1,detected,1,2,0.9037909507751465,ankle_midpoint,864.395263671875,608.2890014648438,0.9881350994110107,0.9886791110038757,2.1659693717956543,2.0062026977539062,2.1365143227120345,2.0690633625779387,0.0,0,two_ankles,accepted,2.1659693717956543,2.0062026977539062,0.08174486592425317
123,4.1,detected,3,1,0.9356956481933594,ankle_midpoint,614.3721923828125,892.631591796875,0.9803444147109985,0.9777153730392456,1.0718212127685547,11.064820289611816,1.0507398899563287,10.962815546858613,0.0,0,two_ankles,accepted,1.0718212127685547,11.064820289611816,0.12752987965290372
123,4.1,detected,4,3,0.9415449500083923,ankle_midpoint,1038.677734375,883.2388916015625,0.9857019186019897,0.9650362133979797,3.4804418087005615,10.817472457885742,3.4749757270482693,10.772008037635459,0.0,0,two_ankles,accepted,3.4804418087005615,10.817472457885742,0.08518868806559113
124,4.133333333333334,detected,1,2,0.9062958359718323,ankle_midpoint,868.93603515625,608.5733642578125,0.9869443774223328,0.9878782629966736,2.2061431407928467,2.019029140472412,2.1678472908484,2.0465479626304517,0.0,0,two_ankles,accepted,2.2061431407928467,2.019029140472412,0.04217166522975928
124,4.133333333333334,detected,3,1,0.930419385433197,ankle_midpoint,621.295654296875,899.226318359375,0.9840456247329712,0.98069167137146,1.1269023418426514,11.198224067687988,1.085012993305174,11.068749381231832,0.0,0,two_ankles,accepted,1.1269023418426514,11.198224067687988,0.14432774780018504
124,4.133333333333334,detected,4,3,0.9447325468063354,ankle_midpoint,1039.23291015625,885.495361328125,0.9864912033081055,0.9525607228279114,3.482489585876465,10.864896774291992,3.4783569635209575,10.813807969130899,0.0,0,two_ankles,accepted,3.482489585876465,10.864896774291992,0.04746850722281314
125,4.166666666666667,detected,1,2,0.9032992124557495,ankle_midpoint,870.7325439453125,608.2844848632812,0.9857242703437805,0.9872794151306152,2.2213687896728516,2.004448175430298,2.1919319653194034,2.0276030583903824,0.0,0,two_ankles,accepted,2.2213687896728516,2.004448175430298,0.02108138812736372
125,4.166666666666667,detected,3,1,0.9279511570930481,ankle_midpoint,619.8265380859375,904.0264892578125,0.9849590063095093,0.9877552390098572,1.1301344633102417,11.29475212097168,1.1053176548074544,11.170450614114763,0.0,0,two_ankles,accepted,1.1301344633102417,11.29475212097168,0.09658214990318048
125,4.166666666666667,detected,4,3,0.9453029632568359,ankle_midpoint,1037.9017333984375,886.0615844726562,0.9853444695472717,0.9492257833480835,3.474587917327881,10.876935005187988,3.476660892734073,10.84221513535659,0.0,0,two_ankles,accepted,3.474587917327881,10.876935005187988,0.014399839198997892
126,4.2,detected,1,2,0.900863528251648,ankle_midpoint,873.7581787109375,610.4962768554688,0.9872862696647644,0.9872473478317261,2.2513210773468018,2.1116392612457275,2.218657065731733,2.0654193496752877,0.0,0,two_ankles,accepted,2.2513210773468018,2.1116392612457275,0.11129720758039656
126,4.2,detected,3,1,0.9240244626998901,ankle_midpoint,619.494384765625,906.6608276367188,0.9952945113182068,0.9936854243278503,1.1345282793045044,11.347192764282227,1.118462435831127,11.249984581690121,0.0,0,two_ankles,accepted,1.1345282793045044,11.347192764282227,0.052624392536308136
126,4.2,detected,4,3,0.9365155696868896,ankle_midpoint,1039.796142578125,886.337158203125,0.9857248067855835,0.9420995712280273,3.4852874279022217,10.882475852966309,3.48054283355974,10.860332458280965,0.0,0,two_ankles,accepted,3.4852874279022217,10.882475852966309,0.012049087958553053
127,4.233333333333333,detected,1,2,0.9121559858322144,ankle_midpoint,875.6830444335938,610.5240478515625,0.972519040107727,0.9708079695701599,2.2681238651275635,2.1125261783599854,2.2409171254598568,2.0866174225834015,0.0,0,two_ankles,accepted,2.2681238651275635,2.1125261783599854,0.016826178983146433
127,4.233333333333333,detected,2,15,0.8666491508483887,ankle_midpoint,678.8912353515625,561.5267944335938,0.9586589336395264,0.9716557264328003,0.2979006767272949,-0.4571117162704468,0.2979006767272949,-0.4571117162704468,0.9578849996715021,0,two_ankles,accepted,0.2979006767272949,-0.4571117162704468,0.058703024250636136
127,4.233333333333333,detected,3,1,0.9207962155342102,ankle_midpoint,620.9520263671875,906.155517578125,0.992424726486206,0.9891630411148071,1.1414427757263184,11.336995124816895,1.1288035887839634,11.289139326097171,0.0,0,two_ankles,accepted,1.1414427757263184,11.336995124816895,0.01232079995098433
127,4.233333333333333,detected,4,3,0.9274395108222961,ankle_midpoint,1040.4886474609375,886.3793334960938,0.9950462579727173,0.9722680449485779,3.489226818084717,10.88327407836914,3.48445062659598,10.870656187320645,0.0,0,two_ankles,accepted,3.489226818084717,10.88327407836914,0.004019447574439213
128,4.266666666666667,detected,1,2,0.9134674072265625,ankle_midpoint,876.7171020507812,611.79248046875,0.9671411514282227,0.9655300378799438,2.279057502746582,2.173757791519165,2.258080295238883,2.1258305886044955,0.0,0,two_ankles,accepted,2.279057502746582,2.173757791519165,0.06220011962737246
128,4.266666666666667,detected,2,15,0.8809146881103516,ankle_midpoint,676.052001953125,561.7871704101562,0.986640989780426,0.9884875416755676,0.27224457263946533,-0.44098758697509766,0.28635542988777163,-0.4498558580875397,0.0,0,two_ankles,accepted,0.27224457263946533,-0.44098758697509766,0.030302198311321936
128,4.266666666666667,detected,3,1,0.9214501976966858,ankle_midpoint,620.6420288085938,906.3287353515625,0.9925345182418823,0.9898747205734253,1.1401265859603882,11.340469360351562,1.1338989375133546,11.312237841511648,0.0,0,two_ankles,accepted,1.1401265859603882,11.340469360351562,0.0037151942143431693
128,4.266666666666667,detected,4,3,0.9291361570358276,ankle_midpoint,1040.8839111328125,886.9329833984375,0.9939066767692566,0.9672732949256897,3.4912028312683105,10.89481258392334,3.487489118698529,10.881526565791859,0.0,0,two_ankles,accepted,3.4912028312683105,10.89481258392334,0.011706482756405637
129,4.3,detected,1,2,0.9051426649093628,ankle_midpoint,878.5904541015625,614.69970703125,0.9888167381286621,0.9870321750640869,2.2996296882629395,2.313114643096924,2.2767775220997084,2.2101084131260884,0.0,0,two_ankles,accepted,2.2996296882629395,2.313114643096924,0.14086712497451248
129,4.3,detected,2,15,0.8701806664466858,ankle_midpoint,674.8084716796875,561.5634765625,0.988160252571106,0.9926142692565918,0.2590235769748688,-0.45380154252052307,0.27405609607696535,-0.4516314160823822,0.0,0,two_ankles,accepted,0.2590235769748688,-0.45380154252052307,0.018411740359982803
129,4.3,detected,3,1,0.9246658086776733,ankle_midpoint,619.4007568359375,907.6077270507812,0.9968616962432861,0.9950839877128601,1.1362438201904297,11.36595630645752,1.1349541347180385,11.336411150737291,0.0,0,two_ankles,accepted,1.1362438201904297,11.36595630645752,0.025781006416203376
129,4.3,detected,4,3,0.9292393922805786,ankle_midpoint,1041.3079833984375,886.7635498046875,0.9862150549888611,0.9737136960029602,3.4937143325805664,10.891216278076172,3.4902904649454456,10.8858869363198,0.0,0,two_ankles,accepted,3.4937143325805664,10.891216278076172,0.004386462650911031
130,4.333333333333333,detected,1,2,0.9015379548072815,ankle_midpoint,881.5120849609375,615.153564453125,0.9868023991584778,0.9813815355300903,2.325514078140259,2.3341100215911865,2.2987089723179563,2.2659091369353828,0.0,0,two_ankles,accepted,2.325514078140259,2.3341100215911865,0.033328779717211675
130,4.333333333333333,detected,2,15,0.8723078966140747,ankle_midpoint,674.9752197265625,561.6951904296875,0.9846547842025757,0.98943030834198,0.2613973319530487,-0.44609585404396057,0.2683596522212029,-0.4491404131650925,0.0,0,two_ankles,accepted,0.2613973319530487,-0.44609585404396057,0.008063023477223796
130,4.333333333333333,detected,3,1,0.9198941588401794,ankle_midpoint,624.48828125,906.1646118164062,0.9982909560203552,0.9937329888343811,1.1611384153366089,11.336758613586426,1.1467370609963954,11.336567509019403,0.0,0,two_ankles,accepted,1.1611384153366089,11.336758613586426,0.0383698597402556
130,4.333333333333333,detected,4,3,0.928914487361908,ankle_midpoint,1042.759765625,884.0610961914062,0.9847666025161743,0.9668499827384949,3.503443717956543,10.834304809570312,3.49620942880044,10.86267497928253,0.0,0,two_ankles,accepted,3.503443717956543,10.834304809570312,0.05773713005759543
131,4.366666666666666,detected,1,2,0.9029492735862732,ankle_midpoint,882.7693481445312,614.730712890625,0.9849756360054016,0.9789196252822876,2.335773468017578,2.3136065006256104,2.3153879953827863,2.2873729505959854,0.0,0,two_ankles,accepted,2.335773468017578,2.3136065006256104,0.022927046313048354
131,4.366666666666666,detected,2,15,0.8729701042175293,ankle_midpoint,674.3236694335938,560.5907592773438,0.9843546152114868,0.9894903302192688,0.24861596524715424,-0.5110509395599365,0.259474993082881,-0.4770001500427723,0.0,0,two_ankles,accepted,0.24861596524715424,-0.5110509395599365,0.06620065308785326
131,4.366666666666666,detected,3,1,0.9235153794288635,ankle_midpoint,628.6893310546875,905.03076171875,0.9961255192756653,0.9869482517242432,1.1818954944610596,11.313721656799316,1.1625583560554944,11.326286875520365,0.0,0,two_ankles,accepted,1.1818954944610596,11.313721656799316,0.031008994046725396
131,4.366666666666666,detected,4,3,0.9267517328262329,ankle_midpoint,1041.78759765625,887.9647216796875,0.9743722081184387,0.9433866143226624,3.4958319664001465,10.916250228881836,3.496039570720308,10.88678384160222,0.0,0,two_ankles,accepted,3.4958319664001465,10.916250228881836,0.0822981804652916
132,4.4,detected,1,2,0.9024498462677002,ankle_midpoint,883.6478271484375,614.24609375,0.9872251152992249,0.9830668568611145,2.34268856048584,2.29020094871521,2.327673249679161,2.2886455497496367,0.0,0,two_ankles,accepted,2.34268856048584,2.29020094871521,0.0244057035152658
132,4.4,detected,2,15,0.8675329089164734,ankle_midpoint,676.6380615234375,558.064697265625,0.9746196866035461,0.9823065400123596,0.25585389137268066,-0.6618372201919556,0.2578454973132909,-0.5601768316099047,0.0,0,two_ankles,accepted,0.25585389137268066,-0.6618372201919556,0.15095989534123486
132,4.4,detected,3,1,0.924232006072998,ankle_midpoint,633.859619140625,905.5916748046875,0.9958738684654236,0.9865102171897888,1.2119778394699097,11.324270248413086,1.1847971235919814,11.325379393322091,0.0,0,two_ankles,accepted,1.2119778394699097,11.324270248413086,0.03187820989744527
132,4.4,detected,4,3,0.9312165379524231,ankle_midpoint,1049.6279296875,886.0860595703125,0.9868167042732239,0.9728833436965942,3.541670083999634,10.876007080078125,3.516573301696005,10.881934298916377,0.0,0,two_ankles,accepted,3.541670083999634,10.876007080078125,0.060997082313025835
133,4.433333333333334,detected,1,2,0.8906198740005493,ankle_midpoint,885.32666015625,612.719482421875,0.9885309934616089,0.9862017035484314,2.355116844177246,2.216447591781616,2.340022867203299,2.2561564686640274,0.0,0,two_ankles,accepted,2.355116844177246,2.216447591781616,0.07479318080205011
133,4.433333333333334,detected,2,15,0.8705072999000549,ankle_midpoint,679.465576171875,554.9404907226562,0.9778263568878174,0.9868309497833252,0.2645745575428009,-0.850562334060669,0.2608735744165704,-0.6908503077127487,0.0,0,two_ankles,accepted,0.2645745575428009,-0.850562334060669,0.18892648999864872
133,4.433333333333334,detected,3,1,0.9237942695617676,ankle_midpoint,637.8477172851562,905.0189208984375,0.996008038520813,0.9865534901618958,1.2328964471817017,11.312403678894043,1.2064418192073556,11.31954032182947,0.0,0,two_ankles,accepted,1.2328964471817017,11.312403678894043,0.02405002330040707
133,4.433333333333334,detected,4,3,0.9212628602981567,ankle_midpoint,1054.94482421875,885.433837890625,0.9875189661979675,0.9629276990890503,3.572495460510254,10.861671447753906,3.541738273162417,10.872816015893267,0.0,0,two_ankles,accepted,3.572495460510254,10.861671447753906,0.033995796668951236
134,4.466666666666667,detected,1,2,0.8905935883522034,ankle_midpoint,887.4686279296875,611.1721801757812,0.9641779065132141,0.9542679786682129,2.371617317199707,2.141150951385498,2.3542403697016825,2.2044039858886895,0.0,0,two_ankles,accepted,2.371617317199707,2.141150951385498,0.07708339422279804
134,4.466666666666667,detected,2,15,0.8802866339683533,ankle_midpoint,683.397216796875,556.7208251953125,0.972938060760498,0.9842233061790466,0.3132072985172272,-0.7442986965179443,0.28442375026186595,-0.7149020826750867,0.0,0,two_ankles,accepted,0.3132072985172272,-0.7442986965179443,0.11686361349238347
134,4.466666666666667,detected,3,1,0.9239256381988525,ankle_midpoint,639.0247802734375,904.9035034179688,0.9963794350624084,0.9878541827201843,1.2391964197158813,11.309966087341309,1.2211813894361923,11.315231916309799,0.0,0,two_ankles,accepted,1.2391964197158813,11.309966087341309,0.00675510965931571
134,4.466666666666667,detected,4,3,0.9210846424102783,ankle_midpoint,1056.5623779296875,887.3161010742188,0.9887942671775818,0.9602877497673035,3.580579996109009,10.900897979736328,3.5592170484883834,10.885452899622646,0.0,0,two_ankles,accepted,3.580579996109009,10.900897979736328,0.04005097411069425
135,4.5,detected,1,2,0.9042795300483704,ankle_midpoint,889.2487182617188,610.6990966796875,0.9741708040237427,0.9719263911247253,2.386476755142212,2.117770195007324,2.368746743149921,2.165418779992075,0.0,0,two_ankles,accepted,2.386476755142212,2.117770195007324,0.027703116517508817
135,4.5,detected,2,15,0.8826536536216736,ankle_midpoint,692.0589599609375,556.87451171875,0.9684720039367676,0.9746492505073547,0.39787206053733826,-0.7375465631484985,0.33547548988582854,-0.7250920988881221,0.0,0,two_ankles,accepted,0.39787206053733826,-0.7375465631484985,0.08493358130304425
135,4.5,detected,3,1,0.9297162294387817,ankle_midpoint,639.6346435546875,901.3208618164062,0.9936829805374146,0.9838363528251648,1.2345448732376099,11.238224983215332,1.2271949571468301,11.28057879641729,0.0,0,two_ankles,accepted,1.2345448732376099,11.238224983215332,0.07189174435116824
135,4.5,detected,4,3,0.9248706102371216,ankle_midpoint,1053.348388671875,891.0692138671875,0.9837566614151001,0.9459134340286255,3.5599679946899414,10.979351997375488,3.559554974279085,10.927707493611425,0.0,0,two_ankles,accepted,3.5599679946899414,10.979351997375488,0.08111650563371975
136,4.533333333333333,detected,1,2,0.8943739533424377,ankle_midpoint,891.4693603515625,613.38330078125,0.9911602139472961,0.9885271787643433,2.4092278480529785,2.2469334602355957,2.386963240356297,2.2021003861016597,0.0,0,two_ankles,accepted,2.4092278480529785,2.2469334602355957,0.13115167293276567
136,4.533333333333333,detected,2,15,0.8655177354812622,ankle_midpoint,705.2010498046875,558.3970947265625,0.9703523516654968,0.967603325843811,0.5331850647926331,-0.650128185749054,0.4244447985938906,-0.6913583379755415,0.0,0,two_ankles,accepted,0.5331850647926331,-0.650128185749054,0.16109494662386264
136,4.533333333333333,detected,3,1,0.9303474426269531,ankle_midpoint,639.104736328125,896.6068115234375,0.9941892623901367,0.9854028224945068,1.2208609580993652,11.143024444580078,1.2243446575754708,11.218679338090546,0.0,0,two_ankles,accepted,1.2208609580993652,11.143024444580078,0.09617895866536065
136,4.533333333333333,detected,4,3,0.9232987761497498,ankle_midpoint,1055.9329833984375,887.1007690429688,0.9940755367279053,0.978840708732605,3.577117681503296,10.896474838256836,3.5674581925299798,10.913652798701861,0.0,0,two_ankles,accepted,3.577117681503296,10.896474838256836,0.08463294430288104
137,4.566666666666666,detected,1,2,0.8850985169410706,ankle_midpoint,891.9896240234375,614.0731201171875,0.9900963306427002,0.9877053499221802,2.4146015644073486,2.279928207397461,2.39940048617927,2.23712290568477,0.0,0,two_ankles,accepted,2.4146015644073486,2.279928207397461,0.03342948051843819
137,4.566666666666666,detected,2,15,0.848010778427124,ankle_midpoint,714.3402099609375,562.5302734375,0.9805517196655273,0.9815211892127991,0.6425478458404541,-0.4080972969532013,0.5225911698548442,-0.5638908695154884,0.0,0,two_ankles,accepted,0.6425478458404541,-0.4080972969532013,0.2655921102175741
137,4.566666666666666,detected,3,1,0.9296033978462219,ankle_midpoint,638.150390625,895.0421752929688,0.9940484762191772,0.986026406288147,1.2118932008743286,11.111275672912598,1.2187415020599568,11.170347688760469,0.0,0,two_ankles,accepted,1.2118932008743286,11.111275672912598,0.032990986224134114
137,4.566666666666666,detected,4,3,0.9233653545379639,ankle_midpoint,1055.1097412109375,885.8638916015625,0.9938115477561951,0.9775424003601074,3.5731747150421143,10.870675086975098,3.5700306276604405,10.894312828424818,0.0,0,two_ankles,accepted,3.5731747150421143,10.870675086975098,0.02609931322302484
138,4.6,detected,1,2,0.8893388509750366,ankle_midpoint,892.4923095703125,614.0595092773438,0.9910308122634888,0.9900014400482178,2.4189326763153076,2.27915620803833,2.4081899717404873,2.256037891743872,0.0,0,two_ankles,accepted,2.4189326763153076,2.27915620803833,0.004399376475111283
138,4.6,detected,2,15,0.869451105594635,ankle_midpoint,727.4883422851562,562.101318359375,0.9797536730766296,0.9809020757675171,0.7661812901496887,-0.43698883056640625,0.6322067239875242,-0.5067849519884015,0.0,0,two_ankles,accepted,0.7661812901496887,-0.43698883056640625,0.12696436218989787
138,4.6,detected,3,1,0.9225994348526001,ankle_midpoint,634.9090576171875,895.4228515625,0.9938340187072754,0.9859868884086609,1.1944955587387085,11.119429588317871,1.207830827565395,11.1474345435613,0.0,0,two_ankles,accepted,1.1944955587387085,11.119429588317871,0.01921364849047312
138,4.6,detected,4,3,0.9234394431114197,ankle_midpoint,1054.9661865234375,884.79833984375,0.9950639605522156,0.9806078672409058,3.573009967803955,10.848316192626953,3.5713713307250226,10.87361434231578,0.0,0,two_ankles,accepted,3.573009967803955,10.848316192626953,0.022359501294169568
139,4.633333333333334,detected,1,2,0.8586483597755432,ankle_midpoint,894.160400390625,614.9027099609375,0.9798856377601624,0.9667056798934937,2.43438982963562,2.3191287517547607,2.419979907793297,2.2844287787487723,0.0,0,two_ankles,accepted,2.43438982963562,2.3191287517547607,0.04285706289434226
139,4.633333333333334,detected,2,15,0.8614431023597717,ankle_midpoint,737.4400024414062,566.3735961914062,0.9785096645355225,0.9769057035446167,0.8810805082321167,-0.19078470766544342,0.744199926897591,-0.36458484204307035,0.0,0,two_ankles,accepted,0.8810805082321167,-0.19078470766544342,0.27169523449885125
139,4.633333333333334,detected,3,1,0.9198814034461975,ankle_midpoint,631.2579345703125,900.176513671875,0.9936378598213196,0.9850360155105591,1.1850082874298096,11.21619987487793,1.1975606845043818,11.178378942653783,0.0,0,two_ankles,accepted,1.1850082874298096,11.21619987487793,0.09723423614038686
139,4.633333333333334,detected,4,3,0.9240403175354004,ankle_midpoint,1061.62939453125,884.59619140625,0.9958719611167908,0.9827060699462891,3.611335515975952,10.843242645263672,3.589355214087941,10.859947078642332,0.0,0,two_ankles,accepted,3.611335515975952,10.843242645263672,0.03865990850392078
140,4.666666666666667,detected,1,2,0.872382640838623,ankle_midpoint,893.4931640625,615.37109375,0.9800601005554199,0.9568636417388916,2.429201364517212,2.341655731201172,2.4241295633190587,2.3101809073523523,0.0,0,two_ankles,accepted,2.429201364517212,2.341655731201172,0.023116768227067732
140,4.666666666666667,detected,2,15,0.8765730857849121,ankle_midpoint,739.2584228515625,567.40771484375,0.973481297492981,0.9716792702674866,0.9029996991157532,-0.13167671859264374,0.815659824395764,-0.25977618649037837,0.0,0,two_ankles,accepted,0.9029996991157532,-0.13167671859264374,0.06304129837831307
140,4.666666666666667,detected,3,1,0.9211620092391968,ankle_midpoint,628.3187255859375,901.4954833984375,0.9959574341773987,0.9928780198097229,1.1716175079345703,11.24307918548584,1.1858862550479667,11.20749405192821,0.0,0,two_ankles,accepted,1.1716175079345703,11.24307918548584,0.03003015674695408
140,4.666666666666667,detected,4,3,0.910852313041687,ankle_midpoint,1066.6983642578125,882.9711303710938,0.9943324327468872,0.979966938495636,3.64154052734375,10.808354377746582,3.6128386050530557,10.836730363239244,0.0,0,two_ankles,accepted,3.64154052734375,10.808354377746582,0.046146873372665494
141,4.7,detected,1,2,0.8884296417236328,ankle_midpoint,890.1839599609375,613.7582397460938,0.9858278036117554,0.9799972772598267,2.3985776901245117,2.2652509212493896,2.4126312203815123,2.2899624136060193,0.0,0,two_ankles,accepted,2.3985776901245117,2.2652509212493896,0.08231345222427548
141,4.7,detected,2,15,0.8837464451789856,ankle_midpoint,740.052734375,568.390625,0.9850106835365295,0.9839839935302734,0.9149223566055298,-0.07547122240066528,0.8603279638901586,-0.17683895265000749,0.0,0,two_ankles,accepted,0.9149223566055298,-0.07547122240066528,0.057456135997863894
141,4.7,detected,3,1,0.9222963452339172,ankle_midpoint,625.3949584960938,902.9480590820312,0.9949211478233337,0.9902920126914978,1.1586698293685913,11.272542953491211,1.1736388634922479,11.236766057631561,0.0,0,two_ankles,accepted,1.1586698293685913,11.272542953491211,0.032183163382772696
141,4.7,detected,4,3,0.9128413200378418,ankle_midpoint,1068.666015625,887.0845336914062,0.9943681359291077,0.9901444911956787,3.649902820587158,10.894573211669922,3.6295175020434023,10.862759645033051,0.0,0,two_ankles,accepted,3.649902820587158,10.894573211669922,0.08662341064278875
142,4.733333333333333,detected,1,2,0.8874220252037048,ankle_midpoint,884.6922607421875,614.26513671875,0.9883880019187927,0.9827517867088318,2.351745367050171,2.290865182876587,2.3852325863824086,2.2903686597777746,0.0,0,two_ankles,accepted,2.351745367050171,2.290865182876587,0.053379367580048624
142,4.733333333333333,detected,2,15,0.8736268877983093,ankle_midpoint,739.5635375976562,568.44482421875,0.9813516736030579,0.9825127124786377,0.9105433225631714,-0.07223184406757355,0.8829248752930144,-0.12976575378791222,0.0,0,two_ankles,accepted,0.9105433225631714,-0.07223184406757355,0.005446972657269167
142,4.733333333333333,detected,3,1,0.9235548377037048,ankle_midpoint,624.2894287109375,900.5322265625,0.9857581853866577,0.9803897738456726,1.1467951536178589,11.224193572998047,1.1615591940487728,11.23110843954648,0.0,0,two_ankles,accepted,1.1467951536178589,11.224193572998047,0.04978624828461958
142,4.733333333333333,detected,4,3,0.9199145436286926,ankle_midpoint,1071.7490234375,892.7355346679688,0.989531397819519,0.9821449518203735,3.663408041000366,11.011543273925781,3.6447682445740366,10.929712278034781,0.0,0,two_ankles,accepted,3.663408041000366,11.011543273925781,0.11774712923272884
143,4.766666666666667,detected,1,2,0.897255539894104,ankle_midpoint,878.5941772460938,613.8903198242188,0.9921008944511414,0.9878996014595032,2.2984695434570312,2.274345636367798,2.346189217065989,2.2831582992432855,0.0,0,two_ankles,accepted,2.2984695434570312,2.274345636367798,0.05577821076713899
143,4.766666666666667,detected,2,15,0.874497652053833,ankle_midpoint,738.9548950195312,567.9964599609375,0.9808846712112427,0.980897843837738,0.9027783274650574,-0.09776841849088669,0.8918589287704338,-0.11536695290425074,0.0,0,two_ankles,accepted,0.9027783274650574,-0.09776841849088669,0.026691043107213805
143,4.766666666666667,detected,3,1,0.9247047305107117,ankle_midpoint,624.366455078125,899.027587890625,0.986880898475647,0.9825978875160217,1.143660306930542,11.193843841552734,1.153504694845569,11.214339370449295,0.0,0,two_ankles,accepted,1.143660306930542,11.193843841552734,0.030511202246971063
143,4.766666666666667,detected,4,3,0.9223157167434692,ankle_midpoint,1072.903564453125,892.9510498046875,0.9891468286514282,0.9830157160758972,3.6698033809661865,11.015846252441406,3.6560340559505047,10.968472566517764,0.0,0,two_ankles,accepted,3.6698033809661865,11.015846252441406,0.007708177306234521
144,4.8,detected,1,2,0.9095973968505859,ankle_midpoint,865.8145751953125,613.7113037109375,0.994053304195404,0.9920389652252197,2.1876113414764404,2.2687950134277344,2.2748291730506924,2.276694820626288,0.0,0,two_ankles,accepted,2.1876113414764404,2.2687950134277344,0.11099707366139086
144,4.8,detected,2,15,0.8750309944152832,ankle_midpoint,742.008056640625,566.74169921875,0.9655945897102356,0.9673040509223938,0.9260624051094055,-0.17080163955688477,0.9072504931229711,-0.14031256189793606,0.0,0,two_ankles,accepted,0.9260624051094055,-0.17080163955688477,0.0766550693106658
144,4.8,detected,3,1,0.9190834760665894,ankle_midpoint,626.5215454101562,898.6868896484375,0.9899404644966125,0.9864019751548767,1.1549510955810547,11.186700820922852,1.1541555751765378,11.201902023162397,0.0,0,two_ankles,accepted,1.1549510955810547,11.186700820922852,0.013360563314077657
144,4.8,detected,4,3,0.9237954616546631,ankle_midpoint,1072.73193359375,893.7091674804688,0.988349437713623,0.9814669489860535,3.66827654838562,11.031476974487305,3.661543177546307,10.996824550104058,0.0,0,two_ankles,accepted,3.66827654838562,11.031476974487305,0.01570511666321567
145,4.833333333333333,detected,1,2,0.9091071486473083,ankle_midpoint,856.8082275390625,613.8287353515625,0.9919999837875366,0.9893274307250977,2.109896421432495,2.276571273803711,2.200609434822504,2.2766392245561287,0.0,0,two_ankles,accepted,2.109896421432495,2.276571273803711,0.07810300264952556
145,4.833333333333333,detected,2,15,0.8763604164123535,ankle_midpoint,744.8284912109375,567.7450561523438,0.9676648378372192,0.9662237763404846,0.9572142362594604,-0.11382293701171875,0.9297341775343914,-0.12839223069913827,0.0,0,two_ankles,accepted,0.9572142362594604,-0.11382293701171875,0.06493850266007094
145,4.833333333333333,detected,3,1,0.9152423739433289,ankle_midpoint,630.936767578125,892.8624267578125,0.9959191679954529,0.9950950145721436,1.1660652160644531,11.067553520202637,1.1595149135760998,11.141445196830507,0.0,0,two_ankles,accepted,1.1660652160644531,11.067553520202637,0.11966454338287848
145,4.833333333333333,detected,4,3,0.9267749786376953,ankle_midpoint,1071.905029296875,892.8658447265625,0.9775667786598206,0.9717802405357361,3.664199113845825,11.01421070098877,3.6627383488810903,11.004648318002179,0.0,0,two_ankles,accepted,3.664199113845825,11.01421070098877,0.017741185782030752
146,4.866666666666666,detected,1,2,0.9081572890281677,ankle_midpoint,854.71826171875,614.2361450195312,0.990217387676239,0.9870302081108093,2.0925772190093994,2.2965946197509766,2.1519949377066068,2.28561915239381,0.0,0,two_ankles,accepted,2.0925772190093994,2.2965946197509766,0.02647431123742491
146,4.866666666666666,detected,2,15,0.8878065347671509,ankle_midpoint,746.0637817382812,568.7830810546875,0.9689945578575134,0.9667915105819702,0.9734225273132324,-0.05465889349579811,0.9493939349348699,-0.0952122289576352,0.0,0,two_ankles,accepted,0.9734225273132324,-0.05465889349579811,0.06134405223033065
146,4.866666666666666,detected,3,1,0.9201406836509705,ankle_midpoint,633.6915283203125,888.715087890625,0.9924610257148743,0.9907455444335938,1.1718653440475464,10.981707572937012,1.1650726072882507,11.069563266078434,0.0,0,two_ankles,accepted,1.1718653440475464,10.981707572937012,0.08604166517770753
146,4.866666666666666,detected,4,3,0.9240536689758301,ankle_midpoint,1072.0185546875,891.1553344726562,0.9822809100151062,0.9797043800354004,3.666086196899414,10.978861808776855,3.664244880489336,10.993044388850784,0.0,0,two_ankles,accepted,3.666086196899414,10.978861808776855,0.03539922687094537
147,4.9,detected,1,2,0.8942555785179138,ankle_midpoint,850.59228515625,615.0420532226562,0.9902300238609314,0.9867274165153503,2.0584683418273926,2.336109161376953,2.1099079695609606,2.3083396564362246,0.0,0,two_ankles,accepted,2.0584683418273926,2.336109161376953,0.052199755770772155
147,4.9,detected,2,15,0.8751450181007385,ankle_midpoint,751.5113525390625,567.0242309570312,0.9609084725379944,0.9576721787452698,1.0173689126968384,-0.15714316070079803,0.9799826749277558,-0.12308114824205849,0.0,0,two_ankles,accepted,1.0173689126968384,-0.15714316070079803,0.1115092364462704
147,4.9,detected,3,1,0.9338687062263489,ankle_midpoint,640.2720947265625,874.63916015625,0.991043210029602,0.9888917803764343,1.175984263420105,10.683966636657715,1.169982852547585,10.896044782839112,0.0,0,two_ankles,accepted,1.175984263420105,10.683966636657715,0.2977694252828352
147,4.9,detected,4,3,0.9226053357124329,ankle_midpoint,1072.313232421875,885.3863525390625,0.9940215945243835,0.9904875159263611,3.6720049381256104,10.858536720275879,3.6677369064256595,10.932515937992077,0.0,0,two_ankles,accepted,3.6720049381256104,10.858536720275879,0.12047057076510644
148,4.933333333333334,detected,1,2,0.9007899165153503,ankle_midpoint,845.833984375,614.01953125,0.9514279365539551,0.9407904744148254,2.015354633331299,2.28832745552063,2.0673589682576132,2.299334166024207,0.0,0,two_ankles,accepted,2.015354633331299,2.28832745552063,0.06435746479489649
148,4.933333333333334,detected,2,15,0.8596084713935852,ankle_midpoint,753.0694580078125,571.57080078125,0.963692307472229,0.9590455293655396,1.0512341260910034,0.10198462009429932,1.0120458279512174,-0.021801552490697478,0.0,0,two_ankles,accepted,1.0512341260910034,0.10198462009429932,0.2613313212342224
148,4.933333333333334,detected,3,1,0.9281030297279358,ankle_midpoint,647.5995483398438,863.31982421875,0.9940822720527649,0.9928457140922546,1.1913539171218872,10.436461448669434,1.179599831606021,10.689232282462758,0.0,0,two_ankles,accepted,1.1913539171218872,10.436461448669434,0.24798194356853312
148,4.933333333333334,detected,4,3,0.9265023469924927,ankle_midpoint,1072.5274658203125,874.416748046875,0.9834518432617188,0.9748069047927856,3.681488037109375,10.624931335449219,3.6739249152333318,10.794102866847792,0.0,0,two_ankles,accepted,3.681488037109375,10.624931335449219,0.23379778653004366
149,4.966666666666667,detected,1,2,0.8936740159988403,ankle_midpoint,843.5958251953125,615.8780517578125,0.9788020849227905,0.972307026386261,1.9997928142547607,2.3776121139526367,2.03695419895633,2.3345592425920003,0.0,0,two_ankles,accepted,1.9997928142547607,2.3776121139526367,0.090630681583507
149,4.966666666666667,detected,2,15,0.8598834276199341,ankle_midpoint,752.42822265625,571.68359375,0.9641251564025879,0.9591395854949951,1.045685052871704,0.10853692144155502,1.0271834791654364,0.03685076077881615,0.0,0,two_ankles,accepted,1.045685052871704,0.10853692144155502,0.008586318567255342
149,4.966666666666667,detected,3,1,0.9242659211158752,ankle_midpoint,650.508544921875,859.0406494140625,0.9947243332862854,0.9937456846237183,1.1981014013290405,10.340989112854004,1.1879255379813798,10.532522856138819,0.0,0,two_ankles,accepted,1.1981014013290405,10.340989112854004,0.09571047721738703
149,4.966666666666667,detected,4,3,0.9259071946144104,ankle_midpoint,1073.414794921875,868.00244140625,0.9832256436347961,0.975895345211029,3.6916184425354004,10.48520278930664,3.6818870025192627,10.655097831954276,0.0,0,two_ankles,accepted,3.6916184425354004,10.48520278930664,0.1400952951430355
150,5.0,detected,1,2,0.8855496048927307,ankle_midpoint,840.3931884765625,615.6498413085938,0.9594953656196594,0.9560734033584595,1.9717246294021606,2.367504596710205,2.0076008926569537,2.3493846519451926,0.0,0,two_ankles,accepted,1.9717246294021606,2.367504596710205,0.029832614798669298
150,5.0,detected,2,15,0.8297497034072876,ankle_midpoint,754.85009765625,574.0107421875,0.9802700281143188,0.9789884090423584,1.0779716968536377,0.23881007730960846,1.050038177125127,0.1277324532176727,0.0,0,two_ankles,accepted,1.0779716968536377,0.23881007730960846,0.13421446464311615
150,5.0,detected,3,1,0.9237260818481445,ankle_midpoint,652.6117553710938,856.63232421875,0.9950037598609924,0.9941917061805725,1.2046911716461182,10.286730766296387,1.1954700731305121,10.421916415709724,0.0,0,two_ankles,accepted,1.2046911716461182,10.286730766296387,0.054657051182791835
150,5.0,detected,4,3,0.9202645421028137,ankle_midpoint,1070.522705078125,855.8666381835938,0.9963909983634949,0.9940546154975891,3.68406081199646,10.215067863464355,3.682865216784002,10.457084346133811,0.0,0,two_ankles,accepted,3.68406081199646,10.215067863464355,0.2702406259968697
151,5.033333333333333,detected,1,2,0.8864439725875854,ankle_midpoint,838.337158203125,617.5835571289062,0.9735456705093384,0.9717749357223511,1.9580861330032349,2.4597489833831787,1.9853192508127804,2.3990486010922867,0.0,0,two_ankles,accepted,1.9580861330032349,2.4597489833831787,0.09324717398772248
151,5.033333333333333,detected,2,15,0.7805212140083313,ankle_midpoint,765.3564453125,575.74365234375,0.975980281829834,0.9652566313743591,1.1828323602676392,0.3326813280582428,1.1097955595392577,0.21995944689592928,0.0,0,two_ankles,accepted,1.1828323602676392,0.3326813280582428,0.14073937064211098
151,5.033333333333333,detected,3,1,0.927087128162384,ankle_midpoint,654.1611328125,857.568115234375,0.9935812950134277,0.9930287003517151,1.216121792793274,10.307547569274902,1.2047633469787549,10.370450434814055,0.0,0,two_ankles,accepted,1.216121792793274,10.307547569274902,0.023748650194403503
151,5.033333333333333,detected,4,3,0.9222257733345032,ankle_midpoint,1070.964111328125,852.4906005859375,0.9949446320533752,0.9899544715881348,3.689358949661255,10.138236999511719,3.6857873965787658,10.313603040153872,0.0,0,two_ankles,accepted,3.689358949661255,10.138236999511719,0.07701332299299707
152,5.066666666666666,detected,1,2,0.8970528841018677,ankle_midpoint,838.1427001953125,617.9788818359375,0.9561060667037964,0.9614471197128296,1.957248330116272,2.4784717559814453,1.9726873364993516,2.434789020792408,0.0,0,two_ankles,accepted,1.957248330116272,2.4784717559814453,0.018741508142190853
152,5.066666666666666,detected,2,15,0.8209479451179504,ankle_midpoint,767.7135009765625,577.3424072265625,0.9841050505638123,0.978632390499115,1.2108548879623413,0.4206717908382416,1.1552722573296454,0.31028000166996983,0.0,0,two_ankles,accepted,1.2108548879623413,0.4206717908382416,0.09234491647426349
152,5.066666666666666,detected,3,1,0.9256600141525269,ankle_midpoint,654.781982421875,857.75537109375,0.9922605156898499,0.9915044903755188,1.2202435731887817,10.311666488647461,1.211729448773267,10.343997659039088,0.0,0,two_ankles,accepted,1.2202435731887817,10.311666488647461,0.0058270550389052465
152,5.066666666666666,detected,4,3,0.9228156208992004,ankle_midpoint,1068.77099609375,852.55078125,0.9911256432533264,0.9736853837966919,3.67621111869812,10.139899253845215,3.6814780715324753,10.235436336314976,0.0,0,two_ankles,accepted,3.67621111869812,10.139899253845215,0.013252492162019633
153,5.1,detected,1,2,0.9047119617462158,ankle_midpoint,839.6693725585938,615.220703125,0.9574316143989563,0.9650557637214661,1.964585304260254,2.3472211360931396,1.9690414219917578,2.3953834726777377,0.0,0,two_ankles,accepted,1.964585304260254,2.3472211360931396,0.1314555301638313
153,5.1,detected,2,15,0.8632280826568604,ankle_midpoint,769.316162109375,578.805419921875,0.9789303541183472,0.9768067002296448,1.2312116622924805,0.5008425712585449,1.1894449895629213,0.39603315798482863,0.0,0,two_ankles,accepted,1.2312116622924805,0.5008425712585449,0.08271488556679932
153,5.1,detected,3,1,0.9270283579826355,ankle_midpoint,659.4830932617188,862.40869140625,0.9745726585388184,0.9788674116134644,1.2589870691299438,10.414775848388672,1.2329953779337717,10.375847844246401,0.0,0,two_ankles,accepted,1.2589870691299438,10.414775848388672,0.11014807553464244
153,5.1,detected,4,3,0.9161974787712097,ankle_midpoint,1068.81103515625,856.80419921875,0.9961931705474854,0.9872217774391174,3.6731584072113037,10.236492156982422,3.677734222587948,10.235911455615327,0.0,0,two_ankles,accepted,3.6731584072113037,10.236492156982422,0.09664112987696077
154,5.133333333333334,detected,1,2,0.8956098556518555,ankle_midpoint,842.41015625,614.4791870117188,0.981419563293457,0.9840490818023682,1.9867007732391357,2.3111491203308105,1.976988130053078,2.3574780141216207,0.0,0,two_ankles,accepted,1.9867007732391357,2.3111491203308105,0.04231175119648919
154,5.133333333333334,detected,2,15,0.8538926243782043,ankle_midpoint,767.1077880859375,579.0228271484375,0.9497585892677307,0.9410664439201355,1.2115999460220337,0.5133658647537231,1.199414719969522,0.4488328760308312,0.0,0,two_ankles,accepted,1.2115999460220337,0.5133658647537231,0.02326912750918865
154,5.133333333333334,detected,3,1,0.9158251881599426,ankle_midpoint,667.7767944335938,862.0814208984375,0.983880341053009,0.9816786646842957,1.306990385055542,10.40645694732666,1.2662931311385683,10.38962194063252,0.0,0,two_ankles,accepted,1.306990385055542,10.40645694732666,0.04871881007098105
154,5.133333333333334,detected,4,3,0.9113247990608215,ankle_midpoint,1070.99462890625,860.7129516601562,0.9802448749542236,0.9608915448188782,3.683070421218872,10.324045181274414,3.680135511971864,10.275571632161917,0.0,0,two_ankles,accepted,3.683070421218872,10.324045181274414,0.0881123151685416
155,5.166666666666667,detected,1,2,0.8906245231628418,ankle_midpoint,843.831787109375,613.1007690429688,0.9867679476737976,0.989494264125824,1.9961639642715454,2.244697093963623,1.9856172554513885,2.306726600050522,0.0,0,two_ankles,accepted,1.9961639642715454,2.244697093963623,0.06712245371573704
155,5.166666666666667,detected,2,15,0.8734541535377502,ankle_midpoint,766.5750732421875,579.568359375,0.9551951885223389,0.9522148370742798,1.2087360620498657,0.5434118509292603,1.2036093239056767,0.4913934147351243,0.0,0,two_ankles,accepted,1.2087360620498657,0.5434118509292603,0.030182165539712483
155,5.166666666666667,detected,3,1,0.9200567007064819,ankle_midpoint,669.9664916992188,860.674072265625,0.9820343255996704,0.9808658361434937,1.3166786432266235,10.374908447265625,1.2889666115781933,10.383000868617417,0.0,0,two_ankles,accepted,1.3166786432266235,10.374908447265625,0.03300257872486124
155,5.166666666666667,detected,4,3,0.9099560976028442,ankle_midpoint,1071.3927001953125,858.9892578125,0.9921042919158936,0.9824728965759277,3.6867735385894775,10.285367965698242,3.6831226239497905,10.279979982253263,0.0,0,two_ankles,accepted,3.6867735385894775,10.285367965698242,0.03885408708213529
156,5.2,detected,1,2,0.8883038759231567,ankle_midpoint,848.994873046875,609.3355712890625,0.9916751384735107,0.9933580756187439,2.0334317684173584,2.0610878467559814,2.007133786286075,2.196189161067979,0.0,0,two_ankles,accepted,2.0334317684173584,2.0610878467559814,0.18735326227746216
156,5.2,detected,2,15,0.8751548528671265,ankle_midpoint,765.2050170898438,579.53662109375,0.978215754032135,0.9772264957427979,1.1959588527679443,0.5420372486114502,1.200166611893697,0.514183139979471,0.0,0,two_ankles,accepted,1.1959588527679443,0.5420372486114502,0.012850938042265506
156,5.2,detected,3,1,0.9247217774391174,ankle_midpoint,674.0182495117188,858.1356811523438,0.9736783504486084,0.9595730900764465,1.334847092628479,10.317699432373047,1.309612828050822,10.35361522230745,0.0,0,two_ankles,accepted,1.334847092628479,10.317699432373047,0.06002469440694395
156,5.2,detected,4,3,0.9106338620185852,ankle_midpoint,1072.4393310546875,860.0169677734375,0.9892899394035339,0.979399561882019,3.6921591758728027,10.308282852172852,3.687189072315146,10.29271627371708,0.0,0,two_ankles,accepted,3.6921591758728027,10.308282852172852,0.023539267428953223
157,5.233333333333333,detected,1,2,0.8797953128814697,ankle_midpoint,854.4718017578125,608.1788330078125,0.9895187020301819,0.9921514987945557,2.0790066719055176,2.0032055377960205,2.039476584814824,2.1093465305955976,0.0,0,two_ankles,accepted,2.0790066719055176,2.0032055377960205,0.07367111726105012
157,5.233333333333333,detected,2,15,0.8824464082717896,ankle_midpoint,771.24951171875,576.6871337890625,0.979614794254303,0.9818096160888672,1.241226077079773,0.38347071409225464,1.2186433712274312,0.45536254833022366,0.0,0,two_ankles,accepted,1.241226077079773,0.38347071409225464,0.1649013870964239
157,5.233333333333333,detected,3,1,0.9310501217842102,ankle_midpoint,679.3837890625,854.72998046875,0.9773957133293152,0.9708606600761414,1.3589929342269897,10.24035930633545,1.3318338758300974,10.302650060120051,0.0,0,two_ankles,accepted,1.3589929342269897,10.24035930633545,0.08102170549927878
157,5.233333333333333,detected,4,3,0.9189714789390564,ankle_midpoint,1075.856201171875,854.5130615234375,0.9684002995491028,0.9555953741073608,3.716902494430542,10.183670043945312,3.700560112267074,10.243645470319786,0.0,0,two_ankles,accepted,3.716902494430542,10.183670043945312,0.12704559727752548
158,5.266666666666667,detected,1,2,0.8796754479408264,ankle_midpoint,858.5460815429688,606.497314453125,0.9881559610366821,0.9908718466758728,2.111522674560547,1.91954505443573,2.0718973252003994,2.0239358663236575,0.0,0,two_ankles,accepted,2.111522674560547,1.91954505443573,0.08975726658460205
158,5.266666666666667,detected,2,15,0.8633809089660645,ankle_midpoint,774.0048828125,575.921142578125,0.9762662649154663,0.9819015860557556,1.2640067338943481,0.3402261435985565,1.2390568844275438,0.4035511662009735,0.0,0,two_ankles,accepted,1.2640067338943481,0.3402261435985565,0.04887792141742402
158,5.266666666666667,detected,3,1,0.9258160591125488,ankle_midpoint,681.676513671875,854.8077392578125,0.9573222398757935,0.971640408039093,1.3727772235870361,10.241817474365234,1.35025838232072,10.275275396530384,0.0,0,two_ankles,accepted,1.3727772235870361,10.241817474365234,0.013861200783646976
158,5.266666666666667,detected,4,3,0.916111946105957,ankle_midpoint,1076.0556640625,855.5601806640625,0.9691854119300842,0.9572890400886536,3.7172224521636963,10.207404136657715,3.708058165220554,10.227336870171854,0.0,0,two_ankles,accepted,3.7172224521636963,10.207404136657715,0.023736249278938644
159,5.3,detected,1,2,0.8924046158790588,ankle_midpoint,868.254150390625,605.1898803710938,0.9629127383232117,0.9695789217948914,2.1944704055786133,1.8525221347808838,2.127055211370596,1.9467996871294095,0.0,0,two_ankles,accepted,2.1944704055786133,1.8525221347808838,0.10664144522701043
159,5.3,detected,2,15,0.8772991299629211,ankle_midpoint,777.279052734375,578.0736083984375,0.9839676022529602,0.9889451861381531,1.302262544631958,0.45846328139305115,1.2674994315195303,0.4282616180374085,0.0,0,two_ankles,accepted,1.302262544631958,0.45846328139305115,0.12427199124913922
159,5.3,detected,3,1,0.9220954775810242,ankle_midpoint,682.99658203125,852.7108764648438,0.9844081997871399,0.9887366890907288,1.3759799003601074,10.194125175476074,1.3618330654384443,10.238757797055946,0.0,0,two_ankles,accepted,1.3759799003601074,10.194125175476074,0.04779971246614102
159,5.3,detected,4,3,0.9153380990028381,ankle_midpoint,1075.139892578125,857.5572509765625,0.9941774606704712,0.9903961420059204,3.7101380825042725,10.252659797668457,3.7089941279982277,10.238732187545327,0.0,0,two_ankles,accepted,3.7101380825042725,10.252659797668457,0.045806802409582965
160,5.333333333333333,detected,1,2,0.8745997548103333,ankle_midpoint,874.4442138671875,611.826416015625,0.9740753173828125,0.9808191657066345,2.259368658065796,2.1759424209594727,2.178816251238306,1.8701184847472148,0.0,0,two_ankles,corrected_motion_outlier,2.242079744409951,1.7763970151689765,0.329867344075964
160,5.333333333333333,detected,2,15,0.8699817061424255,ankle_midpoint,787.0265502929688,577.0571899414062,0.9753121137619019,0.9869229197502136,1.3891205787658691,0.39973732829093933,1.322228947780383,0.41542568765149734,0.0,0,two_ankles,accepted,1.3891205787658691,0.39973732829093933,0.10484777375490195
160,5.333333333333333,detected,3,1,0.9268162250518799,ankle_midpoint,693.282470703125,849.730712890625,0.9877739548683167,0.9908348321914673,1.4308204650878906,10.124784469604492,1.3928773952806952,10.187469799702793,0.0,0,two_ankles,accepted,1.4308204650878906,10.124784469604492,0.08840600109965063
160,5.333333333333333,detected,4,3,0.9143961668014526,ankle_midpoint,1079.280517578125,848.8413696289062,0.9901784658432007,0.9757212400436401,3.7421932220458984,10.053387641906738,3.72393372031968,10.155327142007962,0.0,0,two_ankles,accepted,3.7421932220458984,10.053387641906738,0.20183390209019844
161,5.366666666666666,detected,1,2,0.8783952593803406,ankle_midpoint,878.308837890625,613.1409912109375,0.9839769601821899,0.9869043231010437,2.2948901653289795,2.2384161949157715,2.2310495125791094,2.0358524543230656,0.0,0,two_ankles,accepted,2.2948901653289795,2.2384161949157715,0.19937298826302272
161,5.366666666666666,detected,2,15,0.8685296177864075,ankle_midpoint,795.8882446289062,574.1689453125,0.9742631912231445,0.9864423274993896,1.46194589138031,0.2365810126066208,1.3851015724003504,0.3349455838813029,0.0,0,two_ankles,accepted,1.46194589138031,0.2365810126066208,0.17867151285269864
161,5.366666666666666,detected,3,1,0.9237291812896729,ankle_midpoint,699.8153686523438,847.9931640625,0.9900328516960144,0.9919929504394531,1.466204047203064,10.08403205871582,1.4258743886457612,10.140922816258655,0.0,0,two_ankles,accepted,1.466204047203064,10.08403205871582,0.05396996272502286
161,5.366666666666666,detected,4,3,0.9176486730575562,ankle_midpoint,1081.27392578125,842.79150390625,0.989840567111969,0.972486674785614,3.759549140930176,9.91248607635498,3.7399606595944035,10.04604866246412,0.0,0,two_ankles,accepted,3.759549140930176,9.91248607635498,0.14196647172925697
162,5.4,detected,1,2,0.8650467991828918,ankle_midpoint,884.4625854492188,613.27783203125,0.9810250401496887,0.9843118786811829,2.3483967781066895,2.2435314655303955,2.283855782066521,2.1293080093663646,0.0,0,two_ankles,accepted,2.3483967781066895,2.2435314655303955,0.053750568410060845
162,5.4,detected,2,15,0.8630915880203247,ankle_midpoint,807.235595703125,577.7488403320312,0.9737616777420044,0.9848237037658691,1.578942894935608,0.43256115913391113,1.4723301675412164,0.37887259274497664,0.0,0,two_ankles,accepted,1.578942894935608,0.43256115913391113,0.22824661371809346
162,5.4,detected,3,1,0.9160829186439514,ankle_midpoint,708.7438354492188,841.799072265625,0.9895663261413574,0.9933680891990662,1.506940245628357,9.939142227172852,1.4623540242879294,10.050121551170044,0.0,0,two_ankles,accepted,1.506940245628357,9.939142227172852,0.15050747870685596
162,5.4,detected,4,3,0.9135607481002808,ankle_midpoint,1087.954345703125,831.8192138671875,0.9954224228858948,0.9866042733192444,3.8105645179748535,9.650688171386719,3.771732395865606,9.86813644147929,0.0,0,two_ankles,accepted,3.8105645179748535,9.650688171386719,0.2667221620727862
163,5.433333333333334,detected,1,2,0.8908672332763672,ankle_midpoint,894.5504150390625,614.47265625,0.9866361021995544,0.9874803423881531,2.437237501144409,2.2984631061553955,2.3528775556515704,2.2054278029214287,0.0,0,two_ankles,accepted,2.437237501144409,2.2984631061553955,0.10445170755721983
163,5.433333333333334,detected,2,15,0.8664208650588989,ankle_midpoint,811.1174926757812,579.22998046875,0.9760484099388123,0.9810361862182617,1.6193394660949707,0.5130406022071838,1.5384843518904059,0.4392481970029699,0.0,0,two_ankles,accepted,1.6193394660949707,0.5130406022071838,0.09004900731722479
163,5.433333333333334,detected,3,1,0.9209138751029968,ankle_midpoint,718.7696533203125,835.927734375,0.9855314493179321,0.9916941523551941,1.5556882619857788,9.799375534057617,1.5043544312519617,9.937285843469454,0.0,0,two_ankles,accepted,1.5556882619857788,9.799375534057617,0.1480239764468972
163,5.433333333333334,detected,4,3,0.9134529232978821,ankle_midpoint,1095.507080078125,816.5894165039062,0.996609091758728,0.9893418550491333,3.873136281967163,9.274503707885742,3.8014236482732886,9.701896266753522,0.0,0,two_ankles,corrected_motion_outlier,3.837712956771566,9.498713830977582,0.38135282381100427
164,5.466666666666667,detected,1,2,0.8719475269317627,ankle_midpoint,897.9642333984375,613.4918823242188,0.9764490127563477,0.9782357215881348,2.4656102657318115,2.250605583190918,2.403607275187679,2.225757804042699,0.0,0,two_ankles,accepted,2.4656102657318115,2.250605583190918,0.055635926114585774
164,5.466666666666667,detected,2,15,0.858193039894104,ankle_midpoint,812.677001953125,579.2843627929688,0.989510178565979,0.991622269153595,1.6339234113693237,0.5156100392341614,1.581431928655919,0.4736110260070061,0.0,0,two_ankles,accepted,1.6339234113693237,0.5156100392341614,0.014808560578291436
164,5.466666666666667,detected,3,1,0.9183909893035889,ankle_midpoint,724.3677978515625,832.8104248046875,0.9872843027114868,0.9917123317718506,1.5835644006729126,9.724234580993652,1.5399989174913897,9.841412775355344,0.0,0,two_ankles,accepted,1.5835644006729126,9.724234580993652,0.08014513045385406
164,5.466666666666667,detected,4,3,0.9120444059371948,ankle_midpoint,1099.325439453125,813.7149658203125,0.9920742511749268,0.9799013137817383,3.900299310684204,9.201394081115723,3.8459176963582005,9.476670283216514,0.0,0,two_ankles,accepted,3.900299310684204,9.201394081115723,0.22908377974827904
165,5.5,detected,1,2,0.8736737370491028,ankle_midpoint,902.2188110351562,614.4017944335938,0.9847704172134399,0.989250898361206,2.5034477710723877,2.2932488918304443,2.448535498335798,2.2561287935471848,0.0,0,two_ankles,accepted,2.5034477710723877,2.2932488918304443,0.05700989898363296
165,5.5,detected,2,15,0.8561602830886841,ankle_midpoint,815.05615234375,578.6885986328125,0.9868849515914917,0.990040123462677,1.6542121171951294,0.4822535514831543,1.6141830134985637,0.4775001624712728,0.0,0,two_ankles,accepted,1.6542121171951294,0.4822535514831543,0.039042116479119905
165,5.5,detected,3,1,0.9195963144302368,ankle_midpoint,737.9716796875,826.6617431640625,0.9922614693641663,0.9943390488624573,1.6550302505493164,9.573810577392578,1.5917630173674568,9.720991786272101,0.0,0,two_ankles,accepted,1.6550302505493164,9.573810577392578,0.16653752897750307
165,5.5,detected,4,3,0.9152045845985413,ankle_midpoint,1099.2301025390625,809.74267578125,0.9955670237541199,0.9812349677085876,3.904198169708252,9.100174903869629,3.8721439093657235,9.307247362510417,0.0,0,two_ankles,accepted,3.904198169708252,9.100174903869629,0.10129423944166589
166,5.533333333333333,detected,1,2,0.8662405610084534,ankle_midpoint,909.947998046875,616.87841796875,0.9860458970069885,0.9871864318847656,2.5726449489593506,2.409496545791626,2.5043847511163966,2.3251442820571837,0.0,0,two_ankles,accepted,2.5726449489593506,2.409496545791626,0.13528402152138522
166,5.533333333333333,detected,2,15,0.8492775559425354,ankle_midpoint,817.3754272460938,579.9794921875,0.9863978028297424,0.9907383322715759,1.6793462038040161,0.5524465441703796,1.6435064491360174,0.5112260342358709,0.0,0,two_ankles,accepted,1.6793462038040161,0.5524465441703796,0.07455721649881981
166,5.533333333333333,detected,3,1,0.9177381992340088,ankle_midpoint,748.948486328125,823.9388427734375,0.990315854549408,0.9925238490104675,1.717703104019165,9.505703926086426,1.6484360563607257,9.62411224918855,0.0,0,two_ankles,accepted,1.717703104019165,9.505703926086426,0.09255486218557586
166,5.533333333333333,detected,4,3,0.9064046144485474,ankle_midpoint,1100.16357421875,807.6441040039062,0.9964433312416077,0.984257698059082,3.9125189781188965,9.046109199523926,3.8903126903046514,9.189735189166496,0.0,0,two_ankles,accepted,3.9125189781188965,9.046109199523926,0.05470225076725486
167,5.566666666666666,detected,1,2,0.7656980156898499,ankle_midpoint,911.72998046875,618.695556640625,0.9573871493339539,0.9575109481811523,2.589653730392456,2.4950218200683594,2.5427557917906234,2.401589174162213,0.0,0,two_ankles,accepted,2.589653730392456,2.4950218200683594,0.08720017881833517
167,5.566666666666666,detected,2,15,0.8740333914756775,ankle_midpoint,818.29296875,581.140869140625,0.9844703674316406,0.988290548324585,1.6910749673843384,0.6155955791473389,1.6649122823477618,0.5581923294460315,0.0,0,two_ankles,accepted,1.6910749673843384,0.6155955791473389,0.06422900056551023
167,5.566666666666666,detected,3,1,0.918077290058136,ankle_midpoint,752.3419189453125,821.9835205078125,0.9905720353126526,0.9925681352615356,1.7351468801498413,9.457108497619629,1.6874559270658278,9.548960560982536,0.0,0,two_ankles,accepted,1.7351468801498413,9.457108497619629,0.051631395425348746
167,5.566666666666666,detected,4,3,0.9009209871292114,ankle_midpoint,1099.3057861328125,807.01953125,0.9898524880409241,0.9688556790351868,3.9077916145324707,9.030121803283691,3.89817820620717,9.117909165519235,0.0,0,two_ankles,accepted,3.9077916145324707,9.030121803283691,0.016671676730926756
168,5.6,detected,1,2,0.8056567311286926,ankle_midpoint,913.69580078125,621.5556640625,0.9513253569602966,0.9585316777229309,2.609034538269043,2.6286606788635254,2.5725812277059124,2.5037713512778037,0.0,0,two_ankles,accepted,2.609034538269043,2.6286606788635254,0.13503688493898064
168,5.6,detected,2,15,0.8798112869262695,ankle_midpoint,822.5711669921875,582.332275390625,0.9747340679168701,0.9847636818885803,1.733727216720581,0.6791946291923523,1.6958790028155306,0.6126433643318758,0.0,0,two_ankles,accepted,1.733727216720581,0.6791946291923523,0.07657710845983372
168,5.6,detected,3,1,0.9180431962013245,ankle_midpoint,762.1229858398438,821.5906982421875,0.9911003708839417,0.9925411939620972,1.7951480150222778,9.446043968200684,1.7359173666462304,9.502648094230704,0.0,0,two_ankles,accepted,1.7951480150222778,9.446043968200684,0.06101278552273306
168,5.6,detected,4,3,0.8787721991539001,ankle_midpoint,1096.1605224609375,803.5484619140625,0.9921322464942932,0.9713720679283142,3.891721248626709,8.940530776977539,3.8952725752959627,9.038088890675471,0.0,0,two_ankles,accepted,3.891721248626709,8.940530776977539,0.09102092426983342
169,5.633333333333334,detected,1,2,0.7710639834403992,ankle_midpoint,917.425048828125,620.7753295898438,0.9631409645080566,0.9555396437644958,2.640213966369629,2.5913472175598145,2.6030159601045852,2.543180491104709,0.0,0,two_ankles,accepted,2.640213966369629,2.5913472175598145,0.04862562216715732
169,5.633333333333334,detected,2,15,0.8889077305793762,ankle_midpoint,827.267578125,578.2236328125,0.9810031652450562,0.9874088764190674,1.7660658359527588,0.45340314507484436,1.7274630777272835,0.5409852656662117,0.0,0,two_ankles,accepted,1.7660658359527588,0.45340314507484436,0.228095551455592
169,5.633333333333334,detected,3,1,0.9244078993797302,ankle_midpoint,773.6928100585938,819.6632080078125,0.9927406907081604,0.9942619800567627,1.8637977838516235,9.396675109863281,1.7934635543886572,9.454960251265366,0.0,0,two_ankles,accepted,1.8637977838516235,9.396675109863281,0.0845581157184874
169,5.633333333333334,detected,4,3,0.8859912753105164,ankle_midpoint,1081.60400390625,819.7137451171875,0.9920843839645386,0.9725866913795471,3.782984972000122,9.354687690734863,3.8940607071537485,8.95621369099683,0.0,0,two_ankles,corrected_motion_outlier,3.8925795349799315,8.85614400250071,0.4281933290788231
170,5.666666666666667,detected,1,2,0.8378976583480835,ankle_midpoint,916.6495361328125,616.9695434570312,0.9809009432792664,0.985428512096405,2.6303999423980713,2.4122414588928223,2.6153387521366542,2.4842579266093603,0.0,0,two_ankles,accepted,2.6303999423980713,2.4122414588928223,0.1793744347843169
170,5.666666666666667,detected,2,15,0.8706439137458801,ankle_midpoint,832.2806396484375,578.8881225585938,0.9732752442359924,0.983007550239563,1.8142430782318115,0.4886399507522583,1.7665140779543211,0.5174298739549327,0.0,0,two_ankles,accepted,1.8142430782318115,0.4886399507522583,0.059688182649184233
170,5.666666666666667,detected,3,1,0.9181507229804993,ankle_midpoint,781.5684204101562,821.1240234375,0.9800900220870972,0.9833283424377441,1.9151362180709839,9.431787490844727,1.8482162530457042,9.44453250907608,0.0,0,two_ankles,accepted,1.9151362180709839,9.431787490844727,0.06219738038118448
170,5.666666666666667,detected,4,3,0.8789011836051941,ankle_midpoint,1079.6826171875,821.16552734375,0.9917455315589905,0.9854639172554016,3.7696290016174316,9.391075134277344,3.838066439662406,9.151901340473062,0.0,0,two_ankles,accepted,3.7696290016174316,9.391075134277344,0.23339705154225301
171,5.7,detected,1,2,0.8510242104530334,ankle_midpoint,923.7997436523438,614.7584228515625,0.9836961030960083,0.984119176864624,2.6903181076049805,2.305198907852173,2.649079462097401,2.403681368168626,0.0,0,two_ankles,accepted,2.6903181076049805,2.305198907852173,0.12267148916945818
171,5.7,detected,2,15,0.852750837802887,ankle_midpoint,845.8223876953125,577.1976318359375,0.9690139889717102,0.9764660596847534,1.9357198476791382,0.39177820086479187,1.8426566743304889,0.46088662106436934,0.0,0,two_ankles,accepted,1.9357198476791382,0.39177820086479187,0.15536667630679707
171,5.7,detected,3,1,0.924705445766449,ankle_midpoint,792.9129638671875,822.956298828125,0.992377519607544,0.9936258792877197,1.9883350133895874,9.475431442260742,1.9112696952004518,9.458437029009179,0.0,0,two_ankles,accepted,1.9883350133895874,9.475431442260742,0.08522240392818278
171,5.7,detected,4,3,0.86350417137146,ankle_midpoint,1078.5181884765625,817.380859375,0.990628182888031,0.9911860823631287,3.7659077644348145,9.296784400939941,3.80559503580999,9.217098717683157,0.0,0,two_ankles,accepted,3.7659077644348145,9.296784400939941,0.09436413513339913
172,5.733333333333333,detected,1,2,0.8316178917884827,ankle_midpoint,929.6640625,622.0364990234375,0.9911261200904846,0.9911736845970154,2.745584011077881,2.647360324859619,2.6823079493316246,2.332534117409649,0.0,0,two_ankles,corrected_motion_outlier,2.7229205448401204,2.2455763664820108,0.34659595406643096
172,5.733333333333333,detected,2,15,0.8376694917678833,ankle_midpoint,859.1826171875,577.064453125,0.9763547778129578,0.9840309619903564,2.0595967769622803,0.38082677125930786,1.940279720514795,0.42485968865209167,0.0,0,two_ankles,accepted,2.0595967769622803,0.38082677125930786,0.1243600716428889
172,5.733333333333333,detected,3,1,0.9255661964416504,ankle_midpoint,799.5567016601562,822.7381591796875,0.989794135093689,0.9910842180252075,2.0292043685913086,9.469132423400879,1.9643402982263374,9.463249956485445,0.0,0,two_ankles,accepted,2.0292043685913086,9.469132423400879,0.04135192659600479
172,5.733333333333333,detected,4,3,0.8527514338493347,ankle_midpoint,1077.81640625,811.4006958007812,0.9834488034248352,0.9837049841880798,3.7671327590942383,9.1456298828125,3.7882870112879017,9.184937741991362,0.0,0,two_ankles,accepted,3.7671327590942383,9.1456298828125,0.1511594818800813
173,5.766666666666667,detected,1,2,0.8552588224411011,ankle_midpoint,932.9342041015625,627.3270263671875,0.9917277097702026,0.9918939471244812,2.7764477729797363,2.8905603885650635,2.7246708699732753,2.5836459394295854,0.054917198070628226,0,two_ankles,accepted,2.7764477729797363,2.8905603885650635,0.29583203949198744
173,5.766666666666667,detected,2,15,0.8540982604026794,ankle_midpoint,868.3292236328125,576.5491943359375,0.9755979776382446,0.9846895933151245,2.1436498165130615,0.34979894757270813,2.031796263714015,0.39108235516636913,0.0,0,two_ankles,accepted,2.1436498165130615,0.34979894757270813,0.08959709426344091
173,5.766666666666667,detected,3,1,0.9257592558860779,ankle_midpoint,803.5396728515625,823.2606811523438,0.9860507845878601,0.9866016507148743,2.0546252727508545,9.481443405151367,2.00496853676237,9.47143700838511,0.0,0,two_ankles,accepted,2.0546252727508545,9.481443405151367,0.02824504629045018
173,5.766666666666667,detected,4,3,0.8624045252799988,ankle_midpoint,1076.9739990234375,806.607177734375,0.9821693301200867,0.9820107817649841,3.7663509845733643,9.022700309753418,3.7784157992663596,9.111930897484289,0.0,0,two_ankles,accepted,3.7663509845733643,9.022700309753418,0.12293205889388527
174,5.8,detected,1,2,0.882262647151947,ankle_midpoint,942.9668579101562,630.3914794921875,0.9848350286483765,0.9868376851081848,2.8623833656311035,3.027435541152954,2.786641493019298,2.7833512602051016,0.0,0,two_ankles,accepted,2.8623833656311035,3.027435541152954,0.16161600626268444
174,5.8,detected,2,15,0.8750268816947937,ankle_midpoint,885.0057373046875,576.2679443359375,0.9818713665008545,0.9883019328117371,2.2984259128570557,0.32969582080841064,2.1517796058283833,0.36345841470528784,0.0,0,two_ankles,accepted,2.2984259128570557,0.32969582080841064,0.1560761855799493
174,5.8,detected,3,1,0.9253221750259399,ankle_midpoint,806.699951171875,823.4041748046875,0.9831117987632751,0.9825425148010254,2.074402093887329,9.48453426361084,2.0362136374686015,9.477330773236687,0.0,0,two_ankles,accepted,2.074402093887329,9.48453426361084,0.020016894371520336
174,5.8,detected,4,3,0.8359903693199158,ankle_midpoint,1076.447509765625,800.809814453125,0.988027811050415,0.9858017563819885,3.768545150756836,8.871755599975586,3.773974007437074,9.003852013605373,0.0,0,two_ankles,accepted,3.768545150756836,8.871755599975586,0.1509606563815706
175,5.833333333333333,detected,1,2,0.8863241672515869,ankle_midpoint,956.1005859375,635.7462158203125,0.9883694648742676,0.9935764670372009,2.9737062454223633,3.2639691829681396,2.8708206316006777,2.9996293254484687,0.0,0,two_ankles,accepted,2.9737062454223633,3.2639691829681396,0.26142101536673323
175,5.833333333333333,detected,2,15,0.8503570556640625,ankle_midpoint,901.0579833984375,572.6707763671875,0.9587602019309998,0.9730783700942993,2.443300485610962,0.12385053187608719,2.2829640017305435,0.2556348674321476,0.0,0,two_ankles,accepted,2.443300485610962,0.12385053187608719,0.2517159605711537
175,5.833333333333333,detected,3,1,0.9262349605560303,ankle_midpoint,811.16455078125,820.8652954101562,0.9899438619613647,0.9866309762001038,2.098691940307617,9.421241760253906,2.0643288737461587,9.452090717394437,0.0,0,two_ankles,accepted,2.098691940307617,9.421241760253906,0.06779334495589248
175,5.833333333333333,detected,4,3,0.8358080983161926,ankle_midpoint,1075.99169921875,799.0153198242188,0.9822024703025818,0.9806555509567261,3.7673511505126953,8.824579238891602,3.770993721821104,8.923179264984176,0.0,0,two_ankles,accepted,3.7673511505126953,8.824579238891602,0.047191468314828726
176,5.866666666666666,detected,1,2,0.8824365139007568,ankle_midpoint,957.4702758789062,636.9832763671875,0.9816871285438538,0.9882566332817078,2.9853079319000244,3.31833553314209,2.9223399167353836,3.1430471189105984,0.0,0,two_ankles,accepted,2.9853079319000244,3.31833553314209,0.05559045925662532
176,5.866666666666666,detected,2,15,0.8437135815620422,ankle_midpoint,907.361572265625,571.7828979492188,0.9330422878265381,0.9534632563591003,2.5014090538024902,0.07192908972501755,2.38126427516292,0.1729672674639391,0.0,0,two_ankles,accepted,2.5014090538024902,0.07192908972501755,0.07792587408759923
176,5.866666666666666,detected,3,1,0.9214130640029907,ankle_midpoint,813.59716796875,820.5648193359375,0.9919731616973877,0.9916272163391113,2.1134204864501953,9.413455963134766,2.086420099462975,9.434705077977586,0.0,0,two_ankles,accepted,2.1134204864501953,9.413455963134766,0.01665979316361615
176,5.866666666666666,detected,4,3,0.822426974773407,ankle_midpoint,1076.033447265625,795.3826904296875,0.9906492829322815,0.9827753901481628,3.7711403369903564,8.728206634521484,3.7710596986472673,8.835441581275965,0.0,0,two_ankles,accepted,3.7711403369903564,8.728206634521484,0.09644706738538825
177,5.9,detected,1,2,0.8628154993057251,ankle_midpoint,972.2213134765625,638.1465454101562,0.9780818223953247,0.9889982342720032,3.1076579093933105,3.366260290145874,3.005733013431451,3.2434930459664724,0.0,0,two_ankles,accepted,3.1076579093933105,3.366260290145874,0.13140129119030522
177,5.9,detected,2,15,0.8465664386749268,ankle_midpoint,917.2046508789062,571.9395751953125,0.9284060001373291,0.9534962177276611,2.5941221714019775,0.07811831682920456,2.477050328470496,0.13028523967830857,0.0,0,two_ankles,accepted,2.5941221714019775,0.07811831682920456,0.0929194743160096
177,5.9,detected,3,1,0.9231019616127014,ankle_midpoint,821.698974609375,819.93505859375,0.9892743229866028,0.9896923899650574,2.1630258560180664,9.39669418334961,2.1208926899127665,9.417600175394998,0.0,0,two_ankles,accepted,2.1630258560180664,9.39669418334961,0.052360767293185694
177,5.9,detected,4,3,0.8602068424224854,ankle_midpoint,1079.71630859375,791.5087890625,0.9821985363960266,0.9654059410095215,3.798837661743164,8.623796463012695,3.783559782040421,8.740201278057494,0.0,0,two_ankles,accepted,3.798837661743164,8.623796463012695,0.10802141321496048
178,5.933333333333334,detected,1,2,0.8493032455444336,ankle_midpoint,974.5885620117188,650.77001953125,0.9678195714950562,0.9847931861877441,3.126193046569824,3.907808303833008,3.0860949423248454,3.3386279314208887,0.0,0,two_ankles,corrected_motion_outlier,3.1843150776389937,3.454903902531841,0.5418651146167579
178,5.933333333333334,detected,2,15,0.8456672430038452,ankle_midpoint,927.5333862304688,575.3370361328125,0.9318596720695496,0.955157995223999,2.693915605545044,0.266376793384552,2.574639703154043,0.1915264388461181,0.0,0,two_ankles,accepted,2.693915605545044,0.266376793384552,0.21307271879104286
178,5.933333333333334,detected,3,1,0.920256495475769,ankle_midpoint,834.68310546875,821.032958984375,0.9920909404754639,0.9917209148406982,2.245102882385254,9.422102928161621,2.1767872765253857,9.41962641413998,0.0,0,two_ankles,accepted,2.245102882385254,9.422102928161621,0.08591997771299714
178,5.933333333333334,detected,4,3,0.8704835772514343,ankle_midpoint,1076.500244140625,781.569580078125,0.9952107071876526,0.9834213852882385,3.787938356399536,8.352518081665039,3.785530140502023,8.56574383968089,0.0,0,two_ankles,accepted,3.787938356399536,8.352518081665039,0.2714972468434589
179,5.966666666666667,detected,1,2,0.8361564874649048,ankle_midpoint,980.3536376953125,647.7715454101562,0.980006217956543,0.9932820796966553,3.173373222351074,3.7800114154815674,3.125370168336649,3.537250499248194,0.0,0,two_ankles,accepted,3.173373222351074,3.7800114154815674,0.2094686707324567
179,5.966666666666667,detected,2,15,0.8245217204093933,ankle_midpoint,933.783203125,577.93505859375,0.9284622073173523,0.9568904638290405,2.753995895385742,0.40904420614242554,2.6553499896583075,0.28940943412945647,0.0,0,two_ankles,accepted,2.753995895385742,0.40904420614242554,0.15480191177878833
179,5.966666666666667,detected,3,1,0.9205948114395142,ankle_midpoint,842.3768310546875,820.2173461914062,0.9929863810539246,0.9924984574317932,2.292060375213623,9.400803565979004,2.228660170935093,9.411156132467543,0.0,0,two_ankles,accepted,2.292060375213623,9.400803565979004,0.05156228235942085
179,5.966666666666667,detected,4,3,0.8722041249275208,ankle_midpoint,1077.490966796875,780.5426635742188,0.9953049421310425,0.9836632013320923,3.7955162525177,8.323845863342285,3.7900238909090778,8.456889750328518,0.0,0,two_ankles,accepted,3.7955162525177,8.323845863342285,0.029656712783539426
180,6.0,detected,1,2,0.8389477729797363,ankle_midpoint,977.4590454101562,644.498779296875,0.9667032361030579,0.9874714016914368,3.150221824645996,3.6409456729888916,3.1365534136758555,3.5839133274315085,0.0,0,two_ankles,accepted,3.150221824645996,3.6409456729888916,0.14097967211884807
180,6.0,detected,2,15,0.815298855304718,ankle_midpoint,942.1422119140625,583.4830322265625,0.9037196040153503,0.935590386390686,2.8343992233276367,0.7100739479064941,2.737919005584943,0.3758906294929263,0.0,0,two_ankles,corrected_motion_outlier,2.8388366917174968,0.48158986827050043,0.3115824137698944
180,6.0,detected,3,1,0.9178041815757751,ankle_midpoint,856.9872436523438,822.2335205078125,0.9927663803100586,0.9930765628814697,2.384901523590088,9.448673248291016,2.298968779629841,9.428038834588106,0.0,0,two_ankles,accepted,2.384901523590088,9.448673248291016,0.10445566196484367
180,6.0,detected,4,3,0.8973470330238342,ankle_midpoint,1078.60595703125,764.994873046875,0.9971365928649902,0.9844900965690613,3.819418430328369,7.88131856918335,3.7943742193749586,8.346654047513608,0.0,0,two_ankles,corrected_motion_outlier,3.7996912874999236,8.21192152185094,0.44317233688456
181,6.033333333333333,detected,1,2,0.8680318593978882,ankle_midpoint,988.763427734375,648.178955078125,0.9699710011482239,0.9873894453048706,3.2417209148406982,3.795480966567993,3.183878789200035,3.6791187650429267,0.0,0,two_ankles,accepted,3.2417209148406982,3.795480966567993,0.17959187194312928
181,6.033333333333333,detected,2,15,0.7627589702606201,ankle_midpoint,951.369873046875,578.3936767578125,0.9076303839683533,0.9395455121994019,2.917520046234131,0.42967504262924194,2.818739473877078,0.40009361540426835,0.0,0,two_ankles,accepted,2.917520046234131,0.42967504262924194,0.08241022285619717
181,6.033333333333333,detected,3,1,0.9289073348045349,ankle_midpoint,872.30615234375,828.4005126953125,0.9899154901504517,0.9898170232772827,2.4849703311920166,9.597570419311523,2.3826694778328203,9.504328047713646,0.0,0,two_ankles,accepted,2.4849703311920166,9.597570419311523,0.17939936954399305
181,6.033333333333333,detected,4,3,0.8995314240455627,ankle_midpoint,1080.413818359375,755.9954223632812,0.9969174861907959,0.983651876449585,3.8417043685913086,7.615606784820557,3.798645665773193,8.235658457294303,0.0,0,two_ankles,corrected_motion_outlier,3.8038663224821465,8.099997180359594,0.35487178473771913
182,6.066666666666666,detected,1,2,0.8782814741134644,ankle_midpoint,990.7010498046875,648.8446044921875,0.9789294600486755,0.990270733833313,3.2572743892669678,3.823241949081421,3.2169068092301547,3.7439741978602488,0.0,0,two_ankles,accepted,3.2572743892669678,3.823241949081421,0.03182110489658492
182,6.066666666666666,detected,2,15,0.8067114353179932,ankle_midpoint,956.9050903320312,581.5289306640625,0.9318537712097168,0.9603946208953857,2.969597101211548,0.6001327037811279,2.88662540617759,0.4901112051738552,0.0,0,two_ankles,accepted,2.969597101211548,0.6001327037811279,0.17823533291828558
182,6.066666666666666,detected,3,1,0.9233729839324951,ankle_midpoint,878.3792724609375,830.36376953125,0.9862408638000488,0.9848812818527222,2.523829460144043,9.644294738769531,2.446191469872871,9.567313058688795,0.0,0,two_ankles,accepted,2.523829460144043,9.644294738769531,0.06077165401504373
182,6.066666666666666,detected,4,3,0.8961310982704163,ankle_midpoint,1079.1131591796875,754.5966796875,0.9920228719711304,0.9749481678009033,3.83439040184021,7.5739240646362305,3.8147307970033504,7.937877980598171,0.0,0,two_ankles,accepted,3.83439040184021,7.5739240646362305,0.2503095647082879
183,6.1,detected,1,2,0.8804819583892822,ankle_midpoint,990.3895263671875,650.514404296875,0.9606379866600037,0.9833879470825195,3.254225015640259,3.893700361251831,3.2337000021147015,3.811350971386461,0.0,0,two_ankles,accepted,3.254225015640259,3.893700361251831,0.07052436830692403
183,6.1,detected,2,15,0.796064555644989,ankle_midpoint,961.0897216796875,582.1702880859375,0.9122837781906128,0.9565448760986328,3.008289337158203,0.6339341998100281,2.941374175118866,0.5548315527601331,0.0,0,two_ankles,accepted,3.008289337158203,0.6339341998100281,0.05137733212559207
183,6.1,detected,3,1,0.9288383722305298,ankle_midpoint,884.156005859375,833.8920288085938,0.991436779499054,0.9898792505264282,2.5617544651031494,9.728355407714844,2.4981948177264965,9.639782115750517,0.0,0,two_ankles,accepted,2.5617544651031494,9.728355407714844,0.0922198572146025
183,6.1,detected,4,3,0.8854638338088989,ankle_midpoint,1080.978515625,756.8985595703125,0.9936708211898804,0.9669377207756042,3.8445332050323486,7.642473220825195,3.8281418806164,7.804945838700332,0.0,0,two_ankles,accepted,3.8445332050323486,7.642473220825195,0.06929547799686178
184,6.133333333333334,detected,1,2,0.8477067947387695,ankle_midpoint,1001.158935546875,648.2081909179688,0.8482385277748108,0.8858291506767273,3.342559576034546,3.7940568923950195,3.2826868103786317,3.8035686358403122,0.0,0,two_ankles,accepted,3.342559576034546,3.7940568923950195,0.13316086304117408
184,6.133333333333334,detected,2,15,0.6884742379188538,ankle_midpoint,964.5535278320312,580.6921997070312,0.8476302027702332,0.9360558986663818,3.0400846004486084,0.5524337887763977,2.98579386651725,0.5537525589674521,0.0,0,two_ankles,accepted,3.0400846004486084,0.5524337887763977,0.0874828884202899
184,6.133333333333334,detected,3,1,0.9190689325332642,ankle_midpoint,885.6346435546875,836.265869140625,0.993242084980011,0.9931178092956543,2.5723986625671387,9.784796714782715,2.5315865479047854,9.705038685315007,0.0,0,two_ankles,accepted,2.5723986625671387,9.784796714782715,0.057436226226851905
184,6.133333333333334,detected,4,3,0.8943772912025452,ankle_midpoint,1085.027099609375,759.2769775390625,0.982644259929657,0.9698010087013245,3.8693671226501465,7.712469577789307,3.8466932395315863,7.763331521290372,0.0,0,two_ankles,accepted,3.8693671226501465,7.712469577789307,0.07427121550435853
185,6.166666666666667,detected,1,2,0.7982512712478638,ankle_midpoint,998.628662109375,646.890869140625,0.8140880465507507,0.8616393804550171,3.3225414752960205,3.7386398315429688,3.300621409591457,3.774350673906508,0.0,0,two_ankles,accepted,3.3225414752960205,3.7386398315429688,0.05892177009100839
185,6.166666666666667,detected,2,15,0.6716232895851135,ankle_midpoint,946.672119140625,580.0216064453125,0.8482921123504639,0.9291581511497498,2.874591827392578,0.5204602479934692,2.935752948911148,0.5387710190291599,0.0,0,two_ankles,accepted,2.874591827392578,0.5204602479934692,0.16855315257796968
185,6.166666666666667,detected,3,1,0.9217764139175415,ankle_midpoint,888.34814453125,837.7867431640625,0.9881392121315002,0.9889116287231445,2.589923143386841,9.82053279876709,2.5578380158717104,9.757011036368445,0.0,0,two_ankles,accepted,2.589923143386841,9.82053279876709,0.039801697533376784
185,6.166666666666667,detected,4,3,0.8976329565048218,ankle_midpoint,1080.1318359375,759.828369140625,0.9696104526519775,0.9543974995613098,3.835455894470215,7.729564666748047,3.841636434253969,7.748136436746326,0.0,0,two_ankles,accepted,3.835455894470215,7.729564666748047,0.03797648566124349
186,6.2,detected,1,2,0.5484610795974731,ankle_midpoint,1019.0396728515625,656.3781127929688,0.7023916244506836,0.8536293506622314,3.4822123050689697,4.131616115570068,3.321076411945575,3.7514571301911075,0.0,0,two_ankles,corrected_motion_outlier,3.3460769703783857,3.723476132316729,0.42417582874101845
186,6.2,detected,2,15,0.5242267847061157,ankle_midpoint,975.3609619140625,576.7001953125,0.8659269213676453,0.9386640787124634,3.140450954437256,0.32946154475212097,2.896976128828804,0.5308517404728259,0.0,0,two_ankles,corrected_motion_outlier,2.8495822376170503,0.5211726222373064,0.3273554338526164
186,6.2,detected,3,1,0.9312030673027039,ankle_midpoint,890.57080078125,838.1240844726562,0.9855303764343262,0.9848611354827881,2.6036524772644043,9.82822036743164,2.578454523498423,9.789055235346883,0.0,0,two_ankles,accepted,2.6036524772644043,9.82822036743164,0.015735098369371425
186,6.2,detected,4,3,0.8812136650085449,ankle_midpoint,1071.888427734375,760.5339965820312,0.9747686982154846,0.963787317276001,3.778710126876831,7.751717567443848,3.8133195959342574,7.749747945560211,0.0,0,two_ankles,accepted,3.778710126876831,7.751717567443848,0.06091660815410143
187,6.233333333333333,detected,1,2,0.6610518097877502,ankle_midpoint,1032.484375,667.6690673828125,0.83384770154953,0.8924619555473328,3.580167770385742,4.584941864013672,3.342917636027404,3.732042016495829,0.25156125448732547,0,two_ankles,corrected_motion_outlier,3.369612465460751,3.7083124330904886,0.4423229696968323
187,6.233333333333333,detected,2,15,0.6176020503044128,ankle_midpoint,994.2200317382812,578.9278564453125,0.8493963479995728,0.9384292960166931,3.3151121139526367,0.44770145416259766,3.0851373221345293,0.49343411163322326,0.0,0,two_ankles,accepted,3.3151121139526367,0.44770145416259766,0.22324424121949898
187,6.233333333333333,detected,3,1,0.9265276193618774,ankle_midpoint,899.109375,837.1348876953125,0.9932231903076172,0.9940897226333618,2.654998540878296,9.803619384765625,2.6128993313193662,9.795609102585317,0.0,0,two_ankles,accepted,2.654998540878296,9.803619384765625,0.056935284286419474
187,6.233333333333333,detected,4,3,0.8986262679100037,ankle_midpoint,1070.5721435546875,762.0046997070312,0.9801919460296631,0.9642260074615479,3.768275260925293,7.795198440551758,3.793049645180224,7.770200668306407,0.0,0,two_ankles,accepted,3.768275260925293,7.795198440551758,0.044715464368076885
188,6.266666666666667,detected,2,15,0.39226818084716797,ankle_midpoint,1001.7734375,588.2142333984375,0.8655053973197937,0.9426121115684509,3.379544258117676,0.9480014443397522,3.2160016460099405,0.467333030223583,0.0,0,two_ankles,corrected_motion_outlier,3.375946930746554,0.4354317085006893,0.5044319392871206
188,6.266666666666667,detected,3,1,0.9339976906776428,ankle_midpoint,906.5458984375,837.5076904296875,0.9925655126571655,0.9926974177360535,2.7004528045654297,9.811457633972168,2.652298394280095,9.8027409417094,0.0,0,two_ankles,accepted,2.7004528045654297,9.811457633972168,0.046125136725687445
188,6.266666666666667,detected,4,3,0.8994526267051697,ankle_midpoint,1070.454833984375,762.2155151367188,0.9767547249794006,0.9616037607192993,3.767266273498535,7.801403999328613,3.7814471279234643,7.7842421672664,0.0,0,two_ankles,accepted,3.767266273498535,7.801403999328613,0.00628705140430419
188,6.266666666666667,predicted,1,,,motion_prediction,,,,,,,3.3931479605431165,3.693148733864249,,1,,motion_prediction,3.3931479605431165,3.693148733864249,
189,6.3,detected,2,15,0.5265044569969177,ankle_midpoint,1025.78466796875,589.1077880859375,0.8104034662246704,0.8923451900482178,3.5973222255706787,0.9891694784164429,3.3153526916986795,0.44745604990042215,0.0,0,two_ankles,corrected_motion_outlier,3.436781747540471,0.42316196283878094,0.3052991026799909
189,6.3,detected,3,1,0.915244460105896,ankle_midpoint,920.7342529296875,834.0523681640625,0.992258608341217,0.9930686950683594,2.7854342460632324,9.727209091186523,2.712209527582507,9.768751608974107,0.0,0,two_ankles,accepted,2.7854342460632324,9.727209091186523,0.11966479164962869
189,6.3,detected,4,3,0.8920239210128784,ankle_midpoint,1068.6419677734375,758.906494140625,0.9696885347366333,0.9580745697021484,3.7583112716674805,7.704136848449707,3.771035992608272,7.748194773798888,0.0,0,two_ankles,accepted,3.7583112716674805,7.704136848449707,0.09767850683693985
189,6.3,predicted,1,,,motion_prediction,,,,,,,3.4166834556254817,3.677985034638009,,2,,motion_prediction,3.4166834556254817,3.677985034638009,
190,6.333333333333333,detected,2,15,0.27030014991760254,ankle_midpoint,1027.9893798828125,585.3480834960938,0.831062912940979,0.8974800705909729,3.621415138244629,0.7881147861480713,3.453080792644357,0.6007524812118643,0.0,0,two_ankles,accepted,3.621415138244629,0.7881147861480713,0.15264438675994355
190,6.333333333333333,detected,3,1,0.9263176918029785,ankle_midpoint,939.6316528320312,837.60791015625,0.9877403378486633,0.9920834302902222,2.901806354522705,9.809359550476074,2.7975280997055965,9.787025182649991,0.0,0,two_ankles,accepted,2.901806354522705,9.809359550476074,0.14244706240841687
190,6.333333333333333,detected,4,3,0.7791311740875244,ankle_midpoint,1055.5640869140625,747.97412109375,0.9140079617500305,0.943187952041626,3.679069757461548,7.377063751220703,3.7604281560119497,7.716575095888796,0.0,0,two_ankles,corrected_motion_outlier,3.7474630223942227,7.677928822887573,0.3365353302472453
190,6.333333333333333,predicted,1,,,motion_prediction,,,,,,,3.440218950707847,3.662821335411769,,3,,motion_prediction,3.440218950707847,3.662821335411769,
191,6.366666666666666,detected,1,2,0.5976132750511169,ankle_midpoint,1100.3232421875,676.5908203125,0.8376795649528503,0.9456256031990051,4.098453521728516,4.919589996337891,3.6829087845929043,4.266438607424757,0.7714973956359167,0,two_ankles,accepted,4.098453521728516,4.919589996337891,0.23550671112920515
191,6.366666666666666,detected,2,15,0.4130409061908722,ankle_midpoint,1029.438232421875,583.839111328125,0.9055094718933105,0.9433796405792236,3.6363701820373535,0.7064185738563538,3.535561017871206,0.6483022229018847,0.0,0,two_ankles,accepted,3.6363701820373535,0.7064185738563538,0.08305374427234265
191,6.366666666666666,detected,3,1,0.9230450987815857,ankle_midpoint,950.8419189453125,841.6436767578125,0.9829209446907043,0.9908456206321716,2.9706084728240967,9.903059005737305,2.875414267608922,9.839240403039282,0.0,0,two_ankles,accepted,2.9706084728240967,9.903059005737305,0.1162468038227719
191,6.366666666666666,detected,4,3,0.8465051054954529,ankle_midpoint,1053.0018310546875,747.5374755859375,0.9048466682434082,0.9314531087875366,3.6617350578308105,7.364114761352539,3.716016261830437,7.557967945347482,0.0,0,two_ankles,accepted,3.6617350578308105,7.364114761352539,0.17673566758929865
192,6.4,detected,1,2,0.6706956624984741,ankle_midpoint,1102.093017578125,688.3199462890625,0.8975091576576233,0.9689027667045593,4.092083930969238,5.361656188964844,3.8971557398343744,4.586921292237859,0.0,0,two_ankles,corrected_motion_outlier,4.159013129573949,4.978622351453872,0.44211207894620014
192,6.4,detected,2,15,0.37979656457901,ankle_midpoint,1041.1705322265625,583.20458984375,0.9192156791687012,0.9523540735244751,3.745044231414795,0.6689925789833069,3.629828463965821,0.6576128831385247,0.0,0,two_ankles,accepted,3.745044231414795,0.6689925789833069,0.11493804461677562
192,6.4,detected,3,1,0.921568751335144,ankle_midpoint,971.663330078125,849.6845703125,0.9540483951568604,0.9794963002204895,3.0964746475219727,10.087023735046387,2.974891438569795,9.95074290244248,0.0,0,two_ankles,accepted,3.0964746475219727,10.087023735046387,0.22290203131160571
192,6.4,detected,4,3,0.8657411336898804,ankle_midpoint,1049.468505859375,750.591552734375,0.84236741065979,0.9127030372619629,3.6347248554229736,7.457862854003906,3.6794351289470786,7.5129206542428735,0.0,0,two_ankles,accepted,3.6347248554229736,7.457862854003906,0.0975615493413345
193,6.433333333333334,detected,1,2,0.6578565239906311,ankle_midpoint,1108.02587890625,686.198486328125,0.9467536211013794,0.9849082231521606,4.140930652618408,5.28176736831665,4.0068544505871895,4.899602026473316,0.0,0,two_ankles,accepted,4.140930652618408,5.28176736831665,0.1823298901867697
193,6.433333333333334,detected,2,15,0.2286950647830963,ankle_midpoint,1046.3525390625,591.6144409179688,0.8430963754653931,0.9057022333145142,3.780888080596924,1.1159183979034424,3.7146349713635765,0.6545099850568294,0.0,0,two_ankles,corrected_motion_outlier,3.8182873692941666,0.6507175540680905,0.448360869324727
193,6.433333333333334,detected,3,1,0.9283557534217834,ankle_midpoint,986.95458984375,849.0250244140625,0.9668106436729431,0.9806089997291565,3.1881792545318604,10.069831848144531,3.0708709557527247,10.004332928008402,0.0,0,two_ankles,accepted,3.1881792545318604,10.069831848144531,0.0933021753341482
193,6.433333333333334,detected,4,3,0.8035470247268677,ankle_midpoint,1051.65283203125,759.634033203125,0.7126948237419128,0.8763104677200317,3.6421213150024414,7.728400707244873,3.6626439126719923,7.609886678093774,0.0,0,two_ankles,accepted,3.6421213150024414,7.728400707244873,0.2706389433369514
194,6.466666666666667,detected,1,2,0.7234094738960266,ankle_midpoint,1107.6385498046875,682.8204956054688,0.9351537823677063,0.9822731614112854,4.143960952758789,5.155299663543701,4.068552376564409,5.0146659631549895,0.0,0,two_ankles,accepted,4.143960952758789,5.155299663543701,0.12650400416381544
194,6.466666666666667,detected,3,1,0.9270889759063721,ankle_midpoint,993.5830078125,849.9198608398438,0.9844324588775635,0.9937325119972229,3.2277543544769287,10.089536666870117,3.141468485178617,10.042674610496174,0.0,0,two_ankles,accepted,3.2277543544769287,10.089536666870117,0.04420937023607498
194,6.466666666666667,detected,4,3,0.6999796628952026,ankle_midpoint,1058.4793701171875,761.6116943359375,0.5017675161361694,0.7762839198112488,3.6867306232452393,7.785590171813965,3.6734829324299536,7.688953250267861,0.0,0,two_ankles,accepted,3.6867306232452393,7.785590171813965,0.07253016778968843
194,6.466666666666667,predicted,2,,,motion_prediction,,,,,,,3.891530507173538,0.632442529152874,,1,,motion_prediction,3.891530507173538,0.632442529152874,
195,6.5,detected,1,2,0.8438078761100769,ankle_midpoint,1105.053466796875,679.453857421875,0.9777283668518066,0.991273820400238,4.130044937133789,5.028259754180908,4.096224028820631,5.020783169116653,0.0,0,two_ankles,accepted,4.130044937133789,5.028259754180908,0.12779982027288575
195,6.5,detected,3,1,0.9145985245704651,ankle_midpoint,1011.3553466796875,847.462890625,0.9947826266288757,0.9976896047592163,3.335038423538208,10.030552864074707,3.2285749574404328,10.037219824606515,0.0,0,two_ankles,accepted,3.335038423538208,10.030552864074707,0.12242941013724268
195,6.5,detected,4,3,0.5943491458892822,ankle_midpoint,1043.683837890625,760.1967163085938,0.3074536919593811,0.2873545289039612,3.5875468254089355,7.746297836303711,3.634811684270496,7.714758313983994,0.0,0,two_ankles,accepted,3.5875468254089355,7.746297836303711,0.10668323852922316
195,6.5,predicted,2,,,motion_prediction,,,,,,,3.96477364505291,0.6141675042376576,,2,,motion_prediction,3.96477364505291,0.6141675042376576,
196,6.533333333333333,detected,1,2,0.8066148161888123,ankle_midpoint,1107.1968994140625,674.1932983398438,0.97359699010849,0.9871689081192017,4.156121730804443,4.825615406036377,4.1231779947133465,4.932957675730529,0.0,0,two_ankles,accepted,4.156121730804443,4.825615406036377,0.2043152735432764
196,6.533333333333333,detected,3,1,0.8906217813491821,ankle_midpoint,1032.719482421875,846.0338134765625,0.9873225092887878,0.9916011691093445,3.46417236328125,9.994598388671875,3.3345937900688005,10.018040178435928,0.0,0,two_ankles,accepted,3.46417236328125,9.994598388671875,0.13404588279784074
196,6.533333333333333,detected,4,3,0.6989675760269165,ankle_midpoint,1012.063720703125,765.4281005859375,0.7445777654647827,0.45269331336021423,3.3706448078155518,7.90447473526001,3.5159365898657713,7.800130703558201,0.0,0,two_ankles,accepted,3.3706448078155518,7.90447473526001,0.268451888798555
196,6.533333333333333,predicted,2,,,motion_prediction,,,,,,,4.0380167829322815,0.5958924793224412,,3,,motion_prediction,4.0380167829322815,0.5958924793224412,
197,6.566666666666666,detected,1,2,0.7903764247894287,ankle_midpoint,1107.2364501953125,681.3675537109375,0.9435315728187561,0.9653611183166504,4.143463611602783,5.100508689880371,4.132306522313593,5.008355632097958,0.0,0,two_ankles,accepted,4.143463611602783,5.100508689880371,0.27518456621739923
197,6.566666666666666,detected,3,1,0.911449134349823,ankle_midpoint,1041.733642578125,846.2772216796875,0.9849528670310974,0.9904435276985168,3.5183215141296387,9.999049186706543,3.417271265896178,10.009494232157707,0.0,0,two_ankles,accepted,3.5183215141296387,9.999049186706543,0.054331759963643325
197,6.566666666666666,detected,4,3,0.8497226238250732,ankle_midpoint,1018.776123046875,764.2208251953125,0.9241113662719727,0.8156265616416931,3.416452646255493,7.868284702301025,3.471168815241146,7.830800002992472,0.0,0,two_ankles,accepted,3.416452646255493,7.868284702301025,0.058378733697401736
197,6.566666666666666,predicted,2,,,motion_prediction,,,,,,,4.111259920811653,0.5776174544072248,,4,,motion_prediction,4.111259920811653,0.5776174544072248,
198,6.6,detected,1,2,0.8428944945335388,ankle_midpoint,1112.0101318359375,676.1583251953125,0.9517667889595032,0.9696783423423767,4.18989372253418,4.900617599487305,4.158220762412857,4.959873517423164,0.0,0,two_ankles,accepted,4.18989372253418,4.900617599487305,0.2052125805588703
198,6.6,detected,3,1,0.9209222197532654,ankle_midpoint,1051.4600830078125,855.9711303710938,0.9854699373245239,0.9905795454978943,3.5706286430358887,10.219919204711914,3.486282085609048,10.104185469807101,0.0,0,two_ankles,accepted,3.5706286430358887,10.219919204711914,0.22697929550535662
198,6.6,detected,4,3,0.9087731838226318,ankle_midpoint,1024.6724853515625,761.5259399414062,0.9538626670837402,0.8902658820152283,3.4577407836914062,7.788481712341309,3.4651262010437636,7.811756772199449,0.0,0,two_ankles,accepted,3.4577407836914062,7.788481712341309,0.08985114077983378
198,6.6,predicted,2,,,motion_prediction,,,,,,,4.184503058691025,0.5593424294920084,,5,,motion_prediction,4.184503058691025,0.5593424294920084,
199,6.633333333333334,detected,1,2,0.8719046115875244,ankle_midpoint,1107.23193359375,661.094970703125,0.9745015501976013,0.9811375141143799,4.180900573730469,4.306035995483398,4.182152418301206,4.912645262828883,0.0,0,two_ankles,corrected_motion_outlier,4.211402219942521,4.854921840546983,0.59464961157413
199,6.633333333333334,detected,3,1,0.9199819564819336,ankle_midpoint,1071.0625,862.751220703125,0.9828445911407471,0.9885486364364624,3.681887626647949,10.369489669799805,3.5743045790765535,10.223572359803818,0.0,0,two_ankles,accepted,3.681887626647949,10.369489669799805,0.18641321160528473
199,6.633333333333334,detected,4,3,0.9048913717269897,ankle_midpoint,1029.229248046875,769.5145263671875,0.9548028111457825,0.9302534461021423,3.4838340282440186,8.01974105834961,3.4735447232838785,7.905349700967022,0.0,0,two_ankles,accepted,3.4838340282440186,8.01974105834961,0.23272675507442073
199,6.633333333333334,predicted,2,,,motion_prediction,,,,,,,4.257746196570396,0.541067404576792,,6,,motion_prediction,4.257746196570396,0.541067404576792,
200,6.666666666666667,detected,1,2,0.8539705276489258,ankle_midpoint,1106.6749267578125,666.8946533203125,0.9635260105133057,0.969576358795166,4.16552209854126,4.539093494415283,4.174668774409231,4.744546967042763,0.0,0,two_ankles,accepted,4.16552209854126,4.539093494415283,0.18117233136173022
200,6.666666666666667,detected,3,1,0.9251686930656433,ankle_midpoint,1077.7236328125,866.8099365234375,0.9824619889259338,0.9864928126335144,3.7178215980529785,10.458443641662598,3.638887237615945,10.329264436640269,0.0,0,two_ankles,accepted,3.7178215980529785,10.458443641662598,0.09593778927567607
200,6.666666666666667,detected,4,3,0.9089570045471191,ankle_midpoint,1026.003173828125,771.240478515625,0.9600577354431152,0.9389200806617737,3.4612698554992676,8.069658279418945,3.468021032780804,7.979288561270388,0.0,0,two_ankles,accepted,3.4612698554992676,8.069658279418945,0.05478020491874705
200,6.666666666666667,predicted,2,,,motion_prediction,,,,,,,4.330989334449768,0.5227923796615755,,7,,motion_prediction,4.330989334449768,0.5227923796615755,
201,6.7,detected,1,2,0.849026083946228,ankle_midpoint,1102.138671875,663.11572265625,0.9718254804611206,0.9807391166687012,4.136630058288574,4.388780117034912,4.157551352154935,4.584451884539231,0.0,0,two_ankles,accepted,4.136630058288574,4.388780117034912,0.15306489280516503
201,6.7,detected,2,15,0.5229540467262268,ankle_midpoint,1116.23779296875,594.6978759765625,0.6970556974411011,0.7887285947799683,4.405597686767578,1.2588696479797363,4.025568193295378,0.9264718333721376,0.10435352860374303,0,two_ankles,accepted,4.405597686767578,1.2588696479797363,0.09839990363755693
201,6.7,detected,3,1,0.9173890352249146,ankle_midpoint,1091.1650390625,864.408935546875,0.9783797264099121,0.9754600524902344,3.7988638877868652,10.403703689575195,3.7108767301928594,10.362762100460987,0.0,0,two_ankles,accepted,3.7988638877868652,10.403703689575195,0.09779731632229151
201,6.7,detected,4,3,0.9173749685287476,ankle_midpoint,1013.8516235351562,769.3253784179688,0.9713376760482788,0.9618241786956787,3.3809585571289062,8.016728401184082,3.42884291873745,7.996136489231551,0.0,0,two_ankles,accepted,3.3809585571289062,8.016728401184082,0.0961845967704323
202,6.733333333333333,detected,1,2,0.8416098952293396,ankle_midpoint,1098.9326171875,657.5619506835938,0.98052978515625,0.9868788123130798,4.121204853057861,4.16355562210083,4.141195427561252,4.395048566441951,0.0,0,two_ankles,accepted,4.121204853057861,4.16355562210083,0.225752098716096
202,6.733333333333333,detected,2,15,0.639198899269104,ankle_midpoint,1126.28369140625,590.6539306640625,0.7869909405708313,0.8170531392097473,4.507395267486572,1.0449541807174683,4.242390376681415,0.9797888896775364,0.0,0,two_ankles,accepted,4.507395267486572,1.0449541807174683,0.23690203581707484
202,6.733333333333333,detected,3,1,0.9156754612922668,ankle_midpoint,1102.7957763671875,866.68359375,0.9828926920890808,0.9865692853927612,3.864999532699585,10.452460289001465,3.7802319913208864,10.403126285304204,0.0,0,two_ankles,accepted,3.864999532699585,10.452460289001465,0.08216525735148072
202,6.733333333333333,detected,4,3,0.9143738150596619,ankle_midpoint,999.1092529296875,768.6595458984375,0.9886232614517212,0.9845243096351624,3.2824370861053467,7.999913215637207,3.3629602940530035,7.997836016114096,0.0,0,two_ankles,accepted,3.2824370861053467,7.999913215637207,0.09994613908311777
203,6.766666666666667,detected,1,2,0.8347508311271667,ankle_midpoint,1098.788330078125,653.130615234375,0.9900784492492676,0.991911768913269,4.128171920776367,3.9801831245422363,4.135334849508054,4.20835911758708,0.0,0,two_ankles,accepted,4.128171920776367,3.9801831245422363,0.1835048034615735
203,6.766666666666667,detected,2,15,0.7128205895423889,ankle_midpoint,1126.835693359375,591.926025390625,0.7926703691482544,0.8036943674087524,4.508806228637695,1.1116669178009033,4.362277510061741,1.0391340023330518,0.0,0,two_ankles,accepted,4.508806228637695,1.1116669178009033,0.06672765618942052
203,6.766666666666667,detected,3,1,0.9187049865722656,ankle_midpoint,1114.221923828125,867.03515625,0.9672539830207825,0.9713817238807678,3.931652307510376,10.458742141723633,3.848371133606157,10.428153420692947,0.0,0,two_ankles,accepted,3.931652307510376,10.458742141723633,0.06694814458669505
203,6.766666666666667,detected,4,3,0.9129465222358704,ankle_midpoint,991.3577880859375,769.79150390625,0.9910687208175659,0.9885939359664917,3.230236053466797,8.0336332321167,3.303234385789211,8.01394476331527,0.0,0,two_ankles,accepted,3.230236053466797,8.0336332321167,0.06214488973285066
204,6.8,detected,1,2,0.8625521659851074,ankle_midpoint,1090.9306640625,654.2071533203125,0.9728922843933105,0.9732834100723267,4.062861919403076,4.026662349700928,4.102722030960814,4.126595572038312,0.0,0,two_ankles,accepted,4.062861919403076,4.026662349700928,0.08016055545423575
204,6.8,detected,2,15,0.752665638923645,ankle_midpoint,1135.990966796875,588.3209228515625,0.8577890992164612,0.8862918615341187,4.602549076080322,0.9189534783363342,4.470399714770103,0.985052766534529,0.0,0,two_ankles,accepted,4.602549076080322,0.9189534783363342,0.21430396915809974
204,6.8,detected,3,1,0.929078221321106,ankle_midpoint,1127.267822265625,865.6656494140625,0.983623743057251,0.9866060614585876,4.009795188903809,10.42687702178955,3.9210119584901,10.42757904118642,0.0,0,two_ankles,accepted,4.009795188903809,10.42687702178955,0.08439014030608973
204,6.8,detected,4,3,0.9124475717544556,ankle_midpoint,978.6428833007812,771.107177734375,0.9923202395439148,0.9911413192749023,3.1450419425964355,8.073263168334961,3.2320477863524624,8.04063804557413,0.0,0,two_ankles,accepted,3.1450419425964355,8.073263168334961,0.09396046174670977
205,6.833333333333333,detected,1,2,0.8702162504196167,ankle_midpoint,1081.606201171875,658.5128173828125,0.9745425581932068,0.9719732403755188,3.9808990955352783,4.20615816116333,4.047901710019324,4.16239873714457,0.0,0,two_ankles,accepted,3.9808990955352783,4.20615816116333,0.1973237208977419
205,6.833333333333333,detected,2,15,0.7593603134155273,ankle_midpoint,1143.636474609375,593.1260986328125,0.9649555087089539,0.9585131406784058,4.657202243804932,1.170148253440857,4.554460852835776,1.0683457356423767,0.0,0,two_ankles,accepted,4.657202243804932,1.170148253440857,0.25707155381750435
205,6.833333333333333,detected,3,1,0.9307694435119629,ankle_midpoint,1143.431884765625,865.3350830078125,0.990267813205719,0.9901062846183777,4.105207920074463,10.417501449584961,4.003900141203063,10.423044124965763,0.0,0,two_ankles,accepted,4.105207920074463,10.417501449584961,0.09587226201361385
205,6.833333333333333,detected,4,3,0.9084681868553162,ankle_midpoint,965.6334838867188,778.0350341796875,0.9922194480895996,0.9904086589813232,3.0583925247192383,8.271078109741211,3.153902918617512,8.144336074449317,0.0,0,two_ankles,accepted,3.0583925247192383,8.271078109741211,0.21596034974507536
206,6.866666666666666,detected,1,2,0.8661701679229736,ankle_midpoint,1079.575439453125,660.0709228515625,0.9799304008483887,0.9782952666282654,3.962258815765381,4.270166397094727,4.00936240760505,4.21089418412214,0.0,0,two_ankles,accepted,3.962258815765381,4.270166397094727,0.0666671905583951
206,6.866666666666666,detected,2,15,0.7607910633087158,ankle_midpoint,1146.359619140625,594.0421142578125,0.9641851186752319,0.9602753520011902,4.678919315338135,1.2171761989593506,4.6104671609618375,1.135319444135015,0.0,0,two_ankles,accepted,4.678919315338135,1.2171761989593506,0.05180018200420408
206,6.866666666666666,detected,3,1,0.9301160573959351,ankle_midpoint,1151.547607421875,864.4614868164062,0.9905605912208557,0.9906181693077087,4.1541242599487305,10.397120475769043,4.071500994638614,10.411378482827239,0.0,0,two_ankles,accepted,4.1541242599487305,10.397120475769043,0.05299238058796749
206,6.866666666666666,detected,4,3,0.9126609563827515,ankle_midpoint,957.3583984375,781.8297119140625,0.9909562468528748,0.9885463714599609,3.0041112899780273,8.377927780151367,3.086496685729744,8.24945234201524,0.0,0,two_ankles,accepted,3.0041112899780273,8.377927780151367,0.11984700460082207
207,6.9,detected,1,2,0.8777700662612915,ankle_midpoint,1078.1612548828125,664.1607666015625,0.9871070981025696,0.987266480922699,3.944821357727051,4.43572998046875,3.9803189351599504,4.312070292478115,0.0,0,two_ankles,accepted,3.944821357727051,4.43572998046875,0.16647932328816611
207,6.9,detected,2,15,0.7806971669197083,ankle_midpoint,1147.18798828125,596.27734375,0.9677905440330505,0.9600474834442139,4.679357051849365,1.332698106765747,4.641467611861225,1.2241398423188445,0.0,0,two_ankles,accepted,4.679357051849365,1.332698106765747,0.11552273714071544
207,6.9,detected,3,1,0.9172486662864685,ankle_midpoint,1169.71875,865.8525390625,0.9938772320747375,0.9944104552268982,4.258975982666016,10.425572395324707,4.155864739250944,10.417765743451099,0.0,0,two_ankles,accepted,4.258975982666016,10.425572395324707,0.10864343276601872
207,6.9,detected,4,3,0.9209381937980652,ankle_midpoint,944.03759765625,788.1798706054688,0.9815099239349365,0.9743571281433105,2.9180266857147217,8.554057121276855,3.010685185722984,8.386524492682968,0.0,0,two_ankles,accepted,2.9180266857147217,8.554057121276855,0.19604107706414123
208,6.933333333333334,detected,1,2,0.8920376896858215,ankle_midpoint,1075.194091796875,662.854736328125,0.9831848740577698,0.9839280247688293,3.923229217529297,4.383820056915283,3.9546285622261568,4.344357686474841,0.0,0,two_ankles,accepted,3.923229217529297,4.383820056915283,0.05622153218871064
208,6.933333333333334,detected,2,15,0.8020038604736328,ankle_midpoint,1156.5540771484375,600.9052734375,0.9754324555397034,0.9671189785003662,4.7483391761779785,1.566797137260437,4.689559815803764,1.3783356250425611,0.0,0,two_ankles,accepted,4.7483391761779785,1.566797137260437,0.2440509978579109
208,6.933333333333334,detected,3,1,0.9141281247138977,ankle_midpoint,1188.58642578125,868.0029296875,0.9820953607559204,0.9784285426139832,4.366305828094482,10.470540046691895,4.250563229230536,10.441514179909458,0.0,0,two_ankles,accepted,4.366305828094482,10.470540046691895,0.11636917714403369
208,6.933333333333334,detected,4,3,0.9142966866493225,ankle_midpoint,937.282958984375,791.4793701171875,0.99289870262146,0.9891107678413391,2.8749935626983643,8.64428997039795,2.9496239553619055,8.50251895765471,0.0,0,two_ankles,accepted,2.8749935626983643,8.64428997039795,0.09996907890468443
209,6.966666666666667,detected,1,2,0.8939468860626221,ankle_midpoint,1075.3338623046875,662.6365356445312,0.9880010485649109,0.9888807535171509,3.9246580600738525,4.374993324279785,3.9411418362576196,4.358143723487066,0.0,0,two_ankles,accepted,3.9246580600738525,4.374993324279785,0.008941632962479426
209,6.966666666666667,detected,2,15,0.8489410281181335,ankle_midpoint,1157.706298828125,600.1107177734375,0.9810232520103455,0.9761308431625366,4.761186599731445,1.5262150764465332,4.721791868571222,1.4448813781743486,0.0,0,two_ankles,accepted,4.761186599731445,1.5262150764465332,0.04256712289861226
209,6.966666666666667,detected,3,1,0.9112193584442139,ankle_midpoint,1198.7640380859375,865.6055908203125,0.9875659942626953,0.9847196340560913,4.4300971031188965,10.416396141052246,4.3313534724802984,10.430211062423712,0.0,0,two_ankles,accepted,4.4300971031188965,10.416396141052246,0.08367131699187952
209,6.966666666666667,detected,4,3,0.9137627482414246,ankle_midpoint,933.8890991210938,793.011962890625,0.9927506446838379,0.989832878112793,2.8534841537475586,8.685953140258789,2.9063610446354495,8.585064339826546,0.0,0,two_ankles,accepted,2.8534841537475586,8.685953140258789,0.04688789178739211
210,7.0,detected,1,2,0.90638667345047,ankle_midpoint,1074.0555419921875,661.7950439453125,0.9889853000640869,0.989036500453949,3.9157278537750244,4.341266632080078,3.929705544140452,4.350549032353921,0.0,0,two_ankles,accepted,3.9157278537750244,4.341266632080078,0.03488894310914861
210,7.0,detected,2,15,0.7930716872215271,ankle_midpoint,1158.783935546875,598.0226440429688,0.9845660328865051,0.9767358303070068,4.777684688568115,1.4194529056549072,4.746943637569824,1.4334385655406,0.0,0,two_ankles,accepted,4.777684688568115,1.4194529056549072,0.10802938511073257
210,7.0,detected,3,1,0.9096065163612366,ankle_midpoint,1213.9942626953125,865.9503173828125,0.9922676682472229,0.9887840747833252,4.519010543823242,10.422065734863281,4.415799154584624,10.42654566502152,0.0,0,two_ankles,accepted,4.519010543823242,10.422065734863281,0.08909401905777585
210,7.0,detected,4,3,0.9130758047103882,ankle_midpoint,927.2685546875,799.5968017578125,0.9825732111930847,0.9808438420295715,2.813138723373413,8.861743927001953,2.864411000067533,8.70957015405548,0.0,0,two_ankles,accepted,2.813138723373413,8.861743927001953,0.1803611777957097
211,7.033333333333333,detected,1,2,0.9006286859512329,ankle_midpoint,1074.07275390625,660.6229858398438,0.9945847392082214,0.9954042434692383,3.9175689220428467,4.293755054473877,3.9242440641965297,4.324991742307901,0.0,0,two_ankles,accepted,3.9175689220428467,4.293755054473877,0.04754723481967021
211,7.033333333333333,detected,2,15,0.7248249053955078,ankle_midpoint,1165.0751953125,597.0115356445312,0.9902172088623047,0.9862344264984131,4.837462902069092,1.3659894466400146,4.787677306594495,1.4030864620353367,0.0,0,two_ankles,accepted,4.837462902069092,1.3659894466400146,0.08019835571385137
211,7.033333333333333,detected,3,1,0.9127301573753357,ankle_midpoint,1230.450927734375,869.7047119140625,0.9844605326652527,0.980492889881134,4.608382701873779,10.502534866333008,4.502461750864744,10.460740805611689,0.0,0,two_ankles,accepted,4.608382701873779,10.502534866333008,0.12026081553898728
211,7.033333333333333,detected,4,3,0.9255827069282532,ankle_midpoint,924.3067626953125,804.6337890625,0.9897276759147644,0.9851981997489929,2.7961552143096924,8.993729591369629,2.833695896476505,8.837441900846848,0.0,0,two_ankles,accepted,2.7961552143096924,8.993729591369629,0.13307387113439753
212,7.066666666666666,detected,1,2,0.9000953435897827,ankle_midpoint,1072.50146484375,658.6365966796875,0.9938908815383911,0.9950833320617676,3.9079110622406006,4.213122367858887,3.916894213316362,4.274650523805845,0.0,0,two_ankles,accepted,3.9079110622406006,4.213122367858887,0.08120901678207332
212,7.066666666666666,detected,2,15,0.7532467842102051,ankle_midpoint,1168.471923828125,596.9856567382812,0.9917452931404114,0.9858672022819519,4.868017673492432,1.363803744316101,4.823830471698567,1.3854092390616808,0.0,0,two_ankles,accepted,4.868017673492432,1.363803744316101,0.03063284758851691
212,7.066666666666666,detected,3,1,0.9105966687202454,ankle_midpoint,1236.7529296875,872.5819091796875,0.9934864044189453,0.9894542694091797,4.639524459838867,10.56448745727539,4.5641399699031,10.507426798860354,0.0,0,two_ankles,accepted,4.639524459838867,10.56448745727539,0.06933925737726304
212,7.066666666666666,detected,4,3,0.9217737913131714,ankle_midpoint,926.43359375,807.466064453125,0.9870833158493042,0.9808326959609985,2.8107452392578125,9.066588401794434,2.8233681007280937,8.940557826273263,0.0,0,two_ankles,accepted,2.8107452392578125,9.066588401794434,0.07430528301880288
213,7.1,detected,1,2,0.9031494855880737,ankle_midpoint,1067.5225830078125,655.3634643554688,0.9922581315040588,0.99368816614151,3.872636079788208,4.079538822174072,3.8969780532286933,4.186850258071548,0.0,0,two_ankles,accepted,3.872636079788208,4.079538822174072,0.1381625421912304
213,7.1,detected,2,15,0.7603462934494019,ankle_midpoint,1174.741943359375,595.9352416992188,0.9911013841629028,0.9823964834213257,4.928055286407471,1.3080917596817017,4.870731638317574,1.3506163733406902,0.0,0,two_ankles,accepted,4.928055286407471,1.3080917596817017,0.08190445773240686
213,7.1,detected,3,1,0.9218063354492188,ankle_midpoint,1250.791015625,877.9945068359375,0.9933556318283081,0.9935237169265747,4.710136890411377,10.679548263549805,4.629838584131825,10.584881457970608,0.0,0,two_ankles,accepted,4.710136890411377,10.679548263549805,0.13500038700639252
213,7.1,detected,4,3,0.9197454452514648,ankle_midpoint,921.8828735351562,812.5052490234375,0.993468165397644,0.9917407035827637,2.7839620113372803,9.19600772857666,2.8056353605022277,9.055510282309793,0.0,0,two_ankles,accepted,2.7839620113372803,9.19600772857666,0.1321616564764831
214,7.133333333333334,detected,1,2,0.8896863460540771,ankle_midpoint,1065.0616455078125,651.2603759765625,0.9885265827178955,0.9909788370132446,3.858457565307617,3.9091055393218994,3.8796438336642094,4.061865134634207,0.0,0,two_ankles,accepted,3.858457565307617,3.9091055393218994,0.1710220283374194
214,7.133333333333334,detected,2,15,0.7972747087478638,ankle_midpoint,1182.69677734375,592.6517333984375,0.9924309849739075,0.9840973019599915,5.011996746063232,1.13539719581604,4.934300936803121,1.2537677434545977,0.0,0,two_ankles,accepted,5.011996746063232,1.13539719581604,0.19201453340278946
214,7.133333333333334,detected,3,1,0.9310054779052734,ankle_midpoint,1265.3955078125,879.5159301757812,0.98581463098526,0.9870789051055908,4.791409969329834,10.710282325744629,4.702545707470929,10.641311848468918,0.0,0,two_ankles,accepted,4.791409969329834,10.710282325744629,0.08689013716113624
214,7.133333333333334,detected,4,3,0.9140161275863647,ankle_midpoint,914.3497314453125,815.685302734375,0.9941096305847168,0.9930073022842407,2.7380409240722656,9.277419090270996,2.775217864108745,9.155369245892334,0.0,0,two_ankles,accepted,2.7380409240722656,9.277419090270996,0.0934695462090572
215,7.166666666666667,detected,1,2,0.8936233520507812,ankle_midpoint,1063.295654296875,648.7982177734375,0.9880735278129578,0.9910927414894104,3.8474979400634766,3.8057057857513428,3.8651781815438797,3.9465934276369183,0.0,0,two_ankles,accepted,3.8474979400634766,3.8057057857513428,0.10397895183133866
215,7.166666666666667,detected,2,15,0.8023760318756104,ankle_midpoint,1186.722412109375,592.1033325195312,0.9890271425247192,0.9761402606964111,5.0505523681640625,1.1056444644927979,4.986614080915545,1.1871122679217878,0.0,0,two_ankles,accepted,5.0505523681640625,1.1056444644927979,0.048700729119542485
215,7.166666666666667,detected,3,1,0.9326379299163818,ankle_midpoint,1264.952880859375,880.2665405273438,0.973479688167572,0.9755213856697083,4.78723669052124,10.726354598999023,4.740656649843569,10.679581086207467,0.0,0,two_ankles,accepted,4.78723669052124,10.726354598999023,0.016605246868932225
215,7.166666666666667,detected,4,3,0.9187190532684326,ankle_midpoint,911.0338134765625,815.3667602539062,0.993736982345581,0.9918522238731384,2.717104911804199,9.26987361907959,2.7490670355716995,9.2068962138266,0.0,0,two_ankles,accepted,2.717104911804199,9.26987361907959,0.022254229826910856
216,7.2,detected,1,2,0.8886139392852783,ankle_midpoint,1056.47998046875,645.523193359375,0.9908607006072998,0.9932886958122253,3.7962307929992676,3.667731761932373,3.8341518566988047,3.8211056780698733,0.0,0,two_ankles,accepted,3.7962307929992676,3.667731761932373,0.14719086798066264
216,7.2,detected,2,15,0.7768940329551697,ankle_midpoint,1190.4127197265625,590.9520263671875,0.9941370487213135,0.9793564081192017,5.088547706604004,1.044189453125,5.032484212475351,1.1227970012632333,0.0,0,two_ankles,accepted,5.088547706604004,1.044189453125,0.07225208761954116
216,7.2,detected,3,1,0.9237717986106873,ankle_midpoint,1268.4263916015625,882.8990478515625,0.9900451302528381,0.990212619304657,4.801584720611572,10.781862258911133,4.76807428168917,10.725607613924117,0.0,0,two_ankles,accepted,4.801584720611572,10.781862258911133,0.057332070225934346
216,7.2,detected,4,3,0.9189363718032837,ankle_midpoint,904.8250732421875,819.537841796875,0.99458247423172,0.9927188158035278,2.6804614067077637,9.375151634216309,2.7181945025829286,9.28261115300197,0.0,0,two_ankles,accepted,2.6804614067077637,9.375151634216309,0.11147289776837992
217,7.233333333333333,detected,1,2,0.9043660163879395,ankle_midpoint,1054.6463623046875,642.2242431640625,0.9913232326507568,0.9936087131500244,3.785388469696045,3.52601957321167,3.812208332547563,3.6883169308836825,0.0,0,two_ankles,accepted,3.785388469696045,3.52601957321167,0.1421263536668122
217,7.233333333333333,detected,2,15,0.7888266444206238,ankle_midpoint,1192.2431640625,592.2713623046875,0.9934948086738586,0.9706549644470215,5.099890232086182,1.1130406856536865,5.062816921300225,1.1184066592389375,0.0,0,two_ankles,accepted,5.099890232086182,1.1130406856536865,0.06977925984870513
217,7.233333333333333,detected,3,1,0.9217504858970642,ankle_midpoint,1268.9476318359375,884.2838134765625,0.9891579151153564,0.9902887344360352,4.801591873168945,10.811076164245605,4.783157197855069,10.764068461568787,0.0,0,two_ankles,accepted,4.801591873168945,10.811076164245605,0.029213906210067267
217,7.233333333333333,detected,4,3,0.9178480505943298,ankle_midpoint,896.9432373046875,821.88134765625,0.9938229322433472,0.9902729392051697,2.632760524749756,9.4343900680542,2.679749212558001,9.350911664775474,0.0,0,two_ankles,accepted,2.632760524749756,9.4343900680542,0.07605633558841722
218,7.266666666666667,detected,1,2,0.9029688835144043,ankle_midpoint,1053.23583984375,640.2413940429688,0.9910176992416382,0.9935061931610107,3.7762627601623535,3.440101385116577,3.796032824974219,3.576619935288485,0.0,0,two_ankles,accepted,3.7762627601623535,3.440101385116577,0.08640146769608169
218,7.266666666666667,detected,2,15,0.682535707950592,ankle_midpoint,1193.845703125,592.4639892578125,0.9921442270278931,0.9677820205688477,5.11362886428833,1.1227221488952637,5.085682295644872,1.1203486295842842,0.0,0,two_ankles,accepted,5.11362886428833,1.1227221488952637,0.016807163510953283
218,7.266666666666667,detected,3,1,0.9230086207389832,ankle_midpoint,1269.7900390625,883.883056640625,0.9814354777336121,0.9843981862068176,4.8072991371154785,10.802509307861328,4.794021070522254,10.78136684240043,0.0,0,two_ankles,accepted,4.8072991371154785,10.802509307861328,0.010293876338106614
218,7.266666666666667,detected,4,3,0.9168171882629395,ankle_midpoint,892.833984375,822.18603515625,0.9944906234741211,0.9930117726325989,2.607426643371582,9.442495346069336,2.647204056424113,9.392124321357713,0.0,0,two_ankles,accepted,2.607426643371582,9.442495346069336,0.02659889240900909
219,7.3,detected,1,2,0.9047687649726868,ankle_midpoint,1050.9920654296875,639.4073486328125,0.9925341606140137,0.9948599338531494,3.7587547302246094,3.4041426181793213,3.779257682336895,3.499005142589361,0.0,0,two_ankles,accepted,3.7587547302246094,3.4041426181793213,0.039994550028082956
219,7.3,detected,2,15,0.728127658367157,ankle_midpoint,1197.7257080078125,594.7117919921875,0.9618331789970398,0.8918395638465881,5.139614105224609,1.238929271697998,5.109951609955754,1.1737099185354554,0.0,0,two_ankles,accepted,5.139614105224609,1.238929271697998,0.11907698407587536
219,7.3,detected,3,1,0.9231133460998535,ankle_midpoint,1267.9149169921875,883.0059204101562,0.9845454692840576,0.986748993396759,4.798410892486572,10.784189224243164,4.795996490406198,10.782636914229663,0.0,0,two_ankles,accepted,4.798410892486572,10.784189224243164,0.02036237599986318
219,7.3,detected,4,3,0.9165247082710266,ankle_midpoint,881.4120483398438,823.1728515625,0.9932894110679626,0.9922353625297546,2.537226438522339,9.468433380126953,2.597714128368315,9.426463397803872,0.0,0,two_ankles,accepted,2.537226438522339,9.468433380126953,0.07483882930437791
220,7.333333333333333,detected,1,2,0.9023475646972656,ankle_midpoint,1051.8291015625,639.8701171875,0.9921485185623169,0.9947308301925659,3.7651047706604004,3.4241974353790283,3.772888872082472,3.465341674344711,0.0,0,two_ankles,accepted,3.7651047706604004,3.4241974353790283,0.02103612859938458
220,7.333333333333333,detected,2,15,0.6896357536315918,ankle_midpoint,1199.39501953125,593.5618896484375,0.9845615029335022,0.9474763870239258,5.159358501434326,1.1786787509918213,5.132184711121112,1.17594589314082,0.0,0,two_ankles,accepted,5.159358501434326,1.1786787509918213,0.06340320517964146
220,7.333333333333333,detected,3,1,0.9233527183532715,ankle_midpoint,1263.232177734375,885.0133056640625,0.9853121638298035,0.9867866039276123,4.767215728759766,10.827163696289062,4.7830451476653035,10.802673966156393,0.0,0,two_ankles,accepted,4.767215728759766,10.827163696289062,0.05310314009139176
220,7.333333333333333,detected,4,3,0.9181729555130005,ankle_midpoint,876.3148193359375,830.74658203125,0.9940268993377686,0.989738404750824,2.5114431381225586,9.653822898864746,2.5588921827577247,9.528775173281266,0.0,0,two_ankles,accepted,2.5114431381225586,9.653822898864746,0.18717385564585615
221,7.366666666666666,detected,1,2,0.9040253162384033,ankle_midpoint,1053.0694580078125,640.250244140625,0.9919180274009705,0.994554877281189,3.7748777866363525,3.4405243396759033,3.7737838836317183,3.4541738737437475,0.0,0,two_ankles,accepted,3.7748777866363525,3.4405243396759033,0.019028390504336704
221,7.366666666666666,detected,2,15,0.6950255632400513,ankle_midpoint,1199.287353515625,594.53564453125,0.9932877421379089,0.9693617224693298,5.154407024383545,1.2293860912322998,5.142184752089207,1.199993982281986,0.0,0,two_ankles,accepted,5.154407024383545,1.2293860912322998,0.05094851792984822
221,7.366666666666666,detected,3,1,0.9229697585105896,ankle_midpoint,1260.9921875,884.9254760742188,0.9850887656211853,0.9856217503547668,4.754543304443359,10.825589179992676,4.770219318215428,10.81298581238272,0.0,0,two_ankles,accepted,4.754543304443359,10.825589179992676,0.012769864510739014
221,7.366666666666666,detected,4,3,0.9190455079078674,ankle_midpoint,871.22509765625,835.6260375976562,0.9925014972686768,0.9886426329612732,2.4840970039367676,9.77152156829834,2.5252343522882943,9.638011051038951,0.0,0,two_ankles,accepted,2.4840970039367676,9.77152156829834,0.12083371980265138
222,7.4,detected,1,2,0.8990822434425354,ankle_midpoint,1054.765625,640.368408203125,0.9908632040023804,0.9938610792160034,3.78873348236084,3.4453067779541016,3.7805112030598234,3.450183680638407,0.0,0,two_ankles,accepted,3.78873348236084,3.4453067779541016,0.014657831350317533
222,7.4,detected,2,15,0.709267795085907,ankle_midpoint,1199.4208984375,591.3563232421875,0.9941434264183044,0.9893155097961426,5.168665885925293,1.0631598234176636,5.1541012623154465,1.138418610793041,0.0,0,two_ankles,accepted,5.168665885925293,1.0631598234176636,0.16683670832298841
222,7.4,detected,3,1,0.9214970469474792,ankle_midpoint,1256.52490234375,884.3466796875,0.9850585460662842,0.9869875907897949,4.730097770690918,10.813937187194824,4.752164621829399,10.813413931048167,0.0,0,two_ankles,accepted,4.730097770690918,10.813937187194824,0.027080492178004015
222,7.4,detected,4,3,0.9191983938217163,ankle_midpoint,863.0232543945312,842.4461059570312,0.9945580959320068,0.9932891726493835,2.4398934841156006,9.93362808227539,2.486830961610582,9.771038715095349,0.0,0,two_ankles,accepted,2.4398934841156006,9.93362808227539,0.16802521548378405
223,7.433333333333334,detected,1,2,0.9007998108863831,ankle_midpoint,1057.014404296875,640.4052124023438,0.986236035823822,0.989601194858551,3.8072521686553955,3.4464175701141357,3.792544637577831,3.448488930902485,0.0,0,two_ankles,accepted,3.8072521686553955,3.4464175701141357,0.018551970280780344
223,7.433333333333334,detected,2,15,0.7805348038673401,ankle_midpoint,1201.464111328125,589.648681640625,0.9924646615982056,0.9880451560020447,5.1943464279174805,0.9725038409233093,5.172211586836362,1.0637569643516618,0.0,0,two_ankles,accepted,5.1943464279174805,0.9725038409233093,0.09422312560634555
223,7.433333333333334,detected,3,1,0.9245564341545105,ankle_midpoint,1254.067626953125,885.132568359375,0.9675617814064026,0.9691812992095947,4.71437406539917,10.830805778503418,4.735158871435797,10.82124026240303,0.0,0,two_ankles,accepted,4.71437406539917,10.830805778503418,0.023060448409302672
223,7.433333333333334,detected,4,3,0.9151526093482971,ankle_midpoint,855.7979736328125,844.723388671875,0.9936366081237793,0.991945207118988,2.3982832431793213,9.987704277038574,2.446984488316515,9.868538217969801,0.0,0,two_ankles,accepted,2.3982832431793213,9.987704277038574,0.06823230166747256
224,7.466666666666667,detected,1,2,0.899851381778717,ankle_midpoint,1056.70556640625,639.2911376953125,0.9922612309455872,0.9939316511154175,3.8061609268188477,3.397794008255005,3.798671967736289,3.4256762157111194,0.0,0,two_ankles,accepted,3.8061609268188477,3.397794008255005,0.04863580549980187
224,7.466666666666667,detected,2,15,0.7959803938865662,ankle_midpoint,1201.516357421875,589.6016845703125,0.9915613532066345,0.9873363375663757,5.195019245147705,0.9700011610984802,5.182475033076466,1.0215668528877302,0.0,0,two_ankles,accepted,5.195019245147705,0.9700011610984802,0.0025915418829132856
224,7.466666666666667,detected,3,1,0.9273852109909058,ankle_midpoint,1249.99462890625,886.2075805664062,0.9863141775131226,0.987193763256073,4.688838005065918,10.853914260864258,4.714314481569351,10.835943561710582,0.0,0,two_ankles,accepted,4.688838005065918,10.853914260864258,0.03443969126407393
224,7.466666666666667,detected,4,3,0.9181706309318542,ankle_midpoint,853.20068359375,846.9193115234375,0.993601381778717,0.9919644594192505,2.3846445083618164,10.038959503173828,2.4189314973369003,9.945227796311613,0.0,0,two_ankles,accepted,2.3846445083618164,10.038959503173828,0.053038790461305156
225,7.5,detected,1,2,0.8966125845909119,ankle_midpoint,1056.1776123046875,637.7647094726562,0.9929344654083252,0.9932323694229126,3.8037893772125244,3.330878496170044,3.800974802000595,3.383017241917636,0.0,0,two_ankles,accepted,3.8037893772125244,3.330878496170044,0.0669575238873706
225,7.5,detected,2,15,0.8575189709663391,ankle_midpoint,1202.992431640625,579.7379760742188,0.9942505359649658,0.9925414323806763,5.250968933105469,0.43669235706329346,5.193539657188507,0.9800206031573206,0.0,0,two_ankles,corrected_motion_outlier,5.207063086658778,0.92924185348682,0.5362356273542559
225,7.5,detected,3,1,0.9279241561889648,ankle_midpoint,1246.34912109375,889.5703125,0.9891469478607178,0.9886305332183838,4.661302089691162,10.924683570861816,4.690458905224166,10.875876565828637,0.0,0,two_ankles,accepted,4.661302089691162,10.924683570861816,0.07593761829986678
225,7.5,detected,4,3,0.914706826210022,ankle_midpoint,848.6956787109375,849.4338989257812,0.9916954636573792,0.9894087314605713,2.3599586486816406,10.097492218017578,2.3923937154420334,10.013746786079299,0.0,0,two_ankles,accepted,2.3599586486816406,10.097492218017578,0.06352535222357354
226,7.533333333333333,detected,1,2,0.900847852230072,ankle_midpoint,1057.49072265625,635.552978515625,0.9885426759719849,0.9896551370620728,3.8176379203796387,3.2327992916107178,3.8084732052711647,3.3154191642795228,0.0,0,two_ankles,accepted,3.8176379203796387,3.2327992916107178,0.09905206971508256
226,7.533333333333333,detected,2,15,0.8370091915130615,ankle_midpoint,1204.2298583984375,567.277587890625,0.9966359734535217,0.992194414138794,5.3189496994018555,-0.2680850327014923,5.2050449291301115,0.9388284773803484,0.5108691324959705,0,two_ankles,corrected_motion_outlier,5.21910692816985,0.8884825458751598,0.6221366772602591
226,7.533333333333333,detected,3,1,0.9328830242156982,ankle_midpoint,1245.8392333984375,891.9134521484375,0.9904140830039978,0.9883721470832825,4.653802394866943,10.973397254943848,4.673963475563417,10.919760875930482,0.0,0,two_ankles,accepted,4.653802394866943,10.973397254943848,0.04928760938917973
226,7.533333333333333,detected,4,3,0.9189584255218506,ankle_midpoint,845.49169921875,855.6744995117188,0.990856409072876,0.9882264733314514,2.346755266189575,10.240058898925781,2.3718564132784272,10.115587236860216,0.0,0,two_ankles,accepted,2.346755266189575,10.240058898925781,0.1431767712110215
227,7.566666666666666,detected,1,2,0.9086681604385376,ankle_midpoint,1057.7198486328125,636.3762817382812,0.9919490814208984,0.9935137033462524,3.8184404373168945,3.2692410945892334,3.8129584596917434,3.2946390329188926,0.0,0,two_ankles,accepted,3.8184404373168945,3.2692410945892334,0.0364506383724556
227,7.566666666666666,detected,2,15,0.8313351273536682,ankle_midpoint,1203.845458984375,555.3790283203125,0.9947392344474792,0.9879805445671082,5.371933460235596,-0.9755465984344482,5.2167925573779765,0.8978311197777664,1.178696985116007,0,two_ankles,corrected_motion_outlier,5.231150769680923,0.8477232382634996,0.6511916191894981
227,7.566666666666666,detected,3,1,0.9357723593711853,ankle_midpoint,1242.14892578125,894.3018798828125,0.9742927551269531,0.9685335755348206,4.6282172203063965,11.023146629333496,4.653377660697758,10.96628446496184,0.0,0,two_ankles,accepted,4.6282172203063965,11.023146629333496,0.0559428405558304
227,7.566666666666666,detected,4,3,0.9228386282920837,ankle_midpoint,845.1982421875,858.821044921875,0.9915220737457275,0.9922878742218018,2.347996950149536,10.310897827148438,2.3611196548704267,10.203477002489915,0.0,0,two_ankles,accepted,2.347996950149536,10.310897827148438,0.0708498096736404
228,7.6,detected,1,2,0.9055790901184082,ankle_midpoint,1059.331298828125,635.375244140625,0.9918815493583679,0.9928932785987854,3.8332114219665527,3.2244958877563477,3.822072292715408,3.2630746175957475,0.0,0,two_ankles,accepted,3.8332114219665527,3.2244958877563477,0.047120224129753065
228,7.6,detected,3,1,0.9371377825737,ankle_midpoint,1242.283203125,893.952880859375,0.9752132892608643,0.9701756238937378,4.629648208618164,11.015945434570312,4.642699407261941,10.988631901285654,0.0,0,two_ankles,accepted,4.629648208618164,11.015945434570312,0.007341997927384496
228,7.6,detected,4,3,0.9247187972068787,ankle_midpoint,846.2650146484375,865.3369140625,0.9857784509658813,0.9897834658622742,2.360356330871582,10.455560684204102,2.360776159070947,10.3169146592613,0.0,0,two_ankles,accepted,2.360356330871582,10.455560684204102,0.1451898636384096
228,7.6,predicted,2,,,motion_prediction,,,,,,,5.2431946111919965,0.8069639306518395,,1,,motion_prediction,5.2431946111919965,0.8069639306518395,
229,7.633333333333334,detected,1,2,0.9033603668212891,ankle_midpoint,1059.638671875,631.5484619140625,0.9874657988548279,0.9901431798934937,3.841071367263794,3.053246021270752,3.8306218762621818,3.1686517492494994,0.0,0,two_ankles,accepted,3.841071367263794,3.053246021270752,0.17143014761531875
229,7.633333333333334,detected,3,1,0.9378748536109924,ankle_midpoint,1242.638427734375,892.0025634765625,0.9782792925834656,0.9741041660308838,4.635419845581055,10.975631713867188,4.639423604505542,10.982781816947345,0.0,0,two_ankles,accepted,4.635419845581055,10.975631713867188,0.04072478201489818
229,7.633333333333334,detected,4,3,0.9236869215965271,ankle_midpoint,843.872314453125,868.46875,0.9813562631607056,0.9869945645332336,2.349252939224243,10.524606704711914,2.3555907101399303,10.410376079714077,0.0,0,two_ankles,accepted,2.349252939224243,10.524606704711914,0.06993309841583925
229,7.633333333333334,predicted,2,,,motion_prediction,,,,,,,5.255238452703069,0.7662046230401792,,2,,motion_prediction,5.255238452703069,0.7662046230401792,
230,7.666666666666667,detected,1,2,0.8982221484184265,ankle_midpoint,1060.7401123046875,630.010986328125,0.9886032342910767,0.9907998442649841,3.8524885177612305,2.983543872833252,3.8404618649367537,3.085353204862188,0.0,0,two_ankles,accepted,3.8524885177612305,2.983543872833252,0.07063101883934847
230,7.666666666666667,detected,3,1,0.9362446665763855,ankle_midpoint,1242.4468994140625,891.774658203125,0.9818373322486877,0.9785237312316895,4.634769916534424,10.97093677520752,4.63732944491854,10.977451548164424,0.0,0,two_ankles,accepted,4.634769916534424,10.97093677520752,0.004739710622358643
230,7.666666666666667,detected,4,3,0.9204716682434082,ankle_midpoint,840.852294921875,868.4675903320312,0.9911152124404907,0.9929397106170654,2.3316121101379395,10.524964332580566,2.3448003401390345,10.461940793503999,0.0,0,two_ankles,accepted,2.3316121101379395,10.524964332580566,0.0176444537615823
230,7.666666666666667,predicted,2,,,motion_prediction,,,,,,,5.267282294214142,0.725445315428519,,3,,motion_prediction,5.267282294214142,0.725445315428519,
231,7.7,detected,1,2,0.8930662870407104,ankle_midpoint,1063.5340576171875,627.3385009765625,0.9874186515808105,0.9893177151679993,3.879924774169922,2.861241340637207,3.858220174091679,2.9845028659609465,0.0,0,two_ankles,accepted,3.879924774169922,2.861241340637207,0.12534216189011607
231,7.7,detected,3,1,0.9345340132713318,ankle_midpoint,1242.254150390625,889.5128173828125,0.9822646379470825,0.9812357425689697,4.638047695159912,10.923986434936523,4.637652657527157,10.95339224721187,0.0,0,two_ankles,accepted,4.638047695159912,10.923986434936523,0.04706461817841536
231,7.7,detected,4,3,0.9225206971168518,ankle_midpoint,837.8824462890625,866.00244140625,0.9893069863319397,0.9906546473503113,2.3118526935577393,10.471284866333008,2.329973899177452,10.466145626277054,0.0,0,two_ankles,accepted,2.3118526935577393,10.471284866333008,0.05720069615146893
231,7.7,predicted,2,,,motion_prediction,,,,,,,5.279326135725214,0.6846860078168588,,4,,motion_prediction,5.279326135725214,0.6846860078168588,
232,7.733333333333333,detected,1,2,0.8950966596603394,ankle_midpoint,1065.559326171875,628.15087890625,0.9929282069206238,0.9939090013504028,3.895826578140259,2.89789080619812,3.87514305591354,2.945527439067675,0.0,0,two_ankles,accepted,3.895826578140259,2.89789080619812,0.03995060319208681
232,7.733333333333333,detected,3,1,0.9322355389595032,ankle_midpoint,1238.183837890625,887.9168701171875,0.9945393204689026,0.9950591325759888,4.6178765296936035,10.891182899475098,4.628753400002058,10.925398040730324,0.0,0,two_ankles,accepted,4.6178765296936035,10.891182899475098,0.03850906198595623
232,7.733333333333333,detected,4,3,0.9263178110122681,ankle_midpoint,836.1578369140625,865.1435546875,0.9883071780204773,0.9895327091217041,2.3008923530578613,10.452590942382812,2.3168872034236365,10.460046018524647,0.0,0,two_ankles,accepted,2.3008923530578613,10.452590942382812,0.02167006821698885
232,7.733333333333333,predicted,2,,,motion_prediction,,,,,,,5.291369977236287,0.6439267002051987,,5,,motion_prediction,5.291369977236287,0.6439267002051987,
233,7.766666666666667,detected,1,2,0.897934079170227,ankle_midpoint,1065.80615234375,628.4367065429688,0.991544246673584,0.9930344820022583,3.897479772567749,2.9108657836914062,3.8851945784079343,2.9299296941483544,0.0,0,two_ankles,accepted,3.897479772567749,2.9108657836914062,0.013079873576084994
233,7.766666666666667,detected,3,1,0.930804967880249,ankle_midpoint,1237.00439453125,887.407958984375,0.9941638112068176,0.9948784112930298,4.612105846405029,10.880680084228516,4.621262000883395,10.90527496030451,0.0,0,two_ankles,accepted,4.612105846405029,10.880680084228516,0.011983735382628646
233,7.766666666666667,detected,4,3,0.9205918908119202,ankle_midpoint,833.6968994140625,868.3180541992188,0.9893702268600464,0.9913849830627441,2.2896692752838135,10.522603988647461,2.3046391357607163,10.488197105079914,0.0,0,two_ankles,accepted,2.2896692752838135,10.522603988647461,0.07090686935677057
233,7.766666666666667,predicted,2,,,motion_prediction,,,,,,,5.30341381874736,0.6031673925935385,,6,,motion_prediction,5.30341381874736,0.6031673925935385,
234,7.8,detected,1,2,0.904329776763916,ankle_midpoint,1065.4039306640625,624.9093017578125,0.9879953265190125,0.9900767207145691,3.89941143989563,2.7491724491119385,3.8915921660773973,2.8485889338819677,0.0,0,two_ankles,accepted,3.89941143989563,2.7491724491119385,0.16170487248717433
234,7.8,detected,3,1,0.927485466003418,ankle_midpoint,1234.0755615234375,887.28271484375,0.99427729845047,0.9951079487800598,4.595586776733398,10.878417015075684,4.609708150015897,10.893188884951538,0.0,0,two_ankles,accepted,4.595586776733398,10.878417015075684,0.01667336633096911
234,7.8,detected,4,3,0.912944495677948,ankle_midpoint,831.0372314453125,875.4368896484375,0.9779682755470276,0.9857568144798279,2.2813799381256104,10.677203178405762,2.2941724968249186,10.573249838076546,0.0,0,two_ankles,accepted,2.2813799381256104,10.677203178405762,0.15482126011774178
234,7.8,predicted,2,,,motion_prediction,,,,,,,5.315457660258432,0.5624080849818782,,7,,motion_prediction,5.315457660258432,0.5624080849818782,
235,7.833333333333333,detected,1,2,0.8954144716262817,ankle_midpoint,1064.1514892578125,622.8217163085938,0.9862051606178284,0.9888535737991333,3.8919167518615723,2.652714967727661,3.8917382296802763,2.7604456491125298,0.0,0,two_ankles,accepted,3.8919167518615723,2.652714967727661,0.09674820961509344
235,7.833333333333333,detected,3,1,0.926616370677948,ankle_midpoint,1231.610107421875,888.484130859375,0.9946830868721008,0.9951987862586975,4.5792317390441895,10.903840065002441,4.595993765078629,10.897981915974444,0.0,0,two_ankles,accepted,4.5792317390441895,10.903840065002441,0.030229434751478018
235,7.833333333333333,detected,4,3,0.925886869430542,ankle_midpoint,825.5125732421875,880.657470703125,0.983342170715332,0.9881160259246826,2.254840850830078,10.789261817932129,2.2764732561272405,10.670455229011559,0.0,0,two_ankles,accepted,2.254840850830078,10.789261817932129,0.1151584206516405
235,7.833333333333333,predicted,2,,,motion_prediction,,,,,,,5.327501501769505,0.5216487773702181,,8,,motion_prediction,5.327501501769505,0.5216487773702181,
236,7.866666666666666,detected,1,2,0.9005900621414185,ankle_midpoint,1063.2177734375,621.583251953125,0.9872382879257202,0.9896845817565918,3.885812997817993,2.595181703567505,3.889071875342249,2.6860768736172687,0.0,0,two_ankles,accepted,3.885812997817993,2.595181703567505,0.057856134491917344
236,7.866666666666666,detected,3,1,0.9250093102455139,ankle_midpoint,1230.5750732421875,888.9097900390625,0.99480801820755,0.9951933026313782,4.572526454925537,10.912848472595215,4.585433475509738,10.904671866453793,0.0,0,two_ankles,accepted,4.572526454925537,10.912848472595215,0.011229970724333588
236,7.866666666666666,detected,4,3,0.9282014966011047,ankle_midpoint,824.583984375,885.458251953125,0.9822155237197876,0.9875946044921875,2.254474639892578,10.89050579071045,2.2665738788216423,10.76947798177606,0.0,0,two_ankles,accepted,2.254474639892578,10.89050579071045,0.10124463508941108
236,7.866666666666666,predicted,2,,,motion_prediction,,,,,,,5.339545343280578,0.48088946975855784,,9,,motion_prediction,5.339545343280578,0.48088946975855784,
237,7.9,detected,1,2,0.9030032753944397,ankle_midpoint,1060.8577880859375,619.5860595703125,0.9842162728309631,0.9873719215393066,3.8685829639434814,2.5020411014556885,3.879851865212804,2.6032607761445576,0.0,0,two_ankles,accepted,3.8685829639434814,2.5020411014556885,0.09472088380641579
237,7.9,detected,3,1,0.9222906827926636,ankle_midpoint,1230.4697265625,892.2865600585938,0.983683168888092,0.9808955788612366,4.565675258636475,10.982988357543945,4.57654227791677,10.939914287444363,0.0,0,two_ankles,accepted,4.565675258636475,10.982988357543945,0.07047369971281776
237,7.9,detected,4,3,0.9265415668487549,ankle_midpoint,824.4798583984375,893.6189575195312,0.9903663396835327,0.9947595000267029,2.262204647064209,11.059670448303223,2.2646077245307974,10.900064591713283,0.0,0,two_ankles,accepted,2.262204647064209,11.059670448303223,0.1693411774771681
237,7.9,predicted,2,,,motion_prediction,,,,,,,5.351589184791651,0.4401301621468977,,10,,motion_prediction,5.351589184791651,0.4401301621468977,
238,7.933333333333334,detected,1,2,0.9001699090003967,ankle_midpoint,1058.1494140625,618.2728881835938,0.9882223010063171,0.9912779331207275,3.8472375869750977,2.4406931400299072,3.865175440005836,2.530105339892965,0.0,0,two_ankles,accepted,3.8472375869750977,2.4406931400299072,0.06495534996458377
238,7.933333333333334,detected,2,15,0.8984548449516296,ankle_midpoint,1169.1982421875,555.6961669921875,0.9744189381599426,0.9740461111068726,5.032210350036621,-0.9461898803710938,5.032210350036621,-0.9461898803710938,0.7357758410598202,0,two_ankles,accepted,5.032210350036621,-0.9461898803710938,0.13736393720168583
238,7.933333333333334,detected,3,1,0.9176824688911438,ankle_midpoint,1225.776611328125,898.365478515625,0.9878203272819519,0.98710036277771,4.528070449829102,11.10832691192627,4.55472995527732,11.015699968461222,0.0,0,two_ankles,accepted,4.528070449829102,11.10832691192627,0.13085822427379154
238,7.933333333333334,detected,4,3,0.9297779202461243,ankle_midpoint,825.7640380859375,897.9583740234375,0.9911938309669495,0.9932068586349487,2.273791551589966,11.148079872131348,2.2687404467074233,11.011671467901412,0.0,0,two_ankles,accepted,2.273791551589966,11.148079872131348,0.08916547862323199
239,7.966666666666667,detected,1,2,0.8908922672271729,ankle_midpoint,1056.830810546875,618.2212524414062,0.9889820218086243,0.991917073726654,3.8359720706939697,2.4385597705841064,3.8520339238154966,2.4889098337039792,0.0,0,two_ankles,accepted,3.8359720706939697,2.4385597705841064,0.011465736883106764
239,7.966666666666667,detected,2,15,0.8542633652687073,ankle_midpoint,1165.3597412109375,560.0747680664062,0.9779455065727234,0.9871282577514648,4.977078437805176,-0.6810933947563171,5.007400989532471,-0.8268964618444443,0.0,0,two_ankles,accepted,4.977078437805176,-0.6810933947563171,0.2707686732833052
239,7.966666666666667,detected,3,1,0.9214271306991577,ankle_midpoint,1225.281005859375,906.9365234375,0.9876326322555542,0.9852016568183899,4.510180950164795,11.281164169311523,4.534682902976684,11.135158858843859,0.0,0,two_ankles,accepted,4.510180950164795,11.281164169311523,0.17376061618990574
239,7.966666666666667,detected,4,3,0.9299464225769043,ankle_midpoint,826.2314453125,898.3087158203125,0.9898235201835632,0.9916297793388367,2.2767679691314697,11.155133247375488,2.272352831798244,11.076229268664747,0.0,0,two_ankles,accepted,2.2767679691314697,11.155133247375488,0.00765566219970735
240,8.0,detected,1,2,0.8968878388404846,ankle_midpoint,1052.969970703125,619.22021484375,0.9896088242530823,0.9922382235527039,3.801417112350464,2.48665189743042,3.829256358656232,2.4878937623808777,0.0,0,two_ankles,accepted,3.801417112350464,2.48665189743042,0.059219066277030497
240,8.0,detected,2,15,0.8551015853881836,ankle_midpoint,1158.665283203125,566.3973388671875,0.9818530678749084,0.9886885285377502,4.888258934020996,-0.30652379989624023,4.986171860400528,-0.741293895520873,0.0,0,two_ankles,corrected_motion_outlier,4.960225147017043,-0.6366685366809524,0.3849562126347749
240,8.0,detected,3,1,0.9265140295028687,ankle_midpoint,1227.143310546875,918.84716796875,0.9637052416801453,0.9342057704925537,4.499974250793457,11.515145301818848,4.519064009494231,11.306152758182606,0.0,0,two_ankles,accepted,4.499974250793457,11.515145301818848,0.23420364446666256
240,8.0,detected,4,3,0.9311448931694031,ankle_midpoint,826.4944458007812,898.6276245117188,0.9891777038574219,0.9897534847259521,2.278561592102051,11.161567687988281,2.2751467739349573,11.114631557360338,0.0,0,two_ankles,accepted,2.278561592102051,11.161567687988281,0.006679753690081361
241,8.033333333333333,detected,1,2,0.8930687308311462,ankle_midpoint,1049.9591064453125,621.4182739257812,0.9908533692359924,0.9933962225914001,3.7727200984954834,2.590555429458618,3.803815041583895,2.534091512565861,0.0,0,two_ankles,accepted,3.7727200984954834,2.590555429458618,0.1077936109986476
241,8.033333333333333,detected,2,15,0.8413177132606506,ankle_midpoint,1157.022216796875,567.1805419921875,0.9785847067832947,0.984984278678894,4.869668960571289,-0.2605849504470825,4.933745555477371,-0.5249748702376673,0.0,0,two_ankles,accepted,4.869668960571289,-0.2605849504470825,0.21700469322979485
241,8.033333333333333,detected,3,1,0.927039623260498,ankle_midpoint,1224.7603759765625,921.4708251953125,0.9644728899002075,0.9333435297012329,4.482438564300537,11.56611156463623,4.502582559157069,11.423134221086737,0.0,0,two_ankles,accepted,4.482438564300537,11.56611156463623,0.05389861080165714
241,8.033333333333333,detected,4,3,0.9357419013977051,ankle_midpoint,824.30615234375,898.5481567382812,0.9830071926116943,0.9793447852134705,2.2661755084991455,11.160219192504883,2.271109704488842,11.135145993175385,0.0,0,two_ankles,accepted,2.2661755084991455,11.160219192504883,0.012459273938994393
242,8.066666666666666,detected,1,2,0.8893032073974609,ankle_midpoint,1052.20166015625,622.3331298828125,0.9781079888343811,0.9831803441047668,3.790675640106201,2.6327381134033203,3.797902310918933,2.578482482942718,0.0,0,two_ankles,accepted,3.790675640106201,2.6327381134033203,0.045845177492434795
242,8.066666666666666,detected,2,15,0.8423364758491516,ankle_midpoint,1156.2579345703125,568.3881225585938,0.9779154062271118,0.9849960803985596,4.857930660247803,-0.19053798913955688,4.8996288526240654,-0.37447827374351766,0.0,0,two_ankles,accepted,4.857930660247803,-0.19053798913955688,0.07102368958947679
242,8.066666666666666,detected,3,1,0.9294127225875854,ankle_midpoint,1222.42578125,919.1907958984375,0.9867587685585022,0.9603198170661926,4.4734320640563965,11.522348403930664,4.489464836361767,11.467780603366506,0.0,0,two_ankles,accepted,4.4734320640563965,11.522348403930664,0.04468032320372064
242,8.066666666666666,detected,4,3,0.9350041151046753,ankle_midpoint,823.8533935546875,898.359619140625,0.990749180316925,0.98969566822052,2.2634401321411133,11.156450271606445,2.2676583969323643,11.144732918469362,0.0,0,two_ankles,accepted,2.2634401321411133,11.156450271606445,0.004656935533026045
243,8.1,detected,1,2,0.889033317565918,ankle_midpoint,1052.578857421875,622.6912841796875,0.9811428785324097,0.9850360155105591,3.7934181690216064,2.649329423904419,3.795884447065136,2.6103636063754836,0.0,0,two_ankles,accepted,3.7934181690216064,2.649329423904419,0.01681645173619274
243,8.1,detected,2,15,0.8219614624977112,ankle_midpoint,1158.569091796875,571.6400146484375,0.9778232574462891,0.9860649108886719,4.86784029006958,-0.004838999826461077,4.885323999474547,-0.20814060048084224,0.0,0,two_ankles,accepted,4.86784029006958,-0.004838999826461077,0.1859632097892213
243,8.1,detected,3,1,0.932703971862793,ankle_midpoint,1223.4124755859375,912.3140869140625,0.9874398708343506,0.9529635906219482,4.490504741668701,11.387956619262695,4.489932793749888,11.431859810519793,0.0,0,two_ankles,accepted,4.490504741668701,11.387956619262695,0.13547187201443467
243,8.1,detected,4,3,0.9336534142494202,ankle_midpoint,821.1992797851562,898.3771362304688,0.9770280122756958,0.9732342958450317,2.2485270500183105,11.157123565673828,2.2590492908210402,11.150308709711373,0.0,0,two_ankles,accepted,2.2485270500183105,11.157123565673828,0.014928273286037854
244,8.133333333333333,detected,1,2,0.8831595778465271,ankle_midpoint,1051.850830078125,621.919921875,0.9808462262153625,0.9856812953948975,3.788227081298828,2.6135494709014893,3.792438632470298,2.6117972454121863,0.0,0,two_ankles,accepted,3.788227081298828,2.6135494709014893,0.036154563040333335
244,8.133333333333333,detected,2,15,0.7913528680801392,ankle_midpoint,1161.325439453125,572.2003173828125,0.9809149503707886,0.9916119575500488,4.891761302947998,0.02626248076558113,4.8882207860376,-0.10265921391995174,0.0,0,two_ankles,accepted,4.891761302947998,0.02626248076558113,0.03923667865845192
244,8.133333333333333,detected,3,1,0.9278954267501831,ankle_midpoint,1223.06591796875,903.68603515625,0.9821633696556091,0.9560714364051819,4.503448486328125,11.216329574584961,4.496014855410095,11.334871204349119,0.0,0,two_ankles,accepted,4.503448486328125,11.216329574584961,0.17211444736169418
244,8.133333333333333,detected,4,3,0.927117645740509,ankle_midpoint,823.5889282226562,891.4840698242188,0.9879617094993591,0.9865086674690247,2.254988193511963,11.015857696533203,2.2572217970319555,11.089805753781196,0.0,0,two_ankles,accepted,2.254988193511963,11.015857696533203,0.1414135501262229
245,8.166666666666666,detected,1,2,0.8895198702812195,ankle_midpoint,1051.6807861328125,621.7608642578125,0.9811698794364929,0.9858040809631348,3.78698468208313,2.606163501739502,3.7899843547960725,2.6092620607594785,0.0,0,two_ankles,accepted,3.78698468208313,2.606163501739502,0.007489732723735544
245,8.166666666666666,detected,2,15,0.8096917271614075,ankle_midpoint,1162.47705078125,571.6217041015625,0.981547474861145,0.9923058152198792,4.904787063598633,-0.006951396819204092,4.895675610940065,-0.059590696224615304,0.0,0,two_ankles,accepted,4.904787063598633,-0.006951396819204092,0.03567677262232002
245,8.166666666666666,detected,3,1,0.927405059337616,ankle_midpoint,1222.22314453125,900.7736206054688,0.9816787838935852,0.9683029651641846,4.503795623779297,11.157663345336914,4.499516201176236,11.255127667793627,0.0,0,two_ankles,accepted,4.503795623779297,11.157663345336914,0.05866725627293641
245,8.166666666666666,detected,4,3,0.9282345771789551,ankle_midpoint,823.146728515625,888.94140625,0.9890923500061035,0.9880138635635376,2.249866008758545,10.963297843933105,2.253911692308921,11.032877194349556,0.0,0,two_ankles,accepted,2.249866008758545,10.963297843933105,0.0528088523070909
246,8.2,detected,1,2,0.8783380389213562,ankle_midpoint,1050.677001953125,621.777099609375,0.9819129705429077,0.9868707060813904,3.778388738632202,2.6071550846099854,3.7847663275223313,2.608313921492207,0.0,0,two_ankles,accepted,3.778388738632202,2.6071550846099854,0.008652946342176374
246,8.2,detected,2,15,0.8127579689025879,ankle_midpoint,1161.85986328125,570.6053466796875,0.9821210503578186,0.9933932423591614,4.902775764465332,-0.0647604838013649,4.898870680026436,-0.06191710063415262,0.0,0,two_ankles,accepted,4.902775764465332,-0.0647604838013649,0.0578440650535096
246,8.2,detected,3,1,0.9277956485748291,ankle_midpoint,1216.0238037109375,895.3511352539062,0.9823252558708191,0.9739391207695007,4.4782233238220215,11.047871589660645,4.4899344063668405,11.161862432633786,0.0,0,two_ankles,accepted,4.4782233238220215,11.047871589660645,0.1127305288712092
246,8.2,detected,4,3,0.932905912399292,ankle_midpoint,821.997314453125,886.1041870117188,0.9879220128059387,0.9889545440673828,2.2403652667999268,10.904336929321289,2.2478158008298736,10.975034075086835,0.0,0,two_ankles,accepted,2.2403652667999268,10.904336929321289,0.05972146640552418
247,8.233333333333333,detected,1,2,0.8882511854171753,ankle_midpoint,1049.583984375,621.5150146484375,0.9809884428977966,0.9864153265953064,3.7693891525268555,2.595165252685547,3.7778465987743672,2.60239702052921,0.0,0,two_ankles,accepted,3.7693891525268555,2.595165252685547,0.014991618313038559
247,8.233333333333333,detected,2,15,0.7782766819000244,ankle_midpoint,1157.6474609375,570.52587890625,0.9777476191520691,0.9927708506584167,4.863232612609863,-0.06814611703157425,4.8828335496889785,-0.06472015801299236,0.0,0,two_ankles,accepted,4.863232612609863,-0.06814611703157425,0.039687823964462444
247,8.233333333333333,detected,3,1,0.926771879196167,ankle_midpoint,1209.8306884765625,890.3906860351562,0.9894610047340393,0.9853225946426392,4.451554298400879,10.946207046508789,4.472663357782158,11.064817508877539,0.0,0,two_ankles,accepted,4.451554298400879,10.946207046508789,0.1051043112873541
247,8.233333333333333,detected,4,3,0.9278345704078674,ankle_midpoint,820.1271362304688,884.379638671875,0.9906718730926514,0.9925410747528076,2.2278521060943604,10.868438720703125,2.2388321381988927,10.927066165614166,0.0,0,two_ankles,accepted,2.2278521060943604,10.868438720703125,0.038016582866382924
248,8.266666666666667,detected,1,2,0.8840740323066711,ankle_midpoint,1046.2193603515625,620.9490966796875,0.9934804439544678,0.9954108595848083,3.7413337230682373,2.5694706439971924,3.7614158047066093,2.5875801510898024,0.0,0,two_ankles,accepted,3.7413337230682373,2.5694706439971924,0.03804365962621317
248,8.266666666666667,detected,2,15,0.7695314288139343,ankle_midpoint,1154.482421875,568.558837890625,0.9740127921104431,0.9922616481781006,4.8404412269592285,-0.18020237982273102,4.863757004460592,-0.11668715782737477,0.0,0,two_ankles,accepted,4.8404412269592285,-0.18020237982273102,0.11435057188574417
248,8.266666666666667,detected,3,1,0.9270994067192078,ankle_midpoint,1208.852294921875,889.6615600585938,0.9886302947998047,0.9856516122817993,4.44721794128418,10.931166648864746,4.461212920358069,11.004674621871782,0.0,0,two_ankles,accepted,4.44721794128418,10.931166648864746,0.01565303658510007
248,8.266666666666667,detected,4,3,0.9288129210472107,ankle_midpoint,820.7203369140625,883.5758056640625,0.9855985045433044,0.9880470037460327,2.2303943634033203,10.851472854614258,2.2350351395408854,10.893049175664206,0.0,0,two_ankles,accepted,2.2303943634033203,10.851472854614258,0.017155281529906
249,8.3,detected,1,2,0.8954164385795593,ankle_midpoint,1043.8563232421875,621.05810546875,0.9939038157463074,0.9957414865493774,3.7209877967834473,2.5751259326934814,3.743223201141187,2.5819757528114584,0.0,0,two_ankles,accepted,3.7209877967834473,2.5751259326934814,0.021117267972549977
249,8.3,detected,2,15,0.7957973480224609,ankle_midpoint,1149.6142578125,567.0454711914062,0.9684194326400757,0.9877371788024902,4.799603462219238,-0.266357421875,4.834887910451982,-0.18403877664880613,0.0,0,two_ankles,accepted,4.799603462219238,-0.266357421875,0.09534366418376748
249,8.3,detected,3,1,0.9255679845809937,ankle_midpoint,1211.81787109375,883.797607421875,0.9840065836906433,0.9785578846931458,4.474308490753174,10.807870864868164,4.467105927035866,10.916112931220155,0.0,0,two_ankles,accepted,4.474308490753174,10.807870864868164,0.12623687346359555
249,8.3,detected,4,3,0.9283426403999329,ankle_midpoint,819.6923828125,883.8763427734375,0.9897459745407104,0.9925016164779663,2.224825859069824,10.857919692993164,2.230440963328908,10.877240908462237,0.0,0,two_ankles,accepted,2.224825859069824,10.857919692993164,0.008518800713475069
250,8.333333333333334,detected,1,2,0.8939365148544312,ankle_midpoint,1041.7442626953125,620.560546875,0.9937653541564941,0.995707631111145,3.703503370285034,2.5523037910461426,3.7253492772559182,2.5686233700170664,0.0,0,two_ankles,accepted,3.703503370285034,2.5523037910461426,0.02874987511885241
250,8.333333333333334,detected,2,15,0.7765200138092041,ankle_midpoint,1143.123046875,563.773193359375,0.9813045263290405,0.9934449195861816,4.749122142791748,-0.45562613010406494,4.796293315004878,-0.3062530857036726,0.0,0,two_ankles,accepted,4.749122142791748,-0.45562613010406494,0.1958851896541421
250,8.333333333333334,detected,3,1,0.9240561723709106,ankle_midpoint,1219.677490234375,873.1456298828125,0.9873096346855164,0.9842621088027954,4.538952827453613,10.57888412475586,4.499437032223852,10.764359968311222,0.0,0,two_ankles,accepted,4.538952827453613,10.57888412475586,0.23793658275830548
250,8.333333333333334,detected,4,3,0.9285134077072144,ankle_midpoint,821.062744140625,883.5794067382812,0.9903021454811096,0.9936071634292603,2.2323598861694336,10.851506233215332,2.2313044786071448,10.86566030460113,0.0,0,two_ankles,accepted,2.2323598861694336,10.851506233215332,0.00989414122900607
251,8.366666666666667,detected,1,2,0.895751416683197,ankle_midpoint,1042.0491943359375,620.296142578125,0.9941548705101013,0.9960113763809204,3.70642352104187,2.539825439453125,3.716832686959597,2.5556643012632927,0.0,0,two_ankles,accepted,3.70642352104187,2.539825439453125,0.012815480440530266
251,8.366666666666667,detected,2,15,0.8254993557929993,ankle_midpoint,1141.46337890625,566.310546875,0.9814505577087402,0.9933373928070068,4.724477767944336,-0.3067763149738312,4.763976318827634,-0.30648853887524397,0.0,0,two_ankles,accepted,4.724477767944336,-0.3067763149738312,0.15087615012295524
251,8.366666666666667,detected,3,1,0.9302627444267273,ankle_midpoint,1226.256103515625,867.7042236328125,0.9882720112800598,0.9851114153862,4.5876922607421875,10.459168434143066,4.5391518850571035,10.627023777935552,0.0,0,two_ankles,accepted,4.5876922607421875,10.459168434143066,0.1292570266414532
251,8.366666666666667,detected,4,3,0.9288142323493958,ankle_midpoint,821.6064453125,883.055419921875,0.9911122918128967,0.9937586784362793,2.234921455383301,10.840409278869629,2.2329321181564152,10.854297343021955,0.0,0,two_ankles,accepted,2.234921455383301,10.840409278869629,0.011388767825715459
252,8.4,detected,1,2,0.8989948630332947,ankle_midpoint,1042.068603515625,619.9558715820312,0.9942070245742798,0.9962003827095032,3.706989049911499,2.5238358974456787,3.7124030502879526,2.541341519545367,0.0,0,two_ankles,accepted,3.706989049911499,2.5238358974456787,0.015999539884330213
252,8.4,detected,2,15,0.8157212138175964,ankle_midpoint,1140.15283203125,566.7689208984375,0.9827286601066589,0.9933357238769531,4.710421562194824,-0.27977290749549866,4.73987667834287,-0.2944665047543586,0.0,0,two_ankles,accepted,4.710421562194824,-0.27977290749549866,0.03044274848816169
252,8.4,detected,3,1,0.9342189431190491,ankle_midpoint,1240.905029296875,852.3984985351562,0.9729158878326416,0.9666562080383301,4.7054443359375,10.113790512084961,4.575748720707594,10.493319598446345,0.0,0,two_ankles,corrected_motion_outlier,4.620478186502637,10.329903379070645,0.3648992467215811
252,8.4,detected,4,3,0.9287603497505188,ankle_midpoint,821.7373657226562,883.095458984375,0.991144597530365,0.9931268692016602,2.2357141971588135,10.841236114501953,2.2341840537074944,10.848419790187954,0.0,0,two_ankles,accepted,2.2357141971588135,10.841236114501953,0.0011454678893465374
253,8.433333333333334,detected,1,2,0.8963486552238464,ankle_midpoint,1041.989013671875,620.9942626953125,0.9938641786575317,0.995743453502655,3.705091714859009,2.5725719928741455,3.709112949344928,2.5553952325433174,0.0,0,two_ankles,accepted,3.705091714859009,2.5725719928741455,0.048773013828489524
253,8.433333333333334,detected,2,15,0.8284119367599487,ankle_midpoint,1140.2427978515625,568.443359375,0.9866242408752441,0.992588222026825,4.705620765686035,-0.18291904032230377,4.724461517647295,-0.24427014575993394,0.0,0,two_ankles,accepted,4.705620765686035,-0.18291904032230377,0.09697277573381964
253,8.433333333333334,detected,3,1,0.9275925159454346,ankle_midpoint,1248.0234375,844.39892578125,0.9783506989479065,0.9657594561576843,4.765632152557373,9.927785873413086,4.661196265039995,10.238829422181379,0.0,0,two_ankles,accepted,4.765632152557373,9.927785873413086,0.2801919123329362
253,8.433333333333334,detected,4,3,0.9283334612846375,ankle_midpoint,822.1202392578125,883.0386352539062,0.9911791682243347,0.992456316947937,2.237849473953247,10.83999252319336,2.235833492818083,10.844627520040387,0.0,0,two_ankles,accepted,2.237849473953247,10.83999252319336,0.0024710172665638173
254,8.466666666666667,detected,1,2,0.8889623880386353,ankle_midpoint,1041.99755859375,621.830322265625,0.9933112859725952,0.9952907562255859,3.7041897773742676,2.6116578578948975,3.7068975219581315,2.5807134139515284,0.0,0,two_ankles,accepted,3.7041897773742676,2.6116578578948975,0.039096270098908696
254,8.466666666666667,detected,2,15,0.8122716546058655,ankle_midpoint,1140.8984375,568.7696533203125,0.9818556904792786,0.9895719289779663,4.710744857788086,-0.164299875497818,4.718289020710651,-0.20828352414198176,0.0,0,two_ankles,accepted,4.710744857788086,-0.164299875497818,0.019311385725308987
254,8.466666666666667,detected,3,1,0.9368247389793396,ankle_midpoint,1252.1036376953125,845.5224609375,0.9863501191139221,0.9811784625053406,4.787772178649902,9.953469276428223,4.718155426164453,10.110417356592459,0.0,0,two_ankles,accepted,4.787772178649902,9.953469276428223,0.03390896556687939
254,8.466666666666667,detected,4,3,0.9267857074737549,ankle_midpoint,822.4521484375,882.749267578125,0.9909993410110474,0.9918147921562195,2.239448070526123,10.833853721618652,2.2374600527867012,10.839779310750608,0.0,0,two_ankles,accepted,2.239448070526123,10.833853721618652,0.00634353180621303
255,8.5,detected,1,2,0.8853121399879456,ankle_midpoint,1042.0084228515625,623.5771484375,0.9917215704917908,0.9942978024482727,3.7022547721862793,2.69293212890625,3.7048082845607984,2.631211835681153,0.0,0,two_ankles,accepted,3.7022547721862793,2.69293212890625,0.08129730237532068
255,8.5,detected,2,15,0.8489300608634949,ankle_midpoint,1141.169189453125,569.1358642578125,0.9702304005622864,0.9787411093711853,4.7120771408081055,-0.1433042734861374,4.715493674754506,-0.17904286134685182,0.0,0,two_ankles,accepted,4.7120771408081055,-0.1433042734861374,0.02103782978061946
255,8.5,detected,3,1,0.9330052137374878,ankle_midpoint,1256.1158447265625,847.8914794921875,0.9868747591972351,0.9820345640182495,4.806610107421875,10.007987976074219,4.757960032730294,10.06432413535925,0.0,0,two_ankles,accepted,4.806610107421875,10.007987976074219,0.057681506321422035
255,8.5,detected,4,3,0.9245532751083374,ankle_midpoint,823.146484375,882.24462890625,0.9905179142951965,0.9915378093719482,2.2429018020629883,10.82312297821045,2.2399088399610303,10.832283961107537,0.0,0,two_ankles,accepted,2.2429018020629883,10.82312297821045,0.011272848602790349
256,8.533333333333333,detected,1,2,0.8808339238166809,ankle_midpoint,1041.1090087890625,624.0254516601562,0.9903013706207275,0.9930500984191895,3.6940865516662598,2.713913679122925,3.699983504758256,2.6684276652299506,0.0,0,two_ankles,accepted,3.6940865516662598,2.713913679122925,0.022515445275599476
256,8.533333333333333,detected,2,15,0.8328424096107483,ankle_midpoint,1140.54150390625,566.627197265625,0.9493057727813721,0.9652743935585022,4.714607238769531,-0.2881118953227997,4.715094778561268,-0.22812392663602837,0.0,0,two_ankles,accepted,4.714607238769531,-0.2881118953227997,0.14482972325349588
256,8.533333333333333,detected,3,1,0.9336608052253723,ankle_midpoint,1255.681396484375,845.9752197265625,0.9734718203544617,0.9651356935501099,4.808343410491943,9.963540077209473,4.780632552723036,10.018971309191851,0.0,0,two_ankles,accepted,4.808343410491943,9.963540077209473,0.04448168221890226
256,8.533333333333333,detected,4,3,0.9234169125556946,ankle_midpoint,824.96923828125,881.6844482421875,0.9774162769317627,0.981472373008728,2.2527825832366943,10.811064720153809,2.2457020244350794,10.82273530267836,0.0,0,two_ankles,accepted,2.2527825832366943,10.811064720153809,0.015589465159626309
257,8.566666666666666,detected,1,2,0.8906954526901245,ankle_midpoint,1040.546630859375,623.5390014648438,0.9905208349227905,0.9933505654335022,3.689854383468628,2.6915009021759033,3.695425400177924,2.6788106218556296,0.0,0,two_ankles,accepted,3.689854383468628,2.6915009021759033,0.022808853941616268
257,8.566666666666666,detected,2,15,0.8750806450843811,ankle_midpoint,1138.6103515625,566.4682006835938,0.9856706261634827,0.9905235171318054,4.696732997894287,-0.2968134582042694,4.7068319772611265,-0.25903421584173686,0.0,0,two_ankles,accepted,4.696732997894287,-0.2968134582042694,0.019879780769576413
257,8.566666666666666,detected,3,1,0.9281333088874817,ankle_midpoint,1255.3646240234375,846.7398681640625,0.9793756604194641,0.9675488471984863,4.804696083068848,9.981369018554688,4.791461141378652,10.002050278405129,0.0,0,two_ankles,accepted,4.804696083068848,9.981369018554688,0.01819819075684111
257,8.566666666666666,detected,4,3,0.9238943457603455,ankle_midpoint,823.6807861328125,882.2506103515625,0.9910784363746643,0.9934364557266235,2.24597430229187,10.823183059692383,2.245824549470635,10.822936793334671,0.0,0,two_ankles,accepted,2.24597430229187,10.823183059692383,0.013899886423846338
258,8.6,detected,1,2,0.8949384689331055,ankle_midpoint,1039.525634765625,623.2510375976562,0.9918821454048157,0.9934999346733093,3.6814846992492676,2.6783735752105713,3.6891520847600283,2.678613950865354,0.0,0,two_ankles,accepted,3.6814846992492676,2.6783735752105713,0.01556850433363922
258,8.6,detected,2,15,0.8774096965789795,ankle_midpoint,1136.629150390625,564.097900390625,0.9862980842590332,0.9904571175575256,4.685758590698242,-0.4347245693206787,4.697348953307829,-0.3380948749072607,0.0,0,two_ankles,accepted,4.685758590698242,-0.4347245693206787,0.1383470714640075
258,8.6,detected,3,1,0.9171103239059448,ankle_midpoint,1255.6337890625,840.164794921875,0.9851779341697693,0.9799864888191223,4.821372985839844,9.827215194702148,4.804921471386189,9.923374490738787,0.0,0,two_ankles,accepted,4.821372985839844,9.827215194702148,0.15505328275916283
258,8.6,detected,4,3,0.9291374683380127,ankle_midpoint,823.90283203125,882.2942504882812,0.9910832643508911,0.9934468865394592,2.2472941875457764,10.824076652526855,2.246485886604449,10.823449729971156,0.0,0,two_ankles,accepted,2.2472941875457764,10.824076652526855,0.0015939276135697135
259,8.633333333333333,detected,1,2,0.8941324949264526,ankle_midpoint,1038.08740234375,622.2321166992188,0.9936757683753967,0.9942010045051575,3.670353651046753,2.631307363510132,3.680692789589054,2.657325986555504,0.0,0,two_ankles,accepted,3.670353651046753,2.631307363510132,0.04836453781353946
259,8.633333333333333,detected,2,15,0.8834123611450195,ankle_midpoint,1132.38427734375,561.9723510742188,0.9681886434555054,0.9740546345710754,4.6520676612854,-0.5588605403900146,4.676972371897737,-0.4374394243745,0.0,0,two_ankles,accepted,4.6520676612854,-0.5588605403900146,0.1286266614587664
259,8.633333333333333,detected,3,1,0.9048129916191101,ankle_midpoint,1254.986328125,841.583740234375,0.99244225025177,0.988192617893219,4.814172267913818,9.86078929901123,4.809084329823623,9.895211154461387,0.0,0,two_ankles,accepted,4.814172267913818,9.86078929901123,0.034337600655947174
259,8.633333333333333,detected,4,3,0.9310871958732605,ankle_midpoint,824.303955078125,883.092529296875,0.9912430047988892,0.9936796426773071,2.2504255771636963,10.84085750579834,2.24825874735611,10.83128322909339,0.0,0,two_ankles,accepted,2.2504255771636963,10.84085750579834,0.01707051954271763
260,8.666666666666666,detected,1,2,0.8886191844940186,ankle_midpoint,1036.741455078125,621.6778564453125,0.9947172999382019,0.9950577020645142,3.6594667434692383,2.6057612895965576,3.671141068835137,2.6341218729239784,0.0,0,two_ankles,accepted,3.6594667434692383,2.6057612895965576,0.02776916723632783
260,8.666666666666666,detected,2,15,0.881991982460022,ankle_midpoint,1131.268798828125,562.07080078125,0.9730239510536194,0.9786682724952698,4.6410088539123535,-0.5527154207229614,4.6607887888043145,-0.4893136227313077,0.0,0,two_ankles,accepted,4.6410088539123535,-0.5527154207229614,0.012651470911975422
260,8.666666666666666,detected,3,1,0.8950255513191223,ankle_midpoint,1254.740234375,840.53857421875,0.9956287145614624,0.9912320971488953,4.815079212188721,9.836169242858887,4.811782026887917,9.868642294240264,0.0,0,two_ankles,accepted,4.815079212188721,9.836169242858887,0.024636755323344375
260,8.666666666666666,detected,4,3,0.9311237335205078,ankle_midpoint,824.212646484375,883.1092529296875,0.9908700585365295,0.9935941100120544,2.2499196529388428,10.841221809387207,2.24900615486834,10.83575559022561,0.0,0,two_ankles,accepted,2.2499196529388428,10.841221809387207,0.0006234391920268916
261,8.7,detected,1,2,0.8876160383224487,ankle_midpoint,1035.009521484375,620.9090576171875,0.9949984550476074,0.9956750273704529,3.6454834938049316,2.570208787918091,3.659595160071545,2.6053609846713295,0.0,0,two_ankles,accepted,3.6454834938049316,2.570208787918091,0.038203555420558914
261,8.7,detected,2,15,0.8882068395614624,ankle_midpoint,1126.576171875,561.7967529296875,0.9752389788627625,0.9778845906257629,4.59672737121582,-0.5676195621490479,4.6319611508894925,-0.5245512954692908,0.0,0,two_ankles,accepted,4.59672737121582,-0.5676195621490479,0.04672240513342774
261,8.7,detected,3,1,0.8947528600692749,ankle_midpoint,1261.72705078125,837.1828002929688,0.9975466132164001,0.9925879836082458,4.865487098693848,9.75560188293457,4.835949309200586,9.817774109152701,0.0,0,two_ankles,accepted,4.865487098693848,9.75560188293457,0.0950371217319217
261,8.7,detected,4,3,0.931188702583313,ankle_midpoint,824.809326171875,882.65771484375,0.973355233669281,0.9795519709587097,2.252872943878174,10.831631660461426,2.2507462099227653,10.833899821831727,0.0,0,two_ankles,accepted,2.252872943878174,10.831631660461426,0.010034584385563667
262,8.733333333333333,detected,1,2,0.8835145235061646,ankle_midpoint,1031.809326171875,619.5162353515625,0.9914007782936096,0.9919613003730774,3.6195127964019775,2.505554437637329,3.6415580964202396,2.5604480385060295,0.0,0,two_ankles,accepted,3.6195127964019775,2.505554437637329,0.06967540551603012
262,8.733333333333333,detected,2,15,0.8721203207969666,ankle_midpoint,1121.400390625,561.4225463867188,0.980028510093689,0.9821969270706177,4.548052787780762,-0.5883463621139526,4.594202387490564,-0.5532590754593887,0.0,0,two_ankles,accepted,4.548052787780762,-0.5883463621139526,0.05290383076263625
262,8.733333333333333,detected,3,1,0.8783615231513977,ankle_midpoint,1263.3841552734375,838.6950073242188,0.9952895641326904,0.984772801399231,4.87199592590332,9.79134750366211,4.852170286716817,9.805882136681936,0.0,0,two_ankles,accepted,4.87199592590332,9.79134750366211,0.036333376292877625
262,8.733333333333333,detected,4,3,0.933034360408783,ankle_midpoint,824.47314453125,882.887939453125,0.9726530313491821,0.9794390797615051,2.25118350982666,10.836526870727539,2.2509429948795185,10.835081993834844,0.0,0,two_ankles,accepted,2.25118350982666,10.836526870727539,0.005178539462423238
263,8.766666666666667,detected,1,2,0.885304868221283,ankle_midpoint,1031.0938720703125,619.2716674804688,0.9907784461975098,0.9914547204971313,3.613621234893799,2.4942030906677246,3.628986508733341,2.5306378119787922,0.0,0,two_ankles,accepted,3.613621234893799,2.4942030906677246,0.012789197591287816
263,8.766666666666667,detected,2,15,0.8692946434020996,ankle_midpoint,1118.6689453125,560.990966796875,0.9777187705039978,0.9805929660797119,4.523046016693115,-0.6132091283798218,4.562182020631712,-0.5802365992735836,0.0,0,two_ankles,accepted,4.523046016693115,-0.6132091283798218,0.035263235056091954
263,8.766666666666667,detected,3,1,0.8788271546363831,ankle_midpoint,1264.907470703125,836.288818359375,0.9973577857017517,0.9908053874969482,4.887055397033691,9.733837127685547,4.86786858635941,9.773461882633562,0.0,0,two_ankles,accepted,4.887055397033691,9.733837127685547,0.059449398783268256
263,8.766666666666667,detected,4,3,0.933806300163269,ankle_midpoint,824.2039794921875,882.98046875,0.9724959135055542,0.979812502861023,2.2497360706329346,10.838509559631348,2.250399878968556,10.836624398443272,0.0,0,two_ankles,accepted,2.2497360706329346,10.838509559631348,0.0024548188342154087
264,8.8,detected,1,2,0.8797245025634766,ankle_midpoint,1031.22021484375,620.0732421875,0.99006187915802,0.9916114211082458,3.613903045654297,2.5318872928619385,3.622198950347771,2.531200078376208,0.0,0,two_ankles,accepted,3.613903045654297,2.5318872928619385,0.03768525590093725
264,8.8,detected,2,15,0.8694201111793518,ankle_midpoint,1112.97998046875,563.0513916015625,0.981227695941925,0.9811657667160034,4.462198734283447,-0.4896272122859955,4.517189541774993,-0.539462375129169,0.0,0,two_ankles,accepted,4.462198734283447,-0.4896272122859955,0.13774934396237032
264,8.8,detected,3,1,0.885033130645752,ankle_midpoint,1265.953857421875,847.44189453125,0.9947532415390015,0.984207272529602,4.866882801055908,9.996258735656738,4.867424982972835,9.873720466493992,0.0,0,two_ankles,accepted,4.866882801055908,9.996258735656738,0.2631958091586349
264,8.8,detected,4,3,0.9321359395980835,ankle_midpoint,823.4656982421875,883.262939453125,0.9722212553024292,0.979077160358429,2.245797634124756,10.844550132751465,2.248328868788846,10.84019097888196,0.0,0,two_ankles,accepted,2.245797634124756,10.844550132751465,0.007211089081992901
265,8.833333333333334,detected,1,2,0.8889445662498474,ankle_midpoint,1029.9407958984375,621.5643310546875,0.9904148578643799,0.9928123354911804,3.6014862060546875,2.6020405292510986,3.6128782154158836,2.5630782812699087,0.0,0,two_ankles,accepted,3.6014862060546875,2.6020405292510986,0.07124362765550202
265,8.833333333333334,detected,2,15,0.8721700310707092,ankle_midpoint,1108.8681640625,562.8177490234375,0.9532235264778137,0.9576859474182129,4.423381805419922,-0.502244770526886,4.474976060415211,-0.5227144530581417,0.0,0,two_ankles,accepted,4.423381805419922,-0.502244770526886,0.04081613335873763
265,8.833333333333334,detected,3,1,0.8893902897834778,ankle_midpoint,1273.946044921875,844.7921142578125,0.9954352974891663,0.983556866645813,4.921432018280029,9.93350887298584,4.891728148861073,9.900625249415324,0.0,0,two_ankles,accepted,4.921432018280029,9.93350887298584,0.08314542900834034
265,8.833333333333334,detected,4,3,0.9304249286651611,ankle_midpoint,823.1893310546875,883.145263671875,0.9712747931480408,0.9777441620826721,2.2440905570983887,10.842105865478516,2.2464216285281404,10.84105267785041,0.0,0,two_ankles,accepted,2.2440905570983887,10.842105865478516,0.002981367886652241
266,8.866666666666667,detected,1,2,0.884157121181488,ankle_midpoint,1028.61962890625,621.9559936523438,0.9919912219047546,0.9934836030006409,3.5898263454437256,2.620631456375122,3.602504873928413,2.588977210067255,0.0,0,two_ankles,accepted,3.5898263454437256,2.620631456375122,0.02194481535118971
266,8.866666666666667,detected,2,15,0.8606434464454651,ankle_midpoint,1104.164306640625,565.7950439453125,0.9729005098342896,0.9723844528198242,4.370153903961182,-0.3263799846172333,4.427806090010898,-0.4343639422597329,0.0,0,two_ankles,accepted,4.370153903961182,-0.3263799846172333,0.18374338740958637
266,8.866666666666667,detected,3,1,0.8886981010437012,ankle_midpoint,1281.6767578125,839.89453125,0.9930180311203003,0.9770557880401611,4.980432033538818,9.817306518554688,4.931644896966059,9.86313182052804,0.0,0,two_ankles,accepted,4.980432033538818,9.817306518554688,0.1303226341656755
266,8.866666666666667,detected,4,3,0.9296593070030212,ankle_midpoint,823.0809326171875,882.6819458007812,0.9725456833839417,0.9794161319732666,2.2429840564727783,10.832356452941895,2.2448747211032276,10.837139376641577,0.0,0,two_ankles,accepted,2.2429840564727783,10.832356452941895,0.009812002264762308
267,8.9,detected,1,2,0.8890724778175354,ankle_midpoint,1027.0362548828125,626.164794921875,0.9764176607131958,0.9834225177764893,3.5724427700042725,2.8158011436462402,3.58897692716255,2.6910479801777987,0.0,0,two_ankles,accepted,3.5724427700042725,2.8158011436462402,0.19594232703672074
267,8.9,detected,2,15,0.8399887084960938,ankle_midpoint,1099.64990234375,566.7665405273438,0.975922703742981,0.9753459095954895,4.324549198150635,-0.26863911747932434,4.3813404886737795,-0.3597877711085491,0.0,0,two_ankles,accepted,4.324549198150635,-0.26863911747932434,0.07357850861429702
267,8.9,detected,3,1,0.8838114738464355,ankle_midpoint,1287.6220703125,832.5042724609375,0.9911711812019348,0.9681705236434937,5.0357842445373535,9.639845848083496,4.978507603373142,9.762653132927994,0.0,0,two_ankles,accepted,5.0357842445373535,9.639845848083496,0.18589286383966208
267,8.9,detected,4,3,0.9295985698699951,ankle_midpoint,820.9746704101562,882.9951171875,0.9891055226325989,0.9908774495124817,2.2312352657318115,10.839216232299805,2.2387369661860905,10.83807396168778,0.0,0,two_ankles,accepted,2.2312352657318115,10.839216232299805,0.013604802707655756
268,8.933333333333334,detected,1,2,0.8893857598304749,ankle_midpoint,1025.8858642578125,626.7747802734375,0.976306140422821,0.9838235378265381,3.5621540546417236,2.844046115875244,3.5769066345281786,2.759897141241649,0.0,0,two_ankles,accepted,3.5621540546417236,2.844046115875244,0.030060540913775156
268,8.933333333333334,detected,2,15,0.8049303889274597,ankle_midpoint,1098.9942626953125,569.57275390625,0.9744890332221985,0.9737991690635681,4.311123847961426,-0.10658454895019531,4.349743000353221,-0.2458463211372899,0.0,0,two_ankles,accepted,4.311123847961426,-0.10658454895019531,0.16260972667360668
268,8.933333333333334,detected,3,1,0.7234638333320618,ankle_midpoint,1293.490234375,825.9537963867188,0.9911531805992126,0.9817890524864197,5.089483261108398,9.479496955871582,5.028446649354008,9.63523285325261,0.0,0,two_ankles,accepted,5.089483261108398,9.479496955871582,0.16910160145393477
268,8.933333333333334,detected,4,3,0.9295976161956787,ankle_midpoint,820.7650146484375,883.238525390625,0.9900051951408386,0.9912848472595215,2.2302918434143066,10.844368934631348,2.234936660938788,10.840906699512386,0.0,0,two_ankles,accepted,2.2302918434143066,10.844368934631348,0.005238357279401113
269,8.966666666666667,detected,1,2,0.8901469707489014,ankle_midpoint,1025.52783203125,626.90185546875,0.9781634211540222,0.9835209846496582,3.5590124130249023,2.849949359893799,3.5688542348517043,2.8004206396351163,0.0,0,two_ankles,accepted,3.5590124130249023,2.849949359893799,0.0066871669630079655
269,8.966666666666667,detected,2,15,0.7848719954490662,ankle_midpoint,1101.21728515625,568.6633911132812,0.9709850549697876,0.9719523787498474,4.334532260894775,-0.15944835543632507,4.34289816759692,-0.20696723657185573,0.0,0,two_ankles,accepted,4.334532260894775,-0.15944835543632507,0.057814667968095985
269,8.966666666666667,detected,3,1,0.8344084620475769,ankle_midpoint,1291.8289794921875,824.899169921875,0.9943296909332275,0.986992359161377,5.082038402557373,9.453777313232422,5.052562938295523,9.553577860243525,0.0,0,two_ankles,accepted,5.082038402557373,9.453777313232422,0.02677547266307135
269,8.966666666666667,detected,4,3,0.9298111200332642,ankle_midpoint,820.723876953125,883.2884521484375,0.9905143976211548,0.9918326139450073,2.230109214782715,10.845425605773926,2.2327643101685553,10.84294020733008,0.0,0,two_ankles,accepted,2.230109214782715,10.845425605773926,0.0010723372233744628
270,9.0,detected,1,2,0.8850023150444031,ankle_midpoint,1025.1510009765625,626.9954833984375,0.9792795777320862,0.9853991270065308,3.5557425022125244,2.854322671890259,3.5629539551640734,2.8246765541499306,0.0,0,two_ankles,accepted,3.5557425022125244,2.854322671890259,0.005460602030846663
270,9.0,detected,2,15,0.8019571304321289,ankle_midpoint,1098.387451171875,568.9139404296875,0.9698306918144226,0.9681591391563416,4.307048320770264,-0.14425085484981537,4.326765736524925,-0.17874486479693757,0.0,0,two_ankles,accepted,4.307048320770264,-0.14425085484981537,0.03140590691008155
270,9.0,detected,3,1,0.8643075823783875,ankle_midpoint,1292.829833984375,825.1636962890625,0.9946138262748718,0.9876527786254883,5.087532997131348,9.460153579711914,5.068299464771645,9.511536934004301,0.0,0,two_ankles,accepted,5.087532997131348,9.460153579711914,0.008417086416916896
270,9.0,detected,4,3,0.9298065900802612,ankle_midpoint,822.0736083984375,883.3265991210938,0.9856847524642944,0.986024796962738,2.2378854751586914,10.846061706542969,2.2350688344141165,10.844344881975882,0.0,0,two_ankles,accepted,2.2378854751586914,10.846061706542969,0.00780223363040099
271,9.033333333333333,detected,1,2,0.886074960231781,ankle_midpoint,1024.855712890625,626.81689453125,0.978904664516449,0.9868306517601013,3.553401470184326,2.8462114334106445,3.5586553369231875,2.834367249817252,0.0,0,two_ankles,accepted,3.553401470184326,2.8462114334106445,0.008442311332225613
271,9.033333333333333,detected,2,15,0.7995243072509766,ankle_midpoint,1099.02978515625,569.6362915039062,0.9703580141067505,0.9708177447319031,4.311298847198486,-0.10295099020004272,4.319805636328027,-0.1446376212283349,0.0,0,two_ankles,accepted,4.311298847198486,-0.10295099020004272,0.04151801771528307
271,9.033333333333333,detected,3,1,0.8953162431716919,ankle_midpoint,1299.34033203125,824.68310546875,0.9958872199058533,0.9908220767974854,5.129272937774658,9.447403907775879,5.095737527623001,9.482677072201511,0.0,0,two_ankles,accepted,5.129272937774658,9.447403907775879,0.043643748457065534
271,9.033333333333333,detected,4,3,0.930156409740448,ankle_midpoint,822.017822265625,883.2946166992188,0.9855932593345642,0.9861191511154175,2.237532138824463,10.8453950881958,2.2361773213987726,10.844817474774846,0.0,0,two_ankles,accepted,2.237532138824463,10.8453950881958,0.0007544710636379634
272,9.066666666666666,detected,1,2,0.8830976486206055,ankle_midpoint,1024.666259765625,626.7590942382812,0.9777527451515198,0.9871447682380676,3.551849126815796,2.84360671043396,3.5555925423748613,2.8385250070947707,0.0,0,two_ankles,accepted,3.551849126815796,2.84360671043396,0.0030322189431319837
272,9.066666666666666,detected,2,15,0.7952636480331421,ankle_midpoint,1100.3680419921875,568.4257202148438,0.9719669222831726,0.9713212251663208,4.327088832855225,-0.17290222644805908,4.323083074765266,-0.1573566935772108,0.0,0,two_ankles,accepted,4.327088832855225,-0.17290222644805908,0.07171122017973058
272,9.066666666666666,detected,3,1,0.8970324397087097,ankle_midpoint,1300.5762939453125,824.9718627929688,0.9954830408096313,0.9911512732505798,5.136145114898682,9.454349517822266,5.113920941897058,9.469929672730851,0.0,0,two_ankles,accepted,5.136145114898682,9.454349517822266,0.009770788982493643
272,9.066666666666666,detected,4,3,0.9301438927650452,ankle_midpoint,822.427978515625,883.131591796875,0.9857811331748962,0.986088216304779,2.2397115230560303,10.841912269592285,2.2377677121445387,10.843510132442695,0.0,0,two_ankles,accepted,2.2397115230560303,10.841912269592285,0.004108496203454383
273,9.1,detected,1,2,0.8917423486709595,ankle_midpoint,1024.4615478515625,626.7325439453125,0.9799482822418213,0.9856857061386108,3.550140142440796,2.8424367904663086,3.553138962404532,2.840285309611963,0.0,0,two_ankles,accepted,3.550140142440796,2.8424367904663086,0.0020710722644812557
273,9.1,detected,2,15,0.8422547578811646,ankle_midpoint,1101.866943359375,569.022216796875,0.980739951133728,0.9786640405654907,4.339759826660156,-0.13898640871047974,4.330587613117967,-0.14909006538718184,0.0,0,two_ankles,accepted,4.339759826660156,-0.13898640871047974,0.03620547992795176
273,9.1,detected,3,1,0.900773286819458,ankle_midpoint,1307.19921875,828.1677856445312,0.9939945340156555,0.9906604886054993,5.168228626251221,9.531839370727539,5.138359399856432,9.497789036829362,0.0,0,two_ankles,accepted,5.168228626251221,9.531839370727539,0.08386911829743661
273,9.1,detected,4,3,0.9309030771255493,ankle_midpoint,822.9745483398438,883.203125,0.986040472984314,0.985453188419342,2.242919921875,10.843351364135742,2.2400862065232463,10.843438686704568,0.0,0,two_ankles,accepted,2.242919921875,10.843351364135742,0.003516364043521964
274,9.133333333333333,detected,1,2,0.883971631526947,ankle_midpoint,1022.7206420898438,625.2583618164062,0.9926291704177856,0.9940312504768372,3.5366547107696533,2.7750966548919678,3.545721049168837,2.810950414987965,0.0,0,two_ankles,accepted,3.5366547107696533,2.7750966548919678,0.06867714850317867
274,9.133333333333333,detected,2,15,0.7894455194473267,ankle_midpoint,1105.7060546875,568.837158203125,0.9866437315940857,0.9734660387039185,4.376654148101807,-0.15068870782852173,4.351317553860695,-0.1498094544857848,0.0,0,two_ankles,accepted,4.376654148101807,-0.15068870782852173,0.03870574581748749
274,9.133333333333333,detected,3,1,0.9046071171760559,ankle_midpoint,1312.3536376953125,823.3160400390625,0.9677568078041077,0.9728702902793884,5.214049816131592,9.411812782287598,5.172420087180254,9.459099722285568,0.0,0,two_ankles,accepted,5.214049816131592,9.411812782287598,0.12847553609377974
274,9.133333333333333,detected,4,3,0.9310200810432434,ankle_midpoint,823.390625,882.9732666015625,0.9855799674987793,0.983850359916687,2.2450647354125977,10.838458061218262,2.242326544523454,10.84119740523573,0.0,0,two_ankles,accepted,2.2450647354125977,10.838458061218262,0.005342718273808291
275,9.166666666666666,detected,1,2,0.8845577836036682,ankle_midpoint,1022.8775634765625,624.4126586914062,0.9934760928153992,0.9946367144584656,3.538705348968506,2.7360332012176514,3.542563984078688,2.777237668791324,0.0,0,two_ankles,accepted,3.538705348968506,2.7360332012176514,0.03911724082790167
275,9.166666666666666,detected,2,15,0.7694595456123352,ankle_midpoint,1108.807861328125,568.3723754882812,0.9895939826965332,0.9758411049842834,4.407351016998291,-0.1783118098974228,4.376532612272614,-0.16263551442102192,0.0,0,two_ankles,accepted,4.407351016998291,-0.1783118098974228,0.04129568413232642
275,9.166666666666666,detected,3,1,0.9090325832366943,ankle_midpoint,1312.328125,820.69482421875,0.9749279618263245,0.9807416796684265,5.221507549285889,9.346700668334961,5.19450944512779,9.408520148007796,0.0,0,two_ankles,accepted,5.221507549285889,9.346700668334961,0.06553781478796686
275,9.166666666666666,detected,4,3,0.931152880191803,ankle_midpoint,823.5748291015625,882.2547607421875,0.9849034547805786,0.982429027557373,2.245370626449585,10.823283195495605,2.243696381390213,10.833136010852675,0.0,0,two_ankles,accepted,2.245370626449585,10.823283195495605,0.015177948445924988
276,9.2,detected,1,2,0.8894198536872864,ankle_midpoint,1022.5767822265625,623.7222900390625,0.9930907487869263,0.9945637583732605,3.5367350578308105,2.7041525840759277,3.5399409672671434,2.744349380669396,0.0,0,two_ankles,accepted,3.5367350578308105,2.7041525840759277,0.031941443243918136
276,9.2,detected,2,15,0.7449003458023071,ankle_midpoint,1113.302734375,568.0796508789062,0.9859441518783569,0.9768437743186951,4.450858116149902,-0.19644096493721008,4.409979089017394,-0.17784796715330659,0.0,0,two_ankles,accepted,4.450858116149902,-0.19644096493721008,0.04713315116820415
276,9.2,detected,3,1,0.912006676197052,ankle_midpoint,1316.0849609375,823.881103515625,0.9704639911651611,0.9778549671173096,5.235617160797119,9.425268173217773,5.213007917178988,9.416056759352287,0.0,0,two_ankles,accepted,5.235617160797119,9.425268173217773,0.07982439452015037
276,9.2,detected,4,3,0.9315807819366455,ankle_midpoint,823.4486083984375,881.4938354492188,0.9849737882614136,0.9823480844497681,2.243849277496338,10.807223320007324,2.2437651846379696,10.821475299972267,0.0,0,two_ankles,accepted,2.243849277496338,10.807223320007324,0.016131773099589606
277,9.233333333333333,detected,1,2,0.8947785496711731,ankle_midpoint,1022.5028076171875,624.02490234375,0.9772533774375916,0.9834325909614563,3.535849094390869,2.718184471130371,3.53809962447282,2.732575171376835,0.0,0,two_ankles,accepted,3.535849094390869,2.718184471130371,0.014059828787206761
277,9.233333333333333,detected,2,15,0.7717321515083313,ankle_midpoint,1119.257568359375,566.3873901367188,0.9832219481468201,0.9701865911483765,4.5124592781066895,-0.2961181402206421,4.456095174107578,-0.23106954503360758,0.0,0,two_ankles,accepted,4.5124592781066895,-0.2961181402206421,0.11717611713532047
277,9.233333333333333,detected,3,1,0.9107304811477661,ankle_midpoint,1321.389892578125,824.0946044921875,0.9902713894844055,0.9924559593200684,5.267972469329834,9.429802894592285,5.237741965646869,9.422242520210286,0.0,0,two_ankles,accepted,5.267972469329834,9.429802894592285,0.032671542482589085
277,9.233333333333333,detected,4,3,0.9323480725288391,ankle_midpoint,823.4271850585938,880.7628173828125,0.9851320385932922,0.982879102230072,2.2429592609405518,10.791751861572266,2.243402518974132,10.808099752692268,0.0,0,two_ankles,accepted,2.2429592609405518,10.791751861572266,0.015497036993481015
278,9.266666666666667,detected,1,2,0.8962653279304504,ankle_midpoint,1022.4949340820312,623.9002685546875,0.9741989374160767,0.9820072054862976,3.5358877182006836,2.712416172027588,3.537104266650359,2.723503621669674,0.0,0,two_ankles,accepted,3.5358877182006836,2.712416172027588,0.005768428411435309
278,9.266666666666667,detected,2,15,0.7603873014450073,ankle_midpoint,1121.8062744140625,565.071044921875,0.9823806285858154,0.9662222266197205,4.540760517120361,-0.373561829328537,4.494194578463331,-0.29519107296632585,0.0,0,two_ankles,accepted,4.540760517120361,-0.373561829328537,0.08245292664514257
278,9.266666666666667,detected,3,1,0.9130542278289795,ankle_midpoint,1321.051025390625,827.2919921875,0.9847767353057861,0.9888491630554199,5.256433486938477,9.508498191833496,5.246153150228093,9.461057572440732,0.0,0,two_ankles,accepted,5.256433486938477,9.508498191833496,0.07953677088309909
278,9.266666666666667,detected,4,3,0.932577908039093,ankle_midpoint,823.4869384765625,880.7271118164062,0.9847766160964966,0.9822593927383423,2.243265151977539,10.790987968444824,2.243340703825665,10.800399449780919,0.0,0,two_ankles,accepted,2.243265151977539,10.790987968444824,0.0008228621006349612
279,9.3,detected,1,2,0.8979332447052002,ankle_midpoint,1022.772705078125,624.3450927734375,0.9691483378410339,0.9787567257881165,3.537871837615967,2.73293399810791,3.5374496735848826,2.7277472910668807,0.0,0,two_ankles,accepted,3.537871837615967,2.73293399810791,0.020613537224757335
279,9.3,detected,2,15,0.7393624782562256,ankle_midpoint,1125.83203125,565.8790283203125,0.9752823114395142,0.9497596621513367,4.576729774475098,-0.3275362551212311,4.531335416668626,-0.3097464049360332,0.0,0,two_ankles,accepted,4.576729774475098,-0.3275362551212311,0.05841353401193491
279,9.3,detected,3,1,0.908872127532959,ankle_midpoint,1317.5628662109375,832.331787109375,0.9869784116744995,0.985856294631958,5.220284938812256,9.631573677062988,5.234512455090966,9.537789819520748,0.0,0,two_ankles,accepted,5.220284938812256,9.631573677062988,0.1282742865741558
279,9.3,detected,4,3,0.9328410029411316,ankle_midpoint,823.281494140625,881.2820434570312,0.9839398860931396,0.9815635681152344,2.2426669597625732,10.802763938903809,2.2430375189972738,10.801463469886219,0.0,0,two_ankles,accepted,2.2426669597625732,10.802763938903809,0.011791154064675704
280,9.333333333333334,detected,1,2,0.8988890647888184,ankle_midpoint,1024.06201171875,625.134033203125,0.9751826524734497,0.9832727909088135,3.5481433868408203,2.7690582275390625,3.5422618445500547,2.7463372124793626,0.0,0,two_ankles,accepted,3.5481433868408203,2.7690582275390625,0.037556153629906275
280,9.333333333333334,detected,2,15,0.5183899998664856,ankle_midpoint,1134.775390625,562.3883666992188,0.9843137264251709,0.9532075524330139,4.673689842224121,-0.5349189043045044,4.595394908168599,-0.41107402965184525,0.0,0,two_ankles,accepted,4.673689842224121,-0.5349189043045044,0.2289297226665158
280,9.333333333333334,detected,3,1,0.9086161851882935,ankle_midpoint,1312.882080078125,835.7537841796875,0.9867638945579529,0.9888835549354553,5.181867599487305,9.714510917663574,5.210822270069318,9.617314313685021,0.0,0,two_ankles,accepted,5.181867599487305,9.714510917663574,0.09140283277474456
280,9.333333333333334,detected,4,3,0.9337673187255859,ankle_midpoint,823.3126220703125,882.2785034179688,0.9842811822891235,0.9822521209716797,2.2438907623291016,10.823817253112793,2.2434214784965967,10.811522672338178,0.0,0,two_ankles,accepted,2.2438907623291016,10.823817253112793,0.02108885326195013
281,9.366666666666667,detected,1,2,0.8932861089706421,ankle_midpoint,1023.2384643554688,623.641845703125,0.9836339950561523,0.9876540303230286,3.5424342155456543,2.7002716064453125,3.542339411498075,2.72560768976404,0.0,0,two_ankles,accepted,3.5424342155456543,2.7002716064453125,0.06902314016598114
281,9.366666666666667,detected,2,15,0.5435237288475037,ankle_midpoint,1134.4217529296875,563.27001953125,0.9765183329582214,0.9269795417785645,4.66735315322876,-0.48278775811195374,4.627776118445672,-0.44334520745889405,0.0,0,two_ankles,accepted,4.66735315322876,-0.48278775811195374,0.05251485533421017
281,9.366666666666667,detected,3,1,0.9111852049827576,ankle_midpoint,1311.3270263671875,837.8096923828125,0.9863370060920715,0.9881851673126221,5.166627407073975,9.76380443572998,5.1909345817214145,9.683234868605254,0.0,0,two_ankles,accepted,5.166627407073975,9.76380443572998,0.05159568187511861
281,9.366666666666667,detected,4,3,0.9339041113853455,ankle_midpoint,823.0693359375,882.8919677734375,0.9845422506332397,0.9828585386276245,2.2431373596191406,10.836784362792969,2.2432936250017415,10.822890433042835,0.0,0,two_ankles,accepted,2.2431373596191406,10.836784362792969,0.01298897798524137
282,9.4,detected,1,2,0.8908255100250244,ankle_midpoint,1025.4404296875,625.2344970703125,0.9919971823692322,0.9932242631912231,3.5597517490386963,2.773371458053589,3.5501749633913544,2.7471013854943376,0.0,0,two_ankles,accepted,3.5597517490386963,2.773371458053589,0.07512313406291471
282,9.4,detected,2,15,0.6000338196754456,ankle_midpoint,1137.663818359375,563.4859008789062,0.9859902858734131,0.9607569575309753,4.697742938995361,-0.4709894359111786,4.6592611876930325,-0.45578511026242213,0.0,0,two_ankles,accepted,4.697742938995361,-0.4709894359111786,0.03259968536187493
282,9.4,detected,3,1,0.917467474937439,ankle_midpoint,1311.541015625,839.8167724609375,0.9840699434280396,0.9865450263023376,5.162371635437012,9.811432838439941,5.178081255893433,9.740923955030865,0.0,0,two_ankles,accepted,5.162371635437012,9.811432838439941,0.04781815907088219
282,9.4,detected,4,3,0.9334051012992859,ankle_midpoint,822.9378662109375,883.026123046875,0.9858471751213074,0.9855291247367859,2.2425241470336914,10.839627265930176,2.242947359916119,10.830422007842138,0.0,0,two_ankles,accepted,2.2425241470336914,10.839627265930176,0.002908286079892227
283,9.433333333333334,detected,1,2,0.8823113441467285,ankle_midpoint,1028.2510986328125,626.183349609375,0.9918935894966125,0.9926873445510864,3.5827159881591797,2.8163745403289795,3.5648184245368757,2.7782743051699264,0.0,0,two_ankles,accepted,3.5827159881591797,2.8163745403289795,0.048750603725151505
283,9.433333333333334,detected,2,15,0.452371746301651,ankle_midpoint,1143.1429443359375,562.557373046875,0.9783138632774353,0.9339072704315186,4.75356912612915,-0.5272935628890991,4.701699759989285,-0.48796391394442684,0.0,0,two_ankles,accepted,4.75356912612915,-0.5272935628890991,0.07928882572369599
283,9.433333333333334,detected,3,1,0.9149386882781982,ankle_midpoint,1311.659912109375,839.9131469726562,0.982674777507782,0.9856263995170593,5.1628289222717285,9.813698768615723,5.171217705763667,9.773672621144051,0.0,0,two_ankles,accepted,5.1628289222717285,9.813698768615723,0.0023116121670213956
283,9.433333333333334,detected,4,3,0.9307862520217896,ankle_midpoint,820.9964599609375,883.0439453125,0.984026312828064,0.9861361980438232,2.231411933898926,10.840242385864258,2.2377564182083822,10.834841177952093,0.0,0,two_ankles,accepted,2.231411933898926,10.840242385864258,0.01112922518802467
284,9.466666666666667,detected,1,2,0.8881189227104187,ankle_midpoint,1028.54248046875,624.9554443359375,0.9829543232917786,0.9863494038581848,3.586334705352783,2.759791374206543,3.5745007509040345,2.769956986236404,0.0,0,two_ankles,accepted,3.586334705352783,2.759791374206543,0.0566987636775841
284,9.466666666666667,detected,2,15,0.5056564807891846,ankle_midpoint,1144.193115234375,563.4486083984375,0.9772061109542847,0.9301899075508118,4.760524749755859,-0.47502321004867554,4.728171005384244,-0.4821405971913387,0.0,0,two_ankles,accepted,4.760524749755859,-0.47502321004867554,0.05273111497113265
284,9.466666666666667,detected,3,1,0.913388729095459,ankle_midpoint,1310.985107421875,839.3870849609375,0.9823952317237854,0.9848130345344543,5.160174369812012,9.801326751708984,5.166248204585422,9.78611697989827,0.0,0,two_ankles,accepted,5.160174369812012,9.801326751708984,0.01265359439455866
284,9.466666666666667,detected,4,3,0.9309992790222168,ankle_midpoint,821.1544189453125,883.2191162109375,0.9846791625022888,0.9868417978286743,2.2325034141540527,10.843912124633789,2.2353925663839345,10.838923103958857,0.0,0,two_ankles,accepted,2.2325034141540527,10.843912124633789,0.0038286174768358268
285,9.5,detected,1,2,0.9013363718986511,ankle_midpoint,1031.172119140625,625.1346435546875,0.9861820936203003,0.988778829574585,3.6084840297698975,2.7674500942230225,3.589793226393673,2.7688288848303824,0.0,0,two_ankles,accepted,3.6084840297698975,2.7674500942230225,0.023436052663053084
285,9.5,detected,2,15,0.4316212832927704,ankle_midpoint,1145.46435546875,564.184814453125,0.9729021787643433,0.9153591990470886,4.770120143890381,-0.43210485577583313,4.747048117712006,-0.4596245135543613,0.0,0,two_ankles,accepted,4.770120143890381,-0.43210485577583313,0.04397791175221965
285,9.5,detected,3,1,0.9163715243339539,ankle_midpoint,1308.869140625,839.287841796875,0.9937485456466675,0.9930325746536255,5.147561073303223,9.799259185791016,5.157838995508433,9.792030972550007,0.0,0,two_ankles,accepted,5.147561073303223,9.799259185791016,0.012781630476734035
285,9.5,detected,4,3,0.928966224193573,ankle_midpoint,821.7968139648438,883.3665771484375,0.98453289270401,0.9871178865432739,2.2363412380218506,10.84693717956543,2.235819468620997,10.842529437981817,0.0,0,two_ankles,accepted,2.2363412380218506,10.84693717956543,0.004886701277925849
286,9.533333333333333,detected,1,2,0.8985850811004639,ankle_midpoint,1034.66552734375,624.50244140625,0.9870688915252686,0.9906398057937622,3.6387882232666016,2.737464427947998,3.611840974986491,2.7547148792333096,0.0,0,two_ankles,accepted,3.6387882232666016,2.737464427947998,0.0426319636592407
286,9.533333333333333,detected,2,15,0.4078950583934784,ankle_midpoint,1150.22265625,558.8314819335938,0.9798959493637085,0.9020484089851379,4.835355281829834,-0.7512211203575134,4.767498806391361,-0.441345783801015,0.0,0,two_ankles,corrected_motion_outlier,4.792494092555016,-0.4190051141024806,0.3257158478529168
286,9.533333333333333,detected,3,1,0.915485680103302,ankle_midpoint,1305.85400390625,841.33349609375,0.9929549098014832,0.9922310709953308,5.123645782470703,9.848044395446777,5.142452049641454,9.817237012853555,0.0,0,two_ankles,accepted,5.123645782470703,9.848044395446777,0.05433173857664247
286,9.533333333333333,detected,4,3,0.9324695467948914,ankle_midpoint,822.8628540039062,883.5066528320312,0.9850175976753235,0.987862229347229,2.2425975799560547,10.849753379821777,2.238869618721773,10.8457802118098,0.0,0,two_ankles,accepted,2.2425975799560547,10.849753379821777,0.006860961906433625
287,9.566666666666666,detected,1,2,0.8885219097137451,ankle_midpoint,1037.0186767578125,624.236328125,0.9880809783935547,0.9907896518707275,3.6590700149536133,2.7246172428131104,3.6330940429716962,2.74117094284422,0.0,0,two_ankles,accepted,3.6590700149536133,2.7246172428131104,0.024008357709877137
287,9.566666666666666,detected,2,15,0.3575492203235626,ankle_midpoint,1151.78125,558.8583984375,0.9779189229011536,0.9012546539306641,4.850358963012695,-0.7500514388084412,4.8047858768709615,-0.5802633285543568,0.0,0,two_ankles,accepted,4.850358963012695,-0.7500514388084412,0.16395753852465478
287,9.566666666666666,detected,3,1,0.9165958166122437,ankle_midpoint,1303.326904296875,843.6017456054688,0.9929405450820923,0.9919084906578064,5.102221488952637,9.901719093322754,5.124348297331487,9.855253949064695,0.0,0,two_ankles,accepted,5.102221488952637,9.901719093322754,0.057792504226981074
287,9.566666666666666,detected,4,3,0.9336862564086914,ankle_midpoint,823.8023681640625,883.8011474609375,0.9861096739768982,0.9886894822120667,2.2482874393463135,10.85583209991455,2.2431076380028165,10.850303561456938,0.0,0,two_ankles,accepted,2.2482874393463135,10.85583209991455,0.00832618387060985
288,9.6,detected,1,2,0.8862553238868713,ankle_midpoint,1042.7100830078125,624.2235717773438,0.9906072616577148,0.9915335774421692,3.7074735164642334,2.7227137088775635,3.666564806043338,2.7328651875592245,0.0,0,two_ankles,accepted,3.7074735164642334,2.7227137088775635,0.04844091658848316
288,9.6,detected,3,1,0.9212497472763062,ankle_midpoint,1297.8857421875,845.0806884765625,0.9929966330528259,0.9920557141304016,5.065395832061768,9.937049865722656,5.097819687960113,9.89206211156078,0.0,0,two_ankles,accepted,5.065395832061768,9.937049865722656,0.05103324880720136
288,9.6,detected,4,3,0.9352077841758728,ankle_midpoint,825.2955322265625,884.1908569335938,0.9856427311897278,0.9880661964416504,2.2572412490844727,10.863838195800781,2.249467762989562,10.856394146911668,0.0,0,two_ankles,accepted,2.2572412490844727,10.863838195800781,0.012011173138651802
288,9.6,predicted,2,,,motion_prediction,,,,,,,4.878943822991113,-0.7971772587514684,,1,,motion_prediction,4.878943822991113,-0.7971772587514684,
289,9.633333333333333,detected,1,2,0.874462902545929,ankle_midpoint,1051.592529296875,622.4525146484375,0.9830976128578186,0.9836052060127258,3.78532075881958,2.638441562652588,3.720004984792647,2.6903745563512382,0.0,0,two_ankles,accepted,3.78532075881958,2.638441562652588,0.11472570667333346
289,9.633333333333333,detected,2,15,0.2734479010105133,ankle_midpoint,1153.158203125,561.3905029296875,0.9590195417404175,0.8902866840362549,4.854207515716553,-0.5992555618286133,4.827025614351478,-0.5888098335277723,0.0,0,two_ankles,accepted,4.854207515716553,-0.5992555618286133,0.07542248980249484
289,9.633333333333333,detected,3,1,0.9121671319007874,ankle_midpoint,1292.48876953125,847.1800537109375,0.9927650094032288,0.9911098480224609,5.027392387390137,9.986653327941895,5.066127402703624,9.93462815893228,0.0,0,two_ankles,accepted,5.027392387390137,9.986653327941895,0.06248812103948324
289,9.633333333333333,detected,4,3,0.9353777766227722,ankle_midpoint,829.0909423828125,885.521484375,0.9869193434715271,0.9885474443435669,2.280301094055176,10.891276359558105,2.2633427619690885,10.872091142602565,0.0,0,two_ankles,accepted,2.280301094055176,10.891276359558105,0.03584144640561542
290,9.666666666666666,detected,1,2,0.8690900802612305,ankle_midpoint,1054.124267578125,622.25439453125,0.9908764958381653,0.9908204674720764,3.8071889877319336,2.628622055053711,3.7592377861153263,2.662585930767351,0.0,0,two_ankles,accepted,3.8071889877319336,2.628622055053711,0.02397169508498505
290,9.666666666666666,detected,3,1,0.9098939299583435,ankle_midpoint,1290.24560546875,845.1453857421875,0.9932675361633301,0.9918249249458313,5.019059181213379,9.939580917358398,5.044946703033014,9.936856900224035,0.0,0,two_ankles,accepted,5.019059181213379,9.939580917358398,0.04780433205605523
290,9.666666666666666,detected,4,3,0.9374646544456482,ankle_midpoint,829.8348388671875,885.5595703125,0.9860363006591797,0.9874201416969299,2.28459095954895,10.891982078552246,2.2729044508800262,10.881042063779923,0.0,0,two_ankles,accepted,2.28459095954895,10.891982078552246,0.00434752633728276
290,9.666666666666666,predicted,2,,,motion_prediction,,,,,,,4.873461171425699,-0.6034980663201112,,1,,motion_prediction,4.873461171425699,-0.6034980663201112,
291,9.7,detected,1,2,0.8582273125648499,ankle_midpoint,1059.817138671875,621.345947265625,0.9888689517974854,0.9891406297683716,3.8570942878723145,2.5848777294158936,3.803273211905971,2.6276172401591955,0.0,0,two_ankles,accepted,3.8570942878723145,2.5848777294158936,0.06636343125252721
291,9.7,detected,3,1,0.9109984040260315,ankle_midpoint,1285.0025634765625,848.177490234375,0.9926365613937378,0.9913253784179688,4.979787826538086,10.010777473449707,5.015625208610297,9.970121158175587,0.0,0,two_ankles,accepted,4.979787826538086,10.010777473449707,0.08130921778799441
291,9.7,detected,4,3,0.937217652797699,ankle_midpoint,830.837890625,886.2516479492188,0.9849372506141663,0.9851526021957397,2.2910051345825195,10.90633487701416,2.2810497585461484,10.89242382973533,0.0,0,two_ankles,accepted,2.2910051345825195,10.90633487701416,0.015720829019157573
291,9.7,predicted,2,,,motion_prediction,,,,,,,4.892714827134846,-0.6077405708116089,,2,,motion_prediction,4.892714827134846,-0.6077405708116089,
292,9.733333333333333,detected,1,2,0.857900857925415,ankle_midpoint,1066.913330078125,620.89111328125,0.9892966151237488,0.9917126893997192,3.91848087310791,2.5619289875030518,3.8551166594468436,2.598057526463931,0.0,0,two_ankles,accepted,3.91848087310791,2.5619289875030518,0.06553592604266212
292,9.733333333333333,detected,3,1,0.9146957397460938,ankle_midpoint,1278.695068359375,852.1521606445312,0.991382896900177,0.9890613555908203,4.932167053222656,10.103174209594727,4.9780690386858595,10.0299950313142,0.0,0,two_ankles,accepted,4.932167053222656,10.103174209594727,0.10394659639166594
292,9.733333333333333,detected,4,3,0.9362990856170654,ankle_midpoint,832.026611328125,887.37939453125,0.9844058752059937,0.9836889505386353,2.29889178276062,10.92972469329834,2.289078669442661,10.909209218338685,0.0,0,two_ankles,accepted,2.29889178276062,10.92972469329834,0.024683652997334382
292,9.733333333333333,predicted,2,,,motion_prediction,,,,,,,4.911968482843992,-0.6119830753031068,,3,,motion_prediction,4.911968482843992,-0.6119830753031068,
293,9.766666666666667,detected,1,2,0.8672789931297302,ankle_midpoint,1069.0859375,622.0406494140625,0.9895949363708496,0.9918925762176514,3.935237169265747,2.615177631378174,3.89117088886535,2.6057615736753403,0.0,0,two_ankles,accepted,3.935237169265747,2.615177631378174,0.05582285853903144
293,9.766666666666667,detected,3,1,0.9155305027961731,ankle_midpoint,1274.976318359375,852.78271484375,0.9898271560668945,0.987234890460968,4.90839958190918,10.118101119995117,4.946717783136354,10.069642771220614,0.0,0,two_ankles,accepted,4.90839958190918,10.118101119995117,0.02806608891060921
293,9.766666666666667,detected,4,3,0.9376710653305054,ankle_midpoint,832.8512573242188,888.5386962890625,0.9817934036254883,0.9811665415763855,2.304713010787964,10.953749656677246,2.2961141230480475,10.929252415591037,0.0,0,two_ankles,accepted,2.304713010787964,10.953749656677246,0.024720144843914625
293,9.766666666666667,predicted,2,,,motion_prediction,,,,,,,4.931222138553139,-0.6162255797946046,,4,,motion_prediction,4.931222138553139,-0.6162255797946046,
294,9.8,detected,1,2,0.8797326683998108,ankle_midpoint,1073.21923828125,623.2305297851562,0.9913091659545898,0.9926509261131287,3.96856427192688,2.6696202754974365,3.9259979112430385,2.6344979894952836,0.0,0,two_ankles,accepted,3.96856427192688,2.6696202754974365,0.06383335546939684
294,9.8,detected,3,1,0.9148304462432861,ankle_midpoint,1271.7386474609375,856.0721435546875,0.9875422120094299,0.9812775254249573,4.881303787231445,10.193456649780273,4.917281484979146,10.12535901657246,0.0,0,two_ankles,accepted,4.881303787231445,10.193456649780273,0.08007894828492386
294,9.8,detected,4,3,0.930504322052002,ankle_midpoint,836.9647827148438,889.9794921875,0.9870240688323975,0.9857172966003418,2.3294825553894043,10.983136177062988,2.311129917601658,10.953500108253415,0.0,0,two_ankles,accepted,2.3294825553894043,10.983136177062988,0.03843303162833226
294,9.8,predicted,2,,,motion_prediction,,,,,,,4.950475794262285,-0.6204680842861025,,5,,motion_prediction,4.950475794262285,-0.6204680842861025,
295,9.833333333333334,detected,1,2,0.8645305037498474,ankle_midpoint,1077.009033203125,622.58203125,0.9907885193824768,0.9922062754631042,4.001971244812012,2.638575792312622,3.9601859113490763,2.636333000763086,0.0,0,two_ankles,accepted,4.001971244812012,2.638575792312622,0.04560466833077685
295,9.833333333333334,detected,2,15,0.4104534685611725,ankle_midpoint,1149.79931640625,564.3319091796875,0.9635936617851257,0.930754542350769,4.811126232147217,-0.42469125986099243,4.81987089235956,-0.5149564753777214,0.0,0,two_ankles,accepted,4.811126232147217,-0.42469125986099243,0.02996696909164426
295,9.833333333333334,detected,3,1,0.914659857749939,ankle_midpoint,1265.933837890625,859.8563232421875,0.9890657663345337,0.9829322099685669,4.838090896606445,10.279620170593262,4.881645720211431,10.194776535881822,0.0,0,two_ankles,accepted,4.838090896606445,10.279620170593262,0.09639245943048905
295,9.833333333333334,detected,4,3,0.9278752207756042,ankle_midpoint,838.1407470703125,891.6597290039062,0.984478235244751,0.9824708104133606,2.337714672088623,11.01771354675293,2.3230930571207926,10.982396155578197,0.0,0,two_ankles,accepted,2.337714672088623,11.01771354675293,0.035543807337206225
296,9.866666666666667,detected,1,2,0.8936493992805481,ankle_midpoint,1079.030029296875,624.6083984375,0.9867449402809143,0.9875447750091553,4.015683174133301,2.732131242752075,3.9851596796019777,2.679442209658131,0.0,0,two_ankles,accepted,4.015683174133301,2.732131242752075,0.0945549539296646
296,9.866666666666667,detected,2,15,0.5576561689376831,ankle_midpoint,1154.0718994140625,560.384765625,0.9736802577972412,0.9762182235717773,4.866793155670166,-0.659374475479126,4.840985910849334,-0.5799445754233534,0.0,0,two_ankles,accepted,4.866793155670166,-0.659374475479126,0.24119497935773299
296,9.866666666666667,detected,3,1,0.9156174659729004,ankle_midpoint,1260.80615234375,861.7149658203125,0.9931578040122986,0.9900651574134827,4.803562164306641,10.32192611694336,4.846508120054276,10.251993847359515,0.0,0,two_ankles,accepted,4.803562164306641,10.32192611694336,0.05460793395477361
296,9.866666666666667,detected,4,3,0.931358277797699,ankle_midpoint,835.6881103515625,891.9332275390625,0.969170093536377,0.9826808571815491,2.324057102203369,11.023649215698242,2.3235268774079523,11.000960032632218,0.0,0,two_ankles,accepted,2.324057102203369,11.023649215698242,0.01489165474347769
297,9.9,detected,1,2,0.8955994248390198,ankle_midpoint,1080.609619140625,624.3724365234375,0.9844728112220764,0.9864278435707092,4.0295257568359375,2.7208542823791504,4.00512441435726,2.69807764238259,0.0,0,two_ankles,accepted,4.0295257568359375,2.7208542823791504,0.017854605319968672
297,9.9,detected,2,15,0.5774744153022766,ankle_midpoint,1151.05810546875,558.8402099609375,0.9588757157325745,0.9730956554412842,4.843419075012207,-0.7509363293647766,4.842080834722626,-0.6568908646969939,0.0,0,two_ankles,accepted,4.843419075012207,-0.7509363293647766,0.09449825783358129
297,9.9,detected,3,1,0.9138274788856506,ankle_midpoint,1251.558837890625,864.1641235351562,0.9930856227874756,0.9901635050773621,4.743641376495361,10.377680778503418,4.800218085452764,10.308552966374272,0.0,0,two_ankles,accepted,4.743641376495361,10.377680778503418,0.08184792665425944
297,9.9,detected,4,3,0.9285845160484314,ankle_midpoint,834.8361206054688,893.2908325195312,0.9906691312789917,0.9902617335319519,2.3205015659332275,11.051681518554688,2.3221654872443263,11.02378470129733,0.0,0,two_ankles,accepted,2.3205015659332275,11.051681518554688,0.02825689016158297
298,9.933333333333334,detected,1,2,0.8839176893234253,ankle_midpoint,1082.71337890625,624.1998291015625,0.9914673566818237,0.9928683638572693,4.047726154327393,2.7123796939849854,4.02429519734382,2.704513565603668,0.0,0,two_ankles,accepted,4.047726154327393,2.7123796939849854,0.020076680933298736
298,9.933333333333334,detected,3,1,0.9252262115478516,ankle_midpoint,1244.7615966796875,866.382080078125,0.9890811443328857,0.9851165413856506,4.698972225189209,10.427664756774902,4.754657448334164,10.362153272054556,0.0,0,two_ankles,accepted,4.698972225189209,10.427664756774902,0.06703529788295233
298,9.933333333333334,detected,4,3,0.9264249801635742,ankle_midpoint,835.2183837890625,893.1155395507812,0.9893476963043213,0.9893275499343872,2.3225016593933105,11.04803466796875,2.3223167647113696,11.03469718629947,0.0,0,two_ankles,accepted,2.3225016593933105,11.04803466796875,0.004159314011374893
298,9.933333333333334,predicted,2,,,motion_prediction,,,,,,,4.852128132947881,-0.8332362248816136,,1,,motion_prediction,4.852128132947881,-0.8332362248816136,
299,9.966666666666667,detected,1,2,0.8799253106117249,ankle_midpoint,1082.8076171875,624.5211791992188,0.9912996888160706,0.9932863116264343,4.047950267791748,2.727227210998535,4.0349399790453875,2.7147347060313582,0.0,0,two_ankles,accepted,4.047950267791748,2.727227210998535,0.014849208339590239
299,9.966666666666667,detected,3,1,0.9253768920898438,ankle_midpoint,1239.597412109375,867.10009765625,0.9875010251998901,0.9798770546913147,4.667168617248535,10.44416332244873,4.715287474345631,10.399057794731934,0.0,0,two_ankles,accepted,4.667168617248535,10.44416332244873,0.03582837070448098
299,9.966666666666667,detected,4,3,0.924813449382782,ankle_midpoint,834.9730224609375,893.1958618164062,0.9888033270835876,0.9886578917503357,2.3211874961853027,11.049714088439941,2.3218085938746396,11.041454792262682,0.0,0,two_ankles,accepted,2.3211874961853027,11.049714088439941,0.0021324816661200514
299,9.966666666666667,predicted,2,,,motion_prediction,,,,,,,4.860837190883554,-0.9155361203984507,,2,,motion_prediction,4.860837190883554,-0.9155361203984507,
300,10.0,detected,1,2,0.8858035206794739,ankle_midpoint,1083.6953125,624.611083984375,0.992449164390564,0.994032084941864,4.055334568023682,2.7311794757843018,4.04411754408562,2.722134852420183,0.0,0,two_ankles,accepted,4.055334568023682,2.7311794757843018,0.00837545741151761
300,10.0,detected,3,1,0.9234374165534973,ankle_midpoint,1230.261962890625,869.9805908203125,0.9905650615692139,0.9825047850608826,4.606739521026611,10.50859546661377,4.666440895352073,10.448349747078762,0.0,0,two_ankles,accepted,4.606739521026611,10.50859546661377,0.08833559232779789
300,10.0,detected,4,3,0.922681450843811,ankle_midpoint,833.7635498046875,892.013671875,0.9698281288146973,0.9814187288284302,2.3132195472717285,11.025540351867676,2.31794352290333,11.034293294084929,0.0,0,two_ankles,accepted,2.3132195472717285,11.025540351867676,0.025453049910661416
300,10.0,predicted,2,,,motion_prediction,,,,,,,4.869546248819228,-0.9978360159152877,,3,,motion_prediction,4.869546248819228,-0.9978360159152877,
301,10.033333333333333,detected,1,2,0.888891339302063,ankle_midpoint,1084.0323486328125,624.1834716796875,0.992797315120697,0.9936748147010803,4.058976650238037,2.711317777633667,4.050804141854208,2.717267168766251,0.0,0,two_ankles,accepted,4.058976650238037,2.711317777633667,0.020192865479744398
301,10.033333333333333,detected,3,1,0.9249440431594849,ankle_midpoint,1224.19189453125,870.7518920898438,0.9941592216491699,0.9917545318603516,4.56977653503418,10.526219367980957,4.622941933209021,10.48339107648475,0.0,0,two_ankles,accepted,4.56977653503418,10.526219367980957,0.04094953275529589
301,10.033333333333333,detected,4,3,0.9233407378196716,ankle_midpoint,833.6580810546875,892.2254638671875,0.9684675335884094,0.9812476634979248,2.3128225803375244,11.029915809631348,2.3156390987487177,11.032323426080819,0.0,0,two_ankles,accepted,2.3128225803375244,11.029915809631348,0.004393428432161822
301,10.033333333333333,predicted,2,,,motion_prediction,,,,,,,4.878255306754902,-1.0801359114321247,,4,,motion_prediction,4.878255306754902,-1.0801359114321247,
302,10.066666666666666,detected,1,2,0.8897175192832947,ankle_midpoint,1082.482421875,623.7005615234375,0.9902835488319397,0.9909431338310242,4.046657562255859,2.689296245574951,4.048938181034951,2.7046802533301664,0.0,0,two_ankles,accepted,4.046657562255859,2.689296245574951,0.025233069629470063
302,10.066666666666666,detected,3,1,0.9220090508460999,ankle_midpoint,1223.9130859375,872.5826416015625,0.9942650198936462,0.9924322366714478,4.564683437347412,10.566125869750977,4.596725610071298,10.520621733454552,0.0,0,two_ankles,accepted,4.564683437347412,10.566125869750977,0.0402301942273155
302,10.066666666666666,detected,4,3,0.9238269925117493,ankle_midpoint,833.7572631835938,892.2670288085938,0.9680869579315186,0.9814079403877258,2.3134241104125977,11.030759811401367,2.3146423539974634,11.031619799475067,0.0,0,two_ankles,accepted,2.3134241104125977,11.030759811401367,0.0010364253079762776
302,10.066666666666666,predicted,2,,,motion_prediction,,,,,,,4.886964364690575,-1.1624358069489618,,5,,motion_prediction,4.886964364690575,-1.1624358069489618,
303,10.1,detected,1,2,0.888818085193634,ankle_midpoint,1081.0301513671875,622.6358032226562,0.9911057353019714,0.9912712574005127,4.036184310913086,2.6401469707489014,4.043198939480112,2.675640276168597,0.0,0,two_ankles,accepted,4.036184310913086,2.6401469707489014,0.05025276320378292
303,10.1,detected,3,1,0.9177991151809692,ankle_midpoint,1227.438232421875,876.0731201171875,0.9781211018562317,0.9838449954986572,4.578578472137451,10.64118766784668,4.588559398001067,10.574876403931011,0.0,0,two_ankles,accepted,4.578578472137451,10.64118766784668,0.07633705211217222
303,10.1,detected,4,3,0.9250537753105164,ankle_midpoint,833.9996948242188,892.18359375,0.9665096402168274,0.981495201587677,2.3147194385528564,11.029011726379395,2.3146770420473906,11.030446166582015,0.0,0,two_ankles,accepted,2.3147194385528564,11.029011726379395,0.0021757013202623734
303,10.1,predicted,2,,,motion_prediction,,,,,,,4.895673422626249,-1.2447357024657988,,6,,motion_prediction,4.895673422626249,-1.2447357024657988,
304,10.133333333333333,detected,1,2,0.8866048455238342,ankle_midpoint,1080.34326171875,622.098876953125,0.9910944104194641,0.9918484687805176,4.031275749206543,2.6152782440185547,4.037833503857006,2.648477361701078,0.0,0,two_ankles,accepted,4.031275749206543,2.6152782440185547,0.025348521598223425
304,10.133333333333333,detected,3,1,0.9193880558013916,ankle_midpoint,1225.839599609375,876.8389282226562,0.9757968187332153,0.9835690855979919,4.567859649658203,10.657865524291992,4.579244511246778,10.612221508093453,0.0,0,two_ankles,accepted,4.567859649658203,10.657865524291992,0.019825338608762396
304,10.133333333333333,detected,4,3,0.925908088684082,ankle_midpoint,834.436767578125,892.356201171875,0.9650164246559143,0.9808682799339294,2.3173599243164062,11.032512664794922,2.3158843390684476,11.031376090777824,0.0,0,two_ankles,accepted,2.3173599243164062,11.032512664794922,0.004385058136082611
304,10.133333333333333,predicted,2,,,motion_prediction,,,,,,,4.904382480561923,-1.3270355979826358,,7,,motion_prediction,4.904382480561923,-1.3270355979826358,
305,10.166666666666666,detected,1,2,0.8848786354064941,ankle_midpoint,1079.4010009765625,622.3089599609375,0.991290807723999,0.9925628304481506,4.022859573364258,2.625295877456665,4.031095235135269,2.638045693791092,0.0,0,two_ankles,accepted,4.022859573364258,2.625295877456665,0.01308376839861555
305,10.166666666666666,detected,3,1,0.9216322302818298,ankle_midpoint,1225.584228515625,876.503173828125,0.9762667417526245,0.9843474626541138,4.567010879516602,10.650677680969238,4.573739376968199,10.629526785887556,0.0,0,two_ankles,accepted,4.567010879516602,10.650677680969238,0.0072377829744841235
305,10.166666666666666,detected,4,3,0.9275180697441101,ankle_midpoint,834.59619140625,892.292724609375,0.9640558958053589,0.9803691506385803,2.318203926086426,11.031187057495117,2.316928153226538,11.031291025800607,0.0,0,two_ankles,accepted,2.318203926086426,11.031187057495117,0.0015714877349478666
305,10.166666666666666,predicted,2,,,motion_prediction,,,,,,,4.913091538497597,-1.4093354934994728,,8,,motion_prediction,4.913091538497597,-1.4093354934994728,
306,10.2,detected,1,2,0.8933237195014954,ankle_midpoint,1078.982177734375,622.31591796875,0.9948713779449463,0.9961739182472229,4.0192718505859375,2.6257174015045166,4.0257747120880705,2.6324979622621334,0.0,0,two_ankles,accepted,4.0192718505859375,2.6257174015045166,0.0036124004840265966
306,10.2,detected,3,1,0.9211567640304565,ankle_midpoint,1225.3343505859375,876.5631713867188,0.9753225445747375,0.9844396114349365,4.565448760986328,10.651999473571777,4.570008599776357,10.639639495345456,0.0,0,two_ankles,accepted,4.565448760986328,10.651999473571777,0.0020463015385691896
306,10.2,detected,4,3,0.9288313984870911,ankle_midpoint,834.5588989257812,892.0077514648438,0.9652108550071716,0.9814777374267578,2.3177237510681152,11.025321960449219,2.317286172255248,11.028604946392484,0.0,0,two_ankles,accepted,2.3177237510681152,11.025321960449219,0.005884720163781462
306,10.2,predicted,2,,,motion_prediction,,,,,,,4.921800596433271,-1.4916353890163099,,9,,motion_prediction,4.921800596433271,-1.4916353890163099,
307,10.233333333333333,detected,1,2,0.8967235684394836,ankle_midpoint,1077.720703125,622.4389038085938,0.9939697980880737,0.995785653591156,4.008290767669678,2.6317429542541504,4.017906937099793,2.632158208658541,0.0,0,two_ankles,accepted,4.008290767669678,2.6317429542541504,0.012525632437222137
307,10.233333333333333,detected,3,1,0.9211956262588501,ankle_midpoint,1225.9813232421875,875.5143432617188,0.9870384931564331,0.9863221645355225,4.571179389953613,10.629327774047852,4.570535455356123,10.634999220761536,0.0,0,two_ankles,accepted,4.571179389953613,10.629327774047852,0.023384740059788224
307,10.233333333333333,detected,4,3,0.9290938377380371,ankle_midpoint,835.3865966796875,890.9801635742188,0.9657220840454102,0.9822982549667358,2.3214526176452637,11.004023551940918,2.319161072680755,11.017543318889281,0.0,0,two_ankles,accepted,2.3214526176452637,11.004023551940918,0.021622364600955044
307,10.233333333333333,predicted,2,,,motion_prediction,,,,,,,4.930509654368945,-1.573935284533147,,10,,motion_prediction,4.930509654368945,-1.573935284533147,
308,10.266666666666667,detected,1,2,0.9024983048439026,ankle_midpoint,1077.42041015625,623.1580810546875,0.9939184188842773,0.9956130981445312,4.004489421844482,2.665280818939209,4.011869055234904,2.647063383284842,0.0,0,two_ankles,accepted,4.004489421844482,2.665280818939209,0.033752608754228614
308,10.266666666666667,detected,3,1,0.9254148602485657,ankle_midpoint,1221.718994140625,873.7821655273438,0.978049099445343,0.9770232439041138,4.549654006958008,10.592425346374512,4.561138803576972,10.615840977287377,0.0,0,two_ankles,accepted,4.549654006958008,10.592425346374512,0.04272155523027667
308,10.266666666666667,detected,4,3,0.9291024804115295,ankle_midpoint,835.74755859375,890.37890625,0.9667951464653015,0.9830237030982971,2.3229382038116455,10.99155044555664,2.320860781689656,11.005846525889593,0.0,0,two_ankles,accepted,2.3229382038116455,10.99155044555664,0.012561263834950896
308,10.266666666666667,predicted,2,,,motion_prediction,,,,,,,4.939218712304618,-1.656235180049984,,11,,motion_prediction,4.939218712304618,-1.656235180049984,
309,10.3,detected,1,2,0.9004423022270203,ankle_midpoint,1078.1097412109375,623.5323486328125,0.9941369295120239,0.9954091906547546,4.009716987609863,2.6825029850006104,4.010900624803636,2.6630112040569376,0.0,0,two_ankles,accepted,4.009716987609863,2.6825029850006104,0.01799806788735577
309,10.3,detected,3,1,0.9201885461807251,ankle_midpoint,1224.9296875,875.9879150390625,0.9692751169204712,0.9667946100234985,4.564182281494141,10.639667510986328,4.562508368639698,10.626562917451906,0.0,0,two_ankles,accepted,4.564182281494141,10.639667510986328,0.04942562977046629
309,10.3,detected,4,3,0.9224178194999695,ankle_midpoint,837.6732177734375,887.4722900390625,0.968818187713623,0.9835870862007141,2.331181049346924,10.930970191955566,2.3255049021354264,10.972152175619282,0.0,0,two_ankles,accepted,2.331181049346924,10.930970191955566,0.06113846276190565
309,10.3,predicted,2,,,motion_prediction,,,,,,,4.947927770240292,-1.738535075566821,,12,,motion_prediction,4.947927770240292,-1.738535075566821,
310,10.333333333333334,detected,1,2,0.9020702242851257,ankle_midpoint,1076.430908203125,622.8568115234375,0.9888152480125427,0.9912659525871277,3.9965696334838867,2.651500940322876,4.004451678709749,2.65783158537661,0.0,0,two_ankles,accepted,3.9965696334838867,2.651500940322876,0.0336746149898417
310,10.333333333333334,detected,3,1,0.9249864816665649,ankle_midpoint,1221.350341796875,872.61767578125,0.9812198877334595,0.9801472425460815,4.549681663513184,10.56721019744873,4.556736351332766,10.59985419345048,0.0,0,two_ankles,accepted,4.549681663513184,10.56721019744873,0.07389404716833005
310,10.333333333333334,detected,4,3,0.9206930994987488,ankle_midpoint,838.3566284179688,887.4150390625,0.9659345149993896,0.9818381071090698,2.3350250720977783,10.929693222045898,2.3297889786184847,10.95304564651126,0.0,0,two_ankles,accepted,2.3350250720977783,10.929693222045898,0.004050575645421816
311,10.366666666666667,detected,1,2,0.8940544724464417,ankle_midpoint,1075.301025390625,622.8587646484375,0.9879107475280762,0.9911956787109375,3.986931324005127,2.6518537998199463,3.9965675190926695,2.6551415818761113,0.0,0,two_ankles,accepted,3.986931324005127,2.6518537998199463,0.00964476642708485
311,10.366666666666667,detected,3,1,0.924993097782135,ankle_midpoint,1223.078125,876.0992431640625,0.9939312934875488,0.9939011335372925,4.553229331970215,10.642297744750977,4.5551581926196185,10.618953791535704,0.0,0,two_ankles,accepted,4.553229331970215,10.642297744750977,0.07517130909694243
311,10.366666666666667,detected,4,3,0.9233264327049255,ankle_midpoint,837.906494140625,889.0867919921875,0.9695808291435242,0.9840328097343445,2.334009885787964,10.96451473236084,2.3316883868447507,10.958206735143571,0.0,0,two_ankles,accepted,2.334009885787964,10.96451473236084,0.034836305542597444
312,10.4,detected,1,2,0.8795013427734375,ankle_midpoint,1074.1025390625,622.7077026367188,0.9861453771591187,0.9912427663803101,3.976963520050049,2.645101547241211,3.98774571952349,2.650623566290406,0.0,0,two_ankles,accepted,3.976963520050049,2.645101547241211,0.012039519532519116
312,10.4,detected,3,1,0.9288159608840942,ankle_midpoint,1224.72216796875,879.871826171875,0.9899308681488037,0.9900978803634644,4.555721282958984,10.72294807434082,4.555411583272333,10.665751218798007,0.0,0,two_ankles,accepted,4.555721282958984,10.72294807434082,0.08068881882070685
312,10.4,detected,4,3,0.9264707565307617,ankle_midpoint,836.6634521484375,893.5880737304688,0.9678471684455872,0.9824240803718567,2.3311216831207275,11.057562828063965,2.3314333701689405,11.00291697695775,0.0,0,two_ankles,accepted,2.3311216831207275,11.057562828063965,0.09309290965817398
313,10.433333333333334,detected,1,2,0.8716292381286621,ankle_midpoint,1075.638427734375,621.9874877929688,0.994149923324585,0.9961736798286438,3.991286516189575,2.611173629760742,3.989339078023228,2.6328710948520575,0.0,0,two_ankles,accepted,3.991286516189575,2.611173629760742,0.03682732413540772
313,10.433333333333334,detected,2,15,0.6571992039680481,ankle_midpoint,1144.9512939453125,555.276611328125,0.9212906956672668,0.9494063258171082,4.797174453735352,-0.9647160768508911,4.797174453735352,-0.9647160768508911,0.4685228964897937,0,two_ankles,accepted,4.797174453735352,-0.9647160768508911,0.013670272467832954
313,10.433333333333334,detected,3,1,0.930337131023407,ankle_midpoint,1223.95263671875,884.4232788085938,0.9868669509887695,0.9871187210083008,4.542888641357422,10.819575309753418,4.549776259410623,10.734972059727944,0.0,0,two_ankles,accepted,4.542888641357422,10.819575309753418,0.09747563446295551
313,10.433333333333334,detected,4,3,0.9280149936676025,ankle_midpoint,834.552978515625,896.3763427734375,0.9637735486030579,0.9803950190544128,2.3217885494232178,11.11484432220459,2.3270932008333656,11.053284282318828,0.0,0,two_ankles,accepted,2.3217885494232178,11.11484432220459,0.058036858595189734
314,10.466666666666667,detected,1,2,0.88161301612854,ankle_midpoint,1074.556396484375,621.1491088867188,0.9907432198524475,0.9940604567527771,3.983457088470459,2.5722320079803467,3.9866921827244823,2.605583505759788,0.0,0,two_ankles,accepted,3.983457088470459,2.5722320079803467,0.03972089935155345
314,10.466666666666667,detected,2,15,0.5390782356262207,ankle_midpoint,1154.504638671875,561.887451171875,0.9267931580543518,0.9392156004905701,4.865321159362793,-0.5701531767845154,4.799266632690842,-0.9908931906788824,0.0,0,two_ankles,corrected_motion_outlier,4.801823740303108,-1.022887440913094,0.40040461485435197
314,10.466666666666667,detected,3,1,0.9293899536132812,ankle_midpoint,1223.753173828125,887.5166015625,0.9878087043762207,0.986933708190918,4.5361008644104,10.884580612182617,4.543622331660524,10.802295908332548,0.0,0,two_ankles,accepted,4.5361008644104,10.884580612182617,0.06535872749521804
314,10.466666666666667,detected,4,3,0.9256568551063538,ankle_midpoint,834.7154541015625,897.1690063476562,0.9877326488494873,0.9894912242889404,2.3234429359436035,11.130964279174805,2.325450581632973,11.088240280904017,0.0,0,two_ankles,accepted,2.3234429359436035,11.130964279174805,0.01620462919910271
315,10.5,detected,1,2,0.895801842212677,ankle_midpoint,1074.26220703125,620.522216796875,0.9901546239852905,0.993067741394043,3.9819962978363037,2.5429141521453857,3.9845790345248027,2.5773822966333073,0.0,0,two_ankles,accepted,3.9819962978363037,2.5429141521453857,0.029354225931480273
315,10.5,detected,2,15,0.7102667093276978,ankle_midpoint,1167.374755859375,572.9765625,0.9465630054473877,0.9628608226776123,4.945806503295898,0.06862618774175644,4.802509510071853,-1.0314677171122688,0.5080973189380483,0,two_ankles,corrected_motion_outlier,4.806473026870865,-1.0810588049752967,0.5219884390362564
315,10.5,detected,3,1,0.9271660447120667,ankle_midpoint,1223.89306640625,891.5252075195312,0.9884588122367859,0.9854414463043213,4.52964973449707,10.968029022216797,4.53733466293697,10.876875809580461,0.0,0,two_ankles,accepted,4.52964973449707,10.968029022216797,0.08369739670020354
315,10.5,detected,4,3,0.9311469793319702,ankle_midpoint,835.4283447265625,898.0396728515625,0.9896486401557922,0.9902787804603577,2.3282642364501953,11.148571014404297,2.326716726300723,11.115389110979145,0.0,0,two_ankles,accepted,2.3282642364501953,11.148571014404297,0.0182549188991982
316,10.533333333333333,detected,1,2,0.8960632085800171,ankle_midpoint,1072.07666015625,621.2062377929688,0.9934428930282593,0.995337724685669,3.9621500968933105,2.57548451423645,3.9744860125906314,2.5765282945547217,0.0,0,two_ankles,accepted,3.9621500968933105,2.57548451423645,0.03814053196551814
316,10.533333333333333,detected,2,15,0.7275974154472351,ankle_midpoint,1163.3597412109375,573.5123291015625,0.9009577035903931,0.9319454431533813,4.906011581420898,0.10001765936613083,4.806385271586899,-1.0799608204786226,0.592875357138167,0,two_ankles,corrected_motion_outlier,4.811122313438622,-1.1392301690374995,0.3567606495181482
316,10.533333333333333,detected,3,1,0.9312904477119446,ankle_midpoint,1224.9949951171875,892.1751708984375,0.9761433601379395,0.9592980742454529,4.534747123718262,10.98134994506836,4.536170270288551,10.923889170550016,0.0,0,two_ankles,accepted,4.534747123718262,10.98134994506836,0.01426290161536559
316,10.533333333333333,detected,4,3,0.9352023601531982,ankle_midpoint,838.421875,897.1453247070312,0.9746112823486328,0.9833225607872009,2.3443050384521484,11.130037307739258,2.3346314667688643,11.121980799521197,0.0,0,two_ankles,accepted,2.3443050384521484,11.130037307739258,0.02451133638975192
317,10.566666666666666,detected,1,2,0.8984413743019104,ankle_midpoint,1071.178466796875,621.6485595703125,0.9750086665153503,0.9830455780029297,3.9537458419799805,2.596381425857544,3.965152935815839,2.5854622036409918,0.0,0,two_ankles,accepted,3.9537458419799805,2.596381425857544,0.022523596869683932
317,10.566666666666666,detected,2,15,0.7515782713890076,ankle_midpoint,1145.088623046875,575.917236328125,0.8672810792922974,0.8786321878433228,4.72615385055542,0.24012725055217743,4.810609119375665,-1.1328091411581085,0.790319528731145,0,two_ankles,corrected_motion_outlier,4.815771600006379,-1.1974015330997023,0.3017336749585364
317,10.566666666666666,detected,3,1,0.9293107986450195,ankle_midpoint,1223.240478515625,892.5389404296875,0.9958561062812805,0.9865009188652039,4.524117946624756,10.989084243774414,4.530746724639844,10.953226953500995,0.0,0,two_ankles,accepted,4.524117946624756,10.989084243774414,0.013145295057912884
317,10.566666666666666,detected,4,3,0.9363231658935547,ankle_midpoint,839.381103515625,896.2156982421875,0.9898388385772705,0.9910690784454346,2.348874568939209,11.11098861694336,2.3410408627455195,11.11703431736117,0.0,0,two_ankles,accepted,2.348874568939209,11.11098861694336,0.019589109982587817
318,10.6,detected,1,2,0.9026188254356384,ankle_midpoint,1069.438232421875,623.1578369140625,0.9754269123077393,0.979742705821991,3.9364616870880127,2.6671183109283447,3.952241873888317,2.6222074519203007,0.0,0,two_ankles,accepted,3.9364616870880127,2.6671183109283447,0.07281791620095436
318,10.6,detected,2,15,0.6461549997329712,ankle_midpoint,1129.251953125,583.2968139648438,0.9342421889305115,0.9283578395843506,4.55584192276001,0.6508241891860962,4.815024414614976,-1.1880528313598169,1.2746692907949422,0,two_ankles,corrected_motion_outlier,4.820420886574135,-1.2555728971619051,0.3266932348056093
318,10.6,detected,3,1,0.9296342134475708,ankle_midpoint,1224.5732421875,892.8228149414062,0.9967917799949646,0.9847943186759949,4.531182765960693,10.994787216186523,4.530942943234226,10.971929071709482,0.0,0,two_ankles,accepted,4.531182765960693,10.994787216186523,0.009079403426586849
318,10.6,detected,4,3,0.9259515404701233,ankle_midpoint,846.1800537109375,897.827392578125,0.9936258792877197,0.9943292737007141,2.388601064682007,11.14297103881836,2.362442953616939,11.128705842016906,0.0,0,two_ankles,accepted,2.388601064682007,11.14297103881836,0.051000684044363705
319,10.633333333333333,detected,1,2,0.9033064842224121,ankle_midpoint,1069.142333984375,623.900390625,0.9821895360946655,0.9820222854614258,3.9327616691589355,2.7016448974609375,3.943475781760096,2.6579543024135877,0.0,0,two_ankles,accepted,3.9327616691589355,2.7016448974609375,0.03472427551826113
319,10.633333333333333,detected,2,15,0.47845304012298584,ankle_midpoint,1122.440185546875,583.9585571289062,0.9612065553665161,0.9476796388626099,4.491220474243164,0.6884698271751404,4.669312641447661,-0.34361763501908615,1.3798563686229635,0,two_ankles,accepted,4.491220474243164,0.6884698271751404,0.2802098157748876
319,10.633333333333333,detected,3,1,0.9385491609573364,ankle_midpoint,1224.156005859375,893.76953125,0.9811548590660095,0.9554842710494995,4.527113437652588,11.014366149902344,4.529219665722489,10.99102575689627,0.0,0,two_ankles,accepted,4.527113437652588,11.014366149902344,0.0199973517828645
319,10.633333333333333,detected,4,3,0.9179437756538391,ankle_midpoint,855.191162109375,894.6263427734375,0.9952130317687988,0.9951111674308777,2.4368093013763428,11.076607704162598,2.3959078101086706,11.105261679982469,0.0,0,two_ankles,accepted,2.4368093013763428,11.076607704162598,0.08202515633517404
320,10.666666666666666,detected,1,2,0.9041075110435486,ankle_midpoint,1069.60400390625,623.8712768554688,0.9823217391967773,0.9818447828292847,3.936737060546875,2.7001888751983643,3.940443357214147,2.6769598601667375,0.0,0,two_ankles,accepted,3.936737060546875,2.7001888751983643,0.004233643527319237
320,10.666666666666666,detected,2,15,0.5455039143562317,ankle_midpoint,1132.301025390625,583.1116333007812,0.9418536424636841,0.9072643518447876,4.584489822387695,0.639970064163208,4.631142372870677,0.0989968296129462,0.0,0,two_ankles,accepted,4.584489822387695,0.639970064163208,0.1051256311064023
320,10.666666666666666,detected,3,1,0.9341583847999573,ankle_midpoint,1225.548095703125,893.5225830078125,0.9803020358085632,0.9594823122024536,4.535459041595459,11.00910758972168,4.5320273848653265,10.999162581667704,0.0,0,two_ankles,accepted,4.535459041595459,11.00910758972168,0.00986415532850792
320,10.666666666666666,detected,4,3,0.9179798364639282,ankle_midpoint,858.852294921875,893.8207397460938,0.994381844997406,0.9941884279251099,2.4568867683410645,11.059654235839844,2.4233483413132477,11.084738330118288,0.0,0,two_ankles,accepted,2.4568867683410645,11.059654235839844,0.026277837960724824
321,10.7,detected,1,2,0.9121707081794739,ankle_midpoint,1068.0780029296875,624.18505859375,0.9773549437522888,0.9788599014282227,3.923257827758789,2.7150752544403076,3.932709868959236,2.6941117875898444,0.0,0,two_ankles,accepted,3.923257827758789,2.7150752544403076,0.020082181243340404
321,10.7,detected,2,15,0.5937207341194153,ankle_midpoint,1126.94873046875,581.1835327148438,0.966768205165863,0.9343779683113098,4.540830135345459,0.5362837314605713,4.590501865984329,0.2957759354443775,0.0,0,two_ankles,accepted,4.540830135345459,0.5362837314605713,0.11250343933386166
321,10.7,detected,3,1,0.9303076267242432,ankle_midpoint,1226.075439453125,890.5211181640625,0.9845342636108398,0.9657754898071289,4.543895244598389,10.94693374633789,4.537367921745204,10.97565960576929,0.0,0,two_ankles,accepted,4.543895244598389,10.94693374633789,0.06274357594382528
321,10.7,detected,4,3,0.9330782890319824,ankle_midpoint,863.8087768554688,893.734130859375,0.9815601110458374,0.9796388149261475,2.4848711490631104,11.05727767944336,2.4510336048006858,11.072381037314571,0.0,0,two_ankles,accepted,2.4848711490631104,11.05727767944336,0.028085113222169587
322,10.733333333333333,detected,1,2,0.9019010663032532,ankle_midpoint,1060.241455078125,620.492919921875,0.9689713716506958,0.9759714007377625,3.8619675636291504,2.5448131561279297,3.9008758315606977,2.626927403431983,0.0,0,two_ankles,accepted,3.8619675636291504,2.5448131561279297,0.18095767073770241
322,10.733333333333333,detected,2,15,0.4886355698108673,ankle_midpoint,1127.374267578125,581.427001953125,0.9659799933433533,0.9360849261283875,4.544046878814697,0.5494869947433472,4.569597121757996,0.40994591212891385,0.0,0,two_ankles,accepted,4.544046878814697,0.5494869947433472,0.013589466503920778
322,10.733333333333333,detected,3,1,0.9314336776733398,ankle_midpoint,1224.73486328125,888.0841064453125,0.9866364598274231,0.9741223454475403,4.540681838989258,10.896327018737793,4.538859184505029,10.939959941605117,0.0,0,two_ankles,accepted,4.540681838989258,10.896327018737793,0.05070864673800002
322,10.733333333333333,detected,4,3,0.9178102612495422,ankle_midpoint,877.7139892578125,895.676513671875,0.9913166761398315,0.9898725748062134,2.5648081302642822,11.095367431640625,2.502232141259304,11.082724914761297,0.0,0,two_ankles,accepted,2.5648081302642822,11.095367431640625,0.08854801062703559
323,10.766666666666667,detected,1,2,0.8871001601219177,ankle_midpoint,1052.796630859375,617.8887329101562,0.962252140045166,0.9672236442565918,3.8017306327819824,2.4237630367279053,3.856260492110276,2.535503438415148,0.0,0,two_ankles,accepted,3.8017306327819824,2.4237630367279053,0.13520953829019114
323,10.766666666666667,detected,2,15,0.524307131767273,ankle_midpoint,1118.5723876953125,582.7701416015625,0.9680077433586121,0.9270506501197815,4.4589314460754395,0.6250329613685608,4.519797567700845,0.5067350842867551,0.0,0,two_ankles,accepted,4.4589314460754395,0.6250329613685608,0.11380610688240334
323,10.766666666666667,detected,3,1,0.9301687479019165,ankle_midpoint,1224.10595703125,887.393798828125,0.9892304539680481,0.9784115552902222,4.538342475891113,10.881967544555664,4.538626665628767,10.913863362932865,0.0,0,two_ankles,accepted,4.538342475891113,10.881967544555664,0.014548784089819569
323,10.766666666666667,detected,4,3,0.9204545021057129,ankle_midpoint,881.0245971679688,894.0431518554688,0.9898982048034668,0.987941324710846,2.5825014114379883,11.061535835266113,2.538353312839712,11.073189828988465,0.0,0,two_ankles,accepted,2.5825014114379883,11.061535835266113,0.038178909255499896
324,10.8,detected,1,2,0.8875836133956909,ankle_midpoint,1039.8819580078125,617.0726318359375,0.9706814885139465,0.9738894104957581,3.691549777984619,2.38808274269104,3.7821406707537304,2.4691641253392995,0.0,0,two_ankles,accepted,3.691549777984619,2.38808274269104,0.11581409303895106
324,10.8,detected,2,15,0.4210219383239746,ankle_midpoint,1112.42919921875,580.1682739257812,0.9597256779670715,0.8822091817855835,4.409249782562256,0.4844759702682495,4.47005106438848,0.4967184829784276,0.0,0,two_ankles,accepted,4.409249782562256,0.4844759702682495,0.14907895705501223
324,10.8,detected,3,1,0.9289630651473999,ankle_midpoint,1221.347900390625,883.6533203125,0.9925515651702881,0.9873512387275696,4.529330730438232,10.803645133972168,4.5344434947930266,10.864265159900553,0.0,0,two_ankles,accepted,4.529330730438232,10.803645133972168,0.07883914989215231
324,10.8,detected,4,3,0.9221699833869934,ankle_midpoint,883.5093994140625,894.3043212890625,0.9863161444664001,0.9842425584793091,2.5967166423797607,11.066590309143066,2.5646168111327343,11.070220045058036,0.0,0,two_ankles,accepted,2.5967166423797607,11.066590309143066,0.015087097033582263
325,10.833333333333334,detected,1,2,0.8862928748130798,ankle_midpoint,1022.38525390625,621.306396484375,0.9872841835021973,0.9868465065956116,3.5371592044830322,2.5917437076568604,3.6718990109319165,2.524324937382202,0.0,0,two_ankles,accepted,3.5371592044830322,2.5917437076568604,0.25556650374600737
325,10.833333333333334,detected,2,15,0.6234146952629089,ankle_midpoint,1092.8741455078125,576.7957153320312,0.964218020439148,0.8860765695571899,4.235919952392578,0.30320313572883606,4.364692063990325,0.4096365767161114,0.0,0,two_ankles,accepted,4.235919952392578,0.30320313572883606,0.2508048455843764
325,10.833333333333334,detected,3,1,0.9264680743217468,ankle_midpoint,1215.20068359375,881.9251708984375,0.9945650100708008,0.9872595071792603,4.497072219848633,10.767815589904785,4.51762642106805,10.820862853402458,0.0,0,two_ankles,accepted,4.497072219848633,10.767815589904785,0.0482116970613547
325,10.833333333333334,detected,4,3,0.9216665625572205,ankle_midpoint,884.5634765625,897.6915283203125,0.9858324527740479,0.9857137203216553,2.6046650409698486,11.135603904724121,2.582638514559436,11.099642781907775,0.0,0,two_ankles,accepted,2.6046650409698486,11.135603904724121,0.0694698021817558
326,10.866666666666667,detected,1,2,0.8777024745941162,ankle_midpoint,1018.9207763671875,621.3890991210938,0.9764283299446106,0.9786462187767029,3.507483720779419,2.5964162349700928,3.5979121303632926,2.556766021296753,0.0,0,two_ankles,accepted,3.507483720779419,2.5964162349700928,0.03004108594136238
326,10.866666666666667,detected,2,15,0.534153163433075,ankle_midpoint,1086.797119140625,577.1910400390625,0.9690092206001282,0.8805049657821655,4.178343772888184,0.3268246650695801,4.280835332994362,0.37237121647517235,0.0,0,two_ankles,accepted,4.178343772888184,0.3268246650695801,0.06223337605110212
326,10.866666666666667,detected,3,1,0.9261096715927124,ankle_midpoint,1211.9581298828125,881.26904296875,0.9942084550857544,0.9881442189216614,4.479550838470459,10.754284858703613,4.5004924088991345,10.790902755787979,0.0,0,two_ankles,accepted,4.479550838470459,10.754284858703613,0.02213773909498851
326,10.866666666666667,detected,4,3,0.9220349788665771,ankle_midpoint,884.52490234375,898.6588745117188,0.9863910675048828,0.9860507845878601,2.6050119400024414,11.155248641967773,2.592706556008789,11.124665418934775,0.0,0,two_ankles,accepted,2.6050119400024414,11.155248641967773,0.019647799884744226
327,10.9,detected,1,2,0.8757131695747375,ankle_midpoint,1008.1788940429688,626.087158203125,0.983009397983551,0.9816116690635681,3.41277813911438,2.816561460494995,3.514601834301282,2.673673968935962,0.0,0,two_ankles,accepted,3.41277813911438,2.816561460494995,0.23965197165874413
327,10.9,detected,2,15,0.4501752555370331,ankle_midpoint,1062.1944580078125,581.8873291015625,0.9678149819374084,0.9214220643043518,3.9408328533172607,0.5918535590171814,4.200987129233236,0.3301458223786207,0.0,0,two_ankles,corrected_motion_outlier,4.10339488019186,0.27853700737172427,0.355881653843682
327,10.9,detected,3,1,0.9220508933067322,ankle_midpoint,1205.508544921875,879.918212890625,0.9919465184211731,0.9847366213798523,4.4446940422058105,10.726329803466797,4.475383143887139,10.761844927243448,0.0,0,two_ankles,accepted,4.4446940422058105,10.726329803466797,0.044682002631134
327,10.9,detected,4,3,0.9233700037002563,ankle_midpoint,885.0264892578125,900.0369873046875,0.9852173924446106,0.9833400845527649,2.608630895614624,11.183088302612305,2.5998725088314147,11.150955716589664,0.0,0,two_ankles,accepted,2.608630895614624,11.183088302612305,0.028073894359807124
328,10.933333333333334,detected,1,2,0.8687530159950256,ankle_midpoint,1006.57861328125,625.2166748046875,0.9663370847702026,0.9661213755607605,3.3997397422790527,2.776888847351074,3.4629138928912795,2.7201206642227627,0.0,0,two_ankles,accepted,3.3997397422790527,2.776888847351074,0.04176022061367342
328,10.933333333333334,detected,2,15,0.3987484276294708,ankle_midpoint,1062.97021484375,583.6721801757812,0.9551441669464111,0.9337888360023499,3.9448821544647217,0.6885886788368225,4.085739890587405,0.49144510778481154,0.0,0,two_ankles,accepted,3.9448821544647217,0.6885886788368225,0.2152774540760642
328,10.933333333333334,detected,3,1,0.9162638187408447,ankle_midpoint,1201.015380859375,878.7630615234375,0.9900392889976501,0.9718664884567261,4.420703887939453,10.70222282409668,4.45077747871068,10.735014980827403,0.0,0,two_ankles,accepted,4.420703887939453,10.70222282409668,0.034009909674606355
328,10.933333333333334,detected,4,3,0.9272071123123169,ankle_midpoint,884.486328125,900.5836181640625,0.9835501909255981,0.9802013039588928,2.605914354324341,11.194192886352539,2.6025913393032316,11.170412442982958,0.0,0,two_ankles,accepted,2.605914354324341,11.194192886352539,0.01143203291745135
329,10.966666666666667,detected,1,2,0.8763716220855713,ankle_midpoint,1008.9112548828125,624.5725708007812,0.9887418150901794,0.987896203994751,3.4199345111846924,2.746640920639038,3.4435731711233153,2.732054779610087,0.0,0,two_ankles,accepted,3.4199345111846924,2.746640920639038,0.036369846872497266
329,10.966666666666667,detected,2,15,0.28154900670051575,ankle_midpoint,1050.3291015625,583.69677734375,0.9561624526977539,0.9107441306114197,3.828594923019409,0.6932388544082642,3.970024655181807,0.5822522937653652,0.0,0,two_ankles,accepted,3.828594923019409,0.6932388544082642,0.11638017155022977
329,10.966666666666667,detected,3,1,0.9140883684158325,ankle_midpoint,1195.4525146484375,881.2772216796875,0.9961801767349243,0.9860868453979492,4.384403228759766,10.756508827209473,4.420909066232769,10.744687211699336,0.0,0,two_ankles,accepted,4.384403228759766,10.756508827209473,0.06530473176456664
329,10.966666666666667,detected,4,3,0.9251298904418945,ankle_midpoint,884.0364379882812,900.1417846679688,0.9821112751960754,0.9777529239654541,2.6031312942504883,11.185323715209961,2.602834319029497,11.17712251548511,0.0,0,two_ankles,accepted,2.6031312942504883,11.185323715209961,0.0092955699196452
330,11.0,detected,1,2,0.8764861822128296,ankle_midpoint,1006.0590209960938,624.9039306640625,0.9807872772216797,0.9737618565559387,3.395514965057373,2.762591600418091,3.421946978393642,2.7457963489736885,0.0,0,two_ankles,accepted,3.395514965057373,2.762591600418091,0.029167420497503007
330,11.0,detected,2,15,0.26308074593544006,ankle_midpoint,1047.556884765625,590.818115234375,0.9615161418914795,0.9042023420333862,3.792910575866699,1.0738004446029663,3.8618660619391516,0.6422657532420777,0.0,0,two_ankles,corrected_motion_outlier,3.729672225753684,0.7156155370469485,0.38223094663205326
330,11.0,detected,3,1,0.9012572765350342,ankle_midpoint,1191.538330078125,883.6175537109375,0.9908720850944519,0.9702892899513245,4.358083724975586,10.806574821472168,4.3926376626670365,10.772536636097112,0.0,0,two_ankles,accepted,4.358083724975586,10.806574821472168,0.05656253230679907
330,11.0,detected,4,3,0.9201325178146362,ankle_midpoint,883.4788818359375,899.674560546875,0.9848530292510986,0.9806752800941467,2.5997252464294434,11.175945281982422,2.6014352363594733,11.176592760408901,0.0,0,two_ankles,accepted,2.5997252464294434,11.175945281982422,0.009977783900378562
331,11.033333333333333,detected,1,2,0.8706351518630981,ankle_midpoint,1005.8557739257812,624.2171630859375,0.9769797325134277,0.9762892127037048,3.3941903114318848,2.7309212684631348,3.4094564782608514,2.7391025627439394,0.0,0,two_ankles,accepted,3.3941903114318848,2.7309212684631348,0.03169802254659792
331,11.033333333333333,detected,3,1,0.9017584323883057,ankle_midpoint,1186.6973876953125,883.5805053710938,0.9939753413200378,0.9810225367546082,4.330325126647949,10.806390762329102,4.364597021458447,10.787770992901507,0.0,0,two_ankles,accepted,4.330325126647949,10.806390762329102,0.027759208542089638
331,11.033333333333333,detected,4,3,0.9188976883888245,ankle_midpoint,883.1573486328125,898.2730712890625,0.9864711165428162,0.98305743932724,2.5970892906188965,11.147584915161133,2.599479560776214,11.163539230047405,0.0,0,two_ankles,accepted,2.5970892906188965,11.147584915161133,0.028482602923069186
331,11.033333333333333,predicted,2,,,motion_prediction,,,,,,,3.630749528487959,0.7379922196856328,,1,,motion_prediction,3.630749528487959,0.7379922196856328,
332,11.066666666666666,detected,1,2,0.8749567270278931,ankle_midpoint,998.5469360351562,623.2230834960938,0.9713740944862366,0.9641345739364624,3.332542657852173,2.6865594387054443,3.374845259076946,2.7154581569266165,0.0,0,two_ankles,accepted,3.332542657852173,2.6865594387054443,0.07595001732280562
332,11.066666666666666,detected,2,15,0.28985339403152466,ankle_midpoint,1031.50341796875,589.60791015625,0.9655887484550476,0.9092974066734314,3.648761749267578,1.0141403675079346,3.765969121236944,0.8096093296617133,0.0,0,two_ankles,accepted,3.648761749267578,1.0141403675079346,0.12261853742912258
332,11.066666666666666,detected,3,1,0.9071091413497925,ankle_midpoint,1184.907470703125,882.7984619140625,0.9944111704826355,0.9833309054374695,4.3212571144104,10.79007625579834,4.345094063286826,10.788808361205081,0.0,0,two_ankles,accepted,4.3212571144104,10.79007625579834,0.01866526102905079
332,11.066666666666666,detected,4,3,0.9157401919364929,ankle_midpoint,882.7402954101562,897.9281005859375,0.9864131212234497,0.9847528338432312,2.594536304473877,11.140629768371582,2.597255095440162,11.153229972293285,0.0,0,two_ankles,accepted,2.594536304473877,11.140629768371582,0.007408900398902676
333,11.1,detected,1,2,0.8913264274597168,ankle_midpoint,995.817138671875,620.9427490234375,0.9840134978294373,0.9808347821235657,3.3102803230285645,2.5809199810028076,3.3457910378551747,2.654915977760903,0.0,0,two_ankles,accepted,3.3102803230285645,2.5809199810028076,0.10795974516228546
333,11.1,detected,3,1,0.9144960045814514,ankle_midpoint,1180.680908203125,880.2068481445312,0.9984086155891418,0.9933180809020996,4.3009185791015625,10.735572814941406,4.325215095403458,10.764852365386428,0.0,0,two_ankles,accepted,4.3009185791015625,10.735572814941406,0.058174574203461976
333,11.1,detected,4,3,0.9285485744476318,ankle_midpoint,878.8514404296875,896.3615112304688,0.9719220995903015,0.9681127667427063,2.571659564971924,11.109210968017578,2.585737106729455,11.133421420369217,0.0,0,two_ankles,accepted,2.571659564971924,11.109210968017578,0.03886497428180004
333,11.1,predicted,2,,,motion_prediction,,,,,,,3.5634814591071433,1.0661237210847077,,1,,motion_prediction,3.5634814591071433,1.0661237210847077,
334,11.133333333333333,detected,1,2,0.881118893623352,ankle_midpoint,988.7974853515625,621.8924560546875,0.9701035022735596,0.9654664993286133,3.2499635219573975,2.626919746398926,3.302668655701175,2.642317673648013,0.0,0,two_ankles,accepted,3.2499635219573975,2.626919746398926,0.07585575065844805
334,11.133333333333333,detected,3,1,0.9145033955574036,ankle_midpoint,1179.849365234375,879.1705322265625,0.9966773986816406,0.988669216632843,4.2977094650268555,10.713571548461914,4.312837561733987,10.741775997770397,0.0,0,two_ankles,accepted,4.2977094650268555,10.713571548461914,0.02223407609607625
334,11.133333333333333,detected,4,3,0.9269487261772156,ankle_midpoint,877.4442749023438,895.8321533203125,0.9791891574859619,0.9768585562705994,2.5633840560913086,11.098578453063965,2.5756782339422895,11.117742085081854,0.0,0,two_ankles,accepted,2.5633840560913086,11.098578453063965,0.01347347102538732
334,11.133333333333333,predicted,2,,,motion_prediction,,,,,,,3.4782011689467085,1.1181070746614805,,2,,motion_prediction,3.4782011689467085,1.1181070746614805,
335,11.166666666666666,detected,1,2,0.8761837482452393,ankle_midpoint,984.1695556640625,621.3284912109375,0.9638193845748901,0.9602929949760437,3.2106075286865234,2.601670742034912,3.261241148544582,2.6240265544221177,0.0,0,two_ankles,accepted,3.2106075286865234,2.601670742034912,0.04675902509367644
335,11.166666666666666,detected,3,1,0.9178315997123718,ankle_midpoint,1179.50341796875,877.5732421875,0.9950937032699585,0.9917388558387756,4.298163890838623,10.679431915283203,4.306234409831074,10.713721160651161,0.0,0,two_ankles,accepted,4.298163890838623,10.679431915283203,0.03414265743019048
335,11.166666666666666,detected,4,3,0.929976761341095,ankle_midpoint,870.778076171875,895.6446533203125,0.9645518660545349,0.965094804763794,2.525622844696045,11.095552444458008,2.5531533087814795,11.107756746801124,0.0,0,two_ankles,accepted,2.525622844696045,11.095552444458008,0.037882262526426756
335,11.166666666666666,predicted,2,,,motion_prediction,,,,,,,3.3929208787862732,1.1700904282382536,,3,,motion_prediction,3.3929208787862732,1.1700904282382536,
336,11.2,detected,1,2,0.8487779498100281,ankle_midpoint,971.5186767578125,615.6852416992188,0.9500381350517273,0.9452561736106873,3.102792263031006,2.338175058364868,3.1899391500634726,2.4953933811963553,0.0,0,two_ankles,accepted,3.102792263031006,2.338175058364868,0.2847000295418209
336,11.2,detected,3,1,0.9166641235351562,ankle_midpoint,1175.16650390625,874.6870727539062,0.9951547384262085,0.9947570562362671,4.277421951293945,10.617860794067383,4.293268803489366,10.67058399568846,0.0,0,two_ankles,accepted,4.277421951293945,10.617860794067383,0.06497100140715321
336,11.2,detected,4,3,0.9293754696846008,ankle_midpoint,864.879638671875,898.5989990234375,0.9768936038017273,0.9820957183837891,2.494448184967041,11.156388282775879,2.5267360030649826,11.129640937989764,0.0,0,two_ankles,accepted,2.494448184967041,11.156388282775879,0.06835831063636177
336,11.2,predicted,2,,,motion_prediction,,,,,,,3.3076405886258384,1.2220737818150267,,4,,motion_prediction,3.3076405886258384,1.2220737818150267,
337,11.233333333333333,detected,1,2,0.8817057013511658,ankle_midpoint,964.2997436523438,616.8743286132812,0.969474732875824,0.9527238011360168,3.040567398071289,2.396488904953003,3.12272186166699,2.450886366886847,0.0,0,two_ankles,accepted,3.040567398071289,2.396488904953003,0.08527859358103596
337,11.233333333333333,detected,3,1,0.926973819732666,ankle_midpoint,1166.513916015625,873.89453125,0.9856292605400085,0.982941210269928,4.228301525115967,10.601814270019531,4.264033528221336,10.639637619137442,0.0,0,two_ankles,accepted,4.228301525115967,10.601814270019531,0.05167501525809659
337,11.233333333333333,detected,4,3,0.9311276078224182,ankle_midpoint,856.6063232421875,897.5157470703125,0.9924436211585999,0.9939702749252319,2.4470643997192383,11.13538646697998,2.490883781559398,11.132226426035363,0.0,0,two_ankles,accepted,2.4470643997192383,11.13538646697998,0.05182952219666642
337,11.233333333333333,predicted,2,,,motion_prediction,,,,,,,3.2223602984654036,1.2740571353917995,,5,,motion_prediction,3.2223602984654036,1.2740571353917995,
338,11.266666666666667,detected,1,2,0.8713604807853699,ankle_midpoint,959.850830078125,616.7564086914062,0.9779971241950989,0.9591493606567383,3.00223708152771,2.3919363021850586,3.0685037106043143,2.4243588377710426,0.0,0,two_ankles,accepted,3.00223708152771,2.3919363021850586,0.03859973261945824
338,11.266666666666667,detected,3,1,0.9255145788192749,ankle_midpoint,1164.080810546875,873.3871459960938,0.9935142993927002,0.9917765855789185,4.214881896972656,10.591134071350098,4.241915294159431,10.617811022633138,0.0,0,two_ankles,accepted,4.214881896972656,10.591134071350098,0.017150891030010763
338,11.266666666666667,detected,4,3,0.9283251762390137,ankle_midpoint,848.055419921875,898.1600341796875,0.9941722750663757,0.9953813552856445,2.3994381427764893,11.149499893188477,2.4497332441070894,11.139999486254265,0.0,0,two_ankles,accepted,2.3994381427764893,11.149499893188477,0.049673424984788536
338,11.266666666666667,predicted,2,,,motion_prediction,,,,,,,3.1370800083049684,1.3260404889685726,,6,,motion_prediction,3.1370800083049684,1.3260404889685726,
339,11.3,detected,1,2,0.8279327750205994,ankle_midpoint,949.8250732421875,620.9887084960938,0.9929540753364563,0.9772496223449707,2.9171760082244873,2.5937819480895996,3.0004062445333926,2.5005992374143933,0.0,0,two_ankles,accepted,2.9171760082244873,2.5937819480895996,0.2190366429666908
339,11.3,detected,3,1,0.9202687740325928,ankle_midpoint,1160.75830078125,876.2483520507812,0.9937020540237427,0.9926173090934753,4.191507339477539,10.653324127197266,4.2192317145525795,10.633791919686995,0.0,0,two_ankles,accepted,4.191507339477539,10.653324127197266,0.06643773765237954
339,11.3,detected,4,3,0.9160768985748291,ankle_midpoint,834.988525390625,897.6766357421875,0.993516206741333,0.9947569370269775,2.3254523277282715,11.141251564025879,2.3938068317366215,11.14056292125149,0.0,0,two_ankles,accepted,2.3254523277282715,11.141251564025879,0.07444417883436989
339,11.3,predicted,2,,,motion_prediction,,,,,,,3.0517997181445335,1.3780238425453457,,7,,motion_prediction,3.0517997181445335,1.3780238425453457,
340,11.333333333333334,detected,1,2,0.848090410232544,ankle_midpoint,943.445556640625,620.548095703125,0.9907825589179993,0.9529575705528259,2.86249041557312,2.574648857116699,2.9383441215012702,2.533921566280431,0.0,0,two_ankles,accepted,2.86249041557312,2.574648857116699,0.057936078688573214
340,11.333333333333334,detected,3,1,0.9170781373977661,ankle_midpoint,1150.5802001953125,881.677490234375,0.9862159490585327,0.9845696091651917,4.125310897827148,10.770576477050781,4.176967347026136,10.695344970500699,0.0,0,two_ankles,accepted,4.125310897827148,10.770576477050781,0.13464799453888943
340,11.333333333333334,detected,4,3,0.9253457188606262,ankle_midpoint,819.28662109375,894.2684326171875,0.9909560084342957,0.9905410408973694,2.2334976196289062,11.073613166809082,2.3216676862881496,11.110435531752408,0.0,0,two_ankles,accepted,2.2334976196289062,11.073613166809082,0.11415174602123553
340,11.333333333333334,predicted,2,,,motion_prediction,,,,,,,2.9665194279840987,1.4300071961221188,,8,,motion_prediction,2.9665194279840987,1.4300071961221188,
341,11.366666666666667,detected,1,2,0.8553814888000488,ankle_midpoint,940.9908447265625,620.2966918945312,0.9929138422012329,0.9654561281204224,2.8413891792297363,2.5634419918060303,2.8947143974790803,2.5472057577669505,0.0,0,two_ankles,accepted,2.8413891792297363,2.5634419918060303,0.023892593105621997
341,11.366666666666667,detected,3,1,0.9168061017990112,ankle_midpoint,1148.018798828125,881.7338256835938,0.9875497221946716,0.9868595600128174,4.1104888916015625,10.772089958190918,4.147052042085078,10.729880214961298,0.0,0,two_ankles,accepted,4.1104888916015625,10.772089958190918,0.014899076941638292
341,11.366666666666667,detected,4,3,0.9156964421272278,ankle_midpoint,811.86669921875,893.6446533203125,0.9873846769332886,0.9842218160629272,2.1908633708953857,11.061722755432129,2.262805744361406,11.088514782408282,0.0,0,two_ankles,accepted,2.1908633708953857,11.061722755432129,0.044261281587690965
341,11.366666666666667,predicted,2,,,motion_prediction,,,,,,,2.881239137823664,1.4819905496988919,,9,,motion_prediction,2.881239137823664,1.4819905496988919,
342,11.4,detected,1,2,0.8549264669418335,ankle_midpoint,935.7425537109375,619.5823364257812,0.9880930781364441,0.9638667106628418,2.7961156368255615,2.5311384201049805,2.8503449551849966,2.5399754558190644,0.0,0,two_ankles,accepted,2.7961156368255615,2.5311384201049805,0.05561667363720595
342,11.4,detected,3,1,0.9224558472633362,ankle_midpoint,1142.362060546875,876.5026245117188,0.990358293056488,0.9893592596054077,4.084523677825928,10.661097526550293,4.118914278168461,10.698928005176347,0.0,0,two_ankles,accepted,4.084523677825928,10.661097526550293,0.1139890881089643
342,11.4,detected,4,3,0.9183005690574646,ankle_midpoint,797.71826171875,893.501220703125,0.9915394186973572,0.9898987412452698,2.1106462478637695,11.060490608215332,2.19433397093747,11.075903904021455,0.0,0,two_ankles,accepted,2.1106462478637695,11.060490608215332,0.08022658545789739
342,11.4,predicted,2,,,motion_prediction,,,,,,,2.795958847663229,1.5339739032756647,,10,,motion_prediction,2.795958847663229,1.5339739032756647,
343,11.433333333333334,detected,1,2,0.8517934679985046,ankle_midpoint,929.6668701171875,617.7755126953125,0.9888986945152283,0.9700714945793152,2.7429399490356445,2.4473636150360107,2.8020127024177883,2.4983001274666905,0.0,0,two_ankles,accepted,2.7429399490356445,2.4473636150360107,0.09922636613458442
343,11.433333333333334,detected,3,1,0.9268208146095276,ankle_midpoint,1139.41943359375,874.5813598632812,0.993587851524353,0.9922993779182434,4.069875240325928,10.620073318481445,4.096846711139321,10.663443396163641,0.0,0,two_ankles,accepted,4.069875240325928,10.620073318481445,0.043561018914478014
343,11.433333333333334,detected,4,3,0.9156001806259155,ankle_midpoint,780.1053466796875,897.6399536132812,0.9856464266777039,0.9806028008460999,2.0164315700531006,11.14709186553955,2.114277890539504,11.1079384867046,0.0,0,two_ankles,accepted,2.0164315700531006,11.14709186553955,0.12796946231466202
343,11.433333333333334,predicted,2,,,motion_prediction,,,,,,,2.710678557502794,1.5859572568524378,,11,,motion_prediction,2.710678557502794,1.5859572568524378,
344,11.466666666666667,detected,1,2,0.8364580869674683,ankle_midpoint,927.7210693359375,617.34814453125,0.9960195422172546,0.9827370643615723,2.7259347438812256,2.4275858402252197,2.767777621076335,2.4664786982080287,0.0,0,two_ankles,accepted,2.7259347438812256,2.4275858402252197,0.02608327776201136
344,11.466666666666667,detected,3,1,0.925053596496582,ankle_midpoint,1137.3037109375,875.1837768554688,0.9927219748497009,0.9912461638450623,4.056837558746338,10.633339881896973,4.078842592562479,10.649896814743641,0.0,0,two_ankles,accepted,4.056837558746338,10.633339881896973,0.018600614125049337
344,11.466666666666667,detected,4,3,0.9091241955757141,ankle_midpoint,774.0112915039062,898.7264404296875,0.993658721446991,0.9924099445343018,1.983594536781311,11.169854164123535,2.055470381348317,11.135800541543121,0.0,0,two_ankles,accepted,1.983594536781311,11.169854164123535,0.0399548869466436
344,11.466666666666667,predicted,2,,,motion_prediction,,,,,,,2.625398267342359,1.6379406104292107,,12,,motion_prediction,2.625398267342359,1.6379406104292107,
345,11.5,detected,1,2,0.806257426738739,ankle_midpoint,914.2515869140625,617.941162109375,0.996049702167511,0.9800229072570801,2.6106202602386475,2.45881986618042,2.697056808699376,2.4630322237956053,0.0,0,two_ankles,accepted,2.6106202602386475,2.45881986618042,0.11946963846569779
345,11.5,detected,2,15,0.6036995649337769,ankle_midpoint,941.1627807617188,577.9259033203125,0.9610471725463867,0.8633925318717957,2.822540044784546,0.4065658748149872,2.822540044784546,0.4065658748149872,0.6640662880391178,0,two_ankles,accepted,2.822540044784546,0.4065658748149872,0.07888982164607013
345,11.5,detected,3,1,0.9193451404571533,ankle_midpoint,1135.0811767578125,876.4186401367188,0.9936781525611877,0.9923612475395203,4.042429447174072,10.66020393371582,4.062456677137696,10.654535018281123,0.0,0,two_ankles,accepted,4.042429447174072,10.66020393371582,0.0304839459257588
345,11.5,detected,4,3,0.9071672558784485,ankle_midpoint,758.88525390625,904.9991455078125,0.9938567280769348,0.9910863041877747,1.9076017141342163,11.297698020935059,1.9889294811019718,11.208654407269494,0.0,0,two_ankles,accepted,1.9076017141342163,11.297698020935059,0.14872444593380774
346,11.533333333333333,detected,1,2,0.8336367607116699,ankle_midpoint,907.6570434570312,614.4517822265625,0.9854879975318909,0.9634342789649963,2.5505170822143555,2.294351816177368,2.6311139317811167,2.3871260403673986,0.0,0,two_ankles,accepted,2.5505170822143555,2.294351816177368,0.17510605780619376
346,11.533333333333333,detected,2,15,0.5882815718650818,ankle_midpoint,931.3274536132812,578.537109375,0.9885818362236023,0.9268003702163696,2.7316102981567383,0.44293370842933655,2.781621658802033,0.4229313999414444,0.0,0,two_ankles,accepted,2.7316102981567383,0.44293370842933655,0.09793282464831846
346,11.533333333333333,detected,3,1,0.9142430424690247,ankle_midpoint,1133.2423095703125,876.2714233398438,0.9943080544471741,0.9935666918754578,4.031949043273926,10.657269477844238,4.048728241898999,10.655765525084526,0.0,0,two_ankles,accepted,4.031949043273926,10.657269477844238,0.010883468986149034
346,11.533333333333333,detected,4,3,0.9173489212989807,ankle_midpoint,745.683837890625,909.6983642578125,0.989751935005188,0.984524667263031,1.8410664796829224,11.392409324645996,1.9223911304633996,11.29134412008892,0.0,0,two_ankles,accepted,1.8410664796829224,11.392409324645996,0.11574613805269744
347,11.566666666666666,detected,1,2,0.8258609771728516,ankle_midpoint,904.2557373046875,616.622314453125,0.9845735430717468,0.9666393995285034,2.5233895778656006,2.398679256439209,2.5826379725191346,2.3923249875997135,0.0,0,two_ankles,accepted,2.5233895778656006,2.398679256439209,0.10779664319346721
347,11.566666666666666,detected,2,15,0.6576343774795532,ankle_midpoint,930.2978515625,577.748046875,0.9876696467399597,0.9157001376152039,2.721486806869507,0.39963623881340027,2.7545609754323963,0.41244857743382457,0.0,0,two_ankles,accepted,2.721486806869507,0.39963623881340027,0.04446522181419515
347,11.566666666666666,detected,3,1,0.9118399024009705,ankle_midpoint,1130.78369140625,873.7291870117188,0.9919396042823792,0.9905565977096558,4.020723342895508,10.602737426757812,4.036126037347429,10.631902880837504,0.0,0,two_ankles,accepted,4.020723342895508,10.602737426757812,0.05567549680675121
347,11.566666666666666,detected,4,3,0.9240512251853943,ankle_midpoint,740.873046875,909.9812622070312,0.9913780689239502,0.9865559339523315,1.8148242235183716,11.398547172546387,1.873986022338137,11.33958549369478,0.0,0,two_ankles,accepted,1.8148242235183716,11.398547172546387,0.026950495087367746
348,11.6,detected,1,2,0.7901729345321655,ankle_midpoint,893.7953491210938,618.4454345703125,0.984017550945282,0.964982271194458,2.4355387687683105,2.4874324798583984,2.516443330831264,2.4351233591161217,0.0,0,two_ankles,accepted,2.4355387687683105,2.4874324798583984,0.12487953926222285
348,11.6,detected,2,15,0.453987181186676,ankle_midpoint,924.6167602539062,581.7819213867188,0.9572681784629822,0.8968803286552429,2.672034978866577,0.622431218624115,2.717424276977778,0.5069407659694554,0.0,0,two_ankles,accepted,2.672034978866577,0.622431218624115,0.22821719111777736
348,11.6,detected,3,1,0.9056318402290344,ankle_midpoint,1129.13330078125,873.0645751953125,0.9905994534492493,0.9885457158088684,4.011911869049072,10.588550567626953,4.025229661613168,10.612394339892756,0.0,0,two_ankles,accepted,4.011911869049072,10.588550567626953,0.016700570150305218
348,11.6,detected,4,3,0.9257388710975647,ankle_midpoint,734.274658203125,910.6605224609375,0.9883473515510559,0.9848679900169373,1.7793201208114624,11.412686347961426,1.8313863666511336,11.372480878114771,0.0,0,two_ankles,accepted,1.7793201208114624,11.412686347961426,0.0382159337245605
349,11.633333333333333,detected,1,2,0.6244530081748962,ankle_midpoint,884.0599975585938,619.3824462890625,0.941704511642456,0.913460373878479,2.3532943725585938,2.533827304840088,2.4430262996085625,2.4795401346919066,0.0,0,two_ankles,accepted,2.3532943725585938,2.533827304840088,0.09442785866989929
349,11.633333333333333,detected,2,15,0.37588611245155334,ankle_midpoint,922.4012451171875,583.8973388671875,0.969108521938324,0.9169945120811462,2.653430700302124,0.7376217246055603,2.688627167473734,0.6107471973557026,0.0,0,two_ankles,accepted,2.653430700302124,0.7376217246055603,0.1166832115137613
349,11.633333333333333,detected,3,1,0.9049442410469055,ankle_midpoint,1128.8956298828125,875.2664794921875,0.9860343337059021,0.9819955825805664,4.007932186126709,10.636178970336914,4.017445797644262,10.623097423592629,0.0,0,two_ankles,accepted,4.007932186126709,10.636178970336914,0.04779437854878714
349,11.633333333333333,detected,4,3,0.9364870190620422,ankle_midpoint,730.084228515625,912.6092529296875,0.989876925945282,0.9869851469993591,1.7592260837554932,11.451398849487305,1.7989142393480955,11.407993965232412,0.0,0,two_ankles,accepted,1.7592260837554932,11.451398849487305,0.043616832755231566
350,11.666666666666666,detected,1,2,0.7083091139793396,ankle_midpoint,879.4274291992188,618.37353515625,0.9312840104103088,0.9003592133522034,2.3121774196624756,2.487410306930542,2.384144303632824,2.4830817121992927,0.0,0,two_ankles,accepted,2.3121774196624756,2.487410306930542,0.06200920504567357
350,11.666666666666666,detected,2,15,0.3026534914970398,ankle_midpoint,917.3031005859375,585.9508666992188,0.9696882367134094,0.8709772229194641,2.6085870265960693,0.8492757081985474,2.652609104078785,0.7180850272349828,0.0,0,two_ankles,accepted,2.6085870265960693,0.8492757081985474,0.12032276228394245
350,11.666666666666666,detected,3,1,0.906606912612915,ankle_midpoint,1128.4244384765625,873.5792236328125,0.9885669946670532,0.984477162361145,4.0071797370910645,10.599788665771484,4.012826070395324,10.612608482573116,0.0,0,two_ankles,accepted,4.0071797370910645,10.599788665771484,0.036398082997817
350,11.666666666666666,detected,4,3,0.9283014535903931,ankle_midpoint,725.8759765625,911.2691040039062,0.9872980117797852,0.9815796613693237,1.7337995767593384,11.42562484741211,1.769612641183155,11.415927862213277,0.0,0,two_ankles,accepted,1.7337995767593384,11.42562484741211,0.036205060985968256
351,11.7,detected,1,2,0.7485763430595398,ankle_midpoint,866.9971923828125,623.9291381835938,0.9843217134475708,0.9694886207580566,2.214545965194702,2.749631643295288,2.3078250513356693,2.6030291811924906,0.0,0,two_ankles,accepted,2.214545965194702,2.749631643295288,0.2798069515691242
351,11.7,detected,2,15,0.2553630471229553,ankle_midpoint,907.9560546875,582.63134765625,0.971924364566803,0.8786981701850891,2.519469738006592,0.6729510426521301,2.5926963893462984,0.6977747341726992,0.0,0,two_ankles,accepted,2.519469738006592,0.6729510426521301,0.1975658847210118
351,11.7,detected,3,1,0.9027981162071228,ankle_midpoint,1128.2786865234375,871.5711059570312,0.9928932785987854,0.98530513048172,4.008699893951416,10.556221961975098,4.010969290995566,10.587234548304007,0.0,0,two_ankles,accepted,4.008699893951416,10.556221961975098,0.04359321686411971
351,11.7,detected,4,3,0.9228693246841431,ankle_midpoint,721.871337890625,907.6920166015625,0.9923155307769775,0.9888461232185364,1.705698847770691,11.355570793151855,1.740851434147546,11.388767181135638,0.0,0,two_ankles,accepted,1.705698847770691,11.355570793151855,0.07547994096441789
352,11.733333333333333,detected,1,2,0.7923818826675415,ankle_midpoint,861.8336181640625,622.7003173828125,0.9867454171180725,0.9594855904579163,2.1686360836029053,2.69393253326416,2.2451900158559255,2.643935689624742,0.0,0,two_ankles,accepted,2.1686360836029053,2.69393253326416,0.07218107844880475
352,11.733333333333333,detected,2,15,0.20823167264461517,ankle_midpoint,903.192138671875,578.015869140625,0.9407052397727966,0.8277105689048767,2.4700043201446533,0.42168140411376953,2.5374849582055585,0.5735327356461809,0.0,0,two_ankles,accepted,2.4700043201446533,0.42168140411376953,0.2560922857398375
352,11.733333333333333,detected,3,1,0.8957623243331909,ankle_midpoint,1121.985595703125,867.31396484375,0.9965761303901672,0.9872990250587463,3.9768640995025635,10.463886260986328,3.995621954823715,10.531727819011053,0.0,0,two_ankles,accepted,3.9768640995025635,10.463886260986328,0.09766984941770436
352,11.733333333333333,detected,4,3,0.9132524132728577,ankle_midpoint,718.8094482421875,902.12646484375,0.9934782981872559,0.9940306544303894,1.67922043800354,11.24498462677002,1.7131174858827434,11.324065031671111,0.0,0,two_ankles,accepted,1.67922043800354,11.24498462677002,0.11371194475000528
353,11.766666666666667,detected,1,2,0.7545610070228577,ankle_midpoint,855.454345703125,624.0072021484375,0.9803143739700317,0.9672259092330933,2.116698741912842,2.755897283554077,2.187368942581538,2.6943184068929433,0.0,0,two_ankles,accepted,2.116698741912842,2.755897283554077,0.0808524442445754
353,11.766666666666667,detected,2,15,0.24404706060886383,ankle_midpoint,897.3518676757812,578.221435546875,0.9169226288795471,0.789118230342865,2.4160654544830322,0.4345875084400177,2.482846181530422,0.5110073834034075,0.0,0,two_ankles,accepted,2.4160654544830322,0.4345875084400177,0.05546141683857715
353,11.766666666666667,detected,3,1,0.8904207944869995,ankle_midpoint,1119.513427734375,867.3176879882812,0.9968482851982117,0.9877210259437561,3.9623661041259766,10.464282989501953,3.980656822009733,10.501377645731958,0.0,0,two_ankles,accepted,3.9623661041259766,10.464282989501953,0.014503422473838564
353,11.766666666666667,detected,4,3,0.9180544018745422,ankle_midpoint,716.98779296875,900.23828125,0.993780791759491,0.9939292669296265,1.6657650470733643,11.207218170166016,1.6918088884185227,11.271483943993818,0.0,0,two_ankles,accepted,1.6657650470733643,11.207218170166016,0.040091804517955625
354,11.8,detected,1,2,0.797446072101593,ankle_midpoint,843.8621826171875,623.7680053710938,0.9839096665382385,0.9725443124771118,2.017850399017334,2.747520923614502,2.111085597977646,2.718259539417645,0.0,0,two_ankles,accepted,2.017850399017334,2.747520923614502,0.099202612359883
354,11.8,detected,2,15,0.27218037843704224,ankle_midpoint,887.9097290039062,579.3328247070312,0.8849537968635559,0.7369115948677063,2.330145835876465,0.4982783794403076,2.4141310259861415,0.5052793316200126,0.0,0,two_ankles,accepted,2.330145835876465,0.4982783794403076,0.10695189530940334
354,11.8,detected,3,1,0.872590959072113,ankle_midpoint,1114.918212890625,865.244384765625,0.998063862323761,0.9898586869239807,3.9377024173736572,10.419148445129395,3.961327339923499,10.464374505460805,0.0,0,two_ankles,accepted,3.9377024173736572,10.419148445129395,0.051433690708863125
354,11.8,detected,4,3,0.9186813235282898,ankle_midpoint,710.88720703125,896.1539306640625,0.9935177564620972,0.9936919212341309,1.6242715120315552,11.1251859664917,1.6614170690443875,11.205649854117866,0.0,0,two_ankles,accepted,1.6242715120315552,11.1251859664917,0.09192929832175577
355,11.833333333333334,detected,1,2,0.8555996417999268,ankle_midpoint,842.9163818359375,624.627197265625,0.9741805195808411,0.9706092476844788,2.0115222930908203,2.787374496459961,2.066282110778575,2.7493612700866876,0.0,0,two_ankles,accepted,2.0115222930908203,2.787374496459961,0.04035284615941586
355,11.833333333333334,detected,2,15,0.41525402665138245,ankle_midpoint,879.4271240234375,588.519287109375,0.9390832185745239,0.8302690386772156,2.266719102859497,0.995756983757019,2.3466904672625315,0.4970357348752737,0.0,0,two_ankles,corrected_motion_outlier,2.2642631177114527,0.48696022774281494,0.5015056452465005
355,11.833333333333334,detected,3,1,0.8635098338127136,ankle_midpoint,1111.4169921875,860.9389038085938,0.9976932406425476,0.9881073832511902,3.921773672103882,10.323874473571777,3.943528189404671,10.401149491110743,0.0,0,two_ankles,accepted,3.921773672103882,10.323874473571777,0.09659634870030565
355,11.833333333333334,detected,4,3,0.9207034111022949,ankle_midpoint,704.5526123046875,891.3998413085938,0.9937868118286133,0.9932536482810974,1.5797921419143677,11.028569221496582,1.6246858518358787,11.125963569438289,0.0,0,two_ankles,accepted,1.5797921419143677,11.028569221496582,0.10636357355539186
356,11.866666666666667,detected,1,2,0.8410113453865051,ankle_midpoint,835.982421875,624.917724609375,0.984529972076416,0.9820418953895569,1.9533569812774658,2.8023414611816406,2.015465802503076,2.773202356079417,0.0,0,two_ankles,accepted,1.9533569812774658,2.8023414611816406,0.0600600826783044
356,11.866666666666667,detected,2,15,0.33262595534324646,ankle_midpoint,875.9949340820312,582.50537109375,0.9478678703308105,0.8473579287528992,2.2253379821777344,0.6745275855064392,2.292081848974373,0.5769070676592982,0.0,0,two_ankles,accepted,2.2253379821777344,0.6745275855064392,0.10252861653689203
356,11.866666666666667,detected,3,1,0.8720850348472595,ankle_midpoint,1110.860107421875,859.6896362304688,0.9975353479385376,0.9868329167366028,3.9198360443115234,10.29597282409668,3.9328667241127544,10.353819990954415,0.0,0,two_ankles,accepted,3.9198360443115234,10.29597282409668,0.027968847757691716
356,11.866666666666667,detected,4,3,0.9203203916549683,ankle_midpoint,701.2672119140625,890.6472778320312,0.9917469024658203,0.9921499490737915,1.5597515106201172,11.013447761535645,1.595465398288786,11.0753314558821,0.0,0,two_ankles,accepted,1.5597515106201172,11.013447761535645,0.025105486532276722
357,11.9,detected,1,2,0.8826454877853394,ankle_midpoint,832.8021850585938,626.3056640625,0.9921768307685852,0.9818896055221558,1.9293714761734009,2.866755485534668,1.9767233556547223,2.81530126433428,0.0,0,two_ankles,accepted,1.9293714761734009,2.866755485534668,0.06873478732381097
357,11.9,detected,2,15,0.4721638858318329,ankle_midpoint,874.7677612304688,595.3758544921875,0.9622117280960083,0.8581002950668335,2.2358577251434326,1.3549442291259766,2.234522795373845,0.631405366296703,0.010829422535164723,0,two_ankles,corrected_motion_outlier,2.164172840973199,0.698014397964642,0.6804979602515653
357,11.9,detected,3,1,0.8822294473648071,ankle_midpoint,1109.877197265625,859.390380859375,0.9974604845046997,0.9860105514526367,3.914340019226074,10.289385795593262,3.9245297069137486,10.324824603041897,0.0,0,two_ankles,accepted,3.914340019226074,10.289385795593262,0.008578766592274665
357,11.9,detected,4,3,0.922456681728363,ankle_midpoint,693.5298461914062,888.9115600585938,0.9969622492790222,0.9969011545181274,1.5124796628952026,10.978486061096191,1.5581218173616735,11.031751028228442,0.0,0,two_ankles,accepted,1.5124796628952026,10.978486061096191,0.05879581690006157
358,11.933333333333334,detected,1,2,0.8839269280433655,ankle_midpoint,828.20947265625,626.6187744140625,0.9922735095024109,0.9823405742645264,1.8912557363510132,2.882126808166504,1.9382629269680534,2.845372759058781,0.0,0,two_ankles,accepted,1.8912557363510132,2.882126808166504,0.0410985058324502
358,11.933333333333334,detected,2,15,0.5000746250152588,ankle_midpoint,869.3907470703125,590.887939453125,0.9486293792724609,0.8451104164123535,2.179751396179199,1.1230990886688232,2.209875665736255,0.8526675413641571,0.0,0,two_ankles,accepted,2.179751396179199,1.1230990886688232,0.22544097357865236
358,11.933333333333334,detected,3,1,0.8771893978118896,ankle_midpoint,1104.97705078125,863.4061889648438,0.9973892569541931,0.9837497472763062,3.881160020828247,10.37968635559082,3.905013348175273,10.349512391688913,0.0,0,two_ankles,accepted,3.881160020828247,10.37968635559082,0.09620344811675147
358,11.933333333333334,detected,4,3,0.9207956790924072,ankle_midpoint,683.8087158203125,889.7911987304688,0.9968494772911072,0.9958277344703674,1.4589802026748657,10.997882843017578,1.5135080907526102,11.016510344883553,0.0,0,two_ankles,accepted,1.4589802026748657,10.997882843017578,0.05690718226000341
359,11.966666666666667,detected,1,2,0.8496503233909607,ankle_midpoint,825.5008544921875,626.4039306640625,0.9815080761909485,0.9671149253845215,1.867905616760254,2.8729217052459717,1.9066021373745436,2.857769784843017,0.0,0,two_ankles,accepted,1.867905616760254,2.8729217052459717,0.025099043899725566
359,11.966666666666667,detected,2,15,0.6749906539916992,ankle_midpoint,862.1668701171875,591.59521484375,0.9843063354492188,0.941117525100708,2.1157710552215576,1.1619681119918823,2.167528591004641,0.9918527981466335,0.0,0,two_ankles,accepted,2.1157710552215576,1.1619681119918823,0.07486177264228107
359,11.966666666666667,detected,3,1,0.874200701713562,ankle_midpoint,1103.220458984375,866.8983154296875,0.9945980310440063,0.9771692156791687,3.867274284362793,10.457134246826172,3.8880307694596574,10.39794222650068,0.0,0,two_ankles,accepted,3.867274284362793,10.457134246826172,0.07868284142041954
359,11.966666666666667,detected,4,3,0.9241254329681396,ankle_midpoint,679.1326904296875,889.4412841796875,0.9958823919296265,0.9951924085617065,1.4317091703414917,10.991212844848633,1.4766985765676068,11.00512646986784,0.0,0,two_ankles,accepted,1.4317091703414917,10.991212844848633,0.028074865629271768
360,12.0,detected,1,2,0.8570718765258789,ankle_midpoint,810.3010864257812,633.3111572265625,0.9755377173423767,0.9461379647254944,1.7563908100128174,3.188314914703369,1.8734922298545276,2.8722947251521833,0.0,0,two_ankles,corrected_motion_outlier,1.8330245651078405,2.8900474299744974,0.33452717183474934
360,12.0,detected,2,15,0.7896754741668701,ankle_midpoint,854.41796875,590.9608154296875,0.9797126054763794,0.9325706362724304,2.044506072998047,1.1307477951049805,2.1121684579016735,1.0543555467778898,0.0,0,two_ankles,accepted,2.044506072998047,1.1307477951049805,0.0778036366620216
360,12.0,detected,3,1,0.8745340704917908,ankle_midpoint,1097.4825439453125,868.407958984375,0.9948068261146545,0.9774355292320251,3.832167625427246,10.491034507751465,3.862892354645073,10.439833753063535,0.0,0,two_ankles,accepted,3.832167625427246,10.491034507751465,0.048802717059808855
360,12.0,detected,4,3,0.9170255064964294,ankle_midpoint,671.1632690429688,892.8167114257812,0.9964562058448792,0.9960349202156067,1.3934979438781738,11.061750411987305,1.439258291857362,11.0306072438216,0.0,0,two_ankles,accepted,1.3934979438781738,11.061750411987305,0.08022247942860908
361,12.033333333333333,detected,1,2,0.8488625884056091,ankle_midpoint,809.2227783203125,629.910888671875,0.9849973917007446,0.975186288356781,1.7390960454940796,3.035996437072754,1.813013946892326,2.9459604955164402,0.0,0,two_ankles,accepted,1.7390960454940796,3.035996437072754,0.10390533409088364
361,12.033333333333333,detected,2,15,0.80219566822052,ankle_midpoint,852.3880615234375,591.0451049804688,0.9832509160041809,0.9382486343383789,2.0263302326202393,1.1356823444366455,2.0735412565250284,1.09095260572433,0.0,0,two_ankles,accepted,2.0263302326202393,1.1356823444366455,0.018833771543325505
361,12.033333333333333,detected,3,1,0.9016435146331787,ankle_midpoint,1089.68115234375,868.3536376953125,0.9922217726707458,0.9696123600006104,3.786552906036377,10.490836143493652,3.8285396027711602,10.462784828757087,0.0,0,two_ankles,accepted,3.786552906036377,10.490836143493652,0.04561515070112682
361,12.033333333333333,detected,4,3,0.9185928106307983,ankle_midpoint,659.3419189453125,901.5693969726562,0.9800100922584534,0.9777860045433044,1.3453865051269531,11.240873336791992,1.397015987828678,11.125226985658276,0.0,0,two_ankles,accepted,1.3453865051269531,11.240873336791992,0.18547164939499028
362,12.066666666666666,detected,1,2,0.8407255411148071,ankle_midpoint,805.766845703125,629.3299560546875,0.9858217835426331,0.9782932996749878,1.7086387872695923,3.0105245113372803,1.7660451250620959,2.9750143026358185,0.0,0,two_ankles,accepted,1.7086387872695923,3.0105245113372803,0.03970470474926849
362,12.066666666666666,detected,2,15,0.8221157789230347,ankle_midpoint,850.7513427734375,591.8297119140625,0.9886960983276367,0.9697000980377197,2.013188123703003,1.1771304607391357,2.046382346755117,1.1297326404809926,0.0,0,two_ankles,accepted,2.013188123703003,1.1771304607391357,0.04348173607179524
362,12.066666666666666,detected,3,1,0.9088047742843628,ankle_midpoint,1087.2579345703125,867.3199462890625,0.9935032725334167,0.973696768283844,3.773284912109375,10.468446731567383,3.803674991973357,10.465332685021721,0.0,0,two_ankles,accepted,3.773284912109375,10.468446731567383,0.026025476542248772
362,12.066666666666666,detected,4,3,0.9186360836029053,ankle_midpoint,655.9854125976562,900.7023315429688,0.9804872870445251,0.9785856008529663,1.3247417211532593,11.22383975982666,1.3644925678247397,11.16960273403405,0.0,0,two_ankles,accepted,1.3247417211532593,11.22383975982666,0.02676471276801558
363,12.1,detected,1,2,0.8137782216072083,ankle_midpoint,795.4445190429688,629.90869140625,0.9734827280044556,0.9275789856910706,1.6234889030456543,3.0390141010284424,1.7018948251546973,3.0038142119124993,0.0,0,two_ankles,accepted,1.6234889030456543,3.0390141010284424,0.08978952892247967
363,12.1,detected,2,15,0.8315051198005676,ankle_midpoint,845.6680908203125,595.594970703125,0.9891090393066406,0.9651283621788025,1.9755083322525024,1.373556137084961,2.0144890402289404,1.2394532139527783,0.0,0,two_ankles,accepted,1.9755083322525024,1.373556137084961,0.20000703240553339
363,12.1,detected,3,1,0.913722038269043,ankle_midpoint,1081.0263671875,865.1407470703125,0.9967490434646606,0.9831295609474182,3.7385988235473633,10.421197891235352,3.7743907161816597,10.445472027817857,0.0,0,two_ankles,accepted,3.7385988235473633,10.421197891235352,0.05861380087021744
363,12.1,detected,4,3,0.921953022480011,ankle_midpoint,648.63671875,890.7469482421875,0.9962706565856934,0.9953888654708862,1.2614160776138306,11.021897315979004,1.3181081472298306,11.10313529590928,0.0,0,two_ankles,accepted,1.2614160776138306,11.021897315979004,0.21163857813935197
364,12.133333333333333,detected,1,2,0.8350166082382202,ankle_midpoint,787.7088623046875,631.0030517578125,0.9832647442817688,0.9551639556884766,1.561638355255127,3.0900564193725586,1.6387794136998908,3.042623205269526,0.0,0,two_ankles,accepted,1.561638355255127,3.0900564193725586,0.08019232210087453
364,12.133333333333333,detected,2,15,0.8425387144088745,ankle_midpoint,841.3929443359375,594.8057250976562,0.9877247214317322,0.9655863642692566,1.9354475736618042,1.333972454071045,1.9789203802737294,1.2819868720059984,0.0,0,two_ankles,accepted,1.9354475736618042,1.333972454071045,0.05631813508816131
364,12.133333333333333,detected,3,1,0.9113421440124512,ankle_midpoint,1080.0380859375,864.0025024414062,0.994587779045105,0.9809436202049255,3.733745813369751,10.396123886108398,3.7561005099163007,10.423265364048602,0.0,0,two_ankles,accepted,3.733745813369751,10.396123886108398,0.02553933125378345
364,12.133333333333333,detected,4,3,0.918572187423706,ankle_midpoint,643.0479736328125,889.2415771484375,0.9964978694915771,0.9960944056510925,1.2262662649154663,10.991472244262695,1.276779300188367,11.052886922668318,0.0,0,two_ankles,accepted,1.2262662649154663,10.991472244262695,0.04648864723427226
365,12.166666666666666,detected,1,2,0.839047908782959,ankle_midpoint,784.857666015625,634.6669311523438,0.9842591881752014,0.9630794525146484,1.5480324029922485,3.2542943954467773,1.5979432588814517,3.137875240849289,0.0,0,two_ankles,accepted,1.5480324029922485,3.2542943954467773,0.164800590781512
365,12.166666666666666,detected,2,15,0.8556339740753174,ankle_midpoint,838.6461181640625,595.05615234375,0.9894490242004395,0.9692465662956238,1.9113794565200806,1.3475805521011353,1.9485269645845875,1.3115040280488102,0.0,0,two_ankles,accepted,1.9113794565200806,1.3475805521011353,0.02764877202959074
365,12.166666666666666,detected,3,1,0.911903440952301,ankle_midpoint,1081.3720703125,862.993408203125,0.9874334931373596,0.9677752256393433,3.7424566745758057,10.37354850769043,3.749960784013078,10.400892778687425,0.0,0,two_ankles,accepted,3.7424566745758057,10.37354850769043,0.024197661326368664
365,12.166666666666666,detected,4,3,0.9171018004417419,ankle_midpoint,640.6773681640625,885.2832641601562,0.989607036113739,0.9876573085784912,1.2035789489746094,10.90942096710205,1.2438391421421762,10.988327242663498,0.0,0,two_ankles,accepted,1.2035789489746094,10.90942096710205,0.08513005572823953
366,12.2,detected,1,2,0.8506916165351868,ankle_midpoint,773.508544921875,637.202880859375,0.9811677932739258,0.9600393772125244,1.4611163139343262,3.3687682151794434,1.5363711336552455,3.241777079297859,0.0,0,two_ankles,accepted,1.4611163139343262,3.3687682151794434,0.14373121422054294
366,12.2,detected,2,15,0.818345308303833,ankle_midpoint,832.4578857421875,599.8743286132812,0.987497091293335,0.967965304851532,1.8673343658447266,1.5951473712921143,1.91199029515165,1.439143532508297,0.0,0,two_ankles,accepted,1.8673343658447266,1.5951473712921143,0.25145436957217315
366,12.2,detected,3,1,0.910262942314148,ankle_midpoint,1078.445556640625,862.883056640625,0.9954955577850342,0.9868680238723755,3.7253012657165527,10.371471405029297,3.7388640007796416,10.387653160541268,0.0,0,two_ankles,accepted,3.7253012657165527,10.371471405029297,0.017280694679121522
366,12.2,detected,4,3,0.9184131026268005,ankle_midpoint,636.260498046875,881.8394775390625,0.9946470856666565,0.9938564896583557,1.1701586246490479,10.837665557861328,1.2106829092702687,10.920529484502524,0.0,0,two_ankles,accepted,1.1701586246490479,10.837665557861328,0.07915653373745787
367,12.233333333333333,detected,1,2,0.8829283714294434,ankle_midpoint,761.543701171875,640.1148681640625,0.9898887276649475,0.9708856344223022,1.3710894584655762,3.49867582321167,1.4619943798198944,3.3573815140590737,0.0,0,two_ankles,accepted,1.3710894584655762,3.49867582321167,0.15805322309350675
367,12.233333333333333,detected,2,15,0.7838353514671326,ankle_midpoint,831.2604370117188,599.9862060546875,0.9792822599411011,0.9368417859077454,1.8569642305374146,1.6011022329330444,1.8872285660752441,1.5120249476994334,0.0,0,two_ankles,accepted,1.8569642305374146,1.6011022329330444,0.011958264232512209
367,12.233333333333333,detected,3,1,0.9121423959732056,ankle_midpoint,1078.1201171875,862.10986328125,0.9949240684509277,0.9894086122512817,3.7240240573883057,10.354304313659668,3.7321860262535402,10.372646179444548,0.0,0,two_ankles,accepted,3.7240240573883057,10.354304313659668,0.017214537089533688
367,12.233333333333333,detected,4,3,0.9169415831565857,ankle_midpoint,632.5527954101562,883.86572265625,0.9938151836395264,0.9928552508354187,1.1537902355194092,10.880735397338867,1.1850812060823819,10.90262214527888,0.0,0,two_ankles,accepted,1.1537902355194092,10.880735397338867,0.04607532132628329
368,12.266666666666667,detected,1,2,0.8837530016899109,ankle_midpoint,756.21484375,640.1287231445312,0.991051971912384,0.9747202396392822,1.3272655010223389,3.5004470348358154,1.4013663843609945,3.4217609984086073,0.0,0,two_ankles,accepted,1.3272655010223389,3.5004470348358154,0.04385973593860527
368,12.266666666666667,detected,2,15,0.7904666662216187,ankle_midpoint,827.7479248046875,597.75927734375,0.9786843657493591,0.9396874904632568,1.8203355073928833,1.4889038801193237,1.8571266896681817,1.5016204672883842,0.0,0,two_ankles,accepted,1.8203355073928833,1.4889038801193237,0.1180259875337244
368,12.266666666666667,detected,3,1,0.9126128554344177,ankle_midpoint,1078.55712890625,862.0467529296875,0.9946396946907043,0.9892744421958923,3.7266552448272705,10.3528413772583,3.729697174611719,10.363734018460736,0.0,0,two_ankles,accepted,3.7266552448272705,10.3528413772583,0.0030105365391258003
368,12.266666666666667,detected,4,3,0.9154220223426819,ankle_midpoint,628.741455078125,883.3872680664062,0.9944615364074707,0.9929332733154297,1.130828619003296,10.871162414550781,1.1606675418967933,10.888465266451236,0.0,0,two_ankles,accepted,1.130828619003296,10.871162414550781,0.024877255324774795
369,12.3,detected,1,2,0.8997792601585388,ankle_midpoint,749.4384765625,636.1388549804688,0.9917551279067993,0.9705168604850769,1.258417010307312,3.3272674083709717,1.3370391660368375,3.3792388828916717,0.0,0,two_ankles,accepted,1.258417010307312,3.3272674083709717,0.1863633485861422
369,12.3,detected,2,15,0.8156963586807251,ankle_midpoint,822.8924560546875,595.5311279296875,0.9921876192092896,0.9636715650558472,1.7713582515716553,1.3760079145431519,1.818530892524745,1.4450948185530297,0.0,0,two_ankles,accepted,1.7713582515716553,1.3760079145431519,0.12306206008008398
369,12.3,detected,3,1,0.9101972579956055,ankle_midpoint,1074.2637939453125,861.417724609375,0.9941934943199158,0.9905927777290344,3.701826810836792,10.339366912841797,3.717155510913002,10.352768820932214,0.0,0,two_ankles,accepted,3.701826810836792,10.339366912841797,0.02824911194588564
369,12.3,detected,4,3,0.9183674454689026,ankle_midpoint,625.2598876953125,880.9605712890625,0.9953145980834961,0.9946849346160889,1.1049143075942993,10.820474624633789,1.1355785864606711,10.857869477633386,0.0,0,two_ankles,accepted,1.1049143075942993,10.820474624633789,0.05692805619790285
370,12.333333333333334,detected,1,2,0.9108366370201111,ankle_midpoint,743.2509765625,639.2826538085938,0.9949361085891724,0.9789125323295593,1.2177261114120483,3.4664649963378906,1.2833482914556824,3.4184906339424703,0.0,0,two_ankles,accepted,1.2177261114120483,3.4664649963378906,0.1450231628006806
370,12.333333333333334,detected,2,15,0.8538935780525208,ankle_midpoint,817.0128784179688,596.6380004882812,0.9882696866989136,0.9605146050453186,1.721642017364502,1.434293508529663,1.7749308987026358,1.4402342290425147,0.0,0,two_ankles,accepted,1.721642017364502,1.434293508529663,0.07660884028688175
370,12.333333333333334,detected,3,1,0.9116984605789185,ankle_midpoint,1079.4375,862.8651733398438,0.9920750856399536,0.9847921133041382,3.7311630249023438,10.370946884155273,3.723458892208206,10.360948949382593,0.0,0,two_ankles,accepted,3.7311630249023438,10.370946884155273,0.04310345744670466
370,12.333333333333334,detected,4,3,0.9227859973907471,ankle_midpoint,619.8277587890625,877.0536499023438,0.9972289204597473,0.9968469738960266,1.0638595819473267,10.738199234008789,1.1033050344296662,10.804017868002319,0.0,0,two_ankles,accepted,1.0638595819473267,10.738199234008789,0.09194960794067875
371,12.366666666666667,detected,1,2,0.9068975448608398,ankle_midpoint,743.5316772460938,640.4830322265625,0.9893549680709839,0.9714927673339844,1.2240523099899292,3.5186171531677246,1.2566650997960935,3.463547567593835,0.0,0,two_ankles,accepted,1.2240523099899292,3.5186171531677246,0.052534448226381716
371,12.366666666666667,detected,2,15,0.8480090498924255,ankle_midpoint,815.793701171875,594.2213134765625,0.9897050261497498,0.9707768559455872,1.7042590379714966,1.310258150100708,1.7431285613736232,1.3817449935187018,0.0,0,two_ankles,accepted,1.7042590379714966,1.310258150100708,0.12524750741303
371,12.366666666666667,detected,3,1,0.9119921922683716,ankle_midpoint,1079.240966796875,862.5348510742188,0.9923328161239624,0.9856328964233398,3.730281114578247,10.36362361907959,3.7265288922747244,10.362152550746242,0.0,0,two_ankles,accepted,3.730281114578247,10.36362361907959,0.007376176325744616
371,12.366666666666667,detected,4,3,0.9242759943008423,ankle_midpoint,617.5135498046875,876.7381591796875,0.9970598816871643,0.9966852068901062,1.0497057437896729,10.731754302978516,1.0791853536416691,10.771499263741607,0.0,0,two_ankles,accepted,1.0497057437896729,10.731754302978516,0.01555211466579508
372,12.4,detected,1,2,0.9029443860054016,ankle_midpoint,738.281494140625,641.141845703125,0.9921711683273315,0.9766873121261597,1.1831156015396118,3.5483267307281494,1.2235678255806768,3.5016981910042766,0.0,0,two_ankles,accepted,1.1831156015396118,3.5483267307281494,0.05058135128251502
372,12.4,detected,2,15,0.8461809158325195,ankle_midpoint,807.7593383789062,593.6332397460938,0.9850707054138184,0.9652087688446045,1.630455493927002,1.2818580865859985,1.6924256810226437,1.3367958853989854,0.0,0,two_ankles,accepted,1.630455493927002,1.2818580865859985,0.07907924330168563
372,12.4,detected,3,1,0.9122999310493469,ankle_midpoint,1080.00390625,862.5424194335938,0.9945313930511475,0.9840809106826782,3.734773635864258,10.363693237304688,3.7302390268900147,10.362845859697543,0.0,0,two_ankles,accepted,3.734773635864258,10.363693237304688,0.004493060672028073
372,12.4,detected,4,3,0.9243860244750977,ankle_midpoint,615.3603515625,869.6282348632812,0.9963008165359497,0.9959306120872498,1.0188063383102417,10.578842163085938,1.0520147967425268,10.684803568446556,0.0,0,two_ankles,accepted,1.0188063383102417,10.578842163085938,0.15600287108098262
373,12.433333333333334,detected,1,2,0.9060125350952148,ankle_midpoint,731.9154052734375,642.0513916015625,0.9967014193534851,0.9885944128036499,1.1339970827102661,3.5890321731567383,1.183260991288992,3.540998482972885,0.0,0,two_ankles,accepted,1.1339970827102661,3.5890321731567383,0.0637931182440234
373,12.433333333333334,detected,2,15,0.8483110070228577,ankle_midpoint,803.366943359375,594.9169921875,0.98795485496521,0.9734894037246704,1.5947211980819702,1.3493074178695679,1.6484586636993406,1.3424260750107475,0.0,0,two_ankles,accepted,1.5947211980819702,1.3493074178695679,0.07633054559048388
373,12.433333333333334,detected,3,1,0.9069580435752869,ankle_midpoint,1080.685791015625,862.4164428710938,0.9966128468513489,0.9839544296264648,3.7389016151428223,10.360801696777344,3.734137191603778,10.361925986383454,0.0,0,two_ankles,accepted,3.7389016151428223,10.360801696777344,0.005039962256359553
373,12.433333333333334,detected,4,3,0.9307733774185181,ankle_midpoint,609.394287109375,865.79541015625,0.995254635810852,0.9948167204856873,0.9738057851791382,10.495869636535645,1.016820741539002,10.599783299086646,0.0,0,two_ankles,accepted,0.9738057851791382,10.495869636535645,0.09439009452397186
374,12.466666666666667,detected,1,2,0.8969352841377258,ankle_midpoint,728.8565673828125,641.1129150390625,0.9966918230056763,0.987396776676178,1.1055915355682373,3.5491347312927246,1.1483097362146524,3.544659794716813,0.0,0,two_ankles,accepted,1.1055915355682373,3.5491347312927246,0.048976330770387155
374,12.466666666666667,detected,2,15,0.8397629857063293,ankle_midpoint,801.0043334960938,595.675537109375,0.9775051474571228,0.9525182247161865,1.575775384902954,1.3889424800872803,1.6157511882409668,1.3633584572951873,0.0,0,two_ankles,accepted,1.575775384902954,1.3889424800872803,0.04393042219255483
374,12.466666666666667,detected,3,1,0.9036071300506592,ankle_midpoint,1080.367431640625,862.4254760742188,0.9969907999038696,0.985724925994873,3.737016201019287,10.361043930053711,3.7354327458407575,10.361529061035071,0.0,0,two_ankles,accepted,3.737016201019287,10.361043930053711,0.0019009111966121468
374,12.466666666666667,detected,4,3,0.925719678401947,ankle_midpoint,605.56396484375,863.1220703125,0.9948450326919556,0.993177056312561,0.9441002011299133,10.437475204467773,0.9840964983549123,10.526744656508153,0.0,0,two_ankles,accepted,0.9441002011299133,10.437475204467773,0.06551588677744333
375,12.5,detected,1,2,0.872394323348999,ankle_midpoint,722.8087158203125,639.569580078125,0.9914146065711975,0.9781831502914429,1.0502903461456299,3.4834563732147217,1.1042010106835924,3.517118255040872,0.0,0,two_ankles,accepted,1.0502903461456299,3.4834563732147217,0.0858595846215056
375,12.5,detected,2,15,0.8470919132232666,ankle_midpoint,793.9342041015625,600.55322265625,0.9747009873390198,0.9533287882804871,1.5272985696792603,1.6389861106872559,1.575947509888199,1.4873909013216182,0.0,0,two_ankles,accepted,1.5272985696792603,1.6389861106872559,0.25469946764343504
375,12.5,detected,3,1,0.9053770303726196,ankle_midpoint,1079.297607421875,862.4699096679688,0.9972851276397705,0.9840660691261292,3.7306694984436035,10.362170219421387,3.7332892845120385,10.361817582308914,0.0,0,two_ankles,accepted,3.7306694984436035,10.362170219421387,0.006445863892755437
375,12.5,detected,4,3,0.9072031378746033,ankle_midpoint,597.11474609375,864.510009765625,0.9935739636421204,0.9904974102973938,0.898392379283905,10.469175338745117,0.9455296447729591,10.500838463514789,0.0,0,two_ankles,accepted,0.898392379283905,10.469175338745117,0.05562466621120578
376,12.533333333333333,detected,1,2,0.8251655101776123,ankle_midpoint,714.772705078125,638.6212158203125,0.9957082271575928,0.980201005935669,0.9805189967155457,3.4438698291778564,1.0485441043979715,3.484156463402515,0.0,0,two_ankles,accepted,0.9805189967155457,3.4438698291778564,0.08021929736713969
376,12.533333333333333,detected,2,15,0.8732212781906128,ankle_midpoint,784.8685913085938,602.8883056640625,0.9847657680511475,0.9735259413719177,1.4542791843414307,1.7584125995635986,1.5211967633921533,1.6093506655305094,0.0,0,two_ankles,accepted,1.4542791843414307,1.7584125995635986,0.13998041606041065
376,12.533333333333333,detected,3,1,0.9036935567855835,ankle_midpoint,1078.33154296875,862.4260864257812,0.9937973022460938,0.9807456731796265,3.725008726119995,10.361319541931152,3.7295630332356193,10.361593464138922,0.0,0,two_ankles,accepted,3.725008726119995,10.361319541931152,0.0057243336286525335
376,12.533333333333333,detected,4,3,0.9060770273208618,ankle_midpoint,593.6024169921875,865.035400390625,0.9939594268798828,0.9903283715248108,0.8792952299118042,10.481185913085938,0.9157241580854394,10.491994815821807,0.0,0,two_ankles,accepted,0.8792952299118042,10.481185913085938,0.022560031253008105
377,12.566666666666666,detected,1,2,0.8151921033859253,ankle_midpoint,709.6636352539062,640.8123168945312,0.9929420948028564,0.9678457975387573,0.9467969536781311,3.5403127670288086,1.0027578865740434,3.5094268000343476,0.0,0,two_ankles,accepted,0.9467969536781311,3.5403127670288086,0.10216856878678421
377,12.566666666666666,detected,2,15,0.8765013813972473,ankle_midpoint,780.3807373046875,602.9990844726562,0.9870263934135437,0.9747933149337769,1.4150302410125732,1.7650485038757324,1.4734218283213423,1.6794146927858598,0.0,0,two_ankles,accepted,1.4150302410125732,1.7650485038757324,0.039805964106797584
377,12.566666666666666,detected,3,1,0.906359076499939,ankle_midpoint,1077.96240234375,861.8724365234375,0.9937048554420471,0.9815446138381958,3.72329044342041,10.349032402038574,3.7267403678187754,10.355940986193765,0.0,0,two_ankles,accepted,3.72329044342041,10.349032402038574,0.01240670392068247
377,12.566666666666666,detected,4,3,0.9053010940551758,ankle_midpoint,589.2449951171875,868.0870361328125,0.9837733507156372,0.9710133075714111,0.8624433279037476,10.548583984375,0.8917477845036781,10.517459941670744,0.0,0,two_ankles,accepted,0.8624433279037476,10.548583984375,0.06947292001042345
378,12.6,detected,1,2,0.8327850699424744,ankle_midpoint,702.7703857421875,642.140380859375,0.9912944436073303,0.9784772992134094,0.8953663110733032,3.599224328994751,0.9544316775987103,3.5498356880665294,0.0,0,two_ankles,accepted,0.8953663110733032,3.599224328994751,0.07820283327356245
378,12.6,detected,2,15,0.8887596130371094,ankle_midpoint,772.2470703125,603.4378662109375,0.9846369028091431,0.9691206812858582,1.3447402715682983,1.7889351844787598,1.4155151277824727,1.7286989140476647,0.0,0,two_ankles,accepted,1.3447402715682983,1.7889351844787598,0.07423781593438847
378,12.6,detected,3,1,0.9074962139129639,ankle_midpoint,1076.670654296875,860.2274169921875,0.9931970834732056,0.9800824522972107,3.717017650604248,10.312448501586914,3.722365145072238,10.336369368120682,0.0,0,two_ankles,accepted,3.717017650604248,10.312448501586914,0.03711778147965575
378,12.6,detected,4,3,0.9017351865768433,ankle_midpoint,582.8392333984375,867.599853515625,0.9861326217651367,0.974894106388092,0.8236866593360901,10.5387601852417,0.8611202781782635,10.527045051277675,0.0,0,two_ankles,accepted,0.8236866593360901,10.5387601852417,0.03998232594378033
379,12.633333333333333,detected,1,2,0.8428015112876892,ankle_midpoint,694.6597900390625,642.299072265625,0.9610433578491211,0.9328619241714478,0.8295267224311829,3.6078319549560547,0.898224447773323,3.575934008166816,0.0,0,two_ankles,accepted,0.8295267224311829,3.6078319549560547,0.0663998694068997
379,12.633333333333333,detected,2,15,0.8892879486083984,ankle_midpoint,766.3831787109375,603.5968017578125,0.9868819117546082,0.9725357294082642,1.2936022281646729,1.7982925176620483,1.360654322954463,1.7600160356741374,0.0,0,two_ankles,accepted,1.2936022281646729,1.7982925176620483,0.051987105780704486
379,12.633333333333333,detected,3,1,0.9027798771858215,ankle_midpoint,1075.18603515625,859.2677001953125,0.991884708404541,0.9776046872138977,3.709017038345337,10.29112720489502,3.7163584970451327,10.316010394669135,0.0,0,two_ankles,accepted,3.709017038345337,10.29112720489502,0.022772955213174063
379,12.633333333333333,detected,4,3,0.9084559679031372,ankle_midpoint,576.61083984375,864.16015625,0.9919006824493408,0.9846739768981934,0.7772431373596191,10.464088439941406,0.8233755648098736,10.498714576176354,0.0,0,two_ankles,accepted,0.7772431373596191,10.464088439941406,0.08793674021574126
380,12.666666666666666,detected,1,2,0.8479848504066467,ankle_midpoint,689.7017211914062,641.9132690429688,0.9576374292373657,0.9356212615966797,0.7873179316520691,3.5922770500183105,0.8483165155187589,3.583288376999989,0.0,0,two_ankles,accepted,0.7873179316520691,3.5922770500183105,0.04498374247055548
380,12.666666666666666,detected,2,15,0.8879220485687256,ankle_midpoint,765.8810424804688,604.4732666015625,0.9796867370605469,0.9622824788093567,1.2921942472457886,1.841995120048523,1.3298472888855595,1.796906623642611,0.0,0,two_ankles,accepted,1.2921942472457886,1.841995120048523,0.04372527719315497
380,12.666666666666666,detected,3,1,0.9002190828323364,ankle_midpoint,1075.283935546875,857.5933837890625,0.9979670643806458,0.9915391802787781,3.710963249206543,10.253456115722656,3.7139306355177677,10.287860969143221,0.0,0,two_ankles,accepted,3.710963249206543,10.253456115722656,0.03772132945892048
380,12.666666666666666,detected,4,3,0.9190715551376343,ankle_midpoint,572.20947265625,861.6365966796875,0.9918475151062012,0.9822240471839905,0.743898332118988,10.408865928649902,0.7876108100989752,10.458282684789452,0.0,0,two_ankles,accepted,0.743898332118988,10.408865928649902,0.06450892798579043
381,12.7,detected,1,2,0.8650110960006714,ankle_midpoint,682.939453125,648.081787109375,0.9807983040809631,0.9679847359657288,0.7575483918190002,3.8569695949554443,0.8074708598538676,3.7064449250799445,0.0,0,two_ankles,accepted,0.7575483918190002,3.8569695949554443,0.2663613501376828
381,12.7,detected,2,15,0.8622509241104126,ankle_midpoint,764.4312133789062,604.7927856445312,0.9808140993118286,0.9592577219009399,1.2805464267730713,1.858199954032898,1.30766190093494,1.8244886223182402,0.0,0,two_ankles,accepted,1.2805464267730713,1.858199954032898,0.019956662201525758
381,12.7,detected,3,1,0.9048060774803162,ankle_midpoint,1073.01806640625,853.654052734375,0.9959725737571716,0.9889756441116333,3.70068621635437,10.164501190185547,3.707970646894239,10.232349068612269,0.0,0,two_ankles,accepted,3.70068621635437,10.164501190185547,0.08954661457340145
381,12.7,detected,4,3,0.9240197539329529,ankle_midpoint,569.5,857.6795654296875,0.9942253232002258,0.9869561195373535,0.715947687625885,10.32101058959961,0.7553624049860845,10.396510241954022,0.0,0,two_ankles,accepted,0.715947687625885,10.32101058959961,0.09219435518089902
382,12.733333333333333,detected,1,2,0.8715190887451172,ankle_midpoint,673.43017578125,648.2603759765625,0.9824694395065308,0.9741809368133545,0.6812016367912292,3.86653995513916,0.7506497094756803,3.7784876886065915,0.0,0,two_ankles,accepted,0.6812016367912292,3.86653995513916,0.07694425772802366
382,12.733333333333333,detected,2,15,0.884071946144104,ankle_midpoint,762.247802734375,603.8226318359375,0.9859762191772461,0.9727369546890259,1.257958173751831,1.8105487823486328,1.285295223702541,1.8182156943319168,0.0,0,two_ankles,accepted,1.257958173751831,1.8105487823486328,0.05273389173420524
382,12.733333333333333,detected,3,1,0.9118165373802185,ankle_midpoint,1071.73828125,852.4019775390625,0.9965994954109192,0.9885956645011902,3.69405460357666,10.13611125946045,3.7017084274013285,10.189042054493951,0.0,0,two_ankles,accepted,3.69405460357666,10.13611125946045,0.02915418416984653
382,12.733333333333333,detected,4,3,0.9246084094047546,ankle_midpoint,569.1802368164062,857.0264892578125,0.992760181427002,0.9896542429924011,0.7120607495307922,10.306407928466797,0.735876660031203,10.355964200884772,0.0,0,two_ankles,accepted,0.7120607495307922,10.306407928466797,0.015111121729204497
383,12.766666666666667,detected,1,2,0.8912630677223206,ankle_midpoint,666.5789794921875,649.61767578125,0.9874494075775146,0.9730009436607361,0.6315593123435974,3.925102949142456,0.6970590307662431,3.844464555847731,0.0,0,two_ankles,accepted,0.6315593123435974,3.925102949142456,0.07677229085545134
383,12.766666666666667,detected,2,15,0.8805813193321228,ankle_midpoint,759.5172119140625,603.4962158203125,0.9885677099227905,0.9729806184768677,1.2327507734298706,1.7949659824371338,1.2616502210798395,1.8077533239792647,0.0,0,two_ankles,accepted,1.2327507734298706,1.7949659824371338,0.029635058361227935
383,12.766666666666667,detected,3,1,0.9233656525611877,ankle_midpoint,1070.0791015625,850.6778564453125,0.9969704151153564,0.9899707436561584,3.68550443649292,10.096851348876953,3.694416631492545,10.147556236966302,0.0,0,two_ankles,accepted,3.68550443649292,10.096851348876953,0.04018016844394737
383,12.766666666666667,detected,4,3,0.9212893843650818,ankle_midpoint,569.0001220703125,857.085693359375,0.9923614263534546,0.9902777075767517,0.711176872253418,10.307760238647461,0.7247617555311998,10.334272417877983,0.0,0,two_ankles,accepted,0.711176872253418,10.307760238647461,0.0016155438298561316
384,12.8,detected,1,2,0.8892794847488403,ankle_midpoint,657.8006591796875,651.441650390625,0.9920991659164429,0.9870174527168274,0.5686817765235901,4.003262519836426,0.6392892663570493,3.9159236396426436,0.0,0,two_ankles,accepted,0.5686817765235901,4.003262519836426,0.1003120282013177
384,12.8,detected,2,15,0.8699620366096497,ankle_midpoint,755.4810180664062,601.43896484375,0.9908555746078491,0.9757904410362244,1.189697504043579,1.6930623054504395,1.2292714984135222,1.7561423656412933,0.0,0,two_ankles,accepted,1.189697504043579,1.6930623054504395,0.11062523847774125
384,12.8,detected,3,1,0.9200907349586487,ankle_midpoint,1068.7723388671875,851.296142578125,0.9974138736724854,0.9908819198608398,3.677196979522705,10.111201286315918,3.686667788106117,10.13119650917363,0.0,0,two_ankles,accepted,3.677196979522705,10.111201286315918,0.016581150316373593
384,12.8,detected,4,3,0.9095768332481384,ankle_midpoint,567.8140258789062,854.928955078125,0.9909217953681946,0.9890521168708801,0.6975208520889282,10.259385108947754,0.7125033489821777,10.30057312885938,0.0,0,two_ankles,accepted,0.6975208520889282,10.259385108947754,0.050265694665411996
385,12.833333333333334,detected,1,2,0.8902548551559448,ankle_midpoint,655.0462646484375,650.7014770507812,0.9912717938423157,0.982262372970581,0.5431773066520691,3.9729490280151367,0.5960388844898082,3.9415850644102655,0.0,0,two_ankles,accepted,0.5431773066520691,3.9729490280151367,0.03961547386851104
385,12.833333333333334,detected,2,15,0.8076369762420654,ankle_midpoint,750.9644775390625,600.5155029296875,0.9917652010917664,0.9676176309585571,1.1462910175323486,1.6477268934249878,1.1919302820169941,1.707355403143956,0.0,0,two_ankles,accepted,1.1462910175323486,1.6477268934249878,0.06276482020022921
385,12.833333333333334,detected,3,1,0.9205896258354187,ankle_midpoint,1065.2489013671875,851.6001586914062,0.9974810481071472,0.9908158779144287,3.655888080596924,10.118627548217773,3.67281691972698,10.125540476743495,0.0,0,two_ankles,accepted,3.655888080596924,10.118627548217773,0.022565871116890464
385,12.833333333333334,detected,4,3,0.9008355140686035,ankle_midpoint,566.2486572265625,851.2081298828125,0.9902248978614807,0.9863801598548889,0.6766467690467834,10.175228118896484,0.6963678880112503,10.244167874376078,0.0,0,two_ankles,accepted,0.6766467690467834,10.175228118896484,0.08670712956464327
