frame,time_sec,status,player_id,raw_track_id,person_conf,ground_method,ground_pixel_x,ground_pixel_y,left_ankle_conf,right_ankle_conf,raw_x_m,raw_y_m,stable_x_m,stable_y_m,match_cost,missing_frames,ground_quality,ground_status,corrected_x_m,corrected_y_m,ground_speed_m_per_frame
0,0.0,detected,1,3,0.8817865252494812,ankle_midpoint,872.2803955078125,629.8453369140625,0.9700853228569031,0.965501606464386,2.268296718597412,3.0187621116638184,2.268296718597412,3.0187621116638184,0.0,0,two_ankles,accepted,2.268296718597412,3.0187621116638184,
0,0.0,detected,2,6,0.5034770369529724,ankle_midpoint,1005.0504150390625,622.487548828125,0.6329615712165833,0.563917338848114,3.3883371353149414,2.6508700847625732,3.3883371353149414,2.6508700847625732,0.0,0,two_ankles,accepted,3.3883371353149414,2.6508700847625732,
0,0.0,detected,3,1,0.9174199104309082,ankle_midpoint,899.8150634765625,859.87060546875,0.9879064559936523,0.9810530543327332,2.671613931655884,10.327329635620117,2.671613931655884,10.327329635620117,0.0,0,two_ankles,accepted,2.671613931655884,10.327329635620117,
0,0.0,detected,4,2,0.8902612924575806,ankle_midpoint,985.125732421875,778.8423461914062,0.9891631603240967,0.9916846752166748,3.187114953994751,8.290641784667969,3.187114953994751,8.290641784667969,0.0,0,two_ankles,accepted,3.187114953994751,8.290641784667969,
1,0.03333333333333333,detected,1,3,0.8837459087371826,ankle_midpoint,872.4806518554688,629.9609375,0.9693534970283508,0.9645664691925049,2.2701501846313477,3.0239408016204834,2.2691307783126833,3.021092522144318,0.0,0,two_ankles,accepted,2.2701501846313477,3.0239408016204834,0.005500378714799201
1,0.03333333333333333,detected,2,6,0.5563787221908569,ankle_midpoint,1005.2265014648438,620.3905029296875,0.5524864792823792,0.5311194658279419,3.39105486869812,2.5528512001037598,3.389560115337372,2.6067615866661074,0.0,0,two_ankles,accepted,3.39105486869812,2.5528512001037598,0.09805655421490102
1,0.03333333333333333,detected,3,1,0.9169442653656006,ankle_midpoint,899.884521484375,859.639404296875,0.9887409806251526,0.9809735417366028,2.671902656555176,10.322148323059082,2.6717438578605655,10.324998044967653,0.0,0,two_ankles,accepted,2.671902656555176,10.322148323059082,0.00518935081899575
1,0.03333333333333333,detected,4,2,0.8883382081985474,ankle_midpoint,984.0316162109375,777.7392578125,0.9898335933685303,0.9921365976333618,3.1800506114959717,8.259963989257812,3.1839359998703003,8.276836776733399,0.0,0,two_ankles,accepted,3.1800506114959717,8.259963989257812,0.03148066178096425
2,0.06666666666666667,detected,1,3,0.8825021982192993,ankle_midpoint,872.677978515625,630.02587890625,0.9694124460220337,0.9650381803512573,2.2719030380249023,3.026829957962036,2.270378295183182,3.0236743682622915,0.0,0,two_ankles,accepted,2.2719030380249023,3.026829957962036,0.003379307530431429
2,0.06666666666666667,detected,2,6,0.631439208984375,ankle_midpoint,1006.394287109375,619.2030029296875,0.6317569613456726,0.6040922999382019,3.401766061782837,2.4967541694641113,3.3950527912378314,2.5572582489252094,0.0,0,two_ankles,accepted,3.401766061782837,2.4967541694641113,0.05711047630587352
2,0.06666666666666667,detected,3,1,0.916073203086853,ankle_midpoint,899.95947265625,859.6312866210938,0.9897603392601013,0.9805753231048584,2.6723413467407227,10.321956634521484,2.6720127278566363,10.323629410266879,0.0,0,two_ankles,accepted,2.6723413467407227,10.321956634521484,0.00047874165720300515
2,0.06666666666666667,detected,4,2,0.8811020851135254,ankle_midpoint,983.37109375,777.9713134765625,0.9910969734191895,0.992554247379303,3.175649881362915,8.266562461853027,3.1802072465419773,8.272213335037232,0.0,0,two_ankles,accepted,3.175649881362915,8.266562461853027,0.007931347066784685
3,0.1,detected,1,3,0.8782770037651062,ankle_midpoint,872.7194213867188,630.2871704101562,0.9689112901687622,0.9636529088020325,2.2726376056671143,3.0386178493499756,2.271394984900952,3.0303989347517497,0.0,0,two_ankles,accepted,2.2726376056671143,3.0386178493499756,0.011810756664788327
3,0.1,detected,2,6,0.6570116877555847,ankle_midpoint,1005.7113647460938,633.6107177734375,0.8462357521057129,0.7925013899803162,3.38759183883667,3.157890558242798,3.40003900384903,2.5111614475250246,0.053314091447595024,0,two_ankles,corrected_motion_outlier,3.406133263707161,2.454820912480354,0.6612883131913418
3,0.1,detected,3,1,0.915244460105896,ankle_midpoint,899.9674072265625,859.449462890625,0.9900890588760376,0.9804272651672363,2.672292947769165,10.317886352539062,2.6721388268172745,10.321045034289362,0.0,0,two_ankles,accepted,2.672292947769165,10.317886352539062,0.004070569723868636
3,0.1,detected,4,2,0.8747286796569824,ankle_midpoint,982.8633422851562,777.4039306640625,0.9916492700576782,0.9921207427978516,3.1723692417144775,8.250747680664062,3.1766801443696027,8.262553790569306,0.0,0,two_ankles,accepted,3.1723692417144775,8.250747680664062,0.016151467442859068
4,0.13333333333333333,detected,1,3,0.8815541863441467,ankle_midpoint,873.3812255859375,630.305908203125,0.9709517955780029,0.9659802317619324,2.2782185077667236,3.039313554763794,2.274465570190549,3.0344105137571695,0.0,0,two_ankles,accepted,2.2782185077667236,3.039313554763794,0.0056240976403544515
4,0.13333333333333333,detected,2,6,0.6930192708969116,ankle_midpoint,1004.740966796875,622.9378051757812,0.7547797560691833,0.695685625076294,3.3854422569274902,2.6718788146972656,3.3934704677343372,2.583484262752533,0.0,0,two_ankles,accepted,3.3854422569274902,2.6718788146972656,0.0879418955518267
4,0.13333333333333333,detected,3,1,0.9137871265411377,ankle_midpoint,900.04638671875,859.3961181640625,0.9898056983947754,0.9799522757530212,2.672731637954712,10.316681861877441,2.672405591829121,10.319081606704,0.0,0,two_ankles,accepted,2.672731637954712,10.316681861877441,0.001281891895920858
4,0.13333333333333333,detected,4,2,0.870559811592102,ankle_midpoint,981.4471435546875,779.7855834960938,0.991586446762085,0.9911903142929077,3.1627118587493896,8.317503929138184,3.170394415840507,8.287281352925302,0.0,0,two_ankles,accepted,3.1627118587493896,8.317503929138184,0.06745118053876421
5,0.16666666666666666,detected,1,3,0.8737474679946899,ankle_midpoint,874.48193359375,629.1448974609375,0.9683723449707031,0.962691605091095,2.285766124725342,2.9865615367889404,2.279550819731206,3.0128784741214667,0.0,0,two_ankles,accepted,2.285766124725342,2.9865615367889404,0.05328922895082353
5,0.16666666666666666,detected,2,6,0.7074059247970581,ankle_midpoint,1001.101318359375,620.0194091796875,0.6871868968009949,0.6215196847915649,3.3559374809265137,2.5363969802856445,3.376580623670817,2.562294985642433,0.0,0,two_ankles,accepted,3.3559374809265137,2.5363969802856445,0.13865734478348316
5,0.16666666666666666,detected,3,1,0.9128898978233337,ankle_midpoint,900.1810302734375,859.610107421875,0.988462507724762,0.979516327381134,2.6736397743225098,10.321454048156738,2.672960973951146,10.320149205357733,0.0,0,two_ankles,accepted,2.6736397743225098,10.321454048156738,0.004857826010349324
5,0.16666666666666666,detected,4,2,0.8810016512870789,ankle_midpoint,979.69287109375,779.5498657226562,0.9897225499153137,0.9885661005973816,3.1511688232421875,8.311208724975586,3.161742899171263,8.29804867034793,0.0,0,two_ankles,accepted,3.1511688232421875,8.311208724975586,0.013148051725229728
6,0.2,detected,1,3,0.8618178963661194,ankle_midpoint,876.2991943359375,629.46826171875,0.9701403975486755,0.9707249402999878,2.301509380340576,3.000795364379883,2.289432172005423,3.0074410747377542,0.0,0,two_ankles,accepted,2.301509380340576,3.000795364379883,0.021223853214138128
6,0.2,detected,2,6,0.8206807374954224,ankle_midpoint,999.5772705078125,613.4766845703125,0.8334566950798035,0.7727962136268616,3.346147298812866,2.22566294670105,3.3626389467205557,2.5302941266058836,0.0,0,two_ankles,corrected_motion_outlier,3.345599119336903,2.491181965561211,0.31088822315033166
6,0.2,detected,3,1,0.9110659956932068,ankle_midpoint,900.218017578125,858.9227294921875,0.9871420860290527,0.978371262550354,2.6734983921051025,10.306053161621094,2.6732028121204268,10.313805985676247,0.0,0,two_ankles,accepted,2.6734983921051025,10.306053161621094,0.015401535475893175
6,0.2,detected,4,2,0.8685799837112427,ankle_midpoint,977.599609375,782.949951171875,0.9844788908958435,0.9808089733123779,3.1370790004730225,8.405793190002441,3.150644144757055,8.34653370419246,0.0,0,two_ankles,accepted,3.1370790004730225,8.405793190002441,0.09562815553006827
7,0.23333333333333334,detected,1,3,0.8505939841270447,ankle_midpoint,877.9315185546875,630.5152587890625,0.953002393245697,0.9555037021636963,2.3166935443878174,3.0477285385131836,2.3016997895775004,3.0255704334366973,0.0,0,two_ankles,accepted,2.3166935443878174,3.0477285385131836,0.049328304978382
7,0.23333333333333334,detected,2,6,0.8427491784095764,ankle_midpoint,998.1197509765625,620.936767578125,0.957523763179779,0.927495539188385,3.329970359802246,2.580103635787964,3.3479380826073166,2.5527084057378198,0.0,0,two_ankles,accepted,3.329970359802246,2.580103635787964,0.025419299334761395
7,0.23333333333333334,detected,3,1,0.9114307165145874,ankle_midpoint,900.1859130859375,859.5735473632812,0.9865698218345642,0.979451596736908,2.673649549484253,10.320635795593262,2.6734038439341488,10.316879400138905,0.0,0,two_ankles,accepted,2.673649549484253,10.320635795593262,0.014583417367664513
7,0.23333333333333334,detected,4,2,0.8528446555137634,ankle_midpoint,978.960693359375,778.9719848632812,0.9952076077461243,0.9878459572792053,3.146395206451416,8.295207977294922,3.148732122519518,8.323437127088567,0.0,0,two_ankles,accepted,3.146395206451416,8.295207977294922,0.11097693888100894
8,0.26666666666666666,detected,1,3,0.8110416531562805,ankle_midpoint,877.8455200195312,632.0908203125,0.8934763073921204,0.9218019843101501,2.318169116973877,3.118590831756592,2.30911098690587,3.06742961268065,0.0,0,two_ankles,accepted,2.318169116973877,3.118590831756592,0.07087765457583586
8,0.26666666666666666,detected,2,6,0.8509109616279602,ankle_midpoint,997.5972900390625,620.2274169921875,0.9644482731819153,0.9382390975952148,3.3258297443389893,2.546980857849121,3.3379893303865695,2.5501310091879055,0.0,0,two_ankles,accepted,3.3258297443389893,2.546980857849121,0.033380579905095284
8,0.26666666666666666,detected,3,1,0.9110492467880249,ankle_midpoint,900.1666870117188,858.648681640625,0.9866042137145996,0.9796203970909119,2.673050880432129,10.299914360046387,2.67324501035824,10.309245132097274,0.0,0,two_ankles,accepted,2.673050880432129,10.299914360046387,0.020730081904258506
8,0.26666666666666666,detected,4,2,0.8336563110351562,ankle_midpoint,976.3436279296875,779.3369750976562,0.9952501058578491,0.9877645373344421,3.1290926933288574,8.305789947509766,3.139894379383721,8.315495896278106,0.0,0,two_ankles,accepted,3.1290926933288574,8.305789947509766,0.02028188980307685
9,0.3,detected,1,3,0.760504424571991,ankle_midpoint,874.871826171875,639.29638671875,0.763288676738739,0.8624042868614197,2.303508996963501,3.4381039142608643,2.3165535639041375,3.105392504094193,0.0,0,two_ankles,corrected_motion_outlier,2.3256500469020196,3.151791593599634,0.31984922855948966
9,0.3,detected,2,6,0.8534282445907593,ankle_midpoint,997.3028564453125,619.4824829101562,0.9652027487754822,0.9389560222625732,3.3236489295959473,2.512042760848999,3.3315361500307894,2.5329912974353976,0.0,0,two_ankles,accepted,3.3236489295959473,2.512042760848999,0.03500609339719884
9,0.3,detected,3,1,0.9099234342575073,ankle_midpoint,900.126953125,857.754150390625,0.9872431755065918,0.9801865220069885,2.6723453998565674,10.279829025268555,2.6728401856324875,10.296007884024352,0.0,0,two_ankles,accepted,2.6723453998565674,10.279829025268555,0.020097720666286602
9,0.3,detected,4,2,0.837608814239502,ankle_midpoint,974.992431640625,779.121826171875,0.99473637342453,0.9851561784744263,3.120190382003784,8.29999828338623,3.1310275805627494,8.308521970476763,0.0,0,two_ankles,accepted,3.120190382003784,8.29999828338623,0.010620476460515864
10,0.3333333333333333,detected,1,3,0.6346754431724548,ankle_midpoint,871.322998046875,654.6343994140625,0.6440451145172119,0.8192600011825562,2.2958784103393555,4.090709686279297,2.324013399720849,3.141212437201011,0.25648311461822837,0,two_ankles,corrected_motion_outlier,2.3331309768301627,3.1849923554426764,0.48618719206721256
10,0.3333333333333333,detected,2,6,0.8537021279335022,ankle_midpoint,996.639404296875,618.0987548828125,0.967712938785553,0.9407966732978821,3.318580389022827,2.446913242340088,3.3257060575772064,2.4942561726425083,0.0,0,two_ankles,accepted,3.318580389022827,2.446913242340088,0.06532644399279638
10,0.3333333333333333,detected,3,1,0.9130071401596069,ankle_midpoint,900.280029296875,857.987548828125,0.9868396520614624,0.98050457239151,2.673374891281128,10.285055160522461,2.6730808031743756,10.291079158448502,0.0,0,two_ankles,accepted,2.673374891281128,10.285055160522461,0.0053265694668675305
10,0.3333333333333333,detected,4,2,0.837676465511322,ankle_midpoint,972.260986328125,782.25390625,0.9924587607383728,0.9791868925094604,3.1020607948303223,8.387385368347168,3.1179925269831577,8.344010499518447,0.0,0,two_ankles,accepted,3.1020607948303223,8.387385368347168,0.08924788260261564
11,0.36666666666666664,detected,1,3,0.7342968583106995,ankle_midpoint,868.0316772460938,657.6015014648438,0.9061248898506165,0.9488459825515747,2.2736339569091797,4.2134623527526855,2.3314827278877046,3.1758537432391294,0.3475203741443046,0,two_ankles,corrected_motion_outlier,2.3406119067583053,3.2181931172857183,0.36525896870428914
11,0.36666666666666664,detected,2,6,0.8569376468658447,ankle_midpoint,996.0018310546875,618.81298828125,0.968563437461853,0.942769467830658,3.3127872943878174,2.4808027744293213,3.3198926141419816,2.488202143446574,0.0,0,two_ankles,accepted,3.3127872943878174,2.4808027744293213,0.034381104267858516
11,0.36666666666666664,detected,3,1,0.9156090021133423,ankle_midpoint,899.8693237304688,858.2235717773438,0.9861137270927429,0.9826455116271973,2.671066999435425,10.290410995483398,2.672174591491848,10.290778485114206,0.0,0,two_ankles,accepted,2.671066999435425,10.290410995483398,0.005831923602059905
11,0.36666666666666664,detected,4,2,0.8438144326210022,ankle_midpoint,962.9166259765625,783.0087280273438,0.9840344190597534,0.9641962051391602,3.040712356567383,8.409649848937988,3.0832164502960593,8.37354820675724,0.0,0,two_ankles,accepted,3.040712356567383,8.409649848937988,0.06526360374114126
12,0.4,detected,1,3,0.6017187237739563,ankle_midpoint,866.54052734375,650.9957885742188,0.8917122483253479,0.939548671245575,2.2521824836730957,3.9402904510498047,2.2957976179911306,3.5198502617539336,0.045540999955942296,0,two_ankles,accepted,2.2521824836730957,3.9402904510498047,0.2060862228717908
12,0.4,detected,2,6,0.849338173866272,ankle_midpoint,995.727783203125,618.756103515625,0.9686194658279419,0.9383162260055542,3.310459613800049,2.4781832695007324,3.315647763988112,2.4836936501709452,0.0,0,two_ankles,accepted,3.310459613800049,2.4781832695007324,0.0035042692518663476
12,0.4,detected,3,1,0.9168201088905334,ankle_midpoint,899.203125,857.7395629882812,0.9843412041664124,0.9816973805427551,2.6668643951416016,10.279620170593262,2.669785003134237,10.285757243579782,0.0,0,two_ankles,accepted,2.6668643951416016,10.279620170593262,0.01158031884967144
12,0.4,detected,4,2,0.859102725982666,ankle_midpoint,968.97216796875,779.6981201171875,0.9683651924133301,0.9297982454299927,3.0804576873779297,8.31698226928711,3.0819750069829013,8.348093534895682,0.0,0,two_ankles,accepted,3.0804576873779297,8.31698226928711,0.10083140205110605
13,0.43333333333333335,detected,1,3,0.48671939969062805,ankle_midpoint,866.5728759765625,645.5784912109375,0.9141620397567749,0.9565660357475281,2.2444584369659424,3.7111947536468506,2.272694986529796,3.6059552831057466,0.0,0,two_ankles,accepted,2.2444584369659424,3.7111947536468506,0.22922586997562078
13,0.43333333333333335,detected,2,6,0.8549454212188721,ankle_midpoint,994.3197021484375,618.6195068359375,0.9634356498718262,0.9246112108230591,3.2984275817871094,2.472066640853882,3.3078986819976612,2.4784614959782667,0.0,0,two_ankles,accepted,3.2984275817871094,2.472066640853882,0.013497516081260028
13,0.43333333333333335,detected,3,1,0.9146460890769958,ankle_midpoint,898.0074462890625,857.66259765625,0.9844038486480713,0.9817954897880554,2.659738540649414,10.278044700622559,2.6652640950160666,10.282286599249034,0.0,0,two_ankles,accepted,2.659738540649414,10.278044700622559,0.007297938604319447
13,0.43333333333333335,detected,4,2,0.8674236536026001,ankle_midpoint,971.643798828125,779.9528198242188,0.9569262862205505,0.9029776453971863,3.0980677604675293,8.323662757873535,3.089216746050984,8.337099685235716,0.0,0,two_ankles,accepted,3.0980677604675293,8.323662757873535,0.018834638355285867
14,0.4666666666666667,detected,1,3,0.62168949842453,ankle_midpoint,861.8873291015625,650.5421142578125,0.9303072094917297,0.9073056578636169,2.2138736248016357,3.92226505279541,2.2462253737521243,3.7482946794660954,0.0,0,two_ankles,accepted,2.2138736248016357,3.92226505279541,0.21327470998172368
14,0.4666666666666667,detected,2,6,0.8522464632987976,ankle_midpoint,994.4627685546875,619.7440185546875,0.9606150984764099,0.9220420718193054,3.2991926670074463,2.5250084400177,3.303980975252065,2.499407620796012,0.0,0,two_ankles,accepted,3.2991926670074463,2.5250084400177,0.052947327166689505
14,0.4666666666666667,detected,3,1,0.9201154708862305,ankle_midpoint,902.0660400390625,859.1654663085938,0.9782975316047668,0.9695817232131958,2.6845545768737793,10.311254501342773,2.6739448118520377,10.295322155191217,0.0,0,two_ankles,accepted,2.6845545768737793,10.311254501342773,0.041457526672069936
14,0.4666666666666667,detected,4,2,0.8528326749801636,ankle_midpoint,976.700439453125,777.69384765625,0.9467175006866455,0.8902300000190735,3.13157057762146,8.259821891784668,3.108275970257698,8.302324678182746,0.0,0,two_ankles,accepted,3.13157057762146,8.259821891784668,0.072097815086356
15,0.5,detected,1,3,0.4916674494743347,ankle_midpoint,863.226806640625,645.6395263671875,0.9345191121101379,0.9547901749610901,2.2172420024871826,3.7145235538482666,2.2331828566829004,3.7330976729380723,0.0,0,two_ankles,accepted,2.2172420024871826,3.7145235538482666,0.2077688050527281
15,0.5,detected,2,6,0.8420200347900391,ankle_midpoint,992.8486938476562,620.2847900390625,0.961869478225708,0.9240645170211792,3.285153865814209,2.550781488418579,3.29550877600503,2.5225258612261676,0.0,0,two_ankles,accepted,3.285153865814209,2.550781488418579,0.02934855980823059
15,0.5,detected,3,1,0.9110196828842163,ankle_midpoint,902.2509765625,859.47119140625,0.9796479940414429,0.9722242951393127,2.6858036518096924,10.318077087402344,2.6792812898329825,10.305561874686225,0.0,0,two_ankles,accepted,2.6858036518096924,10.318077087402344,0.006935983617034389
15,0.5,detected,4,2,0.7176963090896606,ankle_midpoint,978.4581298828125,779.6903686523438,0.9394720792770386,0.89201819896698,3.1430115699768066,8.315311431884766,3.123906990131297,8.308168717348655,0.0,0,two_ankles,accepted,3.1430115699768066,8.315311431884766,0.05665673275609393
16,0.5333333333333333,detected,1,3,0.7478939294815063,ankle_midpoint,858.9036254882812,643.2667846679688,0.9516797661781311,0.9751719832420349,2.1781506538391113,3.613752841949463,2.2084183654031957,3.6793924989931988,0.0,0,two_ankles,accepted,2.1781506538391113,3.613752841949463,0.10808732541661287
16,0.5333333333333333,detected,2,6,0.8453136086463928,ankle_midpoint,990.0988159179688,618.725341796875,0.9486291408538818,0.9191133379936218,3.2621476650238037,2.4780519008636475,3.280496276063478,2.502512579063034,0.0,0,two_ankles,accepted,3.2621476650238037,2.4780519008636475,0.07628157169801178
16,0.5333333333333333,detected,3,1,0.9165392518043518,ankle_midpoint,903.0645751953125,852.887451171875,0.9938943982124329,0.9940371513366699,2.687281608581543,10.169319152832031,2.682881433269835,10.244252649851838,0.0,0,two_ankles,accepted,2.687281608581543,10.169319152832031,0.1487652763713523
16,0.5333333333333333,detected,4,2,0.7929060459136963,ankle_midpoint,970.22119140625,770.2345581054688,0.9313042759895325,0.9637292623519897,3.0888233184814453,8.049638748168945,3.108119337888864,8.191830231217786,0.0,0,two_ankles,accepted,3.0888233184814453,8.049638748168945,0.2711426588954435
17,0.5666666666666667,detected,1,3,0.7926204204559326,ankle_midpoint,866.7564697265625,642.9970092773438,0.9429669976234436,0.9690404534339905,2.2421040534973145,3.600424289703369,2.223576925045549,3.643856804812776,0.0,0,two_ankles,accepted,2.2421040534973145,3.600424289703369,0.06532754115087071
17,0.5666666666666667,detected,2,6,0.8525223135948181,ankle_midpoint,989.801513671875,619.2034912109375,0.954169750213623,0.9372551441192627,3.2594339847564697,2.500663995742798,3.2710182449753247,2.5016807165689277,0.0,0,two_ankles,accepted,3.2594339847564697,2.500663995742798,0.022774347310450353
17,0.5666666666666667,detected,3,1,0.9169121980667114,ankle_midpoint,913.8836669921875,846.496337890625,0.987123966217041,0.9850922226905823,2.7490429878234863,10.021120071411133,2.7126541328189786,10.143842989553521,0.0,0,two_ankles,accepted,2.7490429878234863,10.021120071411133,0.16055352907944825
17,0.5666666666666667,detected,4,2,0.7529379725456238,ankle_midpoint,970.1152954101562,765.3343505859375,0.9210867881774902,0.962733268737793,3.088178873062134,7.90840482711792,3.0991461287168356,8.064288799372846,0.0,0,two_ankles,accepted,3.088178873062134,7.90840482711792,0.1412353913342748
18,0.6,detected,1,3,0.7973220944404602,ankle_midpoint,867.387451171875,641.4667358398438,0.9550212621688843,0.9718382954597473,2.2449913024902344,3.5341615676879883,2.2332133948956576,3.5944939481066216,0.0,0,two_ankles,accepted,2.2449913024902344,3.5341615676879883,0.0663255948758453
18,0.6,detected,2,6,0.8606827855110168,ankle_midpoint,989.265380859375,619.91552734375,0.9571695327758789,0.9419410824775696,3.2546019554138184,2.53428316116333,3.263630914672647,2.5163518166364085,0.0,0,two_ankles,accepted,3.2546019554138184,2.53428316116333,0.033964640306373826
18,0.6,detected,3,1,0.914729654788971,ankle_midpoint,918.1378173828125,847.8677978515625,0.9806761741638184,0.9790675640106201,2.7751705646514893,10.052261352539062,2.7407865271436087,10.102631252897016,0.0,0,two_ankles,accepted,2.7751705646514893,10.052261352539062,0.04065008808344633
18,0.6,detected,4,2,0.7424927949905396,ankle_midpoint,972.8096923828125,766.1010131835938,0.8439541459083557,0.9226771593093872,3.106290817260742,7.930211544036865,3.1023612385615937,8.003954034471656,0.0,0,two_ankles,accepted,3.106290817260742,7.930211544036865,0.02834740597367809
19,0.6333333333333333,detected,1,3,0.8300133347511292,ankle_midpoint,867.31103515625,651.7471923828125,0.9657972455024719,0.9776492714881897,2.2594988346099854,3.9715569019317627,2.2420278700998706,3.544772395323169,0.0,0,two_ankles,corrected_motion_outlier,2.2528011175716856,3.4840016085878376,0.4376358610836511
19,0.6333333333333333,detected,2,6,0.8709638118743896,ankle_midpoint,988.282958984375,617.6727294921875,0.9679415225982666,0.9560397267341614,3.246889591217041,2.428711414337158,3.2560973191176243,2.476913635601746,0.0,0,two_ankles,accepted,3.246889591217041,2.428711414337158,0.10585307879052486
19,0.6333333333333333,detected,3,1,0.9175907373428345,ankle_midpoint,926.179931640625,847.9613037109375,0.992753803730011,0.9914113283157349,2.823474168777466,10.053354263305664,2.7779959658788442,10.080456607580908,0.0,0,two_ankles,accepted,2.823474168777466,10.053354263305664,0.048315966569063
19,0.6333333333333333,detected,4,2,0.7113645076751709,ankle_midpoint,979.5509033203125,767.330810546875,0.7879231572151184,0.8858662843704224,3.1515023708343506,7.964709281921387,3.1244747480843342,7.986293895824035,0.0,0,two_ankles,accepted,3.1515023708343506,7.964709281921387,0.05686983818939888
20,0.6666666666666666,detected,1,3,0.8551369905471802,ankle_midpoint,883.3206787109375,659.6427001953125,0.9765797257423401,0.9874518513679504,2.398245334625244,4.2935261726379395,2.2503902482488405,3.4948535596972023,0.22063236095972028,0,two_ankles,corrected_motion_outlier,2.2606109326531367,3.433841649487687,0.3873375148421703
20,0.6666666666666666,detected,2,6,0.8731897473335266,ankle_midpoint,989.2770385742188,616.7057495117188,0.9581132531166077,0.9514601230621338,3.255760669708252,2.382585048675537,3.2559458268834067,2.4344657714849522,0.0,0,two_ankles,accepted,3.255760669708252,2.382585048675537,0.04697166851142083
20,0.6666666666666666,detected,3,1,0.9101396799087524,ankle_midpoint,934.4373779296875,849.0936279296875,0.976949155330658,0.9736748337745667,2.8733420372009277,10.078351020812988,2.820901697973782,10.079509093535345,0.0,0,two_ankles,accepted,2.8733420372009277,10.078351020812988,0.055782095577162384
20,0.6666666666666666,detected,4,2,0.6054216027259827,ankle_midpoint,986.193115234375,766.564208984375,0.7309118509292603,0.8370641469955444,3.1962320804595947,7.94150447845459,3.1567655476532015,7.966138658007785,0.0,0,two_ankles,accepted,3.1962320804595947,7.94150447845459,0.05039057279979388
21,0.7,detected,1,3,0.858065664768219,ankle_midpoint,888.7904663085938,660.5029296875,0.9609816670417786,0.9778462052345276,2.4427602291107178,4.327303409576416,2.336956739636685,3.8694559921428486,0.3095916859224428,0,two_ankles,accepted,2.4427602291107178,4.327303409576416,0.2724755910965616
21,0.7,detected,2,6,0.8710294961929321,ankle_midpoint,988.8789672851562,614.69482421875,0.9550538063049316,0.9502329230308533,3.2529871463775635,2.286705732345581,3.2546144206557774,2.367973753872235,0.0,0,two_ankles,accepted,3.2529871463775635,2.286705732345581,0.09591942311943734
21,0.7,detected,3,1,0.9074772596359253,ankle_midpoint,937.87060546875,854.0174560546875,0.9901140928268433,0.990327775478363,2.895106077194214,10.190461158752441,2.8542936686229767,10.12943752288304,0.0,0,two_ankles,accepted,2.895106077194214,10.190461158752441,0.11420313684672836
21,0.7,detected,4,2,0.49132317304611206,ankle_midpoint,986.3682861328125,777.5033569335938,0.6610311269760132,0.7709287405014038,3.1955440044403076,8.252994537353516,3.186523721533094,7.942882794956189,0.0,0,two_ankles,corrected_motion_outlier,3.2228948229418513,7.914458962337571,0.3114908188718643
22,0.7333333333333333,detected,1,3,0.7877014875411987,ankle_midpoint,883.9405517578125,666.9364624023438,0.9238109588623047,0.9731297492980957,2.411651849746704,4.586130142211914,2.370569539186194,4.191959359673929,0.0,0,two_ankles,accepted,2.411651849746704,4.586130142211914,0.26068948730898794
22,0.7333333333333333,detected,2,6,0.8755569458007812,ankle_midpoint,988.21044921875,613.89892578125,0.9575565457344055,0.9517287015914917,3.247457265853882,2.248678207397461,3.2513937009949245,2.3142907579585867,0.0,0,two_ankles,accepted,3.247457265853882,2.248678207397461,0.03842749318243504
22,0.7333333333333333,detected,3,1,0.9094752073287964,ankle_midpoint,949.9640502929688,856.9476928710938,0.9597275257110596,0.9728105664253235,2.967554807662964,10.255195617675781,2.905261181190971,10.186028665539773,0.0,0,two_ankles,accepted,2.967554807662964,10.255195617675781,0.09715641367728205
22,0.7333333333333333,detected,4,2,0.36300691962242126,ankle_midpoint,985.4248046875,773.3458251953125,0.646107017993927,0.781929612159729,3.1899664402008057,8.135912895202637,3.1880729449335643,8.02974634006709,0.0,0,two_ankles,accepted,3.1899664402008057,8.135912895202637,0.09725467951509432
23,0.7666666666666667,detected,1,3,0.8383999466896057,ankle_midpoint,892.7379150390625,672.8977661132812,0.9043754935264587,0.9720457196235657,2.486906051635742,4.818233013153076,2.422920969788491,4.473782503739546,0.0,0,two_ankles,accepted,2.486906051635742,4.818233013153076,0.24399782294333255
23,0.7666666666666667,detected,2,6,0.8775990605354309,ankle_midpoint,989.5802001953125,607.6701049804688,0.9598987698554993,0.9596401453018188,3.2614686489105225,1.945477843284607,3.248093397238689,2.262198251385034,0.0,0,two_ankles,corrected_motion_outlier,3.2440596926477334,2.19852963223958,0.303523935882044
23,0.7666666666666667,detected,3,1,0.9144470691680908,ankle_midpoint,954.847412109375,863.29345703125,0.9596938490867615,0.9698367714881897,2.997204542160034,10.396472930908203,2.9466356936270497,10.280728584955568,0.0,0,two_ankles,accepted,2.997204542160034,10.396472930908203,0.14435506915213822
23,0.7666666666666667,detected,4,2,0.44062286615371704,ankle_midpoint,992.9337768554688,769.9866943359375,0.5594939589500427,0.8240419030189514,3.240734577178955,8.038979530334473,3.2117706794439904,8.033901275687413,0.0,0,two_ankles,accepted,3.240734577178955,8.038979530334473,0.10942340223597859
24,0.8,detected,1,3,0.8183192014694214,ankle_midpoint,890.3466186523438,669.4805297851562,0.8887835741043091,0.9676322340965271,2.4647185802459717,4.685223579406738,2.4417298944943573,4.568930987789782,0.0,0,two_ankles,accepted,2.4647185802459717,4.685223579406738,0.13484729642152019
24,0.8,detected,2,6,0.8745338916778564,ankle_midpoint,990.28857421875,609.5015869140625,0.960954487323761,0.9595317244529724,3.2670207023620605,2.035108804702759,3.2566106845442064,2.16000800037801,0.0,0,two_ankles,accepted,3.2670207023620605,2.035108804702759,0.10723177912282043
24,0.8,detected,3,1,0.915452778339386,ankle_midpoint,955.3992309570312,865.8104248046875,0.9599459767341614,0.9689517617225647,3.000706195831299,10.452051162719727,2.9709674196189617,10.357823744949439,0.0,0,two_ankles,accepted,3.000706195831299,10.452051162719727,0.05568843174061303
24,0.8,detected,4,2,0.3778524696826935,ankle_midpoint,997.6890869140625,772.6295166015625,0.6295636296272278,0.8598700165748596,3.2718007564544678,8.113659858703613,3.2387842140987058,8.069792638044703,0.0,0,two_ankles,accepted,3.2718007564544678,8.113659858703613,0.0808842317148464
25,0.8333333333333334,detected,1,3,0.6893864870071411,ankle_midpoint,894.34765625,675.1380615234375,0.8602777719497681,0.9510655999183655,2.5016391277313232,4.904590129852295,2.468689049450992,4.719977601717913,0.0,0,two_ankles,accepted,2.5016391277313232,4.904590129852295,0.22245181563880537
25,0.8333333333333334,detected,2,6,0.8588809967041016,ankle_midpoint,990.405517578125,605.4840087890625,0.9553267955780029,0.9443288445472717,3.2694993019104004,1.837259292602539,3.262410562358994,2.014771081879048,0.0,0,two_ankles,accepted,3.2694993019104004,1.837259292602539,0.19786503706824007
25,0.8333333333333334,detected,3,1,0.91485595703125,ankle_midpoint,953.0128784179688,870.3414306640625,0.9707502126693726,0.9793413281440735,2.987241744995117,10.55163288116455,2.9782908660382317,10.44503785624624,0.0,0,two_ankles,accepted,2.987241744995117,10.55163288116455,0.10048786038494499
25,0.8333333333333334,detected,4,2,0.5152668952941895,ankle_midpoint,976.029541015625,785.218505859375,0.4824361801147461,0.5627869367599487,3.126619577407837,8.468414306640625,3.26681851486273,8.094497499683326,0.0,0,two_ankles,corrected_motion_outlier,3.3010826602409815,8.124692330574977,0.3833122657579116
26,0.8666666666666667,detected,1,3,0.668583869934082,ankle_midpoint,890.16015625,678.3729248046875,0.8445066809654236,0.9508570432662964,2.4724862575531006,5.029421806335449,2.470397793096941,4.859227493795805,0.0,0,two_ankles,accepted,2.4724862575531006,5.029421806335449,0.12819062872621853
26,0.8666666666666667,detected,2,6,0.8599759340286255,ankle_midpoint,989.6021728515625,604.1194458007812,0.942255437374115,0.931411862373352,3.262908697128296,1.769570231437683,3.26263472300518,1.904430699180434,0.0,0,two_ankles,accepted,3.262908697128296,1.769570231437683,0.06800915433067456
26,0.8666666666666667,detected,3,1,0.9170839190483093,ankle_midpoint,954.87744140625,871.6207275390625,0.9884950518608093,0.990227460861206,2.998248338699341,10.57922077178955,2.987271728735731,10.50542016824073,0.0,0,two_ankles,accepted,2.998248338699341,10.57922077178955,0.029702471515125103
26,0.8666666666666667,predicted,4,,,motion_prediction,,,,,,,3.3303645640274957,8.135724802446342,,1,,motion_prediction,3.3303645640274957,8.135724802446342,
27,0.9,detected,1,3,0.6398311257362366,ankle_midpoint,888.7316284179688,678.3049926757812,0.8455092310905457,0.9475772976875305,2.4613969326019287,5.027113437652588,2.4663474058741857,4.934776168531357,0.0,0,two_ankles,accepted,2.4613969326019287,5.027113437652588,0.011327033762141704
27,0.9,detected,2,6,0.8532634377479553,ankle_midpoint,991.456787109375,605.5201416015625,0.9170348048210144,0.9007264971733093,3.278740167617798,1.8387950658798218,3.269882173080858,1.8748946641951587,0.0,0,two_ankles,accepted,3.278740167617798,1.8387950658798218,0.07101206349206787
27,0.9,detected,3,1,0.9148987531661987,ankle_midpoint,954.8565063476562,871.8465576171875,0.9897940158843994,0.9921050071716309,2.998149871826172,10.584125518798828,2.99216689312643,10.540837575991876,0.0,0,two_ankles,accepted,2.998149871826172,10.584125518798828,0.004905735311869844
27,0.9,detected,4,14,0.4165625274181366,ankle_midpoint,982.5819091796875,777.0081787109375,0.35690194368362427,0.4841139316558838,3.1705591678619385,8.239690780639648,3.223501808712374,8.159834476113671,0.2106908721336904,0,two_ankles,accepted,3.1705591678619385,8.239690780639648,0.05388635422482099
28,0.9333333333333333,detected,1,3,0.7062422633171082,ankle_midpoint,890.71826171875,678.53955078125,0.8923465609550476,0.95139080286026,2.4769601821899414,5.0356621742248535,2.471123155216276,4.98017487109343,0.0,0,two_ankles,accepted,2.4769601821899414,5.0356621742248535,0.017756565960814867
28,0.9333333333333333,detected,2,6,0.8458799719810486,ankle_midpoint,993.8202514648438,605.1446533203125,0.9318129420280457,0.9165152311325073,3.2997045516967773,1.8195741176605225,3.2833022434580217,1.8500004182545724,0.0,0,two_ankles,accepted,3.2997045516967773,1.8195741176605225,0.02844205073935342
28,0.9333333333333333,detected,3,1,0.9191786050796509,ankle_midpoint,955.4952392578125,870.3883666992188,0.9823060631752014,0.9873632788658142,3.0017242431640625,10.55234146118164,2.9964677006433647,10.54601432432727,0.0,0,two_ankles,accepted,3.0017242431640625,10.55234146118164,0.031984409468893256
28,0.9333333333333333,detected,4,14,0.39022165536880493,ankle_midpoint,964.1839599609375,777.7723999023438,0.3300725817680359,0.3883747160434723,3.048800230026245,8.26395034790039,3.1448860983036164,8.206686618417695,0.0,0,two_ankles,accepted,3.048800230026245,8.26395034790039,0.12415218703895117
29,0.9666666666666667,detected,1,3,0.7692378759384155,ankle_midpoint,902.9952392578125,675.1341552734375,0.9205468893051147,0.9710067510604858,2.568709373474121,4.902719497680664,2.5150369534323067,4.945319953057686,0.0,0,two_ankles,accepted,2.568709373474121,4.902719497680664,0.16152915943579343
29,0.9666666666666667,detected,2,6,0.8514856100082397,ankle_midpoint,994.767333984375,603.134765625,0.9521203637123108,0.9448221325874329,3.3089351654052734,1.7190892696380615,3.294837058334285,1.7910904013771427,0.0,0,two_ankles,accepted,3.3089351654052734,1.7190892696380615,0.1009079229373618
29,0.9666666666666667,detected,3,1,0.91531902551651,ankle_midpoint,957.9666137695312,869.8009033203125,0.9709926247596741,0.9830580353736877,3.016090154647827,10.53922176361084,3.005297804945373,10.542957672004878,0.0,0,two_ankles,accepted,3.016090154647827,10.53922176361084,0.019455227500819336
29,0.9666666666666667,detected,4,14,0.4872282147407532,ankle_midpoint,921.8742065429688,760.3553466796875,0.34929490089416504,0.3494246304035187,2.7611029148101807,7.770520210266113,3.084582777616369,8.242674532454085,0.0,0,two_ankles,corrected_motion_outlier,3.010878718998621,8.286659760720784,0.5711768954608664
30,1.0,detected,1,3,0.6485633850097656,ankle_midpoint,905.2232666015625,673.0745239257812,0.8953304290771484,0.9585732817649841,2.5842649936676025,4.822597980499268,2.54618957153819,4.890095065406397,0.0,0,two_ankles,accepted,2.5842649936676025,4.822597980499268,0.08161761350990765
30,1.0,detected,2,6,0.849378228187561,ankle_midpoint,994.376953125,601.56787109375,0.9572003483772278,0.9501817226409912,3.306168794631958,1.6404881477355957,3.299936339668238,1.7233193872384467,0.0,0,two_ankles,accepted,3.306168794631958,1.6404881477355957,0.07864978812165832
30,1.0,detected,3,1,0.9121659994125366,ankle_midpoint,958.7978515625,867.9880981445312,0.9713577032089233,0.9837214350700378,3.0208065509796143,10.49947738647461,3.0122767406607815,10.523391543516258,0.0,0,two_ankles,accepted,3.0208065509796143,10.49947738647461,0.04002324210137672
30,1.0,detected,4,14,0.6893569827079773,ankle_midpoint,909.3245849609375,784.0808715820312,0.5540771484375,0.5026189088821411,2.6897060871124268,8.447311401367188,2.9068882668895952,8.334761123464983,0.0,0,two_ankles,accepted,2.6897060871124268,8.447311401367188,0.20159977641571392
31,1.0333333333333334,detected,1,3,0.549406886100769,ankle_midpoint,915.6138916015625,674.9393920898438,0.7279854416847229,0.8785682320594788,2.6664600372314453,4.892696857452393,2.600311281100155,4.891265871827095,0.0,0,two_ankles,accepted,2.6664600372314453,4.892696857452393,0.10802720831601348
31,1.0333333333333334,detected,2,6,0.8665574789047241,ankle_midpoint,995.8504638671875,602.1478271484375,0.9638650417327881,0.9577977061271667,3.3189704418182373,1.6693079471588135,3.308501685635738,1.699014239202612,0.0,0,two_ankles,accepted,3.3189704418182373,1.6693079471588135,0.03153510757039646
31,1.0333333333333334,detected,3,1,0.9093217849731445,ankle_midpoint,961.2157592773438,865.1685180664062,0.972518265247345,0.9861646890640259,3.0347909927368164,10.437149047851562,3.0224081540949976,10.484582420467145,0.0,0,two_ankles,accepted,3.0347909927368164,10.437149047851562,0.0638779023353912
31,1.0333333333333334,detected,4,14,0.7429847717285156,ankle_midpoint,913.28369140625,784.7715454101562,0.5905970931053162,0.4618425965309143,2.715993881225586,8.465669631958008,2.820985793340791,8.393669952286844,0.0,0,two_ankles,accepted,2.715993881225586,8.465669631958008,0.03206357356505318
32,1.0666666666666667,detected,1,3,0.3811088800430298,ankle_midpoint,922.0560302734375,661.9725341796875,0.4896480441093445,0.6934423446655273,2.7083029747009277,4.379843235015869,2.6512643982386326,4.892438561545353,0.0,0,two_ankles,corrected_motion_outlier,2.713540430296771,4.893871848978777,0.5145577416212287
32,1.0666666666666667,detected,2,6,0.8650013208389282,ankle_midpoint,991.2364501953125,599.0164794921875,0.9552918672561646,0.9433784484863281,3.27929949760437,1.5121012926101685,3.2953607010216226,1.6149034132360125,0.0,0,two_ankles,accepted,3.27929949760437,1.5121012926101685,0.16213486993610218
32,1.0666666666666667,detected,3,1,0.9083694815635681,ankle_midpoint,963.312255859375,862.8743896484375,0.9731749892234802,0.9871960878372192,3.0470051765441895,10.38608455657959,3.033476814197134,10.440258381717745,0.0,0,two_ankles,accepted,3.0470051765441895,10.38608455657959,0.05250493838626673
32,1.0666666666666667,detected,4,14,0.7114282846450806,ankle_midpoint,915.114013671875,778.110107421875,0.4885217249393463,0.378267765045166,2.7245938777923584,8.280954360961914,2.7776094313439965,8.342947936190626,0.0,0,two_ankles,accepted,2.7245938777923584,8.280954360961914,0.1849153624772935
33,1.1,detected,1,3,0.34425243735313416,ankle_midpoint,920.80322265625,655.520751953125,0.2570551931858063,0.40199482440948486,2.6940550804138184,4.116909027099609,2.7004747895441916,4.893612287077266,0.13097980433928536,0,two_ankles,corrected_motion_outlier,2.760620823362097,4.89504684050516,0.38813922892813724
33,1.1,detected,2,6,0.8201004862785339,ankle_midpoint,992.4176025390625,597.5220947265625,0.951436460018158,0.9341959357261658,3.2904422283172607,1.4355547428131104,3.29314738830466,1.5341965115457066,0.0,0,two_ankles,accepted,3.2904422283172607,1.4355547428131104,0.07735331107052557
33,1.1,detected,3,1,0.9047189354896545,ankle_midpoint,964.242919921875,862.4425048828125,0.9734194874763489,0.9878202676773071,3.0524706840515137,10.376368522644043,3.0420240556316047,10.41150794513458,0.0,0,two_ankles,accepted,3.0524706840515137,10.376368522644043,0.011147783983793187
33,1.1,detected,4,14,0.6077489852905273,ankle_midpoint,906.2314453125,778.1166381835938,0.5136131644248962,0.3723352551460266,2.6659233570098877,8.282504081726074,2.7273506978936477,8.31574820168158,0.0,0,two_ankles,accepted,2.6659233570098877,8.282504081726074,0.05869098434455837
34,1.1333333333333333,detected,1,3,0.4021579623222351,ankle_midpoint,903.8475341796875,655.3836059570312,0.7663319110870361,0.8862723112106323,2.5578763484954834,4.114814758300781,2.636305491072273,4.543153399127848,0.17037154967349144,0,two_ankles,accepted,2.5578763484954834,4.114814758300781,0.26180802501069905
34,1.1333333333333333,detected,2,6,0.8045799136161804,ankle_midpoint,1000.5210571289062,598.581298828125,0.8874862790107727,0.8669877052307129,3.3623082637786865,1.4876219034194946,3.3242697822679723,1.5132379378889114,0.0,0,two_ankles,accepted,3.3623082637786865,1.4876219034194946,0.08874523235956917
34,1.1333333333333333,detected,3,1,0.9092607498168945,ankle_midpoint,963.4671630859375,861.9368286132812,0.9878081679344177,0.9930394291877747,3.047879457473755,10.365219116210938,3.044658986460573,10.390677972118942,0.0,0,two_ankles,accepted,3.047879457473755,10.365219116210938,0.012057720568121169
34,1.1333333333333333,detected,4,14,0.4496249556541443,ankle_midpoint,887.7261962890625,784.2210693359375,0.7500138878822327,0.7109789848327637,2.5483763217926025,8.454440116882324,2.6468122286481774,8.378159563521915,0.0,0,two_ankles,accepted,2.5483763217926025,8.454440116882324,0.20827699266511632
35,1.1666666666666667,detected,1,3,0.3179236054420471,ankle_midpoint,915.5506591796875,664.5966796875,0.6178494095802307,0.8139467239379883,2.6585960388183594,4.486551284790039,2.609082748225688,4.309905885571676,0.0,0,two_ankles,corrected_motion_outlier,2.57581050696875,4.024825591225243,0.3851395865722384
35,1.1666666666666667,detected,2,6,0.7861661911010742,ankle_midpoint,1006.5386962890625,596.303955078125,0.7673034071922302,0.7679359316825867,3.417504072189331,1.3695135116577148,3.366225212732584,1.448561946084873,0.0,0,two_ankles,accepted,3.417504072189331,1.3695135116577148,0.1303693578670181
35,1.1666666666666667,detected,3,1,0.9051125049591064,ankle_midpoint,966.1748046875,860.3298950195312,0.9697636961936951,0.9816563725471497,3.0638113021850586,10.329023361206055,3.053277528536592,10.362933397208144,0.0,0,two_ankles,accepted,3.0638113021850586,10.329023361206055,0.039546888073255466
35,1.1666666666666667,detected,4,14,0.5561547875404358,ankle_midpoint,896.628173828125,780.909423828125,0.6544002294540405,0.5324806571006775,2.6044070720672607,8.361716270446777,2.6277299081867653,8.370760081638103,0.0,0,two_ankles,accepted,2.6044070720672607,8.361716270446777,0.10833815890139535
36,1.2,detected,1,3,0.4859515130519867,ankle_midpoint,913.80908203125,664.202880859375,0.7484543919563293,0.8981052041053772,2.6445443630218506,4.471157073974609,2.6250404748839613,4.382468920352997,0.0,0,two_ankles,accepted,2.6445443630218506,4.471157073974609,0.18336520299782125
36,1.2,detected,2,6,0.7998735308647156,ankle_midpoint,1003.4920043945312,599.0564575195312,0.831734836101532,0.8009496331214905,3.3885316848754883,1.5110769271850586,3.376263125196891,1.4766936875799566,0.0,0,two_ankles,accepted,3.3885316848754883,1.5110769271850586,0.14449775030231685
36,1.2,detected,3,1,0.9048922061920166,ankle_midpoint,965.439453125,862.1929931640625,0.9675363898277283,0.9798908233642578,3.0595145225524902,10.370665550231934,3.056084175843746,10.366412866068849,0.0,0,two_ankles,accepted,3.0595145225524902,10.370665550231934,0.04186328011608603
36,1.2,detected,4,14,0.46402689814567566,ankle_midpoint,889.1236572265625,780.8623657226562,0.6251455545425415,0.5780861377716064,2.555007219314575,8.36155891418457,2.59500469819428,8.366619556284014,0.0,0,two_ankles,accepted,2.555007219314575,8.36155891418457,0.04940010337013749
37,1.2333333333333334,detected,1,3,0.47985783219337463,ankle_midpoint,911.151611328125,660.1234130859375,0.7815778851509094,0.9209743142127991,2.6203083992004395,4.30727481842041,2.6229110408263763,4.348631574483333,0.0,0,two_ankles,accepted,2.6203083992004395,4.30727481842041,0.16566464809332318
37,1.2333333333333334,detected,2,6,0.7344676852226257,ankle_midpoint,1000.0147094726562,599.3714599609375,0.9113911986351013,0.8907591104507446,3.3573625087738037,1.5279607772827148,3.3677578478065016,1.4997638779461977,0.0,0,two_ankles,accepted,3.3573625087738037,1.5279607772827148,0.0354482994370386
37,1.2333333333333334,detected,3,1,0.909770667552948,ankle_midpoint,965.2633056640625,865.2567138671875,0.9686823487281799,0.9782608151435852,3.0585579872131348,10.438577651977539,3.0571973909599715,10.39888701972776,0.0,0,two_ankles,accepted,3.0585579872131348,10.438577651977539,0.06791883776509214
37,1.2333333333333334,detected,4,14,0.46142566204071045,ankle_midpoint,884.0852661132812,779.8842163085938,0.5075860619544983,0.484046995639801,2.521080255508423,8.335175514221191,2.5617386989856445,8.352469737355744,0.0,0,two_ankles,accepted,2.521080255508423,8.335175514221191,0.04297816499958547
38,1.2666666666666666,detected,1,3,0.3758865296840668,ankle_midpoint,913.3367919921875,661.2351684570312,0.7584284543991089,0.8925405144691467,2.6385538578033447,4.351864337921143,2.6299503084660123,4.350086318030348,0.0,0,two_ankles,accepted,2.6385538578033447,4.351864337921143,0.04817802412860585
38,1.2666666666666666,detected,2,6,0.7470771670341492,ankle_midpoint,1004.2572021484375,600.419189453125,0.9008554220199585,0.88260817527771,3.394517660140991,1.5800367593765259,3.3797997633570223,1.5358866745898454,0.0,0,two_ankles,accepted,3.394517660140991,1.5800367593765259,0.06397197186388381
38,1.2666666666666666,detected,3,1,0.9067374467849731,ankle_midpoint,965.855712890625,864.9071044921875,0.9691380262374878,0.9770101308822632,3.062028169631958,10.430781364440918,3.0593712413623657,10.41323947484868,0.0,0,two_ankles,accepted,3.062028169631958,10.430781364440918,0.0085337134574336
38,1.2666666666666666,detected,4,14,0.3357086777687073,ankle_midpoint,879.75830078125,779.2271728515625,0.4939648509025574,0.4638487994670868,2.4920237064361572,8.317556381225586,2.530366952338375,8.336758727097173,0.0,0,two_ankles,accepted,2.4920237064361572,8.317556381225586,0.033981125518525925
39,1.3,detected,1,3,0.4354757070541382,ankle_midpoint,912.0432739257812,662.8037109375,0.7845929861068726,0.9075102210044861,2.6295013427734375,4.4153852462768555,2.6297482739043536,4.379470835741277,0.0,0,two_ankles,accepted,2.6295013427734375,4.4153852462768555,0.0641627136793759
39,1.3,detected,2,6,0.6637962460517883,ankle_midpoint,1006.3798828125,601.0933837890625,0.9056690335273743,0.8814216256141663,3.412954807281494,1.6135869026184082,3.394719533123035,1.5708517772026989,0.0,0,two_ankles,accepted,3.412954807281494,1.6135869026184082,0.03828237853414254
39,1.3,detected,3,1,0.903907299041748,ankle_midpoint,966.8624267578125,863.4005126953125,0.9691591262817383,0.9781060218811035,3.0679190158843994,10.39730453491211,3.063217739897281,10.406068751877225,0.0,0,two_ankles,accepted,3.0679190158843994,10.39730453491211,0.03399117804476352
39,1.3,predicted,4,,,motion_prediction,,,,,,,2.460379717740448,8.304188664493708,,1,,motion_prediction,2.460379717740448,8.304188664493708,
40,1.3333333333333333,detected,1,3,0.5910452008247375,ankle_midpoint,901.297119140625,660.6450805664062,0.913449227809906,0.9710704684257507,2.5423598289489746,4.330472469329834,2.5904234736744334,4.357421570856128,0.0,0,two_ankles,accepted,2.5423598289489746,4.330472469329834,0.12167096251971413
40,1.3333333333333333,detected,2,6,0.6995403170585632,ankle_midpoint,1007.584716796875,599.6284790039062,0.9026466012001038,0.8729419112205505,3.4246339797973633,1.5391285419464111,3.408181034126483,1.5565763213373693,0.0,0,two_ankles,accepted,3.4246339797973633,1.5391285419464111,0.07536876371957174
40,1.3333333333333333,detected,3,1,0.9039367437362671,ankle_midpoint,967.6384887695312,863.055419921875,0.9794528484344482,0.9866564273834229,3.0724830627441406,10.389547348022461,3.067387135178368,10.398634120142582,0.0,0,two_ankles,accepted,3.0724830627441406,10.389547348022461,0.009000248450951074
40,1.3333333333333333,predicted,4,,,motion_prediction,,,,,,,2.4287357290447384,8.29082094776183,,2,,motion_prediction,2.4287357290447384,8.29082094776183,
41,1.3666666666666667,detected,1,3,0.6928121447563171,ankle_midpoint,905.9952392578125,660.7559814453125,0.8942062854766846,0.9590591192245483,2.579815149307251,4.333991527557373,2.5856497277092014,4.3468780513716885,0.0,0,two_ankles,accepted,2.579815149307251,4.333991527557373,0.03762027105098955
41,1.3666666666666667,detected,2,6,0.6657735109329224,ankle_midpoint,1013.83154296875,601.4888305664062,0.8694013953208923,0.8322519659996033,3.4788219928741455,1.6316883563995361,3.4399694655629314,1.5903767371153443,0.0,0,two_ankles,accepted,3.4788219928741455,1.6316883563995361,0.10725511648777623
41,1.3666666666666667,detected,3,1,0.9153928756713867,ankle_midpoint,969.5311279296875,861.847900390625,0.9821913838386536,0.9854931235313416,3.0836329460144043,10.362458229064941,3.0746977500545842,10.382354969157644,0.0,0,two_ankles,accepted,3.0836329460144043,10.362458229064941,0.029294031181029863
41,1.3666666666666667,predicted,4,,,motion_prediction,,,,,,,2.3970917403490293,8.277453231029952,,3,,motion_prediction,2.3970917403490293,8.277453231029952,
42,1.4,detected,1,3,0.7463396191596985,ankle_midpoint,908.6810913085938,659.66455078125,0.8951237797737122,0.9626729488372803,2.600261926651001,4.289146900177002,2.592225217233011,4.32089903333408,0.0,0,two_ankles,accepted,2.600261926651001,4.289146900177002,0.04928601534542245
42,1.4,detected,2,6,0.6586332321166992,ankle_midpoint,1009.0072021484375,602.973876953125,0.8740056157112122,0.8557490706443787,3.4349894523620605,1.7075212001800537,3.43772845962254,1.6430917454944636,0.0,0,two_ankles,accepted,3.4349894523620605,1.7075212001800537,0.08758945029844606
42,1.4,detected,3,1,0.9137238264083862,ankle_midpoint,970.3361206054688,860.6832275390625,0.9815829396247864,0.9847241640090942,3.088393211364746,10.336380958557129,3.080860707644157,10.361666664387414,0.0,0,two_ankles,accepted,3.088393211364746,10.336380958557129,0.026508190495454276
42,1.4,predicted,4,,,motion_prediction,,,,,,,2.3654477516533197,8.264085514298074,,4,,motion_prediction,2.3654477516533197,8.264085514298074,
43,1.4333333333333333,detected,1,3,0.763626754283905,ankle_midpoint,929.0050659179688,660.7864379882812,0.8375492095947266,0.9323889017105103,2.7627971172332764,4.330460071563721,2.668982572233131,4.3252015005374185,0.0,0,two_ankles,accepted,2.7627971172332764,4.330460071563721,0.16770350714175591
43,1.4333333333333333,detected,2,6,0.45591410994529724,ankle_midpoint,1012.53369140625,599.529541015625,0.8905186057090759,0.8894065022468567,3.468782663345337,1.5328713655471802,3.4517028512977985,1.5934925745181863,0.0,0,two_ankles,accepted,3.468782663345337,1.5328713655471802,0.17788913920149904
43,1.4333333333333333,detected,3,1,0.9095007181167603,ankle_midpoint,970.3966064453125,858.0426635742188,0.9884657859802246,0.989912211894989,3.088782787322998,10.277195930480957,3.0844256434996353,10.32365483412951,0.0,0,two_ankles,accepted,3.088782787322998,10.277195930480957,0.05918631022292656
43,1.4333333333333333,detected,4,20,0.4303237497806549,ankle_midpoint,1016.5008544921875,737.0303955078125,0.3662621080875397,0.47238218784332275,3.4145219326019287,7.043112754821777,2.4419135171170314,8.298040308808233,1.620574497349972,0,two_ankles,corrected_motion_outlier,2.3338037629576105,8.250717797566196,0.3146559730346961
44,1.4666666666666666,detected,1,3,0.7322019934654236,ankle_midpoint,933.3165893554688,659.469970703125,0.8633383512496948,0.9372459650039673,2.7964372634887695,4.276113033294678,2.7263371832981687,4.303111690278185,0.0,0,two_ankles,accepted,2.7964372634887695,4.276113033294678,0.06391603874386922
44,1.4666666666666666,detected,2,6,0.2807559669017792,ankle_midpoint,1017.639404296875,595.7021484375,0.8947425484657288,0.8662393093109131,3.517524242401123,1.3357256650924683,3.481322477294295,1.4774974652766133,0.0,0,two_ankles,accepted,3.517524242401123,1.3357256650924683,0.20308167996308885
44,1.4666666666666666,detected,3,1,0.9106841087341309,ankle_midpoint,973.9931640625,859.8707275390625,0.9884307384490967,0.9867089986801147,3.110023021697998,10.317742347717285,3.095944463688899,10.32099421524401,0.0,0,two_ankles,accepted,3.110023021697998,10.317742347717285,0.04577291237191859
44,1.4666666666666666,detected,4,20,0.5373074412345886,ankle_midpoint,1021.8850708007812,746.9349975585938,0.5725376605987549,0.7148885726928711,3.446784019470215,7.350790500640869,2.894105243175964,7.87177789513292,0.7978095703342639,0,two_ankles,accepted,3.446784019470215,7.350790500640869,0.22645845358522623
45,1.5,detected,1,3,0.6747300028800964,ankle_midpoint,933.3677978515625,657.9710693359375,0.8807794451713562,0.9452537298202515,2.7961068153381348,4.214941501617432,2.7577335177161535,4.263435105380847,0.0,0,two_ankles,accepted,2.7961068153381348,4.214941501617432,0.061172424209937765
45,1.5,detected,2,6,0.3561944365501404,ankle_midpoint,1023.946533203125,595.37451171875,0.9309030175209045,0.9195128083229065,3.574450731277466,1.3172286748886108,3.5232301915867223,1.405376509602012,0.0,0,two_ankles,accepted,3.574450731277466,1.3172286748886108,0.05985619251497688
45,1.5,detected,3,1,0.9119006991386414,ankle_midpoint,975.988037109375,861.1273193359375,0.9872567653656006,0.985124409198761,3.1217479705810547,10.345564842224121,3.107556041790369,10.33205099738506,0.0,0,two_ankles,accepted,3.1217479705810547,10.345564842224121,0.030192145119106843
45,1.5,detected,4,20,0.6747274994850159,ankle_midpoint,1027.037841796875,747.5247802734375,0.6366501450538635,0.806956946849823,3.482103109359741,7.368022441864014,3.158704282958664,7.645087941161913,0.0,0,two_ankles,accepted,3.482103109359741,7.368022441864014,0.0392985738792434
46,1.5333333333333334,detected,1,3,0.6560160517692566,ankle_midpoint,939.9307861328125,653.09814453125,0.8268431425094604,0.9115248322486877,2.84657883644104,4.012489318847656,2.7977139111423526,4.1505095014409115,0.0,0,two_ankles,accepted,2.84657883644104,4.012489318847656,0.2086487747926133
46,1.5333333333333334,detected,3,1,0.9105932116508484,ankle_midpoint,975.9871826171875,862.1986083984375,0.9821023941040039,0.9886416792869568,3.1216845512390137,10.36943244934082,3.1139138710422594,10.348872650765154,0.0,0,two_ankles,accepted,3.1216845512390137,10.36943244934082,0.023867691373278148
46,1.5333333333333334,detected,4,20,0.7370117902755737,ankle_midpoint,1029.7562255859375,750.5511474609375,0.7267255187034607,0.8962348699569702,3.4989919662475586,7.459874153137207,3.311833740438667,7.561741736550796,0.0,0,two_ankles,accepted,3.4989919662475586,7.459874153137207,0.09339148971288151
46,1.5333333333333334,predicted,2,,,motion_prediction,,,,,,,3.6111445482778746,1.2522906820422084,,1,,motion_prediction,3.6111445482778746,1.2522906820422084,
47,1.5666666666666667,detected,1,3,0.606511652469635,ankle_midpoint,944.33544921875,655.6089477539062,0.82050621509552,0.908962607383728,2.8829522132873535,4.115601062774658,2.836071147107603,4.134800704041098,0.0,0,two_ankles,accepted,2.8829522132873535,4.115601062774658,0.10933917083493709
47,1.5666666666666667,detected,3,1,0.9106478095054626,ankle_midpoint,976.9180297851562,868.4521484375,0.9787065982818604,0.9903990030288696,3.1267893314361572,10.507338523864746,3.1197078282195134,10.420182293659972,0.0,0,two_ankles,accepted,3.1267893314361572,10.507338523864746,0.13800052235937268
47,1.5666666666666667,detected,4,20,0.7900441288948059,ankle_midpoint,1033.233154296875,748.3800048828125,0.7454668283462524,0.8834357857704163,3.5243892669677734,7.393167495727539,3.407483727376765,7.48588332818033,0.0,0,two_ankles,accepted,3.5243892669677734,7.393167495727539,0.07137787490983348
47,1.5666666666666667,predicted,2,,,motion_prediction,,,,,,,3.6478383652782838,1.187352689195806,,2,,motion_prediction,3.6478383652782838,1.187352689195806,
48,1.6,detected,1,3,0.6532334089279175,ankle_midpoint,946.7574462890625,656.7711791992188,0.8133923411369324,0.915254533290863,2.902750253677368,4.16294527053833,2.8660767450639977,4.147465758964852,0.0,0,two_ankles,accepted,2.902750253677368,4.16294527053833,0.05131701873700751
48,1.6,detected,3,1,0.9182326197624207,ankle_midpoint,977.6571044921875,872.4769287109375,0.9810423851013184,0.9912247061729431,3.1308462619781494,10.594919204711914,3.1247201234109,10.498813903633348,0.0,0,two_ankles,accepted,3.1308462619781494,10.594919204711914,0.08767459348680234
48,1.6,detected,4,20,0.7193542122840881,ankle_midpoint,1023.3468017578125,753.160888671875,0.8014044165611267,0.9154837727546692,3.453385829925537,7.539844512939453,3.4281396735237126,7.510165861321936,0.0,0,two_ankles,accepted,3.453385829925537,7.539844512939453,0.16295899929121727
48,1.6,predicted,2,,,motion_prediction,,,,,,,3.6845321822786925,1.1224146963494035,,3,,motion_prediction,3.6845321822786925,1.1224146963494035,
49,1.6333333333333333,detected,1,3,0.712466299533844,ankle_midpoint,940.884033203125,654.4422607421875,0.9294841885566711,0.9684688448905945,2.8547937870025635,4.068097114562988,2.8609994139363524,4.111749868984013,0.0,0,two_ankles,accepted,2.8547937870025635,4.068097114562988,0.10628262034714057
49,1.6333333333333333,detected,3,1,0.9286019206047058,ankle_midpoint,976.5379028320312,873.7156982421875,0.9833789467811584,0.9920491576194763,3.124264717102051,10.621864318847656,3.124515190571918,10.554186590479787,0.0,0,two_ankles,accepted,3.124264717102051,10.621864318847656,0.027737265704179885
49,1.6333333333333333,detected,4,20,0.7986283898353577,ankle_midpoint,1040.7728271484375,758.43310546875,0.6494860053062439,0.7994108200073242,3.5690629482269287,7.694596767425537,3.49155514714016,7.593159769068556,0.0,0,two_ankles,accepted,3.5690629482269287,7.694596767425537,0.19320832271680186
49,1.6333333333333333,predicted,2,,,motion_prediction,,,,,,,3.7212259992791012,1.057476703503001,,4,,motion_prediction,3.7212259992791012,1.057476703503001,
50,1.6666666666666667,detected,1,3,0.7227156758308411,ankle_midpoint,942.913330078125,655.4693603515625,0.7901198863983154,0.898431122303009,2.871488094329834,4.110139846801758,2.8657193201134192,4.1110253590019985,0.0,0,two_ankles,accepted,2.871488094329834,4.110139846801758,0.04523595065032047
50,1.6666666666666667,detected,3,1,0.9306615591049194,ankle_midpoint,977.2072143554688,875.1546020507812,0.9838857650756836,0.994236946105957,3.128063201904297,10.652810096740723,3.1261117956714886,10.598567168297208,0.0,0,two_ankles,accepted,3.128063201904297,10.652810096740723,0.031178031628053302
50,1.6666666666666667,detected,4,20,0.45001035928726196,right_ankle,1023.494873046875,726.3080444335938,0.1509246975183487,0.22754010558128357,3.4701106548309326,6.697101593017578,3.542631370466541,7.674816200709143,0.435934366143666,0,single_ankle,corrected_motion_outlier,3.6050578656432286,7.774618506047637,1.0023912306756737
50,1.6666666666666667,predicted,2,,,motion_prediction,,,,,,,3.7579198162795104,0.9925387106565986,,5,,motion_prediction,3.7579198162795104,0.9925387106565986,
51,1.7,detected,1,3,0.6195598244667053,ankle_midpoint,942.2326049804688,654.5294189453125,0.7341426610946655,0.8745627403259277,2.8656716346740723,4.071422576904297,2.8656978616657134,4.093204107058033,0.0,0,two_ankles,accepted,2.8656716346740723,4.071422576904297,0.039151732927674335
51,1.7,detected,3,1,0.9183535575866699,ankle_midpoint,979.513671875,874.4412231445312,0.9874324798583984,0.9939427971839905,3.1414918899536133,10.637150764465332,3.133032838098445,10.615929786572865,0.0,0,two_ankles,accepted,3.1414918899536133,10.637150764465332,0.020628726330943068
51,1.7,detected,4,20,0.4681473970413208,ankle_midpoint,993.7855224609375,748.8573608398438,0.4647243916988373,0.5610553622245789,3.25175142288208,7.414251327514648,3.411735394053534,7.5575620077716215,0.0,0,two_ankles,accepted,3.25175142288208,7.414251327514648,0.2117074454261731
51,1.7,predicted,2,,,motion_prediction,,,,,,,3.794613633279919,0.9276007178101962,,6,,motion_prediction,3.794613633279919,0.9276007178101962,
52,1.7333333333333334,detected,1,3,0.6869550347328186,ankle_midpoint,952.2728271484375,651.2713623046875,0.8525461554527283,0.9349831342697144,2.9456419944763184,3.9335882663726807,2.9016727214304856,4.0213769787496245,0.0,0,two_ankles,accepted,2.9456419944763184,3.9335882663726807,0.1593535553623662
52,1.7333333333333334,detected,3,1,0.9292916655540466,ankle_midpoint,987.1140747070312,874.9639282226562,0.9654324650764465,0.9834895133972168,3.1855294704437256,10.6474609375,3.1566563226538213,10.630118804490078,0.0,0,two_ankles,accepted,3.1855294704437256,10.6474609375,0.04522839996537479
52,1.7333333333333334,detected,4,20,0.7308262586593628,ankle_midpoint,986.3700561523438,752.76806640625,0.8382120132446289,0.7445119023323059,3.199861764907837,7.534046173095703,3.3163922609379703,7.5469798821674585,0.0,0,two_ankles,accepted,3.199861764907837,7.534046173095703,0.13055014987533595
52,1.7333333333333334,predicted,2,,,motion_prediction,,,,,,,3.831307450280328,0.8626627249637937,,7,,motion_prediction,3.831307450280328,0.8626627249637937,
53,1.7666666666666666,detected,1,3,0.6692718863487244,ankle_midpoint,949.9017333984375,647.852783203125,0.8691624999046326,0.9550777077674866,2.925537109375,3.7900049686431885,2.9124116960055173,3.9172595742017284,0.0,0,two_ankles,accepted,2.925537109375,3.7900049686431885,0.14498403288573955
53,1.7666666666666666,detected,2,6,0.4436519742012024,ankle_midpoint,1016.3636474609375,587.49560546875,0.9402670860290527,0.9457159042358398,3.5130457878112793,0.9060119986534119,3.5186472098877735,1.1806624796751422,0.0,0,two_ankles,accepted,3.5130457878112793,0.9060119986534119,0.05197200597076427
53,1.7666666666666666,detected,3,1,0.9246775507926941,ankle_midpoint,995.650146484375,873.340087890625,0.9797937273979187,0.9939233660697937,3.235358476638794,10.611339569091797,3.192072291947059,10.621668148560852,0.0,0,two_ankles,accepted,3.235358476638794,10.611339569091797,0.0615441558075931
53,1.7666666666666666,detected,4,20,0.7955833673477173,ankle_midpoint,997.2738037109375,749.794921875,0.9446209669113159,0.8915526270866394,3.275550603866577,7.442234039306641,3.2980135152558434,7.4998442528800915,0.0,0,two_ankles,accepted,3.275550603866577,7.442234039306641,0.1189885215212914
54,1.8,detected,1,3,0.7625133991241455,ankle_midpoint,958.103759765625,650.6347045898438,0.7767130136489868,0.882124125957489,2.992706060409546,3.905641555786133,2.94854415998733,3.912031465914711,0.0,0,two_ankles,accepted,2.992706060409546,3.905641555786133,0.13372916013027594
54,1.8,detected,2,6,0.3823736310005188,ankle_midpoint,1014.8724365234375,588.7276611328125,0.9348360300064087,0.9433555603027344,3.498415946960449,0.9718526005744934,3.509543141570478,1.0866980340798502,0.0,0,two_ankles,accepted,3.498415946960449,0.9718526005744934,0.06744640171759309
54,1.8,detected,3,1,0.9202741384506226,ankle_midpoint,1003.3212280273438,875.130859375,0.9931714534759521,0.9969555139541626,3.279489755630493,10.649022102355957,3.2314101506046047,10.633977427768649,0.0,0,two_ankles,accepted,3.279489755630493,10.649022102355957,0.05803053591556543
54,1.8,detected,4,20,0.8015753626823425,ankle_midpoint,996.3722534179688,749.42431640625,0.9612298011779785,0.9435121417045593,3.2694427967071533,7.431103229522705,3.285156691908933,7.468910792369268,0.0,0,two_ankles,accepted,3.2694427967071533,7.431103229522705,0.012696465442904347
55,1.8333333333333333,detected,1,3,0.37000730633735657,ankle_midpoint,979.4391479492188,645.38037109375,0.7147125005722046,0.6966550946235657,3.1662981510162354,3.6783053874969482,3.0465334559503376,3.8068547306267178,0.0,0,two_ankles,accepted,3.1662981510162354,3.6783053874969482,0.28603487083502516
55,1.8333333333333333,detected,2,6,0.2295805811882019,ankle_midpoint,1020.3424072265625,587.456298828125,0.9115556478500366,0.8995760679244995,3.5493757724761963,0.9028871655464172,3.5274678254780514,1.0039831432398054,0.0,0,two_ankles,accepted,3.5493757724761963,0.9028871655464172,0.08575042300308018
55,1.8333333333333333,detected,3,1,0.9109712839126587,ankle_midpoint,1029.9580078125,868.1219482421875,0.9913698434829712,0.9972336888313293,3.4371535778045654,10.493356704711914,3.323994692844587,10.57069810239312,0.0,0,two_ankles,accepted,3.4371535778045654,10.493356704711914,0.22156172243015151
55,1.8333333333333333,detected,4,20,0.8406376838684082,ankle_midpoint,998.0701904296875,751.3471069335938,0.9816230535507202,0.9795514345169067,3.2805697917938232,7.489205837249756,3.283092586857134,7.478043562565489,0.0,0,two_ankles,accepted,3.2805697917938232,7.489205837249756,0.059158457082164655
56,1.8666666666666667,detected,1,3,0.7611421942710876,ankle_midpoint,995.5704345703125,642.403564453125,0.8219378590583801,0.8061222434043884,3.299359083175659,3.5466995239257812,3.1603049882017324,3.689784887611297,0.0,0,two_ankles,accepted,3.299359083175659,3.5466995239257812,0.18715051427513474
56,1.8666666666666667,detected,2,6,0.2672387361526489,ankle_midpoint,1036.2666015625,590.2867431640625,0.8859645128250122,0.875139057636261,3.6912131309509277,1.048728346824646,3.601153212940846,1.0241184848529836,0.0,0,two_ankles,accepted,3.6912131309509277,1.048728346824646,0.20343914671399568
56,1.8666666666666667,detected,3,1,0.8973925113677979,ankle_midpoint,1057.45703125,860.6834716796875,0.9881563186645508,0.9935270547866821,3.603083372116089,10.325135231018066,3.449584598516763,10.460194810274345,0.0,0,two_ankles,accepted,3.603083372116089,10.325135231018066,0.23628618421734765
56,1.8666666666666667,detected,4,20,0.8809160590171814,ankle_midpoint,982.840576171875,758.0205078125,0.9855522513389587,0.9880581498146057,3.174894332885742,7.6917009353637695,3.234403372570008,7.574189380324716,0.0,0,two_ankles,accepted,3.174894332885742,7.6917009353637695,0.2284109615925592
57,1.9,detected,1,3,0.7812054753303528,ankle_midpoint,1005.2864990234375,648.1998291015625,0.7599154114723206,0.7155832648277283,3.376147985458374,3.792815685272217,3.257434336967221,3.736148746558711,0.0,0,two_ankles,accepted,3.376147985458374,3.792815685272217,0.25781718404654297
57,1.9,detected,2,6,0.2323993742465973,ankle_midpoint,1040.857421875,588.945068359375,0.8746829032897949,0.847004234790802,3.7346091270446777,0.9766663908958435,3.6612083742875705,1.0027650425722707,0.0,0,two_ankles,accepted,3.7346091270446777,0.9766663908958435,0.08411978345938272
57,1.9,detected,3,1,0.9181737303733826,ankle_midpoint,1069.5086669921875,859.7722778320312,0.9885846376419067,0.9938576817512512,3.6750106811523438,10.303179740905762,3.5510263357027743,10.389538029058484,0.0,0,two_ankles,accepted,3.6750106811523438,10.303179740905762,0.0752035991909192
57,1.9,detected,4,20,0.8908165097236633,ankle_midpoint,976.1261596679688,754.5504760742188,0.9870604276657104,0.9905503988265991,3.1294474601745605,7.589295387268066,3.187173211992057,7.580987083449225,0.0,0,two_ankles,accepted,3.1294474601745605,7.589295387268066,0.11203711224414753
58,1.9333333333333333,detected,1,3,0.7892373204231262,ankle_midpoint,1004.8850708007812,644.10498046875,0.7815163135528564,0.7626983523368835,3.3750319480895996,3.6180648803710938,3.3103532619722915,3.683011006774283,0.0,0,two_ankles,accepted,3.3750319480895996,3.6180648803710938,0.17475436862350216
58,1.9333333333333333,detected,2,6,0.23939692974090576,ankle_midpoint,1040.02685546875,590.880859375,0.8826403617858887,0.8499451875686646,3.7245731353759766,1.0790300369262695,3.6897225167773535,1.0370842900315702,0.0,0,two_ankles,accepted,3.7245731353759766,1.0790300369262695,0.10285444646400366
58,1.9333333333333333,detected,3,1,0.9177144169807434,ankle_midpoint,1088.358642578125,864.7113037109375,0.9880661964416504,0.9920617341995239,3.78208065032959,10.410758972167969,3.655000777284841,10.399087453457753,0.0,0,two_ankles,accepted,3.78208065032959,10.410758972167969,0.15178033238395497
58,1.9333333333333333,detected,4,20,0.8811834454536438,ankle_midpoint,965.218994140625,755.8775634765625,0.9913582801818848,0.9926354289054871,3.0548715591430664,7.630768775939941,3.127637468210011,7.6033888450700475,0.0,0,two_ankles,accepted,3.0548715591430664,7.630768775939941,0.08533233257439772
59,1.9666666666666666,detected,1,3,0.5132559537887573,ankle_midpoint,1010.52880859375,653.0047607421875,0.83903968334198,0.7739632725715637,3.4159326553344727,3.9936463832855225,3.366052104147352,3.6314638004455855,0.0,0,two_ankles,corrected_motion_outlier,3.434128466805758,3.5684616593771774,0.3778019761523116
59,1.9666666666666666,detected,2,6,0.43612217903137207,ankle_midpoint,1042.7568359375,592.4959106445312,0.9235052466392517,0.8915300965309143,3.747182607650757,1.1629616022109985,3.7155795576703854,1.093729080512313,0.0,0,two_ankles,accepted,3.747182607650757,1.1629616022109985,0.08692350595603461
59,1.9666666666666666,detected,3,1,0.9243350625038147,ankle_midpoint,1109.5145263671875,867.7947998046875,0.9841287136077881,0.9803687930107117,3.903245210647583,10.476045608520508,3.766710772298075,10.433718623235993,0.0,0,two_ankles,accepted,3.903245210647583,10.476045608520508,0.13763428193324975
59,1.9666666666666666,detected,4,20,0.8993892669677734,ankle_midpoint,950.9898681640625,762.4281005859375,0.9902306199073792,0.9907702803611755,2.9588990211486816,7.826718330383301,3.051705167032413,7.703887113461013,0.0,0,two_ankles,accepted,2.9588990211486816,7.826718330383301,0.2181901829497255
60,2.0,detected,1,3,0.7477771043777466,ankle_midpoint,1006.117919921875,653.471435546875,0.8614544868469238,0.828231692314148,3.3800973892211914,4.014012813568115,3.37237248243058,3.803610856350724,0.0,0,two_ankles,accepted,3.3800973892211914,4.014012813568115,0.19799016673616054
60,2.0,detected,2,6,0.4499329626560211,ankle_midpoint,1042.082275390625,592.0459594726562,0.9080844521522522,0.87980717420578,3.741675853729248,1.139609932899475,3.7273228908968736,1.114375464086536,0.0,0,two_ankles,accepted,3.741675853729248,1.139609932899475,0.023992182026376797
60,2.0,detected,3,1,0.9143162965774536,ankle_midpoint,1120.04638671875,864.7137451171875,0.989409327507019,0.9880614280700684,3.968451976776123,10.406749725341797,3.857494314313197,10.421582619183607,0.0,0,two_ankles,accepted,3.968451976776123,10.406749725341797,0.09515167772803415
60,2.0,detected,4,20,0.9017372131347656,ankle_midpoint,947.55908203125,765.6921997070312,0.9923152923583984,0.9925138354301453,2.9363925457000732,7.922361850738525,2.99981448743286,7.802200745235894,0.0,0,two_ankles,accepted,2.9363925457000732,7.922361850738525,0.09825591291652161
61,2.033333333333333,detected,1,3,0.8616118431091309,ankle_midpoint,1006.0123291015625,648.548583984375,0.8963390588760376,0.8920378684997559,3.381866693496704,3.8074331283569336,3.376644877410336,3.8053308787535185,0.0,0,two_ankles,accepted,3.381866693496704,3.8074331283569336,0.2065872619005592
61,2.033333333333333,detected,2,6,0.4342450201511383,ankle_midpoint,1043.864501953125,589.2015380859375,0.8695595860481262,0.8591375350952148,3.7616209983825684,0.9894700646400452,3.7427570392654363,1.0581680343356152,0.0,0,two_ankles,accepted,3.7616209983825684,0.9894700646400452,0.1514588684633582
61,2.033333333333333,detected,3,1,0.9181140661239624,ankle_midpoint,1144.8321533203125,862.4263916015625,0.9720208644866943,0.9743457436561584,4.117311477661133,10.352760314941406,3.974412037819768,10.390612582274617,0.0,0,two_ankles,accepted,4.117311477661133,10.352760314941406,0.15834774213456923
61,2.033333333333333,detected,4,20,0.9139434695243835,ankle_midpoint,940.250244140625,771.71044921875,0.9912428855895996,0.9908528923988342,2.8889012336730957,8.09646987915039,2.949903523240966,7.934621855497419,0.0,0,two_ankles,accepted,2.8889012336730957,8.09646987915039,0.18046891775458346
62,2.066666666666667,detected,1,3,0.6883752346038818,ankle_midpoint,1007.4739990234375,645.8863525390625,0.9323274493217468,0.8607865571975708,3.3952455520629883,3.6938774585723877,3.3850151810040296,3.7551768396720098,0.0,0,two_ankles,accepted,3.3952455520629883,3.6938774585723877,0.11434108621468254
62,2.066666666666667,detected,2,6,0.5646111369132996,ankle_midpoint,1044.779541015625,588.69482421875,0.9405784606933594,0.9057020545005798,3.770637273788452,0.9623910188674927,3.755303144800793,1.01506837737496,0.0,0,two_ankles,accepted,3.770637273788452,0.9623910188674927,0.028540636680822972
62,2.066666666666667,detected,3,1,0.9235601425170898,ankle_midpoint,1167.6663818359375,855.4073486328125,0.9911551475524902,0.9901049733161926,4.262758731842041,10.191971778869629,4.104168050129791,10.301224220742373,0.0,0,two_ankles,accepted,4.262758731842041,10.191971778869629,0.21681295413528906
62,2.066666666666667,detected,4,20,0.9142849445343018,ankle_midpoint,934.638671875,771.9930419921875,0.9801923632621765,0.9843367338180542,2.8515727519989014,8.105391502380371,2.905654676182037,8.011468196594748,0.0,0,two_ankles,accepted,2.8515727519989014,8.105391502380371,0.038379824193948434
63,2.1,detected,1,3,0.6955743432044983,ankle_midpoint,1003.8873291015625,643.0238037109375,0.9636446833610535,0.891459584236145,3.3674113750457764,3.5716912746429443,3.377093468322816,3.6726083354089303,0.0,0,two_ankles,accepted,3.3674113750457764,3.5716912746429443,0.1253164193290937
63,2.1,detected,2,6,0.720793604850769,ankle_midpoint,1043.31884765625,587.7423095703125,0.9464448690414429,0.9213845133781433,3.7586257457733154,0.9121634364128113,3.756798315238428,0.9687611539419931,0.0,0,two_ankles,accepted,3.7586257457733154,0.9121634364128113,0.05164384614356519
63,2.1,detected,3,1,0.9298810958862305,ankle_midpoint,1175.600830078125,854.4598388671875,0.9878925681114197,0.9822465777397156,4.311532974243164,10.169404029846191,4.197482265980809,10.241905134839094,0.0,0,two_ankles,accepted,4.311532974243164,10.169404029846191,0.05374225542148723
63,2.1,detected,4,20,0.9124148488044739,ankle_midpoint,930.7933349609375,772.475830078125,0.9796849489212036,0.9833178520202637,2.8261187076568604,8.119722366333008,2.8698634903457076,8.060182572976966,0.0,0,two_ankles,accepted,2.8261187076568604,8.119722366333008,0.029210991681139015
64,2.1333333333333333,detected,1,3,0.46464237570762634,ankle_midpoint,997.9158935546875,648.8333740234375,0.9303626418113708,0.9025370478630066,3.315910816192627,3.8212199211120605,3.3495612748642314,3.739483548975339,0.0,0,two_ankles,accepted,3.315910816192627,3.8212199211120605,0.2547878587588033
64,2.1333333333333333,detected,2,6,0.7987154722213745,ankle_midpoint,1043.434814453125,584.1367797851562,0.9178269505500793,0.9134873151779175,3.7646000385284424,0.7188301086425781,3.760309090718935,0.8562921835572566,0.0,0,two_ankles,accepted,3.7646000385284424,0.7188301086425781,0.19342561309360343
64,2.1333333333333333,detected,3,1,0.9227544069290161,ankle_midpoint,1192.14208984375,859.2254638671875,0.9921165108680725,0.9903554916381836,4.401985168457031,10.275015830993652,4.289508572095109,10.256804948108645,0.0,0,two_ankles,accepted,4.401985168457031,10.275015830993652,0.1390519758209641
64,2.1333333333333333,detected,4,20,0.9168448448181152,ankle_midpoint,927.2620849609375,772.4681396484375,0.981705904006958,0.9816902279853821,2.8025946617126465,8.120054244995117,2.8395925174608303,8.087124825385136,0.0,0,two_ankles,accepted,2.8025946617126465,8.120054244995117,0.023526386909847596
65,2.1666666666666665,detected,1,3,0.8506361842155457,ankle_midpoint,993.378173828125,643.6052856445312,0.9689597487449646,0.9598402380943298,3.280902862548828,3.5990593433380127,3.3186649893222997,3.676292656438542,0.0,0,two_ankles,accepted,3.280902862548828,3.5990593433380127,0.2249019322620976
65,2.1666666666666665,detected,2,6,0.8538551926612854,ankle_midpoint,1042.38427734375,579.68603515625,0.9654607176780701,0.9597867131233215,3.761030912399292,0.4766041934490204,3.7606339104750957,0.6854325880085503,0.0,0,two_ankles,accepted,3.761030912399292,0.4766041934490204,0.2422522087673968
65,2.1666666666666665,detected,3,1,0.926563560962677,ankle_midpoint,1207.052001953125,871.018310546875,0.9923485517501831,0.9909594058990479,4.469180583953857,10.534205436706543,4.370360977431545,10.381635167977699,0.0,0,two_ankles,accepted,4.469180583953857,10.534205436706543,0.2677582409065962
65,2.1666666666666665,detected,4,20,0.9125613570213318,ankle_midpoint,916.6368408203125,777.3246459960938,0.991759717464447,0.9943707585334778,2.734262466430664,8.25873851776123,2.792193994497256,8.164350986954378,0.0,0,two_ankles,accepted,2.734262466430664,8.25873851776123,0.15460471022811914
66,2.2,detected,1,3,0.8621006011962891,ankle_midpoint,991.5352783203125,644.3896484375,0.9724743962287903,0.9645044803619385,3.2655248641967773,3.633202075958252,3.2947519330158146,3.6569018952224113,0.0,0,two_ankles,accepted,3.2655248641967773,3.633202075958252,0.03744608155859337
66,2.2,detected,2,6,0.8468337655067444,ankle_midpoint,1043.819580078125,579.3856201171875,0.9723299145698547,0.9694571495056152,3.774756908416748,0.45969629287719727,3.76698925954884,0.5838512551994415,0.0,0,two_ankles,accepted,3.774756908416748,0.45969629287719727,0.021777972091493646
66,2.2,detected,3,1,0.9251123666763306,ankle_midpoint,1214.814697265625,868.7369995117188,0.9861992597579956,0.9743676781654358,4.518691539764404,10.483316421508789,4.437109730481332,10.42739173206669,0.0,0,two_ankles,accepted,4.518691539764404,10.483316421508789,0.07100018741574668
66,2.2,detected,4,20,0.9075746536254883,ankle_midpoint,914.5446166992188,778.9935302734375,0.9918055534362793,0.9943386912345886,2.7212886810302734,8.305705070495605,2.760286603437114,8.227960324547931,0.0,0,two_ankles,accepted,2.7212886810302734,8.305705070495605,0.04872551881064189
67,2.2333333333333334,detected,1,3,0.8773618936538696,ankle_midpoint,990.49267578125,647.7747802734375,0.9714695811271667,0.9687772393226624,3.2559163570404053,3.777967929840088,3.2772759238268807,3.711381610800366,0.0,0,two_ankles,accepted,3.2559163570404053,3.777967929840088,0.14508437496819265
67,2.2333333333333334,detected,2,6,0.8741601705551147,ankle_midpoint,1050.1539306640625,581.122314453125,0.9764891266822815,0.9763246774673462,3.8308658599853516,0.5532790422439575,3.7957337297452707,0.5700937593694737,0.0,0,two_ankles,accepted,3.8308658599853516,0.5532790422439575,0.10911436855506135
67,2.2333333333333334,detected,3,1,0.9215689301490784,ankle_midpoint,1228.084716796875,870.68212890625,0.9958023428916931,0.9868872761726379,4.592653274536133,10.524203300476074,4.507104325305993,10.470956937850914,0.0,0,two_ankles,accepted,4.592653274536133,10.524203300476074,0.08451079861253792
67,2.2333333333333334,detected,4,20,0.9091453552246094,ankle_midpoint,908.6087036132812,784.8656005859375,0.9896356463432312,0.9933844208717346,2.685459613800049,8.46895694732666,2.7266144581004346,8.33640880479836,0.0,0,two_ankles,accepted,2.685459613800049,8.46895694732666,0.16713736071701565
68,2.2666666666666666,detected,1,3,0.8675158619880676,ankle_midpoint,982.7967529296875,649.5924072265625,0.9715715646743774,0.9667348861694336,3.192894697189331,3.85650897026062,3.2393043718399834,3.7766889225574802,0.0,0,two_ankles,accepted,3.192894697189331,3.85650897026062,0.1006996754747709
68,2.2666666666666666,detected,2,6,0.8554244637489319,ankle_midpoint,1059.3548583984375,581.051025390625,0.9794358015060425,0.9799522757530212,3.9160330295562744,0.5469443202018738,3.8498684146602224,0.5596765117440538,0.0,0,two_ankles,accepted,3.9160330295562744,0.5469443202018738,0.08540243249505712
68,2.2666666666666666,detected,3,1,0.9109323024749756,ankle_midpoint,1235.09375,867.7115478515625,0.9948698282241821,0.9758505821228027,4.6395111083984375,10.458202362060547,4.566687377697593,10.46521737874525,0.0,0,two_ankles,accepted,4.6395111083984375,10.458202362060547,0.08094306928945542
68,2.2666666666666666,detected,4,20,0.9215654134750366,ankle_midpoint,907.685546875,791.0805053710938,0.9882844686508179,0.9918609857559204,2.682939291000366,8.637972831726074,2.706960632905404,8.472112616915833,0.0,0,two_ankles,accepted,2.682939291000366,8.637972831726074,0.1690346745680622
69,2.3,detected,1,3,0.859376072883606,ankle_midpoint,979.5780639648438,647.2642822265625,0.9689944386482239,0.9598566889762878,3.1671385765075684,3.7586328983306885,3.206829763940397,3.768563711655424,0.0,0,two_ankles,accepted,3.1671385765075684,3.7586328983306885,0.1012082171022031
69,2.3,detected,2,6,0.8640150427818298,ankle_midpoint,1058.83935546875,583.33837890625,0.9778720736503601,0.9785908460617065,3.9074463844299316,0.6715978384017944,3.875778501056592,0.610041108740037,0.0,0,two_ankles,accepted,3.9074463844299316,0.6715978384017944,0.12494890985576343
69,2.3,detected,3,1,0.9138163328170776,ankle_midpoint,1243.1171875,866.259521484375,0.9952996969223022,0.9790291786193848,4.689562797546387,10.425168991088867,4.621981316629551,10.447195604299878,0.0,0,two_ankles,accepted,4.689562797546387,10.425168991088867,0.059969785595044005
69,2.3,detected,4,20,0.9114927053451538,ankle_midpoint,909.700439453125,793.5411376953125,0.9703266620635986,0.9814112782478333,2.6973350048065186,8.703717231750488,2.702629100260906,8.576334693591429,0.0,0,two_ankles,accepted,2.6973350048065186,8.703717231750488,0.0673020260509208
70,2.3333333333333335,detected,1,3,0.8564767241477966,ankle_midpoint,975.729736328125,644.029052734375,0.9673013091087341,0.9622604846954346,3.1361098289489746,3.621138572692871,3.1750057931942575,3.7022223991222756,0.0,0,two_ankles,accepted,3.1361098289489746,3.621138572692871,0.14095202289308623
70,2.3333333333333335,detected,2,6,0.8448664546012878,ankle_midpoint,1059.7119140625,585.4046020507812,0.9782171249389648,0.9790745377540588,3.912022113800049,0.7828701734542847,3.892088126791148,0.6878141878614485,0.0,0,two_ankles,accepted,3.912022113800049,0.7828701734542847,0.11136637664619514
70,2.3333333333333335,detected,3,1,0.8979983925819397,ankle_midpoint,1251.5439453125,863.9136962890625,0.9978935122489929,0.991965651512146,4.744089126586914,10.372119903564453,4.676929831110364,10.413411538968937,0.0,0,two_ankles,accepted,4.744089126586914,10.372119903564453,0.07607447828154196
70,2.3333333333333335,detected,4,20,0.91216641664505,ankle_midpoint,909.1060791015625,796.4672241210938,0.9696562886238098,0.9818207621574402,2.6950807571411133,8.781749725341797,2.6992323458569993,8.668771457879094,0.0,0,two_ankles,accepted,2.6950807571411133,8.781749725341797,0.07806504780383217
71,2.3666666666666667,detected,1,3,0.8721359968185425,ankle_midpoint,976.436279296875,644.471923828125,0.9762478470802307,0.9731676578521729,3.141850471496582,3.6400146484375,3.160085898430304,3.6742289113141267,0.0,0,two_ankles,accepted,3.141850471496582,3.6400146484375,0.019729703808632513
71,2.3666666666666667,detected,2,6,0.8447669744491577,ankle_midpoint,1068.6591796875,590.6768798828125,0.9583271145820618,0.9646533131599426,3.984483242034912,1.060956597328186,3.933665928650842,0.8557282721214805,0.0,0,two_ankles,accepted,3.984483242034912,1.060956597328186,0.2873720136826905
71,2.3666666666666667,detected,3,1,0.9162707328796387,ankle_midpoint,1263.0633544921875,864.204833984375,0.9944145679473877,0.9762213826179504,4.811347961425781,10.377106666564941,4.737417989752302,10.39707434638714,0.0,0,two_ankles,accepted,4.811347961425781,10.377106666564941,0.0674434479331021
71,2.3666666666666667,detected,4,20,0.9150024652481079,ankle_midpoint,907.386474609375,795.6472778320312,0.9681039452552795,0.9775189161300659,2.683558940887451,8.76022720336914,2.692179313620703,8.709926543349615,0.0,0,two_ankles,accepted,2.683558940887451,8.76022720336914,0.02441252141518003
72,2.4,detected,1,3,0.8785836696624756,ankle_midpoint,977.174072265625,644.5120239257812,0.9773857593536377,0.9753495454788208,3.1478867530822754,3.641576051712036,3.1545962830236913,3.659535124493186,0.0,0,two_ankles,accepted,3.1478867530822754,3.641576051712036,0.006234955939500526
72,2.4,detected,2,6,0.8308841586112976,ankle_midpoint,1063.99169921875,586.5241088867188,0.9700571298599243,0.9723219275474548,3.949298620223999,0.8417860865592957,3.940700639858763,0.8494542886184974,0.0,0,two_ankles,accepted,3.949298620223999,0.8417860865592957,0.2219767339219885
72,2.4,detected,3,1,0.9189929366111755,ankle_midpoint,1270.84912109375,864.3531494140625,0.993152379989624,0.9723170399665833,4.8568925857543945,10.379399299621582,4.791181557953244,10.389120575342638,0.0,0,two_ankles,accepted,4.8568925857543945,10.379399299621582,0.045602291297334105
72,2.4,detected,4,20,0.9112709164619446,ankle_midpoint,905.9357299804688,794.8180541992188,0.9652148485183716,0.9756150841712952,2.673739433288574,8.73836898803711,2.683881367471245,8.722725643458988,0.0,0,two_ankles,accepted,2.673739433288574,8.73836898803711,0.023962560526493162
73,2.433333333333333,detected,1,3,0.8836879134178162,ankle_midpoint,981.209716796875,644.0382080078125,0.9777651429176331,0.9738282561302185,3.1810171604156494,3.6203408241271973,3.1664856778500727,3.6418976893284913,0.0,0,two_ankles,accepted,3.1810171604156494,3.6203408241271973,0.03935173160936104
73,2.433333333333333,detected,2,6,0.7798686623573303,ankle_midpoint,1067.515625,589.4404907226562,0.9629307985305786,0.9742490649223328,3.9763057231903076,0.9960165023803711,3.956722927357958,0.9154072848113406,0.0,0,two_ankles,accepted,3.9763057231903076,0.9960165023803711,0.15657715278729087
73,2.433333333333333,detected,3,1,0.9202898144721985,ankle_midpoint,1278.1324462890625,867.3118896484375,0.9950478672981262,0.9764665961265564,4.892915725708008,10.44390869140625,4.836961933442888,10.413775227571264,0.0,0,two_ankles,accepted,4.892915725708008,10.44390869140625,0.07388591368146838
73,2.433333333333333,detected,4,20,0.9099575281143188,ankle_midpoint,900.4732666015625,796.0731201171875,0.9801684617996216,0.9812042117118835,2.6392858028411865,8.772564888000488,2.663813363387719,8.745153303502665,0.0,0,two_ankles,accepted,2.6392858028411865,8.772564888000488,0.048542890574321776
74,2.466666666666667,detected,1,3,0.893566906452179,ankle_midpoint,981.6054077148438,643.3145751953125,0.9745580554008484,0.9708277583122253,3.1843957901000977,3.589094400405884,3.174545228362584,3.6181362093133185,0.0,0,two_ankles,accepted,3.1843957901000977,3.589094400405884,0.03142855602658984
74,2.466666666666667,detected,2,6,0.8411957621574402,ankle_midpoint,1072.268798828125,589.9254150390625,0.9783258438110352,0.9896285533905029,4.018620014190674,1.0204170942306519,3.9845766164326806,0.9626616990500307,0.0,0,two_ankles,accepted,4.018620014190674,1.0204170942306519,0.0488455535899396
74,2.466666666666667,detected,3,1,0.9211729168891907,ankle_midpoint,1277.0928955078125,868.3631591796875,0.9929612278938293,0.9791644811630249,4.884385108947754,10.467174530029297,4.858302362420078,10.437804913677379,0.0,0,two_ankles,accepted,4.884385108947754,10.467174530029297,0.02478044933297184
74,2.466666666666667,detected,4,20,0.9157141447067261,ankle_midpoint,895.6416015625,799.0152587890625,0.9736985564231873,0.9755168557167053,2.6101198196411133,8.851079940795898,2.6396512687017464,8.79282029028462,0.0,0,two_ankles,accepted,2.6101198196411133,8.851079940795898,0.0837571972518959
75,2.5,detected,1,3,0.8936169743537903,ankle_midpoint,981.759765625,640.12646484375,0.9714691638946533,0.970960795879364,3.1862733364105225,3.450810432434082,3.1798228769841566,3.5428396097176624,0.0,0,two_ankles,accepted,3.1862733364105225,3.450810432434082,0.13829671354798742
75,2.5,detected,2,6,0.8581581115722656,ankle_midpoint,1074.439453125,587.7926025390625,0.9807717204093933,0.9907852411270142,4.0424089431762695,0.9067788124084473,4.010601163467296,0.9375144000613183,0.0,0,two_ankles,accepted,4.0424089431762695,0.9067788124084473,0.11610156001443094
75,2.5,detected,3,1,0.9255189895629883,ankle_midpoint,1276.9171142578125,868.9129638671875,0.9931080341339111,0.9833043813705444,4.882087707519531,10.479270935058594,4.869005767714832,10.456464623298928,0.0,0,two_ankles,accepted,4.882087707519531,10.479270935058594,0.012312638545624501
75,2.5,detected,4,20,0.9110332131385803,ankle_midpoint,893.7889404296875,800.876220703125,0.9848390817642212,0.9880744814872742,2.599491834640503,8.90023136138916,2.621579523374187,8.841155272281664,0.0,0,two_ankles,accepted,2.599491834640503,8.90023136138916,0.05028733649248995
76,2.533333333333333,detected,1,3,0.8945510983467102,ankle_midpoint,981.409423828125,638.516357421875,0.9759753942489624,0.9779371619224548,3.1836845874786377,3.3804612159729004,3.1815606467066733,3.46976933253252,0.0,0,two_ankles,accepted,3.1836845874786377,3.3804612159729004,0.07039683144669598
76,2.533333333333333,detected,2,6,0.8881284594535828,ankle_midpoint,1078.18603515625,587.2359619140625,0.9668285846710205,0.9855793714523315,4.077695369720459,0.8761355876922607,4.040793556281219,0.9098939344952424,0.0,0,two_ankles,accepted,4.077695369720459,0.8761355876922607,0.046734774197220455
76,2.533333333333333,detected,3,1,0.9324970245361328,ankle_midpoint,1273.8280029296875,871.5018920898438,0.9862499237060547,0.9755743741989136,4.858109474182129,10.53628921508789,4.8641024356251155,10.49238568960396,0.0,0,two_ankles,accepted,4.858109474182129,10.53628921508789,0.061854991160634955
76,2.533333333333333,detected,4,20,0.9172875285148621,ankle_midpoint,891.6170654296875,807.7083129882812,0.9780349731445312,0.9831763505935669,2.590268850326538,9.077836036682129,2.607489720502745,8.947661616261874,0.0,0,two_ankles,accepted,2.590268850326538,9.077836036682129,0.17784398816259298
77,2.566666666666667,detected,1,3,0.894524097442627,ankle_midpoint,978.5242919921875,636.4074096679688,0.9806064963340759,0.9809017777442932,3.1601126194000244,3.2882351875305176,3.1719090344186815,3.3880789672816194,0.0,0,two_ankles,accepted,3.1601126194000244,3.2882351875305176,0.09519074535559834
77,2.566666666666667,detected,2,6,0.8405759334564209,ankle_midpoint,1082.75146484375,582.0596313476562,0.9863377213478088,0.9944164752960205,4.130232810974121,0.5958139300346375,4.081041220893026,0.7685579324879701,0.0,0,two_ankles,accepted,4.130232810974121,0.5958139300346375,0.2852024096767062
77,2.566666666666667,detected,3,1,0.9272993803024292,ankle_midpoint,1266.298095703125,866.6417236328125,0.9896714687347412,0.9812027215957642,4.824944972991943,10.430642127990723,4.846481577440189,10.464601086878005,0.0,0,two_ankles,accepted,4.824944972991943,10.430642127990723,0.11073026303278799
77,2.566666666666667,detected,4,20,0.9225822687149048,ankle_midpoint,889.0974731445312,810.659912109375,0.9826416373252869,0.9841254949569702,2.5763630867004395,9.153756141662598,2.593482735291708,9.0404041526922,0.0,0,two_ankles,accepted,2.5763630867004395,9.153756141662598,0.07718311086157595
78,2.6,detected,1,3,0.898947536945343,ankle_midpoint,978.427978515625,636.35205078125,0.9809938669204712,0.9816693663597107,3.159320592880249,3.285809278488159,3.166244235726387,3.3420576073245627,0.0,0,two_ankles,accepted,3.159320592880249,3.285809278488159,0.0025519288175463984
78,2.6,detected,2,6,0.8567835092544556,ankle_midpoint,1085.1651611328125,581.9019165039062,0.9840477108955383,0.9936561584472656,4.152850151062012,0.5865799188613892,4.11335523946907,0.6866678263560088,0.0,0,two_ankles,accepted,4.152850151062012,0.5865799188613892,0.024429716228376017
78,2.6,detected,3,1,0.9320764541625977,ankle_midpoint,1258.264892578125,863.1258544921875,0.9896546602249146,0.9801512956619263,4.785436153411865,10.353729248046875,4.819011136627443,10.414708759403997,0.0,0,two_ankles,accepted,4.785436153411865,10.353729248046875,0.08646697592646506
78,2.6,detected,4,20,0.9229615926742554,ankle_midpoint,889.396728515625,810.0556640625,0.9812130331993103,0.981451690196991,2.577833414077759,9.13829517364502,2.586440540745431,9.08445511212097,0.0,0,two_ankles,accepted,2.577833414077759,9.13829517364502,0.01553072421482876
79,2.6333333333333333,detected,1,3,0.9059426784515381,ankle_midpoint,979.1661376953125,636.1927490234375,0.9837104082107544,0.9820592999458313,3.1654789447784424,3.2786002159118652,3.1658998547998123,3.313501781188849,0.0,0,two_ankles,accepted,3.1654789447784424,3.2786002159118652,0.009481343856801295
79,2.6333333333333333,detected,2,6,0.8214708566665649,ankle_midpoint,1091.473388671875,581.3642578125,0.9817538857460022,0.9938088059425354,4.212319374084473,0.5555627942085266,4.157889100046002,0.6276705618896419,0.0,0,two_ankles,accepted,4.212319374084473,0.5555627942085266,0.0670719800559549
79,2.6333333333333333,detected,3,1,0.9229725003242493,ankle_midpoint,1241.79541015625,857.088134765625,0.9825800061225891,0.9681384563446045,4.7008514404296875,10.220373153686523,4.765839273338454,10.327257736831136,0.0,0,two_ankles,accepted,4.7008514404296875,10.220373153686523,0.1579190348669988
79,2.6333333333333333,detected,4,20,0.9186020493507385,ankle_midpoint,885.2003173828125,807.0113525390625,0.9779698848724365,0.9776595234870911,2.549114465713501,9.060830116271973,2.5696438069810625,9.07382386398892,0.0,0,two_ankles,accepted,2.549114465713501,9.060830116271973,0.08261726883018072
80,2.6666666666666665,detected,1,3,0.9078823924064636,ankle_midpoint,980.04931640625,636.6937866210938,0.984892725944519,0.9823334217071533,3.1727347373962402,3.3005480766296387,3.168975551968205,3.3076726141372044,0.0,0,two_ankles,accepted,3.1727347373962402,3.3005480766296387,0.023116122438663282
80,2.6666666666666665,detected,2,6,0.8622063994407654,ankle_midpoint,1100.3238525390625,581.9898681640625,0.9890690445899963,0.9972684383392334,4.292599678039551,0.5873699188232422,4.218508860143099,0.609535272509762,0.0,0,two_ankles,accepted,4.292599678039551,0.5873699188232422,0.08635172481992341
80,2.6666666666666665,detected,3,1,0.9228793978691101,ankle_midpoint,1226.350830078125,860.4279174804688,0.9914535284042358,0.9851130247116089,4.602421283721924,10.29757308959961,4.692301178011016,10.31389964557695,0.0,0,two_ankles,accepted,4.602421283721924,10.29757308959961,0.12509326862185466
80,2.6666666666666665,detected,4,20,0.9173690676689148,ankle_midpoint,874.3753662109375,808.59619140625,0.9842199683189392,0.987316906452179,2.481799840927124,9.103109359741211,2.5301140222567904,9.087002337077452,0.0,0,two_ankles,accepted,2.481799840927124,9.103109359741211,0.07949083682074207
81,2.7,detected,1,3,0.9064740538597107,ankle_midpoint,981.003173828125,636.4027099609375,0.9855203032493591,0.9836439490318298,3.1807093620300293,3.2874763011932373,3.1742557664960263,3.2985842733124193,0.0,0,two_ankles,accepted,3.1807093620300293,3.2874763011932373,0.015312281055072804
81,2.7,detected,2,6,0.8612385392189026,ankle_midpoint,1104.497314453125,584.622802734375,0.9893380403518677,0.9971513152122498,4.324530124664307,0.7290629744529724,4.266218429177642,0.6633227383842067,0.0,0,two_ankles,accepted,4.324530124664307,0.7290629744529724,0.14524625790479495
81,2.7,detected,3,1,0.9270315170288086,ankle_midpoint,1218.1787109375,862.8961181640625,0.9908199906349182,0.9856980443000793,4.5493597984313965,10.353775978088379,4.627977557200188,10.331843995207095,0.0,0,two_ankles,accepted,4.5493597984313965,10.353775978088379,0.07729350487407019
81,2.7,detected,4,20,0.9187514781951904,ankle_midpoint,868.9873046875,811.98876953125,0.9851545691490173,0.9897496104240417,2.45066499710083,9.19044303894043,2.494361960936608,9.133550652915794,0.0,0,two_ankles,accepted,2.45066499710083,9.19044303894043,0.09271758205734103
82,2.7333333333333334,detected,1,3,0.8997307419776917,ankle_midpoint,982.973388671875,635.66748046875,0.9855052828788757,0.9838359951972961,3.1972365379333496,3.2544937133789062,3.184597113642822,3.2787435213423386,0.0,0,two_ankles,accepted,3.1972365379333496,3.2544937133789062,0.036891715089832175
82,2.7333333333333334,detected,2,6,0.8151207566261292,ankle_midpoint,1112.6083984375,587.2860717773438,0.9910485744476318,0.9972389936447144,4.392024993896484,0.8698737621307373,4.322831383301121,0.7562706990701455,0.0,0,two_ankles,accepted,4.392024993896484,0.8698737621307373,0.15615132179748387
82,2.7333333333333334,detected,3,1,0.9231747388839722,ankle_midpoint,1201.98583984375,867.4537353515625,0.990066647529602,0.9857408404350281,4.445801258087158,10.456753730773926,4.545998222599325,10.38805337621217,0.0,0,two_ankles,accepted,4.445801258087158,10.456753730773926,0.1460437907834321
82,2.7333333333333334,detected,4,20,0.9218735694885254,ankle_midpoint,861.770263671875,812.7695922851562,0.9714019894599915,0.9759423732757568,2.4059534072875977,9.211278915405273,2.4545781117945538,9.16852837103606,0.0,0,two_ankles,accepted,2.4059534072875977,9.211278915405273,0.0493280854248873
83,2.7666666666666666,detected,1,3,0.9015530943870544,ankle_midpoint,983.8857421875,634.7571411132812,0.9851720333099365,0.9838215112686157,3.2050352096557617,3.213873863220215,3.193794256848645,3.2495521751873833,0.0,0,two_ankles,accepted,3.2050352096557617,3.213873863220215,0.0413617154812091
83,2.7666666666666666,detected,2,6,0.5732145309448242,ankle_midpoint,1122.239990234375,588.01513671875,0.9552305340766907,0.9866869449615479,4.477996826171875,0.9062430262565613,4.392655832592961,0.8237582463040327,0.0,0,two_ankles,accepted,4.477996826171875,0.9062430262565613,0.09334816183429562
83,2.7666666666666666,detected,3,1,0.9263337850570679,ankle_midpoint,1192.169677734375,872.1935424804688,0.9772351384162903,0.973409116268158,4.380338191986084,10.561680793762207,4.471451208823367,10.466185714109688,0.0,0,two_ankles,accepted,4.380338191986084,10.561680793762207,0.12367336645656717
83,2.7666666666666666,detected,4,20,0.9182784557342529,ankle_midpoint,854.2166137695312,817.61865234375,0.9841524958610535,0.9902015328407288,2.36322283744812,9.334400177001953,2.413468238338659,9.243170683720713,0.0,0,two_ankles,accepted,2.36322283744812,9.334400177001953,0.13032554107297808
84,2.8,detected,1,3,0.8960174918174744,ankle_midpoint,984.1951904296875,634.8707885742188,0.9855048060417175,0.9851531982421875,3.207587480545044,3.218857526779175,3.2000012075120248,3.2357395834036895,0.0,0,two_ankles,accepted,3.207587480545044,3.218857526779175,0.005599195403018451
84,2.8,detected,2,6,0.5424157977104187,ankle_midpoint,1129.804443359375,587.55322265625,0.9199867844581604,0.9701219797134399,4.548370838165283,0.8796664476394653,4.462727585100506,0.8489169369049774,0.0,0,two_ankles,accepted,4.548370838165283,0.8796664476394653,0.07522510282504799
84,2.8,detected,3,1,0.9254143238067627,ankle_midpoint,1185.995361328125,872.8985595703125,0.9908416271209717,0.9879510998725891,4.3432111740112305,10.577774047851562,4.413743193157906,10.516400464293532,0.0,0,two_ankles,accepted,4.3432111740112305,10.577774047851562,0.04046490196317857
84,2.8,detected,4,20,0.9191694855690002,ankle_midpoint,852.8773193359375,821.7489013671875,0.9851551651954651,0.9907805323600769,2.3589160442352295,9.437273979187012,2.388919750992116,9.330517166680547,0.0,0,two_ankles,accepted,2.3589160442352295,9.437273979187012,0.10296391427965998
85,2.8333333333333335,detected,1,3,0.8822841048240662,ankle_midpoint,987.5413818359375,633.8140258789062,0.9853772521018982,0.9843011498451233,3.235769748687744,3.171041250228882,3.216097051041099,3.206625333475026,0.0,0,two_ankles,accepted,3.235769748687744,3.171041250228882,0.055503482240316704
85,2.8333333333333335,detected,2,6,0.7411148548126221,ankle_midpoint,1139.055908203125,590.877685546875,0.9744866490364075,0.9929141998291016,4.622654914855957,1.053459644317627,4.5346948834904595,0.9409611552406697,0.0,0,two_ankles,accepted,4.622654914855957,1.053459644317627,0.18900317262257815
85,2.8333333333333335,detected,3,1,0.9244439601898193,ankle_midpoint,1183.545654296875,875.8433837890625,0.9914513230323792,0.985248327255249,4.324286460876465,10.641748428344727,4.373487663631257,10.57280704811657,0.0,0,two_ankles,accepted,4.324286460876465,10.641748428344727,0.06671481189898763
85,2.8333333333333335,detected,4,20,0.9232038855552673,ankle_midpoint,852.4075927734375,827.2606201171875,0.9842325448989868,0.9895172715187073,2.3613665103912354,9.572590827941895,2.3765207927217196,9.439450314248154,0.0,0,two_ankles,accepted,2.3613665103912354,9.572590827941895,0.1353390348027263
86,2.8666666666666667,detected,1,3,0.8787636756896973,ankle_midpoint,986.9725341796875,634.494140625,0.9858681559562683,0.9846000075340271,3.230832815170288,3.201482057571411,3.222728144899234,3.2043108593183995,0.0,0,two_ankles,accepted,3.230832815170288,3.201482057571411,0.030838548348143213
86,2.8666666666666667,detected,2,6,0.7680140137672424,ankle_midpoint,1141.080810546875,591.5396728515625,0.9782392382621765,0.9950513243675232,4.638987064361572,1.0877493619918823,4.58162636488246,1.0070158482787155,0.0,0,two_ankles,accepted,4.638987064361572,1.0877493619918823,0.03798057195006296
86,2.8666666666666667,detected,3,1,0.9217191338539124,ankle_midpoint,1182.0908203125,877.274658203125,0.9883180260658264,0.9809824824333191,4.313609600067139,10.67270278930664,4.346542535027404,10.617760131652101,0.0,0,two_ankles,accepted,4.313609600067139,10.67270278930664,0.03274397378606015
86,2.8666666666666667,detected,4,20,0.9233124256134033,ankle_midpoint,852.5467529296875,829.19482421875,0.9853775501251221,0.9892334938049316,2.3640873432159424,9.619560241699219,2.37092574044412,9.520499781601133,0.0,0,two_ankles,accepted,2.3640873432159424,9.619560241699219,0.04704815362973047
87,2.9,detected,1,3,0.8785524964332581,ankle_midpoint,986.5016479492188,634.283203125,0.9865201711654663,0.9843026399612427,3.2269632816314697,3.1921937465667725,3.2246339564287405,3.1988581585801676,0.0,0,two_ankles,accepted,3.2269632816314697,3.1921937465667725,0.010062107688100539
87,2.9,detected,2,6,0.7466007471084595,ankle_midpoint,1142.340576171875,590.8893432617188,0.9742042422294617,0.9943826198577881,4.652426242828369,1.0532302856445312,4.61348630995812,1.0278123450933325,0.0,0,two_ankles,accepted,4.652426242828369,1.0532302856445312,0.03704292307225051
87,2.9,detected,3,1,0.9197359681129456,ankle_midpoint,1181.333740234375,876.8920288085938,0.9881166219711304,0.9820004105567932,4.309819221496582,10.664582252502441,4.330017043938534,10.638830086034755,0.0,0,two_ankles,accepted,4.309819221496582,10.664582252502441,0.008961589574204403
87,2.9,detected,4,20,0.9237982034683228,ankle_midpoint,851.141845703125,826.3004150390625,0.97573322057724,0.9759408831596375,2.352623224258423,9.549348831176758,2.362689608160556,9.533481853910164,0.0,0,two_ankles,accepted,2.352623224258423,9.549348831176758,0.07114118491440592
88,2.933333333333333,detected,1,3,0.888259768486023,ankle_midpoint,987.1865234375,634.6925659179688,0.9862948060035706,0.9851213693618774,3.2325618267059326,3.210263967514038,3.228201498053477,3.2039907726004095,0.0,0,two_ankles,accepted,3.2325618267059326,3.210263967514038,0.01891762649049267
88,2.933333333333333,detected,2,6,0.73151695728302,ankle_midpoint,1146.655517578125,591.8977661132812,0.9693127274513245,0.9910488128662109,4.68837308883667,1.1051149368286133,4.647185360453467,1.062598511374209,0.0,0,two_ankles,accepted,4.68837308883667,1.1051149368286133,0.06312046234335071
88,2.933333333333333,detected,3,1,0.9168302416801453,ankle_midpoint,1178.783203125,875.4576416015625,0.988523006439209,0.9842027425765991,4.297247886657715,10.634034156799316,4.315270923162165,10.636671917878807,0.0,0,two_ankles,accepted,4.297247886657715,10.634034156799316,0.03303368902678295
88,2.933333333333333,detected,4,20,0.9273301362991333,ankle_midpoint,851.9277954101562,826.800048828125,0.983664333820343,0.98456871509552,2.3579611778259277,9.561431884765625,2.360561814509974,9.546059367795122,0.0,0,two_ankles,accepted,2.3579611778259277,9.561431884765625,0.013209615146561778
89,2.966666666666667,detected,1,3,0.8910708427429199,ankle_midpoint,987.171875,634.5997924804688,0.9866264462471008,0.9863678812980652,3.2324655055999756,3.20613956451416,3.2301203014494018,3.204957728961597,0.0,0,two_ankles,accepted,3.2324655055999756,3.20613956451416,0.00412552758575856
89,2.966666666666667,detected,2,6,0.7226483821868896,ankle_midpoint,1152.581298828125,586.9298095703125,0.93939208984375,0.9845893979072571,4.758520603179932,0.8404478430747986,4.697286219680377,0.9626307106394744,0.0,0,two_ankles,accepted,4.758520603179932,0.8404478430747986,0.2738053036093871
89,2.966666666666667,detected,3,1,0.9066741466522217,ankle_midpoint,1181.8330078125,871.3953857421875,0.9868580102920532,0.9709685444831848,4.321340560913086,10.545619010925293,4.31800226015008,10.595698109749726,0.0,0,two_ankles,accepted,4.321340560913086,10.545619010925293,0.09163893808147422
89,2.966666666666667,detected,4,20,0.9274541735649109,ankle_midpoint,851.3132934570312,825.7164306640625,0.9868953824043274,0.9883633255958557,2.353109836578369,9.535053253173828,2.357208424440752,9.54110661621554,0.0,0,two_ankles,accepted,2.353109836578369,9.535053253173828,0.026821031235879197
90,3.0,detected,1,3,0.8952129483222961,ankle_midpoint,987.0942993164062,634.3395385742188,0.9884372353553772,0.9865373373031616,3.23189115524292,3.194570541381836,3.230917185656485,3.200283494550705,0.0,0,two_ankles,accepted,3.23189115524292,3.194570541381836,0.011583271324151172
90,3.0,detected,2,6,0.7398759126663208,ankle_midpoint,1153.88525390625,587.1629638671875,0.9864848852157593,0.9966509938240051,4.769662380218506,0.8525756001472473,4.729855491922535,0.9131059109179722,0.0,0,two_ankles,accepted,4.769662380218506,0.8525756001472473,0.016468809525452346
90,3.0,detected,3,1,0.9090732336044312,ankle_midpoint,1180.659912109375,869.15234375,0.9882814288139343,0.9651780128479004,4.318031311035156,10.4967679977417,4.318015333048365,10.551179559346114,0.0,0,two_ankles,accepted,4.318031311035156,10.4967679977417,0.04896297196676513
90,3.0,detected,4,20,0.9270333647727966,ankle_midpoint,851.435546875,826.42724609375,0.9857206344604492,0.9879796504974365,2.354560375213623,9.552404403686523,2.3560168022885444,9.546190620577484,0.0,0,two_ankles,accepted,2.354560375213623,9.552404403686523,0.017411676727029222
91,3.033333333333333,detected,1,3,0.9012831449508667,ankle_midpoint,986.0253295898438,633.3453369140625,0.9899584650993347,0.9876156449317932,3.223235845565796,3.1504478454589844,3.2274605826156755,3.177857452459431,0.0,0,two_ankles,accepted,3.223235845565796,3.1504478454589844,0.04496361508049968
91,3.033333333333333,detected,2,6,0.6420627236366272,ankle_midpoint,1162.273193359375,587.2220458984375,0.9568763971328735,0.988223135471344,4.846153736114502,0.8535533547401428,4.782189701808921,0.886307260637949,0.0,0,two_ankles,accepted,4.846153736114502,0.8535533547401428,0.07649760473931105
91,3.033333333333333,detected,3,1,0.9163819551467896,ankle_midpoint,1174.2301025390625,865.5941162109375,0.9934781789779663,0.9869944453239441,4.285885334014893,10.41928482055664,4.303556833483302,10.491826926890852,0.0,0,two_ankles,accepted,4.285885334014893,10.41928482055664,0.08388686777606197
91,3.033333333333333,detected,4,20,0.9309398531913757,ankle_midpoint,851.4724731445312,825.574951171875,0.9841963648796082,0.9859970808029175,2.353954792022705,9.531569480895996,2.355088897668917,9.539611107720814,0.0,0,two_ankles,accepted,2.353954792022705,9.531569480895996,0.020843721805098966
92,3.066666666666667,detected,1,3,0.9006957411766052,ankle_midpoint,984.4301147460938,632.1748046875,0.9937664270401001,0.9914956092834473,3.210186719894409,3.098370313644409,3.219687344391106,3.1420882399926713,0.0,0,two_ankles,accepted,3.210186719894409,3.098370313644409,0.0536875125209367
92,3.066666666666667,detected,2,6,0.7966103553771973,ankle_midpoint,1170.41259765625,587.2886962890625,0.9042147397994995,0.9658442139625549,4.920334339141846,0.8549998998641968,4.844354788608737,0.8722189482897605,0.0,0,two_ankles,accepted,4.920334339141846,0.8549998998641968,0.0741947057295619
92,3.066666666666667,detected,3,1,0.9067112803459167,ankle_midpoint,1167.68212890625,868.921630859375,0.9953233599662781,0.9935882091522217,4.242433547973633,10.493363380432129,4.276051355003951,10.492518330984428,0.0,0,two_ankles,accepted,4.242433547973633,10.493363380432129,0.08588184175599473
92,3.066666666666667,detected,4,20,0.9307991862297058,ankle_midpoint,848.6065673828125,824.8189086914062,0.9825125932693481,0.9859344363212585,2.335486888885498,9.513450622558594,2.3462679937163786,9.527838889397817,0.0,0,two_ankles,accepted,2.335486888885498,9.513450622558594,0.025871924430473193
93,3.1,detected,1,3,0.8949426412582397,ankle_midpoint,983.823486328125,630.900634765625,0.9917883276939392,0.9856314659118652,3.2054009437561035,3.0411739349365234,3.2132584641053548,3.096676802717405,0.0,0,two_ankles,accepted,3.2054009437561035,3.0411739349365234,0.05739624892396594
93,3.1,detected,2,6,0.8296405673027039,ankle_midpoint,1177.34130859375,587.40478515625,0.9860052466392517,0.9935001730918884,4.983246803283691,0.8594017624855042,4.906856195212466,0.8664512146778451,0.0,0,two_ankles,accepted,4.983246803283691,0.8594017624855042,0.06306627100864522
93,3.1,detected,3,1,0.91597580909729,ankle_midpoint,1162.406005859375,869.0264892578125,0.9952837824821472,0.9939457774162292,4.211401462554932,10.496332168579102,4.246958903401893,10.494234557902033,0.0,0,two_ankles,accepted,4.211401462554932,10.496332168579102,0.03117377148333469
93,3.1,detected,4,20,0.9282768964767456,ankle_midpoint,848.3328247070312,825.533935546875,0.9821518659591675,0.9852039813995361,2.3345131874084473,9.531001091003418,2.34097833087781,9.529261880120337,0.0,0,two_ankles,accepted,2.3345131874084473,9.531001091003418,0.017577458212130147
94,3.1333333333333333,detected,1,3,0.8913030028343201,ankle_midpoint,981.101806640625,629.4600219726562,0.9920684099197388,0.9922791719436646,3.1828322410583496,2.9766461849212646,3.1995666637342026,3.042663024709142,0.0,0,two_ankles,accepted,3.1828322410583496,2.9766461849212646,0.06836063826129285
94,3.1333333333333333,detected,2,6,0.8442538380622864,ankle_midpoint,1183.82666015625,592.406982421875,0.9738568067550659,0.9844637513160706,5.023158073425293,1.1222970485687256,4.959192040408238,0.9815818399287414,0.0,0,two_ankles,accepted,5.023158073425293,1.1222970485687256,0.2659075796758993
94,3.1333333333333333,detected,3,1,0.9256271719932556,ankle_midpoint,1155.496826171875,867.1546020507812,0.9876134395599365,0.9762116074562073,4.173584938049316,10.456103324890137,4.213940618993234,10.477075503046681,0.0,0,two_ankles,accepted,4.173584938049316,10.456103324890137,0.05521276474000341
94,3.1333333333333333,detected,4,20,0.9291644096374512,ankle_midpoint,848.4478759765625,827.6236572265625,0.968230664730072,0.970029890537262,2.3373167514801025,9.581975936889648,2.339330620148842,9.552983205666528,0.0,0,two_ankles,accepted,2.3373167514801025,9.581975936889648,0.05105188424170869
95,3.1666666666666665,detected,1,3,0.9049192667007446,ankle_midpoint,981.842529296875,630.2591552734375,0.9861787557601929,0.9849054217338562,3.188904285430908,3.0126566886901855,3.19476859349772,3.029160173500612,0.0,0,two_ankles,accepted,3.188904285430908,3.0126566886901855,0.0365188458820071
95,3.1666666666666665,detected,2,6,0.8744420409202576,ankle_midpoint,1183.831787109375,594.68359375,0.9902331829071045,0.9939423203468323,5.014510631561279,1.240990161895752,4.984085406427107,1.0983155848138961,0.0,0,two_ankles,accepted,5.014510631561279,1.240990161895752,0.11900770312065442
95,3.1666666666666665,detected,3,1,0.9257927536964417,ankle_midpoint,1148.21630859375,866.80078125,0.9876670837402344,0.9778899550437927,4.131357669830322,10.449240684509277,4.176778291869924,10.464549834704851,0.0,0,two_ankles,accepted,4.131357669830322,10.449240684509277,0.04278128111961906
95,3.1666666666666665,detected,4,20,0.9162687659263611,ankle_midpoint,848.38232421875,827.2642211914062,0.981383740901947,0.9859965443611145,2.3365535736083984,9.573234558105469,2.3380809492056427,9.562096314264052,0.0,0,two_ankles,accepted,2.3365535736083984,9.573234558105469,0.00877463067669321
96,3.2,detected,1,3,0.9009289741516113,ankle_midpoint,982.4283447265625,631.1054077148438,0.9849414229393005,0.9819283485412598,3.1936490535736084,3.0507211685180664,3.1942648005318697,3.038862621258467,0.0,0,two_ankles,accepted,3.1936490535736084,3.0507211685180664,0.038359059546541695
96,3.2,detected,2,6,0.8816466927528381,ankle_midpoint,1183.732421875,595.6549072265625,0.9895322322845459,0.99253910779953,5.0099310874938965,1.291333556175232,4.995715962907163,1.1851736719264974,0.0,0,two_ankles,accepted,5.0099310874938965,1.291333556175232,0.05055125687304202
96,3.2,detected,3,1,0.9230946898460388,ankle_midpoint,1144.6988525390625,867.6485595703125,0.9842357635498047,0.9748719334602356,4.109599590301514,10.46834659576416,4.14654787616414,10.466258377181541,0.0,0,two_ankles,accepted,4.109599590301514,10.46834659576416,0.0289559988544933
96,3.2,detected,4,20,0.9161162376403809,ankle_midpoint,850.7347412109375,829.80517578125,0.96802818775177,0.97420334815979,2.35353946685791,9.634586334228516,2.345037282149163,9.59471682324806,0.0,0,two_ankles,accepted,2.35353946685791,9.634586334228516,0.06365972826627736
97,3.2333333333333334,detected,1,3,0.9002095460891724,ankle_midpoint,984.1093139648438,632.8058471679688,0.9862202405929565,0.981610894203186,3.207352876663208,3.1267385482788086,3.2001544347909725,3.078406788417621,0.0,0,two_ankles,accepted,3.207352876663208,3.1267385482788086,0.07724271352664884
97,3.2333333333333334,detected,2,6,0.8797124624252319,ankle_midpoint,1182.84033203125,596.70361328125,0.9882113337516785,0.9909693598747253,4.99796199798584,1.3456711769104004,4.996726678692568,1.2573975491692537,0.0,0,two_ankles,accepted,4.99796199798584,1.3456711769104004,0.05564023841439647
97,3.2333333333333334,detected,3,1,0.9146891832351685,ankle_midpoint,1139.805908203125,870.4923095703125,0.9822872281074524,0.9614000916481018,4.077291965484619,10.531253814697266,4.115382716358356,10.495506324063617,0.0,0,two_ankles,accepted,4.077291965484619,10.531253814697266,0.0707184616292442
97,3.2333333333333334,detected,4,20,0.9150043725967407,ankle_midpoint,848.664306640625,835.2430419921875,0.968801736831665,0.9802897572517395,2.346168279647827,9.765458106994629,2.345546231023562,9.671550400934017,0.0,0,two_ankles,accepted,2.346168279647827,9.765458106994629,0.13107919479395377
98,3.2666666666666666,detected,1,3,0.905216634273529,ankle_midpoint,983.1451416015625,633.2098388671875,0.9819453358650208,0.9765872359275818,3.1992006301879883,3.145035743713379,3.19972522271963,3.1083898183007124,0.0,0,two_ankles,accepted,3.1992006301879883,3.145035743713379,0.020031137844955117
98,3.2666666666666666,detected,2,6,0.8856538534164429,ankle_midpoint,1182.856689453125,597.7290649414062,0.970304012298584,0.9744492769241333,4.994266510009766,1.3983649015426636,4.9956196027853075,1.320832857737288,0.0,0,two_ankles,accepted,4.994266510009766,1.3983649015426636,0.05282315067280717
98,3.2666666666666666,detected,3,1,0.9098942279815674,ankle_midpoint,1128.96728515625,870.38671875,0.9959887862205505,0.9766878485679626,4.014123916625977,10.53032398223877,4.069816256478785,10.511174270242435,0.0,0,two_ankles,accepted,4.014123916625977,10.53032398223877,0.06317489204588109
98,3.2666666666666666,detected,4,20,0.9175673127174377,ankle_midpoint,848.8724365234375,839.4686279296875,0.9692564010620117,0.9814774394035339,2.351534605026245,9.865605354309082,2.3482409993247697,9.758875129952797,0.0,0,two_ankles,accepted,2.351534605026245,9.865605354309082,0.10029091979201951
99,3.3,detected,1,3,0.9054169058799744,ankle_midpoint,982.6893310546875,632.8085327148438,0.9823015928268433,0.9773610830307007,3.1954762935638428,3.1271779537200928,3.197813204599526,3.1168444792394334,0.0,0,two_ankles,accepted,3.1954762935638428,3.1271779537200928,0.018242021454166254
99,3.3,detected,2,6,0.8881792426109314,ankle_midpoint,1181.193359375,597.9028930664062,0.9863914251327515,0.9892390966415405,4.978722095489502,1.4076944589614868,4.988015724502196,1.3599205782881776,0.0,0,two_ankles,accepted,4.978722095489502,1.4076944589614868,0.018129243349045317
99,3.3,detected,3,1,0.915341317653656,ankle_midpoint,1126.05517578125,872.6980590820312,0.995398223400116,0.972260057926178,3.99442195892334,10.580989837646484,4.035888822578835,10.542591275574258,0.0,0,two_ankles,accepted,3.99442195892334,10.580989837646484,0.054361714850728854
99,3.3,detected,4,20,0.9175267219543457,ankle_midpoint,848.4501953125,839.4094848632812,0.9657872915267944,0.9805753231048584,2.3489162921905518,9.86426830291748,2.3485448811143717,9.806302057786905,0.0,0,two_ankles,accepted,2.3489162921905518,9.86426830291748,0.0029399436268983587
100,3.3333333333333335,detected,1,3,0.9054859280586243,ankle_midpoint,982.2307739257812,632.5604248046875,0.9827211499214172,0.978592574596405,3.1916921138763428,3.116163969039917,3.1950587137740936,3.1165382496496514,0.0,0,two_ankles,accepted,3.1916921138763428,3.116163969039917,0.011645938109162113
100,3.3333333333333335,detected,2,6,0.8882285356521606,ankle_midpoint,1181.5599365234375,597.4171142578125,0.9861459136009216,0.9885616302490234,4.9838104248046875,1.3826820850372314,4.9861233396383176,1.370163256325252,0.0,0,two_ankles,accepted,4.9838104248046875,1.3826820850372314,0.02552469283941624
100,3.3333333333333335,detected,3,1,0.9195721745491028,ankle_midpoint,1127.4925537109375,872.9774780273438,0.9957014918327332,0.9711745977401733,4.002464294433594,10.586869239807129,4.020847784913476,10.562516359479051,0.0,0,two_ankles,accepted,4.002464294433594,10.586869239807129,0.009962255278102572
100,3.3333333333333335,detected,4,20,0.9161633849143982,ankle_midpoint,846.9117431640625,840.501953125,0.971382737159729,0.9851016998291016,2.34065318107605,9.890195846557617,2.3449936160971268,9.844054262733726,0.0,0,two_ankles,accepted,2.34065318107605,9.890195846557617,0.027212433270507062
101,3.3666666666666667,detected,1,3,0.9083349704742432,ankle_midpoint,982.6123046875,632.9998779296875,0.9836003184318542,0.9801391363143921,3.194791793823242,3.1357619762420654,3.1949385997962105,3.1251889266162376,0.0,0,two_ankles,accepted,3.194791793823242,3.1357619762420654,0.019841620449667724
101,3.3666666666666667,detected,2,6,0.8850660920143127,ankle_midpoint,1181.9306640625,596.0286254882812,0.987143337726593,0.9893929958343506,4.992323875427246,1.3110978603363037,4.988913580743336,1.3435838281302255,0.0,0,two_ankles,accepted,4.992323875427246,1.3110978603363037,0.07208869583738949
101,3.3666666666666667,detected,3,1,0.9168285131454468,ankle_midpoint,1127.58349609375,872.070556640625,0.9956557750701904,0.9741449952125549,4.004058361053467,10.567171096801758,4.013292544176473,10.56461099127427,0.0,0,two_ankles,accepted,4.004058361053467,10.567171096801758,0.01976253744458549
101,3.3666666666666667,detected,4,20,0.9131172299385071,ankle_midpoint,848.6285400390625,839.6898193359375,0.985194981098175,0.9893952012062073,2.350268840789795,9.870851516723633,2.3473674672088274,9.856113027029185,0.0,0,two_ankles,accepted,2.350268840789795,9.870851516723633,0.021602407468995645
102,3.4,detected,1,3,0.9091089367866516,ankle_midpoint,982.3759155273438,632.810302734375,0.9841098189353943,0.9818488359451294,3.192854881286621,3.1273276805877686,3.194000926466895,3.126151365903427,0.0,0,two_ankles,accepted,3.192854881286621,3.1273276805877686,0.008653841537641599
102,3.4,detected,2,6,0.8835014700889587,ankle_midpoint,1182.0201416015625,595.154052734375,0.9875619411468506,0.9897977113723755,4.996412754058838,1.2658448219299316,4.992288208735312,1.3086012753400933,0.0,0,two_ankles,accepted,4.996412754058838,1.2658448219299316,0.04543739003807848
102,3.4,detected,3,1,0.9223154783248901,ankle_midpoint,1127.682861328125,872.8321533203125,0.99400794506073,0.9815585017204285,4.003742694854736,10.583693504333496,4.008995111981691,10.573198122150924,0.0,0,two_ankles,accepted,4.003742694854736,10.583693504333496,0.01652542271150311
102,3.4,detected,4,20,0.9159355163574219,ankle_midpoint,850.426025390625,838.513671875,0.9838187098503113,0.9885204434394836,2.3600480556488037,9.842854499816895,2.3530737320068167,9.850146689783655,0.0,0,two_ankles,accepted,2.3600480556488037,9.842854499816895,0.029655791996418632
103,3.433333333333333,detected,1,3,0.9051666855812073,ankle_midpoint,981.4653930664062,632.9284057617188,0.985906720161438,0.9841094613075256,3.1852171421051025,3.1328206062316895,3.1900482235040886,3.129152524051145,0.0,0,two_ankles,accepted,3.1852171421051025,3.1328206062316895,0.009407831415079011
103,3.433333333333333,detected,2,6,0.8757883906364441,ankle_midpoint,1182.02392578125,596.6954345703125,0.989611029624939,0.9894578456878662,4.990664958953857,1.3454557657241821,4.991557746333658,1.3251857960129334,0.0,0,two_ankles,accepted,4.990664958953857,1.3454557657241821,0.07981816535338399
103,3.433333333333333,detected,3,1,0.9209428429603577,ankle_midpoint,1127.438720703125,869.9880981445312,0.9926570057868958,0.9875718355178833,4.005667209625244,10.52181339263916,4.00749755592129,10.55007499387063,0.0,0,two_ankles,accepted,4.005667209625244,10.52181339263916,0.061910031339076174
103,3.433333333333333,detected,4,20,0.9151096343994141,ankle_midpoint,854.0023193359375,835.5765991210938,0.9785059094429016,0.983875036239624,2.379040002822876,9.77268123626709,2.3647585538740437,9.8152872357012,0.0,0,two_ankles,accepted,2.379040002822876,9.77268123626709,0.07269787462294272
104,3.466666666666667,detected,1,3,0.8870590925216675,ankle_midpoint,979.1908569335938,632.1864013671875,0.9863778352737427,0.9850568175315857,3.1663167476654053,3.1000704765319824,3.1793690593766812,3.116065602667522,0.0,0,two_ankles,accepted,3.1663167476654053,3.1000704765319824,0.03781264213624554
104,3.466666666666667,detected,2,6,0.8802634477615356,ankle_midpoint,1182.09130859375,599.6334228515625,0.9910152554512024,0.992472767829895,4.980340957641602,1.4958627223968506,4.986510191422234,1.4019904128856964,0.0,0,two_ankles,accepted,4.980340957641602,1.4958627223968506,0.15076086235701036
104,3.466666666666667,detected,3,1,0.915143609046936,ankle_midpoint,1122.416015625,864.1737060546875,0.992515504360199,0.9907671809196472,3.9830172061920166,10.394479751586914,3.9964813985431173,10.480057134842959,0.0,0,two_ankles,accepted,3.9830172061920166,10.394479751586914,0.12933243521695348
104,3.466666666666667,detected,4,20,0.9023749232292175,ankle_midpoint,858.1769409179688,823.170166015625,0.9877570867538452,0.9936153888702393,2.393157958984375,9.47160530090332,2.3755009016466957,9.785982851440831,0.0,0,two_ankles,corrected_motion_outlier,2.3886304378132706,9.750166381789267,0.30140676094166624
105,3.5,detected,1,3,0.8694943785667419,ankle_midpoint,978.178466796875,631.222412109375,0.987187385559082,0.9851793646812439,3.1579792499542236,3.056952714920044,3.1697436451365757,3.0894648031811567,0.0,0,two_ankles,accepted,3.1579792499542236,3.056952714920044,0.04391645744487953
105,3.5,detected,2,6,0.886451005935669,ankle_midpoint,1181.687255859375,601.3973999023438,0.9911108016967773,0.9926306009292603,4.970245361328125,1.5854547023773193,4.979191017879884,1.4845493431569268,0.0,0,two_ankles,accepted,4.970245361328125,1.5854547023773193,0.09015899257281769
105,3.5,detected,3,1,0.914806604385376,ankle_midpoint,1121.321044921875,861.3758544921875,0.9923755526542664,0.990088939666748,3.979806900024414,10.332359313964844,3.988977874209701,10.413593115447807,0.0,0,two_ankles,accepted,3.979806900024414,10.332359313964844,0.06220333460552799
105,3.5,detected,4,20,0.899238646030426,ankle_midpoint,863.4940185546875,812.6083374023438,0.987145185470581,0.990995466709137,2.416646718978882,9.20694637298584,2.3940165194461795,9.525416436136087,0.0,0,two_ankles,accepted,2.416646718978882,9.20694637298584,0.2834917109158101
106,3.533333333333333,detected,1,3,0.8761693239212036,ankle_midpoint,974.2146606445312,630.8515625,0.9838876128196716,0.9832799434661865,3.124765634536743,3.0411324501037598,3.149503540366651,3.0677152442963282,0.0,0,two_ankles,accepted,3.124765634536743,3.0411324501037598,0.036788925343881076
106,3.533333333333333,detected,2,6,0.893930196762085,ankle_midpoint,1182.837158203125,601.462158203125,0.9868223667144775,0.9883477091789246,4.980233669281006,1.5884429216384888,4.97966021101039,1.5313014534736298,0.0,0,two_ankles,accepted,4.980233669281006,1.5884429216384888,0.010425725399913764
106,3.533333333333333,detected,3,1,0.9146966338157654,ankle_midpoint,1115.879150390625,859.287353515625,0.9921984076499939,0.9894871711730957,3.9500021934509277,10.286294937133789,3.971438817868253,10.3563089352065,0.0,0,two_ankles,accepted,3.9500021934509277,10.286294937133789,0.054865721053906025
106,3.533333333333333,detected,4,20,0.915128231048584,ankle_midpoint,874.4505615234375,811.2890625,0.9889953136444092,0.9939980506896973,2.484488010406494,9.171875953674316,2.4347286903783214,9.36632321902829,0.0,0,two_ankles,accepted,2.484488010406494,9.171875953674316,0.07636998843297214
107,3.566666666666667,detected,1,3,0.8710606694221497,ankle_midpoint,969.0093994140625,631.02783203125,0.9858434796333313,0.9863291382789612,3.0810811519622803,3.0502562522888184,3.118713465584684,3.059858697892949,0.0,0,two_ankles,accepted,3.0810811519622803,3.0502562522888184,0.044627096971578066
107,3.566666666666667,detected,2,6,0.8715179562568665,ankle_midpoint,1181.654296875,602.8496704101562,0.9859663844108582,0.9865067005157471,4.964643478393555,1.6586819887161255,4.972902681332814,1.588622694332753,0.0,0,two_ankles,accepted,4.964643478393555,1.6586819887161255,0.07194845791150715
107,3.566666666666667,detected,3,1,0.9198760390281677,ankle_midpoint,1109.993408203125,860.7921142578125,0.9924501180648804,0.9871779680252075,3.9135172367095947,10.320775985717773,3.945374106346857,10.340319107936573,0.0,0,two_ankles,accepted,3.9135172367095947,10.320775985717773,0.05020054561325038
107,3.566666666666667,detected,4,20,0.9155808091163635,ankle_midpoint,890.2039794921875,808.66455078125,0.9666350483894348,0.974309504032135,2.5819761753082275,9.102585792541504,2.5009900585967797,9.247641377109236,0.0,0,two_ankles,accepted,2.5819761753082275,9.102585792541504,0.1196037989602282
108,3.6,detected,1,3,0.8805041313171387,ankle_midpoint,966.6748046875,630.6080322265625,0.9852026104927063,0.9868619441986084,3.0614821910858154,3.0318491458892822,3.0929593920601937,3.0472543994912993,0.0,0,two_ankles,accepted,3.0614821910858154,3.0318491458892822,0.02688755908298564
108,3.6,detected,2,6,0.86449134349823,ankle_midpoint,1179.835693359375,602.455810546875,0.9908871650695801,0.9919845461845398,4.949938774108887,1.6393153667449951,4.9625689230820464,1.611434396918262,0.0,0,two_ankles,accepted,4.949938774108887,1.6393153667449951,0.024316545286536945
108,3.6,detected,3,1,0.9180219173431396,ankle_midpoint,1106.1103515625,859.99853515625,0.9938488602638245,0.9892188906669617,3.8913936614990234,10.303512573242188,3.9210829061653323,10.323756167324099,0.0,0,two_ankles,accepted,3.8913936614990234,10.303512573242188,0.02806203824386284
108,3.6,detected,4,20,0.9113941192626953,ankle_midpoint,897.2005004882812,809.2225341796875,0.9798674583435059,0.9883165955543518,2.62658429145813,9.115874290466309,2.5575074633843875,9.188346188119919,0.0,0,two_ankles,accepted,2.62658429145813,9.115874290466309,0.04654533492779611
109,3.6333333333333333,detected,1,3,0.8708764910697937,ankle_midpoint,962.8110961914062,631.2158203125,0.9810081720352173,0.9822064638137817,3.0291011333465576,3.0601253509521484,3.0642231756390577,3.0530463276486817,0.0,0,two_ankles,accepted,3.0291011333465576,3.0601253509521484,0.042989262299676756
109,3.6333333333333333,detected,2,6,0.8593305945396423,ankle_midpoint,1179.242431640625,603.787841796875,0.9892528653144836,0.9903134107589722,4.939877986907959,1.7063578367233276,4.952358001803708,1.6541499448305417,0.0,0,two_ankles,accepted,4.939877986907959,1.7063578367233276,0.06779315761858248
109,3.6333333333333333,detected,3,1,0.9264855980873108,ankle_midpoint,1099.559326171875,860.6720581054688,0.9851266741752625,0.9846129417419434,3.851957321166992,10.319438934326172,3.8899763929160796,10.321813412475032,0.0,0,two_ankles,accepted,3.851957321166992,10.319438934326172,0.04253085839906416
109,3.6333333333333333,detected,4,20,0.9156411290168762,ankle_midpoint,910.6439208984375,808.5672607421875,0.9595557451248169,0.9725705981254578,2.7112350463867188,9.097151756286621,2.6266848757354366,9.147308693794935,0.0,0,two_ankles,accepted,2.7112350463867188,9.097151756286621,0.0866965027904216
110,3.6666666666666665,detected,1,3,0.8713920712471008,ankle_midpoint,961.4542236328125,629.78271484375,0.9802824258804321,0.9806503057479858,3.0175607204437256,2.995723009109497,3.0432250708011583,3.0272508343060487,0.0,0,two_ankles,accepted,3.0175607204437256,2.995723009109497,0.06542814963596001
110,3.6666666666666665,detected,2,6,0.8530046343803406,ankle_midpoint,1177.4068603515625,604.7094116210938,0.988857626914978,0.9890344142913818,4.92035436630249,1.752889633178711,4.93795636582816,1.6985828045872178,0.0,0,two_ankles,accepted,4.92035436630249,1.752889633178711,0.050461667064332166
110,3.6666666666666665,detected,3,1,0.9207385778427124,ankle_midpoint,1096.2265625,860.7109375,0.9874942898750305,0.9813026785850525,3.832216501235962,10.32073974609375,3.863984441660027,10.321330262603457,0.0,0,two_ankles,accepted,3.832216501235962,10.32073974609375,0.019783631688950132
110,3.6666666666666665,detected,4,20,0.9181239008903503,ankle_midpoint,911.7185668945312,807.4345703125,0.9511386156082153,0.9621310234069824,2.717468738555908,9.067899703979492,2.667537614004649,9.111574648377987,0.0,0,two_ankles,accepted,2.717468738555908,9.067899703979492,0.029908886342343465
111,3.7,detected,1,3,0.8654637932777405,ankle_midpoint,960.5198974609375,629.32763671875,0.9847458600997925,0.9848304986953735,3.0096471309661865,2.975316047668457,3.028114997875421,3.0038801803191326,0.0,0,two_ankles,accepted,3.0096471309661865,2.975316047668457,0.021887644315346316
111,3.7,detected,2,6,0.8790963292121887,ankle_midpoint,1176.38671875,603.6493530273438,0.9771725535392761,0.9815289974212646,4.915088653564453,1.700122594833374,4.9276658953094925,1.699275710197988,0.0,0,two_ankles,accepted,4.915088653564453,1.700122594833374,0.053029124699336516
111,3.7,detected,3,1,0.926379382610321,ankle_midpoint,1094.2890625,862.4678344726562,0.9840670824050903,0.9769008159637451,3.819086790084839,10.360194206237793,3.843780498451193,10.33881903723891,0.0,0,two_ankles,accepted,3.819086790084839,10.360194206237793,0.04158177172956679
111,3.7,detected,4,20,0.9190483093261719,ankle_midpoint,910.5439453125,806.0689697265625,0.9650683999061584,0.9706441760063171,2.7093253135681152,9.032866477966309,2.686342078808209,9.076155971692732,0.0,0,two_ankles,accepted,2.7093253135681152,9.032866477966309,0.03596723919656073
112,3.7333333333333334,detected,1,3,0.8819803595542908,ankle_midpoint,958.627685546875,630.1629638671875,0.9777050018310547,0.9778633713722229,2.9938559532165527,3.0135657787323,3.0126984277789304,3.008238699605058,0.0,0,two_ankles,accepted,2.9938559532165527,3.0135657787323,0.0413811940520912
112,3.7333333333333334,detected,2,6,0.9006715416908264,ankle_midpoint,1174.525634765625,604.4608764648438,0.9806172847747803,0.9835979342460632,4.895764350891113,1.7411869764328003,4.913310200321222,1.7181357800036536,0.0,0,two_ankles,accepted,4.895764350891113,1.7411869764328003,0.04538405127304247
112,3.7333333333333334,detected,3,1,0.9296778440475464,ankle_midpoint,1090.6593017578125,864.29443359375,0.98423832654953,0.9782921671867371,3.7959938049316406,10.40123176574707,3.822276486367395,10.366904765067583,0.0,0,two_ankles,accepted,3.7959938049316406,10.40123176574707,0.04708892920595364
112,3.7333333333333334,detected,4,20,0.9172321557998657,ankle_midpoint,910.0316162109375,807.418212890625,0.9798802733421326,0.9833967089653015,2.7067689895629883,9.067721366882324,2.69553418864786,9.072360399528048,0.0,0,two_ankles,accepted,2.7067689895629883,9.067721366882324,0.0349485060305441
113,3.7666666666666666,detected,1,3,0.8742724061012268,ankle_midpoint,959.7459716796875,629.779052734375,0.9766811728477478,0.9774100184440613,3.0031979084014893,2.9959447383880615,3.008423194059082,3.00270641705741,0.0,0,two_ankles,accepted,3.0031979084014893,2.9959447383880615,0.01994425204139367
113,3.7666666666666666,detected,2,6,0.9050271511077881,ankle_midpoint,1171.7801513671875,603.2108154296875,0.9834107756614685,0.9862748384475708,4.875821113586426,1.6792628765106201,4.8964401112905644,1.7006429734317887,0.0,0,two_ankles,accepted,4.875821113586426,1.6792628765106201,0.06505633608929444
113,3.7666666666666666,detected,3,1,0.9284924268722534,ankle_midpoint,1090.525146484375,863.7193603515625,0.9898905754089355,0.9807235598564148,3.7957334518432617,10.388496398925781,3.8103321208315353,10.376621000303773,0.0,0,two_ankles,accepted,3.7957334518432617,10.388496398925781,0.012738027783115356
113,3.7666666666666666,detected,4,20,0.9168701171875,ankle_midpoint,913.043701171875,805.7294921875,0.9815090894699097,0.9839751124382019,2.7250311374664307,9.02373218536377,2.7088078156162165,9.050477703154122,0.0,0,two_ankles,accepted,2.7250311374664307,9.02373218536377,0.047629341132536765
114,3.8,detected,1,3,0.8759126663208008,ankle_midpoint,959.920166015625,627.576904296875,0.9744846820831299,0.9739530682563782,3.004359483718872,2.8958070278167725,3.0065945244059877,2.954601691899123,0.0,0,two_ankles,accepted,3.004359483718872,2.8958070278167725,0.10014444735319682
114,3.8,detected,2,6,0.9052605628967285,ankle_midpoint,1170.9420166015625,602.9934692382812,0.9863418936729431,0.988657534122467,4.869145393371582,1.6685550212860107,4.884157488227023,1.6862033949661885,0.0,0,two_ankles,accepted,4.869145393371582,1.6685550212860107,0.012618375644197148
114,3.8,detected,3,1,0.9273533821105957,ankle_midpoint,1089.711669921875,863.2078857421875,0.9934497475624084,0.9844138622283936,3.7914111614227295,10.377243041992188,3.8018176890975726,10.37690091906356,0.0,0,two_ankles,accepted,3.7914111614227295,10.377243041992188,0.01205488435258867
114,3.8,detected,4,20,0.9156829118728638,ankle_midpoint,913.53369140625,804.654541015625,0.9845475554466248,0.9863946437835693,2.7276194095611572,8.995830535888672,2.7172730328914403,9.02588647788467,0.0,0,two_ankles,accepted,2.7276194095611572,8.995830535888672,0.02802144171643489
115,3.8333333333333335,detected,1,3,0.8583931922912598,ankle_midpoint,958.462158203125,630.3759765625,0.9653310179710388,0.9624916911125183,2.992499351501465,3.023228883743286,3.0002516965989527,2.9854839282289967,0.0,0,two_ankles,accepted,2.992499351501465,3.023228883743286,0.12797262247829255
115,3.8333333333333335,detected,2,6,0.903779923915863,ankle_midpoint,1168.189697265625,603.8179321289062,0.9888378381729126,0.9898226261138916,4.841937065124512,1.7105872631072998,4.865158297830893,1.6971761356296886,0.0,0,two_ankles,accepted,4.841937065124512,1.7105872631072998,0.050069975819083894
115,3.8333333333333335,detected,3,1,0.9298302531242371,ankle_midpoint,1090.6732177734375,861.9549560546875,0.9871813654899597,0.9715942740440369,3.7982349395751953,10.349233627319336,3.800205451812503,10.36445063777866,0.0,0,two_ankles,accepted,3.7982349395751953,10.349233627319336,0.02882865343004807
115,3.8333333333333335,detected,4,20,0.9101492166519165,ankle_midpoint,912.1865234375,802.7771606445312,0.9920686483383179,0.9936631917953491,2.718106508255005,8.947219848632812,2.7176480968050445,8.990486494721335,0.0,0,two_ankles,accepted,2.718106508255005,8.947219848632812,0.04953275892525637
116,3.8666666666666667,detected,1,3,0.8570173978805542,ankle_midpoint,958.8304443359375,631.9141235351562,0.9672451019287109,0.9665201306343079,2.9958276748657227,3.092430353164673,2.9982608868189997,3.033609819450051,0.0,0,two_ankles,accepted,2.9958276748657227,3.092430353164673,0.06928146293559473
116,3.8666666666666667,detected,2,6,0.9130624532699585,ankle_midpoint,1162.666259765625,602.0240478515625,0.9892043471336365,0.9894835352897644,4.799004077911377,1.6218105554580688,4.835388898867111,1.6632616245524598,0.0,0,two_ankles,accepted,4.799004077911377,1.6218105554580688,0.09861310872333462
116,3.8666666666666667,detected,3,1,0.9275662899017334,ankle_midpoint,1086.4200439453125,858.5655517578125,0.9888883233070374,0.9740055203437805,3.7761752605438232,10.273897171020508,3.7893918657415973,10.323701577737491,0.0,0,two_ankles,accepted,3.7761752605438232,10.273897171020508,0.0784997521437641
116,3.8666666666666667,detected,4,20,0.9221809506416321,ankle_midpoint,907.7471923828125,800.5496826171875,0.9821894764900208,0.9861083626747131,2.68857741355896,8.889630317687988,2.7045662893443065,8.94510121505633,0.0,0,two_ankles,accepted,2.68857741355896,8.889630317687988,0.0647187879059308
117,3.9,detected,1,3,0.8503545522689819,ankle_midpoint,960.5885009765625,629.3896484375,0.9731900095939636,0.9749632477760315,3.0102322101593018,2.978111982345581,3.0036479823221356,3.00863579275304,0.0,0,two_ankles,accepted,3.0102322101593018,2.978111982345581,0.11522230922766366
117,3.9,detected,2,6,0.9076967835426331,ankle_midpoint,1160.3232421875,601.658935546875,0.9910445213317871,0.991108775138855,4.779397964477539,1.6039690971374512,4.810192978391804,1.636579987215706,0.0,0,two_ankles,accepted,4.779397964477539,1.6039690971374512,0.026508815872966794
117,3.9,detected,3,1,0.9242949485778809,ankle_midpoint,1079.9615478515625,855.9085083007812,0.9876294136047363,0.9826379418373108,3.7401645183563232,10.214783668518066,3.767239559418224,10.27468851858875,0.0,0,two_ankles,accepted,3.7401645183563232,10.214783668518066,0.0692183482250244
117,3.9,detected,4,20,0.9197002649307251,ankle_midpoint,906.2819213867188,798.8255615234375,0.9813098907470703,0.9859132170677185,2.6782360076904297,8.84451961517334,2.692717662600062,8.899839495108985,0.0,0,two_ankles,accepted,2.6782360076904297,8.84451961517334,0.04628088327487691
118,3.933333333333333,detected,1,3,0.8376138210296631,ankle_midpoint,955.2752685546875,624.3375244140625,0.9596725106239319,0.9571976065635681,2.964463949203491,2.7481467723846436,2.9860151674187456,2.891415733587262,0.0,0,two_ankles,accepted,2.964463949203491,2.7481467723846436,0.23447543901930804
118,3.933333333333333,detected,2,6,0.9039255380630493,ankle_midpoint,1154.45361328125,602.294921875,0.9900835752487183,0.9897174835205078,4.725207805633545,1.6374934911727905,4.771949650650587,1.636991063996394,0.0,0,two_ankles,accepted,4.725207805633545,1.6374934911727905,0.06372172558063705
118,3.933333333333333,detected,3,1,0.9116964936256409,ankle_midpoint,1066.345458984375,847.792236328125,0.975575864315033,0.9818374514579773,3.665357828140259,10.030875205993652,3.72139278034314,10.164972527920956,0.0,0,two_ankles,accepted,3.665357828140259,10.030875205993652,0.19854058398517932
118,3.933333333333333,detected,4,20,0.9220204949378967,ankle_midpoint,905.3978271484375,798.4525756835938,0.9766977429389954,0.9838533401489258,2.6723532676696777,8.834815979003906,2.6835536848813892,8.8705789128617,0.0,0,two_ankles,accepted,2.6723532676696777,8.834815979003906,0.01134756295688623
119,3.966666666666667,detected,1,3,0.8252770900726318,ankle_midpoint,957.93896484375,630.6176147460938,0.9695925116539001,0.9603483080863953,2.9881458282470703,3.034257411956787,2.986973964791492,2.9556944888535486,0.0,0,two_ankles,accepted,2.9881458282470703,3.034257411956787,0.2870890619153153
119,3.966666666666667,detected,2,6,0.8919193744659424,ankle_midpoint,1148.1429443359375,603.1929321289062,0.9907019138336182,0.9900606870651245,4.666441440582275,1.6841975450515747,4.724470956119847,1.6582339804712256,0.0,0,two_ankles,accepted,4.666441440582275,1.6841975450515747,0.07506500056651867
119,3.966666666666667,detected,3,1,0.9124516844749451,ankle_midpoint,1042.0830078125,854.9302978515625,0.9900072813034058,0.9952670335769653,3.5154662132263184,10.197559356689453,3.6287258251405703,10.179636600866779,0.0,0,two_ankles,accepted,3.5154662132263184,10.197559356689453,0.22416757641257898
119,3.966666666666667,detected,4,20,0.9191318154335022,ankle_midpoint,901.9603881835938,797.4244995117188,0.9779821038246155,0.9849479794502258,2.649676561355591,8.808162689208984,2.66830897929478,8.842491612217978,0.0,0,two_ankles,accepted,2.649676561355591,8.808162689208984,0.03499472626193032
120,4.0,detected,1,3,0.8194663524627686,ankle_midpoint,953.513916015625,627.4847412109375,0.9693137407302856,0.9578537344932556,2.9502596855163574,2.8930625915527344,2.9704525391176815,2.9275101350681823,0.0,0,two_ankles,accepted,2.9502596855163574,2.8930625915527344,0.1461893878499553
120,4.0,detected,2,6,0.896227240562439,ankle_midpoint,1145.74365234375,602.485595703125,0.9869431257247925,0.986158013343811,4.6473283767700195,1.649246335029602,4.689756795412425,1.654189540022495,0.0,0,two_ankles,accepted,4.6473283767700195,1.649246335029602,0.0398358668826399
120,4.0,detected,3,1,0.9159746766090393,ankle_midpoint,1031.9041748046875,856.1624755859375,0.9559882879257202,0.9830237030982971,3.454270839691162,10.226797103881836,3.5502210816883366,10.200858827223556,0.0,0,two_ankles,accepted,3.454270839691162,10.226797103881836,0.06782123268559037
120,4.0,detected,4,20,0.9140296578407288,ankle_midpoint,898.6644287109375,798.3706665039062,0.973994791507721,0.9835101366043091,2.629094362258911,8.83364486694336,2.6506624016286393,8.838510576844401,0.0,0,two_ankles,accepted,2.629094362258911,8.83364486694336,0.03275619486053957
121,4.033333333333333,detected,1,3,0.8531365990638733,ankle_midpoint,946.899658203125,622.7877197265625,0.9665966629981995,0.9580814838409424,2.8928062915802,2.6783010959625244,2.9355117277258147,2.8153660674706362,0.0,0,two_ankles,accepted,2.8928062915802,2.6783010959625244,0.22231372531386145
121,4.033333333333333,detected,2,6,0.8929928541183472,ankle_midpoint,1139.918212890625,603.1024169921875,0.9846262335777283,0.9844473600387573,4.593843936920166,1.681684136390686,4.646596009090908,1.666562108388181,0.0,0,two_ankles,accepted,4.593843936920166,1.681684136390686,0.0625523481828919
121,4.033333333333333,detected,3,1,0.903106153011322,ankle_midpoint,1012.3802490234375,857.0191650390625,0.9830887913703918,0.9950815439224243,3.337956190109253,10.248688697814941,3.4547018804777494,10.22238226898968,0.0,0,two_ankles,accepted,3.337956190109253,10.248688697814941,0.11835683162493961
121,4.033333333333333,detected,4,20,0.902083694934845,ankle_midpoint,893.8841552734375,795.176513671875,0.9812955260276794,0.986976683139801,2.5962560176849365,8.749701499938965,2.6261795288539735,8.798546492236955,0.0,0,two_ankles,accepted,2.5962560176849365,8.749701499938965,0.09013792619310454
122,4.066666666666666,detected,1,3,0.8665499091148376,ankle_midpoint,936.46630859375,621.6350708007812,0.9626162052154541,0.956423282623291,2.8033742904663086,2.6270737648010254,2.8760498809590374,2.7306345312693114,0.0,0,two_ankles,accepted,2.8033742904663086,2.6270737648010254,0.10306465097774793
122,4.066666666666666,detected,2,6,0.8934308290481567,ankle_midpoint,1130.556396484375,604.9520263671875,0.980185866355896,0.9802025556564331,4.505805492401123,1.7764885425567627,4.583240276580505,1.7160290037640429,0.0,0,two_ankles,accepted,4.505805492401123,1.7764885425567627,0.12937790824493586
122,4.066666666666666,detected,3,1,0.9032854437828064,ankle_midpoint,989.3582763671875,852.9400024414062,0.9785183668136597,0.992601215839386,3.201964855194092,10.159201622009277,3.340970219100104,10.193950977848498,0.0,0,two_ankles,accepted,3.201964855194092,10.159201622009277,0.16279305853830559
122,4.066666666666666,detected,4,20,0.9074428677558899,ankle_midpoint,886.6719970703125,789.508544921875,0.9804878830909729,0.9875131249427795,2.5455098152160645,8.5986909866333,2.5898781577169148,8.708611514715312,0.0,0,two_ankles,accepted,2.5455098152160645,8.5986909866333,0.15930898340599597
123,4.1,detected,1,3,0.8474153876304626,ankle_midpoint,929.4207763671875,619.877685546875,0.9680028557777405,0.9586192965507507,2.742154836654663,2.546487808227539,2.815797111022069,2.647768505900514,0.0,0,two_ankles,accepted,2.742154836654663,2.546487808227539,0.1012023612464651
123,4.1,detected,2,6,0.8704910278320312,ankle_midpoint,1125.529541015625,603.1566772460938,0.9847396612167358,0.9852246046066284,4.466225624084473,1.6879569292068481,4.530583682957291,1.7033965702133052,0.0,0,two_ankles,accepted,4.466225624084473,1.6879569292068481,0.0969763504072109
123,4.1,detected,3,1,0.8973860740661621,ankle_midpoint,983.1900024414062,858.4520874023438,0.9597663283348083,0.9892103672027588,3.164553165435791,10.284738540649414,3.261582544951163,10.234805381108911,0.0,0,two_ankles,accepted,3.164553165435791,10.284738540649414,0.1309929481774941
123,4.1,detected,4,20,0.9028773307800293,ankle_midpoint,884.8936767578125,793.0291748046875,0.9875566959381104,0.9904300570487976,2.53666615486145,8.693704605102539,2.565932756431956,8.701903405389565,0.0,0,two_ankles,accepted,2.53666615486145,8.693704605102539,0.09542430520095892
124,4.133333333333334,detected,1,3,0.85866779088974,ankle_midpoint,921.006591796875,618.560791015625,0.9610106348991394,0.946584165096283,2.6691224575042725,2.48649263381958,2.749793516939061,2.575194363464094,0.0,0,two_ankles,accepted,2.6691224575042725,2.48649263381958,0.09451533926621555
124,4.133333333333334,detected,2,6,0.871616780757904,ankle_midpoint,1117.65576171875,600.5828247070312,0.9876101016998291,0.9887650012969971,4.4030680656433105,1.5601352453231812,4.473201655166,1.6389289740127495,0.0,0,two_ankles,accepted,4.4030680656433105,1.5601352453231812,0.14257370044683873
124,4.133333333333334,detected,3,1,0.9018829464912415,ankle_midpoint,956.10107421875,842.5191040039062,0.9714032411575317,0.9951070547103882,3.002533197402954,9.922874450683594,3.1814722742207637,10.27052891939455,0.0,0,two_ankles,corrected_motion_outlier,3.0835597211058317,10.314191021743664,0.39647962072236803
124,4.133333333333334,detected,4,20,0.8789804577827454,ankle_midpoint,884.7089233398438,794.9026489257812,0.9709404706954956,0.9607547521591187,2.5369062423706055,8.743767738342285,2.5528708251043484,8.72074235521829,0.0,0,two_ankles,accepted,2.5369062423706055,8.743767738342285,0.05006370892964906
125,4.166666666666667,detected,1,3,0.8530705571174622,ankle_midpoint,914.543212890625,620.5331420898438,0.8683388829231262,0.8363659977912903,2.6153807640075684,2.5806853771209717,2.6893077781198897,2.577665319609689,0.0,0,two_ankles,accepted,2.6153807640075684,2.5806853771209717,0.1084455739554895
125,4.166666666666667,detected,2,6,0.8913239240646362,ankle_midpoint,1115.169921875,599.435302734375,0.9845784306526184,0.9866930842399597,4.383847713470459,1.5024831295013428,4.432992381403007,1.5775283439826167,0.0,0,two_ankles,accepted,4.383847713470459,1.5024831295013428,0.06077160847289717
125,4.166666666666667,detected,3,1,0.7360249757766724,ankle_midpoint,939.669921875,849.0625610351562,0.9652050733566284,0.991040050983429,2.904696464538574,10.076945304870605,3.0569231598637785,10.183416292858777,0.0,0,two_ankles,accepted,2.904696464538574,10.076945304870605,0.16636070286925722
125,4.166666666666667,detected,4,20,0.8688167333602905,ankle_midpoint,876.2598876953125,799.5546264648438,0.9504998326301575,0.9006717205047607,2.486313819885254,8.868115425109863,2.522920172755756,8.787060236669499,0.0,0,two_ankles,accepted,2.486313819885254,8.868115425109863,0.13424582085630835
126,4.2,detected,1,3,0.8550678491592407,ankle_midpoint,910.461181640625,622.38720703125,0.928852915763855,0.906534731388092,2.5822081565856934,2.668130397796631,2.6411129484295017,2.618374604793813,0.0,0,two_ankles,accepted,2.5822081565856934,2.668130397796631,0.09352568376725347
126,4.2,detected,2,6,0.892577052116394,ankle_midpoint,1114.5120849609375,600.7833251953125,0.9844228625297546,0.9854249358177185,4.374582767486572,1.5710715055465698,4.406708055140612,1.5746227666863957,0.0,0,two_ankles,accepted,4.374582767486572,1.5710715055465698,0.06921130364763992
126,4.2,detected,3,1,0.8644497394561768,ankle_midpoint,930.7371826171875,849.1163330078125,0.9714362025260925,0.9924262762069702,2.8511722087860107,10.079361915588379,2.964335231878783,10.136591823087098,0.0,0,two_ankles,accepted,2.8511722087860107,10.079361915588379,0.05357878275238326
126,4.2,detected,4,20,0.8308529853820801,ankle_midpoint,861.9312744140625,793.193115234375,0.8598218560218811,0.6416492462158203,2.388390302658081,8.701508522033691,2.4623817312118024,8.748561965083386,0.0,0,two_ankles,accepted,2.388390302658081,8.701508522033691,0.1932533968104399
127,4.233333333333333,detected,1,3,0.8770500421524048,ankle_midpoint,900.8681640625,622.3583374023438,0.9577170014381409,0.9404236078262329,2.5004661083221436,2.669011116027832,2.5778218703811904,2.6411610348491217,0.0,0,two_ankles,accepted,2.5004661083221436,2.669011116027832,0.08174679271337362
127,4.233333333333333,detected,2,6,0.9033163189888,ankle_midpoint,1111.051025390625,602.8297729492188,0.9837589263916016,0.9826425313949585,4.3387885093688965,1.6751201152801514,4.376144259543341,1.6198465735535859,0.0,0,two_ankles,accepted,4.3387885093688965,1.6751201152801514,0.11003336812842711
127,4.233333333333333,detected,3,1,0.5827487111091614,ankle_midpoint,915.5073852539062,858.745361328125,0.9712154269218445,0.9900021553039551,2.76387882232666,10.300095558166504,2.874129847580328,10.210168503872833,0.0,0,two_ankles,accepted,2.76387882232666,10.300095558166504,0.237367808022379
127,4.233333333333333,detected,4,20,0.5308730602264404,ankle_midpoint,857.0577392578125,802.95751953125,0.8601983785629272,0.7102010250091553,2.3667171001434326,8.959943771362305,2.419332647231036,8.8436837779089,0.0,0,two_ankles,accepted,2.3667171001434326,8.959943771362305,0.2593424489025726
128,4.266666666666667,detected,1,3,0.8856411576271057,ankle_midpoint,888.794921875,620.04638671875,0.9475929141044617,0.9239006638526917,2.3946926593780518,2.5638859272003174,2.495413725429778,2.60638723640716,0.0,0,two_ankles,accepted,2.3946926593780518,2.5638859272003174,0.1491285614077632
128,4.266666666666667,detected,2,6,0.9088280200958252,ankle_midpoint,1105.203125,600.3101806640625,0.9805856347084045,0.9781869053840637,4.292878150939941,1.549412727355957,4.338674510671812,1.588151342764653,0.0,0,two_ankles,accepted,4.292878150939941,1.549412727355957,0.1338286530971563
128,4.266666666666667,detected,3,1,0.8362005949020386,ankle_midpoint,893.098876953125,853.1781616210938,0.9840424656867981,0.9895374774932861,2.6280367374420166,10.177241325378418,2.763387948018088,10.195351273550347,0.0,0,two_ankles,accepted,2.6280367374420166,10.177241325378418,0.1831563117660866
128,4.266666666666667,detected,4,20,0.7382263541221619,ankle_midpoint,854.2518310546875,801.7377319335938,0.8887212872505188,0.7935392260551453,2.3475899696350098,8.928543090820312,2.3870484423128246,8.881870468719036,0.0,0,two_ankles,accepted,2.3475899696350098,8.928543090820312,0.03676751092998392
129,4.3,detected,1,3,0.875596821308136,ankle_midpoint,892.3512573242188,619.8908081054688,0.9537398219108582,0.9212033152580261,2.4249215126037598,2.5557596683502197,2.4636922296580703,2.583604830781537,0.0,0,two_ankles,accepted,2.4249215126037598,2.5557596683502197,0.03130207102158239
129,4.3,detected,2,6,0.9123054146766663,ankle_midpoint,1101.776611328125,599.42724609375,0.984653651714325,0.983690083026886,4.264400005340576,1.505415678024292,4.305250983272756,1.5509202936314908,0.0,0,two_ankles,accepted,4.264400005340576,1.505415678024292,0.05240939922067045
129,4.3,detected,3,1,0.8149476051330566,ankle_midpoint,886.0540161132812,845.5947265625,0.9781573414802551,0.9828757047653198,2.5811376571655273,10.00391674041748,2.681375317134436,10.109205733640557,0.0,0,two_ankles,accepted,2.5811376571655273,10.00391674041748,0.17955761048382723
129,4.3,detected,4,20,0.7992532253265381,ankle_midpoint,839.05810546875,798.45849609375,0.875450074672699,0.831426739692688,2.246781826019287,8.844722747802734,2.3239284649807326,8.8651539943067,0.0,0,two_ankles,accepted,2.246781826019287,8.844722747802734,0.13110351529548178
130,4.333333333333333,detected,1,3,0.8682452440261841,ankle_midpoint,880.1505126953125,617.2059326171875,0.958311140537262,0.9431580305099487,2.3167123794555664,2.43204402923584,2.3975512970669435,2.5154024700859736,0.0,0,two_ankles,accepted,2.3167123794555664,2.43204402923584,0.16436172260646004
130,4.333333333333333,detected,2,6,0.9013239145278931,ankle_midpoint,1094.4332275390625,597.9193725585938,0.9877061247825623,0.9860724210739136,4.2021989822387695,1.4303056001663208,4.258877582807463,1.4966436815721644,0.0,0,two_ankles,accepted,4.2021989822387695,1.4303056001663208,0.09752174665551257
130,4.333333333333333,detected,4,20,0.7848030924797058,ankle_midpoint,862.9544677734375,851.752685546875,0.9744021892547607,0.977689802646637,2.447240114212036,10.148707389831543,2.26347439979555,8.853390688366275,0.6847974240455038,0,two_ankles,corrected_motion_outlier,2.189586097902549,8.839013314439086,1.319302646079423
130,4.333333333333333,predicted,3,,,motion_prediction,,,,,,,2.498250559350412,9.945103242012705,,1,,motion_prediction,2.498250559350412,9.945103242012705,
131,4.366666666666666,detected,1,3,0.875998854637146,ankle_midpoint,873.3270263671875,613.1488037109375,0.9612507224082947,0.9525641798973083,2.251741647720337,2.2399792671203613,2.3319369548609705,2.391462028751448,0.0,0,two_ankles,accepted,2.251741647720337,2.2399792671203613,0.2027561807410233
131,4.366666666666666,detected,2,6,0.8960428237915039,ankle_midpoint,1085.96728515625,596.7908935546875,0.9897840619087219,0.9867902398109436,4.128788471221924,1.3745559453964233,4.20033748259397,1.4417042002930809,0.0,0,two_ankles,accepted,4.128788471221924,1.3745559453964233,0.09217986295670641
131,4.366666666666666,detected,3,1,0.5821892619132996,ankle_midpoint,835.506103515625,868.0241088867188,0.9935391545295715,0.995586633682251,2.299945831298828,10.51594352722168,2.509732048508413,10.292237740752064,0.0,0,two_ankles,accepted,2.299945831298828,10.51594352722168,0.292078873482524
131,4.366666666666666,detected,4,20,0.7918342351913452,ankle_midpoint,857.869384765625,816.5762939453125,0.9830276966094971,0.9895362854003906,2.3850529193878174,9.307785034179688,2.3181847336120702,9.057868143982311,0.0,0,two_ankles,accepted,2.3850529193878174,9.307785034179688,0.24163276698638173
132,4.4,detected,1,3,0.88392174243927,ankle_midpoint,867.3637084960938,613.7725830078125,0.9635472893714905,0.9556172490119934,2.201118230819702,2.271367311477661,2.2730685290424,2.337419405978244,0.0,0,two_ankles,accepted,2.201118230819702,2.271367311477661,0.059564584001496175
132,4.4,detected,2,6,0.8960685729980469,ankle_midpoint,1080.53173828125,598.645263671875,0.990956723690033,0.9884359836578369,4.07645320892334,1.4708795547485352,4.144589559442187,1.4548331097980354,0.0,0,two_ankles,accepted,4.07645320892334,1.4708795547485352,0.10962306964539822
132,4.4,detected,3,1,0.4809231460094452,ankle_midpoint,829.34130859375,861.71826171875,0.987403154373169,0.9929491281509399,2.2573046684265137,10.3776216506958,2.3961397274715583,10.330660500226745,0.0,0,two_ankles,accepted,2.2573046684265137,10.3776216506958,0.14474532910164575
132,4.4,detected,4,20,0.6873329877853394,ankle_midpoint,860.27978515625,810.4359130859375,0.888976514339447,0.9346080422401428,2.394385576248169,9.152170181274414,2.352475112798315,9.100304060763758,0.0,0,two_ankles,accepted,2.394385576248169,9.152170181274414,0.1558944544517314
133,4.433333333333334,detected,1,3,0.8752867579460144,ankle_midpoint,860.093505859375,612.710205078125,0.942527711391449,0.9159408807754517,2.1363229751586914,2.2220218181610107,2.2115330297947313,2.2854904914604894,0.0,0,two_ankles,accepted,2.1363229751586914,2.2220218181610107,0.08144570502389512
133,4.433333333333334,detected,2,6,0.9098978638648987,ankle_midpoint,1071.3992919921875,597.645263671875,0.9869965314865112,0.987187385559082,3.996687650680542,1.422049880027771,4.0780337004994465,1.4400806564014164,0.0,0,two_ankles,accepted,3.996687650680542,1.422049880027771,0.09352476364643116
133,4.433333333333334,detected,3,1,0.75470370054245,ankle_midpoint,817.7455444335938,860.0155029296875,0.9789370894432068,0.9630647301673889,2.187042713165283,10.341168403625488,2.3020460710337347,10.335389056756181,0.0,0,two_ankles,accepted,2.187042713165283,10.341168403625488,0.07915542671921111
133,4.433333333333334,detected,4,20,0.8324099779129028,ankle_midpoint,844.6651000976562,812.6478881835938,0.8173877000808716,0.914606511592865,2.2982656955718994,9.21063232421875,2.328080875046428,9.149951779318506,0.0,0,two_ankles,accepted,2.2982656955718994,9.21063232421875,0.11250268271852125
134,4.466666666666667,detected,1,3,0.8572824001312256,ankle_midpoint,845.79248046875,608.9056396484375,0.9799882173538208,0.9736927151679993,2.004615306854248,2.0408692359924316,2.118420054471514,2.175410926499864,0.0,0,two_ankles,accepted,2.004615306854248,2.0408692359924316,0.22397135512501834
134,4.466666666666667,detected,2,6,0.8936690092086792,ankle_midpoint,1059.181396484375,593.5640869140625,0.9883596897125244,0.9852758646011353,3.893871307373047,1.2144659757614136,3.9951606235925667,1.338554050113415,0.0,0,two_ankles,accepted,3.893871307373047,1.2144659757614136,0.23165119848942922
134,4.466666666666667,detected,3,1,0.8964071869850159,ankle_midpoint,799.7786254882812,866.9022216796875,0.9934574961662292,0.9855343103408813,2.0897722244262695,10.4959077835083,2.2065228400603756,10.407622483794636,0.0,0,two_ankles,accepted,2.0897722244262695,10.4959077835083,0.1827726009719289
134,4.466666666666667,detected,4,20,0.8823399543762207,ankle_midpoint,840.6307373046875,811.15283203125,0.8729888796806335,0.9591023921966553,2.2712364196777344,9.173243522644043,2.3025008701305163,9.160433063814999,0.0,0,two_ankles,accepted,2.2712364196777344,9.173243522644043,0.046135715433443816
135,4.5,detected,1,3,0.8709700703620911,ankle_midpoint,841.0762939453125,608.093017578125,0.9825526475906372,0.9764819741249084,1.9617102146148682,2.002241611480713,2.0479006265360233,2.097484734741246,0.0,0,two_ankles,accepted,1.9617102146148682,2.002241611480713,0.05773162318424826
135,4.5,detected,2,6,0.9056350588798523,ankle_midpoint,1053.830810546875,592.3422241210938,0.9901008605957031,0.9861403703689575,3.847470760345459,1.152105689048767,3.9287001851313685,1.2546522876343236,0.0,0,two_ankles,accepted,3.847470760345459,1.152105689048767,0.0777291201760503
135,4.5,detected,3,1,0.8777544498443604,ankle_midpoint,789.085693359375,864.723388671875,0.9930619597434998,0.9869106411933899,2.024277925491333,10.44934368133545,2.1245126285043066,10.426397022688004,0.0,0,two_ankles,accepted,2.024277925491333,10.44934368133545,0.08035993282813636
135,4.5,detected,4,20,0.8669305443763733,ankle_midpoint,841.5829467773438,812.6731567382812,0.949617326259613,0.9808773398399353,2.2789113521575928,9.211711883544922,2.291885587042701,9.183508532693464,0.0,0,two_ankles,accepted,2.2789113521575928,9.211711883544922,0.03922651372440144
136,4.533333333333333,detected,1,3,0.8752062916755676,ankle_midpoint,833.0370483398438,603.74560546875,0.9777757525444031,0.9709416031837463,1.881476640701294,1.7893563508987427,1.9730098329103951,1.9588269620121195,0.0,0,two_ankles,accepted,1.881476640701294,1.7893563508987427,0.22750288032461993
136,4.533333333333333,detected,2,6,0.9067633152008057,ankle_midpoint,1043.54638671875,589.906005859375,0.987108051776886,0.9817103743553162,3.757779836654663,1.0267809629440308,3.8517860283168517,1.152110191523692,0.0,0,two_ankles,accepted,3.757779836654663,1.0267809629440308,0.15411277937191112
136,4.533333333333333,detected,3,1,0.8868284821510315,ankle_midpoint,783.0269165039062,860.0983276367188,0.9871407747268677,0.9935861229896545,1.9822334051132202,10.34749984741211,2.060486977978318,10.390893293813852,0.0,0,two_ankles,accepted,1.9822334051132202,10.34749984741211,0.11018125159041518
136,4.533333333333333,detected,4,20,0.8552321791648865,ankle_midpoint,822.9287109375,814.4330444335938,0.9695276021957397,0.9904295206069946,2.163832187652588,9.258845329284668,2.23426155731715,9.217410091159508,0.0,0,two_ankles,accepted,2.163832187652588,9.258845329284668,0.12435745176896945
137,4.566666666666666,detected,1,3,0.8458850383758545,ankle_midpoint,822.8076171875,599.855224609375,0.9791073799133301,0.9737750887870789,1.7815791368484497,1.5965778827667236,1.8868660196825195,1.7958148763516912,0.0,0,two_ankles,accepted,1.7815791368484497,1.5965778827667236,0.21712450126910346
137,4.566666666666666,detected,2,6,0.8857402205467224,ankle_midpoint,1035.6279296875,593.3153686523438,0.9726983308792114,0.9690496325492859,3.6818058490753174,1.2075101137161255,3.7752949476581614,1.177040156510287,0.0,0,two_ankles,accepted,3.6818058490753174,1.2075101137161255,0.1960486488795807
137,4.566666666666666,detected,3,1,0.8969547748565674,ankle_midpoint,759.1649169921875,847.6942138671875,0.9862381219863892,0.9950971007347107,1.821323275566101,10.069300651550293,1.9958528255137953,10.358072661276873,0.0,0,two_ankles,corrected_motion_outlier,1.9168555280571562,10.317958554842786,0.32138273502015
137,4.566666666666666,detected,4,20,0.8753873705863953,ankle_midpoint,818.3172607421875,815.1142578125,0.98197340965271,0.9925246834754944,2.1357901096343994,9.276657104492188,2.1899494058599123,9.244071247159214,0.0,0,two_ankles,accepted,2.1357901096343994,9.276657104492188,0.03322073863750439
138,4.6,detected,1,3,0.8667900562286377,ankle_midpoint,817.1517333984375,596.4963989257812,0.9807165265083313,0.9754524230957031,1.7225077152252197,1.4270052909851074,1.8129047826767348,1.6298505629367286,0.0,0,two_ankles,accepted,1.7225077152252197,1.4270052909851074,0.17956697005887262
138,4.6,detected,2,6,0.8877530694007874,ankle_midpoint,1031.625732421875,593.0789184570312,0.9920164346694946,0.9886504411697388,3.6459739208221436,1.1962132453918457,3.7171004855819536,1.1856680465069884,0.0,0,two_ankles,accepted,3.6459739208221436,1.1962132453918457,0.03757055118409514
138,4.6,detected,3,1,0.8959869742393494,ankle_midpoint,754.3031616210938,845.7996826171875,0.9866719841957092,0.9965097308158875,1.7889723777770996,10.026179313659668,1.9027566240322824,10.208720654849131,0.0,0,two_ankles,accepted,1.7889723777770996,10.026179313659668,0.18748113911668995
138,4.6,detected,4,20,0.8690865635871887,ankle_midpoint,816.9169921875,818.3933715820312,0.9878367781639099,0.994390070438385,2.1312711238861084,9.35899829864502,2.1635441789717005,9.295788420327828,0.0,0,two_ankles,accepted,2.1312711238861084,9.35899829864502,0.08246510466074507
139,4.633333333333334,detected,1,3,0.85670405626297,ankle_midpoint,806.560546875,597.4305419921875,0.9745766520500183,0.9699979424476624,1.6304857730865479,1.477432131767273,1.7308162283611508,1.5612622689104736,0.0,0,two_ankles,accepted,1.6304857730865479,1.477432131767273,0.1049328552277262
139,4.633333333333334,detected,2,6,0.9020005464553833,ankle_midpoint,1023.3646240234375,596.5478515625,0.9925582408905029,0.9891173243522644,3.5681002140045166,1.3778176307678223,3.6500503633721073,1.2721353594243636,0.0,0,two_ankles,accepted,3.5681002140045166,1.3778176307678223,0.19759672821507934
139,4.633333333333334,detected,3,1,0.9206662178039551,ankle_midpoint,738.2291259765625,838.364990234375,0.9911081790924072,0.9974592328071594,1.6786956787109375,9.854475021362305,1.8019291986376773,10.04931011978006,0.0,0,two_ankles,accepted,1.6786956787109375,9.854475021362305,0.2040669359555027
139,4.633333333333334,detected,4,20,0.8970240354537964,ankle_midpoint,827.485107421875,812.0358276367188,0.9777612686157227,0.9871455430984497,2.189488172531128,9.197559356689453,2.175218976073443,9.25158534169056,0.0,0,two_ankles,accepted,2.189488172531128,9.197559356689453,0.17161514132695083
140,4.666666666666667,detected,1,3,0.8777104616165161,ankle_midpoint,794.9092407226562,594.0189208984375,0.9818804264068604,0.9791423082351685,1.5161539316177368,1.3050754070281982,1.6342181948266146,1.4459781810634498,0.0,0,two_ankles,accepted,1.5161539316177368,1.3050754070281982,0.20682990725818765
140,4.666666666666667,detected,2,6,0.8878023028373718,ankle_midpoint,1014.26806640625,596.392578125,0.9900811314582825,0.985163152217865,3.4867162704467773,1.3721250295639038,3.5765500215557093,1.3171307109871568,0.0,0,two_ankles,accepted,3.4867162704467773,1.3721250295639038,0.08158279216523631
140,4.666666666666667,detected,3,1,0.8971548676490784,ankle_midpoint,712.8997192382812,849.476318359375,0.9772987961769104,0.9936571717262268,1.5475622415542603,10.11637020111084,1.6874640679501398,10.079487156378912,0.0,0,two_ankles,accepted,1.5475622415542603,10.11637020111084,0.29289087305008626
140,4.666666666666667,detected,4,20,0.9096195697784424,ankle_midpoint,824.1881103515625,802.9051513671875,0.9835861325263977,0.9870210289955139,2.157167673110962,8.963363647460938,2.1670958897403265,9.12188557928723,0.0,0,two_ankles,accepted,2.157167673110962,8.963363647460938,0.23641540750089954
141,4.7,detected,1,3,0.8836173415184021,ankle_midpoint,791.1998291015625,596.0602416992188,0.9823546409606934,0.9798849821090698,1.4892148971557617,1.4111614227294922,1.5689667108747307,1.430310639813169,0.0,0,two_ankles,accepted,1.4892148971557617,1.4111614227294922,0.10945297759823014
141,4.7,detected,2,6,0.8873767256736755,ankle_midpoint,1011.42333984375,597.49365234375,0.9889510273933411,0.983951210975647,3.460400342941284,1.4293324947357178,3.524282666179218,1.3676215136740093,0.0,0,two_ankles,accepted,3.460400342941284,1.4293324947357178,0.06297000962250744
141,4.7,detected,3,1,0.9031574726104736,ankle_midpoint,704.4259643554688,857.679443359375,0.9817424416542053,0.9902186989784241,1.5136767625808716,10.303531646728516,1.6092597805339692,10.180307177036234,0.0,0,two_ankles,accepted,1.5136767625808716,10.303531646728516,0.19020418610260442
141,4.7,detected,4,20,0.9099294543266296,ankle_midpoint,821.32861328125,804.5260009765625,0.9635425209999084,0.9753877520561218,2.141062021255493,9.00586986541748,2.1553806489221516,9.069678508045843,0.0,0,two_ankles,accepted,2.141062021255493,9.00586986541748,0.04545514917650914
142,4.733333333333333,detected,1,3,0.8427760601043701,ankle_midpoint,789.8748779296875,595.725341796875,0.978377640247345,0.9849570393562317,1.476316213607788,1.3943017721176147,1.5272739871046066,1.4141066493501697,0.0,0,two_ankles,accepted,1.476316213607788,1.3943017721176147,0.021227902770300816
142,4.733333333333333,detected,2,6,0.8965182304382324,ankle_midpoint,1011.1432495117188,597.9783325195312,0.9913271069526672,0.9851797819137573,3.4575376510620117,1.4541925191879272,3.4942474093764755,1.4065784661552725,0.0,0,two_ankles,accepted,3.4575376510620117,1.4541925191879272,0.025024304596933465
142,4.733333333333333,detected,3,1,0.9027301073074341,ankle_midpoint,693.6625366210938,862.5824584960938,0.9689633250236511,0.9830564856529236,1.460268497467041,10.414239883422852,1.5422137031538516,10.285576894910212,0.0,0,two_ankles,accepted,1.460268497467041,10.414239883422852,0.12291768161838361
142,4.733333333333333,detected,4,20,0.9227159023284912,ankle_midpoint,814.1019287109375,819.87060546875,0.9714924693107605,0.9810119867324829,2.1156508922576904,9.396158218383789,2.143230805933311,9.018286950544718,0.0,0,two_ankles,corrected_motion_outlier,2.1283809978358392,8.95547504693223,0.39111471966431643
143,4.766666666666667,detected,1,3,0.8164507150650024,ankle_midpoint,789.1884765625,596.697265625,0.9788433313369751,0.9863190650939941,1.4732263088226318,1.4443072080612183,1.502952531877718,1.4276969007701417,0.0,0,two_ankles,accepted,1.4732263088226318,1.4443072080612183,0.05010080972889726
143,4.766666666666667,detected,2,6,0.8825967311859131,ankle_midpoint,1008.802490234375,598.302978515625,0.9914466142654419,0.9809807538986206,3.43639874458313,1.4713565111160278,3.46821551021947,1.4357285863876124,0.0,0,two_ankles,accepted,3.43639874458313,1.4713565111160278,0.027229689422224677
143,4.766666666666667,detected,3,1,0.9121169447898865,ankle_midpoint,686.1812744140625,868.9666748046875,0.9910458922386169,0.9824480414390564,1.429822325706482,10.555477142333984,1.4916375833025355,10.40703200625091,0.0,0,two_ankles,accepted,1.429822325706482,10.555477142333984,0.14448159979597344
143,4.766666666666667,detected,4,20,0.9208996891975403,ankle_midpoint,810.9299926757812,828.159912109375,0.9807026982307434,0.9840214848518372,2.1068665981292725,9.60018539428711,2.126866912421494,9.280141250228795,0.04516129071911035,0,two_ankles,accepted,2.1068665981292725,9.60018539428711,0.2976492377020173
144,4.8,detected,1,3,0.813178300857544,ankle_midpoint,789.0572509765625,595.9053955078125,0.9828470945358276,0.9898504018783569,1.469565987586975,1.4037535190582275,1.4879285869468837,1.4169223789997805,0.0,0,two_ankles,accepted,1.469565987586975,1.4037535190582275,0.040718541762930195
144,4.8,detected,2,6,0.8257550001144409,ankle_midpoint,1007.693115234375,598.2210083007812,0.9924944639205933,0.9731858372688293,3.426549196243286,1.4674503803253174,3.4494656689301877,1.4500033936595798,0.0,0,two_ankles,accepted,3.426549196243286,1.4674503803253174,0.01059582277376585
144,4.8,detected,3,1,0.8888109922409058,ankle_midpoint,677.545654296875,873.754150390625,0.9180629253387451,0.86121666431427,1.3897851705551147,10.660265922546387,1.4458039975661963,10.520987268583875,0.0,0,two_ankles,accepted,1.3897851705551147,10.660265922546387,0.11217692387928015
144,4.8,detected,4,20,0.920723021030426,ankle_midpoint,808.8568115234375,829.8199462890625,0.9837967753410339,0.9847661256790161,2.096298933029175,9.640695571899414,2.1131113216949506,9.442390694980574,0.0,0,two_ankles,accepted,2.096298933029175,9.640695571899414,0.041865857638991394
145,4.833333333333333,detected,1,3,0.7992896437644958,ankle_midpoint,788.7025146484375,595.7877807617188,0.9783825278282166,0.9876340627670288,1.4660216569900513,1.397803783416748,1.478070468466309,1.408319010987416,0.0,0,two_ankles,accepted,1.4660216569900513,1.397803783416748,0.006925433819175648
145,4.833333333333333,detected,2,6,0.7674432992935181,ankle_midpoint,1006.4783325195312,596.853271484375,0.9882315993309021,0.9694780707359314,3.416600465774536,1.3977497816085815,3.434676327510145,1.4264892682366306,0.0,0,two_ankles,accepted,3.416600465774536,1.3977497816085815,0.0704070358658229
145,4.833333333333333,detected,3,1,0.9163541197776794,ankle_midpoint,664.7613525390625,878.8253173828125,0.9175158739089966,0.8651111125946045,1.3269678354263306,10.770332336425781,1.3923277246032568,10.633192549112733,0.0,0,two_ankles,accepted,1.3269678354263306,10.770332336425781,0.1267305529734332
145,4.833333333333333,detected,4,20,0.9180430173873901,ankle_midpoint,808.5367431640625,828.6214599609375,0.9795493483543396,0.9822762608528137,2.0927467346191406,9.611717224121094,2.1039472575108364,9.518587633093809,0.0,0,two_ankles,accepted,2.0927467346191406,9.611717224121094,0.029195252242539903
146,4.866666666666666,detected,1,3,0.7792600989341736,ankle_midpoint,785.9908447265625,596.570068359375,0.9733979105949402,0.9862610697746277,1.4442594051361084,1.438598394393921,1.4628554899677189,1.4219447335203435,0.0,0,two_ankles,accepted,1.4442594051361084,1.438598394393921,0.046236304897053694
146,4.866666666666666,detected,2,6,0.8070321083068848,ankle_midpoint,1007.29833984375,595.9534912109375,0.9852457642555237,0.975641667842865,3.4245495796203613,1.3512853384017944,3.4301192909597424,1.3926474998109546,0.0,0,two_ankles,accepted,3.4245495796203613,1.3512853384017944,0.04713950459487917
146,4.866666666666666,detected,3,1,0.9409334659576416,ankle_midpoint,654.6146240234375,885.4827880859375,0.996749997138977,0.9936310648918152,1.283600091934204,10.911881446838379,1.343400289902183,10.758602553089275,0.0,0,two_ankles,accepted,1.283600091934204,10.911881446838379,0.14804361463500085
146,4.866666666666666,detected,4,20,0.9131209850311279,ankle_midpoint,802.359375,836.4752197265625,0.9851204752922058,0.9880082607269287,2.065446138381958,9.801057815551758,2.086621753902841,9.645699215199887,0.0,0,two_ankles,accepted,2.065446138381958,9.801057815551758,0.19129867254693464
147,4.9,detected,1,3,0.6690627336502075,ankle_midpoint,783.0989990234375,592.2857666015625,0.9551631808280945,0.9827597141265869,1.4044145345687866,1.2181367874145508,1.4365570600381994,1.3302311577727368,0.0,0,two_ankles,accepted,1.4044145345687866,1.2181367874145508,0.22403333203443832
147,4.9,detected,2,6,0.8702592253684998,ankle_midpoint,1006.81201171875,594.069091796875,0.985065758228302,0.9778386354446411,3.4214494228363037,1.2540005445480347,3.4262178503041953,1.3302563699426406,0.0,0,two_ankles,accepted,3.4214494228363037,1.2540005445480347,0.09733417738520356
147,4.9,detected,3,1,0.9494207501411438,ankle_midpoint,639.8372802734375,889.8593139648438,0.9948203563690186,0.9903357028961182,1.2094602584838867,11.004640579223633,1.2831272757639498,10.869319664849737,0.0,0,two_ankles,accepted,1.2094602584838867,11.004640579223633,0.11874751174195551
147,4.9,detected,4,20,0.908058762550354,ankle_midpoint,797.35595703125,839.4339599609375,0.9802488684654236,0.9887080192565918,2.0390822887420654,9.871724128723145,2.065228994580492,9.747410426285354,0.0,0,two_ankles,accepted,2.0390822887420654,9.871724128723145,0.0754240040376495
148,4.933333333333334,detected,1,3,0.7642138600349426,ankle_midpoint,777.6231689453125,588.7117919921875,0.9722240567207336,0.9882736206054688,1.3428667783737183,1.032156229019165,1.3943964332891832,1.1960974398336297,0.0,0,two_ankles,accepted,1.3428667783737183,1.032156229019165,0.19590021539984856
148,4.933333333333334,detected,2,6,0.8591482043266296,ankle_midpoint,1007.6859130859375,591.6434326171875,0.974799633026123,0.9668838381767273,3.430992841720581,1.1273244619369507,3.428366596441569,1.2389370113400804,0.0,0,two_ankles,accepted,3.430992841720581,1.1273244619369507,0.12703506110397617
148,4.933333333333334,detected,3,1,0.9353255033493042,ankle_midpoint,620.93408203125,902.7559204101562,0.9973080158233643,0.9911189675331116,1.1332976818084717,11.269227027893066,1.2157039584839846,11.049277978219237,0.0,0,two_ankles,accepted,1.1332976818084717,11.269227027893066,0.275330214297925
148,4.933333333333334,detected,4,20,0.9252158999443054,ankle_midpoint,801.3349609375,837.4900512695312,0.9837026596069336,0.990220308303833,2.0605850219726562,9.825264930725098,2.063139206906966,9.782444953283239,0.0,0,two_ankles,accepted,2.0605850219726562,9.825264930725098,0.05119399002820231
149,4.966666666666667,detected,1,3,0.7304429411888123,ankle_midpoint,772.2186279296875,583.625244140625,0.9877410531044006,0.9947256445884705,1.275648593902588,0.7622713446617126,1.3409599055652155,1.000875697006267,0.0,0,two_ankles,accepted,1.275648593902588,0.7622713446617126,0.2781297091794229
149,4.966666666666667,detected,2,6,0.8684189915657043,ankle_midpoint,1009.0289306640625,591.683837890625,0.9745481014251709,0.967723548412323,3.44311261177063,1.129097580909729,3.4350023033396466,1.1895092676464225,0.0,0,two_ankles,accepted,3.44311261177063,1.129097580909729,0.012248786754519283
149,4.966666666666667,detected,3,1,0.9300551414489746,ankle_midpoint,596.805908203125,910.9891357421875,0.9931190013885498,0.9775071740150452,1.019225835800171,11.435214042663574,1.1272888032762685,11.22294920721919,0.0,0,two_ankles,accepted,1.019225835800171,11.435214042663574,0.20140525098459142
149,4.966666666666667,detected,4,20,0.928244411945343,ankle_midpoint,811.3917846679688,833.7852783203125,0.9871922731399536,0.9903484582901001,2.116988182067871,9.735713958740234,2.0873712457293734,9.761416005738887,0.0,0,two_ankles,accepted,2.116988182067871,9.735713958740234,0.10583332675561231
150,5.0,detected,1,3,0.774043083190918,ankle_midpoint,769.1572265625,582.966552734375,0.9837554693222046,0.993039071559906,1.2451757192611694,0.727540135383606,1.297857021728395,0.8778746942760696,0.0,0,two_ankles,accepted,1.2451757192611694,0.727540135383606,0.04620446933827125
150,5.0,detected,2,6,0.8782092928886414,ankle_midpoint,1009.1161499023438,590.8651123046875,0.9747632741928101,0.9586054682731628,3.4444916248321533,1.0861254930496216,3.4392724980112748,1.1429865690778622,0.0,0,two_ankles,accepted,3.4444916248321533,1.0861254930496216,0.042994209052855524
150,5.0,detected,3,1,0.9325286149978638,ankle_midpoint,581.595458984375,912.4493408203125,0.9916338920593262,0.9785491824150085,0.9388943910598755,11.46557903289795,1.0425113177788916,11.332132628774632,0.0,0,two_ankles,accepted,0.9388943910598755,11.46557903289795,0.08587883118671809
150,5.0,detected,4,20,0.9254740476608276,ankle_midpoint,818.192138671875,833.3360595703125,0.9900825619697571,0.9910712242126465,2.1579840183258057,9.72403335571289,2.1191469933977682,9.74459381322719,0.0,0,two_ankles,accepted,2.1579840183258057,9.72403335571289,0.04262739820314834
151,5.033333333333333,detected,1,3,0.8442395329475403,ankle_midpoint,762.4248657226562,582.0159912109375,0.9893409609794617,0.9954349398612976,1.1797850131988525,0.6778683662414551,1.244724617890101,0.787871846660493,0.0,0,two_ankles,accepted,1.1797850131988525,0.6778683662414551,0.08211716683519628
151,5.033333333333333,detected,2,6,0.8834553360939026,ankle_midpoint,1009.9530029296875,588.5562744140625,0.977575421333313,0.9707909822463989,3.4537830352783203,0.9640370607376099,3.4458022397814454,1.0624592903247487,0.0,0,two_ankles,accepted,3.4537830352783203,0.9640370607376099,0.12244147831712833
151,5.033333333333333,detected,3,1,0.9324070811271667,ankle_midpoint,558.9557495117188,926.352783203125,0.9693878293037415,0.9442068934440613,0.8513174653053284,11.735386848449707,0.9564740841657883,11.513597027628416,0.0,0,two_ankles,accepted,0.8513174653053284,11.735386848449707,0.28366525211493354
151,5.033333333333333,detected,4,20,0.9121915102005005,ankle_midpoint,833.2377319335938,832.9306030273438,0.9893010258674622,0.991983950138092,2.2495224475860596,9.712263107299805,2.1778159477824994,9.730044995559869,0.0,0,two_ankles,accepted,2.2495224475860596,9.712263107299805,0.09229205154909204
152,5.066666666666666,detected,1,3,0.8569556474685669,ankle_midpoint,760.6531982421875,583.8264770507812,0.9886350631713867,0.9957346320152283,1.1704435348510742,0.7761325836181641,1.2112981305225392,0.782589178291445,0.0,0,two_ankles,accepted,1.1704435348510742,0.7761325836181641,0.09870724205639182
152,5.066666666666666,detected,2,6,0.8916023969650269,ankle_midpoint,1011.870361328125,586.4752197265625,0.9834005236625671,0.9839478731155396,3.472860813140869,0.8527264595031738,3.4579785977931863,0.96807951645504,0.0,0,two_ankles,accepted,3.472860813140869,0.8527264595031738,0.11293365997497996
152,5.066666666666666,detected,3,1,0.9277422428131104,ankle_midpoint,532.560302734375,939.2919921875,0.9887446165084839,0.9827404022216797,0.7439180612564087,11.979156494140625,0.8608238738565674,11.72309878755891,0.0,0,two_ankles,accepted,0.7439180612564087,11.979156494140625,0.26637993946680516
152,5.066666666666666,detected,4,20,0.9197026491165161,ankle_midpoint,852.4888916015625,838.5550537109375,0.9831743836402893,0.9888637065887451,2.372615098953247,9.843554496765137,2.2654755658093357,9.78112427110224,0.0,0,two_ankles,accepted,2.372615098953247,9.843554496765137,0.17997008020318672
153,5.1,detected,1,3,0.8610371351242065,ankle_midpoint,759.88232421875,584.718994140625,0.9892455339431763,0.9962331652641296,1.1668004989624023,0.8242847919464111,1.1912741963204776,0.8013522044361798,0.0,0,two_ankles,accepted,1.1668004989624023,0.8242847919464111,0.04828982167468687
153,5.1,detected,2,6,0.8979922533035278,ankle_midpoint,1009.5640258789062,588.1309814453125,0.9828453660011292,0.9831851124763489,3.4505562782287598,0.9415661692619324,3.4546385539891946,0.9561485102181415,0.0,0,two_ankles,accepted,3.4505562782287598,0.9415661692619324,0.09159686843809653
153,5.1,detected,3,1,0.9289194345474243,ankle_midpoint,517.7354736328125,948.9000244140625,0.9713313579559326,0.9499715566635132,0.6914958953857422,12.154899597167969,0.7846262835446961,11.917409151882987,0.0,0,two_ankles,accepted,0.6914958953857422,12.154899597167969,0.18339498830734507
153,5.1,detected,4,20,0.9169893264770508,ankle_midpoint,858.6063232421875,840.1470947265625,0.9868617653846741,0.9924150109291077,2.4111783504486084,9.880276679992676,2.331041818897009,9.825742855102936,0.0,0,two_ankles,accepted,2.4111783504486084,9.880276679992676,0.053250756866841234
154,5.133333333333334,detected,1,3,0.8495314121246338,ankle_midpoint,759.7666625976562,588.3504638671875,0.9846453070640564,0.9960004687309265,1.1795295476913452,1.0176650285720825,1.185989104437368,0.898692975297336,0.0,0,two_ankles,accepted,1.1795295476913452,1.0176650285720825,0.19379872187128702
154,5.133333333333334,detected,2,6,0.896719753742218,ankle_midpoint,1009.9906005859375,588.6986083984375,0.9854593276977539,0.9875857830047607,3.45401930809021,0.9715728759765625,3.4543598933346518,0.963089474809431,0.0,0,two_ankles,accepted,3.45401930809021,0.9715728759765625,0.03020587730358323
154,5.133333333333334,detected,3,1,0.9301461577415466,ankle_midpoint,498.1468505859375,959.843017578125,0.98501056432724,0.9780769348144531,0.619086503982544,12.350634574890137,0.7101333827417278,12.112360592236204,0.0,0,two_ankles,accepted,0.619086503982544,12.350634574890137,0.20869906915767295
154,5.133333333333334,detected,4,20,0.9264358282089233,ankle_midpoint,867.5723876953125,845.5108642578125,0.9889399409294128,0.9945802092552185,2.469846487045288,10.00442886352539,2.3935039195637344,9.90615155889304,0.0,0,two_ankles,accepted,2.469846487045288,10.00442886352539,0.13731611313923642
155,5.166666666666667,detected,1,3,0.7563506364822388,ankle_midpoint,756.62890625,585.61572265625,0.979756236076355,0.995848536491394,1.1405316591262817,0.8731353878974915,1.1655332540473793,0.887192060967406,0.0,0,two_ankles,accepted,1.1405316591262817,0.8731353878974915,0.14969853822285478
155,5.166666666666667,detected,2,6,0.8876499533653259,ankle_midpoint,1010.69873046875,588.53271484375,0.9861078262329102,0.9878936409950256,3.460587978363037,0.9625951051712036,3.4571625315974255,0.9628670084722286,0.0,0,two_ankles,accepted,3.460587978363037,0.9625951051712036,0.011124198748075182
155,5.166666666666667,detected,3,1,0.9191680550575256,ankle_midpoint,494.0343017578125,969.197021484375,0.9863254427909851,0.9743115305900574,0.6238342523574829,12.512762069702148,0.6712987740688177,12.29254125709588,0.0,0,two_ankles,accepted,0.6238342523574829,12.512762069702148,0.16219699654633135
155,5.166666666666667,detected,4,20,0.9254871606826782,ankle_midpoint,876.5428466796875,847.252685546875,0.9794655442237854,0.9893013834953308,2.52510404586792,10.043569564819336,2.452723976400618,9.967989661559873,0.0,0,two_ankles,accepted,2.52510404586792,10.043569564819336,0.06771552484340995
156,5.2,detected,1,3,0.6839538812637329,ankle_midpoint,754.77685546875,587.2191772460938,0.961569607257843,0.989727795124054,1.1298658847808838,0.9590215086936951,1.1494829378774565,0.9195153124442361,0.0,0,two_ankles,accepted,1.1298658847808838,0.9590215086936951,0.08654585193876728
156,5.2,detected,2,6,0.8737655282020569,ankle_midpoint,1012.7333984375,588.0631103515625,0.9791713356971741,0.9806748032569885,3.4794812202453613,0.9371407628059387,3.467205941488997,0.9512901979223982,0.0,0,two_ankles,accepted,3.4794812202453613,0.9371407628059387,0.03169981283970189
156,5.2,detected,3,1,0.9196375012397766,ankle_midpoint,493.00030517578125,970.0972290039062,0.9814878702163696,0.9692267179489136,0.6209940314292908,12.528250694274902,0.6486616398810305,12.398610503826442,0.0,0,two_ankles,accepted,0.6209940314292908,12.528250694274902,0.015746883694136335
156,5.2,detected,4,20,0.9284689426422119,ankle_midpoint,880.4959716796875,847.964111328125,0.9766508936882019,0.9900740385055542,2.549337387084961,10.059466361999512,2.4962000112085727,10.009154176757711,0.0,0,two_ankles,accepted,2.549337387084961,10.059466361999512,0.028982114952659746
157,5.233333333333333,detected,1,3,0.7403077483177185,ankle_midpoint,753.8511962890625,587.8775634765625,0.9563494920730591,0.9900336861610413,1.1240055561065674,0.9941703677177429,1.1380181160805565,0.9531100873173142,0.0,0,two_ankles,accepted,1.1240055561065674,0.9941703677177429,0.035634053135496745
157,5.233333333333333,detected,2,6,0.8845363259315491,ankle_midpoint,1012.013916015625,588.953857421875,0.9772704243659973,0.9802402853965759,3.4722304344177246,0.9845719337463379,3.4694669633069246,0.966266979043171,0.0,0,two_ankles,accepted,3.4722304344177246,0.9845719337463379,0.047982182858803166
157,5.233333333333333,detected,3,1,0.9177742600440979,ankle_midpoint,488.6899108886719,969.557373046875,0.9833654761314392,0.9690964221954346,0.5972505807876587,12.519484519958496,0.6255266632890133,12.453003811085868,0.0,0,two_ankles,accepted,0.5972505807876587,12.519484519958496,0.02531002292605124
157,5.233333333333333,detected,4,20,0.9264172315597534,ankle_midpoint,884.1196899414062,848.503173828125,0.981857180595398,0.9951045513153076,2.571437358856201,10.071410179138184,2.5300568176500056,10.037169377828924,0.0,0,two_ankles,accepted,2.571437358856201,10.071410179138184,0.025120977690600486
158,5.266666666666667,detected,1,3,0.7762876152992249,ankle_midpoint,752.52587890625,587.70458984375,0.9710000157356262,0.9943300485610962,1.1112900972366333,0.985349714756012,1.125990507600791,0.9676179196647282,0.0,0,two_ankles,accepted,1.1112900972366333,0.985349714756012,0.015475361480245895
158,5.266666666666667,detected,2,6,0.868630051612854,ankle_midpoint,1008.898681640625,588.8013916015625,0.9824939370155334,0.9873918890953064,3.44400954246521,0.9773008227348328,3.458011123928153,0.9712322087044188,0.0,0,two_ankles,accepted,3.44400954246521,0.9773008227348328,0.029142542750026756
158,5.266666666666667,detected,3,1,0.9197260737419128,ankle_midpoint,484.701171875,969.4815673828125,0.9872236251831055,0.9740262031555176,0.5764514207839966,12.518609046936035,0.6034428041617559,12.482526167218445,0.0,0,two_ankles,accepted,0.5764514207839966,12.518609046936035,0.020817576945240158
158,5.266666666666667,detected,4,20,0.9275792241096497,ankle_midpoint,885.3934326171875,850.6238403320312,0.9850640892982483,0.9943305253982544,2.5804591178894043,10.119945526123047,2.552737852757735,10.07441864456128,0.0,0,two_ankles,accepted,2.5804591178894043,10.119945526123047,0.04936670986600443
159,5.3,detected,1,3,0.7745230197906494,ankle_midpoint,753.101806640625,588.2903442382812,0.968117892742157,0.9934903383255005,1.1188048124313354,1.016203761100769,1.122756944774536,0.9894815483109466,0.0,0,two_ankles,accepted,1.1188048124313354,1.016203761100769,0.03175599345480952
159,5.3,detected,2,6,0.852118730545044,ankle_midpoint,1007.4202880859375,588.57421875,0.9828669428825378,0.9895268678665161,3.4307191371917725,0.965642511844635,3.445729729896782,0.9687168451175161,0.0,0,two_ankles,accepted,3.4307191371917725,0.965642511844635,0.01767911437670787
159,5.3,detected,3,1,0.919052243232727,ankle_midpoint,486.6504211425781,967.5589599609375,0.9802733659744263,0.9748295545578003,0.5810911059379578,12.4854736328125,0.5933845399610468,12.48385252673577,0.0,0,two_ankles,accepted,0.5810911059379578,12.4854736328125,0.03345866625354425
159,5.3,detected,4,20,0.9303336143493652,ankle_midpoint,893.1266479492188,853.4878540039062,0.981563925743103,0.9945626854896545,2.6283838748931885,10.184281349182129,2.5867785627186892,10.123856861640665,0.0,0,two_ankles,accepted,2.6283838748931885,10.184281349182129,0.08022393946049565
160,5.333333333333333,detected,1,3,0.8130476474761963,ankle_midpoint,757.9070434570312,588.51171875,0.9570927619934082,0.9905348420143127,1.1632639169692993,1.0266648530960083,1.1409850822621794,1.0062140354642244,0.0,0,two_ankles,accepted,1.1632639169692993,1.0266648530960083,0.04567325718678774
160,5.333333333333333,detected,2,6,0.8338404297828674,ankle_midpoint,1007.8085327148438,588.2239990234375,0.9759077429771423,0.9925339221954346,3.434499740600586,0.946959912776947,3.440676234713494,0.9589262255642601,0.0,0,two_ankles,accepted,3.434499740600586,0.946959912776947,0.019061281962625392
160,5.333333333333333,detected,3,1,0.9227159023284912,ankle_midpoint,488.8880920410156,967.3945922851562,0.9786333441734314,0.9769623279571533,0.5922030210494995,12.482415199279785,0.5928528564508506,12.483205729380579,0.0,0,two_ankles,accepted,0.5922030210494995,12.482415199279785,0.011525132238727
160,5.333333333333333,detected,4,20,0.9316567182540894,ankle_midpoint,896.5897216796875,851.310791015625,0.9935442209243774,0.9971091151237488,2.647792100906372,10.134191513061523,2.6142346549031465,10.128507454780053,0.0,0,two_ankles,accepted,2.647792100906372,10.134191513061523,0.053718441149831674
161,5.366666666666666,detected,1,3,0.817248523235321,ankle_midpoint,763.9471435546875,584.7900390625,0.9822445511817932,0.9916918277740479,1.2042293548583984,0.8270349502563477,1.169445004930478,0.9255834471206799,0.0,0,two_ankles,accepted,1.2042293548583984,0.8270349502563477,0.2037897573707226
161,5.366666666666666,detected,2,6,0.8060330748558044,ankle_midpoint,1009.5660400390625,586.1875,0.9838956594467163,0.9936789870262146,3.452014446258545,0.8379327654838562,3.445778429908767,0.9044791685280784,0.0,0,two_ankles,accepted,3.452014446258545,0.8379327654838562,0.11042501420038062
161,5.366666666666666,detected,3,1,0.9240606427192688,ankle_midpoint,490.90185546875,962.1287841796875,0.9844945073127747,0.9823895692825317,0.5877789258956909,12.391236305236816,0.5905695877010287,12.441819488515886,0.0,0,two_ankles,accepted,0.5877789258956909,12.391236305236816,0.0912861618035772
161,5.366666666666666,detected,4,20,0.9141911864280701,ankle_midpoint,904.8580322265625,844.4310913085938,0.9931226372718811,0.9970394968986511,2.693729877471924,9.974364280700684,2.6500075050590963,10.059143026444337,0.0,0,two_ankles,accepted,2.693729877471924,9.974364280700684,0.1662979961391972
162,5.4,detected,1,3,0.8221409320831299,ankle_midpoint,767.4307861328125,586.40478515625,0.9789651036262512,0.9886038303375244,1.2420035600662231,0.9124323129653931,1.2020963547415633,0.9196654367508008,0.0,0,two_ankles,accepted,1.2420035600662231,0.9124323129653931,0.09337879918237925
162,5.4,detected,2,6,0.8276821374893188,ankle_midpoint,1015.0792846679688,585.4692993164062,0.982994794845581,0.993320882320404,3.503039598464966,0.7979939579963684,3.4715459557590567,0.8565608237888089,0.0,0,two_ankles,accepted,3.503039598464966,0.7979939579963684,0.06479717973192221
162,5.4,detected,3,1,0.9204915761947632,ankle_midpoint,495.2019958496094,961.71044921875,0.9906460046768188,0.9899876713752747,0.6089832782745361,12.383503913879395,0.598855748459107,12.415577479929466,0.0,0,two_ankles,accepted,0.6089832782745361,12.383503913879395,0.022570211250907052
162,5.4,detected,4,20,0.9250097274780273,ankle_midpoint,910.79296875,842.5101928710938,0.9850327968597412,0.9950457811355591,2.728624105453491,9.928732872009277,2.685384975236574,10.00045845694856,0.0,0,two_ankles,accepted,2.728624105453491,9.928732872009277,0.05744416946559282
163,5.433333333333334,detected,1,3,0.8278025984764099,ankle_midpoint,777.7056884765625,587.2392578125,0.9704474806785583,0.9800767302513123,1.3385330438613892,0.9541593790054321,1.2634928648454848,0.935187710765385,0.0,0,two_ankles,accepted,1.3385330438613892,0.9541593790054321,0.10516220462728518
163,5.433333333333334,detected,2,6,0.8362286686897278,ankle_midpoint,1018.362060546875,584.2793579101562,0.9867684245109558,0.9943326711654663,3.534186601638794,0.7330954670906067,3.499734246404939,0.8010014132746179,0.0,0,two_ankles,accepted,3.534186601638794,0.7330954670906067,0.07198576198496266
163,5.433333333333334,detected,3,1,0.9115728735923767,ankle_midpoint,507.8044738769531,956.8978271484375,0.9850404262542725,0.9846254587173462,0.6613588333129883,12.297967910766602,0.6269821366433537,12.362653173806176,0.0,0,two_ankles,accepted,0.6613588333129883,12.297967910766602,0.1002975901709391
163,5.433333333333334,detected,4,20,0.9207208752632141,ankle_midpoint,927.96435546875,832.4527587890625,0.9934078454971313,0.9974767565727234,2.829099416732788,9.687849998474121,2.7500564739098707,9.859784650635063,0.0,0,two_ankles,accepted,2.829099416732788,9.687849998474121,0.260997791061966
164,5.466666666666667,detected,1,3,0.8339773416519165,ankle_midpoint,789.2728271484375,589.8485107421875,0.9488463401794434,0.9653260111808777,1.45222806930542,1.089051604270935,1.3484237068524556,1.0044264628428825,0.0,0,two_ankles,accepted,1.45222806930542,1.089051604270935,0.1764156207590416
164,5.466666666666667,detected,2,6,0.6952730417251587,ankle_midpoint,1025.5975341796875,583.4293212890625,0.9881788492202759,0.9952489733695984,3.601504325866699,0.6852590441703796,3.5455307821627313,0.7489173471777107,0.0,0,two_ankles,accepted,3.601504325866699,0.6852590441703796,0.08258328737115718
164,5.466666666666667,detected,3,1,0.9181383848190308,ankle_midpoint,521.549560546875,950.6636962890625,0.9927045702934265,0.9935749173164368,0.7164691090583801,12.18602466583252,0.6672512742301157,12.283170345218032,0.0,0,two_ankles,accepted,0.7164691090583801,12.18602466583252,0.12477352515299472
164,5.466666666666667,detected,4,20,0.871258556842804,ankle_midpoint,941.3991088867188,826.7264404296875,0.9906362891197205,0.9943484663963318,2.9101157188415527,9.547260284423828,2.8220831341291275,9.719148685840008,0.0,0,two_ankles,accepted,2.9101157188415527,9.547260284423828,0.1622624691791721
165,5.5,detected,1,3,0.8583864569664001,ankle_midpoint,792.7271118164062,587.6478881835938,0.9696292877197266,0.9759228229522705,1.4765219688415527,0.9719640016555786,1.4060679247475494,0.9898183553085959,0.0,0,two_ankles,accepted,1.4765219688415527,0.9719640016555786,0.11958135406861448
165,5.5,detected,2,6,0.5170939564704895,ankle_midpoint,1040.0050048828125,578.733154296875,0.9710875749588013,0.9864327311515808,3.7402522563934326,0.42475253343582153,3.633155445566547,0.6030431809938606,0.0,0,two_ankles,accepted,3.7402522563934326,0.42475253343582153,0.2951518767694789
165,5.5,detected,3,1,0.9071996808052063,ankle_midpoint,528.4224853515625,948.788818359375,0.9923376441001892,0.9934723377227783,0.7476789355278015,12.151741027832031,0.7034437218140743,12.224027152394331,0.0,0,two_ankles,accepted,0.7476789355278015,12.151741027832031,0.0463618496481743
165,5.5,detected,4,20,0.8811740875244141,ankle_midpoint,949.09912109375,820.5797119140625,0.9973942041397095,0.997804582118988,2.9566445350646973,9.394837379455566,2.882635764550134,9.57320859796701,0.0,0,two_ankles,accepted,2.9566445350646973,9.394837379455566,0.15936647294236922
166,5.533333333333333,detected,1,3,0.877191424369812,ankle_midpoint,808.6446533203125,592.2037963867188,0.9933566451072693,0.9949264526367188,1.634356141090393,1.2073677778244019,1.508797622101829,1.0877155954407085,0.0,0,two_ankles,accepted,1.634356141090393,1.2073677778244019,0.28341941317421787
166,5.533333333333333,detected,2,6,0.44767531752586365,ankle_midpoint,1062.696533203125,583.30712890625,0.8466353416442871,0.9336495995521545,3.942997694015503,0.6688902378082275,3.714599296717388,0.4673507822451438,0.0,0,two_ankles,corrected_motion_outlier,3.8141417814573053,0.30150451710782333,0.317346704997536
166,5.533333333333333,detected,3,1,0.8980875015258789,ankle_midpoint,541.412109375,947.88671875,0.9889937043190002,0.9966075420379639,0.8139841556549072,12.134135246276855,0.7531869170424492,12.183575794641468,0.0,0,two_ankles,accepted,0.8139841556549072,12.134135246276855,0.06860281160617626
166,5.533333333333333,detected,4,20,0.8239411115646362,ankle_midpoint,961.1671142578125,807.426513671875,0.9948251247406006,0.9956934452056885,3.0309243202209473,9.060561180114746,2.9425889153176583,9.432733433750062,0.0,0,two_ankles,corrected_motion_outlier,3.0158649884779654,9.26104156637379,0.3424296481448452
167,5.566666666666666,detected,1,3,0.877395510673523,ankle_midpoint,819.8011474609375,591.70166015625,0.9892510175704956,0.9919548630714417,1.7335883378982544,1.1783357858657837,1.6099534442102206,1.1284946811319925,0.0,0,two_ankles,accepted,1.7335883378982544,1.1783357858657837,0.10339190219934728
167,5.566666666666666,detected,2,6,0.22233064472675323,ankle_midpoint,1064.123291015625,585.3452758789062,0.8296574354171753,0.9123578667640686,3.9525556564331055,0.7785295248031616,3.8216796585894612,0.6073812163962519,0.0,0,two_ankles,accepted,3.9525556564331055,0.7785295248031616,0.20629523339702519
167,5.566666666666666,detected,3,1,0.9019035696983337,ankle_midpoint,555.76416015625,951.194580078125,0.9878849387168884,0.9974791407585144,0.8982880711555481,12.191777229309082,0.8184824363933438,12.187266440241896,0.0,0,two_ankles,accepted,0.8982880711555481,12.191777229309082,0.10212613953649032
167,5.566666666666666,detected,4,20,0.851764976978302,ankle_midpoint,972.910888671875,790.2026977539062,0.9951426982879639,0.9962192177772522,3.1060261726379395,8.604531288146973,3.0022123522757673,9.29526397754394,0.0,0,two_ankles,corrected_motion_outlier,3.075085441891234,9.127245753292012,0.4021500315813524
168,5.6,detected,1,3,0.8909002542495728,ankle_midpoint,824.9254150390625,592.00244140625,0.9928465485572815,0.9945151805877686,1.7805982828140259,1.1927260160446167,1.686743621581933,1.1573987818426734,0.0,0,two_ankles,accepted,1.7805982828140259,1.1927260160446167,0.04916313299194495
168,5.6,detected,2,6,0.2084604799747467,ankle_midpoint,1073.5166015625,579.526123046875,0.7357335090637207,0.8569017648696899,4.049958229064941,0.45952108502388,3.918905436453408,0.6762078484735998,0.0,0,two_ankles,corrected_motion_outlier,4.0377369427315655,0.7603292876792473,0.3335470668522085
168,5.6,detected,3,1,0.9084656238555908,ankle_midpoint,562.872802734375,953.9451904296875,0.9847367405891418,0.9969871640205383,0.9425442218780518,12.239901542663574,0.8743102398614624,12.210952236331652,0.0,0,two_ankles,accepted,0.9425442218780518,12.239901542663574,0.06538009186758853
168,5.6,detected,4,20,0.8704434633255005,ankle_midpoint,980.87060546875,790.8817138671875,0.9970738887786865,0.993779718875885,3.1576590538024902,8.621671676635742,3.072163367962793,8.99214744213525,0.0,0,two_ankles,accepted,3.1576590538024902,8.621671676635742,0.2662897421064881
169,5.633333333333334,detected,1,3,0.9074194431304932,ankle_midpoint,833.8822021484375,591.6466674804688,0.9920094013214111,0.9945319890975952,1.860526442527771,1.1718729734420776,1.7649458910075602,1.1639121680624054,0.0,0,two_ankles,accepted,1.860526442527771,1.1718729734420776,0.08260363249282235
169,5.633333333333334,detected,2,6,0.3895293176174164,ankle_midpoint,1084.411376953125,573.4033813476562,0.7121763229370117,0.8108125329017639,4.164462566375732,0.1153399869799614,4.010711193112886,0.7058723894103798,0.0,0,two_ankles,corrected_motion_outlier,4.1229182290300255,0.742129050555333,0.34811093833704165
169,5.633333333333334,detected,3,1,0.9104607105255127,ankle_midpoint,576.4940795898438,961.711181640625,0.9793490171432495,0.9952980875968933,1.0324095487594604,12.374848365783691,0.9454549288655616,12.28470549458507,0.0,0,two_ankles,accepted,1.0324095487594604,12.374848365783691,0.1621308793713111
169,5.633333333333334,detected,4,20,0.9225211143493652,ankle_midpoint,992.871337890625,786.9647827148438,0.994171679019928,0.9923060536384583,3.2364227771759033,8.513618469238281,3.1460801021086926,8.776809404331615,0.0,0,two_ankles,accepted,3.2364227771759033,8.513618469238281,0.13371319960468467
170,5.666666666666667,detected,1,3,0.8995556235313416,ankle_midpoint,841.7696533203125,592.771484375,0.9935077428817749,0.9957886338233948,1.9342619180679321,1.228494644165039,1.8411381031847276,1.1929742823085907,0.0,0,two_ankles,accepted,1.9342619180679321,1.228494644165039,0.09296738110000285
170,5.666666666666667,detected,3,1,0.9295867085456848,ankle_midpoint,589.491455078125,966.3353271484375,0.982435405254364,0.9930932521820068,1.1105014085769653,12.453561782836914,1.0197258447356934,12.360690824298402,0.0,0,two_ankles,accepted,1.1105014085769653,12.453561782836914,0.11087894567478263
170,5.666666666666667,detected,4,20,0.9195609092712402,ankle_midpoint,1012.7476806640625,785.0908203125,0.9926716089248657,0.9954160451889038,3.366938591003418,8.45934772491455,3.245466422111319,8.633951648593937,0.0,0,two_ankles,accepted,3.366938591003418,8.45934772491455,0.1413495360746196
170,5.666666666666667,predicted,2,,,motion_prediction,,,,,,,4.2080995153284855,0.7239288134314187,,1,,motion_prediction,4.2080995153284855,0.7239288134314187,
171,5.7,detected,1,3,0.8821037411689758,ankle_midpoint,847.3618774414062,593.0006103515625,0.9946534633636475,0.9968670010566711,1.9851257801055908,1.2389862537384033,1.9059325577991162,1.2136796694520064,0.0,0,two_ankles,accepted,1.9851257801055908,1.2389862537384033,0.05193463519488594
171,5.7,detected,3,1,0.9253795146942139,ankle_midpoint,594.2186279296875,968.0777587890625,0.9804186224937439,0.9906522035598755,1.1388359069824219,12.483028411865234,1.0733253727467214,12.415742738703477,0.0,0,two_ankles,accepted,1.1388359069824219,12.483028411865234,0.04087940833942522
171,5.7,detected,4,20,0.9188486933708191,ankle_midpoint,1026.97265625,784.109619140625,0.9888517260551453,0.9938415288925171,3.4605932235717773,8.430232048034668,3.342273482768525,8.542277828342266,0.0,0,two_ankles,accepted,3.4605932235717773,8.430232048034668,0.09807605641382683
171,5.7,predicted,2,,,motion_prediction,,,,,,,4.2932808016269455,0.7057285763075043,,2,,motion_prediction,4.2932808016269455,0.7057285763075043,
172,5.733333333333333,detected,1,3,0.8628311157226562,ankle_midpoint,858.654052734375,594.6505126953125,0.9893984794616699,0.9946698546409607,2.090012550354004,1.3216006755828857,1.9887685544488156,1.2622441222109022,0.0,0,two_ankles,accepted,2.090012550354004,1.3216006755828857,0.1335154570446489
172,5.733333333333333,detected,3,1,0.9286457896232605,ankle_midpoint,599.0677490234375,965.9551391601562,0.9887019395828247,0.9961116909980774,1.1593141555786133,12.445993423461914,1.112020325021073,12.429355546844775,0.0,0,two_ankles,accepted,1.1593141555786133,12.445993423461914,0.0423196057590508
172,5.733333333333333,detected,4,20,0.9225630164146423,ankle_midpoint,1051.965576171875,786.7588500976562,0.9875760078430176,0.9955653548240662,3.622403383255005,8.499072074890137,3.4683319379874415,8.522835239288808,0.0,0,two_ankles,accepted,3.622403383255005,8.499072074890137,0.175845037104188
172,5.733333333333333,predicted,2,,,motion_prediction,,,,,,,4.378462087925406,0.68752833918359,,3,,motion_prediction,4.378462087925406,0.68752833918359,
173,5.766666666666667,detected,1,3,0.7740374207496643,ankle_midpoint,868.3167724609375,596.3212890625,0.9729360342025757,0.9877467155456543,2.179694175720215,1.405174732208252,2.0746850840209454,1.3265628967097096,0.0,0,two_ankles,accepted,2.179694175720215,1.405174732208252,0.12258636493976534
173,5.766666666666667,detected,3,1,0.9277660250663757,ankle_midpoint,602.2750854492188,966.9501342773438,0.9928512573242188,0.9972565770149231,1.178092122077942,12.462796211242676,1.1417526336966641,12.444403845823832,0.0,0,two_ankles,accepted,1.178092122077942,12.462796211242676,0.025198128959413296
173,5.766666666666667,detected,4,20,0.9213192462921143,ankle_midpoint,1075.30419921875,791.33349609375,0.9950893521308899,0.9986061453819275,3.770374059677124,8.619729042053223,3.6042508927477988,8.566437450532796,0.0,0,two_ankles,accepted,3.770374059677124,8.619729042053223,0.19092779998159903
173,5.766666666666667,predicted,2,,,motion_prediction,,,,,,,4.463643374223866,0.6693281020596757,,4,,motion_prediction,4.463643374223866,0.6693281020596757,
174,5.8,detected,1,3,0.6976756453514099,ankle_midpoint,871.9957885742188,598.3289794921875,0.9264771938323975,0.9703882932662964,2.2160003185272217,1.5068764686584473,2.1382769395487697,1.4077040040866415,0.0,0,two_ankles,accepted,2.2160003185272217,1.5068764686584473,0.10798786599663761
174,5.8,detected,3,1,0.9285591244697571,ankle_midpoint,606.842529296875,965.3780517578125,0.9921323657035828,0.997089684009552,1.198405146598816,12.435209274291992,1.1672462645026325,12.440266288634504,0.0,0,two_ankles,accepted,1.198405146598816,12.435209274291992,0.03425869313775149
174,5.8,detected,4,20,0.907663881778717,ankle_midpoint,1087.2548828125,796.1019287109375,0.9935890436172485,0.996122419834137,3.8428008556365967,8.74570369720459,3.7115983760477578,8.647107261535103,0.0,0,two_ankles,accepted,3.8428008556365967,8.74570369720459,0.14531088917717408
174,5.8,predicted,2,,,motion_prediction,,,,,,,4.548824660522326,0.6511278649357615,,5,,motion_prediction,4.548824660522326,0.6511278649357615,
175,5.833333333333333,detected,1,3,0.798558235168457,ankle_midpoint,887.8572998046875,604.00732421875,0.9681687355041504,0.9918907880783081,2.3652801513671875,1.788948893547058,2.2035055522636497,1.4851363448625157,0.0,0,two_ankles,corrected_motion_outlier,2.2832294122485024,1.5797758724774729,0.3191384047326005
175,5.833333333333333,detected,2,6,0.6409343481063843,ankle_midpoint,1125.6031494140625,602.8931884765625,0.8913013339042664,0.933232843875885,4.467584133148193,1.6747124195098877,4.216304016128775,1.1418504029551584,0.40499373091948054,0,two_ankles,accepted,4.467584133148193,1.6747124195098877,0.1292041814697036
175,5.833333333333333,detected,3,1,0.9252669215202332,ankle_midpoint,616.8593139648438,952.7716674804688,0.9852220416069031,0.986810564994812,1.2238572835922241,12.213229179382324,1.1927212230929487,12.338099589471025,0.0,0,two_ankles,accepted,1.2238572835922241,12.213229179382324,0.22343449557674933
175,5.833333333333333,detected,4,20,0.9142783284187317,ankle_midpoint,1108.7352294921875,802.4263916015625,0.9968342185020447,0.9977413415908813,3.973378896713257,8.909399032592773,3.8293996103472328,8.765138558511055,0.0,0,two_ankles,accepted,3.973378896713257,8.909399032592773,0.20939624552333277
176,5.866666666666666,detected,1,3,0.696990966796875,ankle_midpoint,897.3316650390625,608.63671875,0.9632028937339783,0.9871702790260315,2.4543941020965576,2.015265941619873,2.3164053996884584,1.7236946634033266,0.0,0,two_ankles,accepted,2.4543941020965576,2.015265941619873,0.2807540971484208
176,5.866666666666666,detected,2,6,0.4330224096775055,ankle_midpoint,1129.82666015625,603.0400390625,0.9454926252365112,0.9546138644218445,4.504610061645508,1.681043267250061,4.346041736611305,1.3844871918878647,0.0,0,two_ankles,accepted,4.504610061645508,1.681043267250061,0.03756326682009301
176,5.866666666666666,detected,3,1,0.9321563243865967,ankle_midpoint,638.0911254882812,944.8775634765625,0.9880442023277283,0.9917126893997192,1.3196702003479004,12.069262504577637,1.249848262857677,12.217122901269,0.0,0,two_ankles,accepted,1.3196702003479004,12.069262504577637,0.17293501227787506
176,5.866666666666666,detected,4,20,0.9259085059165955,ankle_midpoint,1130.2470703125,808.3350830078125,0.9964446425437927,0.9973408579826355,4.102485656738281,9.059565544128418,3.9522883312232047,8.89763070203887,0.0,0,two_ankles,accepted,4.102485656738281,9.059565544128418,0.1980367053627789
177,5.9,detected,1,3,0.6043863892555237,ankle_midpoint,899.9518432617188,609.521484375,0.9750058650970459,0.9927965998649597,2.4783105850219727,2.057872772216797,2.38926273308854,1.8740748123693884,0.0,0,two_ankles,accepted,2.4783105850219727,2.057872772216797,0.0488604151541576
177,5.9,detected,2,6,0.41791561245918274,ankle_midpoint,1135.4932861328125,604.4195556640625,0.9286748170852661,0.9404475688934326,4.550895690917969,1.7487155199050903,4.438226016049304,1.5483899394956162,0.0,0,two_ankles,accepted,4.550895690917969,1.7487155199050903,0.08198715299700199
177,5.9,detected,3,1,0.9311402440071106,ankle_midpoint,645.7335815429688,940.498046875,0.9890656471252441,0.9924885034561157,1.351496696472168,11.988697052001953,1.2955900579841981,12.11433126909883,0.0,0,two_ankles,accepted,1.351496696472168,11.988697052001953,0.08662400362643567
177,5.9,detected,4,20,0.9159958958625793,ankle_midpoint,1143.510498046875,817.9014892578125,0.9923853874206543,0.992210865020752,4.172143459320068,9.300658226013184,4.051223138866794,9.07899308782731,0.0,0,two_ankles,accepted,4.172143459320068,9.300658226013184,0.2509539613532969
178,5.933333333333334,detected,1,3,0.6488822102546692,ankle_midpoint,900.286376953125,609.0394897460938,0.9360994100570679,0.9785419702529907,2.480679988861084,2.0342540740966797,2.4304004981861853,1.9461554801466696,0.0,0,two_ankles,accepted,2.480679988861084,2.0342540740966797,0.023737248691497983
178,5.933333333333334,detected,2,6,0.667751669883728,ankle_midpoint,1132.94921875,606.2769775390625,0.9849852323532104,0.9899481534957886,4.523245334625244,1.8417576551437378,4.476484709408478,1.680405411537271,0.0,0,two_ankles,accepted,4.523245334625244,1.8417576551437378,0.097063799291401
178,5.933333333333334,detected,3,1,0.9354149103164673,ankle_midpoint,665.3677368164062,935.8810424804688,0.9758199453353882,0.9677509069442749,1.4475897550582886,11.901566505432129,1.3639899216675389,12.018587125448816,0.0,0,two_ankles,accepted,1.4475897550582886,11.901566505432129,0.12971356156544278
178,5.933333333333334,detected,4,20,0.9113726019859314,ankle_midpoint,1167.853759765625,829.7736206054688,0.9812383055686951,0.9864233136177063,4.304677963256836,9.590192794799805,4.151857546149417,9.250121348950046,0.0,0,two_ankles,corrected_motion_outlier,4.274855155050401,9.459278112544498,0.31842685385535513
179,5.966666666666667,detected,1,3,0.7242462038993835,ankle_midpoint,900.71875,609.262451171875,0.9461985230445862,0.9825923442840576,2.4847092628479004,2.0450432300567627,2.4548394422839572,1.9906549676062117,0.0,0,two_ankles,accepted,2.4847092628479004,2.0450432300567627,0.011516984639732315
179,5.966666666666667,detected,2,6,0.6303832530975342,ankle_midpoint,1143.2802734375,603.3106689453125,0.9774019718170166,0.9832558631896973,4.623011589050293,1.6913037300109863,4.5424218052472956,1.685309654850443,0.0,0,two_ankles,accepted,4.623011589050293,1.6913037300109863,0.1805261452251589
179,5.966666666666667,detected,3,1,0.9270702600479126,ankle_midpoint,683.1044921875,933.6318359375,0.9954527616500854,0.9938695430755615,1.5388009548187256,11.857856750488281,1.442654886585573,11.946258456716576,0.0,0,two_ankles,accepted,1.5388009548187256,11.857856750488281,0.10114358921350161
179,5.966666666666667,detected,4,20,0.9043285846710205,ankle_midpoint,1193.4893798828125,840.01513671875,0.9789628386497498,0.9812490940093994,4.443858623504639,9.832060813903809,4.283258030959267,9.511994108179241,0.0,0,two_ankles,accepted,4.443858623504639,9.832060813903809,0.29841993937432426
180,6.0,detected,1,3,0.7698438167572021,ankle_midpoint,900.6793212890625,610.1346435546875,0.9454204440116882,0.9831101894378662,2.4853525161743164,2.087578535079956,2.468570325534619,2.0342705729693966,0.0,0,two_ankles,accepted,2.4853525161743164,2.087578535079956,0.042540168643977465
180,6.0,detected,2,6,0.7281793355941772,ankle_midpoint,1143.94921875,599.3970947265625,0.9865403771400452,0.9890959858894348,4.640738010406494,1.493353247642517,4.586664097568935,1.5989292716068764,0.0,0,two_ankles,accepted,4.640738010406494,1.493353247642517,0.19874259604827355
180,6.0,detected,3,1,0.9310941696166992,ankle_midpoint,691.8870849609375,940.923828125,0.9840272665023804,0.976098358631134,1.5988167524337769,11.991374015808105,1.512927726217265,11.966560458307764,0.0,0,two_ankles,accepted,1.5988167524337769,11.991374015808105,0.14638564172026958
180,6.0,detected,4,20,0.9188781976699829,ankle_midpoint,1202.989013671875,846.9368896484375,0.9795755743980408,0.983018159866333,4.488674163818359,9.992913246154785,4.375695290745859,9.728407720268237,0.0,0,two_ankles,accepted,4.488674163818359,9.992913246154785,0.1669788537949214
181,6.033333333333333,detected,1,3,0.7409947514533997,ankle_midpoint,901.5313110351562,609.811767578125,0.9529023170471191,0.9856228232383728,2.492417812347412,2.0716471672058105,2.479301694600376,2.051090040375783,0.0,0,two_ankles,accepted,2.492417812347412,2.0716471672058105,0.01742776211551318
181,6.033333333333333,detected,2,6,0.7560082077980042,ankle_midpoint,1141.757080078125,597.3011474609375,0.9878814220428467,0.9941089153289795,4.62748908996582,1.3867347240447998,4.6050353441475345,1.5034417252039418,0.0,0,two_ankles,accepted,4.62748908996582,1.3867347240447998,0.1074385567056832
181,6.033333333333333,detected,3,1,0.9297906160354614,ankle_midpoint,720.304443359375,925.3851318359375,0.9956373572349548,0.9937301874160767,1.7260650396347046,11.698713302612305,1.5823053286245965,11.976990306181795,0.0,0,two_ankles,corrected_motion_outlier,1.667100176011335,11.989737898027832,0.31912759148002945
181,6.033333333333333,detected,4,20,0.9169501066207886,ankle_midpoint,1225.56787109375,862.161376953125,0.9789388179779053,0.9816579818725586,4.594395637512207,10.336443901062012,4.467030712345323,9.930128240891129,0.0,0,two_ankles,corrected_motion_outlier,4.578662894300222,10.176675543874666,0.3594305786393068
182,6.066666666666666,detected,1,3,0.7708801627159119,ankle_midpoint,903.0301513671875,608.4371337890625,0.9505869746208191,0.985284149646759,2.50398325920105,2.0041134357452393,2.490408398670679,2.0299505682920387,0.0,0,two_ankles,accepted,2.50398325920105,2.0041134357452393,0.06851689168309429
182,6.066666666666666,detected,2,6,0.799832820892334,ankle_midpoint,1141.14404296875,595.0592041015625,0.9885199666023254,0.9956436157226562,4.628783226013184,1.271283507347107,4.615721890987077,1.3989705271683661,0.0,0,two_ankles,accepted,4.628783226013184,1.271283507347107,0.1154584696983583
182,6.066666666666666,detected,3,1,0.9304579496383667,ankle_midpoint,740.0089111328125,903.660888671875,0.9953768253326416,0.9939484596252441,1.8002443313598633,11.273209571838379,1.65119055055853,11.981990469511388,0.0678285200310853,0,two_ankles,corrected_motion_outlier,1.7353835995888933,11.988101780247558,0.37293874769671337
182,6.066666666666666,detected,4,20,0.9342178106307983,ankle_midpoint,1237.819580078125,879.0889892578125,0.9416541457176208,0.9475622177124023,4.632892608642578,10.704598426818848,4.557760122941866,10.123767561207668,0.0,0,two_ankles,corrected_motion_outlier,4.668651624782084,10.360437841594546,0.36307532145697935
183,6.1,detected,1,3,0.7548113465309143,ankle_midpoint,903.3912353515625,607.80322265625,0.9529682397842407,0.9853805899620056,2.5064473152160645,1.9729303121566772,2.4976259111161028,2.004291453031126,0.0,0,two_ankles,accepted,2.5064473152160645,1.9729303121566772,0.03128032558629565
183,6.1,detected,2,6,0.8231415748596191,ankle_midpoint,1141.4063720703125,595.29150390625,0.9911201596260071,0.9954042434692383,4.63043737411499,1.2832428216934204,4.622343858394638,1.3468930597046407,0.0,0,two_ankles,accepted,4.63043737411499,1.2832428216934204,0.012073168829128907
183,6.1,detected,3,1,0.93084317445755,ankle_midpoint,752.0863647460938,901.883056640625,0.9935681223869324,0.9923754334449768,1.8650729656219482,11.236139297485352,1.7474376373370684,11.646357442099672,0.10283487150625836,0,two_ankles,accepted,1.8650729656219482,11.236139297485352,0.26693150407743066
183,6.1,detected,4,20,0.9269217848777771,ankle_midpoint,1245.3931884765625,886.44580078125,0.9526488780975342,0.9634835720062256,4.6620001792907715,10.859481811523438,4.604668148298874,10.454838973849764,0.0,0,two_ankles,accepted,4.6620001792907715,10.859481811523438,0.294577472572464
184,6.133333333333334,detected,1,3,0.7484945058822632,ankle_midpoint,905.9642333984375,606.0677490234375,0.9474164247512817,0.9829468727111816,2.52714204788208,1.8867844343185425,2.510908172660793,1.9514132946104636,0.0,0,two_ankles,accepted,2.52714204788208,1.8867844343185425,0.08859675066626706
184,6.133333333333334,detected,2,6,0.8603835701942444,ankle_midpoint,1141.7313232421875,594.6346435546875,0.9921351671218872,0.9920767545700073,4.6353654861450195,1.2491275072097778,4.628203590882309,1.3028985610819523,0.0,0,two_ankles,accepted,4.6353654861450195,1.2491275072097778,0.03446942080305894
184,6.133333333333334,detected,3,1,0.9327206611633301,ankle_midpoint,763.2070922851562,886.5191650390625,0.996619462966919,0.9964733719825745,1.9052698612213135,10.920211791992188,1.8343248876540792,11.421630889860555,0.0,0,two_ankles,corrected_motion_outlier,1.9405204158193143,11.146965103790519,0.3184744560289875
184,6.133333333333334,detected,4,20,0.9275557994842529,ankle_midpoint,1256.1468505859375,900.91748046875,0.9791614413261414,0.9887052178382874,4.694407939910889,11.156517028808594,4.645051054524281,10.770594098581238,0.0,0,two_ankles,accepted,4.694407939910889,11.156517028808594,0.29879789700741
185,6.166666666666667,detected,1,3,0.7070310115814209,ankle_midpoint,909.4642944335938,605.4940185546875,0.9223910570144653,0.9711007475852966,2.557313919067383,1.8575316667556763,2.5317907585437585,1.9091665620758094,0.0,0,two_ankles,accepted,2.557313919067383,1.8575316667556763,0.04202459066914964
185,6.166666666666667,detected,2,6,0.8699588775634766,ankle_midpoint,1143.118896484375,593.7593383789062,0.9913445711135864,0.9929032921791077,4.650566101074219,1.20328688621521,4.6382667204686685,1.2580733073919184,0.0,0,two_ankles,accepted,4.650566101074219,1.20328688621521,0.0482951470377036
185,6.166666666666667,detected,3,1,0.9341110587120056,ankle_midpoint,782.4801025390625,871.01708984375,0.9932223558425903,0.9930287003517151,1.994279146194458,10.587890625,1.91606422791725,11.257902898966364,0.0,0,two_ankles,corrected_motion_outlier,2.0159678660166804,11.057790910095687,0.3304998405737727
185,6.166666666666667,detected,4,20,0.9269292950630188,ankle_midpoint,1265.41845703125,906.4834594726562,0.9667689800262451,0.9845373630523682,4.73527193069458,11.267369270324707,4.685650448800915,10.9941429258658,0.0,0,two_ankles,accepted,4.73527193069458,11.267369270324707,0.11814434049888435
186,6.2,detected,1,3,0.7318198084831238,ankle_midpoint,910.762451171875,604.3135986328125,0.9701294898986816,0.9911265969276428,2.567570447921753,1.798585295677185,2.547891618763856,1.8594049921964286,0.0,0,two_ankles,accepted,2.567570447921753,1.798585295677185,0.05983202359492542
186,6.2,detected,2,6,0.8725460767745972,ankle_midpoint,1143.7496337890625,593.9326782226562,0.9908103942871094,0.9933987855911255,4.655719757080078,1.2121473550796509,4.646120586943804,1.237406628851398,0.0,0,two_ankles,accepted,4.655719757080078,1.2121473550796509,0.010250272129287951
186,6.2,detected,3,1,0.9260187149047852,ankle_midpoint,796.9309692382812,864.8734130859375,0.9950435161590576,0.9955031275749207,2.0704965591430664,10.451648712158203,1.9855587769688676,10.895088514902692,0.0,0,two_ankles,accepted,2.0704965591430664,10.451648712158203,0.2703134664385162
186,6.2,detected,4,20,0.9242761135101318,ankle_midpoint,1266.5523681640625,905.9532470703125,0.9700096845626831,0.984522819519043,4.742684364318848,11.256634712219238,4.711315710783985,11.112264229724847,0.0,0,two_ankles,accepted,4.742684364318848,11.256634712219238,0.013045110576528565
187,6.233333333333333,detected,1,3,0.7326159477233887,ankle_midpoint,917.001708984375,602.9098510742188,0.9574534893035889,0.9883739948272705,2.621330976486206,1.7269797325134277,2.5809393297389134,1.7998136253390782,0.0,0,two_ankles,accepted,2.621330976486206,1.7269797325134277,0.08954077902011028
187,6.233333333333333,detected,2,6,0.8547683954238892,ankle_midpoint,1143.853271484375,594.5596923828125,0.9920320510864258,0.9933579564094543,4.654711723327637,1.2447004318237305,4.649986598316529,1.2406888401889478,0.0,0,two_ankles,accepted,4.654711723327637,1.2447004318237305,0.03256868031640208
187,6.233333333333333,detected,3,1,0.9283707737922668,ankle_midpoint,814.97216796875,854.130615234375,0.9907237887382507,0.9914113283157349,2.1637232303619385,10.20909595489502,2.0657327809957495,10.58639186289924,0.0,0,two_ankles,accepted,2.1637232303619385,10.20909595489502,0.25985198148662353
187,6.233333333333333,detected,4,20,0.924310028553009,ankle_midpoint,1268.844482421875,905.312744140625,0.9708357453346252,0.9817772507667542,4.756814002990723,11.243539810180664,4.731789942277017,11.171338240929966,0.0,0,two_ankles,accepted,4.756814002990723,11.243539810180664,0.019264556792140345
188,6.266666666666667,detected,1,3,0.7639515399932861,ankle_midpoint,922.1475830078125,602.5086669921875,0.9577909708023071,0.9882315993309021,2.6664974689483643,1.7056138515472412,2.6194404923831662,1.7574237271327515,0.0,0,two_ankles,accepted,2.6664974689483643,1.7056138515472412,0.04996511693967548
188,6.266666666666667,detected,2,6,0.8489503264427185,ankle_midpoint,1147.276611328125,593.8716430664062,0.9907336235046387,0.9927332401275635,4.687728404998779,1.2080750465393066,4.6669704113235415,1.2260126330466092,0.0,0,two_ankles,accepted,4.687728404998779,1.2080750465393066,0.04931044631521856
188,6.266666666666667,detected,3,1,0.9239690899848938,ankle_midpoint,837.968017578125,855.6103515625,0.9928741455078125,0.9940097332000732,2.3020172119140625,10.23958969116211,2.1720607749089904,10.430330885617533,0.0,0,two_ankles,accepted,2.3020172119140625,10.23958969116211,0.1416160064578367
188,6.266666666666667,detected,4,20,0.9217175841331482,ankle_midpoint,1266.3948974609375,904.8074951171875,0.9759981036186218,0.9892036318778992,4.744129657745361,11.2337007522583,4.737342814237772,11.199401371027717,0.0,0,two_ankles,accepted,4.744129657745361,11.2337007522583,0.01605302697634126
189,6.3,detected,1,3,0.7965466380119324,ankle_midpoint,923.908203125,603.029052734375,0.9606941342353821,0.9887513518333435,2.682471752166748,1.7312451601028442,2.6478045592857784,1.7456433719692934,0.0,0,two_ankles,accepted,2.682471752166748,1.7312451601028442,0.03020168377116857
189,6.3,detected,2,6,0.8530421257019043,ankle_midpoint,1146.625244140625,593.8382568359375,0.9888563752174377,0.9923352599143982,4.681957244873047,1.20650315284729,4.673714486420819,1.2172333669569158,0.0,0,two_ankles,accepted,4.681957244873047,1.20650315284729,0.005981399416177241
189,6.3,detected,3,1,0.9142252206802368,ankle_midpoint,848.8160400390625,854.5887451171875,0.9927531480789185,0.9941906929016113,2.365490198135376,10.215060234069824,2.259104015360864,10.333459092421066,0.0,0,two_ankles,accepted,2.365490198135376,10.215060234069824,0.06804788200299337
189,6.3,detected,4,20,0.9205076098442078,ankle_midpoint,1266.48828125,903.282958984375,0.9715988636016846,0.9877833724021912,4.747758865356445,11.203048706054688,4.742030037241175,11.201042671789855,0.0,0,two_ankles,accepted,4.747758865356445,11.203048706054688,0.030866147870325402
190,6.333333333333333,detected,1,3,0.7875745296478271,ankle_midpoint,926.7061157226562,603.9791870117188,0.9623680114746094,0.9882935285568237,2.7078804969787598,1.7780146598815918,2.67483873124762,1.7602104515298278,0.0,0,two_ankles,accepted,2.7078804969787598,1.7780146598815918,0.053225843558145705
190,6.333333333333333,detected,2,6,0.8492063283920288,ankle_midpoint,1147.1678466796875,594.0577392578125,0.9865272641181946,0.9906262159347534,4.686159133911133,1.2177834510803223,4.679314577791461,1.2174809048124486,0.0,0,two_ankles,accepted,4.686159133911133,1.2177834510803223,0.012037483113779921
190,6.333333333333333,detected,3,1,0.9153581857681274,ankle_midpoint,872.3670043945312,855.076171875,0.9904242157936096,0.9922498464584351,2.505911111831665,10.223024368286133,2.370167208772725,10.283763466560348,0.0,0,two_ankles,accepted,2.505911111831665,10.223024368286133,0.14064657989839652
190,6.333333333333333,detected,4,20,0.9258633255958557,ankle_midpoint,1262.298095703125,900.0592041015625,0.9638705849647522,0.9865047335624695,4.73076057434082,11.138381004333496,4.736958778936016,11.172844921434493,0.0,0,two_ankles,accepted,4.73076057434082,11.138381004333496,0.06686444154670597
191,6.366666666666666,detected,1,3,0.7849811911582947,ankle_midpoint,928.0032958984375,602.6573486328125,0.9668121933937073,0.9899172186851501,2.718405246734619,1.7116230726242065,2.69444366321677,1.7383461310222983,0.0,0,two_ankles,accepted,2.718405246734619,1.7116230726242065,0.06722063088054486
191,6.366666666666666,detected,2,6,0.8435636758804321,ankle_midpoint,1147.4580078125,593.8590698242188,0.9870672821998596,0.9914931654930115,4.6894049644470215,1.2073746919631958,4.683855251786463,1.2129331090302848,0.0,0,two_ankles,accepted,4.6894049644470215,1.2073746919631958,0.010903104247234851
191,6.366666666666666,detected,3,1,0.9194780588150024,ankle_midpoint,885.8563842773438,848.8228149414062,0.9840108752250671,0.9909936785697937,2.5820579528808594,10.07853889465332,2.4655180436213855,10.191412409202186,0.0,0,two_ankles,accepted,2.5820579528808594,10.07853889465332,0.16332297294829476
191,6.366666666666666,detected,4,20,0.9243744015693665,ankle_midpoint,1261.6279296875,898.9606323242188,0.9677513241767883,0.9881695508956909,4.729211807250977,11.116135597229004,4.733472641677748,11.147325725542025,0.0,0,two_ankles,accepted,4.729211807250977,11.116135597229004,0.02229925596837649
192,6.4,detected,1,3,0.8129998445510864,ankle_midpoint,929.3441162109375,602.1624755859375,0.9701552987098694,0.9911023378372192,2.7299306392669678,1.686468482017517,2.7104128024393592,1.7150011889701469,0.0,0,two_ankles,accepted,2.7299306392669678,1.686468482017517,0.02766926275878826
192,6.4,detected,2,6,0.8548858165740967,ankle_midpoint,1147.396240234375,593.3072509765625,0.988058865070343,0.9925869107246399,4.690596580505371,1.1786415576934814,4.686888849709971,1.1975019109287235,0.0,0,two_ankles,accepted,4.690596580505371,1.1786415576934814,0.028757832911955487
192,6.4,detected,3,1,0.9253412485122681,ankle_midpoint,890.8077392578125,848.5986328125,0.9813454747200012,0.9907346963882446,2.611595392227173,10.072724342346191,2.53125285049399,10.13800277911699,0.0,0,two_ankles,accepted,2.611595392227173,10.072724342346191,0.03010430769291142
192,6.4,detected,4,20,0.9254738688468933,ankle_midpoint,1262.5546875,897.467529296875,0.9859433174133301,0.994065523147583,4.737484455108643,11.08558464050293,4.735277957721651,11.119542237274434,0.0,0,two_ankles,accepted,4.737484455108643,11.08558464050293,0.03165118733089496
193,6.433333333333334,detected,1,3,0.8480237722396851,ankle_midpoint,932.194580078125,600.8311767578125,0.9750846028327942,0.9901761412620544,2.7543301582336426,1.6187443733215332,2.730175612546787,1.6716856219282707,0.0,0,two_ankles,accepted,2.7543301582336426,1.6187443733215332,0.07198535562508922
193,6.433333333333334,detected,2,6,0.8738269209861755,ankle_midpoint,1147.705322265625,593.3878173828125,0.9885080456733704,0.9931893348693848,4.693132400512695,1.1827640533447266,4.689698447571198,1.1908698750159248,0.0,0,two_ankles,accepted,4.693132400512695,1.1827640533447266,0.0048399745354785395
193,6.433333333333334,detected,3,1,0.9280314445495605,ankle_midpoint,898.9088134765625,843.6033325195312,0.9823989272117615,0.9911733269691467,2.657404899597168,9.955865859985352,2.5880212725904204,10.056041165507754,0.0,0,two_ankles,accepted,2.657404899597168,9.955865859985352,0.12551659597503573
193,6.433333333333334,detected,4,20,0.9271678924560547,ankle_midpoint,1262.700439453125,896.9769897460938,0.9882484674453735,0.9941496849060059,4.739311695098877,11.075541496276855,4.737093139541403,11.099741903825525,0.0,0,two_ankles,accepted,4.739311695098877,11.075541496276855,0.010208014103029033
194,6.466666666666667,detected,1,3,0.8501763343811035,ankle_midpoint,934.977783203125,601.7315673828125,0.9772022366523743,0.9881314039230347,2.7795584201812744,1.6634217500686646,2.7523978759823065,1.667966879591448,0.0,0,two_ankles,accepted,2.7795584201812744,1.6634217500686646,0.051308217605988235
194,6.466666666666667,detected,2,6,0.8678407669067383,ankle_midpoint,1147.7178955078125,593.5081176757812,0.9859508872032166,0.9915142059326172,4.692863464355469,1.189031720161438,4.69112270512412,1.1900427053314058,0.0,0,two_ankles,accepted,4.692863464355469,1.189031720161438,0.006273433986419984
194,6.466666666666667,detected,3,1,0.9242873191833496,ankle_midpoint,905.2286987304688,840.1049194335938,0.9739071726799011,0.9852664470672607,2.6937689781188965,9.87301254272461,2.6356077400782345,9.973678285255339,0.0,0,two_ankles,accepted,2.6937689781188965,9.87301254272461,0.0904821440276679
194,6.466666666666667,detected,4,20,0.923191249370575,ankle_midpoint,1263.85595703125,895.7326049804688,0.9694592952728271,0.9844120144844055,4.748406410217285,11.04991626739502,4.74218411134555,11.077320367431799,0.0,0,two_ankles,accepted,4.748406410217285,11.04991626739502,0.02719128901562928
195,6.5,detected,1,3,0.8326122164726257,ankle_midpoint,935.9508056640625,600.3786010742188,0.9906540513038635,0.994698166847229,2.787416458129883,1.5949492454528809,2.768156237948716,1.635108944229093,0.0,0,two_ankles,accepted,2.787416458129883,1.5949492454528809,0.06892193155128698
195,6.5,detected,2,6,0.8680339455604553,ankle_midpoint,1147.349853515625,593.4584350585938,0.9853852391242981,0.991290807723999,4.689698219299316,1.1865359544754028,4.690481686502959,1.1884646674462045,0.0,0,two_ankles,accepted,4.689698219299316,1.1865359544754028,0.004030833986297053
195,6.5,detected,3,1,0.9222169518470764,ankle_midpoint,910.1768798828125,836.9291381835938,0.9730184674263,0.9813434481620789,2.7222704887390137,9.797236442565918,2.6746059769755854,9.894279456045101,0.0,0,two_ankles,accepted,2.7222704887390137,9.797236442565918,0.08095896159714923
195,6.5,detected,4,20,0.9193899035453796,ankle_midpoint,1267.074462890625,894.5460205078125,0.99128657579422,0.9943175911903381,4.769110202789307,11.025150299072266,4.75430085249524,11.05384383667001,0.0,0,two_ankles,accepted,4.769110202789307,11.025150299072266,0.03228002809523161
196,6.533333333333333,detected,1,3,0.8186545372009277,ankle_midpoint,934.923095703125,601.0784912109375,0.9871379137039185,0.9900559186935425,2.778693914413452,1.630544900894165,2.7728981923578475,1.6330551247283753,0.0,0,two_ankles,accepted,2.778693914413452,1.630544900894165,0.0366487851801348
196,6.533333333333333,detected,2,6,0.8637849688529968,ankle_midpoint,1147.127685546875,593.5472412109375,0.9800625443458557,0.9936965107917786,4.687411308288574,1.1912206411361694,4.689100016306486,1.189704855606689,0.0,0,two_ankles,accepted,4.687411308288574,1.1912206411361694,0.005213084603247715
196,6.533333333333333,detected,3,1,0.9153084754943848,ankle_midpoint,923.6025390625,834.7433471679688,0.9850282669067383,0.9945657253265381,2.803223133087158,9.743343353271484,2.7324836972257933,9.826358209796975,0.0,0,two_ankles,accepted,2.803223133087158,9.743343353271484,0.09725119896769895
196,6.533333333333333,detected,4,20,0.9155808091163635,ankle_midpoint,1272.26123046875,893.4782104492188,0.9803252816200256,0.992865800857544,4.800802707672119,11.002523422241211,4.775226687324836,11.03074965017705,0.0,0,two_ankles,accepted,4.800802707672119,11.002523422241211,0.038940857988426676
197,6.566666666666666,detected,1,3,0.8339571952819824,ankle_midpoint,930.594970703125,601.920654296875,0.9837620854377747,0.9877262711524963,2.7408463954925537,1.6740118265151978,2.7584748837684656,1.6514856405324454,0.0,0,two_ankles,accepted,2.7408463954925537,1.6740118265151978,0.05763513087876313
197,6.566666666666666,detected,2,6,0.8660470843315125,ankle_midpoint,1147.86181640625,591.8248291015625,0.9776307940483093,0.9943990111351013,4.6995320320129395,1.100980520248413,4.69379442337439,1.149778904695465,0.0,0,two_ankles,accepted,4.6995320320129395,1.100980520248413,0.09105048798023693
197,6.566666666666666,detected,3,1,0.9174093008041382,ankle_midpoint,935.2849731445312,831.805908203125,0.9832935333251953,0.9925339221954346,2.873772621154785,9.671282768249512,2.7960637129938397,9.756574261100617,0.0,0,two_ankles,accepted,2.873772621154785,9.671282768249512,0.10084621054017442
197,6.566666666666666,detected,4,20,0.921841561794281,ankle_midpoint,1282.3851318359375,894.9963989257812,0.9849281907081604,0.9882482886314392,4.854966640472412,11.03255844116211,4.811109666241245,11.031563606120327,0.0,0,two_ankles,accepted,4.854966640472412,11.03255844116211,0.061934109971593036
198,6.6,detected,1,3,0.8329286575317383,ankle_midpoint,926.3279418945312,602.180908203125,0.986155092716217,0.9891613125801086,2.7032418251037598,1.688138484954834,2.733620007369348,1.6679794205225202,0.0,0,two_ankles,accepted,2.7032418251037598,1.688138484954834,0.040170464184471455
198,6.6,detected,2,6,0.8728766441345215,ankle_midpoint,1148.521240234375,590.9410400390625,0.9765733480453491,0.9942565560340881,4.708349227905273,1.054365634918213,4.700344085413288,1.1068429332957015,0.0,0,two_ankles,accepted,4.708349227905273,1.054365634918213,0.04744144261878537
198,6.6,detected,3,1,0.9147041440010071,ankle_midpoint,939.4474487304688,829.1214599609375,0.9833108186721802,0.9944878220558167,2.898648738861084,9.60582160949707,2.8422269746341,9.688735567879021,0.0,0,two_ankles,accepted,2.898648738861084,9.60582160949707,0.07002845519751218
198,6.6,detected,4,20,0.9194096326828003,ankle_midpoint,1289.76708984375,895.591552734375,0.9824936985969543,0.9864110350608826,4.895483016967773,11.043889999389648,4.849077674068184,11.037110483091523,0.0,0,two_ankles,accepted,4.895483016967773,11.043889999389648,0.042071141845426256
199,6.633333333333334,detected,1,3,0.8666941523551941,ankle_midpoint,922.8339233398438,598.991943359375,0.9645670056343079,0.9767690896987915,2.6697871685028076,1.527916431427002,2.704895229879405,1.604951075429537,0.0,0,two_ankles,accepted,2.6697871685028076,1.527916431427002,0.16367748924321604
199,6.633333333333334,detected,2,6,0.8847195506095886,ankle_midpoint,1149.9989013671875,590.0374755859375,0.979496419429779,0.9935682415962219,4.724699974060059,1.0063315629959106,4.711304235304334,1.0616128166607957,0.0,0,two_ankles,accepted,4.724699974060059,1.0063315629959106,0.05074070323965885
199,6.633333333333334,detected,3,1,0.9132621884346008,ankle_midpoint,951.12158203125,826.17724609375,0.9770918488502502,0.9867702722549438,2.9700686931610107,9.532493591308594,2.89975574797121,9.61842667842233,0.0,0,two_ankles,accepted,2.9700686931610107,9.532493591308594,0.10236116511476985
199,6.633333333333334,detected,4,20,0.9052663445472717,ankle_midpoint,1305.719482421875,899.6409912109375,0.9913058876991272,0.9951505661010742,4.976378440856934,11.124678611755371,4.906363019123122,11.076516140990254,0.0,0,two_ankles,accepted,4.976378440856934,11.124678611755371,0.11432790339276716
200,6.666666666666667,detected,1,3,0.8697965145111084,ankle_midpoint,914.719482421875,599.5374755859375,0.9889554381370544,0.9920627474784851,2.5980257987976074,1.5576342344284058,2.656803985892596,1.5836584969790282,0.0,0,two_ankles,accepted,2.5980257987976074,1.5576342344284058,0.07767137179937451
200,6.666666666666667,detected,2,6,0.8822859525680542,ankle_midpoint,1150.955078125,589.1829833984375,0.9836607575416565,0.9939836859703064,4.736198902130127,0.9608607888221741,4.722506835375941,1.016274404133416,0.0,0,two_ankles,accepted,4.736198902130127,0.9608607888221741,0.04690220304761339
200,6.666666666666667,detected,3,1,0.9118806719779968,ankle_midpoint,961.4229736328125,823.6326293945312,0.983269214630127,0.9920070171356201,3.0335726737976074,9.468610763549805,2.959973364593089,9.551009516729694,0.0,0,two_ankles,accepted,3.0335726737976074,9.468610763549805,0.09007647439344169
200,6.666666666666667,detected,4,20,0.9049184918403625,ankle_midpoint,1316.229736328125,903.5980834960938,0.9914445281028748,0.9958563446998596,5.0261688232421875,11.20346736907959,4.960275630976701,11.133644193630456,0.0,0,two_ankles,accepted,5.0261688232421875,11.20346736907959,0.09320273847245282
201,6.7,detected,1,3,0.8627588748931885,ankle_midpoint,913.6039428710938,599.4798583984375,0.974179744720459,0.9826874136924744,2.5880463123321533,1.5549896955490112,2.625863032790397,1.5707575363355206,0.0,0,two_ankles,accepted,2.5880463123321533,1.5549896955490112,0.0103239399455252
201,6.7,detected,2,6,0.8808296918869019,ankle_midpoint,1152.124267578125,588.5511474609375,0.9885629415512085,0.9934415817260742,4.748940467834473,0.9270191788673401,4.73440196998228,0.9761095527636818,0.0,0,two_ankles,accepted,4.748940467834473,0.9270191788673401,0.036160780701379736
201,6.7,detected,3,1,0.9152555465698242,ankle_midpoint,966.30810546875,821.019775390625,0.9864197373390198,0.9927403330802917,3.0638129711151123,9.40334701538086,3.006701187528,9.484561391122718,0.0,0,two_ankles,accepted,3.0638129711151123,9.40334701538086,0.07192935705892696
201,6.7,detected,4,20,0.9036722779273987,ankle_midpoint,1321.7607421875,904.1654052734375,0.9893515706062317,0.9944677352905273,5.055833339691162,11.21422290802002,5.003276599898209,11.16990461510576,0.0,0,two_ankles,accepted,5.055833339691162,11.21422290802002,0.03155416223021274
202,6.733333333333333,detected,1,3,0.8515201807022095,ankle_midpoint,910.5964965820312,598.2570190429688,0.975277304649353,0.9810022115707397,2.560054302215576,1.4935678243637085,2.5962491040317275,1.5360221659482054,0.0,0,two_ankles,accepted,2.560054302215576,1.4935678243637085,0.06749962140834924
202,6.733333333333333,detected,2,6,0.8828238248825073,ankle_midpoint,1154.42529296875,589.895751953125,0.9910690784454346,0.9935237169265747,4.765414237976074,0.9977014660835266,4.7483574905794885,0.985825913757612,0.0,0,two_ankles,accepted,4.765414237976074,0.9977014660835266,0.07257665484706366
202,6.733333333333333,detected,3,1,0.9148699045181274,ankle_midpoint,973.4005737304688,821.142822265625,0.9892787337303162,0.9934653639793396,3.1079509258270264,9.405405044555664,3.052263569762562,9.448941035167543,0.0,0,two_ankles,accepted,3.1079509258270264,9.405405044555664,0.044185908729314646
202,6.733333333333333,detected,4,20,0.9082368612289429,ankle_midpoint,1329.001708984375,910.77978515625,0.9816946387290955,0.9893940091133118,5.080259799957275,11.34528636932373,5.037919039924789,11.248826404503848,0.0,0,two_ankles,accepted,5.080259799957275,11.34528636932373,0.13332022671013333
203,6.766666666666667,detected,1,3,0.8277509808540344,ankle_midpoint,904.04052734375,602.651611328125,0.9815424084663391,0.9847912192344666,2.5064899921417236,1.7172406911849976,2.555857503681226,1.617570502304762,0.0,0,two_ankles,accepted,2.5064899921417236,1.7172406911849976,0.22999714490780518
203,6.766666666666667,detected,2,6,0.8813955187797546,ankle_midpoint,1156.7513427734375,588.6650390625,0.9880579710006714,0.9911916851997375,4.790744304656982,0.9318745136260986,4.767431556914361,0.961547783698431,0.0,0,two_ankles,accepted,4.790744304656982,0.9318745136260986,0.07053226175227716
203,6.766666666666667,detected,3,1,0.9157395958900452,ankle_midpoint,978.005615234375,820.367431640625,0.9927499294281006,0.9962041974067688,3.136669158935547,9.385510444641113,3.0902460848904054,9.420397269430651,0.0,0,two_ankles,accepted,3.136669158935547,9.385510444641113,0.034936113387659014
203,6.766666666666667,detected,4,20,0.8972837328910828,ankle_midpoint,1339.30810546875,917.0916748046875,0.9784625768661499,0.9879361391067505,5.121959209442139,11.468022346496582,5.075737116207597,11.34746457840058,0.0,0,two_ankles,accepted,5.121959209442139,11.468022346496582,0.12962623516850685
204,6.8,detected,1,3,0.8005516529083252,ankle_midpoint,903.0679931640625,603.8407592773438,0.9664608836174011,0.9726913571357727,2.499222755432129,1.7769142389297485,2.5303718669691326,1.689275183786006,0.0,0,two_ankles,accepted,2.499222755432129,1.7769142389297485,0.06011443279145496
204,6.8,detected,2,6,0.8889682292938232,ankle_midpoint,1158.15966796875,589.6602783203125,0.9874432682991028,0.991268515586853,4.8001790046691895,0.9842838048934937,4.782167908404034,0.9717789932362092,0.0,0,two_ankles,accepted,4.8001790046691895,0.9842838048934937,0.05325173589162129
204,6.8,detected,3,1,0.9129417538642883,ankle_midpoint,981.3685302734375,821.498779296875,0.9942830204963684,0.9967459440231323,3.1574995517730713,9.413113594055176,3.1205101449876054,9.417119615511687,0.0,0,two_ankles,accepted,3.1574995517730713,9.413113594055176,0.03458090691900152
204,6.8,detected,4,20,0.8981691598892212,ankle_midpoint,1340.5552978515625,920.844970703125,0.9818799495697021,0.9892667531967163,5.11962890625,11.540694236755371,5.095488421726678,11.434417924660236,0.0,0,two_ankles,accepted,5.11962890625,11.540694236755371,0.07270924251257727
205,6.833333333333333,detected,1,3,0.8133509159088135,ankle_midpoint,901.3792724609375,603.193115234375,0.9214562773704529,0.939054012298584,2.4835822582244873,1.744994044303894,2.5093165430340423,1.7143486710190556,0.0,0,two_ankles,accepted,2.4835822582244873,1.744994044303894,0.035546082454395375
205,6.833333333333333,detected,2,6,0.8870411515235901,ankle_midpoint,1160.83056640625,591.5849609375,0.9851804971694946,0.987758219242096,4.817842960357666,1.085068941116333,4.798221681783168,1.022759469782265,0.0,0,two_ankles,accepted,4.817842960357666,1.085068941116333,0.1023213517014936
205,6.833333333333333,detected,3,1,0.9160112738609314,ankle_midpoint,988.7314453125,824.0731201171875,0.9936178922653198,0.9948581457138062,3.2028696537017822,9.475651741027832,3.157571923908985,9.443459071993953,0.0,0,two_ankles,accepted,3.2028696537017822,9.475651741027832,0.07726231924939332
205,6.833333333333333,detected,4,20,0.8972166776657104,ankle_midpoint,1345.232666015625,924.2471313476562,0.9791849851608276,0.9888797998428345,5.1369500160217285,11.605598449707031,5.114146139159451,11.511449160931296,0.0,0,two_ankles,accepted,5.1369500160217285,11.605598449707031,0.06717572256848987
206,6.866666666666666,detected,1,3,0.8220120072364807,ankle_midpoint,902.2252197265625,600.4715576171875,0.942386269569397,0.9590488076210022,2.487949848175049,1.6080180406570435,2.4997015303474956,1.6664998873561503,0.0,0,two_ankles,accepted,2.487949848175049,1.6080180406570435,0.13704561801472628
206,6.866666666666666,detected,2,6,0.8836492896080017,ankle_midpoint,1162.27392578125,594.8728637695312,0.9889091849327087,0.9889531135559082,4.819617748260498,1.2562745809555054,4.807849911697967,1.1278412698102231,0.0,0,two_ankles,accepted,4.819617748260498,1.2562745809555054,0.17121483868181647
206,6.866666666666666,detected,3,1,0.915746808052063,ankle_midpoint,993.2670288085938,827.3455810546875,0.9908030033111572,0.9923949241638184,3.230318307876587,9.555195808410645,3.1903077966944062,9.493740603381465,0.0,0,two_ankles,accepted,3.230318307876587,9.555195808410645,0.08414681973675202
206,6.866666666666666,detected,4,20,0.9040747880935669,ankle_midpoint,1350.5419921875,929.92529296875,0.9773085713386536,0.989559531211853,5.151970386505127,11.713045120239258,5.131167050465006,11.602167342619879,0.0,0,two_ankles,accepted,5.151970386505127,11.713045120239258,0.10849146758118534
207,6.9,detected,1,3,0.8233533501625061,ankle_midpoint,901.8988037109375,600.1580200195312,0.9500446319580078,0.9641194939613342,2.484689950942993,1.592249870300293,2.4929463196154695,1.6330873796810146,0.0,0,two_ankles,accepted,2.484689950942993,1.592249870300293,0.016101618749773856
207,6.9,detected,2,6,0.8928012847900391,ankle_midpoint,1162.352783203125,596.8382568359375,0.9870737791061401,0.9870526194572449,4.813635349273682,1.3577626943588257,4.810453358607038,1.2313059108570943,0.0,0,two_ankles,accepted,4.813635349273682,1.3577626943588257,0.10166428212407082
207,6.9,detected,3,1,0.915374755859375,ankle_midpoint,995.23681640625,827.3565673828125,0.9920914173126221,0.9933133721351624,3.242473840713501,9.555191040039062,3.2137825165029987,9.521393299877385,0.0,0,two_ankles,accepted,3.242473840713501,9.555191040039062,0.012155533772182264
207,6.9,detected,4,20,0.909076988697052,ankle_midpoint,1350.668701171875,931.7763061523438,0.9690608978271484,0.9866874814033508,5.148120880126953,11.747942924499512,5.138796273812883,11.667766354465714,0.0,0,two_ankles,accepted,5.148120880126953,11.747942924499512,0.03510947794460346
208,6.933333333333334,detected,1,3,0.8309507369995117,ankle_midpoint,900.2273559570312,598.9449462890625,0.9617207050323486,0.972287654876709,2.468402147293091,1.5311646461486816,2.481901442070399,1.5872221495914647,0.0,0,two_ankles,accepted,2.468402147293091,1.5311646461486816,0.06321943654755531
208,6.933333333333334,detected,2,6,0.8872567415237427,ankle_midpoint,1162.34521484375,596.8343505859375,0.9670785665512085,0.9771732091903687,4.813580513000488,1.3575636148452759,4.811860578084091,1.288121877651776,0.0,0,two_ankles,accepted,4.813580513000488,1.3575636148452759,0.00020649375189812309
208,6.933333333333334,detected,3,1,0.9131499528884888,ankle_midpoint,993.5693359375,827.8209838867188,0.9908005595207214,0.9921596646308899,3.232086420059204,9.566742897033691,3.2220192731032915,9.541800618597723,0.0,0,two_ankles,accepted,3.232086420059204,9.566742897033691,0.015535247274300789
208,6.933333333333334,detected,4,20,0.8949145674705505,ankle_midpoint,1353.238037109375,940.9368896484375,0.9574543237686157,0.9827089309692383,5.139739513397217,11.918205261230469,5.139220731625834,11.780463862509855,0.0,0,two_ankles,accepted,5.139739513397217,11.918205261230469,0.17046850330000593
209,6.966666666666667,detected,1,3,0.8575735092163086,ankle_midpoint,896.1907958984375,599.9635009765625,0.9822982549667358,0.9868849515914917,2.433734893798828,1.5838258266448975,2.4602264953481923,1.5856938042655093,0.0,0,two_ankles,accepted,2.433734893798828,1.5838258266448975,0.06304774695491101
209,6.966666666666667,detected,2,6,0.8817649483680725,ankle_midpoint,1162.5986328125,598.6077880859375,0.9674976468086243,0.979812741279602,4.809851169586182,1.4484280347824097,4.810956344260032,1.3602596483605613,0.0,0,two_ankles,accepted,4.809851169586182,1.4484280347824097,0.09094091935324619
209,6.966666666666667,detected,3,1,0.9128291010856628,ankle_midpoint,995.10693359375,824.0267333984375,0.9944652915000916,0.9949840307235718,3.242403745651245,9.47362232208252,3.231192285749871,9.511120385165881,0.0,0,two_ankles,accepted,3.242403745651245,9.47362232208252,0.09369038737570148
209,6.966666666666667,detected,4,20,0.8957222104072571,ankle_midpoint,1352.699951171875,948.5572509765625,0.9304518699645996,0.9632359147071838,5.1186699867248535,12.057381629943848,5.129972896420393,11.905076857855153,0.0,0,two_ankles,accepted,5.1186699867248535,12.057381629943848,0.14076216310656717
210,7.0,detected,1,3,0.8549149036407471,ankle_midpoint,894.7320556640625,599.0015869140625,0.9868349432945251,0.9901044964790344,2.419538974761963,1.5354124307632446,2.441917111084389,1.5630671861894903,0.0,0,two_ankles,accepted,2.419538974761963,1.5354124307632446,0.05045176922660762
210,7.0,detected,2,6,0.8822211623191833,ankle_midpoint,1162.990234375,601.1686401367188,0.9723690152168274,0.9816601276397705,4.804739475250244,1.5785276889801025,4.808158753205628,1.4584802666393548,0.0,0,two_ankles,accepted,4.804739475250244,1.5785276889801025,0.13020003625707374
210,7.0,detected,3,1,0.9118667840957642,ankle_midpoint,995.4010620117188,822.5883178710938,0.9943682551383972,0.9950291514396667,3.244548797607422,9.438109397888184,3.2372027160857693,9.478265440890919,0.0,0,two_ankles,accepted,3.244548797607422,9.438109397888184,0.0355776479369751
210,7.0,detected,4,20,0.8945169448852539,ankle_midpoint,1353.90771484375,950.8043212890625,0.933711588382721,0.9617026448249817,5.119778156280518,12.097803115844727,5.125385263357449,11.99180367395046,0.0,0,two_ankles,accepted,5.119778156280518,12.097803115844727,0.0404366734808769
211,7.033333333333333,detected,1,3,0.8576247096061707,ankle_midpoint,893.6607666015625,597.114990234375,0.9844999313354492,0.988893449306488,2.407536268234253,1.4394853115081787,2.4264457318018278,1.5074553425829,0.0,0,two_ankles,accepted,2.407536268234253,1.4394853115081787,0.09667511144325601
211,7.033333333333333,detected,2,6,0.8603730797767639,ankle_midpoint,1163.4306640625,600.78125,0.976912260055542,0.9842214584350586,4.809957981109619,1.5588057041168213,4.808968405762425,1.503626713504215,0.0,0,two_ankles,accepted,4.809957981109619,1.5588057041168213,0.02040072278993629
211,7.033333333333333,detected,3,1,0.9170404076576233,ankle_midpoint,995.1685180664062,820.570556640625,0.993005096912384,0.9949116110801697,3.243553638458252,9.38814926147461,3.2400606311533866,9.437713160153582,0.0,0,two_ankles,accepted,3.243553638458252,9.38814926147461,0.04997004674997935
211,7.033333333333333,detected,4,20,0.9056951999664307,ankle_midpoint,1351.408935546875,956.6959228515625,0.9542568922042847,0.9718466401100159,5.092799663543701,12.203410148620605,5.110721743441263,12.087026587552028,0.0,0,two_ankles,accepted,5.092799663543701,12.203410148620605,0.10899855247697567
212,7.066666666666666,detected,1,3,0.8648489713668823,ankle_midpoint,893.117919921875,597.9693603515625,0.9840188026428223,0.9882177710533142,2.403811454772949,1.4832714796066284,2.416260307138833,1.4965726042435779,0.0,0,two_ankles,accepted,2.403811454772949,1.4832714796066284,0.04394431421773702
212,7.066666666666666,detected,2,6,0.8444920182228088,ankle_midpoint,1163.64453125,600.1015625,0.9780313372612,0.9849489331245422,4.814150333404541,1.5242702960968018,4.811300273201377,1.512916325670879,0.0,0,two_ankles,accepted,4.814150333404541,1.5242702960968018,0.0347889382544792
212,7.066666666666666,detected,3,1,0.9190080165863037,ankle_midpoint,999.517333984375,819.732666015625,0.9835814237594604,0.9876009225845337,3.2708613872528076,9.366698265075684,3.2539209713981263,9.405756457368529,0.0,0,two_ankles,accepted,3.2708613872528076,9.366698265075684,0.03472547178561125
212,7.066666666666666,detected,4,20,0.8814077377319336,ankle_midpoint,1354.8052978515625,955.4232177734375,0.9832350015640259,0.9935012459754944,5.113672733306885,12.180408477783203,5.112049688880793,12.129048438156058,0.0,0,two_ankles,accepted,5.113672733306885,12.180408477783203,0.03106061658516995
213,7.1,detected,1,3,0.8626231551170349,ankle_midpoint,890.477783203125,598.94091796875,0.9887670874595642,0.9914129972457886,2.3815786838531494,1.5333905220031738,2.4006535766602752,1.5131406672353962,0.0,0,two_ankles,accepted,2.3815786838531494,1.5333905220031738,0.05482895688884672
213,7.1,detected,2,6,0.8469202518463135,ankle_midpoint,1163.53564453125,600.1730346679688,0.9787395000457764,0.9861568212509155,4.812939167022705,1.5279276371002197,4.8120377754209755,1.5196714158140825,0.0,0,two_ankles,accepted,4.812939167022705,1.5279276371002197,0.003852670141573492
213,7.1,detected,3,1,0.9154487252235413,ankle_midpoint,997.5445556640625,823.310546875,0.9928656816482544,0.9960259199142456,3.2576897144317627,9.45563793182373,3.255616905763263,9.42820312087337,0.0,0,two_ankles,accepted,3.2576897144317627,9.45563793182373,0.08990971741785361
213,7.1,detected,4,20,0.9003314971923828,ankle_midpoint,1350.3486328125,957.46728515625,0.9771400094032288,0.9834534525871277,5.085434436798096,12.217209815979004,5.100072825443579,12.168721058176384,0.0,0,two_ankles,accepted,5.085434436798096,12.217209815979004,0.04638685032118471
214,7.133333333333334,detected,1,3,0.8628302216529846,ankle_midpoint,889.6932373046875,599.2076416015625,0.9917096495628357,0.9937576055526733,2.374958038330078,1.5471312999725342,2.3890905844116865,1.5284364519671083,0.0,0,two_ankles,accepted,2.374958038330078,1.5471312999725342,0.01525260392016467
214,7.133333333333334,detected,2,6,0.8329525589942932,ankle_midpoint,1163.7860107421875,599.5234985351562,0.9782156348228455,0.9880308508872986,4.81736421585083,1.494836449623108,4.814434673614411,1.508495681028144,0.0,0,two_ankles,accepted,4.81736421585083,1.494836449623108,0.033385741653835586
214,7.133333333333334,detected,3,1,0.9169132113456726,ankle_midpoint,997.89453125,827.0714111328125,0.9932752847671509,0.9959327578544617,3.258946657180786,9.547865867614746,3.2571152939011485,9.48205135690699,0.0,0,two_ankles,accepted,3.258946657180786,9.547865867614746,0.0922365006130763
214,7.133333333333334,detected,4,20,0.9044910073280334,ankle_midpoint,1337.07763671875,951.8189697265625,0.9646967053413391,0.972124457359314,5.028197288513184,12.117883682250977,5.067728833824901,12.145844239009952,0.0,0,two_ankles,accepted,5.028197288513184,12.117883682250977,0.11463756794850015
215,7.166666666666667,detected,1,3,0.8872802257537842,ankle_midpoint,887.6162109375,601.07080078125,0.9908239841461182,0.9935465455055237,2.359081745147705,1.6418732404708862,2.3755866067428952,1.5794830067938084,0.0,0,two_ankles,accepted,2.359081745147705,1.6418732404708862,0.09606295838982862
215,7.166666666666667,detected,2,6,0.8616623878479004,ankle_midpoint,1163.1871337890625,599.6331787109375,0.9761809706687927,0.9885336756706238,4.811650276184082,1.5005689859390259,4.813181694770764,1.504928668238041,0.0,0,two_ankles,accepted,4.811650276184082,1.5005689859390259,0.008093891470025722
215,7.166666666666667,detected,3,1,0.9126669764518738,ankle_midpoint,997.683349609375,830.4725341796875,0.99289470911026,0.9946109056472778,3.256829023361206,9.630541801452637,3.2569864721581743,9.548872056952531,0.0,0,two_ankles,accepted,3.256829023361206,9.630541801452637,0.08270304957473514
215,7.166666666666667,detected,4,20,0.8996936082839966,ankle_midpoint,1331.23681640625,933.537353515625,0.9878808259963989,0.9925784468650818,5.038623332977295,11.78320598602295,5.038050671013064,12.131642946726949,0.0,0,two_ankles,corrected_motion_outlier,5.001777360909705,12.11428581171439,0.33484005548271456
216,7.2,detected,1,3,0.8788263201713562,ankle_midpoint,886.619384765625,600.862548828125,0.9910067915916443,0.9934666752815247,2.3499484062194824,1.6316221952438354,2.36404941650736,1.6029456415963206,0.0,0,two_ankles,accepted,2.3499484062194824,1.6316221952438354,0.013729596069252292
216,7.2,detected,2,6,0.8554018139839172,ankle_midpoint,1162.53125,599.2510375976562,0.9800334572792053,0.9872526526451111,4.807082176208496,1.4812705516815186,4.810436911417744,1.494282515787606,0.0,0,two_ankles,accepted,4.807082176208496,1.4812705516815186,0.019831719597107066
216,7.2,detected,3,1,0.9119572639465332,ankle_midpoint,998.0196533203125,833.109375,0.9929977655410767,0.9944400787353516,3.258263111114502,9.69405460357666,3.257560959688522,9.61420420293339,0.0,0,two_ankles,accepted,3.258263111114502,9.69405460357666,0.06352899055808701
216,7.2,detected,4,20,0.8862831592559814,ankle_midpoint,1325.2816162109375,925.7430419921875,0.9934915900230408,0.9959210157394409,5.024275779724121,11.636487007141113,5.03185196993304,11.908822773913323,0.0,0,two_ankles,accepted,5.024275779724121,11.636487007141113,0.24070632367992223
217,7.233333333333333,detected,1,3,0.8629164695739746,ankle_midpoint,885.498291015625,600.99560546875,0.9896777868270874,0.9916844367980957,2.3401939868927,1.6386080980300903,2.353314473180763,1.6189937469915172,0.0,0,two_ankles,accepted,2.3401939868927,1.6386080980300903,0.011997980419291673
217,7.233333333333333,detected,2,6,0.8640480637550354,ankle_midpoint,1161.399169921875,596.9273071289062,0.9742785096168518,0.9860050082206726,4.804779529571533,1.3625835180282593,4.807891089586949,1.4350179667959,0.0,0,two_ankles,accepted,4.804779529571533,1.3625835180282593,0.11870936837059078
217,7.233333333333333,detected,3,1,0.9146410822868347,ankle_midpoint,998.853759765625,836.460205078125,0.9934379458427429,0.9938355088233948,3.2625508308410645,9.774065971374512,3.2598064017071664,9.686141998731895,0.0,0,two_ankles,accepted,3.2625508308410645,9.774065971374512,0.08012617248650175
217,7.233333333333333,detected,4,20,0.8834893703460693,ankle_midpoint,1315.352783203125,901.472412109375,0.994499921798706,0.9964356422424316,5.026310443878174,11.160667419433594,5.020406036697871,11.747309313568977,0.0,0,two_ankles,corrected_motion_outlier,5.006416562743774,11.549903973148107,0.47582393792701694
218,7.266666666666667,detected,1,3,0.8508014678955078,ankle_midpoint,884.686767578125,602.96875,0.9894424676895142,0.990906834602356,2.335838556289673,1.7378816604614258,2.3454503105797726,1.6724933080529762,0.0,0,two_ankles,accepted,2.335838556289673,1.7378816604614258,0.09936905943776485
218,7.266666666666667,detected,2,6,0.8560372591018677,ankle_midpoint,1160.90185546875,596.4395141601562,0.9629242420196533,0.9878970384597778,4.801962375640869,1.3375974893569946,4.805223168311214,1.3911787519483927,0.0,0,two_ankles,accepted,4.801962375640869,1.3375974893569946,0.025144343002558547
218,7.266666666666667,detected,3,1,0.9154314398765564,ankle_midpoint,999.2799682617188,837.4244384765625,0.9932966828346252,0.9944657683372498,3.264911651611328,9.7969331741333,3.2621037641640394,9.735998027662529,0.0,0,two_ankles,accepted,3.264911651611328,9.7969331741333,0.02298874587098823
218,7.266666666666667,detected,4,20,0.8984092473983765,ankle_midpoint,1310.5107421875,880.1699829101562,0.9948337078094482,0.9953054189682007,5.0505690574646,10.718621253967285,5.006074125777372,11.619514545082733,0.09727710623766572,0,two_ankles,corrected_motion_outlier,4.988557345763428,11.4633209391551,0.45912113796461623
219,7.3,detected,1,3,0.8434730172157288,ankle_midpoint,884.4158325195312,603.8656005859375,0.9895275235176086,0.9909549355506897,2.334733486175537,1.7827304601669312,2.340627739597867,1.722100026504256,0.0,0,two_ankles,accepted,2.334733486175537,1.7827304601669312,0.044862412050420276
219,7.3,detected,2,6,0.8786746263504028,ankle_midpoint,1160.6871337890625,596.4572143554688,0.9653486013412476,0.9883286952972412,4.7999749183654785,1.3385636806488037,4.802861455835633,1.3675019698635777,0.0,0,two_ankles,accepted,4.7999749183654785,1.3385636806488037,0.002209866971985153
219,7.3,detected,3,1,0.9153364300727844,ankle_midpoint,999.2632446289062,836.7379150390625,0.99367356300354,0.9947471022605896,3.264979124069214,9.780618667602539,3.263397676121368,9.756077315635533,0.0,0,two_ankles,accepted,3.264979124069214,9.780618667602539,0.016314646054231146
219,7.3,detected,4,20,0.8947561383247375,ankle_midpoint,1305.22607421875,872.57080078125,0.9971573352813721,0.9970436692237854,5.038792133331299,10.555590629577637,4.990154927129941,11.510265057118445,0.17396580126555494,0,two_ankles,corrected_motion_outlier,4.970698128783081,11.376737905162093,0.36033128330466707
220,7.333333333333333,detected,1,3,0.8418574929237366,ankle_midpoint,883.2680053710938,601.0958862304688,0.9519943594932556,0.9665965437889099,2.3205626010894775,1.6442136764526367,2.3315984272690917,1.6870511689810275,0.0,0,two_ankles,accepted,2.3205626010894775,1.6442136764526367,0.13923976929984813
220,7.333333333333333,detected,2,6,0.8731799125671387,ankle_midpoint,1159.02392578125,595.1657104492188,0.9716079831123352,0.9904597997665405,4.789366245269775,1.272271990776062,4.796788611080997,1.3246484792741957,0.0,0,two_ankles,accepted,4.789366245269775,1.272271990776062,0.06713517774635933
220,7.333333333333333,detected,3,1,0.9167501926422119,ankle_midpoint,998.3905029296875,833.4456787109375,0.9935606718063354,0.9943106174468994,3.26045298576355,9.702077865600586,3.26207256546035,9.731777563119808,0.0,0,two_ankles,accepted,3.26045298576355,9.702077865600586,0.07867110973586176
220,7.333333333333333,detected,4,20,0.8788014650344849,ankle_midpoint,1301.90966796875,862.5541381835938,0.987695574760437,0.9876043796539307,5.044476509094238,10.335360527038574,4.973362720232698,11.411215473441235,0.30918178090546267,0,two_ankles,corrected_motion_outlier,4.952838911802734,11.290154871169086,0.3253208211415221
221,7.366666666666666,detected,1,3,0.8547680377960205,ankle_midpoint,882.953857421875,601.3421020507812,0.955264151096344,0.9683244228363037,2.3181402683258057,1.656690239906311,2.325542255744613,1.6733887508974052,0.0,0,two_ankles,accepted,2.3181402683258057,1.656690239906311,0.012709537034507582
221,7.366666666666666,detected,2,6,0.8848432898521423,ankle_midpoint,1157.89404296875,594.84033203125,0.980560302734375,0.9881300926208496,4.780282974243164,1.2556979656219482,4.789361074503972,1.2936207481306845,0.0,0,two_ankles,accepted,4.780282974243164,1.2556979656219482,0.018899844506028954
221,7.366666666666666,detected,3,1,0.9166202545166016,ankle_midpoint,996.5615234375,831.0335693359375,0.9937998652458191,0.9949910044670105,3.249805450439453,9.644256591796875,3.256552363700947,9.692393126024488,0.0,0,two_ankles,accepted,3.249805450439453,9.644256591796875,0.05879344957358426
221,7.366666666666666,detected,4,20,0.8930242657661438,ankle_midpoint,1295.77490234375,869.09326171875,0.9973978996276855,0.9935969114303589,4.992129325866699,10.480826377868652,4.981807692767999,10.992540380433574,0.07500143398341297,0,two_ankles,accepted,4.992129325866699,10.480826377868652,0.23122152880266386
222,7.4,detected,1,3,0.8541184067726135,ankle_midpoint,883.1312255859375,601.2305297851562,0.9576606154441833,0.9700747728347778,2.3195481300354004,1.651029348373413,2.3228448991754673,1.663327019761609,0.0,0,two_ankles,accepted,2.3195481300354004,1.651029348373413,0.005833332455859059
222,7.4,detected,2,6,0.888431191444397,ankle_midpoint,1156.4554443359375,593.831298828125,0.9834418892860413,0.989326000213623,4.770678520202637,1.2036415338516235,4.780953925068372,1.253130101705107,0.0,0,two_ankles,accepted,4.770678520202637,1.2036415338516235,0.05293503212500275
222,7.4,detected,3,1,0.9178064465522766,ankle_midpoint,995.2999267578125,829.4541015625,0.993415117263794,0.9951910972595215,3.2424023151397705,9.606201171875,3.2501848418484176,9.653606746657218,0.0,0,two_ankles,accepted,3.2424023151397705,9.606201171875,0.03876881991621163
222,7.4,detected,4,20,0.8981600403785706,ankle_midpoint,1290.321533203125,874.80712890625,0.9974326491355896,0.9965733289718628,4.946560859680176,10.605965614318848,4.965946617878479,10.81858173568195,0.0,0,two_ankles,accepted,4.946560859680176,10.605965614318848,0.1331777519330095
223,7.433333333333334,detected,1,3,0.8622701168060303,ankle_midpoint,883.5814208984375,600.92431640625,0.967355489730835,0.9776164293289185,2.3230903148651123,1.6354892253875732,2.3229553362358075,1.650800012293293,0.0,0,two_ankles,accepted,2.3230903148651123,1.6354892253875732,0.015938710606033007
223,7.433333333333334,detected,2,6,0.876602292060852,ankle_midpoint,1151.704345703125,594.7684936523438,0.9861072301864624,0.9909274578094482,4.724773406982422,1.2535417079925537,4.7556726919296946,1.2533153245344582,0.0,0,two_ankles,accepted,4.724773406982422,1.2535417079925537,0.0678034423835243
223,7.433333333333334,detected,3,1,0.9217223525047302,ankle_midpoint,990.578125,827.860107421875,0.9923559427261353,0.9951432943344116,3.2136292457580566,9.568108558654785,3.2337348236077554,9.615132562056123,0.0,0,two_ankles,accepted,3.2136292457580566,9.568108558654785,0.04773821010039868
223,7.433333333333334,detected,4,20,0.9043383598327637,ankle_midpoint,1283.2314453125,888.5589599609375,0.9870945811271667,0.9882745742797852,4.874045372009277,10.899077415466309,4.945992310993747,10.702490160087187,0.0,0,two_ankles,corrected_motion_outlier,4.921603713690184,10.560600456582474,0.30194871075077784
224,7.466666666666667,detected,1,3,0.8683059215545654,ankle_midpoint,883.1612548828125,600.3807373046875,0.9737375974655151,0.9827830791473389,2.3185627460479736,1.6081597805023193,2.3209786706512823,1.631611907987355,0.0,0,two_ankles,accepted,2.3185627460479736,1.6081597805023193,0.02770193923049535
224,7.466666666666667,detected,2,6,0.8724983930587769,ankle_midpoint,1146.997314453125,591.9986572265625,0.9871542453765869,0.9909632802009583,4.691147804260254,1.1103177070617676,4.7266364924784465,1.1889663966717474,0.0,0,two_ankles,accepted,4.691147804260254,1.1103177070617676,0.14711830477901414
224,7.466666666666667,detected,3,1,0.9236936569213867,ankle_midpoint,986.5880737304688,829.7811279296875,0.9911009669303894,0.9943068623542786,3.188737630844116,9.615327835083008,3.213486086864118,9.615220434918221,0.0,0,two_ankles,accepted,3.188737630844116,9.615327835083008,0.05337839037877412
224,7.466666666666667,detected,4,20,0.9003300070762634,ankle_midpoint,1277.478515625,897.857666015625,0.983961820602417,0.9860910773277283,4.820990085601807,11.091753005981445,4.889741309567373,10.877658440739605,0.0,0,two_ankles,accepted,4.820990085601807,11.091753005981445,0.2508771657609511
225,7.5,detected,1,3,0.8682563900947571,ankle_midpoint,882.5579833984375,602.2203369140625,0.9926009774208069,0.9944182634353638,2.315929651260376,1.7009174823760986,2.318706611925375,1.6627994164622897,0.0,0,two_ankles,accepted,2.315929651260376,1.7009174823760986,0.09279506692203736
225,7.5,detected,2,6,0.8778758645057678,ankle_midpoint,1145.1954345703125,591.026123046875,0.9883280396461487,0.9913378953933716,4.677900791168213,1.0596973896026611,4.704705426888841,1.1307953434906586,0.0,0,two_ankles,accepted,4.677900791168213,1.0596973896026611,0.05232494525101219
225,7.5,detected,3,1,0.9273345470428467,ankle_midpoint,984.7572021484375,831.4949951171875,0.990462601184845,0.9934508800506592,3.1772496700286865,9.657011985778809,3.1971796992881742,9.634026632805487,0.0,0,two_ankles,accepted,3.1772496700286865,9.657011985778809,0.043238196804759065
225,7.5,detected,4,20,0.9011949300765991,ankle_midpoint,1275.811767578125,902.9912719726562,0.9813781976699829,0.9862631559371948,4.800690650939941,11.196062088012695,4.84966851318503,11.020940082012498,0.0,0,two_ankles,accepted,4.800690650939941,11.196062088012695,0.10626594770571322
226,7.533333333333333,detected,1,3,0.8648723363876343,ankle_midpoint,882.155517578125,601.00341796875,0.993085503578186,0.9947807192802429,2.310561418533325,1.6398296356201172,2.315041274898953,1.6524630150833122,0.0,0,two_ankles,accepted,2.310561418533325,1.6398296356201172,0.061323265926514804
226,7.533333333333333,detected,2,6,0.8380809426307678,ankle_midpoint,1140.2069091796875,592.9854125976562,0.9735414981842041,0.9819470643997192,4.626646518707275,1.1636782884597778,4.6695789182071366,1.1455926687267624,0.0,0,two_ankles,accepted,4.626646518707275,1.1636782884597778,0.1159268207647995
226,7.533333333333333,detected,3,1,0.9282625913619995,ankle_midpoint,983.8426513671875,834.5765380859375,0.9902640581130981,0.9927748441696167,3.171257257461548,9.731155395507812,3.1855146004661927,9.677734576021534,0.0,0,two_ankles,accepted,3.171257257461548,9.731155395507812,0.07438517469642558
226,7.533333333333333,detected,4,20,0.913435697555542,ankle_midpoint,1275.98193359375,912.656982421875,0.9848604798316956,0.9872688055038452,4.781508922576904,11.388551712036133,4.818996697411373,11.186365315523133,0.0,0,two_ankles,accepted,4.781508922576904,11.388551712036133,0.19344299951065086
227,7.566666666666666,detected,1,3,0.8706122636795044,ankle_midpoint,880.895751953125,600.7796630859375,0.9924671053886414,0.9944043159484863,2.2990517616271973,1.6288599967956543,2.307845993926663,1.6418416568538663,0.0,0,two_ankles,accepted,2.2990517616271973,1.6288599967956543,0.01589984836518707
227,7.566666666666666,detected,2,6,0.8158249855041504,ankle_midpoint,1136.266357421875,594.0396118164062,0.9645938873291016,0.9833963513374329,4.5879034996032715,1.2196104526519775,4.632824979835398,1.1789006714931092,0.0,0,two_ankles,accepted,4.5879034996032715,1.2196104526519775,0.06803990388379748
227,7.566666666666666,detected,3,1,0.9274761080741882,ankle_midpoint,984.5145874023438,838.080078125,0.9847220778465271,0.9892300963401794,3.174917221069336,9.814483642578125,3.1807457797376077,9.739271655972,0.0,0,two_ankles,accepted,3.174917221069336,9.814483642578125,0.08340858525008908
227,7.566666666666666,detected,4,20,0.9129279255867004,ankle_midpoint,1275.27001953125,923.9171142578125,0.9677494168281555,0.973230242729187,4.754739284515381,11.607298851013184,4.7900808616081765,11.375785406493655,0.0,0,two_ankles,accepted,4.754739284515381,11.607298851013184,0.22037904694546198
228,7.6,detected,1,3,0.8726209998130798,ankle_midpoint,880.5786743164062,600.1751708984375,0.9918100237846375,0.9939945340156555,2.295320510864258,1.5984114408493042,2.302209526548581,1.6222980596518135,0.0,0,two_ankles,accepted,2.295320510864258,1.5984114408493042,0.03067632297838103
228,7.6,detected,2,6,0.8380545973777771,ankle_midpoint,1134.6810302734375,595.7738037109375,0.9782683253288269,0.9901352524757385,4.56852912902832,1.3098746538162231,4.603891846972213,1.2378389635385105,0.0,0,two_ankles,accepted,4.56852912902832,1.3098746538162231,0.09232005333076304
228,7.6,detected,3,1,0.9268966317176819,ankle_midpoint,984.2931518554688,837.0286254882812,0.9898008704185486,0.9925129413604736,3.173701763153076,9.789560317993164,3.1775759722745684,9.761901553881525,0.0,0,two_ankles,accepted,3.173701763153076,9.789560317993164,0.024952944642136262
228,7.6,detected,4,20,0.9064376354217529,ankle_midpoint,1277.18603515625,934.926513671875,0.9901421666145325,0.9899071455001831,4.743363380432129,11.81527042388916,4.769057995078955,11.573553664321633,0.0,0,two_ankles,accepted,4.743363380432129,11.81527042388916,0.2082824676208225
229,7.633333333333334,detected,1,3,0.8460164666175842,ankle_midpoint,880.0968017578125,600.5343627929688,0.9898309111595154,0.9914984107017517,2.2915894985198975,1.6166788339614868,2.297430513935674,1.6197694080911664,0.0,0,two_ankles,accepted,2.2915894985198975,1.6166788339614868,0.01864451941533453
229,7.633333333333334,detected,2,6,0.8233591914176941,ankle_midpoint,1135.7763671875,594.3014526367188,0.9616111516952515,0.9779180288314819,4.5827107429504395,1.2333422899246216,4.5943603501624155,1.2358154604122604,0.0,0,two_ankles,accepted,4.5827107429504395,1.2333422899246216,0.07783521629874592
229,7.633333333333334,detected,3,1,0.9266933798789978,ankle_midpoint,981.3267211914062,833.83837890625,0.9885745644569397,0.9930509328842163,3.1559553146362305,9.713824272155762,3.1678466763373168,9.740266777104932,0.0,0,two_ankles,accepted,3.1559553146362305,9.713824272155762,0.07778743519390624
229,7.633333333333334,detected,4,20,0.9105777144432068,ankle_midpoint,1281.830810546875,952.975830078125,0.9894919395446777,0.9882861971855164,4.733292102813721,12.14464282989502,4.747740443540442,11.759256912201309,0.0,0,two_ankles,corrected_motion_outlier,4.721685658326703,11.986227548498691,0.32952634564015626
230,7.666666666666667,detected,1,3,0.8392536640167236,ankle_midpoint,881.236328125,600.0736083984375,0.9867691993713379,0.9890672564506531,2.301008462905884,1.5931121110916138,2.299040590972268,1.6077736244413678,0.0,0,two_ankles,accepted,2.301008462905884,1.5931121110916138,0.025379269432548212
230,7.666666666666667,detected,2,6,0.8262743949890137,ankle_midpoint,1137.1343994140625,596.5283203125,0.9754353165626526,0.9883022904396057,4.588346004486084,1.3481632471084595,4.591653894608067,1.28637196442555,0.0,0,two_ankles,accepted,4.588346004486084,1.3481632471084595,0.11495915962283236
230,7.666666666666667,detected,3,1,0.9256153106689453,ankle_midpoint,977.9411010742188,830.4700927734375,0.9875542521476746,0.993680477142334,3.13549542427063,9.633194923400879,3.153288612907308,9.692084442938109,0.0,0,two_ankles,accepted,3.13549542427063,9.633194923400879,0.08318472813208515
230,7.666666666666667,detected,4,20,0.9267174005508423,ankle_midpoint,1288.461181640625,973.1614990234375,0.9935500025749207,0.9926309585571289,4.729935646057129,12.496988296508789,4.726260815246818,11.938324404609421,0.0,0,two_ankles,corrected_motion_outlier,4.700007936221278,12.157184673108224,0.340925051110753
231,7.7,detected,1,3,0.784105658531189,ankle_midpoint,882.0547485351562,599.3560791015625,0.9837538599967957,0.9866977334022522,2.307204246520996,1.5565650463104248,2.302714235969196,1.5847297642824434,0.0,0,two_ankles,accepted,2.307204246520996,1.5565650463104248,0.03706852679465043
231,7.7,detected,2,6,0.8366489410400391,ankle_midpoint,1136.579345703125,597.34130859375,0.9785194993019104,0.984917938709259,4.5809760093688965,1.3900978565216064,4.58684884625044,1.3330486158687755,0.0,0,two_ankles,accepted,4.5809760093688965,1.3900978565216064,0.04257732136549412
231,7.7,detected,3,1,0.923721194267273,ankle_midpoint,976.314453125,829.8212890625,0.9873223900794983,0.9936301112174988,3.1255393028259277,9.617713928222656,3.140801423370687,9.658617711316156,0.0,0,two_ankles,accepted,3.1255393028259277,9.617713928222656,0.018406128488354392
231,7.7,detected,4,20,0.9241179823875427,ankle_midpoint,1286.7728271484375,980.4248046875,0.9935715198516846,0.992743968963623,4.707874774932861,12.620306968688965,4.717987097105538,12.245216558445216,0.0,0,two_ankles,accepted,4.707874774932861,12.620306968688965,0.2686061303973804
232,7.733333333333333,detected,1,3,0.7783952355384827,ankle_midpoint,884.102783203125,598.5691528320312,0.960386335849762,0.9758090376853943,2.3242697715759277,1.5160783529281616,2.3124142269922254,1.5538366291730168,0.0,0,two_ankles,accepted,2.3242697715759277,1.5160783529281616,0.0439363686076796
232,7.733333333333333,detected,2,6,0.7964280843734741,ankle_midpoint,1136.994384765625,597.3375244140625,0.9798393845558167,0.9859764575958252,4.584705829620361,1.3897993564605713,4.585884488766904,1.3585864491350836,0.0,0,two_ankles,accepted,4.584705829620361,1.3897993564605713,0.0037417457683112656
232,7.733333333333333,detected,3,1,0.9152592420578003,ankle_midpoint,972.5001831054688,830.524169921875,0.981408953666687,0.9907592535018921,3.102057933807373,9.635249137878418,3.123366853067196,9.648101853269175,0.0,0,two_ankles,accepted,3.102057933807373,9.635249137878418,0.029306283774253244
232,7.733333333333333,detected,4,20,0.9333596229553223,ankle_midpoint,1283.143798828125,985.4965209960938,0.9864299297332764,0.9795446991920471,4.680190086364746,12.705487251281738,4.700978442272182,12.452338370221652,0.0,0,two_ankles,accepted,4.680190086364746,12.705487251281738,0.08956630238933766
233,7.766666666666667,detected,1,3,0.7967075109481812,ankle_midpoint,883.55859375,600.64501953125,0.9842678904533386,0.9884800910949707,2.3224782943725586,1.6214064359664917,2.3169430573133756,1.5842430422300806,0.0,0,two_ankles,accepted,2.3224782943725586,1.6214064359664917,0.10534331714494065
233,7.766666666666667,detected,2,6,0.8205671310424805,ankle_midpoint,1136.26416015625,598.1668090820312,0.981940746307373,0.9872227907180786,4.575738906860352,1.4324792623519897,4.581318976908956,1.3918382150826916,0.0,0,two_ankles,accepted,4.575738906860352,1.4324792623519897,0.04361169648940886
233,7.766666666666667,detected,3,1,0.914153516292572,ankle_midpoint,967.1918334960938,832.6092529296875,0.9788965582847595,0.9872636198997498,3.0694680213928223,9.686248779296875,3.099112378813728,9.665267969981642,0.0,0,two_ankles,accepted,3.0694680213928223,9.686248779296875,0.06052326673271436
233,7.766666666666667,detected,4,20,0.9278860688209534,ankle_midpoint,1282.3121337890625,983.6156616210938,0.9910351634025574,0.9888622164726257,4.679295539855957,12.674235343933105,4.691221136184881,12.552192008391806,0.0,0,two_ankles,accepted,4.679295539855957,12.674235343933105,0.03126470736123907
234,7.8,detected,1,3,0.7992323637008667,ankle_midpoint,883.948974609375,600.81689453125,0.9856806993484497,0.9908525347709656,2.3261935710906982,1.629981279373169,2.321105788513171,1.6048252489444703,0.0,0,two_ankles,accepted,2.3261935710906982,1.629981279373169,0.009345117470710936
234,7.8,detected,2,6,0.8199876546859741,ankle_midpoint,1137.70166015625,598.841552734375,0.9815382957458496,0.9875940680503845,4.586613655090332,1.4665954113006592,4.583701582090575,1.425478953380777,0.0,0,two_ankles,accepted,4.586613655090332,1.4665954113006592,0.035807426159293575
234,7.8,detected,3,1,0.918278157711029,ankle_midpoint,965.3665771484375,835.027587890625,0.9752790331840515,0.9853790998458862,3.05835223197937,9.744452476501465,3.0807703127382666,9.700900997915562,0.0,0,two_ankles,accepted,3.05835223197937,9.744452476501465,0.05925564228466176
234,7.8,detected,4,20,0.9280116558074951,ankle_midpoint,1278.664794921875,982.4642333984375,0.9925023317337036,0.9893049001693726,4.662692070007324,12.655364036560059,4.67838305640498,12.598619421067522,0.0,0,two_ankles,accepted,4.662692070007324,12.655364036560059,0.025135660981610814
235,7.833333333333333,detected,1,3,0.8238892555236816,ankle_midpoint,886.0756225585938,597.6978149414062,0.9447256326675415,0.9737246632575989,2.3405954837799072,1.4711765050888062,2.3298761513832025,1.5446833142094216,0.0,0,two_ankles,accepted,2.3405954837799072,1.4711765050888062,0.15945648755887926
235,7.833333333333333,detected,2,6,0.8189062476158142,ankle_midpoint,1138.7750244140625,597.184814453125,0.9834173321723938,0.9918335676193237,4.601113796234131,1.381510853767395,4.5915370784551754,1.4056933085547554,0.0,0,two_ankles,accepted,4.601113796234131,1.381510853767395,0.08631127402501615
235,7.833333333333333,detected,3,1,0.9218727946281433,ankle_midpoint,965.318115234375,839.604248046875,0.9626616835594177,0.9782534241676331,3.05818510055542,9.853118896484375,3.070606967255986,9.769399052271527,0.0,0,two_ankles,accepted,3.05818510055542,9.853118896484375,0.10866654850879864
235,7.833333333333333,detected,4,20,0.9330009818077087,ankle_midpoint,1268.595458984375,979.3727416992188,0.9905350804328918,0.9802027940750122,4.616484642028809,12.604485511779785,4.650528769935703,12.601259161888041,0.0,0,two_ankles,accepted,4.616484642028809,12.604485511779785,0.06872954738834387
236,7.866666666666666,detected,1,3,0.8544771671295166,ankle_midpoint,888.3515625,598.398193359375,0.9877877831459045,0.9936329126358032,2.361889123916626,1.5063161849975586,2.3442819890232434,1.5274181060640832,0.0,0,two_ankles,accepted,2.361889123916626,1.5063161849975586,0.04108790837170541
236,7.866666666666666,detected,2,6,0.8721486330032349,ankle_midpoint,1137.620361328125,595.9777221679688,0.9869247674942017,0.9914351105690002,4.594339370727539,1.3196591138839722,4.592798109977739,1.3669779209529032,0.0,0,two_ankles,accepted,4.594339370727539,1.3196591138839722,0.06222162459748992
236,7.866666666666666,detected,3,1,0.9217386841773987,ankle_midpoint,965.251220703125,840.89794921875,0.9585835933685303,0.9767194986343384,3.0578160285949707,9.883605003356934,3.0648510448585293,9.82079173025996,0.0,0,two_ankles,accepted,3.0578160285949707,9.883605003356934,0.03048834082656933
236,7.866666666666666,detected,4,20,0.9230048656463623,ankle_midpoint,1255.91162109375,970.0519409179688,0.9940826296806335,0.9815391898155212,4.566901683807373,12.447089195251465,4.612896581177955,12.531882676901581,0.0,0,two_ankles,accepted,4.566901683807373,12.447089195251465,0.16502142346577858
237,7.9,detected,1,3,0.8446826934814453,ankle_midpoint,887.8268432617188,597.4281005859375,0.9932603240013123,0.9965692758560181,2.3558456897735596,1.456960678100586,2.349485654360886,1.4957122634805096,0.0,0,two_ankles,accepted,2.3558456897735596,1.456960678100586,0.04972413053336072
237,7.9,detected,2,6,0.8456527590751648,ankle_midpoint,1138.3291015625,595.905517578125,0.9850919842720032,0.99055415391922,4.600921630859375,1.315753698348999,4.596453694374476,1.3439270207811465,0.0,0,two_ankles,accepted,4.600921630859375,1.315753698348999,0.00765365396029677
237,7.9,detected,3,1,0.921371579170227,ankle_midpoint,965.0029296875,840.630615234375,0.9555342197418213,0.9757965803146362,3.0563032627105713,9.877348899841309,3.0610045428919483,9.846242456571568,0.0,0,two_ankles,accepted,3.0563032627105713,9.877348899841309,0.0064364036401719105
237,7.9,detected,4,20,0.9206240177154541,ankle_midpoint,1244.817138671875,967.7756958007812,0.9958962202072144,0.9853217601776123,4.513052940368652,12.40899658203125,4.567966942813769,12.476583934209934,0.0,0,two_ankles,accepted,4.513052940368652,12.40899658203125,0.06596009666361968
238,7.933333333333334,detected,1,3,0.8270296454429626,ankle_midpoint,889.492431640625,596.24658203125,0.9900736808776855,0.9942544102668762,2.3690834045410156,1.3960164785385132,2.3583046419419444,1.4508491602566114,0.0,0,two_ankles,accepted,2.3690834045410156,1.3960164785385132,0.062365315300463874
238,7.933333333333334,detected,2,6,0.8642309904098511,ankle_midpoint,1141.528076171875,596.437255859375,0.9818158149719238,0.9876919388771057,4.628051280975342,1.3423658609390259,4.610672608344865,1.3432244988521922,0.0,0,two_ankles,accepted,4.628051280975342,1.3423658609390259,0.038002961899473074
238,7.933333333333334,detected,3,1,0.924651563167572,ankle_midpoint,965.180419921875,840.7041015625,0.9502919316291809,0.9727498888969421,3.0573813915252686,9.879054069519043,3.0593741247769426,9.861007682397933,0.0,0,two_ankles,accepted,3.0573813915252686,9.879054069519043,0.002017415517672372
238,7.933333333333334,detected,4,20,0.9126788377761841,ankle_midpoint,1218.25048828125,962.07470703125,0.9961211085319519,0.9912877678871155,4.383360385894775,12.312604904174805,4.484893992200222,12.402793370694127,0.0,0,two_ankles,accepted,4.383360385894775,12.312604904174805,0.16159057598121332
239,7.966666666666667,detected,1,3,0.8480912446975708,ankle_midpoint,890.9327392578125,595.7373046875,0.9882885217666626,0.9925536513328552,2.3812808990478516,1.3694779872894287,2.368643957639603,1.4142321324213794,0.0,0,two_ankles,accepted,2.3812808990478516,1.3694779872894287,0.02920736876238642
239,7.966666666666667,detected,2,6,0.8454416394233704,ankle_midpoint,1143.2606201171875,598.0421142578125,0.9823488593101501,0.9858476519584656,4.638704299926758,1.424343466758728,4.6232868695567175,1.3797280344101335,0.0,0,two_ankles,accepted,4.638704299926758,1.424343466758728,0.08266688979700211
239,7.966666666666667,detected,3,1,0.921764612197876,ankle_midpoint,961.608642578125,839.4727172851562,0.9843095541000366,0.9899303913116455,3.0356600284576416,9.85051441192627,3.0487027814332572,9.856285710685686,0.0,0,two_ankles,accepted,3.0356600284576416,9.85051441192627,0.03586543836381229
239,7.966666666666667,detected,4,20,0.9090235829353333,ankle_midpoint,1198.8226318359375,953.5213623046875,0.9935745596885681,0.9840446710586548,4.293564319610596,12.16342544555664,4.398795639534891,12.29507780438226,0.0,0,two_ankles,accepted,4.293564319610596,12.16342544555664,0.17412020099265138
240,8.0,detected,1,3,0.8550740480422974,ankle_midpoint,890.581298828125,595.6478271484375,0.9816996455192566,0.9892358183860779,2.37800931930542,1.364962100982666,2.3728583703892205,1.3920606182739585,0.0,0,two_ankles,accepted,2.37800931930542,1.364962100982666,0.00557642028067253
240,8.0,detected,2,6,0.8646563291549683,ankle_midpoint,1143.391845703125,599.548828125,0.9859681129455566,0.9877042770385742,4.6353044509887695,1.5012167692184448,4.628694781201141,1.4343979650738736,0.0,0,two_ankles,accepted,4.6353044509887695,1.5012167692184448,0.07694844770275902
240,8.0,detected,3,1,0.9233375191688538,ankle_midpoint,961.9752197265625,837.791748046875,0.9840415716171265,0.9893391728401184,3.0377931594848633,9.810696601867676,3.04379345155648,9.835770611717582,0.0,0,two_ankles,accepted,3.0377931594848633,9.810696601867676,0.039874907471259984
240,8.0,detected,4,20,0.9106650948524475,ankle_midpoint,1184.729736328125,950.394287109375,0.9946563243865967,0.9869438409805298,4.223233699798584,12.108918190002441,4.319792766653553,12.211305977911342,0.0,0,two_ankles,accepted,4.223233699798584,12.108918190002441,0.08897998084508962
241,8.033333333333333,detected,1,3,0.8536285758018494,ankle_midpoint,890.3694458007812,598.313720703125,0.9858248233795166,0.9915844202041626,2.3797607421875,1.5015103816986084,2.375964437698446,1.4413130118150512,0.0,0,two_ankles,accepted,2.3797607421875,1.5015103816986084,0.13655951247932777
241,8.033333333333333,detected,2,6,0.8775001168251038,ankle_midpoint,1144.67529296875,601.5565185546875,0.9841980338096619,0.9854182004928589,4.640656471252441,1.602677822113037,4.634077541724227,1.5101239007414973,0.0,0,two_ankles,accepted,4.640656471252441,1.602677822113037,0.1016021130458516
241,8.033333333333333,detected,3,1,0.925294816493988,ankle_midpoint,963.001953125,837.0870361328125,0.9556494951248169,0.9767009615898132,3.0440075397491455,9.793831825256348,3.04388979124318,9.816898157810027,0.0,0,two_ankles,accepted,3.0440075397491455,9.793831825256348,0.017973291635621468
241,8.033333333333333,detected,4,20,0.9147483110427856,ankle_midpoint,1164.095703125,953.0324096679688,0.994642972946167,0.9873746633529663,4.1106977462768555,12.158465385437012,4.225700007484039,12.187527711297895,0.0,0,two_ankles,accepted,4.1106977462768555,12.158465385437012,0.12296042213035926
242,8.066666666666666,detected,1,3,0.8378999829292297,ankle_midpoint,890.9024047851562,602.4314575195312,0.9856842756271362,0.9911684989929199,2.39003849029541,1.7094464302062988,2.38229776136708,1.5619730500911126,0.0,0,two_ankles,accepted,2.39003849029541,1.7094464302062988,0.20818989498811472
242,8.066666666666666,detected,2,6,0.8724111914634705,ankle_midpoint,1144.5887451171875,605.6854248046875,0.9843285083770752,0.9858698844909668,4.627500057220459,1.8095476627349854,4.631117673697531,1.6448645936385669,0.0,0,two_ankles,accepted,4.627500057220459,1.8095476627349854,0.20728777626558498
242,8.066666666666666,detected,3,1,0.9204643964767456,ankle_midpoint,962.2188110351562,833.8225708007812,0.9830703139305115,0.9899537563323975,3.0390632152557373,9.71605110168457,3.041717832048831,9.771516982553571,0.0,0,two_ankles,accepted,3.0390632152557373,9.71605110168457,0.07793771425982005
242,8.066666666666666,detected,4,20,0.916863739490509,ankle_midpoint,1146.022216796875,958.0340576171875,0.9941580295562744,0.9877475500106812,4.009822845458984,12.24929141998291,4.128555284572765,12.215321380206152,0.0,0,two_ankles,accepted,4.009822845458984,12.24929141998291,0.13573914014147898
243,8.1,detected,1,3,0.8480665683746338,ankle_midpoint,892.572509765625,604.8010864257812,0.9844768643379211,0.9897077083587646,2.4078829288482666,1.8272815942764282,2.3938110867336144,1.6813618949745046,0.0,0,two_ankles,accepted,2.4078829288482666,1.8272815942764282,0.11917864690749339
243,8.1,detected,2,6,0.8804672956466675,ankle_midpoint,1145.7069091796875,607.167724609375,0.985308825969696,0.9867700338363647,4.632931232452393,1.882736086845398,4.6319337751372185,1.751906765581641,0.0,0,two_ankles,accepted,4.632931232452393,1.882736086845398,0.07338966608566626
243,8.1,detected,3,1,0.9199233651161194,ankle_midpoint,962.7144165039062,833.1847534179688,0.9833168387413025,0.9898624420166016,3.042062997817993,9.70068645477295,3.041873156644954,9.739643245052292,0.0,0,two_ankles,accepted,3.042062997817993,9.70068645477295,0.0156547459302156
243,8.1,detected,4,20,0.9178872108459473,ankle_midpoint,1136.9847412109375,958.0428466796875,0.9927752017974854,0.9878617525100708,3.9623334407806396,12.250421524047852,4.053755454866309,12.23111644493492,0.0,0,two_ankles,accepted,3.9623334407806396,12.250421524047852,0.04750284930297537
244,8.133333333333333,detected,1,3,0.8581469655036926,ankle_midpoint,892.1529541015625,605.081298828125,0.9683407545089722,0.978914737701416,2.404552459716797,1.841295838356018,2.3986447045760464,1.7533321694961859,0.0,0,two_ankles,accepted,2.404552459716797,1.841295838356018,0.014404550036637442
244,8.133333333333333,detected,2,6,0.8977725505828857,ankle_midpoint,1148.2724609375,609.4163818359375,0.9845808148384094,0.9858546853065491,4.648721218109131,1.9927643537521362,4.639488124474579,1.860292680258364,0.0,0,two_ankles,accepted,4.648721218109131,1.9927643537521362,0.1111554909374271
244,8.133333333333333,detected,3,1,0.9207561612129211,ankle_midpoint,962.7120361328125,834.97265625,0.9761477708816528,0.9874520897865295,3.042137384414673,9.743501663208008,3.041992059141328,9.741379533222364,0.0,0,two_ankles,accepted,3.042137384414673,9.743501663208008,0.04281527305417166
244,8.133333333333333,detected,4,20,0.9267353415489197,ankle_midpoint,1120.578369140625,956.8594360351562,0.9894473552703857,0.9803338646888733,3.877230167388916,12.231263160705566,3.9743190755014823,12.231182467031712,0.0,0,two_ankles,accepted,3.877230167388916,12.231263160705566,0.08723307874849695
245,8.166666666666666,detected,1,3,0.8698045015335083,ankle_midpoint,894.3203125,608.1300048828125,0.9875885844230652,0.9912850260734558,2.427443742752075,1.991166114807129,2.4116042717552597,1.8603574448861102,0.0,0,two_ankles,accepted,2.427443742752075,1.991166114807129,0.1516084120441
245,8.166666666666666,detected,2,6,0.8888570666313171,ankle_midpoint,1149.9501953125,609.788330078125,0.9884669780731201,0.9902695417404175,4.6622843742370605,2.010570526123047,4.649746436867696,1.9279177108974714,0.0,0,two_ankles,accepted,4.6622843742370605,2.010570526123047,0.02238345323343068
245,8.166666666666666,detected,3,1,0.9211365580558777,ankle_midpoint,962.3050537109375,834.2232666015625,0.9825671315193176,0.9917323589324951,3.039612054824829,9.72563648223877,3.0409210571989034,9.734295160279746,0.0,0,two_ankles,accepted,3.039612054824829,9.72563648223877,0.018042781952929934
245,8.166666666666666,detected,4,20,0.9233186841011047,ankle_midpoint,1108.5106201171875,958.117919921875,0.9807345271110535,0.979225754737854,3.8126978874206543,12.254815101623535,3.9015895408651096,12.241817152598033,0.0,0,two_ankles,accepted,3.8126978874206543,12.254815101623535,0.06869577191432966
246,8.2,detected,1,3,0.8665781021118164,ankle_midpoint,893.451904296875,608.8472900390625,0.9886735081672668,0.9923007488250732,2.4207489490509033,2.0265071392059326,2.4157193765382994,1.9351248073300304,0.0,0,two_ankles,accepted,2.4207489490509033,2.0265071392059326,0.035969546400505106
246,8.2,detected,2,6,0.8866320252418518,ankle_midpoint,1149.258544921875,608.701904296875,0.9881271719932556,0.9909785985946655,4.65950870513916,1.9574699401855469,4.654139457589856,1.9412162140771057,0.0,0,two_ankles,accepted,4.65950870513916,1.9574699401855469,0.05317308121452867
246,8.2,detected,3,1,0.923751950263977,ankle_midpoint,962.9662475585938,833.27587890625,0.9664981961250305,0.9776820540428162,3.043609142303467,9.702838897705078,3.042130695495957,9.720139842121146,0.0,0,two_ankles,accepted,3.043609142303467,9.702838897705078,0.023145335791098124
246,8.2,detected,4,20,0.9222448468208313,ankle_midpoint,1105.9219970703125,958.3555908203125,0.9742832779884338,0.9729255437850952,3.7989065647125244,12.259288787841797,3.8553822015964467,12.249679388457729,0.0,0,two_ankles,accepted,3.7989065647125244,12.259288787841797,0.014498774100566013
247,8.233333333333333,detected,1,3,0.8764861822128296,ankle_midpoint,891.3411865234375,609.22119140625,0.9884952306747437,0.992175281047821,2.402791738510132,2.045290946960449,2.409901939425624,1.984699570163719,0.0,0,two_ankles,accepted,2.402791738510132,2.045290946960449,0.025986397290971915
247,8.233333333333333,detected,2,6,0.8712028861045837,ankle_midpoint,1152.1015625,606.6656494140625,0.9871932864189148,0.99118971824646,4.690703392028809,1.856339931488037,4.670593228087385,1.903021886912025,0.0,0,two_ankles,accepted,4.690703392028809,1.856339931488037,0.10583188153529921
247,8.233333333333333,detected,3,1,0.9212450981140137,ankle_midpoint,962.8690185546875,834.812255859375,0.9839465618133545,0.9873522520065308,3.043088436126709,9.739646911621094,3.042561678779796,9.728918023396123,0.0,0,two_ankles,accepted,3.043088436126709,9.739646911621094,0.03681169682810226
247,8.233333333333333,detected,4,20,0.9212070107460022,ankle_midpoint,1104.4857177734375,956.765869140625,0.9732038974761963,0.9763674139976501,3.7926647663116455,12.231344223022461,3.827159355718286,12.241428564011859,0.0,0,two_ankles,accepted,3.7926647663116455,12.231344223022461,0.028633175692180605
248,8.266666666666667,detected,1,3,0.8895822763442993,ankle_midpoint,888.3505859375,608.92236328125,0.9896696209907532,0.9928030371665955,2.376283645629883,2.0314104557037354,2.3947737072175403,2.0057194686567263,0.0,0,two_ankles,accepted,2.376283645629883,2.0314104557037354,0.029922349935718937
248,8.266666666666667,detected,2,6,0.8188160061836243,ankle_midpoint,1153.8128662109375,613.1763305664062,0.9758039712905884,0.9873912930488586,4.685694217681885,2.1743545532226562,4.685967070764137,1.874615263905942,0.0,0,two_ankles,corrected_motion_outlier,4.704757322924612,1.839896058009618,0.3180540700331483
248,8.266666666666667,detected,3,1,0.9121155142784119,ankle_midpoint,964.9246826171875,826.2945556640625,0.9817245006561279,0.9840289950370789,3.0553746223449707,9.533449172973633,3.048327503384125,9.640957040706002,0.0,0,two_ankles,accepted,3.0553746223449707,9.533449172973633,0.20656344738388835
248,8.266666666666667,detected,4,20,0.9175044894218445,ankle_midpoint,1100.343017578125,955.9515380859375,0.9842790961265564,0.9835054278373718,3.77152156829834,12.217358589172363,3.8021223513793103,12.230597075334085,0.0,0,two_ankles,accepted,3.77152156829834,12.217358589172363,0.02535020268989678
249,8.3,detected,1,3,0.8791705965995789,ankle_midpoint,886.554443359375,608.5255737304688,0.9901936650276184,0.9933684468269348,2.360050678253174,2.012430191040039,2.3791483441835757,2.0087392937292172,0.0,0,two_ankles,accepted,2.360050678253174,2.012430191040039,0.02497518121170007
249,8.3,detected,2,6,0.8687595129013062,ankle_midpoint,1154.317626953125,614.4334716796875,0.9749027490615845,0.9841432571411133,4.686253070831299,2.2348170280456543,4.68609577079436,2.0367060577688125,0.0,0,two_ankles,accepted,4.686253070831299,2.2348170280456543,0.18925163009697227
249,8.3,detected,3,1,0.9139540791511536,ankle_midpoint,968.7472534179688,824.17431640625,0.9735814929008484,0.975426197052002,3.0789949893951416,9.48092269897461,3.062127872089083,9.568941586926876,0.0,0,two_ankles,accepted,3.0789949893951416,9.48092269897461,0.057592987510241944
249,8.3,detected,4,20,0.9180399179458618,ankle_midpoint,1099.259033203125,954.7398681640625,0.9824469089508057,0.9825779795646667,3.7667715549468994,12.195950508117676,3.7862144929847257,12.215006120086702,0.0,0,two_ankles,accepted,3.7667715549468994,12.195950508117676,0.021928715449905684
250,8.333333333333334,detected,1,3,0.8795475959777832,ankle_midpoint,883.0686645507812,609.104248046875,0.9950950145721436,0.9972947239875793,2.330409288406372,2.0415751934051514,2.357215769083834,2.0235154485833875,0.0,0,two_ankles,accepted,2.330409288406372,2.0415751934051514,0.04156973845133602
250,8.333333333333334,detected,2,6,0.8788572549819946,ankle_midpoint,1154.499267578125,618.0936279296875,0.9900755286216736,0.9924848675727844,4.676772594451904,2.4095330238342285,4.681900341440255,2.2044781924982497,0.0,0,two_ankles,accepted,4.676772594451904,2.4095330238342285,0.1749730225399714
250,8.333333333333334,detected,3,1,0.9152817726135254,ankle_midpoint,969.0885009765625,823.7662353515625,0.9781052470207214,0.9792724251747131,3.081110715866089,9.470832824707031,3.070670151788736,9.524792643927945,0.0,0,two_ankles,accepted,3.081110715866089,9.470832824707031,0.010309309445127843
250,8.333333333333334,detected,4,20,0.9244474172592163,ankle_midpoint,1088.0333251953125,951.735595703125,0.9593567848205566,0.9513514637947083,3.709770679473877,12.143543243408203,3.751814776904844,12.18284782558138,0.0,0,two_ankles,accepted,3.709770679473877,12.143543243408203,0.07743139672652012
251,8.366666666666667,detected,1,3,0.8971869945526123,ankle_midpoint,880.2598876953125,609.4617919921875,0.9943112134933472,0.9974125027656555,2.306412935256958,2.0597081184387207,2.33435449386174,2.0398021500182875,0.0,0,two_ankles,accepted,2.306412935256958,2.0597081184387207,0.03007703334347388
251,8.366666666666667,detected,2,6,0.8772857189178467,ankle_midpoint,1154.6552734375,617.8590087890625,0.9872671961784363,0.9911034107208252,4.678820610046387,2.3983662128448486,4.680514462313015,2.2917278016542193,0.0,0,two_ankles,accepted,4.678820610046387,2.3983662128448486,0.0113530628267344
251,8.366666666666667,detected,3,1,0.9173298478126526,ankle_midpoint,978.510009765625,821.3531494140625,0.9778255820274353,0.9736923575401306,3.139730453491211,9.409904479980469,3.1017472875548497,9.473092970151582,0.0,0,two_ankles,accepted,3.139730453491211,9.409904479980469,0.08454902028029058
251,8.366666666666667,detected,4,20,0.9245401620864868,ankle_midpoint,1087.7872314453125,949.1778564453125,0.988499104976654,0.9852327704429626,3.710331916809082,12.097622871398926,3.7331474898617514,12.144496596199277,0.0,0,two_ankles,accepted,3.710331916809082,12.097622871398926,0.04592380159369268
252,8.4,detected,1,3,0.8995869755744934,ankle_midpoint,879.374755859375,609.3766479492188,0.9940354824066162,0.9973499774932861,2.2985637187957764,2.055767059326172,2.3182486450820567,2.0469863592068354,0.0,0,two_ankles,accepted,2.2985637187957764,2.055767059326172,0.008783060171892766
252,8.4,detected,2,6,0.8906720876693726,ankle_midpoint,1154.159423828125,621.069091796875,0.989730715751648,0.9925729036331177,4.6649861335754395,2.549919605255127,4.673526714381106,2.407914113274628,0.0,0,two_ankles,accepted,4.6649861335754395,2.549919605255127,0.1521835191152084
252,8.4,detected,3,1,0.9189154505729675,ankle_midpoint,980.7283325195312,820.1450805664062,0.9746474027633667,0.9687133431434631,3.153653860092163,9.379600524902344,3.1251052451966412,9.431021369789425,0.0,0,two_ankles,accepted,3.153653860092163,9.379600524902344,0.03334952690447731
252,8.4,detected,4,20,0.9305349588394165,ankle_midpoint,1083.3486328125,947.822265625,0.971928596496582,0.9686784148216248,3.6877379417419434,12.073647499084473,3.712713193207838,12.112614502497616,0.0,0,two_ankles,accepted,3.6877379417419434,12.073647499084473,0.032943985596025405
253,8.433333333333334,detected,1,3,0.9035869836807251,ankle_midpoint,877.3153076171875,609.2197265625,0.9930306077003479,0.9973918199539185,2.2803540229797363,2.0486035346984863,2.301196065136013,2.047714088178078,0.0,0,two_ankles,accepted,2.2803540229797363,2.0486035346984863,0.019568063440314257
253,8.433333333333334,detected,2,6,0.8788198828697205,ankle_midpoint,1155.040771484375,619.818115234375,0.9890774488449097,0.9922215342521667,4.676264762878418,2.4909143447875977,4.674758836204897,2.445264217455464,0.0,0,two_ankles,accepted,4.676264762878418,2.4909143447875977,0.06007352363391864
253,8.433333333333334,detected,3,1,0.9158632755279541,ankle_midpoint,985.0125732421875,815.2962646484375,0.9456957578659058,0.9425655603408813,3.1810240745544434,9.257608413696289,3.150268718407652,9.352985539547515,0.0,0,two_ankles,accepted,3.1810240745544434,9.257608413696289,0.12502481288217004
253,8.433333333333334,detected,4,20,0.9252055883407593,ankle_midpoint,1082.5162353515625,944.4207763671875,0.9676439762115479,0.9677849411964417,3.685706377029419,12.012020111083984,3.7005601259275496,12.067347026361482,0.0,0,two_ankles,accepted,3.685706377029419,12.012020111083984,0.061660864468023
254,8.466666666666667,detected,1,3,0.904100239276886,ankle_midpoint,876.7012939453125,608.517333984375,0.99220871925354,0.9970129728317261,2.273916006088257,2.014409303665161,2.2889200385645228,2.0327269351472657,0.0,0,two_ankles,accepted,2.273916006088257,2.014409303665161,0.034795021159001974
254,8.466666666666667,detected,2,6,0.886906087398529,ankle_midpoint,1155.29052734375,619.6294555664062,0.9880488514900208,0.9894178509712219,4.67897367477417,2.481964349746704,4.6766555135610695,2.4617792769865225,0.0,0,two_ankles,accepted,4.67897367477417,2.481964349746704,0.00935096866057018
254,8.466666666666667,detected,3,1,0.9095866084098816,ankle_midpoint,989.26513671875,811.0199584960938,0.9264745116233826,0.9127194285392761,3.2084591388702393,9.14859676361084,3.1764544076158163,9.26101059037601,0.0,0,two_ankles,accepted,3.2084591388702393,9.14859676361084,0.11241095412976565
254,8.466666666666667,detected,4,20,0.9273207783699036,ankle_midpoint,1077.3385009765625,938.9952392578125,0.9617511630058289,0.964203953742981,3.6617636680603027,11.913135528564453,3.6831017198872886,11.99795185235282,0.0,0,two_ankles,accepted,3.6617636680603027,11.913135528564453,0.1017418988069408
255,8.5,detected,1,3,0.9037986397743225,ankle_midpoint,876.7437744140625,608.347900390625,0.9921252131462097,0.9966642260551453,2.274026870727539,2.00610089302063,2.2822181130378802,2.0207452161902797,0.0,0,two_ankles,accepted,2.274026870727539,2.00610089302063,0.008309150281852131
255,8.5,detected,2,6,0.869602620601654,ankle_midpoint,1155.0,620.9382934570312,0.9886009097099304,0.9914538860321045,4.672574043273926,2.543588399887085,4.674818851931855,2.4985933822917756,0.0,0,two_ankles,accepted,4.672574043273926,2.543588399887085,0.061955458508860146
255,8.5,detected,3,1,0.9047669172286987,ankle_midpoint,990.0807495117188,809.5343017578125,0.9263104200363159,0.9048162698745728,3.213881492614746,9.110517501831055,3.193296595865335,9.19328870053078,0.0,0,two_ankles,accepted,3.213881492614746,9.110517501831055,0.038463386458084704
255,8.5,detected,4,20,0.9227766394615173,ankle_midpoint,1072.2589111328125,937.7249755859375,0.9711337685585022,0.9703099727630615,3.635322093963623,11.89023494720459,3.6616008882216393,11.949479245036116,0.0,0,two_ankles,accepted,3.635322093963623,11.89023494720459,0.03497990090509005
256,8.533333333333333,detected,1,3,0.9055817127227783,ankle_midpoint,876.7806396484375,608.0237426757812,0.9924511313438416,0.9964344501495361,2.273850679397583,1.9902013540267944,2.2784527678997466,2.0070004782167112,0.0,0,two_ankles,accepted,2.273850679397583,1.9902013540267944,0.01590051519923948
256,8.533333333333333,detected,2,6,0.8858592510223389,ankle_midpoint,1155.4383544921875,620.8878173828125,0.9880304932594299,0.9901520609855652,4.676479816436768,2.5411176681518555,4.675566285959066,2.5177293109288117,0.0,0,two_ankles,accepted,4.676479816436768,2.5411176681518555,0.0046216424901808825
256,8.533333333333333,detected,3,1,0.9008333683013916,ankle_midpoint,990.5895385742188,809.4281005859375,0.9364135265350342,0.9111539125442505,3.2171192169189453,9.107725143432617,3.2040167753394595,9.154785099836609,0.0,0,two_ankles,accepted,3.2171192169189453,9.107725143432617,0.004275526177598116
256,8.533333333333333,detected,4,20,0.9154385328292847,ankle_midpoint,1068.85888671875,937.6643676757812,0.9757454991340637,0.9747494459152222,3.6170814037323,11.889492988586426,3.6415671202014366,11.922485429633756,0.0,0,two_ankles,accepted,3.6170814037323,11.889492988586426,0.0182557739552767
257,8.566666666666666,detected,1,3,0.9034777879714966,ankle_midpoint,876.900146484375,607.606689453125,0.9920819997787476,0.9958620071411133,2.274254560470581,1.9696989059448242,2.276563574556622,1.9902147706943623,0.0,0,two_ankles,accepted,2.274254560470581,1.9696989059448242,0.020506425755723746
257,8.566666666666666,detected,2,6,0.879101574420929,ankle_midpoint,1156.394287109375,620.8040771484375,0.989569365978241,0.9924967288970947,4.684920310974121,2.5369644165039062,4.679775597215841,2.526385108437604,0.0,0,two_ankles,accepted,4.684920310974121,2.5369644165039062,0.009406989278525167
257,8.566666666666666,detected,3,1,0.9010578393936157,ankle_midpoint,992.2675170898438,813.1593017578125,0.9259187579154968,0.9017512798309326,3.22697114944458,9.202563285827637,3.214346243686764,9.176285283532572,0.0,0,two_ankles,accepted,3.22697114944458,9.202563285827637,0.09534848623563806
257,8.566666666666666,detected,4,20,0.9148245453834534,ankle_midpoint,1064.7784423828125,939.8292846679688,0.98143070936203,0.9816669225692749,3.593836545944214,11.929903984069824,3.6200883617856867,11.925823779129988,0.0,0,two_ankles,accepted,3.593836545944214,11.929903984069824,0.04661943767944427
258,8.6,detected,1,3,0.9054806232452393,ankle_midpoint,876.9784545898438,607.627197265625,0.9923279881477356,0.9959816932678223,2.2749717235565186,1.9706873893737793,2.275847241606576,1.9814274491000998,0.0,0,two_ankles,accepted,2.2749717235565186,1.9706873893737793,0.0012212380526130796
258,8.6,detected,2,6,0.8814934492111206,ankle_midpoint,1157.027587890625,620.9769897460938,0.9907591342926025,0.9910117387771606,4.689826488494873,2.5449304580688477,4.684298498291405,2.534730515771664,0.0,0,two_ankles,accepted,4.689826488494873,2.5449304580688477,0.009355661178105261
258,8.6,detected,3,1,0.9015610218048096,ankle_midpoint,992.0838623046875,814.6453857421875,0.9278251528739929,0.8984781503677368,3.2255172729492188,9.24018669128418,3.219373206854869,9.205040917020796,0.0,0,two_ankles,accepted,3.2255172729492188,9.24018669128418,0.037651485960200716
258,8.6,detected,4,20,0.9175271987915039,ankle_midpoint,1061.499755859375,941.13427734375,0.9826322793960571,0.9830151796340942,3.5754966735839844,11.954255104064941,3.600022102094921,11.938617875350719,0.0,0,two_ankles,accepted,3.5754966735839844,11.954255104064941,0.030484880895389862
259,8.633333333333333,detected,1,3,0.9068973064422607,ankle_midpoint,877.236328125,607.7681884765625,0.9930490255355835,0.995701014995575,2.2774457931518555,1.977549433708191,2.276566589801952,1.9796823421737408,0.0,0,two_ankles,accepted,2.2774457931518555,1.977549433708191,0.0072944275176329764
259,8.633333333333333,detected,2,6,0.8609086871147156,ankle_midpoint,1158.092041015625,620.9960327148438,0.9939841628074646,0.9933419823646545,4.698886871337891,2.5455753803253174,4.6908632661623235,2.5396107048208085,0.0,0,two_ankles,accepted,4.698886871337891,2.5455753803253174,0.009083306775560171
259,8.633333333333333,detected,3,1,0.9058076739311218,ankle_midpoint,994.9281005859375,816.194091796875,0.9208618998527527,0.8847649693489075,3.243030071258545,9.278803825378418,3.230018795836523,9.238234225781726,0.0,0,two_ankles,accepted,3.243030071258545,9.278803825378418,0.04240260782399496
259,8.633333333333333,detected,4,20,0.9203185439109802,ankle_midpoint,1055.256591796875,945.3934326171875,0.9769813418388367,0.983569324016571,3.539777994155884,12.032721519470215,3.5729122535223548,11.980964515204494,0.0,0,two_ankles,accepted,3.539777994155884,12.032721519470215,0.08621370196575687
260,8.666666666666666,detected,1,3,0.900713324546814,ankle_midpoint,877.0458374023438,608.281494140625,0.9928815364837646,0.9949911236763,2.2765660285949707,2.0027740001678467,2.2765663372588105,1.9900735882710885,0.0,0,two_ankles,accepted,2.2765660285949707,2.0027740001678467,0.025239903699363457
260,8.666666666666666,detected,2,6,0.8641400337219238,ankle_midpoint,1158.60888671875,621.7490234375,0.9951046705245972,0.9940333962440491,4.701033115386963,2.5807268619537354,4.695439698313411,2.5581129755306256,0.0,0,two_ankles,accepted,4.701033115386963,2.5807268619537354,0.03521694228906286
260,8.666666666666666,detected,3,1,0.9073763489723206,ankle_midpoint,997.5863647460938,815.4195556640625,0.8640623688697815,0.8352331519126892,3.2598791122436523,9.258932113647461,3.243455938219731,9.247548275321307,0.0,0,two_ankles,accepted,3.2598791122436523,9.258932113647461,0.026053312826511812
260,8.666666666666666,detected,4,20,0.9229807257652283,ankle_midpoint,1054.0091552734375,949.041259765625,0.9749706983566284,0.9821357727050781,3.5312156677246094,12.098857879638672,3.55414878991337,12.034016529199874,0.0,0,two_ankles,accepted,3.5312156677246094,12.098857879638672,0.0666883165947947
261,8.7,detected,1,3,0.9038247466087341,ankle_midpoint,876.9512939453125,608.7518920898438,0.9935649037361145,0.9953697323799133,2.276460647583008,2.025827407836914,2.2765187769046995,2.00616280707571,0.0,0,two_ankles,accepted,2.276460647583008,2.025827407836914,0.02305364852499268
261,8.7,detected,2,6,0.85477614402771,ankle_midpoint,1158.783935546875,622.0631103515625,0.9942281246185303,0.994877815246582,4.701580047607422,2.595369338989258,4.698202855495716,2.57487833908701,0.0,0,two_ankles,accepted,4.701580047607422,2.595369338989258,0.014652688101149865
261,8.7,detected,3,1,0.9058617949485779,ankle_midpoint,999.9749145507812,813.756591796875,0.8957565426826477,0.8623911142349243,3.2753093242645264,9.216595649719238,3.2577899619398893,9.233619593800377,0.0,0,two_ankles,accepted,3.2753093242645264,9.216595649719238,0.045060710391147
261,8.7,detected,4,20,0.9213500022888184,ankle_midpoint,1051.516845703125,948.9481811523438,0.9915090799331665,0.9930332899093628,3.5180413722991943,12.097454071044922,3.537900451986991,12.062563423030145,0.0,0,two_ankles,accepted,3.5180413722991943,12.097454071044922,0.013248876877833757
262,8.733333333333333,detected,1,3,0.8999907970428467,ankle_midpoint,876.708984375,609.2435302734375,0.9938700199127197,0.9953494668006897,2.2750980854034424,2.049912214279175,2.275879465729134,2.0258500403172692,0.0,0,two_ankles,accepted,2.2750980854034424,2.049912214279175,0.024123318118665738
262,8.733333333333333,detected,2,6,0.8749574422836304,ankle_midpoint,1159.44482421875,621.4744873046875,0.9928361773490906,0.9936455488204956,4.709017753601074,2.567683458328247,4.703069559643128,2.571640642745567,0.0,0,two_ankles,accepted,4.709017753601074,2.567683458328247,0.028667533176465334
262,8.733333333333333,detected,3,1,0.9022135138511658,ankle_midpoint,1004.9258422851562,815.694580078125,0.9082140326499939,0.9131364822387695,3.3058366775512695,9.264819145202637,3.2794109839650103,9.247659391931395,0.0,0,two_ankles,accepted,3.3058366775512695,9.264819145202637,0.057073854043081566
262,8.733333333333333,detected,4,20,0.919788658618927,ankle_midpoint,1051.685302734375,948.3859252929688,0.9926562309265137,0.9933761954307556,3.519221305847168,12.087297439575195,3.529494836224071,12.07369373047542,0.0,0,two_ankles,accepted,3.519221305847168,12.087297439575195,0.01022494039050955
263,8.766666666666667,detected,1,3,0.8983177542686462,ankle_midpoint,876.7891845703125,608.27978515625,0.9855382442474365,0.9901911020278931,2.2743191719055176,2.0027525424957275,2.275177333508507,2.0154561662975756,0.0,0,two_ankles,accepted,2.2743191719055176,2.0027525424957275,0.047166103813646956
263,8.766666666666667,detected,2,6,0.8897541165351868,ankle_midpoint,1158.1378173828125,620.7265625,0.9941338896751404,0.9935693740844727,4.700094699859619,2.5329179763793945,4.70173087274055,2.5542154428807895,0.0,0,two_ankles,accepted,4.700094699859619,2.5329179763793945,0.0358923337665425
263,8.766666666666667,detected,3,1,0.9090775847434998,ankle_midpoint,1005.8406982421875,817.8875732421875,0.9414867162704468,0.9617214798927307,3.3108787536621094,9.319744110107422,3.293571480328705,9.280097515110608,0.0,0,two_ankles,accepted,3.3108787536621094,9.319744110107422,0.0551559090333881
263,8.766666666666667,detected,4,20,0.9215616583824158,ankle_midpoint,1051.56884765625,948.4259643554688,0.9906238913536072,0.9927968382835388,3.518582820892334,12.088032722473145,3.52458442932479,12.080146276874396,0.0,0,two_ankles,accepted,3.518582820892334,12.088032722473145,0.00097380900466465
264,8.8,detected,1,3,0.8985524773597717,ankle_midpoint,876.9415283203125,608.13525390625,0.985166609287262,0.9897719025611877,2.2754294872283936,1.9956310987472534,2.275290802682456,2.0065348858999306,0.0,0,two_ankles,accepted,2.2754294872283936,1.9956310987472534,0.0072074795302445585
264,8.8,detected,2,6,0.8902538418769836,ankle_midpoint,1156.9454345703125,620.422607421875,0.9938793182373047,0.9933851361274719,4.690791606903076,2.518916368484497,4.696808203113687,2.538330859402458,0.0,0,two_ankles,accepted,4.690791606903076,2.518916368484497,0.016810489647851853
264,8.8,detected,3,1,0.9111970663070679,ankle_midpoint,1007.0784912109375,815.636962890625,0.9602334499359131,0.9707550406455994,3.3193552494049072,9.263062477111816,3.3051741764129963,9.27243174801115,0.0,0,two_ankles,accepted,3.3193552494049072,9.263062477111816,0.05731194028408199
264,8.8,detected,4,20,0.9174824357032776,ankle_midpoint,1056.385986328125,948.6678466796875,0.9730043411254883,0.9851832985877991,3.5440258979797363,12.091867446899414,3.533333090219516,12.085420803385656,0.0,0,two_ankles,accepted,3.5440258979797363,12.091867446899414,0.025730434957476452
265,8.833333333333334,detected,1,3,0.8961759805679321,ankle_midpoint,877.427978515625,606.851318359375,0.9869681000709534,0.9910388588905334,2.2777180671691895,1.9324054718017578,2.2763830717014866,1.973176649555753,0.0,0,two_ankles,accepted,2.2777180671691895,1.9324054718017578,0.06326703328587799
265,8.833333333333334,detected,2,6,0.8909134864807129,ankle_midpoint,1154.86474609375,620.249267578125,0.993267297744751,0.9927629828453064,4.67346715927124,2.5112521648406982,4.686304733384587,2.5261454468496662,0.0,0,two_ankles,accepted,4.67346715927124,2.5112521648406982,0.018944036086374124
265,8.833333333333334,detected,3,1,0.9124283194541931,ankle_midpoint,1011.078369140625,818.6905517578125,0.9652352929115295,0.9738543629646301,3.3433384895324707,9.339081764221191,3.3223481173167597,9.30242425530567,0.0,0,two_ankles,accepted,3.3433384895324707,9.339081764221191,0.07971278328871699
265,8.833333333333334,detected,4,20,0.9218868613243103,ankle_midpoint,1060.65283203125,947.8173828125,0.9837964177131653,0.9902134537696838,3.567152738571167,12.076048851013184,3.5485519319777596,12.081203424818044,0.0,0,two_ankles,accepted,3.567152738571167,12.076048851013184,0.028019256441835005
266,8.866666666666667,detected,1,3,0.8930167555809021,ankle_midpoint,877.6774291992188,606.4511108398438,0.9862472414970398,0.9904085397720337,2.279292106628418,1.912610411643982,2.2776921374186054,1.9459218424954563,0.0,0,two_ankles,accepted,2.279292106628418,1.912610411643982,0.019857542820529796
266,8.866666666666667,detected,2,6,0.8905635476112366,ankle_midpoint,1152.5841064453125,618.93359375,0.9932165741920471,0.9925289154052734,4.657790184020996,2.449749708175659,4.6734731861709715,2.491767364446363,0.0,0,two_ankles,accepted,4.657790184020996,2.449749708175659,0.06346904543816438
266,8.866666666666667,detected,3,1,0.9085983633995056,ankle_midpoint,1012.9403076171875,820.451904296875,0.9757376909255981,0.9848158359527588,3.3543076515197754,9.382707595825195,3.3367299077081167,9.338551758539456,0.0,0,two_ankles,accepted,3.3543076515197754,9.382707595825195,0.0449837270337245
266,8.866666666666667,detected,4,20,0.9183340668678284,ankle_midpoint,1069.5701904296875,946.8729248046875,0.9892940521240234,0.9911956787109375,3.615117073059082,12.057984352111816,3.5785062454643546,12.070754842100243,0.0,0,two_ankles,accepted,3.615117073059082,12.057984352111816,0.051253326754719955
267,8.9,detected,1,3,0.8949378728866577,ankle_midpoint,878.0087890625,606.4379272460938,0.9847609996795654,0.9894886612892151,2.282179594039917,1.911879062652588,2.279711492898196,1.9306025915661658,0.0,0,two_ankles,accepted,2.282179594039917,1.911879062652588,0.0029786666310244276
267,8.9,detected,2,6,0.8854265213012695,ankle_midpoint,1151.74755859375,619.2027587890625,0.9941121935844421,0.9925402998924255,4.649804592132568,2.4626624584198,4.66282231885369,2.4786701567344096,0.0,0,two_ankles,accepted,4.649804592132568,2.4626624584198,0.015182516151023078
267,8.9,detected,3,1,0.9140326976776123,ankle_midpoint,1014.098876953125,820.7474365234375,0.9771804809570312,0.9857655167579651,3.3614132404327393,9.389888763427734,3.3478374074341968,9.361653410739182,0.0,0,two_ankles,accepted,3.3614132404327393,9.389888763427734,0.010102403770182206
267,8.9,detected,4,20,0.9223633408546448,ankle_midpoint,1073.7998046875,946.693359375,0.9950822591781616,0.9960940480232239,3.6377313137054443,12.054266929626465,3.605157526172845,12.063335281487042,0.0,0,two_ankles,accepted,3.6377313137054443,12.054266929626465,0.02291774661580371
268,8.933333333333334,detected,1,3,0.889140248298645,ankle_midpoint,879.201171875,605.3663940429688,0.9838756918907166,0.9891089200973511,2.2910242080688477,1.8585976362228394,2.2848022147249893,1.898200361661669,0.0,0,two_ankles,accepted,2.2910242080688477,1.8585976362228394,0.05401053230351894
268,8.933333333333334,detected,2,6,0.8898586630821228,ankle_midpoint,1149.4248046875,619.5164794921875,0.9924934506416321,0.9925962090492249,4.628932952880859,2.4780120849609375,4.647572104165917,2.4783740244363472,0.0,0,two_ankles,accepted,4.628932952880859,2.4780120849609375,0.025908229580692655
268,8.933333333333334,detected,3,1,0.9157379865646362,ankle_midpoint,1016.828857421875,824.7256469726562,0.9813955426216125,0.9893617033958435,3.3768086433410645,9.487787246704102,3.360874463592287,9.418413636923397,0.0,0,two_ankles,accepted,3.3768086433410645,9.487787246704102,0.0991016218763488
268,8.933333333333334,detected,4,20,0.9204685091972351,ankle_midpoint,1087.1370849609375,951.1593017578125,0.9883034229278564,0.9913715124130249,3.705446243286133,12.133312225341797,3.650287448873825,12.094824906221682,0.0,0,two_ankles,accepted,3.705446243286133,12.133312225341797,0.10408395872007313
269,8.966666666666667,detected,1,3,0.8849743604660034,ankle_midpoint,880.29736328125,603.9514770507812,0.9843908548355103,0.9892541170120239,2.29854154586792,1.7880207300186157,2.290984913739308,1.8486195274222952,0.0,0,two_ankles,accepted,2.29854154586792,1.7880207300186157,0.07097612314676775
269,8.966666666666667,detected,2,6,0.8943731188774109,ankle_midpoint,1147.458251953125,619.4697265625,0.99050372838974,0.9921276569366455,4.612177848815918,2.4762680530548096,4.631644689258418,2.4774263373146557,0.0,0,two_ankles,accepted,4.612177848815918,2.4762680530548096,0.016845627311460037
269,8.966666666666667,detected,3,1,0.9170822501182556,ankle_midpoint,1017.95849609375,827.314453125,0.9795901775360107,0.988885760307312,3.382744789123535,9.551021575927734,3.370716110081349,9.47808720947535,0.0,0,two_ankles,accepted,3.382744789123535,9.551021575927734,0.06351234698161869
269,8.966666666666667,detected,4,20,0.904407262802124,ankle_midpoint,1104.348388671875,951.267333984375,0.9884463548660278,0.9911995530128479,3.7964677810668945,12.13337230682373,3.7160685983607062,12.112171236492605,0.0,0,two_ankles,accepted,3.7964677810668945,12.13337230682373,0.091021557610047
270,9.0,detected,1,3,0.8842743039131165,ankle_midpoint,880.0765380859375,602.892578125,0.992834210395813,0.9947697520256042,2.294995069503784,1.7352057695388794,2.2927894838333227,1.7975833363747582,0.0,0,two_ankles,accepted,2.294995069503784,1.7352057695388794,0.05293389788290188
270,9.0,detected,2,6,0.884647011756897,ankle_midpoint,1146.807861328125,619.654052734375,0.9906226992607117,0.9926444292068481,4.606064796447754,2.485111713409424,4.620133737493619,2.4808847565573013,0.0,0,two_ankles,accepted,4.606064796447754,2.485111713409424,0.010750801724694408
270,9.0,detected,3,1,0.9165269136428833,ankle_midpoint,1017.8939208984375,827.2081909179688,0.9806692004203796,0.9898422360420227,3.382389545440674,9.548437118530273,3.3759691559930456,9.509744668550066,0.0,0,two_ankles,accepted,3.382389545440674,9.548437118530273,0.0026087579637642587
270,9.0,detected,4,20,0.9173293113708496,ankle_midpoint,1111.7470703125,950.78955078125,0.9817920327186584,0.9884282946586609,3.836050271987915,12.123991966247559,3.7700603514929503,12.117490564882335,0.0,0,two_ankles,accepted,3.836050271987915,12.123991966247559,0.04067879517436139
271,9.033333333333333,detected,1,3,0.885997474193573,ankle_midpoint,880.9326171875,602.16259765625,0.9912320971488953,0.9938001036643982,2.3014631271362305,1.698421835899353,2.2966926233196316,1.752960661160826,0.0,0,two_ankles,accepted,2.3014631271362305,1.698421835899353,0.03734827363525289
271,9.033333333333333,detected,2,6,0.8827428221702576,ankle_midpoint,1145.947021484375,620.6271362304688,0.9907799363136292,0.993261992931366,4.595910549163818,2.531096935272217,4.609233302745209,2.5034802369790135,0.0,0,two_ankles,accepted,4.595910549163818,2.531096935272217,0.047092986395785144
271,9.033333333333333,detected,3,1,0.9165081977844238,ankle_midpoint,1017.857666015625,826.731689453125,0.9847448468208313,0.9919249415397644,3.3823602199554443,9.53680419921875,3.3788451347761255,9.521921457350974,0.0,0,two_ankles,accepted,3.3823602199554443,9.53680419921875,0.011632956274846857
271,9.033333333333333,detected,4,20,0.902855634689331,ankle_midpoint,1133.4072265625,946.9281005859375,0.9882502555847168,0.9938439130783081,3.9546899795532227,12.051969528198242,3.8531436841200732,12.088006098374493,0.0,0,two_ankles,accepted,3.9546899795532227,12.051969528198242,0.13878981156320275
272,9.066666666666666,detected,1,3,0.8919677734375,ankle_midpoint,882.0151977539062,602.2573852539062,0.990196704864502,0.9932591915130615,2.3111824989318848,1.7029097080230713,2.303213067345146,1.7304377322488365,0.0,0,two_ankles,accepted,2.3111824989318848,1.7029097080230713,0.010705474501441199
272,9.066666666666666,detected,2,6,0.8850159645080566,ankle_midpoint,1144.40234375,622.6497802734375,0.9894220232963562,0.9929980039596558,4.577011585235596,2.626089572906494,4.594733529865883,2.5586544381463803,0.0,0,two_ankles,accepted,4.577011585235596,2.626089572906494,0.09685438576686853
272,9.066666666666666,detected,3,1,0.9183075428009033,ankle_midpoint,1017.4644165039062,825.3258056640625,0.9914597272872925,0.995445728302002,3.3805015087127686,9.502434730529785,3.379590503047615,9.51315243028144,0.0,0,two_ankles,accepted,3.3805015087127686,9.502434730529785,0.034419691826705595
272,9.066666666666666,detected,4,20,0.8944740295410156,ankle_midpoint,1150.229248046875,949.0328979492188,0.9750586748123169,0.9889692068099976,4.041856288909912,12.088173866271973,3.9380643562755004,12.088081593928358,0.0,0,two_ankles,accepted,4.041856288909912,12.088173866271973,0.09438601370024617
273,9.1,detected,1,3,0.8866021037101746,ankle_midpoint,883.096923828125,601.596923828125,0.9909064769744873,0.9938713312149048,2.3197827339172363,1.6694746017456055,2.3106694173025866,1.7030043235223826,0.0,0,two_ankles,accepted,2.3197827339172363,1.6694746017456055,0.034523475688127046
273,9.1,detected,2,6,0.8919298052787781,ankle_midpoint,1144.6416015625,622.6416625976562,0.9896592497825623,0.9933445453643799,4.579076766967773,2.6256556510925293,4.587687986561734,2.588804983972148,0.0,0,two_ankles,accepted,4.579076766967773,2.6256556510925293,0.0021102757468054187
273,9.1,detected,3,1,0.9183127880096436,ankle_midpoint,1016.7189331054688,824.95263671875,0.991597592830658,0.9956276416778564,3.3760364055633545,9.493378639221191,3.377991159179698,9.50425422430433,0.0,0,two_ankles,accepted,3.3760364055633545,9.493378639221191,0.01009702609308774
273,9.1,detected,4,20,0.9023321866989136,ankle_midpoint,1160.0869140625,950.1358642578125,0.9799667000770569,0.9926310777664185,4.092896461486816,12.106963157653809,4.007738803620593,12.096578297604811,0.0,0,two_ankles,accepted,4.092896461486816,12.106963157653809,0.054388755155010744
274,9.133333333333333,detected,1,3,0.8835629224777222,ankle_midpoint,885.991943359375,601.4910888671875,0.9915805459022522,0.9947537183761597,2.345276355743408,1.663435935974121,2.3262425396009565,1.6851985491256651,0.0,0,two_ankles,accepted,2.345276355743408,1.663435935974121,0.0261990503285055
274,9.133333333333333,detected,2,6,0.8913704752922058,ankle_midpoint,1143.356689453125,621.840576171875,0.9865981340408325,0.9903072118759155,4.5703301429748535,2.5885589122772217,4.579876956947638,2.5886942517094313,0.0,0,two_ankles,accepted,4.5703301429748535,2.5885589122772217,0.03811392740199668
274,9.133333333333333,detected,3,1,0.9117953181266785,ankle_midpoint,1014.3255615234375,826.3021850585938,0.9921215772628784,0.9958565831184387,3.3607006072998047,9.526790618896484,3.3702104108337463,9.514395601870799,0.0,0,two_ankles,accepted,3.3607006072998047,9.526790618896484,0.03676339339890277
274,9.133333333333333,detected,4,20,0.9009618759155273,ankle_midpoint,1180.107421875,950.5740356445312,0.9884328246116638,0.9956414699554443,4.198494911193848,12.112655639648438,4.0935790520285575,12.103813101524445,0.0,0,two_ankles,accepted,4.198494911193848,12.112655639648438,0.10575177034824326
275,9.166666666666666,detected,1,3,0.861548125743866,ankle_midpoint,889.6898193359375,601.0020751953125,0.9931212067604065,0.9954914450645447,2.377375841140747,1.637896180152893,2.3492525252938625,1.6639124830879177,0.0,0,two_ankles,accepted,2.377375841140747,1.637896180152893,0.041020191249943265
275,9.166666666666666,detected,2,6,0.9001711010932922,ankle_midpoint,1143.6683349609375,622.3146362304688,0.9902995824813843,0.9922500848770142,4.571675777435303,2.6106293201446533,4.576186426167087,2.598565032505282,0.0,0,two_ankles,accepted,4.571675777435303,2.6106293201446533,0.0221113915332332
275,9.166666666666666,detected,3,1,0.9122246503829956,ankle_midpoint,1011.48046875,827.8016967773438,0.9928277134895325,0.9957356452941895,3.3425800800323486,9.563797950744629,3.357776761973118,9.536626658864023,0.0,0,two_ankles,accepted,3.3425800800323486,9.563797950744629,0.04120553505257893
275,9.166666666666666,detected,4,20,0.9030978083610535,ankle_midpoint,1192.7974853515625,957.0025634765625,0.9920774102210999,0.9961714148521423,4.2570085525512695,12.225996971130371,4.167122327263778,12.158795842847113,0.0,0,two_ankles,accepted,4.2570085525512695,12.225996971130371,0.12755431645774495
276,9.2,detected,1,3,0.8662434220314026,ankle_midpoint,891.86865234375,600.7957153320312,0.9928293824195862,0.9951897859573364,2.3964266777038574,1.6269505023956299,2.3704808938783604,1.6472795917763883,0.0,0,two_ankles,accepted,2.3964266777038574,1.6269505023956299,0.021971395843691593
276,9.2,detected,2,6,0.9033190011978149,ankle_midpoint,1143.20458984375,622.7522583007812,0.9893888831138611,0.9917789101600647,4.566501617431641,2.631143093109131,4.571828262236137,2.6132251597770138,0.0,0,two_ankles,accepted,4.566501617431641,2.631143093109131,0.021156247611087045
276,9.2,detected,3,1,0.9128173589706421,ankle_midpoint,1009.4276733398438,828.1367797851562,0.9938276410102844,0.9961937665939331,3.329802989959717,9.572242736816406,3.3451885645670876,9.552653893942596,0.0,0,two_ankles,accepted,3.329802989959717,9.572242736816406,0.015315627395645
276,9.2,detected,4,20,0.9037339687347412,ankle_midpoint,1200.8443603515625,960.59619140625,0.9894731640815735,0.9968183040618896,4.29434061050415,12.288533210754395,4.224370554721945,12.21717765840539,0.0,0,two_ankles,accepted,4.29434061050415,12.288533210754395,0.07283175006348903
277,9.233333333333333,detected,1,3,0.8621663451194763,ankle_midpoint,895.7938232421875,600.7028198242188,0.9906461238861084,0.9933376312255859,2.4311370849609375,1.6212903261184692,2.39777617986552,1.6355844222303246,0.0,0,two_ankles,accepted,2.4311370849609375,1.6212903261184692,0.03516887782458931
277,9.233333333333333,detected,2,6,0.9048407077789307,ankle_midpoint,1144.200927734375,621.08642578125,0.9901891350746155,0.9914332628250122,4.579658508300781,2.553055763244629,4.575351872965227,2.5861489313374406,0.0,0,two_ankles,accepted,4.579658508300781,2.553055763244629,0.07918797170473565
277,9.233333333333333,detected,3,1,0.9182090163230896,ankle_midpoint,1006.89404296875,829.4205932617188,0.9945608973503113,0.9961894154548645,3.313774824142456,9.603792190551758,3.3310523813760033,9.575666127416719,0.0,0,two_ankles,accepted,3.313774824142456,9.603792190551758,0.035387428989186176
277,9.233333333333333,detected,4,20,0.9216826558113098,ankle_midpoint,1216.16796875,965.91162109375,0.9894649982452393,0.9962169528007507,4.366827011108398,12.379737854003906,4.28847596009585,12.290329746424723,0.0,0,two_ankles,accepted,4.366827011108398,12.379737854003906,0.11650135287982812
278,9.266666666666667,detected,1,3,0.8642030358314514,ankle_midpoint,900.0189208984375,600.2132568359375,0.9912852644920349,0.993724524974823,2.4680538177490234,1.5955102443695068,2.429401116913097,1.6175510421929566,0.0,0,two_ankles,accepted,2.4680538177490234,1.5955102443695068,0.045027300326914155
278,9.266666666666667,detected,2,6,0.9063828587532043,ankle_midpoint,1143.845458984375,618.2935791015625,0.9921516180038452,0.9927151799201965,4.584464073181152,2.421517848968506,4.579452363062394,2.5120649442714202,0.0,0,two_ankles,accepted,4.584464073181152,2.421517848968506,0.13162566750422255
278,9.266666666666667,detected,3,1,0.9212953448295593,ankle_midpoint,1003.4521484375,828.5852661132812,0.9934375882148743,0.9949718713760376,3.292827844619751,9.583979606628418,3.31385133983569,9.579407193061984,0.0,0,two_ankles,accepted,3.292827844619751,9.583979606628418,0.0288325238722525
278,9.266666666666667,detected,4,20,0.922351598739624,ankle_midpoint,1233.42578125,969.0897216796875,0.9845742583274841,0.9942386150360107,4.451780796051025,12.432893753051758,4.361963136275679,12.35448354940689,0.0,0,two_ankles,accepted,4.451780796051025,12.432893753051758,0.10021324852365328
279,9.3,detected,1,3,0.8648281097412109,ankle_midpoint,902.0584716796875,600.8539428710938,0.9925557971000671,0.9944150447845459,2.486908435821533,1.627362608909607,2.4552794104218933,1.6219662472154495,0.0,0,two_ankles,accepted,2.486908435821533,1.627362608909607,0.03701445325079972
279,9.3,detected,2,6,0.9043188095092773,ankle_midpoint,1144.179931640625,616.6847534179688,0.991818904876709,0.9917671084403992,4.591910362243652,2.3449900150299072,4.585058462693961,2.4368812261127397,0.0,0,two_ankles,accepted,4.591910362243652,2.3449900150299072,0.0768892488462206
279,9.3,detected,3,1,0.9215294718742371,ankle_midpoint,1002.4954833984375,828.7718505859375,0.9935492873191833,0.9947379231452942,3.2868804931640625,9.58864688873291,3.301714458833458,9.583565056113901,0.0,0,two_ankles,accepted,3.2868804931640625,9.58864688873291,0.007560060289468124
279,9.3,detected,4,20,0.9247393012046814,ankle_midpoint,1238.7088623046875,972.6941528320312,0.9618437886238098,0.9915487766265869,4.473517894744873,12.494229316711426,4.412162777586817,12.417369144693932,0.0,0,two_ankles,accepted,4.473517894744873,12.494229316711426,0.06507344181058242
280,9.333333333333334,detected,1,3,0.8580307364463806,ankle_midpoint,904.1314086914062,601.5015869140625,0.9922911524772644,0.9936805963516235,2.5060205459594727,1.6594786643981934,2.4781129214138042,1.6388468349476843,0.0,0,two_ankles,accepted,2.5060205459594727,1.6594786643981934,0.037372634026392765
280,9.333333333333334,detected,2,6,0.9051779508590698,ankle_midpoint,1143.341064453125,614.4639892578125,0.9899537563323975,0.9897871017456055,4.5909881591796875,2.2388978004455566,4.587726826112538,2.3477886845625076,0.0,0,two_ankles,accepted,4.5909881591796875,2.2388978004455566,0.10609622261844706
280,9.333333333333334,detected,3,1,0.9234704375267029,ankle_midpoint,1000.4970092773438,830.7520141601562,0.9931596517562866,0.9939396381378174,3.274049997329712,9.636913299560547,3.2892654511567727,9.607571765664893,0.0,0,two_ankles,accepted,3.274049997329712,9.636913299560547,0.04994264748226204
280,9.333333333333334,detected,4,20,0.9361218214035034,ankle_midpoint,1260.2880859375,964.9183959960938,0.9619156718254089,0.989373505115509,4.598421096801758,12.357770919799805,4.49597902123354,12.390549943491575,0.0,0,two_ankles,accepted,4.598421096801758,12.357770919799805,0.18499109160106197
281,9.366666666666667,detected,1,3,0.8454095125198364,ankle_midpoint,906.317626953125,602.529052734375,0.9907694458961487,0.9929454922676086,2.526493787765503,1.7105382680892944,2.499884311272069,1.671107979861409,0.0,0,two_ankles,accepted,2.526493787765503,1.7105382680892944,0.055011242115957426
281,9.366666666666667,detected,2,6,0.9067130088806152,ankle_midpoint,1144.461669921875,612.623291015625,0.9867209196090698,0.9885386824607849,4.606016635894775,2.149851083755493,4.5959572405145455,2.258716764199351,0.0,0,two_ankles,accepted,4.606016635894775,2.149851083755493,0.09030599573481468
281,9.366666666666667,detected,3,1,0.923102617263794,ankle_midpoint,999.7326049804688,835.6635131835938,0.9936798810958862,0.9938196539878845,3.2681097984313965,9.754961013793945,3.2797454074303536,9.673896927322968,0.0,0,two_ankles,accepted,3.2681097984313965,9.754961013793945,0.11819707610039111
281,9.366666666666667,detected,4,20,0.928250789642334,ankle_midpoint,1282.3743896484375,963.189697265625,0.9725827574729919,0.9938960671424866,4.716876029968262,12.3252534866333,4.595382675164165,12.361166537905351,0.0,0,two_ankles,accepted,4.716876029968262,12.3252534866333,0.12283710616592591
282,9.4,detected,1,3,0.8416074514389038,ankle_midpoint,906.1610717773438,603.578369140625,0.992927610874176,0.99379563331604,2.5262298583984375,1.7630634307861328,2.5117398074789348,1.7124879327775349,0.0,0,two_ankles,accepted,2.5262298583984375,1.7630634307861328,0.05252582579113004
282,9.4,detected,2,6,0.9010374546051025,ankle_midpoint,1145.8193359375,612.1564331054688,0.9872130751609802,0.9893320798873901,4.619193077087402,2.1269094944000244,4.6064133669723315,2.199403492789654,0.0,0,two_ankles,accepted,4.619193077087402,2.1269094944000244,0.02645628705350986
282,9.4,detected,3,1,0.9223290085792542,ankle_midpoint,999.3464965820312,837.4237060546875,0.9939914345741272,0.9940897226333618,3.265316963195801,9.796906471252441,3.273252607524805,9.729251222091232,0.0,0,two_ankles,accepted,3.265316963195801,9.796906471252441,0.042038331675456515
282,9.4,detected,4,20,0.9296912550926208,ankle_midpoint,1293.742431640625,968.6146240234375,0.9682608246803284,0.9913963675498962,4.7658820152282715,12.41830825805664,4.672107378193013,12.386880311973432,0.0,0,two_ankles,accepted,4.7658820152282715,12.41830825805664,0.10517022903823268
283,9.433333333333334,detected,1,3,0.8352802991867065,ankle_midpoint,907.3778076171875,603.6651611328125,0.9907975196838379,0.9924812316894531,2.537060260772705,1.7670964002609253,2.5231340114611314,1.7370617431450606,0.0,0,two_ankles,accepted,2.537060260772705,1.7670964002609253,0.01155692253037757
283,9.433333333333334,detected,2,6,0.8874576091766357,ankle_midpoint,1147.6552734375,609.980224609375,0.9807801842689514,0.9868150949478149,4.641636848449707,2.02051043510437,4.622263933637151,2.1189016168312764,0.0,0,two_ankles,accepted,4.641636848449707,2.02051043510437,0.10874043724375752
283,9.433333333333334,detected,3,1,0.9234479069709778,ankle_midpoint,998.3056640625,839.6309814453125,0.9932281374931335,0.9927446842193604,3.258452892303467,9.84930419921875,3.2665927356752027,9.783275061798616,0.0,0,two_ankles,accepted,3.258452892303467,9.84930419921875,0.05284541006791663
283,9.433333333333334,detected,4,20,0.9329583048820496,ankle_midpoint,1314.590576171875,974.8785400390625,0.9639626145362854,0.9914449453353882,4.861576557159424,12.523542404174805,4.7573685087278985,12.44837825346405,0.0,0,two_ankles,accepted,4.861576557159424,12.523542404174805,0.14223807811072314
284,9.466666666666667,detected,1,3,0.8491126298904419,ankle_midpoint,908.090087890625,603.538330078125,0.9894483089447021,0.9917469024658203,2.543215274810791,1.760590672492981,2.5321705799684784,1.7476497613516249,0.0,0,two_ankles,accepted,2.543215274810791,1.760590672492981,0.008955930526731265
284,9.466666666666667,detected,2,6,0.8829060792922974,ankle_midpoint,1150.3486328125,607.5232543945312,0.9789453148841858,0.9867175817489624,4.672654151916504,1.8991644382476807,4.64493953186286,2.0200198864686585,0.0,0,two_ankles,accepted,4.672654151916504,1.8991644382476807,0.12524745134131496
284,9.466666666666667,detected,3,1,0.923079252243042,ankle_midpoint,997.6121215820312,839.9461669921875,0.9924403429031372,0.9910518527030945,3.25416898727417,9.85683536529541,3.261002048894738,9.816377198372173,0.0,0,two_ankles,accepted,3.25416898727417,9.85683536529541,0.008664312135090228
284,9.466666666666667,detected,4,20,0.9158222675323486,ankle_midpoint,1339.43701171875,983.29638671875,0.977260172367096,0.9942869544029236,4.9718828201293945,12.662999153137207,4.853899948858572,12.54495765831697,0.0,0,two_ankles,accepted,4.9718828201293945,12.662999153137207,0.1778079201879456
285,9.5,detected,1,3,0.8483424782752991,ankle_midpoint,908.356201171875,603.0679931640625,0.9895666837692261,0.9918869137763977,2.5450799465179443,1.7370209693908691,2.537979794915738,1.7428668049692848,0.0,0,two_ankles,accepted,2.5450799465179443,1.7370209693908691,0.023643348005245736
285,9.5,detected,2,6,0.8746182322502136,ankle_midpoint,1150.793212890625,606.78662109375,0.9768584966659546,0.9846203327178955,4.6788177490234375,1.8626480102539062,4.66018472958512,1.9492025421720203,0.0,0,two_ankles,accepted,4.6788177490234375,1.8626480102539062,0.037032950769836204
285,9.5,detected,3,1,0.9227331876754761,ankle_midpoint,997.2083129882812,839.3297119140625,0.9929823875427246,0.9910773038864136,3.251858949661255,9.842337608337402,3.2568876542396707,9.828059382856527,0.0,0,two_ankles,accepted,3.251858949661255,9.842337608337402,0.014680641354741494
285,9.5,detected,4,20,0.9118174910545349,ankle_midpoint,1350.07666015625,989.1524658203125,0.9781962633132935,0.9968570470809937,5.01365852355957,12.759177207946777,4.925791307474022,12.641356455650385,0.0,0,two_ankles,accepted,5.01365852355957,12.759177207946777,0.10485908460423785
286,9.533333333333333,detected,1,3,0.8434306979179382,ankle_midpoint,908.8207397460938,603.1503295898438,0.9908269047737122,0.9921397566795349,2.5492684841156006,1.741024374961853,2.5430597050556765,1.7420377114659407,0.0,0,two_ankles,accepted,2.5492684841156006,1.741024374961853,0.005794057591426306
286,9.533333333333333,detected,2,6,0.8719044923782349,ankle_midpoint,1153.161865234375,605.6145629882812,0.9874150156974792,0.9924339056015015,4.703310012817383,1.8039264678955078,4.679591107039639,1.8838283087475898,0.0,0,two_ankles,accepted,4.703310012817383,1.8039264678955078,0.0636246062675549
286,9.533333333333333,detected,3,1,0.924903154373169,ankle_midpoint,995.017333984375,838.5301513671875,0.993073582649231,0.9910129904747009,3.2387197017669678,9.823724746704102,3.2487120756269547,9.826108796587935,0.0,0,two_ankles,accepted,3.2387197017669678,9.823724746704102,0.022783293295920333
286,9.533333333333333,detected,4,20,0.9075863361358643,ankle_midpoint,1356.4794921875,990.5126953125,0.9819877743721008,0.9956029653549194,5.0432281494140625,12.780938148498535,4.97863788634704,12.704168217432052,0.0,0,two_ankles,accepted,5.0432281494140625,12.780938148498535,0.03671377543745386
287,9.566666666666666,detected,1,3,0.8508931994438171,ankle_midpoint,910.095703125,603.7560424804688,0.9902542233467102,0.9921044111251831,2.5611371994018555,1.7709635496139526,2.551194577511457,1.7550543386325461,0.0,0,two_ankles,accepted,2.5611371994018555,1.7709635496139526,0.032205909106794425
287,9.566666666666666,detected,2,6,0.8726136684417725,ankle_midpoint,1156.775634765625,604.765869140625,0.9871972799301147,0.9926920533180237,4.73788595199585,1.7607730627059937,4.705823787269934,1.8284534480288717,0.0,0,two_ankles,accepted,4.73788595199585,1.7607730627059937,0.05529658171644449
287,9.566666666666666,detected,3,1,0.9216632843017578,ankle_midpoint,992.9109497070312,839.7218017578125,0.9907718896865845,0.9893251657485962,3.225680351257324,9.852174758911133,3.2383477996606214,9.837838479633374,0.0,0,two_ankles,accepted,3.225680351257324,9.852174758911133,0.031295812120690665
287,9.566666666666666,detected,4,20,0.9158331751823425,ankle_midpoint,1358.218994140625,986.3873901367188,0.9441543817520142,0.9844439029693604,5.061092376708984,12.712565422058105,5.015742407009915,12.707946959513777,0.0,0,two_ankles,accepted,5.061092376708984,12.712565422058105,0.07066795835272492
288,9.6,detected,1,3,0.8557325005531311,ankle_midpoint,909.7730712890625,604.285888671875,0.9907763600349426,0.9921229481697083,2.558821678161621,1.7974483966827393,2.5546267728040313,1.774131664755133,0.0,0,two_ankles,accepted,2.558821678161621,1.7974483966827393,0.026585875251174104
288,9.6,detected,2,6,0.8774088025093079,ankle_midpoint,1158.419921875,603.0208740234375,0.987246036529541,0.9929530024528503,4.758053302764893,1.6730234622955322,4.729327069242666,1.758509954448869,0.0,0,two_ankles,accepted,4.758053302764893,1.6730234622955322,0.09003729454641154
288,9.6,detected,3,1,0.9230895042419434,ankle_midpoint,992.21630859375,839.1387939453125,0.9914832711219788,0.9898744821548462,3.2215731143951416,9.838500022888184,3.2307991912911556,9.83813617409804,0.0,0,two_ankles,accepted,3.2215731143951416,9.838500022888184,0.01427822817927409
288,9.6,detected,4,20,0.912639319896698,ankle_midpoint,1358.2919921875,985.40771484375,0.9701882004737854,0.9930250644683838,5.063623905181885,12.696270942687988,5.037289081187302,12.702692751942173,0.0,0,two_ankles,accepted,5.063623905181885,12.696270942687988,0.016489957378728423
289,9.633333333333333,detected,1,3,0.8593647480010986,ankle_midpoint,909.4989624023438,604.9708251953125,0.990994393825531,0.9925548434257507,2.557094097137451,1.8315705060958862,2.5557370687540706,1.7999791433584722,0.0,0,two_ankles,accepted,2.557094097137451,1.8315705060958862,0.034165814595847784
289,9.633333333333333,detected,2,6,0.8965215682983398,ankle_midpoint,1161.201171875,600.5404052734375,0.9892054796218872,0.9952424764633179,4.790909767150879,1.5471522808074951,4.757039283301362,1.6633990013102506,0.0,0,two_ankles,accepted,4.790909767150879,1.5471522808074951,0.13008882189159054
289,9.633333333333333,detected,3,1,0.9240224957466125,ankle_midpoint,989.71630859375,839.88134765625,0.9907655715942383,0.9893049001693726,3.2062597274780273,9.856369972229004,3.219756432575248,9.846341383256974,0.0,0,two_ankles,accepted,3.2062597274780273,9.856369972229004,0.02353369729381107
289,9.633333333333333,detected,4,20,0.8447464108467102,ankle_midpoint,1359.6820068359375,981.564453125,0.9726511836051941,0.9912217855453491,5.079263210296631,12.631890296936035,5.0561774392865,12.670831647189413,0.0,0,two_ankles,accepted,5.079263210296631,12.631890296936035,0.06625296530654763
290,9.666666666666666,detected,1,3,0.8555574417114258,ankle_midpoint,909.2811279296875,605.2659912109375,0.9905871748924255,0.9926122426986694,2.555473566055298,1.8462716341018677,2.5556184925396233,1.8208107641930003,0.0,0,two_ankles,accepted,2.555473566055298,1.8462716341018677,0.014790175307834488
290,9.666666666666666,detected,2,6,0.8774650692939758,ankle_midpoint,1163.86474609375,599.9083251953125,0.9894592761993408,0.994845986366272,4.816766262054443,1.5143952369689941,4.783916423740249,1.5963473073566854,0.0,0,two_ankles,accepted,4.816766262054443,1.5143952369689941,0.04173226868665936
290,9.666666666666666,detected,3,1,0.9216505289077759,ankle_midpoint,987.601806640625,841.9884033203125,0.9910755157470703,0.9894914627075195,3.193108320236206,9.90621566772461,3.2077647820226796,9.87328481126741,0.0,0,two_ankles,accepted,3.193108320236206,9.90621566772461,0.05155145848451674
290,9.666666666666666,detected,4,20,0.7353615760803223,ankle_midpoint,1365.189697265625,964.726806640625,0.9828432202339172,0.9907968044281006,5.146355628967285,12.343243598937988,5.096757624642853,12.523417025476272,0.0,0,two_ankles,accepted,5.146355628967285,12.343243598937988,0.29634154097637755
291,9.7,detected,1,3,0.8485344052314758,ankle_midpoint,909.253662109375,605.1640625,0.9900705218315125,0.9920561909675598,2.555129289627075,1.8412219285964966,2.555398351228977,1.8299957881745739,0.0,0,two_ankles,accepted,2.555129289627075,1.8412219285964966,0.0050614278568408815
291,9.7,detected,2,6,0.8817384839057922,ankle_midpoint,1164.91015625,598.5116577148438,0.9909251928329468,0.994748055934906,4.830845355987549,1.4429363012313843,4.805034443251534,1.5273123546003,0.0,0,two_ankles,accepted,4.830845355987549,1.4429363012313843,0.07283268759787094
291,9.7,detected,3,1,0.9198989272117615,ankle_midpoint,986.7772216796875,842.1524047851562,0.9912856221199036,0.9889896512031555,3.188094139099121,9.910172462463379,3.1989129927070783,9.889884254305596,0.0,0,two_ankles,accepted,3.188094139099121,9.910172462463379,0.006387349769681701
291,9.7,detected,4,20,0.8725427985191345,ankle_midpoint,1366.12109375,952.2969970703125,0.992490828037262,0.9956151247024536,5.18095588684082,12.123294830322266,5.134646842631939,12.34336203765697,0.0,0,two_ankles,accepted,5.18095588684082,12.123294830322266,0.22265362934497124
292,9.733333333333333,detected,1,3,0.8522886037826538,ankle_midpoint,907.90380859375,604.945068359375,0.9910979866981506,0.9926706552505493,2.543025016784668,1.8306816816329956,2.549830350729038,1.8303044402308637,0.0,0,two_ankles,accepted,2.543025016784668,1.8306816816329956,0.01605024071766616
292,9.733333333333333,detected,2,6,0.8707424402236938,ankle_midpoint,1167.7406005859375,595.7046508789062,0.9896470904350281,0.9952804446220398,4.865933418273926,1.2979481220245361,4.832438982011611,1.4240984499412064,0.0,0,two_ankles,accepted,4.865933418273926,1.2979481220245361,0.14917353728034266
292,9.733333333333333,detected,3,1,0.9188117384910583,ankle_midpoint,984.833984375,842.6292724609375,0.9902207851409912,0.9887613654136658,3.176274538040161,9.921606063842773,3.188725688106966,9.904159068597327,0.0,0,two_ankles,accepted,3.176274538040161,9.921606063842773,0.016444762378820192
292,9.733333333333333,detected,4,20,0.868074357509613,ankle_midpoint,1363.566650390625,925.8772583007812,0.9912540316581726,0.9939082860946655,5.233126640319824,11.634671211242676,5.1725474660856054,12.176575681613372,0.0,0,two_ankles,corrected_motion_outlier,5.218870450306754,11.972725690893418,0.4914008838423097
293,9.766666666666667,detected,1,3,0.8296324014663696,ankle_midpoint,908.53662109375,605.19970703125,0.9898172616958618,0.9917260408401489,2.548855781555176,1.843165636062622,2.5493917946008002,1.8360919783551548,0.0,0,two_ankles,accepted,2.548855781555176,1.843165636062622,0.013778495418948516
293,9.766666666666667,detected,2,6,0.8574386835098267,ankle_midpoint,1171.233642578125,595.5830688476562,0.9883471131324768,0.9942266941070557,4.8977766036987305,1.2907795906066895,4.861840911770815,1.3641049632406737,0.0,0,two_ankles,accepted,4.8977766036987305,1.2907795906066895,0.0326401026451687
293,9.766666666666667,detected,3,1,0.9179139137268066,ankle_midpoint,984.9083251953125,844.3131103515625,0.9951752424240112,0.9947996139526367,3.1765081882476807,9.960936546325684,3.183227813170288,9.929708933575087,0.0,0,two_ankles,accepted,3.1765081882476807,9.960936546325684,0.03933117649852311
293,9.766666666666667,detected,4,20,0.8822854161262512,ankle_midpoint,1362.071044921875,899.8623046875,0.9836525917053223,0.9887681603431702,5.293557643890381,11.122414588928223,5.210454362544792,12.017087073046412,0.050707528473892816,0,two_ankles,corrected_motion_outlier,5.256785013772686,11.82215655146457,0.5035971637389467
294,9.8,detected,1,3,0.8168665170669556,ankle_midpoint,908.3641357421875,605.6776123046875,0.9892918467521667,0.9913161993026733,2.547826051712036,1.8668948411941528,2.548687210300857,1.849953266632704,0.0,0,two_ankles,accepted,2.547826051712036,1.8668948411941528,0.023751537207602338
294,9.8,detected,2,6,0.8485610485076904,ankle_midpoint,1173.475830078125,594.2958374023438,0.9693179130554199,0.9808529019355774,4.922596454620361,1.2234790325164795,4.889180906053111,1.3008232944147864,0.0,0,two_ankles,accepted,4.922596454620361,1.2234790325164795,0.07173137471863833
294,9.8,detected,3,1,0.9180759787559509,ankle_midpoint,985.0625,845.1242065429688,0.9951266050338745,0.9945863485336304,3.1773335933685303,9.979804039001465,3.180575414259497,9.952251731016958,0.0,0,two_ankles,accepted,3.1773335933685303,9.979804039001465,0.018885538739580182
294,9.8,detected,4,20,0.8951288461685181,ankle_midpoint,1364.5009765625,885.39208984375,0.9909680485725403,0.9916234612464905,5.347600936889648,10.822650909423828,5.2483647091570145,11.861612225591601,0.20058317601504505,0,two_ankles,corrected_motion_outlier,5.294699577238619,11.671587412035722,0.4370920550989787
295,9.833333333333334,detected,1,3,0.783591091632843,ankle_midpoint,908.2919921875,605.5620727539062,0.9894508719444275,0.9912920594215393,2.5470738410949707,1.861189842224121,2.5479611941582085,1.8550097256488418,0.0,0,two_ankles,accepted,2.5470738410949707,1.861189842224121,0.005754375210262983
295,9.833333333333334,detected,2,6,0.8429951667785645,ankle_midpoint,1173.498046875,594.5169677734375,0.9812730550765991,0.9922279715538025,4.921995639801025,1.2349613904953003,4.903947536239674,1.2711854376510177,0.0,0,two_ankles,accepted,4.921995639801025,1.2349613904953003,0.01149806606351361
295,9.833333333333334,detected,3,1,0.914828896522522,ankle_midpoint,985.6868896484375,846.58642578125,0.9949554800987244,0.9935957789421082,3.180901527404785,10.013669967651367,3.1807221651748767,9.979889937502442,0.0,0,two_ankles,accepted,3.180901527404785,10.013669967651367,0.03405335925584057
295,9.833333333333334,detected,4,20,0.8843536972999573,ankle_midpoint,1366.49072265625,861.4129028320312,0.9942581653594971,0.9962305426597595,5.429544448852539,10.301508903503418,5.286276953353407,11.708344946748475,0.5733554618216131,0,two_ankles,corrected_motion_outlier,5.332614140704552,11.521018272606874,0.45966701509885544
296,9.866666666666667,detected,1,3,0.810447096824646,ankle_midpoint,908.7254638671875,605.3106689453125,0.9881424307823181,0.9905542731285095,2.5506300926208496,1.8486231565475464,2.549162198466397,1.852135769553259,0.0,0,two_ankles,accepted,2.5506300926208496,1.8486231565475464,0.013060188123038042
296,9.866666666666667,detected,2,6,0.8777763247489929,ankle_midpoint,1172.828857421875,595.8150634765625,0.980170488357544,0.98907870054245,4.911291122436523,1.3023674488067627,4.907252150028256,1.2852173426711029,0.0,0,two_ankles,accepted,4.911291122436523,1.3023674488067627,0.06825073911024843
296,9.866666666666667,detected,3,1,0.9120373725891113,ankle_midpoint,987.231689453125,847.5555419921875,0.9942066669464111,0.9936785101890564,3.190053939819336,10.035893440246582,3.1849214637648835,10.005091513737305,0.0,0,two_ankles,accepted,3.190053939819336,10.035893440246582,0.024034337669182573
296,9.866666666666667,detected,4,20,0.8522300124168396,ankle_midpoint,1368.24853515625,846.2467041015625,0.9870783090591431,0.9946380257606506,5.487056732177734,9.954853057861328,5.324190241221093,11.556291830641772,0.7703841134577983,0,two_ankles,corrected_motion_outlier,5.370528704170485,11.370449133178026,0.4379880111632969
297,9.9,detected,1,3,0.8239666223526001,ankle_midpoint,908.6383056640625,605.197509765625,0.9867441654205322,0.9899346232414246,2.549748420715332,1.8430317640304565,2.549425998478418,1.848038967067998,0.0,0,two_ankles,accepted,2.549748420715332,1.8430317640304565,0.005660478392251604
297,9.9,detected,2,6,0.8792180418968201,ankle_midpoint,1173.325927734375,596.151611328125,0.9809519648551941,0.9881227612495422,4.914549350738525,1.3196181058883667,4.9105358903478775,1.3006976861188715,0.0,0,two_ankles,accepted,4.914549350738525,1.3196181058883667,0.017555660665866748
297,9.9,detected,3,1,0.9093014597892761,ankle_midpoint,988.2827758789062,848.9365234375,0.9911983609199524,0.9894095659255981,3.196157455444336,10.067618370056152,3.189977660020637,10.033228599080788,0.0,0,two_ankles,accepted,3.196157455444336,10.067618370056152,0.03230671871928163
297,9.9,detected,4,20,0.8358538150787354,ankle_midpoint,1373.232421875,846.9586791992188,0.990947425365448,0.9943643808364868,5.514866828918457,9.9707612991333,5.362104103107989,11.404906504040106,0.6036440833166422,0,two_ankles,corrected_motion_outlier,5.408443267636418,11.219879993749178,0.3630464127097866
298,9.933333333333334,detected,1,3,0.8412762880325317,ankle_midpoint,908.8258056640625,605.0392456054688,0.9834153652191162,0.9873818755149841,2.5512375831604004,1.8351320028305054,2.55024121158531,1.8422308331611266,0.0,0,two_ankles,accepted,2.5512375831604004,1.8351320028305054,0.008038894936746963
298,9.933333333333334,detected,2,6,0.8724801540374756,ankle_midpoint,1173.920654296875,596.0465698242188,0.9817836880683899,0.9891641736030579,4.920271396636963,1.3140469789505005,4.914916868177967,1.3067048678931046,0.0,0,two_ankles,accepted,4.920271396636963,1.3140469789505005,0.007986192122760631
298,9.933333333333334,detected,3,1,0.9110144972801208,ankle_midpoint,987.7808837890625,849.47509765625,0.9774657487869263,0.9739652872085571,3.1930670738220215,10.080080032348633,3.1913678962312604,10.054311744051319,0.0,0,two_ankles,accepted,3.1930670738220215,10.080080032348633,0.012839138820939996
298,9.933333333333334,detected,4,20,0.8980355858802795,ankle_midpoint,1373.877197265625,847.3685302734375,0.9945176243782043,0.995598316192627,5.51744270324707,9.980201721191406,5.400018280705452,11.253888461666207,0.44142648076389757,0,two_ankles,corrected_motion_outlier,5.44635783110235,11.06931085432033,0.30990688041895403
299,9.966666666666667,detected,1,3,0.8511186242103577,ankle_midpoint,908.9365234375,604.5223388671875,0.9841173887252808,0.9878706336021423,2.5516879558563232,1.8094197511672974,2.5508922465072663,1.8274658462639035,0.0,0,two_ankles,accepted,2.5516879558563232,1.8094197511672974,0.025716195697602237
299,9.966666666666667,detected,2,6,0.8653708100318909,ankle_midpoint,1174.525146484375,595.90087890625,0.9822295904159546,0.9892087578773499,4.9262309074401855,1.306371808052063,4.920008185845965,1.306554990964636,0.0,0,two_ankles,accepted,4.9262309074401855,1.306371808052063,0.009717202135077228
299,9.966666666666667,detected,3,1,0.9150529503822327,ankle_midpoint,987.5133666992188,845.6624755859375,0.9781460762023926,0.9741034507751465,3.192026138305664,9.991990089416504,3.191664105164742,10.026266999465653,0.0,0,two_ankles,accepted,3.192026138305664,9.991990089416504,0.08809609294704812
299,9.966666666666667,detected,4,20,0.9018254280090332,ankle_midpoint,1377.932373046875,855.571533203125,0.9908079504966736,0.9939513206481934,5.515634059906006,10.16820240020752,5.452045381345702,10.7653297340098,0.10119426045399671,0,two_ankles,accepted,5.515634059906006,10.16820240020752,0.24794139585476627
300,10.0,detected,1,3,0.8341470956802368,ankle_midpoint,909.4208984375,602.486083984375,0.9842888712882996,0.9876036643981934,2.5538971424102783,1.7076194286346436,2.552244449663622,1.7735349583307367,0.0,0,two_ankles,accepted,2.5538971424102783,1.7076194286346436,0.10182429068244236
300,10.0,detected,2,6,0.864808976650238,ankle_midpoint,1174.79296875,596.6209716796875,0.9803921580314636,0.988625168800354,4.926032066345215,1.343443512916565,4.922718932070628,1.323154825843004,0.0,0,two_ankles,accepted,4.926032066345215,1.343443512916565,0.03707223812156189
300,10.0,detected,3,1,0.9144526720046997,ankle_midpoint,986.7593994140625,842.87841796875,0.9805384278297424,0.9794395565986633,3.1878821849823,9.927180290222168,3.189962241082643,9.981677980306085,0.0,0,two_ankles,accepted,3.1878821849823,9.927180290222168,0.06494214672118846
300,10.0,detected,4,20,0.9020227789878845,ankle_midpoint,1380.321533203125,860.3555297851562,0.9930520057678223,0.9941728711128235,5.514740467071533,10.276004791259766,5.480258169922326,10.545133509772285,0.0,0,two_ankles,accepted,5.514740467071533,10.276004791259766,0.1078060945621128
301,10.033333333333333,detected,1,3,0.835325300693512,ankle_midpoint,909.960693359375,603.1573486328125,0.9850467443466187,0.988707423210144,2.5593461990356445,1.741094946861267,2.555440236881032,1.7589369531694756,0.0,0,two_ankles,accepted,2.5593461990356445,1.741094946861267,0.03391611031128794
301,10.033333333333333,detected,2,6,0.8591389656066895,ankle_midpoint,1174.9923095703125,596.0123291015625,0.984081506729126,0.9913631677627563,4.930026054382324,1.3120087385177612,4.926007137110892,1.318139086546645,0.0,0,two_ankles,accepted,4.930026054382324,1.3120087385177612,0.0316874893600654
301,10.033333333333333,detected,3,1,0.9173698425292969,ankle_midpoint,985.6807250976562,838.9608154296875,0.9742979407310486,0.9764519333839417,3.181891679763794,9.835174560546875,3.186330488489161,9.915751441414441,0.0,0,two_ankles,accepted,3.181891679763794,9.835174560546875,0.09220054471561451
301,10.033333333333333,detected,4,20,0.8893411159515381,ankle_midpoint,1386.0035400390625,867.90234375,0.9886572957038879,0.9909906387329102,5.5245842933654785,10.443140983581543,5.5002049254717456,10.499236872986451,0.0,0,two_ankles,accepted,5.5245842933654785,10.443140983581543,0.16742582745779552
302,10.066666666666666,detected,1,3,0.8259122967720032,ankle_midpoint,907.7672729492188,602.2374267578125,0.9869135022163391,0.9894351363182068,2.539010763168335,1.6955556869506836,2.548046973710319,1.7304153833710192,0.0,0,two_ankles,accepted,2.539010763168335,1.6955556869506836,0.04987338112778336
302,10.066666666666666,detected,2,6,0.8706473708152771,ankle_midpoint,1174.03662109375,594.6393432617188,0.9865505695343018,0.9927858710289001,4.926405906677246,1.241178035736084,4.926186583415752,1.2835066136818924,0.0,0,two_ankles,accepted,4.926405906677246,1.241178035736084,0.0709231550761307
302,10.066666666666666,detected,3,1,0.9125861525535583,ankle_midpoint,982.4539794921875,838.683837890625,0.9883157014846802,0.9910320043563843,3.1623148918151855,9.829058647155762,3.175523469985872,9.876739683998036,0.0,0,two_ankles,accepted,3.1623148918151855,9.829058647155762,0.02050987623054751
302,10.066666666666666,detected,4,20,0.8848738074302673,ankle_midpoint,1392.5450439453125,874.3131103515625,0.9825405478477478,0.9870663285255432,5.542784690856934,10.582392692565918,5.51936581989508,10.536656991797212,0.0,0,two_ankles,accepted,5.542784690856934,10.582392692565918,0.14043608127513396
303,10.1,detected,1,3,0.8099482655525208,ankle_midpoint,907.1937255859375,600.5955200195312,0.9888294339179993,0.9915260672569275,2.5321991443634033,1.613046646118164,2.5409154505042073,1.6775994516072346,0.0,0,two_ankles,accepted,2.5321991443634033,1.613046646118164,0.08278973348094601
303,10.1,detected,2,6,0.8690338134765625,ankle_midpoint,1173.53955078125,593.9857788085938,0.9886507987976074,0.9923075437545776,4.924295425415039,1.2073380947113037,4.925335562315431,1.2492307801451275,0.0,0,two_ankles,accepted,4.924295425415039,1.2073380947113037,0.03390568889904368
303,10.1,detected,3,1,0.9134105443954468,ankle_midpoint,981.2742309570312,838.4208984375,0.9883864521980286,0.9909853935241699,3.15516996383667,9.82299518585205,3.1663643922187314,9.852554659832343,0.0,0,two_ankles,accepted,3.15516996383667,9.82299518585205,0.00937099561411568
303,10.1,detected,4,20,0.8979776501655579,ankle_midpoint,1396.544677734375,879.0029296875,0.978825032711029,0.9871089458465576,5.551364421844482,10.682939529418945,5.5337651907723115,10.602484133726993,0.0,0,two_ankles,accepted,5.551364421844482,10.682939529418945,0.10091223010600847
304,10.133333333333333,detected,1,3,0.7925925254821777,ankle_midpoint,904.5408325195312,598.61083984375,0.9893476963043213,0.992605447769165,2.506443977355957,1.5130984783172607,2.525403287587495,1.6035740136267465,0.0,0,two_ankles,accepted,2.506443977355957,1.5130984783172607,0.10321320106623463
304,10.133333333333333,detected,2,6,0.8802828788757324,ankle_midpoint,1169.010986328125,593.193115234375,0.9888151288032532,0.9916896820068359,4.886253356933594,1.1671797037124634,4.907748569893604,1.2123077957504287,0.0,0,two_ankles,accepted,4.886253356933594,1.1671797037124634,0.05531632075583765
304,10.133333333333333,detected,3,1,0.9143874645233154,ankle_midpoint,981.1217041015625,837.8052978515625,0.9908009171485901,0.9907021522521973,3.154303789138794,9.808427810668945,3.1609371208327595,9.832697577708814,0.0,0,two_ankles,accepted,3.154303789138794,9.808427810668945,0.014593103793662184
304,10.133333333333333,detected,4,20,0.8819870352745056,ankle_midpoint,1407.9755859375,887.1492919921875,0.9872703552246094,0.9915480017662048,5.591722011566162,10.854248046875,5.559845760129544,10.715777894643598,0.0,0,two_ankles,accepted,5.591722011566162,10.854248046875,0.17599813408424198
305,10.166666666666666,detected,1,3,0.8124046921730042,ankle_midpoint,900.753662109375,598.011962890625,0.9774951338768005,0.9864444136619568,2.471987247467041,1.483534812927246,2.501366069533291,1.5495563733119715,0.0,0,two_ankles,accepted,2.471987247467041,1.483534812927246,0.0454012835273461
305,10.166666666666666,detected,2,6,0.8851318359375,ankle_midpoint,1163.319091796875,592.5361328125,0.9882072806358337,0.9908921718597412,4.837095737457275,1.1342968940734863,4.875954795297256,1.1772028899958047,0.0,0,two_ankles,accepted,4.837095737457275,1.1342968940734863,0.059141784909924014
305,10.166666666666666,detected,3,1,0.9177019596099854,ankle_midpoint,980.6015014648438,837.72802734375,0.9913383722305298,0.9896911978721619,3.1511454582214355,9.806665420532227,3.156530872657664,9.82098310697935,0.0,0,two_ankles,accepted,3.1511454582214355,9.806665420532227,0.003616776628096554
305,10.166666666666666,detected,4,20,0.8951245546340942,ankle_midpoint,1416.133544921875,901.8084106445312,0.974266529083252,0.9763970375061035,5.592467308044434,11.155414581298828,5.5850877987294725,10.82531426658294,0.0,0,two_ankles,corrected_motion_outlier,5.6159391792404945,10.959192054508803,0.3011674566145874
306,10.2,detected,1,3,0.8323540091514587,ankle_midpoint,897.5947875976562,598.137939453125,0.9737824201583862,0.9841411113739014,2.4439616203308105,1.4907480478286743,2.475534067392175,1.523092626844488,0.0,0,two_ankles,accepted,2.4439616203308105,1.4907480478286743,0.028939014048895997
306,10.2,detected,2,6,0.8791846036911011,ankle_midpoint,1161.356689453125,592.6804809570312,0.9877411723136902,0.9907439351081848,4.818845748901367,1.1423488855361938,4.850255724419107,1.1615185879889798,0.0,0,two_ankles,accepted,4.818845748901367,1.1423488855361938,0.01994734691146407
306,10.2,detected,3,1,0.9187800288200378,ankle_midpoint,980.2579345703125,838.7738037109375,0.991951584815979,0.9901500940322876,3.1489577293395996,9.831483840942383,3.153122958164535,9.825708437262715,0.0,0,two_ankles,accepted,3.1489577293395996,9.831483840942383,0.02491465731884907
306,10.2,detected,4,20,0.902134895324707,ankle_midpoint,1420.572998046875,911.4812622070312,0.9907100200653076,0.9915913343429565,5.587696552276611,11.348400115966797,5.586261737825685,11.060702898805676,0.0,0,two_ankles,accepted,5.587696552276611,11.348400115966797,0.24708423245433722
307,10.233333333333333,detected,1,3,0.8108780384063721,ankle_midpoint,891.8186645507812,601.4742431640625,0.966669499874115,0.981560468673706,2.3968803882598877,1.6611477136611938,2.440139911782646,1.5852174159120058,0.0,0,two_ankles,accepted,2.3968803882598877,1.6611477136611938,0.17678429944186339
307,10.233333333333333,detected,2,6,0.8622168898582458,ankle_midpoint,1161.0975341796875,595.0136108398438,0.9819352626800537,0.9858616590499878,4.8085455894470215,1.2638678550720215,4.831486163681669,1.2075757581763487,0.0,0,two_ankles,accepted,4.8085455894470215,1.2638678550720215,0.12195471799743687
307,10.233333333333333,detected,3,1,0.918459951877594,ankle_midpoint,980.8819580078125,839.4519653320312,0.9877507090568542,0.9867475032806396,3.152684211730957,9.847426414489746,3.152925522269425,9.83548152701488,0.0,0,two_ankles,accepted,3.152684211730957,9.847426414489746,0.016372303513134137
307,10.233333333333333,detected,4,20,0.9055574536323547,ankle_midpoint,1431.7958984375,927.6654052734375,0.9781780242919922,0.9834536910057068,5.600661277770996,11.660951614379883,5.593673920954293,11.259777244202047,0.0,0,two_ankles,corrected_motion_outlier,5.602733255889256,11.503090333019832,0.31282027310807403
308,10.266666666666667,detected,1,3,0.832994282245636,ankle_midpoint,889.828857421875,604.380615234375,0.9824028015136719,0.9885603785514832,2.383164405822754,1.8070505857467651,2.414500934100695,1.6850423423376477,0.0,0,two_ankles,accepted,2.383164405822754,1.8070505857467651,0.14654615742841687
308,10.266666666666667,detected,2,6,0.8497396111488342,ankle_midpoint,1159.306640625,595.2939453125,0.9818292856216431,0.9850959181785583,4.79148006439209,1.278839349746704,4.813483419001359,1.2396443743830088,0.0,0,two_ankles,accepted,4.79148006439209,1.278839349746704,0.022701933798567678
308,10.266666666666667,detected,3,1,0.9191111326217651,ankle_midpoint,981.4176025390625,839.62939453125,0.9882204532623291,0.9873834252357483,3.155918836593628,9.851543426513672,3.1542725137153163,9.842709381789337,0.0,0,two_ankles,accepted,3.155918836593628,9.851543426513672,0.005235703009850557
308,10.266666666666667,detected,4,20,0.9101544618606567,ankle_midpoint,1444.2177734375,948.7193603515625,0.9855507612228394,0.9912570714950562,5.605208873748779,12.050268173217773,5.604517138300717,11.438878731843918,0.0,0,two_ankles,corrected_motion_outlier,5.617769959501901,11.657780550072868,0.3510432491846997
309,10.3,detected,1,3,0.8433893918991089,ankle_midpoint,889.5478515625,605.427978515625,0.9844840168952942,0.9899067282676697,2.382093667984009,1.859122633934021,2.3999176643481865,1.7633784735560156,0.0,0,two_ankles,accepted,2.382093667984009,1.859122633934021,0.052083055612504314
309,10.3,detected,2,6,0.8389145135879517,ankle_midpoint,1158.96533203125,594.8260498046875,0.9790059924125671,0.9815329909324646,4.789978981018066,1.254685878753662,4.802906421908878,1.2464130513498028,0.0,0,two_ankles,accepted,4.789978981018066,1.254685878753662,0.02420007050211818
309,10.3,detected,3,1,0.9181167483329773,ankle_midpoint,981.3653564453125,839.48583984375,0.9882271885871887,0.9874889254570007,3.155616283416748,9.848161697387695,3.1548772100809606,9.845162923808598,0.0,0,two_ankles,accepted,3.155616283416748,9.848161697387695,0.003395236413906742
309,10.3,detected,4,20,0.9152193069458008,ankle_midpoint,1451.467041015625,957.8363647460938,0.9687116742134094,0.9843565821647644,5.616960048675537,12.212824821472168,5.610116447969386,11.787154472176631,0.0,0,two_ankles,accepted,5.616960048675537,12.212824821472168,0.2883066314629342
310,10.333333333333334,detected,1,3,0.8405235409736633,ankle_midpoint,890.6536865234375,605.1885986328125,0.9584084749221802,0.976055920124054,2.3915016651153564,1.8469853401184082,2.396130464693413,1.8010015635090924,0.0,0,two_ankles,accepted,2.3915016651153564,1.8469853401184082,0.015356572247411148
310,10.333333333333334,detected,2,6,0.8237872123718262,ankle_midpoint,1160.210693359375,596.2353515625,0.952399730682373,0.9671937823295593,4.796443462371826,1.3272476196289062,4.799998090117205,1.2827886070753993,0.0,0,two_ankles,accepted,4.796443462371826,1.3272476196289062,0.07284913011161619
310,10.333333333333334,detected,3,1,0.9175363183021545,ankle_midpoint,981.8043823242188,837.8211059570312,0.9932774901390076,0.9916905164718628,3.158456802368164,9.808711051940918,3.1564880266102024,9.828759581468141,0.0,0,two_ankles,accepted,3.158456802368164,9.808711051940918,0.039552774543395654
310,10.333333333333334,detected,4,20,0.9154757857322693,ankle_midpoint,1456.3670654296875,970.953125,0.9918386340141296,0.9937435984611511,5.604750156402588,12.441417694091797,5.607701616764327,12.081572922038458,0.0,0,two_ankles,accepted,5.604750156402588,12.441417694091797,0.22891872549402967
311,10.366666666666667,detected,1,3,0.8467814922332764,ankle_midpoint,890.096923828125,606.4722900390625,0.9686387181282043,0.981221616268158,2.388307809829712,1.9106329679489136,2.392610270004748,1.850335695507012,0.0,0,two_ankles,accepted,2.388307809829712,1.9106329679489136,0.06372771171190883
311,10.366666666666667,detected,2,6,0.8379360437393188,ankle_midpoint,1158.1112060546875,597.6228637695312,0.9641686677932739,0.9722517132759094,4.772984981536865,1.3991336822509766,4.787842191256052,1.335143890904409,0.0,0,two_ankles,accepted,4.772984981536865,1.3991336822509766,0.0756168388812204
311,10.366666666666667,detected,3,1,0.9143922328948975,ankle_midpoint,977.883056640625,834.4927368164062,0.9929338693618774,0.9918352365493774,3.1348390579223633,9.729962348937988,3.1467459907006754,9.784300826829572,0.0,0,two_ankles,accepted,3.1348390579223633,9.729962348937988,0.08221408685469164
311,10.366666666666667,detected,4,20,0.923528790473938,ankle_midpoint,1452.583984375,969.9158935546875,0.990415096282959,0.9941669702529907,5.5880632400512695,12.42394733428955,5.598864347243452,12.235641407551451,0.0,0,two_ankles,accepted,5.5880632400512695,12.42394733428955,0.02415919388009112
312,10.4,detected,1,3,0.8485464453697205,ankle_midpoint,889.5016479492188,606.177490234375,0.9752554297447205,0.9845788478851318,2.382690191268921,1.8962202072143555,2.388146234573626,1.8709837257753166,0.0,0,two_ankles,accepted,2.382690191268921,1.8962202072143555,0.015468849675595262
312,10.4,detected,2,6,0.8343784213066101,ankle_midpoint,1159.30322265625,595.2254638671875,0.9749176502227783,0.9838115572929382,4.791679382324219,1.2752952575683594,4.7895689272367274,1.308212005903187,0.0,0,two_ankles,accepted,4.791679382324219,1.2752952575683594,0.12524151088465219
312,10.4,detected,3,1,0.9137982130050659,ankle_midpoint,974.7308959960938,830.9278564453125,0.9925812482833862,0.9921682476997375,3.1157453060150146,9.644699096679688,3.1327956825921284,9.721480048262125,0.0,0,two_ankles,accepted,3.1157453060150146,9.644699096679688,0.08737501672424454
312,10.4,detected,4,20,0.9244576096534729,ankle_midpoint,1445.8828125,964.21337890625,0.9899531006813049,0.9925432205200195,5.569326400756836,12.325664520263672,5.585572271324475,12.276151808271951,0.0,0,two_ankles,accepted,5.569326400756836,12.325664520263672,0.1000528894115054
313,10.433333333333334,detected,1,3,0.8157803416252136,ankle_midpoint,887.568603515625,606.87353515625,0.9751946926116943,0.9851971864700317,2.3666679859161377,1.9310353994369507,2.3784810226777564,1.898006978923052,0.0,0,two_ankles,accepted,2.3666679859161377,1.9310353994369507,0.038325039776404786
313,10.433333333333334,detected,2,6,0.8325854539871216,ankle_midpoint,1157.302978515625,595.4173583984375,0.9620190858840942,0.9844463467597961,4.773040771484375,1.285732388496399,4.782131257148169,1.2980961780701326,0.0,0,two_ankles,accepted,4.773040771484375,1.285732388496399,0.021361917424430343
313,10.433333333333334,detected,3,1,0.9154128432273865,ankle_midpoint,970.2477416992188,826.2617797851562,0.9931809306144714,0.9931684732437134,3.088268756866455,9.53191089630127,3.1127585660155757,9.63617392987974,0.0,0,two_ankles,accepted,3.088268756866455,9.53191089630127,0.11608677313852502
313,10.433333333333334,detected,4,20,0.9312244057655334,ankle_midpoint,1435.57177734375,951.5315551757812,0.977141797542572,0.9765629172325134,5.5511322021484375,12.10196304321289,5.570074240195259,12.197766863995376,0.0,0,two_ankles,accepted,5.5511322021484375,12.10196304321289,0.22444014725022585
314,10.466666666666667,detected,1,3,0.8228242993354797,ankle_midpoint,888.7261962890625,606.7965087890625,0.9378822445869446,0.9643754363059998,2.3767151832580566,1.9269577264785767,2.3776863949388916,1.9110348153230383,0.0,0,two_ankles,accepted,2.3767151832580566,1.9269577264785767,0.0108431356711478
314,10.466666666666667,detected,2,6,0.8521199822425842,ankle_midpoint,1154.8935546875,593.0559692382812,0.9821552634239197,0.9930932521820068,4.759146690368652,1.1636183261871338,4.771788202097387,1.2375811447227831,0.0,0,two_ankles,accepted,4.759146690368652,1.1636183261871338,0.12290195158630057
314,10.466666666666667,detected,3,1,0.9141651391983032,ankle_midpoint,963.2229614257812,823.8264770507812,0.9925374388694763,0.9932147264480591,3.0447442531585693,9.473133087158203,3.082152125229923,9.56280555065505,0.0,0,two_ankles,accepted,3.0447442531585693,9.473133087158203,0.07313831602297459
314,10.466666666666667,detected,4,20,0.9305517673492432,ankle_midpoint,1421.5965576171875,942.5983276367188,0.9884002208709717,0.9891930222511292,5.502018928527832,11.941162109375,5.539449349944917,12.082294724416208,0.0,0,two_ankles,accepted,5.502018928527832,11.941162109375,0.1681340357240917
315,10.5,detected,1,3,0.822198212146759,ankle_midpoint,888.5130615234375,606.8734741210938,0.9400370717048645,0.9645565152168274,2.3749499320983887,1.930802822113037,2.3764549866606655,1.919930418378538,0.0,0,two_ankles,accepted,2.3749499320983887,1.930802822113037,0.004230942223058112
315,10.5,detected,2,6,0.8383010625839233,ankle_midpoint,1153.864990234375,592.601318359375,0.9875761270523071,0.9948793649673462,4.751349449157715,1.1401211023330688,4.762590763274535,1.1937241256474116,0.0,0,two_ankles,accepted,4.751349449157715,1.1401211023330688,0.02475715046909843
315,10.5,detected,3,1,0.9148119688034058,ankle_midpoint,958.8160400390625,824.0531616210938,0.9921187162399292,0.9919684529304504,3.0174412727355957,9.479324340820312,3.053032241607476,9.52523900622942,0.0,0,two_ankles,accepted,3.0174412727355957,9.479324340820312,0.02799614905457292
315,10.5,detected,4,20,0.9258998036384583,ankle_midpoint,1415.453125,938.5162353515625,0.9910503625869751,0.9919053316116333,5.480541706085205,11.866539001464844,5.512940910208046,11.985204649088095,0.0,0,two_ankles,accepted,5.480541706085205,11.866539001464844,0.0776522975707796
316,10.533333333333333,detected,1,3,0.8202153444290161,ankle_midpoint,886.230712890625,607.2147216796875,0.9764461517333984,0.986190915107727,2.3554093837738037,1.9481616020202637,2.366984465361578,1.9326344510173148,0.0,0,two_ankles,accepted,2.3554093837738037,1.9481616020202637,0.026137334766440375
316,10.533333333333333,detected,2,6,0.8575774431228638,ankle_midpoint,1151.1995849609375,590.5769653320312,0.9913764595985413,0.9951046705245972,4.7338457107543945,1.0344966650009155,4.749655489640471,1.1220717683564885,0.0,0,two_ankles,accepted,4.7338457107543945,1.0344966650009155,0.10706494580312388
316,10.533333333333333,detected,3,1,0.9151285290718079,ankle_midpoint,949.5849609375,826.4539794921875,0.990212619304657,0.9871912002563477,2.9606173038482666,9.539471626281738,3.0114455196158323,9.531643685252963,0.0,0,two_ankles,accepted,2.9606173038482666,9.539471626281738,0.08274454295291253
316,10.533333333333333,detected,4,20,0.9377490878105164,ankle_midpoint,1396.415283203125,933.56005859375,0.9840898513793945,0.9857566952705383,5.391477584838867,11.77628231048584,5.458282413791917,11.89118959671708,0.0,0,two_ankles,accepted,5.391477584838867,11.77628231048584,0.12680176639093707
317,10.566666666666666,detected,1,3,0.8577776551246643,ankle_midpoint,884.4249267578125,605.619140625,0.9812541007995605,0.9900451302528381,2.337319850921631,1.8698418140411377,2.353635388863602,1.904377764378035,0.0,0,two_ankles,accepted,2.337319850921631,1.8698418140411377,0.08038171675141734
317,10.566666666666666,detected,2,6,0.8569081425666809,ankle_midpoint,1145.6116943359375,591.61767578125,0.9868530035018921,0.9929458498954773,4.67980432510376,1.0906847715377808,4.718222465598951,1.10794761978807,0.0,0,two_ankles,accepted,4.67980432510376,1.0906847715377808,0.07795880116599248
317,10.566666666666666,detected,3,1,0.9170647859573364,ankle_midpoint,938.7803955078125,828.3720092773438,0.9903461337089539,0.9900201559066772,2.894357204437256,9.587713241577148,2.958755777785473,9.556874985598846,0.0,0,two_ankles,accepted,2.894357204437256,9.587713241577148,0.08196129708751185
317,10.566666666666666,detected,4,20,0.9199462532997131,ankle_midpoint,1373.9013671875,926.3500366210938,0.9787591695785522,0.9836205244064331,5.288354396820068,11.642509460449219,5.381814806154585,11.779283535396544,0.0,0,two_ankles,accepted,5.288354396820068,11.642509460449219,0.16890697828710585
318,10.6,detected,1,3,0.8513603210449219,ankle_midpoint,883.44677734375,605.9488525390625,0.9797664880752563,0.9894062876701355,2.3291971683502197,1.8863945007324219,2.34263818963258,1.8962852957375094,0.0,0,two_ankles,accepted,2.3291971683502197,1.8863945007324219,0.0184382593770595
318,10.6,detected,2,6,0.8649668097496033,ankle_midpoint,1144.3233642578125,591.3945922851562,0.9860156774520874,0.9938822984695435,4.668830394744873,1.079297423362732,4.695996033714616,1.0950550313966678,0.0,0,two_ankles,accepted,4.668830394744873,1.079297423362732,0.01581451377632216
318,10.6,detected,3,1,0.9200600385665894,ankle_midpoint,933.9979248046875,828.85400390625,0.9938153028488159,0.9924672245979309,2.8650333881378174,9.600081443786621,2.916580702444028,9.576317891783345,0.0,0,two_ankles,accepted,2.8650333881378174,9.600081443786621,0.031825439953873665
318,10.6,detected,4,20,0.9211500883102417,ankle_midpoint,1358.35888671875,924.2913818359375,0.9766363501548767,0.9869807362556458,5.208693504333496,11.604940414428711,5.303910220335096,11.70082913096102,0.0,0,two_ankles,accepted,5.208693504333496,11.604940414428711,0.08807548473127048
319,10.633333333333333,detected,1,3,0.8577390313148499,ankle_midpoint,881.1051025390625,606.0790405273438,0.9797791838645935,0.9913743138313293,2.3088207244873047,1.893401026725769,2.327420330317206,1.8949873746822261,0.0,0,two_ankles,accepted,2.3088207244873047,1.893401026725769,0.02154740984420117
319,10.633333333333333,detected,2,6,0.8512115478515625,ankle_midpoint,1141.9169921875,592.8382568359375,0.9861597418785095,0.9953213334083557,4.642553806304932,1.1555562019348145,4.671947031380258,1.1222805581388338,0.0,0,two_ankles,accepted,4.642553806304932,1.1555562019348145,0.0806589140104674
319,10.633333333333333,detected,3,1,0.9197579026222229,ankle_midpoint,926.0830688476562,834.5430908203125,0.9919895529747009,0.9909114241600037,2.8183035850524902,9.73822021484375,2.8723559996178363,9.649173937160528,0.0,0,two_ankles,accepted,2.8183035850524902,9.73822021484375,0.14582864795905956
319,10.633333333333333,detected,4,20,0.928695023059845,ankle_midpoint,1330.96142578125,919.9837646484375,0.9900743365287781,0.9936192631721497,5.068954944610596,11.525152206420898,5.198180346259071,11.621774514917966,0.0,0,two_ankles,accepted,5.068954944610596,11.525152206420898,0.16091309210418073
320,10.666666666666666,detected,1,3,0.8570495247840881,ankle_midpoint,879.8944091796875,607.0545654296875,0.9756981730461121,0.9900588393211365,2.299647808074951,1.941817045211792,2.3149226953081916,1.916060726420531,0.0,0,two_ankles,accepted,2.299647808074951,1.941817045211792,0.049277309601346346
320,10.666666666666666,detected,2,6,0.8545355200767517,ankle_midpoint,1137.950439453125,591.675537109375,0.984406590461731,0.9951058626174927,4.610206604003906,1.0956838130950928,4.6441638390609,1.1103120228691503,0.0,0,two_ankles,accepted,4.610206604003906,1.0956838130950928,0.0680517776555344
320,10.666666666666666,detected,3,1,0.9196344017982483,ankle_midpoint,924.0572509765625,838.6156005859375,0.9870679974555969,0.9861453771591187,2.8074042797088623,9.835328102111816,2.843127725658798,9.732943311388608,0.0,0,two_ankles,accepted,2.8074042797088623,9.835328102111816,0.09771763723423285
320,10.666666666666666,detected,4,20,0.9261488318443298,ankle_midpoint,1308.355712890625,919.3675537109375,0.9829548001289368,0.9911966323852539,4.945982456207275,11.515833854675293,5.084691295735763,11.574101217808764,0.0,0,two_ankles,accepted,4.945982456207275,11.515833854675293,0.12332503632012268
321,10.7,detected,1,3,0.8691508769989014,ankle_midpoint,879.1591186523438,606.3621826171875,0.9739408493041992,0.9896266460418701,2.2921597957611084,1.9078603982925415,2.304679390512004,1.912370578762936,0.0,0,two_ankles,accepted,2.2921597957611084,1.9078603982925415,0.034772463220354474
321,10.7,detected,2,6,0.8621083498001099,ankle_midpoint,1137.31591796875,591.5594482421875,0.9864305257797241,0.9950312376022339,4.6048078536987305,1.0897520780563354,4.626453645647924,1.1010600477033836,0.0,0,two_ankles,accepted,4.6048078536987305,1.0897520780563354,0.008020722250998157
321,10.7,detected,3,1,0.9225687980651855,ankle_midpoint,923.9974975585938,841.1014404296875,0.9861874580383301,0.9857916831970215,2.807936191558838,9.893929481506348,2.827291535313816,9.805387087941591,0.0,0,two_ankles,accepted,2.807936191558838,9.893929481506348,0.058603793368330145
321,10.7,detected,4,20,0.9286383986473083,ankle_midpoint,1294.7965087890625,915.4195556640625,0.9863907098770142,0.9907512068748474,4.879879474639893,11.440556526184082,4.9925259762426215,11.514006106577657,0.0,0,two_ankles,accepted,4.879879474639893,11.440556526184082,0.10018123754911111
322,10.733333333333333,detected,1,3,0.8811163306236267,ankle_midpoint,878.6820068359375,605.912841796875,0.9793847799301147,0.9887569546699524,2.287290096282959,1.8857753276824951,2.2968542081089343,1.9004027157767376,0.0,0,two_ankles,accepted,2.287290096282959,1.8857753276824951,0.022615576863264472
322,10.733333333333333,detected,2,6,0.8525867462158203,ankle_midpoint,1137.7022705078125,590.7738647460938,0.9876245260238647,0.9935905933380127,4.610686302185059,1.04833984375,4.619358341089635,1.077335955924361,0.0,0,two_ankles,accepted,4.610686302185059,1.04833984375,0.04182737508915949
322,10.733333333333333,detected,3,1,0.9241639971733093,ankle_midpoint,922.5122680664062,843.6097412109375,0.9873448014259338,0.9865155220031738,2.799868106842041,9.952861785888672,2.814950992501518,9.871750702017778,0.0,0,two_ankles,accepted,2.799868106842041,9.952861785888672,0.059482018213980616
322,10.733333333333333,detected,4,20,0.9235222339630127,ankle_midpoint,1275.22998046875,917.8036499023438,0.9923520684242249,0.993162989616394,4.766831398010254,11.48931884765625,4.890963416038057,11.502896840063023,0.0,0,two_ankles,accepted,4.766831398010254,11.48931884765625,0.12311633370522251
323,10.766666666666667,detected,1,3,0.8820103406906128,ankle_midpoint,878.1180419921875,606.1444091796875,0.9838494062423706,0.9903677701950073,2.2826902866363525,1.8973588943481445,2.2904804434462727,1.8990329961338708,0.0,0,two_ankles,accepted,2.2826902866363525,1.8973588943481445,0.012463437145609473
323,10.766666666666667,detected,2,6,0.8866862654685974,ankle_midpoint,1138.84619140625,590.2452392578125,0.9893854260444641,0.9934722185134888,4.622683525085449,1.020173192024231,4.620854673887751,1.0516127121693024,0.0,0,two_ankles,accepted,4.622683525085449,1.020173192024231,0.03061525153844772
323,10.766666666666667,detected,3,1,0.9260162711143494,ankle_midpoint,921.0892333984375,844.452392578125,0.9856432676315308,0.9862486720085144,2.791598081588745,9.972695350646973,2.8044421825907704,9.917175793900917,0.0,0,two_ankles,accepted,2.791598081588745,9.972695350646973,0.02148868559758513
323,10.766666666666667,detected,4,20,0.928196132183075,ankle_midpoint,1271.0750732421875,918.4088134765625,0.9806984066963196,0.9820324778556824,4.742713928222656,11.501556396484375,4.824251146521126,11.502293640452631,0.0,0,two_ankles,accepted,4.742713928222656,11.501556396484375,0.027044591885928494
324,10.8,detected,1,3,0.8793169260025024,ankle_midpoint,877.8131103515625,606.2847900390625,0.9851834774017334,0.9909303784370422,2.2802281379699707,1.9043670892715454,2.285866905981937,1.9014333380458246,0.0,0,two_ankles,accepted,2.2802281379699707,1.9043670892715454,0.007428120363843582
324,10.8,detected,2,6,0.8771525621414185,ankle_midpoint,1139.921875,588.8209228515625,0.9887606501579285,0.9933987855911255,4.636852264404297,0.944503664970398,4.6280535896201975,1.0034136409297956,0.0,0,two_ankles,accepted,4.636852264404297,0.944503664970398,0.07698461208862603
324,10.8,detected,3,1,0.9253879189491272,ankle_midpoint,919.6419067382812,844.823974609375,0.9866645336151123,0.9896154403686523,2.7830166816711426,9.981536865234375,2.794800707176938,9.946138276000973,0.0,0,two_ankles,accepted,2.7830166816711426,9.981536865234375,0.012321233897020107
324,10.8,detected,4,20,0.9310309290885925,ankle_midpoint,1267.19189453125,917.516357421875,0.9825544953346252,0.9830605387687683,4.723083019256592,11.484663963317871,4.778725489252086,11.49436028574199,0.0,0,two_ankles,accepted,4.723083019256592,11.484663963317871,0.025898395415907736
325,10.833333333333334,detected,1,3,0.8811756372451782,ankle_midpoint,877.884765625,607.8080444335938,0.9865207672119141,0.9911160469055176,2.28318190574646,1.9793490171432495,2.2846586558759725,1.936495393639666,0.0,0,two_ankles,accepted,2.28318190574646,1.9793490171432495,0.07504008429789283
325,10.833333333333334,detected,2,6,0.8690404891967773,ankle_midpoint,1142.9208984375,588.98388671875,0.9832295775413513,0.9899662733078003,4.663666248321533,0.9523767232894897,4.644079286035799,0.980447027991658,0.0,0,two_ankles,accepted,4.663666248321533,0.9523767232894897,0.027945926014530796
325,10.833333333333334,detected,3,1,0.9219403266906738,ankle_midpoint,918.8118896484375,844.797119140625,0.982266366481781,0.9859537482261658,2.7780039310455322,9.981022834777832,2.7872421579178055,9.961836327450559,0.0,0,two_ankles,accepted,2.7780039310455322,9.981022834777832,0.005039037223995348
325,10.833333333333334,detected,4,20,0.9270549416542053,ankle_midpoint,1266.173583984375,915.2537231445312,0.9703701138496399,0.9707890748977661,4.721936225891113,11.440648078918457,4.753170320739649,11.470189792671402,0.0,0,two_ankles,accepted,4.721936225891113,11.440648078918457,0.04403082118795524
326,10.866666666666667,detected,1,3,0.8826168775558472,ankle_midpoint,876.6900634765625,609.2574462890625,0.9851740002632141,0.9903429746627808,2.274954319000244,2.050595998764038,2.280291704281895,1.9878406659456336,0.0,0,two_ankles,accepted,2.274954319000244,2.050595998764038,0.07172046830396112
326,10.866666666666667,detected,2,6,0.8844463229179382,ankle_midpoint,1145.74462890625,588.68212890625,0.9834098815917969,0.9899927973747253,4.690353870391846,0.9356285929679871,4.66490284899602,0.960278732231006,0.0,0,two_ankles,accepted,4.690353870391846,0.9356285929679871,0.03150760290840718
326,10.866666666666667,detected,3,1,0.9214267134666443,ankle_midpoint,916.8641357421875,843.3280639648438,0.9856430888175964,0.9902656674385071,2.7656595706939697,9.947040557861328,2.7775299936670796,9.955178231135406,0.0,0,two_ankles,accepted,2.7656595706939697,9.947040557861328,0.03615492189065249
326,10.866666666666667,detected,4,20,0.9288535118103027,ankle_midpoint,1263.239990234375,907.252197265625,0.9722371697425842,0.9790682792663574,4.7215576171875,11.282970428466797,4.738944604141182,11.38594107877933,0.0,0,two_ankles,accepted,4.7215576171875,11.282970428466797,0.15767810500036578
327,10.9,detected,1,3,0.8805814385414124,ankle_midpoint,877.104248046875,609.3489990234375,0.9847424030303955,0.9897394776344299,2.2787091732025146,2.0549652576446533,2.279579565296174,2.0180467322101925,0.0,0,two_ankles,accepted,2.2787091732025146,2.0549652576446533,0.00576102015672082
327,10.9,detected,2,6,0.8829120397567749,ankle_midpoint,1147.6328125,589.2105102539062,0.9850837588310242,0.9899218678474426,4.7058563232421875,0.9631776809692383,4.683331912406795,0.9615832591632105,0.0,0,two_ankles,accepted,4.7058563232421875,0.9631776809692383,0.03161136336948716
327,10.9,detected,3,1,0.9213295578956604,ankle_midpoint,915.8853759765625,843.787353515625,0.9853039383888245,0.9908665418624878,2.7599432468414307,9.957891464233398,2.769615957595538,9.956399186029504,0.0,0,two_ankles,accepted,2.7599432468414307,9.957891464233398,0.012264523124954477
327,10.9,detected,4,20,0.928670346736908,ankle_midpoint,1260.5806884765625,905.0026245117188,0.9765873551368713,0.985343873500824,4.711177825927734,11.23830509185791,4.72644955394513,11.319504884664692,0.0,0,two_ankles,accepted,4.711177825927734,11.23830509185791,0.04585555976085629
328,10.933333333333334,detected,1,3,0.8733578324317932,ankle_midpoint,878.0269775390625,609.605712890625,0.982346773147583,0.9879335761070251,2.2871487140655518,2.067265510559082,2.282985682242394,2.040195182467193,0.0,0,two_ankles,accepted,2.2871487140655518,2.067265510559082,0.014917173718160728
328,10.933333333333334,detected,2,6,0.9001354575157166,ankle_midpoint,1153.1268310546875,593.921875,0.9840394854545593,0.9852504134178162,4.740346431732178,1.2092018127441406,4.708988446103218,1.073011608274629,0.0,0,two_ankles,accepted,4.740346431732178,1.2092018127441406,0.24842995189639636
328,10.933333333333334,detected,3,1,0.9187962412834167,ankle_midpoint,915.2242431640625,844.2225341796875,0.983928918838501,0.990707278251648,2.756139039993286,9.968124389648438,2.763551344674525,9.961675527658024,0.0,0,two_ankles,accepted,2.756139039993286,9.968124389648438,0.010917176937891137
328,10.933333333333334,detected,4,20,0.9236636757850647,ankle_midpoint,1251.0498046875,905.24365234375,0.9752112030982971,0.9869118928909302,4.657351016998291,11.244267463684082,4.695355212319053,11.285648045223418,0.0,0,two_ankles,accepted,4.657351016998291,11.244267463684082,0.05415602678668674
329,10.966666666666667,detected,1,3,0.8572582602500916,ankle_midpoint,879.3394165039062,608.403076171875,0.9791847467422485,0.9865990877151489,2.2968034744262695,2.008175849914551,2.2892036887251384,2.0257864828185044,0.0,0,two_ankles,accepted,2.2968034744262695,2.008175849914551,0.05987321932808317
329,10.966666666666667,detected,2,6,0.8938905000686646,ankle_midpoint,1158.43115234375,596.8330078125,0.9768460988998413,0.9788757562637329,4.778471946716309,1.3584802150726318,4.740256021379109,1.2014724813337305,0.0,0,two_ankles,accepted,4.778471946716309,1.3584802150726318,0.15407010188401926
329,10.966666666666667,detected,3,1,0.9122505187988281,ankle_midpoint,913.5426025390625,847.085693359375,0.984476625919342,0.9913827776908875,2.747249126434326,10.03480339050293,2.756215346466436,9.994583065938231,0.0,0,two_ankles,accepted,2.747249126434326,10.03480339050293,0.06726901008665989
329,10.966666666666667,detected,4,20,0.9327073097229004,ankle_midpoint,1233.544189453125,905.977783203125,0.9653087258338928,0.978074312210083,4.558053493499756,11.261037826538086,4.63356943885037,11.274573446815019,0.0,0,two_ankles,accepted,4.558053493499756,11.261037826538086,0.10070373996628475
330,11.0,detected,1,3,0.8674977421760559,ankle_midpoint,879.340576171875,608.6437377929688,0.9800987243652344,0.9865427017211914,2.297173023223877,2.01995849609375,2.292789889249571,2.0231638887923653,0.0,0,two_ankles,accepted,2.297173023223877,2.01995849609375,0.011788439985766185
330,11.0,detected,2,6,0.9047895669937134,ankle_midpoint,1161.8487548828125,600.39501953125,0.9858830571174622,0.9853737354278564,4.7971625328063965,1.539616346359253,4.765863951521388,1.3536372205952159,0.0,0,two_ankles,accepted,4.7971625328063965,1.539616346359253,0.18209787496254595
330,11.0,detected,3,1,0.910158634185791,ankle_midpoint,913.19775390625,847.16943359375,0.985081672668457,0.9917553663253784,2.7452139854431152,10.036785125732422,2.751264734005942,10.013573992845618,0.0,0,two_ankles,accepted,2.7452139854431152,10.036785125732422,0.0028406114436715013
330,11.0,detected,4,20,0.9282457828521729,ankle_midpoint,1226.989990234375,906.938720703125,0.9735418558120728,0.9843318462371826,4.519720554351807,11.281005859375,4.5823374408260165,11.277468032467011,0.0,0,two_ankles,accepted,4.519720554351807,11.281005859375,0.0432219453414172
331,11.033333333333333,detected,1,3,0.8696696162223816,ankle_midpoint,879.4046630859375,606.739501953125,0.9761459827423096,0.983698844909668,2.29488205909729,1.9264142513275146,2.2937313656810447,1.9796265519331824,0.0,0,two_ankles,accepted,2.29488205909729,1.9264142513275146,0.09357229421957473
331,11.033333333333333,detected,2,6,0.9093608260154724,ankle_midpoint,1164.80126953125,601.5718994140625,0.9837788939476013,0.9833303093910217,4.819489002227783,1.5984630584716797,4.7899952243392665,1.4638088476396245,0.0,0,two_ankles,accepted,4.819489002227783,1.5984630584716797,0.06293970736559672
331,11.033333333333333,detected,3,1,0.9124237895011902,ankle_midpoint,911.1318359375,848.0191040039062,0.9851992130279541,0.9917559623718262,2.7331888675689697,10.056679725646973,2.7431305941093047,10.032971572606229,0.0,0,two_ankles,accepted,2.7331888675689697,10.056679725646973,0.02324647426271644
331,11.033333333333333,detected,4,20,0.928123414516449,ankle_midpoint,1213.970703125,907.8316650390625,0.962192952632904,0.986132025718689,4.445533752441406,11.300336837768555,4.520775781052942,11.287758994852705,0.0,0,two_ankles,accepted,4.445533752441406,11.300336837768555,0.07666399613472458
332,11.066666666666666,detected,1,3,0.8672048449516296,ankle_midpoint,881.0543823242188,605.2801513671875,0.9794659614562988,0.9859585165977478,2.307192325592041,1.8538703918457031,2.299788797640993,1.9230362798938168,0.0,0,two_ankles,accepted,2.307192325592041,1.8538703918457031,0.07358093645563778
332,11.066666666666666,detected,2,6,0.9069879055023193,ankle_midpoint,1165.8211669921875,601.268310546875,0.9832602143287659,0.9821358323097229,4.829585075378418,1.5828660726547241,4.807810657306884,1.5173845988964194,0.0,0,two_ankles,accepted,4.829585075378418,1.5828660726547241,0.018579468766282886
332,11.066666666666666,detected,3,1,0.9146500825881958,ankle_midpoint,909.9607543945312,850.4332885742188,0.9840391278266907,0.9918453097343445,2.7272751331329346,10.112343788146973,2.735995636669938,10.068689069599564,0.0,0,two_ankles,accepted,2.7272751331329346,10.112343788146973,0.055977317808053775
332,11.066666666666666,detected,4,20,0.9232718348503113,ankle_midpoint,1206.9298095703125,908.9078369140625,0.9822502732276917,0.9934822916984558,4.404527187347412,11.322556495666504,4.468463913885453,11.303417870218915,0.0,0,two_ankles,accepted,4.404527187347412,11.322556495666504,0.04663959238576036
333,11.1,detected,1,3,0.8643734455108643,ankle_midpoint,882.37646484375,603.272216796875,0.9783697724342346,0.9852171540260315,2.315875291824341,1.753619909286499,2.3070277200234997,1.8467989131205238,0.0,0,two_ankles,accepted,2.315875291824341,1.753619909286499,0.100625807603937
333,11.1,detected,2,6,0.9056270718574524,ankle_midpoint,1166.02197265625,601.9468994140625,0.9819710850715637,0.9803818464279175,4.829068660736084,1.6170886754989624,4.817376758850024,1.562251433367564,0.0,0,two_ankles,accepted,4.829068660736084,1.6170886754989624,0.03422649893747946
333,11.1,detected,3,1,0.9167661070823669,ankle_midpoint,908.9556274414062,852.157470703125,0.985023021697998,0.9921414852142334,2.72206711769104,10.15190601348877,2.729727803129434,10.106136694349708,0.0,0,two_ankles,accepted,2.72206711769104,10.15190601348877,0.039903547446788826
333,11.1,detected,4,20,0.9276962280273438,ankle_midpoint,1201.5665283203125,907.4322509765625,0.9770987629890442,0.9920321702957153,4.376979351043701,11.29384994506836,4.427295860606665,11.299112303901165,0.0,0,two_ankles,accepted,4.376979351043701,11.29384994506836,0.0397862957846026
334,11.133333333333333,detected,1,3,0.8589093685150146,ankle_midpoint,885.400146484375,602.5006103515625,0.9748761057853699,0.9817917943000793,2.3414745330810547,1.7142685651779175,2.3225287858993995,1.7871602565463511,0.0,0,two_ankles,accepted,2.3414745330810547,1.7142685651779175,0.046945174790082915
334,11.133333333333333,detected,2,6,0.9029990434646606,ankle_midpoint,1166.49365234375,600.2864990234375,0.9809530377388,0.9837276935577393,4.838916778564453,1.5329519510269165,4.827069767721517,1.5490666663142727,0.0,0,two_ankles,accepted,4.838916778564453,1.5329519510269165,0.08471111987009976
334,11.133333333333333,detected,3,1,0.9185474514961243,ankle_midpoint,907.9773559570312,854.59619140625,0.9866064190864563,0.9925926327705383,2.717378854751587,10.207502365112305,2.7241707763594034,10.151751246192877,0.0,0,two_ankles,accepted,2.717378854751587,10.207502365112305,0.05579367458088067
334,11.133333333333333,detected,4,20,0.9261642098426819,ankle_midpoint,1196.65673828125,908.0279541015625,0.979491114616394,0.9932374954223633,4.348663330078125,11.306285858154297,4.391911221868822,11.302340403315075,0.0,0,two_ankles,accepted,4.348663330078125,11.306285858154297,0.030926509301955514
335,11.166666666666666,detected,1,3,0.8532611131668091,ankle_midpoint,890.5171508789062,601.179931640625,0.9412030577659607,0.9587845206260681,2.3849525451660156,1.646653175354004,2.350619477569377,1.7239320700097949,0.0,0,two_ankles,accepted,2.3849525451660156,1.646653175354004,0.08038767614441784
335,11.166666666666666,detected,2,6,0.8928569555282593,ankle_midpoint,1167.9219970703125,599.8035888671875,0.9813597202301025,0.9847819209098816,4.853309631347656,1.5080574750900269,4.83887770635328,1.5306125302633622,0.0,0,two_ankles,accepted,4.853309631347656,1.5080574750900269,0.028755680193856235
335,11.166666666666666,detected,3,1,0.919575035572052,ankle_midpoint,905.2962646484375,859.359130859375,0.9870215058326721,0.9935817718505859,2.703752040863037,10.315174102783203,2.714982345386039,10.225291531658524,0.0,0,two_ankles,accepted,2.703752040863037,10.315174102783203,0.1085306092760192
335,11.166666666666666,detected,4,20,0.9260467290878296,ankle_midpoint,1194.0718994140625,909.93994140625,0.9803848266601562,0.9935832619667053,4.331340312957764,11.344529151916504,4.364654312858846,11.32132534018572,0.0,0,two_ankles,accepted,4.331340312957764,11.344529151916504,0.04198376400389554
336,11.2,detected,1,3,0.8533414006233215,ankle_midpoint,892.401611328125,601.3344116210938,0.9381957650184631,0.956142783164978,2.401862621307373,1.653965950012207,2.3736788922514753,1.6924473160108806,0.0,0,two_ankles,accepted,2.401862621307373,1.653965950012207,0.01842355417144486
336,11.2,detected,2,6,0.8919618725776672,ankle_midpoint,1168.2587890625,599.2713623046875,0.9805628061294556,0.9838002324104309,4.858155250549316,1.4808752536773682,4.847552601241496,1.508230755799665,0.0,0,two_ankles,accepted,4.858155250549316,1.4808752536773682,0.027610744038766833
336,11.2,detected,3,1,0.9215484857559204,ankle_midpoint,904.8082275390625,861.2220458984375,0.9895910620689392,0.9942964911460876,2.7017743587493896,10.356855392456055,2.709038751399547,10.284495269017413,0.0,0,two_ankles,accepted,2.7017743587493896,10.356855392456055,0.041728181548382905
336,11.2,detected,4,20,0.9280523657798767,ankle_midpoint,1193.214599609375,911.8713989257812,0.9820746779441833,0.9939980506896973,4.323655605316162,11.38277530670166,4.3462048944646385,11.348977825117894,0.0,0,two_ankles,accepted,4.323655605316162,11.38277530670166,0.03901055097517875
337,11.233333333333333,detected,1,3,0.8672067523002625,ankle_midpoint,892.6758422851562,601.23974609375,0.9701877236366272,0.9761406183242798,2.4041693210601807,1.6491315364837646,2.387399585215393,1.6729552152236784,0.0,0,two_ankles,accepted,2.4041693210601807,1.6491315364837646,0.00535653039882996
337,11.233333333333333,detected,2,6,0.8901796340942383,ankle_midpoint,1168.206298828125,598.5719604492188,0.9790463447570801,0.9826783537864685,4.860111236572266,1.445192813873291,4.8532039871403425,1.4798636819327968,0.0,0,two_ankles,accepted,4.860111236572266,1.445192813873291,0.035736009733790396
337,11.233333333333333,detected,3,1,0.9202321171760559,ankle_midpoint,905.1151123046875,862.040771484375,0.9913252592086792,0.9948688745498657,2.7039804458618164,10.375042915344238,2.7067625139075684,10.325241709864486,0.0,0,two_ankles,accepted,2.7039804458618164,10.375042915344238,0.018320829925410516
337,11.233333333333333,detected,4,20,0.926344096660614,ankle_midpoint,1191.555419921875,916.24072265625,0.9817917943000793,0.9933754801750183,4.307950019836426,11.468605995178223,4.328990200881943,11.402810501645043,0.0,0,two_ankles,accepted,4.307950019836426,11.468605995178223,0.08725578777148266
338,11.266666666666667,detected,1,3,0.859441339969635,ankle_midpoint,896.2210693359375,601.6436767578125,0.9412533640861511,0.9583820700645447,2.4361014366149902,1.6685818433761597,2.4093154183452117,1.670987197892295,0.0,0,two_ankles,accepted,2.4361014366149902,1.6685818433761597,0.0373894964129508
338,11.266666666666667,detected,2,6,0.8904198408126831,ankle_midpoint,1167.8828125,598.0972290039062,0.9774682521820068,0.9810404181480408,4.858865737915039,1.4209895133972168,4.855751774988956,1.4533703060917857,0.0,0,two_ankles,accepted,4.858865737915039,1.4209895133972168,0.02423532588681835
338,11.266666666666667,detected,3,1,0.9185177087783813,ankle_midpoint,906.261962890625,861.016357421875,0.9935103058815002,0.99611496925354,2.7102513313293457,10.352082252502441,2.7083324817473686,10.337319954051566,0.0,0,two_ankles,accepted,2.7102513313293457,10.352082252502441,0.023801597481714162
338,11.266666666666667,detected,4,20,0.9192876219749451,ankle_midpoint,1188.2789306640625,920.125732421875,0.9798197150230408,0.9934208989143372,4.28422737121582,11.544374465942383,4.308846927532189,11.466514285578846,0.0,0,two_ankles,accepted,4.28422737121582,11.544374465942383,0.0793953727840364
339,11.3,detected,1,3,0.8526972532272339,ankle_midpoint,896.1427001953125,602.0077514648438,0.9367291331291199,0.9556350111961365,2.4358603954315186,1.6868958473205566,2.4212606580340497,1.678146090135013,0.0,0,two_ankles,accepted,2.4358603954315186,1.6868958473205566,0.018315590116824446
339,11.3,detected,2,6,0.8895451426506042,ankle_midpoint,1167.369384765625,598.051025390625,0.9781714081764221,0.9809451103210449,4.854430675506592,1.4187524318695068,4.855157280221892,1.4377922626917603,0.0,0,two_ankles,accepted,4.854430675506592,1.4187524318695068,0.004967324463777577
339,11.3,detected,3,1,0.9168016910552979,ankle_midpoint,907.0390625,861.661376953125,0.9941319823265076,0.9964816570281982,2.7151389122009277,10.366353988647461,2.7113953754514704,10.350385269619718,0.0,0,two_ankles,accepted,2.7151389122009277,10.366353988647461,0.015085453237119245
339,11.3,detected,4,20,0.9163342714309692,ankle_midpoint,1186.705322265625,921.071044921875,0.9801509380340576,0.99333256483078,4.274227619171143,11.562792778015137,4.293268238769718,11.509839607175177,0.0,0,two_ankles,accepted,4.274227619171143,11.562792778015137,0.020957797130528505
340,11.333333333333334,detected,1,3,0.828515350818634,ankle_midpoint,897.9234619140625,602.73779296875,0.9282808899879456,0.9494136571884155,2.4525089263916016,1.7230640649795532,2.4353223787949485,1.698359178815056,0.0,0,two_ankles,accepted,2.4525089263916016,1.7230640649795532,0.03981599617939246
340,11.333333333333334,detected,2,6,0.8948634266853333,ankle_midpoint,1166.2841796875,597.1912841796875,0.9792637228965759,0.9817265868186951,4.847684383392334,1.3749241828918457,4.851794476648591,1.4095016267817988,0.0,0,two_ankles,accepted,4.847684383392334,1.3749241828918457,0.04434442316389685
340,11.333333333333334,detected,3,1,0.9166668653488159,ankle_midpoint,911.48583984375,862.011962890625,0.9883348941802979,0.9932304620742798,2.741506338119507,10.37358283996582,2.724945308652087,10.360824176275464,0.0,0,two_ankles,accepted,2.741506338119507,10.37358283996582,0.027340399429318932
340,11.333333333333334,detected,4,20,0.9264938831329346,ankle_midpoint,1185.2210693359375,921.1559448242188,0.9800255298614502,0.9889863729476929,4.265961170196533,11.564599990844727,4.280980057911785,11.534481779826475,0.0,0,two_ankles,accepted,4.265961170196533,11.564599990844727,0.0084616899530327
341,11.366666666666667,detected,1,3,0.8145304322242737,ankle_midpoint,902.8195190429688,603.1319580078125,0.9489164352416992,0.9641940593719482,2.496234655380249,1.7415821552276611,2.462732903258334,1.7178095182007285,0.0,0,two_ankles,accepted,2.496234655380249,1.7415821552276611,0.04748535607980332
341,11.366666666666667,detected,2,6,0.8982865810394287,ankle_midpoint,1164.3095703125,597.2183837890625,0.9812891483306885,0.9833366274833679,4.829888343811035,1.3768131732940674,4.841936716871691,1.3947918227123197,0.0,0,two_ankles,accepted,4.829888343811035,1.3768131732940674,0.017896013788518385
341,11.366666666666667,detected,3,1,0.9164674282073975,ankle_midpoint,916.4573974609375,861.328125,0.9933980703353882,0.9952672719955444,2.770531177520752,10.357717514038086,2.7454589496429866,10.359426178268645,0.0,0,two_ankles,accepted,2.770531177520752,10.357717514038086,0.03307793628782352
341,11.366666666666667,detected,4,20,0.9225578308105469,ankle_midpoint,1190.806884765625,924.5595092773438,0.9616769552230835,0.9763784408569336,4.291675567626953,11.629267692565918,4.285793037283611,11.577135440559225,0.0,0,two_ankles,accepted,4.291675567626953,11.629267692565918,0.06959268554317019
342,11.4,detected,1,3,0.8099942803382874,ankle_midpoint,902.8556518554688,603.630615234375,0.9394606947898865,0.9558120369911194,2.4971139430999756,1.766483187675476,2.478204371187073,1.739712669464365,0.0,0,two_ankles,accepted,2.4971139430999756,1.766483187675476,0.0249165520058694
342,11.4,detected,2,6,0.8993438482284546,ankle_midpoint,1164.1607666015625,596.5615234375,0.9828458428382874,0.9851815104484558,4.830803394317627,1.3430615663528442,4.836926721722362,1.3715132073505558,0.0,0,two_ankles,accepted,4.830803394317627,1.3430615663528442,0.03376400877479504
342,11.4,detected,3,1,0.9155155420303345,ankle_midpoint,917.41064453125,862.87744140625,0.9958004355430603,0.9968593120574951,2.77675724029541,10.392050743103027,2.7595431804365775,10.374107232444118,0.0,0,two_ankles,accepted,2.77675724029541,10.392050743103027,0.03489318666587679
342,11.4,detected,4,20,0.9190090298652649,ankle_midpoint,1190.268798828125,924.626708984375,0.9912220239639282,0.9945352077484131,4.288637638092041,11.630614280700684,4.287073107647405,11.601200918622883,0.0,0,two_ankles,accepted,4.288637638092041,11.630614280700684,0.0033229979632528922
343,11.433333333333334,detected,1,3,0.8219457268714905,ankle_midpoint,901.7509765625,604.638916015625,0.9524630904197693,0.963126540184021,2.4885129928588867,1.8169763088226318,2.482843250939389,1.7744813071755852,0.0,0,two_ankles,accepted,2.4885129928588867,1.8169763088226318,0.051220421984117186
343,11.433333333333334,detected,2,6,0.8954373002052307,ankle_midpoint,1162.556884765625,597.4014892578125,0.985241711139679,0.9875286817550659,4.813555717468262,1.3866573572158813,4.826409769808017,1.3783280747899522,0.0,0,two_ankles,accepted,4.813555717468262,1.3866573572158813,0.04688363613963618
343,11.433333333333334,detected,3,1,0.9185225963592529,ankle_midpoint,923.885498046875,862.9796142578125,0.9955416321754456,0.9967678785324097,2.8149068355560303,10.393486976623535,2.7844568252403317,10.382828117324856,0.0,0,two_ankles,accepted,2.8149068355560303,10.393486976623535,0.03817662092530662
343,11.433333333333334,detected,4,20,0.9185174703598022,ankle_midpoint,1188.5140380859375,925.9091796875,0.9917649626731873,0.9946404099464417,4.27721643447876,11.655282974243164,4.282637604721515,11.62553784365201,0.0,0,two_ankles,accepted,4.27721643447876,11.655282974243164,0.02718433984978937
344,11.466666666666667,detected,1,3,0.8217647075653076,ankle_midpoint,902.86083984375,605.4666748046875,0.9463317394256592,0.9583379626274109,2.4992125034332275,1.857789158821106,2.4902094145616167,1.8119698404160696,0.0,0,two_ankles,accepted,2.4992125034332275,1.857789158821106,0.04219204014418336
344,11.466666666666667,detected,2,6,0.8814085125923157,ankle_midpoint,1161.404296875,597.0001831054688,0.9810869097709656,0.9846380352973938,4.804579734802246,1.3663297891616821,4.81658625405542,1.3729288462572309,0.0,0,two_ankles,accepted,4.804579734802246,1.3663297891616821,0.022221122559823874
344,11.466666666666667,detected,3,1,0.9179766178131104,ankle_midpoint,928.5115356445312,862.1978759765625,0.9952064156532288,0.9960017800331116,2.84189772605896,10.375526428222656,2.810305230608715,10.379542357228868,0.0,0,two_ankles,accepted,2.84189772605896,10.375526428222656,0.032420510005264476
344,11.466666666666667,detected,4,20,0.9172183871269226,ankle_midpoint,1191.40576171875,918.5614624023438,0.9943352341651917,0.9965565204620361,4.3037028312683105,11.513742446899414,4.292116956667574,11.575229915113342,0.0,0,two_ankles,accepted,4.3037028312683105,11.513742446899414,0.143997396141876
345,11.5,detected,1,3,0.8338063359260559,ankle_midpoint,902.6657104492188,605.2060546875,0.9466947317123413,0.9597971439361572,2.4972050189971924,1.844915509223938,2.493357436557626,1.8267953913796107,0.0,0,two_ankles,accepted,2.4972050189971924,1.844915509223938,0.013029230511107952
345,11.5,detected,2,6,0.8805168867111206,ankle_midpoint,1160.550537109375,596.45654296875,0.9797855019569397,0.9851265549659729,4.798750877380371,1.3385635614395142,4.8085603345516486,1.3574644680892585,0.0,0,two_ankles,accepted,4.798750877380371,1.3385635614395142,0.028371446575101458
345,11.5,detected,3,1,0.9103026986122131,ankle_midpoint,931.25634765625,861.4550170898438,0.9951602816581726,0.9960609078407288,2.857858896255493,10.358637809753418,2.831704380149765,10.370135310864915,0.0,0,two_ankles,accepted,2.857858896255493,10.358637809753418,0.023237564154665526
345,11.5,detected,4,20,0.9092749357223511,ankle_midpoint,1196.86669921875,916.0521850585938,0.9948936700820923,0.996797502040863,4.3375563621521,11.464311599731445,4.312564689135611,11.52531667319149,0.0,0,two_ankles,accepted,4.3375563621521,11.464311599731445,0.05991218744999004
346,11.533333333333333,detected,1,3,0.8396628499031067,ankle_midpoint,902.4873657226562,603.9864501953125,0.9505515694618225,0.9634203314781189,2.494264841079712,1.7843196392059326,2.4937657685925645,1.8076813029014556,0.0,0,two_ankles,accepted,2.494264841079712,1.7843196392059326,0.060667158409022606
346,11.533333333333333,detected,2,6,0.8397073745727539,ankle_midpoint,1162.9029541015625,597.1080322265625,0.9623240828514099,0.9780192375183105,4.817653656005859,1.3714966773986816,4.812652329206044,1.363778962278499,0.0,0,two_ankles,accepted,4.817653656005859,1.3714966773986816,0.03797242639790337
346,11.533333333333333,detected,3,1,0.9087100625038147,ankle_midpoint,935.282470703125,862.6375732421875,0.9905904531478882,0.992438793182373,2.8819055557250977,10.384428024291992,2.854294909158665,10.3765670319071,0.0,0,two_ankles,accepted,2.8819055557250977,10.384428024291992,0.03526155126469629
346,11.533333333333333,detected,4,20,0.8940480351448059,ankle_midpoint,1207.563232421875,905.81396484375,0.9961115717887878,0.994135856628418,4.4130682945251465,11.260841369628906,4.357791311560902,11.406302786588329,0.0,0,two_ankles,accepted,4.4130682945251465,11.260841369628906,0.21703038144161246
347,11.566666666666666,detected,1,3,0.8393580317497253,ankle_midpoint,900.3242797851562,605.0758666992188,0.9513838291168213,0.9610583186149597,2.4764533042907715,1.8390284776687622,2.485975159656758,1.8217875315467436,0.0,0,two_ankles,accepted,2.4764533042907715,1.8390284776687622,0.057535274821067475
347,11.566666666666666,detected,2,6,0.8174861669540405,ankle_midpoint,1159.996337890625,596.0628051757812,0.9705299735069275,0.982648491859436,4.795097827911377,1.3184006214141846,4.804752803623444,1.3433587088895576,0.0,0,two_ankles,accepted,4.795097827911377,1.3184006214141846,0.0576884437486113
347,11.566666666666666,detected,3,1,0.9206316471099854,ankle_midpoint,940.3755493164062,860.7615966796875,0.9896773099899292,0.9909027218818665,2.9114952087402344,10.341998100280762,2.8800350439703717,10.361011012675249,0.0,0,two_ankles,accepted,2.9114952087402344,10.341998100280762,0.051728580273916094
347,11.566666666666666,detected,4,20,0.8886274099349976,ankle_midpoint,1213.441650390625,891.9525146484375,0.997225821018219,0.9973498582839966,4.469433784484863,10.9781494140625,4.408030424376685,11.213633768951706,0.0,0,two_ankles,accepted,4.469433784484863,10.9781494140625,0.2882565007078903
348,11.6,detected,1,3,0.8372258543968201,ankle_midpoint,900.5525512695312,605.3474731445312,0.9524579644203186,0.9615535736083984,2.4787757396698,1.8524447679519653,2.482735420662627,1.8355832879290936,0.0,0,two_ankles,accepted,2.4787757396698,1.8524447679519653,0.013615819881774766
348,11.6,detected,2,6,0.8004274964332581,ankle_midpoint,1161.213134765625,595.2426147460938,0.9637662768363953,0.9804747700691223,4.80880880355835,1.2756997346878052,4.8065780035941525,1.3129121704987692,0.0,0,two_ankles,accepted,4.80880880355835,1.2756997346878052,0.04484815024514346
348,11.6,detected,3,1,0.9175095558166504,ankle_midpoint,943.2234497070312,861.411376953125,0.9877947568893433,0.9887879490852356,2.9284346103668213,10.356123924255371,2.9018148488487743,10.358811822886306,0.0,0,two_ankles,accepted,2.9284346103668213,10.356123924255371,0.02205634218152376
348,11.6,detected,4,20,0.8855903744697571,ankle_midpoint,1216.0758056640625,890.7769165039062,0.9978315234184265,0.9976267218589783,4.486468315124512,10.95346450805664,4.4433274752132075,11.096557601548927,0.0,0,two_ankles,accepted,4.486468315124512,10.95346450805664,0.029991995909429463
349,11.633333333333333,detected,1,3,0.8453764319419861,ankle_midpoint,899.1572265625,607.3309326171875,0.9587261080741882,0.9678597450256348,2.4688286781311035,1.9507414102554321,2.4764773865234417,1.887404442975946,0.0,0,two_ankles,accepted,2.4688286781311035,1.9507414102554321,0.09879865343915528
349,11.633333333333333,detected,2,6,0.8753073811531067,ankle_midpoint,1157.963623046875,594.3355712890625,0.9780614376068115,0.9861575365066528,4.78259801864624,1.2294825315475464,4.795787010367592,1.275368832970719,0.0,0,two_ankles,accepted,4.78259801864624,1.2294825315475464,0.05313224173528543
349,11.633333333333333,detected,3,1,0.9215632677078247,ankle_midpoint,949.8907470703125,860.3235473632812,0.9870600700378418,0.9877166152000427,2.9676082134246826,10.330985069274902,2.931421862907933,10.346289783761176,0.0,0,two_ankles,accepted,2.9676082134246826,10.330985069274902,0.04654603319579361
349,11.633333333333333,detected,4,20,0.8951554298400879,ankle_midpoint,1221.762939453125,885.5868530273438,0.9932228326797485,0.9943615198135376,4.528204917907715,10.84434700012207,4.481522324425736,10.983062830906842,0.0,0,two_ankles,accepted,4.528204917907715,10.84434700012207,0.11682711393222849
350,11.666666666666666,detected,1,3,0.8468552231788635,ankle_midpoint,899.48681640625,607.824462890625,0.9594619274139404,0.968656063079834,2.472289800643921,1.9749197959899902,2.4745929728776574,1.9267863518322659,0.0,0,two_ankles,accepted,2.472289800643921,1.9749197959899902,0.024424858357374648
350,11.666666666666666,detected,2,6,0.886600911617279,ankle_midpoint,1156.55517578125,594.1630859375,0.9783447980880737,0.9873033165931702,4.770474433898926,1.2208760976791382,4.784396350956692,1.2508471020895078,0.0,0,two_ankles,accepted,4.770474433898926,1.2208760976791382,0.014867817965545564
350,11.666666666666666,detected,3,1,0.9215964674949646,ankle_midpoint,952.8921508789062,861.0267333984375,0.9881921410560608,0.9885162115097046,2.985424280166626,10.34630012512207,2.955722950674345,10.34629443737358,0.0,0,two_ankles,accepted,2.985424280166626,10.34630012512207,0.023493896436207726
350,11.666666666666666,detected,4,20,0.8944835662841797,ankle_midpoint,1223.3828125,883.3424072265625,0.9965780377388,0.9961785078048706,4.541595935821533,10.796821594238281,4.508555449553845,10.89925427440599,0.0,0,two_ankles,accepted,4.541595935821533,10.796821594238281,0.04937594115748171
351,11.7,detected,1,3,0.8475125432014465,ankle_midpoint,899.4368286132812,607.9352416992188,0.9594037532806396,0.9683181643486023,2.4719808101654053,1.9803706407546997,2.473417499657144,1.9508992818473612,0.0,0,two_ankles,accepted,2.4719808101654053,1.9803706407546997,0.005459595567876249
351,11.7,detected,2,6,0.887576699256897,ankle_midpoint,1154.5111083984375,593.7899169921875,0.9787030816078186,0.9864875674247742,4.753269672393799,1.2019816637039185,4.77038934560339,1.2288576548159926,0.0,0,two_ankles,accepted,4.753269672393799,1.2019816637039185,0.025553932254982516
351,11.7,detected,3,1,0.9229604005813599,ankle_midpoint,953.39599609375,859.978271484375,0.989176332950592,0.9893811941146851,2.9882750511169434,10.3228120803833,2.9703713958735145,10.335727376727956,0.0,0,two_ankles,accepted,2.9882750511169434,10.3228120803833,0.02366041294359869
351,11.7,detected,4,20,0.9008470177650452,ankle_midpoint,1227.04443359375,887.686279296875,0.9979264736175537,0.9975234866142273,4.554614067077637,10.887726783752441,4.529281827439552,10.894066903611893,0.0,0,two_ankles,accepted,4.554614067077637,10.887726783752441,0.09183259346226977
352,11.733333333333333,detected,1,3,0.8525816798210144,ankle_midpoint,899.1649169921875,607.8629150390625,0.9574528336524963,0.9665018916130066,2.4695167541503906,1.9768859148025513,2.4716621641791052,1.9625932666771968,0.0,0,two_ankles,accepted,2.4695167541503906,1.9768859148025513,0.004267890228989811
352,11.733333333333333,detected,2,6,0.8828175067901611,ankle_midpoint,1150.7138671875,594.4547729492188,0.9812832474708557,0.9868374466896057,4.716861248016357,1.2375136613845825,4.746301701689226,1.232752857771858,0.0,0,two_ankles,accepted,4.716861248016357,1.2375136613845825,0.05087333510618884
352,11.733333333333333,detected,3,1,0.9212293028831482,ankle_midpoint,954.7236328125,854.8211669921875,0.9925113916397095,0.9928256273269653,2.9955644607543945,10.206497192382812,2.981708275069911,10.277573793772643,0.0,0,two_ankles,accepted,2.9955644607543945,10.206497192382812,0.11654307642854078
352,11.733333333333333,detected,4,20,0.9057140946388245,ankle_midpoint,1233.539306640625,897.61083984375,0.992424726486206,0.993953287601471,4.573266983032227,11.092004776000977,4.549075147456255,10.983138946186981,0.0,0,two_ankles,accepted,4.573266983032227,11.092004776000977,0.20512783670360682
353,11.766666666666667,detected,1,3,0.8575322031974792,ankle_midpoint,898.5968017578125,606.9605712890625,0.9546389579772949,0.9656605124473572,2.4634814262390137,1.9326432943344116,2.467980832106064,1.9491157791229436,0.0,0,two_ankles,accepted,2.4634814262390137,1.9326432943344116,0.0446523756242117
353,11.766666666666667,detected,2,6,0.8845586180686951,ankle_midpoint,1147.5970458984375,591.738037109375,0.9865506887435913,0.9899048209190369,4.697411060333252,1.0964943170547485,4.724300913079038,1.1714365144491588,0.0,0,two_ankles,accepted,4.697411060333252,1.0964943170547485,0.14235436514601268
353,11.766666666666667,detected,3,1,0.9154564142227173,ankle_midpoint,956.886474609375,850.974365234375,0.9950166344642639,0.995623767375946,3.0080771446228027,10.118560791015625,2.9935742663687126,10.206017942531986,0.0,0,two_ankles,accepted,3.0080771446228027,10.118560791015625,0.08882217033489903
353,11.766666666666667,detected,4,20,0.8925656676292419,ankle_midpoint,1242.0166015625,906.376220703125,0.9890270233154297,0.9923317432403564,4.604685306549072,11.267997741699219,4.574099719048023,11.111325404167488,0.0,0,two_ankles,accepted,4.604685306549072,11.267997741699219,0.1787753758991205
354,11.8,detected,1,3,0.8619664311408997,ankle_midpoint,898.7535400390625,606.9036254882812,0.9527783989906311,0.9637089967727661,2.4647889137268066,1.9297993183135986,2.466544468835398,1.9404233717587385,0.0,0,two_ankles,accepted,2.4647889137268066,1.9297993183135986,0.003130131488882607
354,11.8,detected,2,6,0.8882479071617126,ankle_midpoint,1146.034912109375,592.7159423828125,0.9848916530609131,0.9893110990524292,4.680165767669678,1.1481133699417114,4.7044400976448255,1.1609410994208076,0.0,0,two_ankles,accepted,4.680165767669678,1.1481133699417114,0.05442358624713552
354,11.8,detected,3,1,0.9153897762298584,ankle_midpoint,959.02490234375,848.4688110351562,0.9951913356781006,0.9955759048461914,3.0206730365753174,10.060710906982422,3.005768712961685,10.140629776534682,0.0,0,two_ankles,accepted,3.0206730365753174,10.060710906982422,0.05920528335152593
354,11.8,detected,4,20,0.8993043303489685,ankle_midpoint,1247.959716796875,917.7069091796875,0.9891357421875,0.9933503270149231,4.616672515869141,11.4906005859375,4.593257477617526,11.281999235963994,0.0,0,two_ankles,accepted,4.616672515869141,11.4906005859375,0.22292536744447825
355,11.833333333333334,detected,1,3,0.8493912816047668,ankle_midpoint,901.8919677734375,602.8070068359375,0.9528540372848511,0.9674806594848633,2.4876701831817627,1.7255522012710571,2.476051040291262,1.843731345039282,0.0,0,two_ankles,accepted,2.4876701831817627,1.7255522012710571,0.20552478515269137
355,11.833333333333334,detected,2,6,0.8738093376159668,ankle_midpoint,1142.071533203125,593.1607666015625,0.9824833869934082,0.9875773191452026,4.642956733703613,1.1723562479019165,4.67677258387128,1.1660779162373067,0.0,0,two_ankles,accepted,4.642956733703613,1.1723562479019165,0.04440978879122412
355,11.833333333333334,detected,3,1,0.9157512187957764,ankle_midpoint,960.8951416015625,845.0384521484375,0.9952009916305542,0.9952203631401062,3.031679630279541,9.981029510498047,3.0174286257547207,10.068809656818196,0.0,0,two_ankles,accepted,3.031679630279541,9.981029510498047,0.08043798885271825
355,11.833333333333334,detected,4,20,0.8916946649551392,ankle_midpoint,1259.16064453125,928.3587646484375,0.9909947514533997,0.993519127368927,4.658206462860107,11.693777084350586,4.622484520976688,11.46729926773796,0.0,0,two_ankles,accepted,4.658206462860107,11.693777084350586,0.2073782974663722
356,11.866666666666667,detected,1,3,0.8434303998947144,ankle_midpoint,902.313232421875,602.8638305664062,0.9430052638053894,0.9644697904586792,2.4914581775665283,1.7282929420471191,2.482984252065132,1.7917840636928088,0.0,0,two_ankles,accepted,2.4914581775665283,1.7282929420471191,0.0046755279338899156
356,11.866666666666667,detected,2,6,0.8527240753173828,ankle_midpoint,1140.8011474609375,593.058349609375,0.9796455502510071,0.9883642196655273,4.63179349899292,1.1673346757888794,4.656531995676018,1.1666434580355145,0.0,0,two_ankles,accepted,4.63179349899292,1.1673346757888794,0.012240669740355755
356,11.866666666666667,detected,3,1,0.8997028470039368,ankle_midpoint,965.441162109375,844.5821533203125,0.9937310814857483,0.9958665370941162,3.059065580368042,9.969802856445312,3.0361652553307152,10.0242565966504,0.0,0,two_ankles,accepted,3.059065580368042,9.969802856445312,0.029597770582759166
356,11.866666666666667,detected,4,20,0.8742883801460266,ankle_midpoint,1273.47412109375,942.85498046875,0.9911547899246216,0.9949641227722168,4.70810079574585,11.962297439575195,4.661011844622811,11.690048445064718,0.0,0,two_ankles,accepted,4.70810079574585,11.962297439575195,0.27311650558701805
357,11.9,detected,1,3,0.8389285802841187,ankle_midpoint,901.9882202148438,602.5670166015625,0.9450350999832153,0.9644820690155029,2.4882471561431885,1.7135080099105835,2.4853525589002574,1.7565598394908075,0.0,0,two_ankles,accepted,2.4882471561431885,1.7135080099105835,0.015129602667060094
357,11.9,detected,2,6,0.8361232280731201,ankle_midpoint,1141.051513671875,593.1555786132812,0.9793136715888977,0.9897494912147522,4.633758068084717,1.1723453998565674,4.646283728259933,1.1692093318549883,0.0,0,two_ankles,accepted,4.633758068084717,1.1723453998565674,0.005382089501202229
357,11.9,detected,3,1,0.9046051502227783,ankle_midpoint,968.634521484375,846.11572265625,0.9768419861793518,0.9852448105812073,3.0783257484436035,10.005023002624512,3.055137477231515,10.015601479338752,0.0,0,two_ankles,accepted,3.0783257484436035,10.005023002624512,0.040142406145908104
357,11.9,detected,4,20,0.8981322050094604,ankle_midpoint,1279.525146484375,952.2388916015625,0.9858929514884949,0.9924762845039368,4.722492218017578,12.131693840026855,4.688678012650456,11.888788872797681,0.0,0,two_ankles,accepted,4.722492218017578,12.131693840026855,0.17000662787368737
358,11.933333333333334,detected,1,3,0.8098139762878418,ankle_midpoint,902.97412109375,600.6048583984375,0.9632881283760071,0.976244330406189,2.494750499725342,1.6145646572113037,2.4895816322715456,1.692662007465031,0.0,0,two_ankles,accepted,2.494750499725342,1.6145646572113037,0.09915684807980542
358,11.933333333333334,detected,2,6,0.8398582339286804,ankle_midpoint,1142.2109375,594.7435302734375,0.9616870880126953,0.9761912822723389,4.639352321624756,1.2546536922454834,4.643164595274103,1.2076592940307114,0.0,0,two_ankles,accepted,4.639352321624756,1.2546536922454834,0.08249818585065692
358,11.933333333333334,detected,3,1,0.9129087328910828,ankle_midpoint,972.8580322265625,847.4737548828125,0.977145791053772,0.9864648580551147,3.1037023067474365,10.035908699035645,3.07699165051368,10.024739728202356,0.0,0,two_ankles,accepted,3.1037023067474365,10.035908699035645,0.039973690774664505
358,11.933333333333334,detected,4,20,0.8987658619880676,ankle_midpoint,1297.5107421875,971.5946044921875,0.9915254712104797,0.9946144223213196,4.779723167419434,12.46920394897461,4.716562702010858,12.083201973910278,0.0,0,two_ankles,corrected_motion_outlier,4.750643989006905,12.320817986381227,0.3423279936133802
359,11.966666666666667,detected,1,3,0.7768512964248657,ankle_midpoint,901.8034057617188,603.7869873046875,0.9209710955619812,0.9538660645484924,2.4880058765411377,1.774543046951294,2.4888725421928624,1.7295084752338494,0.0,0,two_ankles,accepted,2.4880058765411377,1.774543046951294,0.16012050189059837
359,11.966666666666667,detected,2,6,0.8103504180908203,ankle_midpoint,1141.977294921875,595.782470703125,0.9601260423660278,0.9718538522720337,4.634076118469238,1.3084790706634521,4.639074780711915,1.2530281935154448,0.0,0,two_ankles,accepted,4.634076118469238,1.3084790706634521,0.054083358638085985
359,11.966666666666667,detected,3,1,0.9155980944633484,ankle_midpoint,976.3564453125,848.908447265625,0.9780111312866211,0.9879484176635742,3.124636173248291,10.068548202514648,3.098431685744255,10.044453541642888,0.0,0,two_ankles,accepted,3.124636173248291,10.068548202514648,0.038775816613341695
359,11.966666666666667,detected,4,20,0.9090285301208496,ankle_midpoint,1317.9017333984375,993.342529296875,0.9836552739143372,0.9881740808486938,4.842044830322266,12.831278800964355,4.744567578104277,12.275235045381674,0.0,0,two_ankles,corrected_motion_outlier,4.778795759996233,12.509942132735599,0.3548633344961121
360,12.0,detected,1,3,0.7908608913421631,ankle_midpoint,902.7984619140625,605.7979736328125,0.9192226529121399,0.95749831199646,2.499032974243164,1.8742114305496216,2.493444736615498,1.794624805125947,0.0,0,two_ankles,accepted,2.499032974243164,1.8742114305496216,0.1002765355047402
360,12.0,detected,2,6,0.7802687883377075,ankle_midpoint,1141.1180419921875,595.53955078125,0.9792757034301758,0.9898248314857483,4.6270904541015625,1.2961446046829224,4.633681833737256,1.2724305785408099,0.0,0,two_ankles,accepted,4.6270904541015625,1.2961446046829224,0.014175279809677891
360,12.0,detected,3,1,0.9151114821434021,ankle_midpoint,977.6847534179688,847.8509521484375,0.9799153208732605,0.988935649394989,3.132675886154175,10.043984413146973,3.113841575928719,10.044242433819726,0.0,0,two_ankles,accepted,3.132675886154175,10.043984413146973,0.02584601964923373
360,12.0,detected,4,20,0.9173431992530823,ankle_midpoint,1326.0538330078125,998.7000732421875,0.993310809135437,0.9912193417549133,4.872668743133545,12.917518615722656,4.802213102367448,12.564262652035117,0.0,0,two_ankles,accepted,4.872668743133545,12.917518615722656,0.2666819926415193
361,12.033333333333333,detected,1,3,0.758490264415741,ankle_midpoint,900.1535034179688,604.423828125,0.9401108026504517,0.970201849937439,2.4741921424865723,1.806670904159546,2.4847810692574814,1.8000455496910666,0.0,0,two_ankles,accepted,2.4741921424865723,1.806670904159546,0.07196380776062235
361,12.033333333333333,detected,2,6,0.7852108478546143,ankle_midpoint,1139.43701171875,594.530029296875,0.974316418170929,0.9873899221420288,4.615015029907227,1.2442811727523804,4.625281772013743,1.2597633459360167,0.0,0,two_ankles,accepted,4.615015029907227,1.2442811727523804,0.05325064733021671
361,12.033333333333333,detected,3,1,0.9159342050552368,ankle_midpoint,980.57568359375,845.7303466796875,0.9816119074821472,0.9903779029846191,3.1502342224121094,9.994489669799805,3.130218266846245,10.021853690010762,0.0,0,two_ankles,accepted,3.1502342224121094,9.994489669799805,0.05251690005273281
361,12.033333333333333,detected,4,20,0.916163980960846,ankle_midpoint,1330.978271484375,1012.1209716796875,0.9887964725494385,0.9849318861961365,4.871069431304932,13.130720138549805,4.833198450389316,12.819168520966727,0.0,0,two_ankles,accepted,4.871069431304932,13.130720138549805,0.21320752128886128
362,12.066666666666666,detected,1,3,0.7184833288192749,ankle_midpoint,901.8016967773438,604.6724243164062,0.956048846244812,0.9823516011238098,2.4889976978302,1.818629503250122,2.486678552115205,1.8084083287926416,0.0,0,two_ankles,accepted,2.4889976978302,1.818629503250122,0.019031882756111094
362,12.066666666666666,detected,2,6,0.8078464269638062,ankle_midpoint,1137.696044921875,591.177490234375,0.9329949617385864,0.9604642391204834,4.609407424926758,1.0695838928222656,4.6181383158246,1.1741825920348288,0.0,0,two_ankles,accepted,4.609407424926758,1.0695838928222656,0.1747872559673555
362,12.066666666666666,detected,3,1,0.9084278345108032,ankle_midpoint,982.2269897460938,844.522705078125,0.9829332828521729,0.9911193251609802,3.1603076457977295,9.966178894042969,3.143758487374413,9.996800031825256,0.0,0,two_ankles,accepted,3.1603076457977295,9.966178894042969,0.03004952383416096
362,12.066666666666666,detected,4,20,0.925102949142456,ankle_midpoint,1321.3079833984375,1008.8123168945312,0.9891441464424133,0.9837676286697388,4.829423904418945,13.079572677612305,4.83149990470265,12.936350391457237,0.0,0,two_ankles,accepted,4.829423904418945,13.079572677612305,0.06595765816009919
363,12.1,detected,1,3,0.621240496635437,ankle_midpoint,900.1552124023438,603.765869140625,0.9626175165176392,0.9866065979003906,2.473440170288086,1.7738944292068481,2.4807212802930017,1.7928770739790347,0.0,0,two_ankles,accepted,2.473440170288086,1.7738944292068481,0.04736310286373607
363,12.1,detected,2,6,0.7907420992851257,ankle_midpoint,1135.068359375,592.2626953125,0.9382826089859009,0.9662164449691772,4.582352161407471,1.1272008419036865,4.602034546336892,1.1530408044758147,0.0,0,two_ankles,accepted,4.582352161407471,1.1272008419036865,0.06365296619599999
363,12.1,detected,3,1,0.9061173796653748,ankle_midpoint,982.226806640625,844.32373046875,0.9832533001899719,0.9912872910499573,3.160327672958374,9.961542129516602,3.1512146208871954,9.98093397578636,0.0,0,two_ankles,accepted,3.160327672958374,9.961542129516602,0.004636807776923754
363,12.1,detected,4,20,0.9247912168502808,ankle_midpoint,1313.7095947265625,1001.7314453125,0.9819098711013794,0.971062958240509,4.804896831512451,12.967569351196289,4.81952852176706,12.950398923339812,0.0,0,two_ankles,accepted,4.804896831512451,12.967569351196289,0.11465741333909911
364,12.133333333333333,detected,1,3,0.6768876910209656,ankle_midpoint,899.499267578125,602.740478515625,0.9644491672515869,0.9875780940055847,2.466442108154297,1.7228103876113892,2.474295652830585,1.7613470651135943,0.0,0,two_ankles,accepted,2.466442108154297,1.7228103876113892,0.0515611499033425
364,12.133333333333333,detected,2,6,0.8294636607170105,ankle_midpoint,1129.3502197265625,596.115234375,0.9659107327461243,0.9840288758277893,4.519659996032715,1.3288400173187256,4.564965998700012,1.2321504502551246,0.0,0,two_ankles,accepted,4.519659996032715,1.3288400173187256,0.21116028192212813
364,12.133333333333333,detected,3,1,0.91257643699646,ankle_midpoint,981.2022705078125,843.8028564453125,0.983866810798645,0.9906759262084961,3.1541974544525146,9.949528694152832,3.152556895991589,9.966801599051273,0.0,0,two_ankles,accepted,3.1541974544525146,9.949528694152832,0.013487112669843353
364,12.133333333333333,detected,4,20,0.9133995175361633,ankle_midpoint,1303.86572265625,996.950439453125,0.9854453206062317,0.9751866459846497,4.764388561248779,12.891438484191895,4.794715539533835,12.92386672572325,0.0,0,two_ankles,accepted,4.764388561248779,12.891438484191895,0.08623705045162137
365,12.166666666666666,detected,1,3,0.6735977530479431,ankle_midpoint,899.8541259765625,603.1146850585938,0.9841120839118958,0.9952263832092285,2.4700193405151367,1.7414480447769165,2.472371312288633,1.7523925059620895,0.0,0,two_ankles,accepted,2.4700193405151367,1.7414480447769165,0.018977851722025138
365,12.166666666666666,detected,2,6,0.8222880959510803,ankle_midpoint,1123.720458984375,596.8759155273438,0.9688209891319275,0.9849274158477783,4.467037677764893,1.3694254159927368,4.520898254279208,1.2939241848370502,0.0,0,two_ankles,accepted,4.467037677764893,1.3694254159927368,0.06645511993374487
365,12.166666666666666,detected,3,1,0.9105631113052368,ankle_midpoint,980.89501953125,840.769287109375,0.9826399683952332,0.9887046217918396,3.1526355743408203,9.878475189208984,3.1525923012487436,9.927054714622244,0.0,0,two_ankles,accepted,3.1526355743408203,9.878475189208984,0.07107066929675483
365,12.166666666666666,detected,4,20,0.9116699695587158,ankle_midpoint,1288.342041015625,1000.9663696289062,0.9822450876235962,0.9740269184112549,4.6791791915893555,12.957826614379883,4.742724182958819,12.939148675618735,0.0,0,two_ankles,accepted,4.6791791915893555,12.957826614379883,0.10801861185746472
366,12.2,detected,1,3,0.722117006778717,ankle_midpoint,899.8215942382812,602.5653076171875,0.9847336411476135,0.9955234527587891,2.469085216522217,1.713956356048584,2.4708925691937456,1.7350962385010122,0.0,0,two_ankles,accepted,2.469085216522217,1.713956356048584,0.02750755417643804
366,12.2,detected,2,6,0.8387691378593445,ankle_midpoint,1121.47314453125,597.11083984375,0.9737154245376587,0.9853984117507935,4.446260452270508,1.382062554359436,4.487311243375293,1.333586451122124,0.0,0,two_ankles,accepted,4.446260452270508,1.382062554359436,0.024318518979239128
366,12.2,detected,3,1,0.9079729914665222,ankle_midpoint,980.8010864257812,839.3192138671875,0.9833769798278809,0.9885546565055847,3.1522059440612793,9.8443021774292,3.152418440514385,9.889816072885374,0.0,0,two_ankles,accepted,3.1522059440612793,9.8443021774292,0.03417571237411787
366,12.2,detected,4,20,0.9163112640380859,ankle_midpoint,1278.641845703125,1001.4447631835938,0.9679291248321533,0.9508029222488403,4.629749774932861,12.966482162475586,4.691885699347138,12.951448744704319,0.0,0,two_ankles,accepted,4.629749774932861,12.966482162475586,0.050181527914545714
367,12.233333333333333,detected,1,3,0.7708073258399963,ankle_midpoint,898.751708984375,600.4033203125,0.985161542892456,0.9949712753295898,2.4570260047912598,1.6054322719573975,2.4646526152126267,1.6767474535563855,0.0,0,two_ankles,accepted,2.4570260047912598,1.6054322719573975,0.1091920391576372
367,12.233333333333333,detected,2,6,0.8750478625297546,ankle_midpoint,1116.88037109375,596.7225341796875,0.9741706848144531,0.9844101667404175,4.406108856201172,1.36326003074646,4.450770169146939,1.3469395619530753,0.0,0,two_ankles,accepted,4.406108856201172,1.36326003074646,0.04433605261107078
367,12.233333333333333,detected,3,1,0.9131332039833069,ankle_midpoint,979.8505249023438,832.7551879882812,0.9848802089691162,0.9888449311256409,3.147022008895874,9.688026428222656,3.1499900462860553,9.799010732787153,0.0,0,two_ankles,accepted,3.147022008895874,9.688026428222656,0.15636170558632775
367,12.233333333333333,detected,4,20,0.9152248501777649,ankle_midpoint,1268.7646484375,1001.0228881835938,0.9757236242294312,0.9762759208679199,4.580965518951416,12.960698127746582,4.641971618169063,12.955610967073337,0.0,0,two_ankles,accepted,4.580965518951416,12.960698127746582,0.04912594721132109
368,12.266666666666667,detected,1,3,0.6862112879753113,ankle_midpoint,899.4725341796875,596.9090576171875,0.9701658487319946,0.9902680516242981,2.4592251777648926,1.4274837970733643,2.4622102683611464,1.564578808139026,0.0,0,two_ankles,accepted,2.4592251777648926,1.4274837970733643,0.1779620635846903
368,12.266666666666667,detected,2,6,0.8791952133178711,ankle_midpoint,1114.2156982421875,597.671142578125,0.9743677973747253,0.9850227236747742,4.379798889160156,1.4126306772232056,4.4188330931528865,1.376500563824634,0.0,0,two_ankles,accepted,4.379798889160156,1.4126306772232056,0.05594349916863551
368,12.266666666666667,detected,3,1,0.9189290404319763,ankle_midpoint,980.3493041992188,825.3488159179688,0.9913653135299683,0.9925357103347778,3.1507859230041504,9.508152961730957,3.150348190809198,9.668124735811865,0.0,0,two_ankles,accepted,3.1507859230041504,9.508152961730957,0.17991284277992753
368,12.266666666666667,detected,4,20,0.9154981374740601,ankle_midpoint,1260.457275390625,997.772216796875,0.9602975249290466,0.9755386710166931,4.5445404052734375,12.90912914276123,4.598127572366032,12.934694146132891,0.0,0,two_ankles,accepted,4.5445404052734375,12.90912914276123,0.06313595741630179
369,12.3,detected,1,3,0.6969708800315857,ankle_midpoint,898.9110717773438,597.8738403320312,0.9880968332290649,0.9953019618988037,2.45538067817688,1.4769492149353027,2.459136952778227,1.5251454911973505,0.0,0,two_ankles,accepted,2.45538067817688,1.4769492149353027,0.049614592020275766
369,12.3,detected,2,6,0.881161093711853,ankle_midpoint,1112.9881591796875,598.2369995117188,0.9723618030548096,0.9823051691055298,4.3673882484436035,1.4419023990631104,4.395682913033709,1.4059313896819483,0.0,0,two_ankles,accepted,4.3673882484436035,1.4419023990631104,0.03179398846430116
369,12.3,detected,3,1,0.9192686676979065,ankle_midpoint,979.9935302734375,822.5218505859375,0.9913177490234375,0.9923157691955566,3.1488499641418457,9.438618659973145,3.14967398880889,9.564847001684441,0.0,0,two_ankles,accepted,3.1488499641418457,9.438618659973145,0.06956124680929075
369,12.3,detected,4,20,0.9141815900802612,ankle_midpoint,1257.656982421875,994.4679565429688,0.971561849117279,0.9804617166519165,4.535735607147217,12.855762481689453,4.570051188017565,12.899174897133344,0.0,0,two_ankles,accepted,4.535735607147217,12.855762481689453,0.05408812239293813
370,12.333333333333334,detected,1,3,0.6119800806045532,ankle_midpoint,899.028564453125,597.8258056640625,0.9887507557868958,0.9938551783561707,2.4563708305358887,1.474468469619751,2.4578921977691746,1.502340831487431,0.0,0,two_ankles,accepted,2.4563708305358887,1.474468469619751,0.0026710482988300042
370,12.333333333333334,detected,2,6,0.886510968208313,ankle_midpoint,1111.5748291015625,598.5196533203125,0.9706941843032837,0.9818779826164246,4.354048728942871,1.456700086593628,4.376947530192832,1.4287773032922042,0.0,0,two_ankles,accepted,4.354048728942871,1.456700086593628,0.019922709071842012
370,12.333333333333334,detected,3,1,0.918420135974884,ankle_midpoint,977.6796875,821.1016845703125,0.9868646264076233,0.9901015758514404,3.1345834732055664,9.403785705566406,3.1428832567873943,9.492369418431327,0.0,0,two_ankles,accepted,3.1345834732055664,9.403785705566406,0.037641300141425076
370,12.333333333333334,detected,4,20,0.9169117212295532,ankle_midpoint,1238.15380859375,988.320556640625,0.9896937012672424,0.9945196509361267,4.446557998657227,12.756902694702148,4.514479252805414,12.835152406039306,0.0,0,two_ankles,accepted,4.446557998657227,12.756902694702148,0.133138662075181
371,12.366666666666667,detected,1,3,0.7866963148117065,ankle_midpoint,899.956298828125,596.1549072265625,0.9760814309120178,0.98976069688797,2.462642192840576,1.3886762857437134,2.4600296955513055,1.451191785902758,0.0,0,two_ankles,accepted,2.462642192840576,1.3886762857437134,0.08602109508356948
371,12.366666666666667,detected,2,6,0.8813230991363525,ankle_midpoint,1109.469970703125,600.0155639648438,0.9677110314369202,0.9799489378929138,4.3315887451171875,1.5334007740020752,4.356536076908792,1.4758578651116463,0.0,0,two_ankles,accepted,4.3315887451171875,1.5334007740020752,0.07992150100178493
371,12.366666666666667,detected,3,1,0.9188588857650757,ankle_midpoint,975.2830810546875,820.0010986328125,0.9899269342422485,0.9924496412277222,3.1197285652160645,9.37678337097168,3.1324636455802963,9.440355697074487,0.0,0,two_ankles,accepted,3.1197285652160645,9.37678337097168,0.030818733993175904
371,12.366666666666667,detected,4,20,0.9277945756912231,ankle_midpoint,1212.3240966796875,977.3280029296875,0.9916397929191589,0.9942743182182312,4.330573081970215,12.575818061828613,4.431721475929574,12.718451951144495,0.0,0,two_ankles,accepted,4.330573081970215,12.575818061828613,0.21504451902300617
372,12.4,detected,1,3,0.7745236158370972,ankle_midpoint,901.1497802734375,597.8914794921875,0.9688000679016113,0.9910996556282043,2.475379467010498,1.4772893190383911,2.4669370927079424,1.462935675813793,0.0,0,two_ankles,accepted,2.475379467010498,1.4772893190383911,0.08952378356036693
372,12.4,detected,2,6,0.8824425339698792,ankle_midpoint,1108.099365234375,600.1793212890625,0.9709244966506958,0.9812811017036438,4.3189826011657715,1.5420539379119873,4.339637012824433,1.5056460978717998,0.0,0,two_ankles,accepted,4.3189826011657715,1.5420539379119873,0.015290261965565797
372,12.4,detected,3,1,0.9182096123695374,ankle_midpoint,975.8333740234375,820.253662109375,0.9941315054893494,0.9946330785751343,3.123143196105957,9.382987022399902,3.128269443316844,9.414539793470924,0.0,0,two_ankles,accepted,3.123143196105957,9.382987022399902,0.007081313095542209
372,12.4,detected,4,20,0.9253934025764465,ankle_midpoint,1199.8438720703125,972.0383911132812,0.9940219521522522,0.9954076409339905,4.273479461669922,12.48709774017334,4.360512569512731,12.614342556207475,0.0,0,two_ankles,accepted,4.273479461669922,12.48709774017334,0.10550344522151495
373,12.433333333333334,detected,1,3,0.8225052952766418,ankle_midpoint,900.877197265625,595.053466796875,0.9737614393234253,0.992983341217041,2.4695746898651123,1.3317369222640991,2.468124011428669,1.403896236716431,0.0,0,two_ankles,accepted,2.4695746898651123,1.3317369222640991,0.14566810098456187
373,12.433333333333334,detected,2,6,0.8844927549362183,ankle_midpoint,1104.68994140625,599.0008544921875,0.9736296534538269,0.9854418039321899,4.291390419006348,1.482973337173462,4.317926045606295,1.495443355557548,0.0,0,two_ankles,accepted,4.291390419006348,1.482973337173462,0.06520617992141445
373,12.433333333333334,detected,3,1,0.9273174405097961,ankle_midpoint,973.6156616210938,822.160400390625,0.9901646971702576,0.9926464557647705,3.109247922897339,9.430575370788574,3.119709759128067,9.421755803263867,0.0,0,two_ankles,accepted,3.109247922897339,9.430575370788574,0.049575493138281045
373,12.433333333333334,detected,4,20,0.9281679391860962,ankle_midpoint,1174.773681640625,960.2672729492188,0.9869215488433838,0.9893607497215271,4.158133506774902,12.285552024841309,4.269441991280709,12.466386817092701,0.0,0,two_ankles,accepted,4.158133506774902,12.285552024841309,0.232218355603824
374,12.466666666666667,detected,1,3,0.8077143430709839,ankle_midpoint,899.04345703125,599.157470703125,0.9867903590202332,0.9967164397239685,2.458116054534912,1.5422550439834595,2.4636204308264786,1.466157699986594,0.0,0,two_ankles,accepted,2.458116054534912,1.5422550439834595,0.210829741487955
374,12.466666666666667,detected,2,6,0.8841655254364014,ankle_midpoint,1100.2696533203125,597.2874145507812,0.9679591655731201,0.9774478673934937,4.255856990814209,1.3964571952819824,4.289994970949857,1.4508995834335434,0.0,0,two_ankles,accepted,4.255856990814209,1.3964571952819824,0.0935289651758881
374,12.466666666666667,detected,3,1,0.9306939840316772,ankle_midpoint,968.9258422851562,823.9801025390625,0.9884825348854065,0.9903761744499207,3.08010196685791,9.476119995117188,3.1018862526064965,9.44621968959786,0.0,0,two_ankles,accepted,3.08010196685791,9.476119995117188,0.05407216990917623
374,12.466666666666667,detected,4,20,0.9230260252952576,ankle_midpoint,1154.333740234375,963.9085693359375,0.9769548177719116,0.9828556180000305,4.046976089477539,12.351480484008789,4.169332335469282,12.414678967204942,0.0,0,two_ankles,accepted,4.046976089477539,12.351480484008789,0.12923828050704753
375,12.5,detected,1,3,0.8114859461784363,ankle_midpoint,897.188232421875,600.8692626953125,0.9853289723396301,0.996208906173706,2.4437167644500732,1.6293421983718872,2.4546637809570964,1.539590724259976,0.0,0,two_ankles,accepted,2.4437167644500732,1.6293421983718872,0.08826954182741172
375,12.5,detected,2,6,0.8765312433242798,ankle_midpoint,1099.580322265625,597.372314453125,0.9654667973518372,0.9768257141113281,4.249488830566406,1.4009857177734375,4.271767207777304,1.4284383438864958,0.0,0,two_ankles,accepted,4.249488830566406,1.4009857177734375,0.007814152602637696
375,12.5,detected,3,1,0.9284000396728516,ankle_midpoint,967.6407470703125,825.3525390625,0.9862813353538513,0.9880874156951904,3.0721492767333984,9.510007858276367,3.088504613463603,9.474924365503188,0.0,0,two_ankles,accepted,3.0721492767333984,9.510007858276367,0.03480851260412881
375,12.5,detected,4,20,0.9269668459892273,ankle_midpoint,1142.404541015625,962.8019409179688,0.9849964380264282,0.9805610775947571,3.9858622550964355,12.333442687988281,4.086770799301502,12.378122641557447,0.0,0,two_ankles,accepted,3.9858622550964355,12.333442687988281,0.06372019176084139
376,12.533333333333333,detected,1,3,0.8019900321960449,ankle_midpoint,890.62646484375,598.9462280273438,0.987684965133667,0.9969826340675354,2.3829097747802734,1.5336233377456665,2.4223744781775265,1.536905400328537,0.0,0,two_ankles,accepted,2.3829097747802734,1.5336233377456665,0.11340013347560489
376,12.533333333333333,detected,2,6,0.8688948750495911,ankle_midpoint,1097.11376953125,596.7095947265625,0.9762760400772095,0.9861214756965637,4.228889465332031,1.3675709962844849,4.252472223676932,1.401048037465591,0.0,0,two_ankles,accepted,4.228889465332031,1.3675709962844849,0.039254012027351425
376,12.533333333333333,detected,3,1,0.9273321032524109,ankle_midpoint,967.6826171875,825.4439697265625,0.991144597530365,0.9925450682640076,3.072409152984619,9.512243270874023,3.081261656248061,9.491717872920065,0.0,0,two_ankles,accepted,3.072409152984619,9.512243270874023,0.002250467761979449
376,12.533333333333333,detected,4,20,0.9178314805030823,ankle_midpoint,1119.923828125,964.197265625,0.9908163547515869,0.988190770149231,3.8671534061431885,12.360179901123047,3.987942972380261,12.370048408361967,0.0,0,two_ankles,accepted,3.8671534061431885,12.360179901123047,0.1216826585262613
377,12.566666666666666,detected,1,3,0.8368765115737915,ankle_midpoint,888.2200927734375,600.1240234375,0.9862141013145447,0.9939747452735901,2.3631234169006348,1.5939275026321411,2.3957115006029257,1.562565346365159,0.0,0,two_ankles,accepted,2.3631234169006348,1.5939275026321411,0.06346725345243999
377,12.566666666666666,detected,2,6,0.8729812502861023,ankle_midpoint,1096.2840576171875,597.2976684570312,0.978988528251648,0.9842128157615662,4.220138072967529,1.3979847431182861,4.237921855857701,1.399669555009304,0.0,0,two_ankles,accepted,4.220138072967529,1.3979847431182861,0.03164779399560133
377,12.566666666666666,detected,3,1,0.9276537895202637,ankle_midpoint,967.0789794921875,823.89501953125,0.9910126328468323,0.9918346405029297,3.068652391433716,9.474283218383789,3.075587487081606,9.48387227837874,0.0,0,two_ankles,accepted,3.068652391433716,9.474283218383789,0.038145495702791625
377,12.566666666666666,detected,4,20,0.9185685515403748,ankle_midpoint,1104.83544921875,961.7749633789062,0.9897812604904175,0.9857540130615234,3.7904164791107178,12.319500923156738,3.8990560504089666,12.347302040019615,0.0,0,two_ankles,accepted,3.7904164791107178,12.319500923156738,0.08685237601108074
378,12.6,detected,1,3,0.8306657671928406,ankle_midpoint,887.178466796875,601.2841186523438,0.9831105470657349,0.9924577474594116,2.355499267578125,1.652726173400879,2.3776159957417655,1.603137718531233,0.0,0,two_ankles,accepted,2.355499267578125,1.652726173400879,0.059290904336688495
378,12.6,detected,2,6,0.8739222288131714,ankle_midpoint,1095.761962890625,597.4701538085938,0.9803563356399536,0.9835519194602966,4.2150797843933105,1.4069619178771973,4.227642923698726,1.402951118299856,0.0,0,two_ankles,accepted,4.2150797843933105,1.4069619178771973,0.010304171483050111
378,12.6,detected,3,1,0.9268852472305298,ankle_midpoint,967.2384643554688,822.8812255859375,0.9909802079200745,0.9918579459190369,3.0696277618408203,9.449274063110352,3.072905610723253,9.468303081507965,0.0,0,two_ankles,accepted,3.0696277618408203,9.449274063110352,0.025028168029681316
378,12.6,detected,4,20,0.9218010306358337,ankle_midpoint,1100.48291015625,959.804931640625,0.9940213561058044,0.989335834980011,3.7692043781280518,12.285402297973633,3.8406227978825553,12.319447156098924,0.0,0,two_ankles,accepted,3.7692043781280518,12.285402297973633,0.04015805607193574
379,12.633333333333333,detected,1,3,0.8589686751365662,ankle_midpoint,884.0462646484375,603.20556640625,0.989943265914917,0.9951698184013367,2.330522298812866,1.7498791217803955,2.356423832123761,1.669171349993356,0.0,0,two_ankles,accepted,2.330522298812866,1.7498791217803955,0.10031223428642057
379,12.633333333333333,detected,2,6,0.8788864016532898,ankle_midpoint,1095.4317626953125,597.6730346679688,0.9813395142555237,0.9836636781692505,4.21167516708374,1.417441964149475,4.220457433221982,1.4094719989321847,0.0,0,two_ankles,accepted,4.21167516708374,1.417441964149475,0.01101920091901905
379,12.633333333333333,detected,3,1,0.9259151816368103,ankle_midpoint,967.827880859375,821.5136108398438,0.9883678555488586,0.9901705384254456,3.0732758045196533,9.415375709533691,3.0730721979316336,9.444485764119543,0.0,0,two_ankles,accepted,3.0732758045196533,9.415375709533691,0.03409408439296846
379,12.633333333333333,detected,4,20,0.9315240383148193,ankle_midpoint,1095.591796875,954.4918212890625,0.9870396256446838,0.982250988483429,3.747628927230835,12.191934585571289,3.7987755560892813,12.262066499361488,0.0,0,two_ankles,accepted,3.747628927230835,12.191934585571289,0.09592556146901333
380,12.666666666666666,detected,1,3,0.866346001625061,ankle_midpoint,887.428466796875,602.118896484375,0.9745779037475586,0.9819960594177246,2.358879327774048,1.6946262121200562,2.3575288051663903,1.680626037950371,0.0,0,two_ankles,accepted,2.358879327774048,1.6946262121200562,0.062104791420943654
380,12.666666666666666,detected,2,6,0.879767894744873,ankle_midpoint,1094.911865234375,597.40625,0.9825208783149719,0.9836613535881042,4.207610130310059,1.4038987159729004,4.214676146911617,1.4069640216005068,0.0,0,two_ankles,accepted,4.207610130310059,1.4038987159729004,0.014140158950438929
380,12.666666666666666,detected,3,1,0.9188523292541504,ankle_midpoint,968.89013671875,821.28662109375,0.9760400056838989,0.9748149514198303,3.0798826217651367,9.409602165222168,3.07613688865671,9.428788144615726,0.0,0,two_ankles,accepted,3.0798826217651367,9.409602165222168,0.008774043995350233
380,12.666666666666666,detected,4,20,0.9216169118881226,ankle_midpoint,1093.2177734375,952.742919921875,0.9851859211921692,0.9732165336608887,3.7364320755004883,12.161001205444336,3.7707209898243246,12.21658711709877,0.0,0,two_ankles,accepted,3.7364320755004883,12.161001205444336,0.03289746942775304
381,12.7,detected,1,3,0.8561636209487915,ankle_midpoint,887.6473388671875,603.431884765625,0.9692119359970093,0.9757669568061829,2.3626348972320557,1.7602990865707397,2.35982654659594,1.716478909829537,0.0,0,two_ankles,accepted,2.3626348972320557,1.7602990865707397,0.06578016981255955
381,12.7,detected,2,6,0.8813966512680054,ankle_midpoint,1094.83203125,597.9346313476562,0.9820353984832764,0.9816009998321533,4.205732822418213,1.4309864044189453,4.210651650889585,1.4177740938688042,0.0,0,two_ankles,accepted,4.205732822418213,1.4309864044189453,0.02715266377854633
381,12.7,detected,3,1,0.9194597005844116,ankle_midpoint,965.2362060546875,818.8626098632812,0.9666984677314758,0.9634476900100708,3.0570766925811768,9.349831581115723,3.0675598004227203,9.393257691040725,0.0,0,two_ankles,accepted,3.0570766925811768,9.349831581115723,0.06397369092345266
381,12.7,detected,4,20,0.9132616519927979,ankle_midpoint,1086.3431396484375,950.616455078125,0.9918920993804932,0.9661747217178345,3.701633930206299,12.1236572265625,3.7396318129962136,12.17476866635745,0.0,0,two_ankles,accepted,3.701633930206299,12.1236572265625,0.05104393866702028
382,12.733333333333333,detected,1,3,0.8568184971809387,ankle_midpoint,884.4856567382812,603.6649169921875,0.9843505620956421,0.9860615730285645,2.335061550140381,1.772706151008606,2.3486822981909388,1.741781168360118,0.0,0,two_ankles,accepted,2.335061550140381,1.772706151008606,0.030236149189394733
382,12.733333333333333,detected,2,6,0.8965477347373962,ankle_midpoint,1094.549072265625,599.28564453125,0.9863306283950806,0.9825975298881531,4.200247287750244,1.500012993812561,4.205969687476882,1.454781598843495,0.0,0,two_ankles,accepted,4.200247287750244,1.500012993812561,0.06924421372149668
382,12.733333333333333,detected,3,1,0.9089921712875366,ankle_midpoint,958.7796020507812,822.1282958984375,0.968742311000824,0.9460578560829163,3.0170533657073975,9.431855201721191,3.0448319048008248,9.410626570846937,0.0,0,two_ankles,accepted,3.0170533657073975,9.431855201721191,0.09126741494791699
382,12.733333333333333,detected,4,20,0.9124009609222412,ankle_midpoint,1084.43212890625,945.9244995117188,0.9853618144989014,0.9712687134742737,3.694849729537964,12.039154052734375,3.719479875440001,12.113742090227067,0.0,0,two_ankles,accepted,3.694849729537964,12.039154052734375,0.08477506570763922
383,12.766666666666667,detected,1,3,0.8719066977500916,ankle_midpoint,879.6442260742188,602.029052734375,0.9850801825523376,0.9843994379043579,2.2898600101470947,1.69203782081604,2.322212268571209,1.7193966619652832,0.0,0,two_ankles,accepted,2.2898600101470947,1.69203782081604,0.09246923117351787
383,12.766666666666667,detected,2,6,0.893861711025238,ankle_midpoint,1093.598876953125,597.0711669921875,0.9837360978126526,0.9835431575775146,4.196585178375244,1.3870344161987305,4.201746658381145,1.424295366653351,0.0,0,two_ankles,accepted,4.196585178375244,1.3870344161987305,0.11303791419129601
383,12.766666666666667,detected,3,1,0.9059535264968872,ankle_midpoint,951.4070434570312,825.237060546875,0.9409059286117554,0.8885070085525513,2.971696138381958,9.509430885314941,3.011920809912335,9.45508851235754,0.0,0,two_ankles,accepted,2.971696138381958,9.509430885314941,0.08986247690604351
383,12.766666666666667,detected,4,20,0.9235396981239319,ankle_midpoint,1068.2025146484375,936.352294921875,0.9892662763595581,0.977154552936554,3.6143760681152344,11.865251541137695,3.6721831621438565,12.00192134313685,0.0,0,two_ankles,accepted,3.6143760681152344,11.865251541137695,0.19161965901862318
384,12.8,detected,1,3,0.890504002571106,ankle_midpoint,880.3665771484375,601.766357421875,0.9863015413284302,0.9854407906532288,2.2958550453186035,1.678666114807129,2.3103515181075367,1.701067915744114,0.0,0,two_ankles,accepted,2.2958550453186035,1.678666114807129,0.014654110969157341
384,12.8,detected,2,6,0.9022921323776245,ankle_midpoint,1092.9130859375,596.9771728515625,0.9829092025756836,0.9814659357070923,4.190645217895508,1.3823797702789307,4.196751010162608,1.405433348284862,0.0,0,two_ankles,accepted,4.190645217895508,1.3823797702789307,0.0075464467890218635
384,12.8,detected,3,1,0.9088178873062134,ankle_midpoint,950.6044921875,821.7646484375,0.8553371429443359,0.7625190019607544,2.9661998748779297,9.424001693725586,2.9913463891468526,9.441099443973162,0.0,0,two_ankles,accepted,2.9661998748779297,9.424001693725586,0.08560581573769692
384,12.8,detected,4,20,0.9176881909370422,ankle_midpoint,1061.2166748046875,933.681396484375,0.9944515824317932,0.9857447743415833,3.5783262252807617,11.81630802154541,3.629947540555464,11.918395348420702,0.0,0,two_ankles,accepted,3.5783262252807617,11.81630802154541,0.06078699925535542
385,12.833333333333334,detected,1,3,0.8924341797828674,ankle_midpoint,874.7403564453125,600.19873046875,0.9839271903038025,0.9841316342353821,2.2435050010681152,1.6010518074035645,2.2802705854397973,1.6560606669908666,0.0,0,two_ankles,accepted,2.2435050010681152,1.6010518074035645,0.09361895025454559
385,12.833333333333334,detected,2,6,0.8977513313293457,ankle_midpoint,1091.231201171875,596.3165283203125,0.9849178194999695,0.9803285598754883,4.176990985870361,1.3488259315490723,4.187858999231097,1.3799600107537566,0.0,0,two_ankles,accepted,4.176990985870361,1.3488259315490723,0.0362256559044261
385,12.833333333333334,detected,3,1,0.8752013444900513,ankle_midpoint,965.2606201171875,820.2333984375,0.9582031965255737,0.9426739811897278,3.0572702884674072,9.383966445922852,3.0210121438411024,9.415389594850524,0.0,0,two_ankles,accepted,3.0572702884674072,9.383966445922852,0.09948186416621295
385,12.833333333333334,detected,4,20,0.9124438166618347,ankle_midpoint,1033.5093994140625,923.5103759765625,0.9884246587753296,0.9743028283119202,3.432922601699829,11.627222061157227,3.5412863180704286,11.78736736915214,0.0,0,two_ankles,accepted,3.432922601699829,11.627222061157227,0.23852822509377644
386,12.866666666666667,detected,1,3,0.8820655941963196,ankle_midpoint,866.2852783203125,601.7891235351562,0.9854814410209656,0.9796262383460999,2.1712214946746826,1.6832878589630127,2.2311984945954957,1.6683129033783324,0.0,0,two_ankles,accepted,2.1712214946746826,1.6832878589630127,0.1094882344026866
386,12.866666666666667,detected,2,6,0.8962122797966003,ankle_midpoint,1089.63671875,595.806640625,0.9878942370414734,0.9836236238479614,4.163767337799072,1.3229448795318604,4.177017751586686,1.3543032017039034,0.0,0,two_ankles,accepted,4.163767337799072,1.3229448795318604,0.029063615085376696
386,12.866666666666667,detected,3,1,0.8852513432502747,ankle_midpoint,975.1580810546875,813.7584228515625,0.9330512285232544,0.9234893918037415,3.119288921356201,9.220173835754395,3.065236693722897,9.327542503257266,0.0,0,two_ankles,accepted,3.119288921356201,9.220173835754395,0.17514088606373762
386,12.866666666666667,detected,4,20,0.9126651287078857,ankle_midpoint,1013.0512084960938,920.873046875,0.9755011200904846,0.9534927606582642,3.3218741416931152,11.578975677490234,3.4425508387006376,11.693591107904282,0.0,0,two_ankles,accepted,3.3218741416931152,11.578975677490234,0.12107631480518946
387,12.9,detected,1,3,0.8812358975410461,ankle_midpoint,860.8973388671875,601.6151123046875,0.9904463291168213,0.9863359928131104,2.123203754425049,1.6758750677108765,2.182600861518795,1.6717158773279772,0.0,0,two_ankles,accepted,2.123203754425049,1.6758750677108765,0.04858655012273508
387,12.9,detected,2,6,0.9020121097564697,ankle_midpoint,1088.93603515625,596.7612915039062,0.9782627820968628,0.9733842611312866,4.15546178817749,1.3722872734069824,4.167317568052548,1.362396033970289,0.0,0,two_ankles,accepted,4.15546178817749,1.3722872734069824,0.05003652653656372
387,12.9,detected,3,1,0.8762103319168091,ankle_midpoint,965.06982421875,820.072021484375,0.9563280940055847,0.9617008566856384,3.0560765266418457,9.37998104095459,3.0611146185364237,9.351139845221063,0.0,0,two_ankles,accepted,3.0560765266418457,9.37998104095459,0.17185502517942502
387,12.9,detected,4,20,0.9071316123008728,ankle_midpoint,998.1353759765625,921.171142578125,0.9703187942504883,0.9346479177474976,3.2400498390197754,11.58642578125,3.35142538884425,11.645366710909856,0.0,0,two_ankles,accepted,3.2400498390197754,11.58642578125,0.08216276866080892
388,12.933333333333334,detected,1,3,0.8817870020866394,ankle_midpoint,850.9754638671875,601.3079833984375,0.9854749441146851,0.9841565489768982,2.0347297191619873,1.6628824472427368,2.1160588474582314,1.6677408337896191,0.0,0,two_ankles,accepted,2.0347297191619873,1.6628824472427368,0.08942294505527412
388,12.933333333333334,detected,2,6,0.9006989002227783,ankle_midpoint,1083.1561279296875,595.29052734375,0.9824203252792358,0.9780364632606506,4.10660457611084,1.2979261875152588,4.13999672167878,1.3333846030655254,0.0,0,two_ankles,accepted,4.10660457611084,1.2979261875152588,0.08897526772042863
388,12.933333333333334,detected,3,1,0.8710197806358337,ankle_midpoint,952.366455078125,820.2930908203125,0.9547992944717407,0.9374298453330994,2.9769489765167236,9.387259483337402,3.0232400796275587,9.367393682373416,0.0,0,two_ankles,accepted,2.9769489765167236,9.387259483337402,0.07946159394527413
388,12.933333333333334,detected,4,20,0.9131579995155334,ankle_midpoint,966.49365234375,921.3775634765625,0.9888448119163513,0.983989417552948,3.0666892528533936,11.594030380249023,3.223294127648365,11.622265362112483,0.0,0,two_ankles,accepted,3.0666892528533936,11.594030380249023,0.17352729687829363
389,12.966666666666667,detected,1,3,0.8867315053939819,ankle_midpoint,839.7093505859375,602.1634521484375,0.9865301847457886,0.9848073720932007,1.9368187189102173,1.708632230758667,2.035400789611625,1.6861419624256908,0.0,0,two_ankles,accepted,1.9368187189102173,1.708632230758667,0.10807222891222604
389,12.966666666666667,detected,2,6,0.8997765779495239,ankle_midpoint,1076.353759765625,593.4667358398438,0.9926143884658813,0.989517867565155,4.048924446105957,1.2050329446792603,4.09901419767101,1.275626356791706,0.0,0,two_ankles,accepted,4.048924446105957,1.2050329446792603,0.10934419034392259
389,12.966666666666667,detected,3,1,0.8924362659454346,ankle_midpoint,948.9183349609375,822.06494140625,0.9871008396148682,0.9721354246139526,2.955768346786499,9.431666374206543,2.992877799849082,9.396316393698324,0.0,0,two_ankles,accepted,2.955768346786499,9.431666374206543,0.049199502359603596
389,12.966666666666667,detected,4,20,0.9158214926719666,ankle_midpoint,936.2869873046875,918.3477783203125,0.9808849096298218,0.9720914959907532,2.900620698928833,11.539108276367188,3.0780910847245755,11.584844673527101,0.0,0,two_ankles,accepted,2.900620698928833,11.539108276367188,0.17491484241596494
390,13.0,detected,1,3,0.8738918304443359,ankle_midpoint,834.223388671875,600.390380859375,0.9862419366836548,0.9835182428359985,1.8842122554779053,1.6207855939865112,1.9673659492514513,1.65673159662806,0.0,0,two_ankles,accepted,1.8842122554779053,1.6207855939865112,0.10239370872780344
390,13.0,detected,2,6,0.8965926766395569,ankle_midpoint,1073.2679443359375,593.2174682617188,0.9874332547187805,0.979560136795044,4.021549701690674,1.1928342580795288,4.064155174479859,1.2383699123712264,0.0,0,two_ankles,accepted,4.021549701690674,1.1928342580795288,0.02996972783594383
390,13.0,detected,3,1,0.9045544266700745,ankle_midpoint,954.072509765625,819.3444213867188,0.9764499068260193,0.9557865858078003,2.987457513809204,9.363414764404297,2.990438671131137,9.381510660516014,0.0,0,two_ankles,accepted,2.987457513809204,9.363414764404297,0.07524948868391701
390,13.0,detected,4,20,0.9098213911056519,ankle_midpoint,915.620849609375,920.4539794921875,0.9791628122329712,0.9729081988334656,2.7877936363220215,11.582124710083008,2.9474572329434263,11.58362068997726,0.0,0,two_ankles,accepted,2.7877936363220215,11.582124710083008,0.12074915993955788
391,13.033333333333333,detected,1,3,0.8589835166931152,ankle_midpoint,822.6441650390625,599.18408203125,0.9826091527938843,0.9777275323867798,1.7784334421157837,1.5626301765441895,1.882346321040401,1.6143859575903183,0.0,0,two_ankles,accepted,1.7784334421157837,1.5626301765441895,0.12071126680715953
391,13.033333333333333,detected,2,6,0.8984222412109375,ankle_midpoint,1067.06689453125,592.3316650390625,0.9881293177604675,0.9814174771308899,3.967134475708008,1.148175597190857,4.0204958600325265,1.1977824705400602,0.0,0,two_ankles,accepted,3.967134475708008,1.148175597190857,0.07039469306072725
391,13.033333333333333,detected,3,1,0.9138469696044922,ankle_midpoint,951.3926391601562,824.506103515625,0.9960953593254089,0.9869094491004944,2.9715006351470947,9.49149227142334,2.9819165549383184,9.43100238542431,0.0,0,two_ankles,accepted,2.9715006351470947,9.49149227142334,0.1290676945670383
391,13.033333333333333,detected,4,20,0.9138641953468323,ankle_midpoint,880.3665771484375,922.0321655273438,0.9927339553833008,0.9877516031265259,2.5955090522766113,11.616479873657227,2.7890805516433597,11.598407322633246,0.0,0,two_ankles,accepted,2.5955090522766113,11.616479873657227,0.1953295638804524
392,13.066666666666666,detected,1,3,0.8633013963699341,ankle_midpoint,812.9112548828125,598.2283325195312,0.9851020574569702,0.9787763953208923,1.6893061399459839,1.5165051221847534,1.7954782395479134,1.5703395816578143,0.0,0,two_ankles,accepted,1.6893061399459839,1.5165051221847534,0.10035535178418603
392,13.066666666666666,detected,2,6,0.8901094794273376,ankle_midpoint,1059.876220703125,592.5193481445312,0.9861791133880615,0.9777921438217163,3.901827335357666,1.1598198413848877,3.9670950239288394,1.1806992874202327,0.0,0,two_ankles,accepted,3.901827335357666,1.1598198413848877,0.06633710126007512
392,13.066666666666666,detected,3,1,0.9237987399101257,ankle_midpoint,953.525390625,827.297119140625,0.9929842948913574,0.9759770631790161,2.9850656986236572,9.559508323669434,2.983333669596721,9.488830057634615,0.0,0,two_ankles,accepted,2.9850656986236572,9.559508323669434,0.06935556437854518
392,13.066666666666666,detected,4,20,0.9149632453918457,ankle_midpoint,839.4776611328125,920.4765625,0.9907611012458801,0.981461226940155,2.37060284614563,11.591320037841797,2.6007655841693813,11.595218044477095,0.0,0,two_ankles,accepted,2.37060284614563,11.591320037841797,0.22630912242879406
393,13.1,detected,1,3,0.8331896662712097,ankle_midpoint,806.0482177734375,599.0592041015625,0.9765402674674988,0.9685840606689453,1.6305149793624878,1.5604280233383179,1.721244772464472,1.565879380414041,0.0,0,two_ankles,accepted,1.6305149793624878,1.5604280233383179,0.0733867958729649
393,13.1,detected,2,6,0.8813114762306213,ankle_midpoint,1056.324951171875,592.6740112304688,0.9858961701393127,0.9783081412315369,3.869497537612915,1.1688029766082764,3.923176155086674,1.1753459475548524,0.0,0,two_ankles,accepted,3.869497537612915,1.1688029766082764,0.033554620257994154
393,13.1,detected,3,1,0.9208046793937683,ankle_midpoint,954.3573608398438,826.8659057617188,0.9970032572746277,0.9866918921470642,2.990147352218628,9.548871994018555,2.9863998267765792,9.51584892900739,0.0,0,two_ankles,accepted,2.990147352218628,9.548871994018555,0.011787905314407834
393,13.1,detected,4,20,0.9035753011703491,ankle_midpoint,825.0555419921875,917.935791015625,0.983539342880249,0.9734306931495667,2.289207935333252,11.54399299621582,2.4605646421931233,11.572166772759521,0.0,0,two_ankles,accepted,2.289207935333252,11.54399299621582,0.09415402474255614
394,13.133333333333333,detected,1,3,0.8429268002510071,ankle_midpoint,799.9384765625,601.0001220703125,0.97350013256073,0.9628139734268188,1.5818307399749756,1.6600126028060913,1.6585084578441989,1.6082393304904636,0.0,0,two_ankles,accepted,1.5818307399749756,1.6600126028060913,0.11084783999931563
394,13.133333333333333,detected,2,6,0.8641881942749023,ankle_midpoint,1049.1474609375,593.6817626953125,0.988503634929657,0.9817842245101929,3.8032290935516357,1.2231365442276,3.8691999773959065,1.1968517160575889,0.0,0,two_ankles,accepted,3.8032290935516357,1.2231365442276,0.08569505965075541
394,13.133333333333333,detected,3,1,0.918205738067627,ankle_midpoint,955.5322265625,826.8815307617188,0.9941521286964417,0.9705364108085632,2.9974029064178467,9.549091339111328,2.9913512126151494,9.530808013554164,0.0,0,two_ankles,accepted,2.9974029064178467,9.549091339111328,0.007258868989555097
394,13.133333333333333,detected,4,20,0.9149119257926941,ankle_midpoint,825.006103515625,919.1661987304688,0.9896475672721863,0.9798998236656189,2.2901015281677246,11.567758560180664,2.383856240881694,11.570183077099035,0.0,0,two_ankles,accepted,2.2901015281677246,11.567758560180664,0.02378235771997597
395,13.166666666666666,detected,1,3,0.8707684278488159,ankle_midpoint,797.153076171875,603.0201416015625,0.9756579995155334,0.9657848477363586,1.5630844831466675,1.7619779109954834,1.6155676692303098,1.6774216917177225,0.0,0,two_ankles,accepted,1.5630844831466675,1.7619779109954834,0.10367423122083229
395,13.166666666666666,detected,2,6,0.8080059885978699,ankle_midpoint,1045.072998046875,594.807861328125,0.9877816438674927,0.9781292080879211,3.764983654022217,1.2825920581817627,3.822302631877746,1.2354348700134672,0.0,0,two_ankles,accepted,3.764983654022217,1.2825920581817627,0.07069421323101392
395,13.166666666666666,detected,3,1,0.9184877276420593,ankle_midpoint,958.133544921875,826.7176513671875,0.9941880702972412,0.9703576564788818,3.01344895362854,9.544729232788086,3.001295196071175,9.53707256220943,0.0,0,two_ankles,accepted,3.01344895362854,9.544729232788086,0.01662839747729978
395,13.166666666666666,detected,4,20,0.9284261465072632,ankle_midpoint,762.5076293945312,927.2530517578125,0.9902374148368835,0.9695982336997986,1.958205223083496,11.729289054870605,2.3000089144485916,11.566807000111657,0.0,0,two_ankles,corrected_motion_outlier,2.1975288488081333,11.562680683793749,0.3691168623123854
396,13.2,detected,1,3,0.8772624135017395,ankle_midpoint,795.4420166015625,600.9561767578125,0.982745885848999,0.9778203964233398,1.5418672561645508,1.6589128971099854,1.5824024833507182,1.669092734144241,0.0,0,two_ankles,accepted,1.5418672561645508,1.6589128971099854,0.10522626957194942
396,13.2,detected,2,6,0.8212519288063049,ankle_midpoint,1045.048583984375,595.3409423828125,0.9876319766044617,0.9785634279251099,3.764047622680664,1.3101637363433838,3.796087877739059,1.2690628598619296,0.0,0,two_ankles,accepted,3.764047622680664,1.3101637363433838,0.027587562257662103
396,13.2,detected,3,1,0.9227613210678101,ankle_midpoint,960.4403076171875,827.2059326171875,0.9940682649612427,0.9712740182876587,3.027728319168091,9.556327819824219,3.0131901014647875,9.545737428136086,0.0,0,two_ankles,accepted,3.027728319168091,9.556327819824219,0.018396399143497038
396,13.2,detected,4,20,0.9204760193824768,ankle_midpoint,750.72998046875,927.3939819335938,0.9880608320236206,0.9674341678619385,1.8944493532180786,11.733288764953613,2.1175071118948607,11.641723794290538,0.0,0,two_ankles,accepted,1.8944493532180786,11.733288764953613,0.2144416542060799
397,13.233333333333333,detected,1,3,0.8807650208473206,ankle_midpoint,790.730224609375,598.4322509765625,0.9837964177131653,0.9773767590522766,1.492371916770935,1.5324108600616455,1.541888728389816,1.607585890807073,0.0,0,two_ankles,accepted,1.492371916770935,1.5324108600616455,0.13584017814722107
397,13.233333333333333,detected,2,6,0.8274101614952087,ankle_midpoint,1044.994140625,595.5533447265625,0.9882721304893494,0.9793992042541504,3.7632737159729004,1.321144700050354,3.7813215049442874,1.2924996879467208,0.0,0,two_ankles,accepted,3.7632737159729004,1.321144700050354,0.01100820128477485
397,13.233333333333333,detected,3,1,0.9222270846366882,ankle_midpoint,966.5758056640625,826.6539306640625,0.9934346675872803,0.9799940586090088,3.065584182739258,9.542004585266113,3.036767438038299,9.5440576488446,0.0,0,two_ankles,accepted,3.065584182739258,9.542004585266113,0.04047494848576481
397,13.233333333333333,detected,4,20,0.921019434928894,ankle_midpoint,728.3858032226562,926.1619873046875,0.9689673185348511,0.9479909539222717,1.7712424993515015,11.71252155303955,1.961688036250349,11.673582785727593,0.0,0,two_ankles,accepted,1.7712424993515015,11.71252155303955,0.12494481153846956
398,13.266666666666667,detected,1,3,0.8822327852249146,ankle_midpoint,787.1258544921875,599.0269775390625,0.9889224767684937,0.9851303100585938,1.462156891822815,1.5635038614273071,1.5060094019346657,1.5877489775861786,0.0,0,two_ankles,accepted,1.462156891822815,1.5635038614273071,0.04335576624326407
398,13.266666666666667,detected,2,6,0.8162146210670471,ankle_midpoint,1044.260009765625,592.855224609375,0.9877741932868958,0.9797048568725586,3.7602810859680176,1.1813342571258545,3.7718533164049663,1.242475244077331,0.0,0,two_ankles,accepted,3.7602810859680176,1.1813342571258545,0.13984246774528422
398,13.266666666666667,detected,3,1,0.9247149229049683,ankle_midpoint,970.8871459960938,827.6889038085938,0.9926398992538452,0.981605589389801,3.0921952724456787,9.566658020019531,3.0617099635216203,9.55422781587332,0.0,0,two_ankles,accepted,3.0921952724456787,9.566658020019531,0.036275914054703255
398,13.266666666666667,detected,4,20,0.9135433435440063,ankle_midpoint,714.4639892578125,927.4774780273438,0.9757006764411926,0.9772152304649353,1.6977261304855347,11.738981246948242,1.8429051786561828,11.703012093276886,0.0,0,two_ankles,accepted,1.6977261304855347,11.738981246948242,0.0781330397013871
399,13.3,detected,1,3,0.8762264251708984,ankle_midpoint,784.3135986328125,600.5521240234375,0.9861170649528503,0.9824967384338379,1.4420044422149658,1.6413136720657349,1.477207170060801,1.6118530901019792,0.0,0,two_ankles,accepted,1.4420044422149658,1.6413136720657349,0.08037716004428672
399,13.3,detected,2,6,0.830976665019989,ankle_midpoint,1043.513671875,591.8961181640625,0.9882684946060181,0.9789578914642334,3.75481915473938,1.1314010620117188,3.764187943655453,1.1924918621478056,0.0,0,two_ankles,accepted,3.75481915473938,1.1314010620117188,0.05023103290847917
399,13.3,detected,3,1,0.9263539910316467,ankle_midpoint,973.0712890625,826.4990844726562,0.9927292466163635,0.9824635982513428,3.1057095527648926,9.537321090698242,3.081509778681093,9.546619789544536,0.0,0,two_ankles,accepted,3.1057095527648926,9.537321090698242,0.03230001849145912
399,13.3,detected,4,20,0.930443286895752,ankle_midpoint,707.62060546875,923.5557861328125,0.979326605796814,0.9783501625061035,1.6539603471755981,11.665372848510742,1.7578800044899197,11.686074433132122,0.0,0,two_ankles,accepted,1.6539603471755981,11.665372848510742,0.08563667502458319
400,13.333333333333334,detected,1,3,0.8745810389518738,ankle_midpoint,779.3128662109375,601.3985595703125,0.9881066083908081,0.9780083894729614,1.4004276990890503,1.6851475238800049,1.4426564081235131,1.6448355853020908,0.0,0,two_ankles,accepted,1.4004276990890503,1.6851475238800049,0.060415495808887866
400,13.333333333333334,detected,2,6,0.8302964568138123,ankle_midpoint,1041.0103759765625,591.2186279296875,0.984691321849823,0.9663751721382141,3.7330503463745117,1.0965217351913452,3.75017602487903,1.1493053050173985,0.0,0,two_ankles,accepted,3.7330503463745117,1.0965217351913452,0.04111506362720095
400,13.333333333333334,detected,3,1,0.9197864532470703,ankle_midpoint,979.7381591796875,826.9852294921875,0.9921913743019104,0.9804868102073669,3.146854877471924,9.548274040222168,3.110915073136967,9.54736420234947,0.0,0,two_ankles,accepted,3.146854877471924,9.548274040222168,0.04257822035408129
400,13.333333333333334,detected,4,20,0.9248296618461609,ankle_midpoint,690.5980834960938,917.60986328125,0.9921613335609436,0.9913617968559265,1.5503300428390503,11.553224563598633,1.6644825217470287,11.626291991842052,0.0,0,two_ankles,accepted,1.5503300428390503,11.553224563598633,0.1526973404667324
401,13.366666666666667,detected,1,3,0.8676140308380127,ankle_midpoint,779.5567626953125,603.314208984375,0.9836828112602234,0.9729913473129272,1.4087755680084229,1.7809760570526123,1.4274100300717225,1.7060987975898256,0.0,0,two_ankles,accepted,1.4087755680084229,1.7809760570526123,0.09619144808925868
401,13.366666666666667,detected,2,6,0.8508139848709106,ankle_midpoint,1036.6728515625,592.0784301757812,0.9800167083740234,0.9575821161270142,3.692723512649536,1.1426903009414673,3.724322394375758,1.1463285531832295,0.0,0,two_ankles,accepted,3.692723512649536,1.1426903009414673,0.061300815506036894
401,13.366666666666667,detected,3,1,0.9239065051078796,ankle_midpoint,983.6570434570312,827.4244384765625,0.9906430840492249,0.9824701547622681,3.1709976196289062,9.55844783782959,3.1379522190583398,9.552351838315523,0.0,0,two_ankles,accepted,3.1709976196289062,9.55844783782959,0.026198819756151598
401,13.366666666666667,detected,4,20,0.9197284579277039,ankle_midpoint,666.5042724609375,914.42138671875,0.9876605272293091,0.9849838614463806,1.411685585975647,11.494168281555176,1.5507239006499072,11.566836322212957,0.0,0,two_ankles,accepted,1.411685585975647,11.494168281555176,0.15069814155371808
402,13.4,detected,1,3,0.8714708685874939,ankle_midpoint,779.3475341796875,603.8575439453125,0.9813327789306641,0.9713568687438965,1.4086798429489136,1.8080954551696777,1.4189814458664585,1.751997293500759,0.0,0,two_ankles,accepted,1.4086798429489136,1.8080954551696777,0.027119567059946035
402,13.4,detected,2,6,0.8490784168243408,ankle_midpoint,1035.388916015625,592.8760986328125,0.9835904240608215,0.9651525616645813,3.6801695823669434,1.1846824884414673,3.7044536289717915,1.1635878240494366,0.0,0,two_ankles,accepted,3.6801695823669434,1.1846824884414673,0.04382858629451053
402,13.4,detected,3,1,0.918962836265564,ankle_midpoint,985.8576049804688,827.6312255859375,0.991913914680481,0.9902516603469849,3.1845479011535645,9.56318473815918,3.158920276001191,9.55722664324517,0.0,0,two_ankles,accepted,3.1845479011535645,9.56318473815918,0.01435438449150509
402,13.4,detected,4,20,0.9187291264533997,ankle_midpoint,654.7015991210938,917.1934204101562,0.9886885285377502,0.9803094267845154,1.352418065071106,11.549321174621582,1.4614862746394466,11.558954505796839,0.0,0,two_ankles,accepted,1.352418065071106,11.549321174621582,0.08095974708313168
403,13.433333333333334,detected,1,3,0.8452719449996948,ankle_midpoint,779.7540283203125,604.0354614257812,0.9854654669761658,0.9789922833442688,1.4128310680389404,1.8168472051620483,1.4162137758440756,1.7811797537483391,0.0,0,two_ankles,accepted,1.4128310680389404,1.8168472051620483,0.009686371749887951
403,13.433333333333334,detected,2,6,0.8464522957801819,ankle_midpoint,1031.10888671875,595.9786376953125,0.9825828075408936,0.9645530581474304,3.638120174407959,1.3465781211853027,3.674603574418067,1.2459334577605765,0.0,0,two_ankles,accepted,3.638120174407959,1.3465781211853027,0.1672672968969964
403,13.433333333333334,detected,3,1,0.9198644161224365,ankle_midpoint,986.9474487304688,828.6058959960938,0.9923555850982666,0.9926376342773438,3.191124677658081,9.586756706237793,3.1734122567467917,9.57051517159185,0.0,0,two_ankles,accepted,3.191124677658081,9.586756706237793,0.024472263244120374
403,13.433333333333334,detected,4,20,0.9198728203773499,ankle_midpoint,635.4566650390625,909.962890625,0.9982214570045471,0.9932774901390076,1.2307043075561523,11.410533905029297,1.3576343894519642,11.492165235451445,0.0,0,two_ankles,accepted,1.2307043075561523,11.410533905029297,0.18459725070891647
404,13.466666666666667,detected,1,3,0.8408823609352112,ankle_midpoint,780.0011596679688,603.7044677734375,0.9877976775169373,0.9791720509529114,1.4139463901519775,1.800315022468567,1.4151934522826317,1.7897906246724418,0.0,0,two_ankles,accepted,1.4139463901519775,1.800315022468567,0.016569761857868598
404,13.466666666666667,detected,2,6,0.8393095135688782,ankle_midpoint,1030.978759765625,600.5068359375,0.9825085401535034,0.9633908271789551,3.6320528984069824,1.5778331756591797,3.655455770213079,1.395288330814948,0.0,0,two_ankles,accepted,3.6320528984069824,1.5778331756591797,0.23133463220578934
404,13.466666666666667,detected,3,1,0.9197739362716675,ankle_midpoint,987.7315673828125,830.540283203125,0.994495689868927,0.9946039319038391,3.195653200149536,9.63354778289795,3.183420681278027,9.598879846679596,0.0,0,two_ankles,accepted,3.195653200149536,9.63354778289795,0.047009705072168166
404,13.466666666666667,detected,4,20,0.9107763171195984,ankle_midpoint,613.2483520507812,909.4344482421875,0.9946898221969604,0.9881836771965027,1.1064509153366089,11.40273380279541,1.2446018261000544,11.45192109075623,0.0,0,two_ankles,accepted,1.1064509153366089,11.40273380279541,0.12449798019615735
405,13.5,detected,1,3,0.8257368803024292,ankle_midpoint,779.1463623046875,603.685302734375,0.9868137836456299,0.9775519371032715,1.406353235244751,1.7995702028274536,1.4112153546155854,1.794191434842197,0.0,0,two_ankles,accepted,1.406353235244751,1.7995702028274536,0.007629597482366087
405,13.5,detected,2,6,0.8272995948791504,ankle_midpoint,1029.937255859375,602.6610107421875,0.9816870093345642,0.9568693041801453,3.6205289363861084,1.686668038368225,3.6397386949909425,1.5264091992139228,0.0,0,two_ankles,accepted,3.6205289363861084,1.686668038368225,0.10944326859864571
405,13.5,detected,3,1,0.9180750846862793,ankle_midpoint,988.754638671875,831.82373046875,0.9946730732917786,0.9943401217460632,3.2017295360565186,9.664390563964844,3.1916596659283485,9.628359669457957,0.0,0,two_ankles,accepted,3.2017295360565186,9.664390563964844,0.03143563268004752
405,13.5,detected,4,20,0.9204843640327454,ankle_midpoint,600.4421997070312,907.4287109375,0.9927321076393127,0.9816722273826599,1.030516505241394,11.364644050598145,1.1482634317136573,11.412646422685093,0.0,0,two_ankles,accepted,1.030516505241394,11.364644050598145,0.08495212686541384
406,13.533333333333333,detected,1,3,0.8295949101448059,ankle_midpoint,777.191650390625,602.7945556640625,0.9914184808731079,0.9829480051994324,1.3862266540527344,1.7556161880493164,1.3999704393623027,1.7768325737854007,0.0,0,two_ankles,accepted,1.3862266540527344,1.7556161880493164,0.04834288660801649
406,13.533333333333333,detected,2,6,0.7942174673080444,ankle_midpoint,1028.735595703125,603.147216796875,0.9811756014823914,0.9404570460319519,3.609389543533325,1.7113451957702637,3.626081576835015,1.6096303976642763,0.0,0,two_ankles,accepted,3.609389543533325,1.7113451957702637,0.027074862337113086
406,13.533333333333333,detected,3,1,0.922447681427002,ankle_midpoint,991.5150146484375,833.631103515625,0.9947671890258789,0.9940033555030823,3.218327760696411,9.707464218139648,3.2036603085739768,9.66395671636472,0.0,0,two_ankles,accepted,3.218327760696411,9.707464218139648,0.04616103059039092
406,13.533333333333333,detected,4,20,0.920814573764801,ankle_midpoint,578.3111572265625,905.58349609375,0.9953912496566772,0.9847827553749084,0.9027338624000549,11.330663681030273,1.0377751255225363,11.375754188940425,0.0,0,two_ankles,accepted,0.9027338624000549,11.330663681030273,0.13222355814107534
407,13.566666666666666,detected,1,3,0.8097183704376221,ankle_midpoint,772.4625244140625,602.21240234375,0.9937742948532104,0.9762898087501526,1.3425391912460327,1.727658987045288,1.3741263777099813,1.7547044597523502,0.0,0,two_ankles,accepted,1.3425391912460327,1.727658987045288,0.0518671330850914
407,13.566666666666666,detected,2,6,0.815546452999115,ankle_midpoint,1028.4193115234375,601.347412109375,0.982857346534729,0.9493515491485596,3.6084296703338623,1.6209431886672974,3.6181382189094964,1.6147211536156358,0.0,0,two_ankles,accepted,3.6084296703338623,1.6209431886672974,0.09040710284487508
407,13.566666666666666,detected,3,1,0.923621654510498,ankle_midpoint,995.4306640625,836.2802124023438,0.9949965476989746,0.9938416481018066,3.24171781539917,9.770244598388672,3.220786186645314,9.7117862632755,0.0,0,two_ankles,accepted,3.24171781539917,9.770244598388672,0.06699605065382601
407,13.566666666666666,detected,4,20,0.914810061454773,ankle_midpoint,554.9783325195312,913.1485595703125,0.9873205423355103,0.9684029817581177,0.7939198017120361,11.482329368591309,0.9280402298078112,11.423713019783323,0.0,0,two_ankles,accepted,0.7939198017120361,11.482329368591309,0.1866627455781613
408,13.6,detected,1,3,0.7944159507751465,ankle_midpoint,771.3245849609375,602.2496337890625,0.9936385750770569,0.9777508974075317,1.3326109647750854,1.7298035621643066,1.3554444418892784,1.7434990558377308,0.0,0,two_ankles,accepted,1.3326109647750854,1.7298035621643066,0.010157208440291625
408,13.6,detected,2,6,0.8251578211784363,ankle_midpoint,1026.97705078125,600.0513916015625,0.9848563075065613,0.9518309235572815,3.5969250202178955,1.555756688117981,3.6085922794982763,1.5881871441416913,0.0,0,two_ankles,accepted,3.5969250202178955,1.555756688117981,0.06619393346944147
408,13.6,detected,3,1,0.9233401417732239,ankle_midpoint,996.56591796875,837.30126953125,0.9948441982269287,0.9932833909988403,3.2484116554260254,9.7943754196167,3.233217647596634,9.74895138362904,0.0,0,two_ankles,accepted,3.2484116554260254,9.7943754196167,0.025042045192918
408,13.6,detected,4,20,0.9196739196777344,ankle_midpoint,540.2962646484375,909.8248291015625,0.9860819578170776,0.9846327304840088,0.7034496665000916,11.41895866394043,0.8269744763193374,11.421573559654021,0.0,0,two_ankles,accepted,0.7034496665000916,11.41895866394043,0.110456740732363
409,13.633333333333333,detected,1,3,0.7846346497535706,ankle_midpoint,767.9617919921875,601.0,0.9923065304756165,0.9753082990646362,1.2986066341400146,1.6679152250289917,1.32986742840211,1.7094863319737983,0.0,0,two_ankles,accepted,1.2986066341400146,1.6679152250289917,0.07061487644479467
409,13.633333333333333,detected,2,6,0.8326290845870972,ankle_midpoint,1022.63720703125,595.8775634765625,0.9886199235916138,0.9434348940849304,3.5622148513793945,1.3435066938400269,3.5877224368447798,1.4780809415059424,0.0,0,two_ankles,accepted,3.5622148513793945,1.3435066938400269,0.2150694210988368
409,13.633333333333333,detected,3,1,0.9235458970069885,ankle_midpoint,997.2822265625,835.7376098632812,0.9951885938644409,0.9934385418891907,3.2531356811523438,9.757061004638672,3.2421807626967034,9.752600713083375,0.0,0,two_ankles,accepted,3.2531356811523438,9.757061004638672,0.037612258430136165
409,13.633333333333333,detected,4,20,0.9218882918357849,ankle_midpoint,519.2633666992188,918.7977294921875,0.9746969938278198,0.9704214334487915,0.6138067841529846,11.595880508422852,0.7310490148444786,11.500011686599997,0.0,0,two_ankles,accepted,0.6138067841529846,11.595880508422852,0.1983360416327792
410,13.666666666666666,detected,1,3,0.772092878818512,ankle_midpoint,765.2652587890625,599.8526611328125,0.9924055933952332,0.9552913308143616,1.2707117795944214,1.610734224319458,1.3032473864386502,1.6650478835293452,0.0,0,two_ankles,accepted,1.2707117795944214,1.610734224319458,0.06362224259064983
410,13.666666666666666,detected,2,6,0.7832465171813965,ankle_midpoint,1019.7799072265625,595.692626953125,0.984655499458313,0.9452946186065674,3.5367441177368164,1.3346946239471436,3.5647821932461965,1.413557098604483,0.0,0,two_ankles,accepted,3.5367441177368164,1.3346946239471436,0.026952010093650183
410,13.666666666666666,detected,3,1,0.9183522462844849,ankle_midpoint,1000.1614990234375,837.9336547851562,0.9935359954833984,0.9911715388298035,3.270150661468506,9.808897018432617,3.254767217144015,9.777934050490533,0.0,0,two_ankles,accepted,3.270150661468506,9.808897018432617,0.05455714326470433
410,13.666666666666666,detected,4,20,0.9216907620429993,ankle_midpoint,506.1781921386719,924.47998046875,0.9713466763496399,0.9631381630897522,0.5593094229698181,11.705925941467285,0.6537661985008814,11.592673101290277,0.0,0,two_ankles,accepted,0.5593094229698181,11.705925941467285,0.12280048741705149
411,13.7,detected,1,3,0.7461642622947693,ankle_midpoint,762.21484375,597.197509765625,0.9915016889572144,0.9598433971405029,1.2341374158859253,1.4766346216201782,1.272147899689924,1.5802619156702202,0.0,0,two_ankles,accepted,1.2341374158859253,1.4766346216201782,0.13899779683428815
411,13.7,detected,2,6,0.7883382439613342,ankle_midpoint,1018.9283447265625,595.7461547851562,0.9847609996795654,0.9471926689147949,3.5290539264678955,1.3376692533493042,3.5487044731959614,1.3794075682396527,0.0,0,two_ankles,accepted,3.5290539264678955,1.3376692533493042,0.008245450978132476
411,13.7,detected,3,1,0.908236026763916,ankle_midpoint,1002.4862670898438,840.2542724609375,0.9929694533348083,0.9906582832336426,3.2836685180664062,9.863443374633789,3.267772802559091,9.816413246354998,0.0,0,two_ankles,accepted,3.2836685180664062,9.863443374633789,0.0561964182295146
411,13.7,detected,4,20,0.9272046685218811,ankle_midpoint,499.61444091796875,929.4859619140625,0.9724538922309875,0.9671962261199951,0.5387409925460815,11.801080703735352,0.6020048558212215,11.68645652239056,0.0,0,two_ankles,accepted,0.5387409925460815,11.801080703735352,0.09735239654157635
412,13.733333333333333,detected,1,3,0.7897274494171143,ankle_midpoint,757.849609375,594.7095947265625,0.9891746044158936,0.9301121234893799,1.186015248298645,1.3501001596450806,1.2333882065638486,1.4766891254589076,0.0,0,two_ankles,accepted,1.186015248298645,1.3501001596450806,0.13537619096660136
412,13.733333333333333,detected,2,6,0.7970890402793884,ankle_midpoint,1016.2974243164062,595.935302734375,0.9908736944198608,0.9613879919052124,3.5052857398986816,1.3480799198150635,3.529166043212186,1.3653101264485876,0.0,0,two_ankles,accepted,3.5052857398986816,1.3480799198150635,0.025948192018910358
412,13.733333333333333,detected,3,1,0.9195454120635986,ankle_midpoint,1005.85302734375,844.42333984375,0.9942776560783386,0.9942001104354858,3.302860975265503,9.960710525512695,3.2835624802769767,9.881347021975962,0.0,0,two_ankles,accepted,3.302860975265503,9.960710525512695,0.09914256933042975
412,13.733333333333333,detected,4,20,0.9255010485649109,ankle_midpoint,494.15081787109375,932.75439453125,0.9808815717697144,0.9786403775215149,0.519099771976471,11.86273193359375,0.5646975680910838,11.765780457431998,0.0,0,two_ankles,accepted,0.519099771976471,11.86273193359375,0.06470434056937119
413,13.766666666666667,detected,1,3,0.7767778635025024,ankle_midpoint,754.7667236328125,593.5418701171875,0.9879192113876343,0.9323256015777588,1.1539781093597412,1.2905480861663818,1.1976536628220003,1.3929256577772713,0.0,0,two_ankles,accepted,1.1539781093597412,1.2905480861663818,0.06762268648170494
413,13.766666666666667,detected,2,6,0.8383778929710388,ankle_midpoint,1013.1966552734375,593.7146606445312,0.994787335395813,0.9787817597389221,3.479208469390869,1.2339777946472168,3.5066851349925936,1.3062105771379708,0.0,0,two_ankles,accepted,3.479208469390869,1.2339777946472168,0.11704409000439354
413,13.766666666666667,detected,3,1,0.9174039959907532,ankle_midpoint,1009.3760986328125,848.6668090820312,0.9922204613685608,0.9922732710838318,3.322758674621582,10.058612823486328,3.301200767732049,9.961116632655628,0.0,0,two_ankles,accepted,3.322758674621582,10.058612823486328,0.09990384571267964
413,13.766666666666667,detected,4,20,0.925969660282135,ankle_midpoint,491.38226318359375,934.3040771484375,0.9833016991615295,0.9750949144363403,0.5088832378387451,11.891816139221191,0.5395811194775315,11.822496514237136,0.0,0,two_ankles,accepted,0.5088832378387451,11.891816139221191,0.030826426759626418
414,13.8,detected,1,3,0.7717990279197693,ankle_midpoint,753.3815307617188,592.8514404296875,0.9877544045448303,0.9359941482543945,1.1389037370681763,1.255098581314087,1.1712161962327796,1.3309034733688385,0.0,0,two_ankles,accepted,1.1389037370681763,1.255098581314087,0.03852147575389061
414,13.8,detected,2,6,0.849942684173584,ankle_midpoint,1013.117919921875,594.197509765625,0.9940524697303772,0.9791679382324219,3.4781203269958496,1.2590630054473877,3.493830971394059,1.2849941698772085,0.0,0,two_ankles,accepted,3.4781203269958496,1.2590630054473877,0.025108800344915916
414,13.8,detected,3,1,0.912925124168396,ankle_midpoint,1011.1881713867188,849.9437255859375,0.9916600584983826,0.99162757396698,3.333207607269287,10.087761878967285,3.3156038455238064,10.018106993495874,0.0,0,two_ankles,accepted,3.333207607269287,10.087761878967285,0.030965264877087492
414,13.8,detected,4,20,0.9269766211509705,ankle_midpoint,490.0789489746094,935.159912109375,0.9889137148857117,0.98678058385849,0.5044686198234558,11.907807350158691,0.5237804946331975,11.860886390401836,0.0,0,two_ankles,accepted,0.5044686198234558,11.907807350158691,0.01658938454158371
415,13.833333333333334,detected,1,3,0.7694494128227234,ankle_midpoint,750.567138671875,591.9267578125,0.992359459400177,0.9646816253662109,1.1100066900253296,1.207715630531311,1.143671918439427,1.2754689440919513,0.0,0,two_ankles,accepted,1.1100066900253296,1.207715630531311,0.0554993995704409
415,13.833333333333334,detected,2,6,0.8567696809768677,ankle_midpoint,1011.2640380859375,595.1201171875,0.9910141825675964,0.9745117425918579,3.460742473602295,1.307293176651001,3.4789411473877654,1.2950287229254152,0.0,0,two_ankles,accepted,3.460742473602295,1.307293176651001,0.0512653801594968
415,13.833333333333334,detected,3,1,0.9065456986427307,ankle_midpoint,1016.1202392578125,850.9346313476562,0.9915890097618103,0.9895841479301453,3.3623874187469482,10.109850883483887,3.3366564534742205,10.059391743990481,0.0,0,two_ankles,accepted,3.3623874187469482,10.109850883483887,0.03659761629404692
415,13.833333333333334,detected,4,20,0.92527174949646,ankle_midpoint,491.58941650390625,932.7448120117188,0.9914178848266602,0.99082350730896,0.5052794814109802,11.86284065246582,0.5154550386831998,11.86176580833063,0.0,0,two_ankles,accepted,0.5052794814109802,11.86284065246582,0.04497400802592739
416,13.866666666666667,detected,1,3,0.7764185667037964,ankle_midpoint,746.4708251953125,590.737060546875,0.9941470623016357,0.9623594284057617,1.0683809518814087,1.1466223001480103,1.1097909834883188,1.217487954317178,0.0,0,two_ankles,accepted,1.0683809518814087,1.1466223001480103,0.07392629500623857
416,13.866666666666667,detected,2,6,0.8490099310874939,ankle_midpoint,1009.0213623046875,595.2747802734375,0.9891856908798218,0.972809374332428,3.440484046936035,1.3158491849899292,3.461635452184487,1.3043979308544467,0.0,0,two_ankles,accepted,3.440484046936035,1.3158491849899292,0.021991114789569766
416,13.866666666666667,detected,3,1,0.9087342619895935,ankle_midpoint,1021.7689208984375,852.7477416992188,0.989232063293457,0.9850371479988098,3.3954365253448486,10.150566101074219,3.3631074858160037,10.100420204678164,0.0,0,two_ankles,accepted,3.3954365253448486,10.150566101074219,0.0524401791601389
416,13.866666666666667,detected,4,20,0.924396812915802,ankle_midpoint,498.26739501953125,928.7033081054688,0.9794925451278687,0.9788681268692017,0.5291006565093994,11.78654670715332,0.5215955667049896,11.827917212800841,0.0,0,two_ankles,accepted,0.5291006565093994,11.78654670715332,0.07992630652304838
417,13.9,detected,1,3,0.7070034146308899,ankle_midpoint,746.7198486328125,589.98583984375,0.9931203126907349,0.9567461609840393,1.0676463842391968,1.1071727275848389,1.090825913826214,1.1678461022876254,0.0,0,two_ankles,accepted,1.0676463842391968,1.1071727275848389,0.03945641094977988
417,13.9,detected,2,6,0.8396484851837158,ankle_midpoint,1008.6018676757812,594.7391357421875,0.9899245500564575,0.9765629172325134,3.437091827392578,1.2882657051086426,3.450590821028128,1.297138429268835,0.0,0,two_ankles,accepted,3.437091827392578,1.2882657051086426,0.02779128488919423
417,13.9,detected,3,1,0.9086308479309082,ankle_midpoint,1022.476318359375,852.80078125,0.9877778887748718,0.9872937202453613,3.39963698387146,10.15168285369873,3.3795457599409593,10.12348839673742,0.0,0,two_ankles,accepted,3.39963698387146,10.15168285369873,0.004346376451497916
417,13.9,detected,4,20,0.9178668260574341,ankle_midpoint,499.5859375,924.274169921875,0.9950142502784729,0.9941127896308899,0.5228380560874939,11.702771186828613,0.5221546869271165,11.771601501113338,0.0,0,two_ankles,accepted,0.5228380560874939,11.702771186828613,0.08400927311743539
418,13.933333333333334,detected,1,3,0.41459211707115173,ankle_midpoint,741.1627807617188,588.4815673828125,0.9895942211151123,0.9352540969848633,1.0112295150756836,1.0293827056884766,1.0550075343884753,1.1055375738180084,0.0,0,two_ankles,accepted,1.0112295150756836,1.0293827056884766,0.0960944880461387
418,13.933333333333334,detected,2,6,0.8330508470535278,ankle_midpoint,1007.97509765625,594.530029296875,0.9857327342033386,0.9771904349327087,3.4316012859344482,1.2775992155075073,3.4420455302359723,1.2883457830762377,0.0,0,two_ankles,accepted,3.4316012859344482,1.2775992155075073,0.011996668117213609
418,13.933333333333334,detected,3,1,0.9064099192619324,ankle_midpoint,1028.5074462890625,856.1199951171875,0.98973548412323,0.9849493503570557,3.434102773666382,10.226279258728027,3.4040964161173997,10.169744284633193,0.0,0,two_ankles,accepted,3.434102773666382,10.226279258728027,0.08217368380134026
418,13.933333333333334,detected,4,20,0.9237968921661377,ankle_midpoint,507.767578125,918.3019409179688,0.9931496977806091,0.9917308688163757,0.5493665933609009,11.587662696838379,0.5344000448223195,11.688829039189606,0.0,0,two_ankles,accepted,0.5493665933609009,11.587662696838379,0.11812589791277114
419,13.966666666666667,detected,1,3,0.46798035502433777,ankle_midpoint,731.7498779296875,589.04931640625,0.9396582245826721,0.8436756730079651,0.9282627105712891,1.0617536306381226,0.9979723636707416,1.0858347993870598,0.0,0,two_ankles,accepted,0.9282627105712891,1.0617536306381226,0.08905822495292635
419,13.966666666666667,detected,2,6,0.8451329469680786,ankle_midpoint,1008.2113037109375,593.6549682617188,0.9837425947189331,0.9736372232437134,3.434335708618164,1.2321418523788452,3.4385761105079586,1.2630540142624112,0.0,0,two_ankles,accepted,3.434335708618164,1.2321418523788452,0.045539531508616435
419,13.966666666666667,detected,3,1,0.9075437784194946,ankle_midpoint,1029.040283203125,859.8387451171875,0.9907739758491516,0.9841426014900208,3.435551404953003,10.309906005859375,3.4182511610934214,10.232817059184976,0.0,0,two_ankles,accepted,3.435551404953003,10.309906005859375,0.08363929320824598
419,13.966666666666667,detected,4,20,0.9158548712730408,ankle_midpoint,523.298828125,911.483642578125,0.9938878417015076,0.9937936067581177,0.6143166422843933,11.453486442565918,0.5703625136802528,11.582924870708947,0.0,0,two_ankles,accepted,0.6143166422843933,11.453486442565918,0.1490697020381813
420,14.0,detected,1,3,0.45480287075042725,ankle_midpoint,726.74560546875,588.7540283203125,0.914078414440155,0.8028314709663391,0.8816364407539368,1.0474728345870972,0.9456211983581795,1.0685719152270767,0.0,0,two_ankles,accepted,0.8816364407539368,1.0474728345870972,0.04876423046590113
420,14.0,detected,2,6,0.8682149648666382,ankle_midpoint,1006.82275390625,591.6427612304688,0.9825499057769775,0.9718655347824097,3.423185348510742,1.1275099515914917,3.4316502676092115,1.2020591860604974,0.0,0,two_ankles,accepted,3.423185348510742,1.1275099515914917,0.10522435646227433
420,14.0,detected,3,1,0.9069326519966125,ankle_midpoint,1027.6514892578125,862.5294799804688,0.9908027648925781,0.985687792301178,3.4261322021484375,10.37014389038086,3.4217976295681787,10.294614133223124,0.0,0,two_ankles,accepted,3.4261322021484375,10.37014389038086,0.06096986233457658
420,14.0,detected,4,20,0.92192542552948,ankle_midpoint,530.2926635742188,909.116943359375,0.9909067153930664,0.9932872653007507,0.6459929943084717,11.40620231628418,0.6043962299629513,11.503399721217802,0.0,0,two_ankles,accepted,0.6459929943084717,11.40620231628418,0.056913793370155064
421,14.033333333333333,detected,1,3,0.7508977055549622,ankle_midpoint,721.81982421875,589.9583740234375,0.9570275545120239,0.8409608602523804,0.8423227667808533,1.1121087074279785,0.8991369041483828,1.0881634717174826,0.0,0,two_ankles,accepted,0.8423227667808533,1.1121087074279785,0.07565289828661216
421,14.033333333333333,detected,2,6,0.8492505550384521,ankle_midpoint,1008.8389282226562,590.2831420898438,0.9834930896759033,0.9739999771118164,3.4423978328704834,1.0555822849273682,3.436486671976784,1.1361445805505892,0.0,0,two_ankles,accepted,3.4423978328704834,1.0555822849273682,0.07444937062876066
421,14.033333333333333,detected,3,1,0.9111617803573608,ankle_midpoint,1025.7667236328125,864.460693359375,0.9902743697166443,0.9843548536300659,3.4141907691955566,10.413235664367676,3.4183745424004988,10.347993822238173,0.0,0,two_ankles,accepted,3.4141907691955566,10.413235664367676,0.04471575568296946
421,14.033333333333333,detected,4,20,0.9219712615013123,ankle_midpoint,554.3107299804688,902.61279296875,0.9930908679962158,0.9922991394996643,0.7607905268669128,11.27426815032959,0.674773663569734,11.400290514318108,0.0,0,two_ankles,accepted,0.7607905268669128,11.27426815032959,0.17488595606177076
422,14.066666666666666,detected,1,3,0.7542408108711243,ankle_midpoint,717.7225341796875,592.090087890625,0.9693590402603149,0.9026839137077332,0.8148145079612732,1.224578857421875,0.8611918258641835,1.1495503952844592,0.0,0,two_ankles,accepted,0.8148145079612732,1.224578857421875,0.11578531402096977
422,14.066666666666666,detected,2,6,0.8359253406524658,ankle_midpoint,1010.441650390625,589.6837768554688,0.9752114415168762,0.9669029116630554,3.457383632659912,1.0235668420791626,3.445890304284192,1.0854845982384473,0.0,0,two_ankles,accepted,3.457383632659912,1.0235668420791626,0.0353491552387827
422,14.066666666666666,detected,3,1,0.9127195477485657,ankle_midpoint,1027.0899658203125,866.5897216796875,0.9887633323669434,0.980516254901886,3.421037435531616,10.46005916595459,3.419572844309502,10.398423226910563,0.0,0,two_ankles,accepted,3.421037435531616,10.46005916595459,0.04732142369769823
422,14.066666666666666,detected,4,20,0.9227737784385681,ankle_midpoint,578.919677734375,897.3159790039062,0.9887784123420715,0.9876664876937866,0.8840372562408447,11.164641380310059,0.7689422802717338,11.294248404014485,0.0,0,two_ankles,accepted,0.8840372562408447,11.164641380310059,0.16494782510323197
423,14.1,detected,1,3,0.7567994594573975,ankle_midpoint,717.1834716796875,592.93896484375,0.9622223377227783,0.9131649136543274,0.8137466311454773,1.2688249349594116,0.8398414882407658,1.203223938138188,0.0,0,two_ankles,accepted,0.8137466311454773,1.2688249349594116,0.044258962237623885
423,14.1,detected,2,6,0.854178786277771,ankle_midpoint,1010.1691284179688,588.0546875,0.9813304543495178,0.9722479581832886,3.456125497817993,0.9373565316200256,3.4504961413744026,1.0188269682601576,0.0,0,two_ankles,accepted,3.456125497817993,0.9373565316200256,0.08621949044584543
423,14.1,detected,3,1,0.9114671945571899,ankle_midpoint,1026.9849853515625,867.220947265625,0.9880210757255554,0.9786310195922852,3.4201467037200928,10.473956108093262,3.419831081044268,10.432413023442777,0.0,0,two_ankles,accepted,3.4201467037200928,10.473956108093262,0.013925458842194531
423,14.1,detected,4,20,0.9235872030258179,ankle_midpoint,591.7910766601562,895.4220581054688,0.9883987307548523,0.9877461194992065,0.9514511227607727,11.124601364135742,0.8510712593918014,11.217907236069053,0.0,0,two_ankles,accepted,0.9514511227607727,11.124601364135742,0.0784081137026404
424,14.133333333333333,detected,1,3,0.6509624719619751,ankle_midpoint,716.37255859375,594.2767333984375,0.9678349494934082,0.9035590887069702,0.8124171495437622,1.3382441997528076,0.8275005358271142,1.263983055864767,0.0,0,two_ankles,accepted,0.8124171495437622,1.3382441997528076,0.06943199439584699
424,14.133333333333333,detected,2,6,0.8571984767913818,ankle_midpoint,1010.615234375,588.010498046875,0.9797412157058716,0.971944272518158,3.4602231979370117,0.9348929524421692,3.4548733168275767,0.9810566611420628,0.0,0,two_ankles,accepted,3.4602231979370117,0.9348929524421692,0.004781251784937969
424,14.133333333333333,detected,3,1,0.9088142514228821,ankle_midpoint,1025.7421875,868.3978271484375,0.9913017153739929,0.9811567664146423,3.4123640060424805,10.499939918518066,3.416470897293464,10.462800126226657,0.0,0,two_ankles,accepted,3.4123640060424805,10.499939918518066,0.02712432095616959
424,14.133333333333333,detected,4,20,0.9250056743621826,ankle_midpoint,618.669189453125,893.3477783203125,0.9746714234352112,0.9712116122245789,1.0978807210922241,11.078985214233398,0.9621355171569916,11.15539232624301,0.0,0,two_ankles,accepted,1.0978807210922241,11.078985214233398,0.1533703374170615
425,14.166666666666666,detected,1,3,0.47496771812438965,ankle_midpoint,717.205078125,593.2261962890625,0.9910554885864258,0.9526106119155884,0.8152191042900085,1.2837110757827759,0.8219738916354167,1.272860664827871,0.0,0,two_ankles,accepted,0.8152191042900085,1.2837110757827759,0.05460505984183941
425,14.166666666666666,detected,2,6,0.8730185031890869,ankle_midpoint,1011.356201171875,590.4230346679688,0.9792182445526123,0.9694291353225708,3.4651236534118652,1.0623016357421875,3.459485968290507,1.0176168997121189,0.0,0,two_ankles,accepted,3.4651236534118652,1.0623016357421875,0.12750289033627976
425,14.166666666666666,detected,3,1,0.9072547554969788,ankle_midpoint,1023.6828002929688,871.402099609375,0.9904248118400574,0.9824768304824829,3.399089813232422,10.565774917602539,3.408649409465995,10.509138782345804,0.0,0,two_ankles,accepted,3.399089813232422,10.565774917602539,0.06715989353186265
425,14.166666666666666,detected,4,20,0.9281743764877319,ankle_midpoint,638.7221069335938,898.792236328125,0.9895995855331421,0.9882270693778992,1.2236969470977783,11.187371253967285,1.0798381606303455,11.169782843718934,0.0,0,two_ankles,accepted,1.2236969470977783,11.187371253967285,0.16606401276458535
426,14.2,detected,1,3,0.4230876564979553,ankle_midpoint,715.918701171875,591.747314453125,0.981307864189148,0.9369017481803894,0.7970311045646667,1.2071850299835205,0.8107496374535792,1.2433066291479133,0.0,0,two_ankles,accepted,0.7970311045646667,1.2071850299835205,0.07865773337491212
426,14.2,detected,2,6,0.8614047765731812,ankle_midpoint,1011.935302734375,591.6634521484375,0.9813046455383301,0.9723230004310608,3.4694175720214844,1.1272869110107422,3.4639551899694467,1.0669684047964996,0.0,0,two_ankles,accepted,3.4694175720214844,1.1272869110107422,0.06512698164935835
426,14.2,detected,3,1,0.9105320572853088,ankle_midpoint,1024.232177734375,871.1258544921875,0.9929346442222595,0.9860251545906067,3.402405023574829,10.559696197509766,3.40583943581497,10.531889619169586,0.0,0,two_ankles,accepted,3.402405023574829,10.559696197509766,0.0069239770060776015
426,14.2,detected,4,20,0.9327185750007629,ankle_midpoint,651.561767578125,897.6055908203125,0.9838773608207703,0.9822008609771729,1.2931879758834839,11.161808013916016,1.175845577494258,11.166194170307621,0.0,0,two_ankles,accepted,1.2931879758834839,11.161808013916016,0.07404378652942184
427,14.233333333333333,detected,1,3,0.7303703427314758,ankle_midpoint,716.0855712890625,584.67431640625,0.9893894791603088,0.9809251427650452,0.766304075717926,0.833304226398468,0.7986931747889423,1.2194942990539488,0.0,0,two_ankles,corrected_motion_outlier,0.7839574981988305,1.1903903400502143,0.37514131416194757
427,14.233333333333333,detected,2,6,0.8711198568344116,ankle_midpoint,1012.400390625,593.732177734375,0.9807048439979553,0.9674888253211975,3.4720208644866943,1.2350901365280151,3.4675847435022082,1.1426231840756818,0.0,0,two_ankles,accepted,3.4720208644866943,1.2350901365280151,0.1078346538158649
427,14.233333333333333,detected,3,1,0.9141454100608826,ankle_midpoint,1022.830078125,871.7637329101562,0.9951915740966797,0.9881947040557861,3.3939757347106934,10.573741912841797,3.400500770318046,10.550723151322082,0.0,0,two_ankles,accepted,3.3939757347106934,10.573741912841797,0.016380934953277256
427,14.233333333333333,detected,4,20,0.9294823408126831,ankle_midpoint,668.61767578125,894.548095703125,0.9802256226539612,0.9769812226295471,1.3827284574508667,11.097516059875488,1.2689428734747321,11.135289020613161,0.0,0,two_ankles,accepted,1.3827284574508667,11.097516059875488,0.11023136211472714
428,14.266666666666667,detected,1,3,0.644721508026123,ankle_midpoint,711.340576171875,581.3297729492188,0.9783852696418762,0.9709661602973938,0.7070945501327515,0.654076874256134,0.7574737936936564,0.9650564578949321,0.0,0,two_ankles,accepted,0.7070945501327515,0.654076874256134,0.28018619512532894
428,14.266666666666667,detected,2,6,0.8791987895965576,ankle_midpoint,1012.323486328125,594.5537719726562,0.9818108081817627,0.9704533815383911,3.470695972442627,1.2777276039123535,3.4689847965253966,1.203420173002184,0.0,0,two_ankles,accepted,3.470695972442627,1.2777276039123535,0.04265804688307884
428,14.266666666666667,detected,3,1,0.9182749390602112,ankle_midpoint,1021.8912353515625,875.365234375,0.9917511343955994,0.981879711151123,3.3870978355407715,10.651738166809082,3.3944694496682724,10.596179908291234,0.0,0,two_ankles,accepted,3.3870978355407715,10.651738166809082,0.07829892163957852
428,14.266666666666667,detected,4,20,0.9245573878288269,ankle_midpoint,678.8900756835938,897.6001586914062,0.9684199690818787,0.9576833248138428,1.446867823600769,11.158421516418457,1.3490091010314489,11.145698643725545,0.0,0,two_ankles,accepted,1.446867823600769,11.158421516418457,0.08844960670810637
429,14.3,detected,1,3,0.7724366784095764,ankle_midpoint,712.6590576171875,579.4739990234375,0.9829109311103821,0.9679144620895386,0.7103808522224426,0.5525428056716919,0.7362819700316103,0.779425314394474,0.0,0,two_ankles,accepted,0.7103808522224426,0.5525428056716919,0.10158723770599784
429,14.3,detected,2,6,0.8786594867706299,ankle_midpoint,1012.40087890625,594.8231811523438,0.9826192855834961,0.9696394801139832,3.471184730529785,1.291653037071228,3.4699747668273715,1.2431249618332538,0.0,0,two_ankles,accepted,3.471184730529785,1.291653037071228,0.01393400779137303
429,14.3,detected,3,1,0.9144543409347534,ankle_midpoint,1020.9781494140625,875.0584716796875,0.9969087243080139,0.9918439984321594,3.3819210529327393,10.645246505737305,3.388822671137283,10.618259877141966,0.0,0,two_ankles,accepted,3.3819210529327393,10.645246505737305,0.008303056162742385
429,14.3,detected,4,20,0.9247751832008362,ankle_midpoint,680.0804443359375,898.6907348632812,0.9667002558708191,0.9578902721405029,1.4557394981384277,11.18037223815918,1.3970377797295894,11.161301761220681,0.0,0,two_ankles,accepted,1.4557394981384277,11.18037223815918,0.023675742734722723
430,14.333333333333334,detected,1,3,0.8191948533058167,ankle_midpoint,714.4904174804688,566.254150390625,0.9843904376029968,0.9573135375976562,0.6627949476242065,-0.19132153689861298,0.718054812806323,0.6298312555223071,0.0,0,two_ankles,corrected_motion_outlier,0.6957771761976383,0.44699407245632505,0.7453848525855514
430,14.333333333333334,detected,2,6,0.8709830045700073,ankle_midpoint,1012.8489990234375,595.3778076171875,0.9828327298164368,0.9702108502388,3.474782943725586,1.3202017545700073,3.4721384464315683,1.2778095185647929,0.0,0,two_ankles,accepted,3.474782943725586,1.3202017545700073,0.028774579215473196
430,14.333333333333334,detected,3,1,0.9313945770263672,ankle_midpoint,1021.76171875,879.984375,0.9886970520019531,0.9785866141319275,3.3845627307891846,10.750603675842285,3.3869056979806387,10.67781458655711,0.0,0,two_ankles,accepted,3.3845627307891846,10.750603675842285,0.10539028301711227
430,14.333333333333334,detected,4,20,0.924476683139801,ankle_midpoint,679.55029296875,899.2540283203125,0.9582691788673401,0.9371665716171265,1.453885555267334,11.191823959350586,1.4226192787215746,11.175036750379139,0.0,0,two_ankles,accepted,1.453885555267334,11.191823959350586,0.01160081990270439
431,14.366666666666667,detected,2,6,0.8792376518249512,ankle_midpoint,1013.477783203125,595.7600708007812,0.9836787581443787,0.9691311120986938,3.4801292419433594,1.33976149559021,3.4757343044118745,1.3056879082262305,0.0,0,two_ankles,accepted,3.4801292419433594,1.33976149559021,0.02027723781511587
431,14.366666666666667,detected,3,1,0.9257931709289551,ankle_midpoint,1019.1879272460938,885.4564208984375,0.991672933101654,0.9822617769241333,3.3677401542663574,10.866545677185059,3.3782812033092124,10.762743577339688,0.0,0,two_ankles,accepted,3.3677401542663574,10.866545677185059,0.11715607861410372
431,14.366666666666667,detected,4,20,0.9185727834701538,ankle_midpoint,687.8623046875,896.6697998046875,0.9716395139694214,0.9598004817962646,1.4955227375030518,11.138450622558594,1.4554258351732394,11.158572992859895,0.0,0,two_ankles,accepted,1.4955227375030518,11.138450622558594,0.06769319038752568
431,14.366666666666667,predicted,1,,,motion_prediction,,,,,,,0.6811735001728341,0.3414453392409582,,1,,motion_prediction,0.6811735001728341,0.3414453392409582,
432,14.4,detected,2,6,0.8718888163566589,ankle_midpoint,1013.5505981445312,596.0667114257812,0.989370584487915,0.9830096364021301,3.480541706085205,1.3555395603179932,3.477897635164873,1.3281211516675238,0.0,0,two_ankles,accepted,3.480541706085205,1.3555395603179932,0.0157834550470556
432,14.4,detected,3,1,0.9242823123931885,ankle_midpoint,1020.7611694335938,886.1300048828125,0.9895059466362,0.9743822813034058,3.3764970302581787,10.880475044250488,3.3774783254362477,10.815722737449548,0.0,0,two_ankles,accepted,3.3764970302581787,10.880475044250488,0.016453271528167685
432,14.4,detected,4,20,0.9154966473579407,ankle_midpoint,689.9727783203125,896.7891845703125,0.9750251173973083,0.964127779006958,1.5076384544372559,11.140624046325684,1.4789215138420468,11.1504959669195,0.0,0,two_ankles,accepted,1.5076384544372559,11.140624046325684,0.012309117259215262
432,14.4,predicted,1,,,motion_prediction,,,,,,,0.6665698241480299,0.23589660602559132,,2,,motion_prediction,0.6665698241480299,0.23589660602559132,
433,14.433333333333334,detected,2,6,0.889420747756958,ankle_midpoint,1014.2628784179688,594.9910278320312,0.9880948662757874,0.9804272651672363,3.4877896308898926,1.2998627424240112,3.4823490332411318,1.3154048675079433,0.0,0,two_ankles,accepted,3.4877896308898926,1.2998627424240112,0.05614659798041224
433,14.433333333333334,detected,3,1,0.9267367720603943,ankle_midpoint,1017.7508544921875,889.008056640625,0.9947286248207092,0.985900342464447,3.3582749366760254,10.940922737121582,3.368836800494148,10.872062737301963,0.0,0,two_ankles,accepted,3.3582749366760254,10.940922737121582,0.06313452516614686
433,14.433333333333334,detected,4,20,0.9197056889533997,ankle_midpoint,696.05810546875,895.9961547851562,0.9707740545272827,0.9598690867424011,1.5404016971588135,11.12375545501709,1.506587596334592,11.138462736563417,0.0,0,two_ankles,accepted,1.5404016971588135,11.12375545501709,0.03685077266989205
433,14.433333333333334,predicted,1,,,motion_prediction,,,,,,,0.6519661481232256,0.13034787281022447,,3,,motion_prediction,0.6519661481232256,0.13034787281022447,
434,14.466666666666667,detected,2,6,0.9060959219932556,ankle_midpoint,1015.072021484375,595.1300048828125,0.9871553182601929,0.9780626893043518,3.494948148727417,1.306841492652893,3.4880186352099605,1.311551348823171,0.0,0,two_ankles,accepted,3.494948148727417,1.306841492652893,0.009997366272537658
434,14.466666666666667,detected,3,1,0.9274695515632629,ankle_midpoint,1016.8268432617188,889.2186889648438,0.9961519837379456,0.9843926429748535,3.3529365062713623,10.945415496826172,3.361681668093895,10.905071479087859,0.0,0,two_ankles,accepted,3.3529365062713623,10.945415496826172,0.00697737263936917
434,14.466666666666667,detected,4,20,0.9215003252029419,ankle_midpoint,700.8836669921875,898.4370727539062,0.9845083951950073,0.9758589267730713,1.5721321105957031,11.172748565673828,1.536082627752092,11.153891359663103,0.0,0,two_ankles,accepted,1.5721321105957031,11.172748565673828,0.05837074634351825
434,14.466666666666667,predicted,1,,,motion_prediction,,,,,,,0.6373624720984213,0.024799139594857578,,4,,motion_prediction,0.6373624720984213,0.024799139594857578,
435,14.5,detected,2,6,0.9055806398391724,ankle_midpoint,1015.5873413085938,596.6886596679688,0.9849334359169006,0.9708282947540283,3.498297691345215,1.3870084285736084,3.492644210470825,1.345507034710868,0.0,0,two_ankles,accepted,3.498297691345215,1.3870084285736084,0.08023688086325716
435,14.5,detected,3,1,0.9277163743972778,ankle_midpoint,1019.575927734375,886.96826171875,0.991299569606781,0.9696229696273804,3.3694136142730713,10.898163795471191,3.365161043874524,10.90196302146036,0.0,0,two_ankles,accepted,3.3694136142730713,10.898163795471191,0.050042165910762146
435,14.5,detected,4,20,0.9235501885414124,ankle_midpoint,703.09033203125,899.0091552734375,0.9837540984153748,0.9751873016357422,1.5855824947357178,11.184060096740723,1.5583575678947237,11.167467291348032,0.0,0,two_ankles,accepted,1.5855824947357178,11.184060096740723,0.017574514746964642
435,14.5,predicted,1,,,motion_prediction,,,,,,,0.6227587960736171,-0.08074959362050926,,5,,motion_prediction,0.6227587960736171,-0.08074959362050926,
436,14.533333333333333,detected,2,6,0.9001840353012085,ankle_midpoint,1016.9947509765625,596.7183837890625,0.9850178360939026,0.9737342000007629,3.5108795166015625,1.3881810903549194,3.500850098229657,1.364710359750691,0.0,0,two_ankles,accepted,3.5108795166015625,1.3881810903549194,0.012636354792210265
436,14.533333333333333,detected,3,1,0.929353654384613,ankle_midpoint,1019.8640747070312,885.27880859375,0.9907985925674438,0.9695727825164795,3.371675968170166,10.862733840942383,3.368092759807563,10.884309890227271,0.0,0,two_ankles,accepted,3.371675968170166,10.862733840942383,0.03550211152972657
436,14.533333333333333,detected,4,20,0.9227802753448486,ankle_midpoint,702.3544921875,898.41650390625,0.9788960814476013,0.9715534448623657,1.580359935760498,11.17215633392334,1.5682586334343223,11.16957736050692,0.0,0,two_ankles,accepted,1.580359935760498,11.17215633392334,0.012999026558252495
436,14.533333333333333,predicted,1,,,motion_prediction,,,,,,,0.6081551200488129,-0.1862983268358761,,6,,motion_prediction,0.6081551200488129,-0.1862983268358761,
437,14.566666666666666,detected,2,6,0.9005494117736816,ankle_midpoint,1018.7596435546875,596.6815185546875,0.9862530827522278,0.9785830974578857,3.5267202854156494,1.3858438730239868,3.512491682463354,1.3742204407236742,0.0,0,two_ankles,accepted,3.5267202854156494,1.3858438730239868,0.016012262222227073
437,14.566666666666666,detected,3,1,0.9293805956840515,ankle_midpoint,1021.537841796875,882.615234375,0.9917963743209839,0.9702390432357788,3.3822693824768066,10.806419372558594,3.374472240008723,10.849259157276368,0.0,0,two_ankles,accepted,3.3822693824768066,10.806419372558594,0.057302179504979706
437,14.566666666666666,detected,4,20,0.9201971888542175,ankle_midpoint,700.6458740234375,895.8946533203125,0.9827096462249756,0.9776617884635925,1.5660712718963623,11.121136665344238,1.5672743207422404,11.147779047683715,0.0,0,two_ankles,accepted,1.5660712718963623,11.121136665344238,0.05298275660008284
437,14.566666666666666,predicted,1,,,motion_prediction,,,,,,,0.5935514440240086,-0.29184706005124295,,7,,motion_prediction,0.5935514440240086,-0.29184706005124295,
438,14.6,detected,2,6,0.8996225595474243,ankle_midpoint,1019.3869018554688,597.330078125,0.9871336221694946,0.9805667400360107,3.5317656993865967,1.4189568758010864,3.5211649900788133,1.39435183650851,0.0,0,two_ankles,accepted,3.5317656993865967,1.4189568758010864,0.03349518107212493
438,14.6,detected,3,1,0.9300660490989685,ankle_midpoint,1023.947998046875,881.1531982421875,0.9919267892837524,0.9706106185913086,3.3966991901397705,10.775163650512695,3.3844743675676945,10.815916179232715,0.0,0,two_ankles,accepted,3.3966991901397705,10.775163650512695,0.034425855251548836
438,14.6,detected,4,20,0.9188030958175659,ankle_midpoint,700.0809326171875,893.8887939453125,0.9837798476219177,0.9798928499221802,1.559130311012268,11.080233573913574,1.5636095163637531,11.117383584487152,0.0,0,two_ankles,accepted,1.559130311012268,11.080233573913574,0.04148782745070884
438,14.6,predicted,1,,,motion_prediction,,,,,,,0.5789477679992043,-0.3973957932666098,,8,,motion_prediction,0.5789477679992043,-0.3973957932666098,
439,14.633333333333333,detected,2,6,0.8987181186676025,ankle_midpoint,1020.1712036132812,596.3023681640625,0.9872128367424011,0.9805747270584106,3.539706230163574,1.3659992218017578,3.529508548116956,1.3815931598904716,0.0,0,two_ankles,accepted,3.539706230163574,1.3659992218017578,0.05354965122325946
439,14.633333333333333,detected,3,1,0.9383133053779602,ankle_midpoint,1027.4486083984375,879.7105102539062,0.9917942881584167,0.9712058305740356,3.4174628257751465,10.744067192077637,3.3993191737610484,10.78358413501293,0.0,0,two_ankles,accepted,3.4174628257751465,10.744067192077637,0.03739142003190012
439,14.633333333333333,detected,4,20,0.919996976852417,ankle_midpoint,702.4222412109375,892.0491333007812,0.9857164025306702,0.9826602339744568,1.5689303874969482,11.042194366455078,1.5660039083736912,11.08354843637272,0.0,0,two_ankles,accepted,1.5689303874969482,11.042194366455078,0.03928132893851844
439,14.633333333333333,predicted,1,,,motion_prediction,,,,,,,0.5643440919744,-0.5029445264819767,,9,,motion_prediction,0.5643440919744,-0.5029445264819767,
440,14.666666666666666,detected,2,6,0.9000585675239563,ankle_midpoint,1020.2753295898438,596.4087524414062,0.9877562522888184,0.9810628294944763,3.540543794631958,1.3714444637298584,3.5344744090487072,1.3770262466181957,0.0,0,two_ankles,accepted,3.540543794631958,1.3714444637298584,0.005509280705704112
440,14.666666666666666,detected,3,1,0.9365088939666748,ankle_midpoint,1030.6859130859375,880.9564208984375,0.9890044331550598,0.962103009223938,3.4355735778808594,10.77015209197998,3.415633655614964,10.777539715648103,0.0,0,two_ankles,accepted,3.4355735778808594,10.77015209197998,0.031755650595600725
440,14.666666666666666,detected,4,20,0.9266772866249084,ankle_midpoint,704.0972290039062,895.1102905273438,0.9727640151977539,0.9669948816299438,1.584083080291748,11.10472297668457,1.5741395357368169,11.093076979513054,0.0,0,two_ankles,accepted,1.584083080291748,11.10472297668457,0.0643384115141595
440,14.666666666666666,predicted,1,,,motion_prediction,,,,,,,0.5497404159495958,-0.6084932596973436,,10,,motion_prediction,0.5497404159495958,-0.6084932596973436,
441,14.7,detected,2,6,0.8996252417564392,ankle_midpoint,1020.1949462890625,596.219970703125,0.9882480502128601,0.9814966917037964,3.5399932861328125,1.3617539405822754,3.536957903736555,1.3701537089020315,0.0,0,two_ankles,accepted,3.5399932861328125,1.3617539405822754,0.009706147458259302
441,14.7,detected,3,1,0.9396780133247375,ankle_midpoint,1031.2177734375,881.4251708984375,0.9862200021743774,0.9555812478065491,3.438424587249756,10.780029296875,3.42588957485062,10.778660027200207,0.0,0,two_ankles,accepted,3.438424587249756,10.780029296875,0.010280439239630441
441,14.7,detected,4,20,0.9251760244369507,ankle_midpoint,705.4017944335938,898.8333740234375,0.9730678796768188,0.9670849442481995,1.5982439517974854,11.180229187011719,1.5849865229641178,11.132295472887453,0.0,0,two_ankles,accepted,1.5982439517974854,11.180229187011719,0.07682264041133695
441,14.7,predicted,1,,,motion_prediction,,,,,,,0.5351367399247915,-0.7140419929127104,,11,,motion_prediction,0.5351367399247915,-0.7140419929127104,
442,14.733333333333333,detected,2,6,0.8997475504875183,ankle_midpoint,1020.208984375,596.1583251953125,0.989453911781311,0.9827454686164856,3.540174961090088,1.358577847480774,3.5384055795456453,1.3649445712624657,0.0,0,two_ankles,accepted,3.540174961090088,1.358577847480774,0.003181284831558817
442,14.733333333333333,detected,3,1,0.9345821142196655,ankle_midpoint,1042.302734375,881.2998046875,0.9964775443077087,0.9900736808776855,3.502284288406372,10.775996208190918,3.460267195950709,10.777461308646028,0.0,0,two_ankles,accepted,3.502284288406372,10.775996208190918,0.0639869301978615
442,14.733333333333333,detected,4,20,0.9259426593780518,ankle_midpoint,713.3426513671875,902.3651123046875,0.9863605499267578,0.9838085770606995,1.6490507125854492,11.250422477722168,1.613815408293717,11.185452625063075,0.0,0,two_ankles,accepted,1.6490507125854492,11.250422477722168,0.08665116850064412
442,14.733333333333333,predicted,1,,,motion_prediction,,,,,,,0.5205330638999873,-0.8195907261280773,,12,,motion_prediction,0.5205330638999873,-0.8195907261280773,
443,14.766666666666667,detected,2,6,0.8936115503311157,ankle_midpoint,1020.279052734375,596.0789794921875,0.9892600774765015,0.9830003976821899,3.540874719619751,1.3544756174087524,3.539516692578993,1.3602335420282947,0.0,0,two_ankles,accepted,3.540874719619751,1.3544756174087524,0.004161484538435008
443,14.766666666666667,detected,3,1,0.9260894656181335,ankle_midpoint,1045.9107666015625,882.1656494140625,0.9924155473709106,0.965149462223053,3.5225706100463867,10.79389476776123,3.4883037322937644,10.784856365247869,0.0,0,two_ankles,accepted,3.5225706100463867,10.79389476776123,0.027053526209611784
443,14.766666666666667,detected,4,20,0.9261457920074463,ankle_midpoint,714.9566650390625,904.5325927734375,0.984589159488678,0.9804795980453491,1.66183340549469,11.293590545654297,1.635423507034155,11.234114689329125,0.0,0,two_ankles,accepted,1.66183340549469,11.293590545654297,0.04502087656859703
444,14.8,detected,2,6,0.8895963430404663,ankle_midpoint,1020.626708984375,597.4617919921875,0.989996075630188,0.9846643805503845,3.542738676071167,1.4253923892974854,3.5409665851504717,1.3895550232994305,0.0,0,two_ankles,accepted,3.542738676071167,1.4253923892974854,0.07094126351265076
444,14.8,detected,3,1,0.9194135665893555,ankle_midpoint,1046.23828125,885.190185546875,0.9911192059516907,0.9564118385314941,3.522770643234253,10.857626914978027,3.503813842216984,10.81760311262644,0.0,0,two_ankles,accepted,3.522770643234253,10.857626914978027,0.063732461133552
444,14.8,detected,4,20,0.9271741509437561,ankle_midpoint,716.2132568359375,904.0540161132812,0.9814058542251587,0.9788807034492493,1.668020248413086,11.28388786315918,1.6500920406546742,11.25651261755265,0.0,0,two_ankles,accepted,1.668020248413086,11.28388786315918,0.011507348647623403
445,14.833333333333334,detected,2,6,0.8885918259620667,ankle_midpoint,1020.5970458984375,597.5219116210938,0.9905767440795898,0.9858430027961731,3.542418956756592,1.4284781217575073,3.541620152373226,1.4070704176055653,0.0,0,two_ankles,accepted,3.542418956756592,1.4284781217575073,0.003102251642750099
445,14.833333333333334,detected,3,1,0.9259087443351746,ankle_midpoint,1046.1075439453125,891.4393310546875,0.98244708776474,0.8969041109085083,3.5185904502868652,10.98789119720459,3.510463315848431,10.894232750686609,0.0,0,two_ankles,accepted,3.5185904502868652,10.98789119720459,0.13033133635883165
445,14.833333333333334,detected,4,20,0.9295124411582947,ankle_midpoint,717.4593505859375,902.9885864257812,0.982647716999054,0.9744294881820679,1.673148512840271,11.262430191040039,1.6604674531381929,11.259175525621975,0.0,0,two_ankles,accepted,1.673148512840271,11.262430191040039,0.02206197608573803
446,14.866666666666667,detected,1,3,0.8872730731964111,ankle_midpoint,631.8294067382812,560.051025390625,0.9853780269622803,0.9943416118621826,-0.16261892020702362,-0.5309632420539856,-0.16261892020702362,-0.5309632420539856,0.29634305484303436,0,two_ankles,accepted,-0.16261892020702362,-0.5309632420539856,0.08184959533480084
446,14.866666666666667,detected,2,6,0.8932924866676331,ankle_midpoint,1020.6864624023438,598.0030517578125,0.9905605912208557,0.9855806231498718,3.542783498764038,1.4530656337738037,3.542143658249092,1.4277682648812728,0.0,0,two_ankles,accepted,3.542783498764038,1.4530656337738037,0.02459021427370474
446,14.866666666666667,detected,3,1,0.9269548654556274,ankle_midpoint,1046.950927734375,893.5143432617188,0.9815124273300171,0.89178866147995,3.5222439765930176,11.03059196472168,3.515764613183495,10.95559439700239,0.0,0,two_ankles,accepted,3.5222439765930176,11.03059196472168,0.042856782438936106
446,14.866666666666667,detected,4,20,0.9279800057411194,ankle_midpoint,722.980712890625,902.2196044921875,0.9921114444732666,0.9684492945671082,1.7027164697647095,11.246357917785645,1.6794795106201255,11.253407602095628,0.0,0,two_ankles,accepted,1.7027164697647095,11.246357917785645,0.033653856305769406
447,14.9,detected,1,3,0.8792994022369385,ankle_midpoint,628.794189453125,559.6885986328125,0.9886715412139893,0.9948717355728149,-0.19424547255039215,-0.5515779852867126,-0.1768508687615395,-0.5402398765087127,0.0,0,two_ankles,accepted,-0.19424547255039215,-0.5515779852867126,0.03775190659660907
447,14.9,detected,2,6,0.889778733253479,ankle_midpoint,1020.6656494140625,598.1739501953125,0.9902147054672241,0.9851028919219971,3.54244327545166,1.4618010520935059,3.5422784859902476,1.4430830191267778,0.0,0,two_ankles,accepted,3.54244327545166,1.4618010520935059,0.008742041244610628
447,14.9,detected,3,1,0.9254614114761353,ankle_midpoint,1048.18310546875,892.8245849609375,0.9767376780509949,0.875630259513855,3.529613971710205,11.01623821258545,3.5219968245205147,10.982884114014768,0.0,0,two_ankles,accepted,3.529613971710205,11.01623821258545,0.01613527280264292
447,14.9,detected,4,20,0.9264227747917175,ankle_midpoint,725.97509765625,902.262939453125,0.9929423332214355,0.9719933867454529,1.7195414304733276,11.246871948242188,1.6975073745540665,11.25046655786158,0.0,0,two_ankles,accepted,1.7195414304733276,11.246871948242188,0.01683281111866936
448,14.933333333333334,detected,1,3,0.8841421604156494,ankle_midpoint,625.4456787109375,567.4801025390625,0.989599347114563,0.9927492141723633,-0.17315183579921722,-0.09609922766685486,-0.1976934023473177,-0.5751812375755927,0.0,0,two_ankles,corrected_motion_outlier,-0.2231676100632688,-0.6178873455462238,0.45596692879453404
448,14.933333333333334,detected,2,6,0.8908717632293701,ankle_midpoint,1020.770263671875,597.9637451171875,0.9900289177894592,0.9838473200798035,3.5435678958892822,1.4510358572006226,3.5428587204448134,1.446661796260008,0.0,0,two_ankles,accepted,3.5435678958892822,1.4510358572006226,0.010823779017075227
448,14.933333333333334,detected,3,1,0.9236394762992859,ankle_midpoint,1049.6453857421875,892.6287841796875,0.9724465608596802,0.9075939655303955,3.538022518157959,11.012024879455566,3.529208386657365,10.995997458463128,0.0,0,two_ankles,accepted,3.538022518157959,11.012024879455566,0.009405095928665636
448,14.933333333333334,detected,4,20,0.9292426705360413,ankle_midpoint,731.4911499023438,903.5722045898438,0.9925369620323181,0.98760986328125,1.7525253295898438,11.272445678710938,1.7222654543201665,11.260357162243793,0.0,0,two_ankles,accepted,1.7525253295898438,11.272445678710938,0.04173671394607851
449,14.966666666666667,detected,1,3,0.8747355341911316,ankle_midpoint,628.374267578125,575.6300659179688,0.9875050783157349,0.9915503263473511,-0.09202698618173599,0.3631438612937927,-0.22217175770029018,-0.6242381982791567,0.40950099154156716,0,two_ankles,corrected_motion_outlier,-0.25208974757614544,-0.684196705805735,0.4602077453626647
449,14.966666666666667,detected,2,6,0.8941555619239807,ankle_midpoint,1020.1884155273438,598.3184204101562,0.985215425491333,0.9723455905914307,3.5380513668060303,1.4692960977554321,3.540695411307361,1.4568472319329488,0.0,0,two_ankles,accepted,3.5380513668060303,1.4692960977554321,0.01907533691041594
449,14.966666666666667,detected,3,1,0.9273067712783813,ankle_midpoint,1048.634765625,893.309326171875,0.9775254130363464,0.9287725687026978,3.531905174255371,11.026168823242188,3.530421941076468,11.009574572613705,0.0,0,two_ankles,accepted,3.531905174255371,11.026168823242188,0.015410160358076313
449,14.966666666666667,detected,4,20,0.9310957193374634,ankle_midpoint,739.7990112304688,905.721435546875,0.9916737675666809,0.9837259650230408,1.8022830486297607,11.31434154510498,1.758273371759484,11.28465013453133,0.0,0,two_ankles,accepted,1.8022830486297607,11.31434154510498,0.06504686176106282
450,15.0,detected,1,3,0.874231219291687,ankle_midpoint,629.6585693359375,581.1342163085938,0.975746750831604,0.9827502965927124,-0.045116983354091644,0.6649735569953918,-0.24864981502521954,-0.681058738782897,0.7850013825653336,0,two_ankles,corrected_motion_outlier,-0.2810118850890221,-0.7505060660652462,0.40855258893357466
450,15.0,detected,2,6,0.8928166627883911,ankle_midpoint,1019.7984619140625,597.7711791992188,0.9849183559417725,0.9692602157592773,3.535055160522461,1.4414339065551758,3.5381572984541565,1.449911235512951,0.0,0,two_ankles,accepted,3.535055160522461,1.4414339065551758,0.028022829096530255
450,15.0,detected,3,1,0.9273461103439331,ankle_midpoint,1049.0546875,892.7264404296875,0.9774062633514404,0.934630811214447,3.5346148014068604,11.01410961151123,3.5323087282251446,11.011615340117592,0.0,0,two_ankles,accepted,3.5346148014068604,11.01410961151123,0.012359881345390799
450,15.0,detected,4,20,0.9290054440498352,ankle_midpoint,744.010498046875,906.2672729492188,0.9928492307662964,0.9841394424438477,1.8265806436538696,11.324699401855469,1.7890116441119577,11.302672304827194,0.0,0,two_ankles,accepted,1.8265806436538696,11.324699401855469,0.026413222454279156
451,15.033333333333333,detected,1,3,0.8712643384933472,ankle_midpoint,637.8306884765625,590.5313720703125,0.9562934637069702,0.9673897624015808,0.08657191693782806,1.1636111736297607,-0.2762277084347252,-0.7421492481767342,1.3697293080751427,0,two_ankles,corrected_motion_outlier,-0.30993402260189873,-0.8168154263247573,0.4345063475588977
451,15.033333333333333,detected,2,6,0.8896754384040833,ankle_midpoint,1019.5514526367188,595.0011596679688,0.9825133085250854,0.9634968042373657,3.535311222076416,1.2990491390228271,3.5368765640841735,1.3820232920923954,0.0,0,two_ankles,accepted,3.535311222076416,1.2990491390228271,0.1423849977798236
451,15.033333333333333,detected,3,1,0.9272980690002441,ankle_midpoint,1047.484619140625,890.1207885742188,0.9789049029350281,0.9492616653442383,3.5271499156951904,10.960410118103027,3.5299872625866655,10.98857299021104,0.0,0,two_ankles,accepted,3.5271499156951904,10.960410118103027,0.054215865860335985
451,15.033333333333333,detected,4,20,0.9287084937095642,ankle_midpoint,745.0550537109375,910.7081298828125,0.9852904081344604,0.9697675704956055,1.839097023010254,11.412361145019531,1.811550064616191,11.352032282913747,0.0,0,two_ankles,accepted,1.839097023010254,11.412361145019531,0.08855078185287231
452,15.066666666666666,detected,1,3,0.884691059589386,ankle_midpoint,642.7408447265625,601.504638671875,0.9802565574645996,0.9812596440315247,0.19339050352573395,1.7241697311401367,-0.3044105116907478,-0.8055882404601247,2.661065803980088,0,two_ankles,corrected_motion_outlier,-0.3388561601147754,-0.8831247865842685,0.46170507117728354
452,15.066666666666666,detected,2,6,0.8804314136505127,ankle_midpoint,1019.797119140625,594.517333984375,0.9834384322166443,0.9663369655609131,3.537954330444336,1.2739475965499878,3.537361558946247,1.333389229098312,0.0,0,two_ankles,accepted,3.537954330444336,1.2739475965499878,0.02524031410977935
452,15.066666666666666,detected,3,1,0.9274142980575562,ankle_midpoint,1045.998291015625,886.6390991210938,0.9803268909454346,0.9580179452896118,3.520596742630005,10.888035774230957,3.5257615286061688,10.943331243020005,0.0,0,two_ankles,accepted,3.520596742630005,10.888035774230957,0.07267041852180951
452,15.066666666666666,detected,4,20,0.9339046478271484,ankle_midpoint,746.364501953125,911.6390380859375,0.9834067225456238,0.9666741490364075,1.8477363586425781,11.430490493774414,1.8278338969280652,11.387338477801048,0.0,0,two_ankles,accepted,1.8477363586425781,11.430490493774414,0.020082614532080177
453,15.1,detected,1,3,0.8846167325973511,ankle_midpoint,647.5018310546875,604.09765625,0.97881680727005,0.9773019552230835,0.24962328374385834,1.8523013591766357,-0.3329260153623547,-0.8703188983327694,2.8689556563975533,0,two_ankles,corrected_motion_outlier,-0.367778297627652,-0.9494341468437797,0.4074192276987667
453,15.1,detected,2,6,0.8812800645828247,ankle_midpoint,1019.653076171875,594.457275390625,0.984312891960144,0.9660691022872925,3.536712408065796,1.2708724737167358,3.5370694410500443,1.3052566891766029,0.0,0,two_ankles,accepted,3.536712408065796,1.2708724737167358,0.0033164365867457903
453,15.1,detected,3,1,0.929989755153656,ankle_midpoint,1044.9688720703125,885.45849609375,0.9914944171905518,0.9540388584136963,3.515352964401245,10.86341667175293,3.521077674713953,10.907369685949822,0.0,0,two_ankles,accepted,3.515352964401245,10.86341667175293,0.025171361046555013
453,15.1,detected,4,20,0.9356287717819214,ankle_midpoint,746.1536865234375,912.7545776367188,0.9761245250701904,0.9611218571662903,1.8482298851013184,11.45236873626709,1.837012091606029,11.416602094110768,0.0,0,two_ankles,accepted,1.8482298851013184,11.45236873626709,0.02188380823654331
454,15.133333333333333,detected,1,3,0.8898144960403442,ankle_midpoint,656.5319213867188,602.8802490234375,0.9862872958183289,0.9847132563591003,0.3225475251674652,1.789537787437439,-0.361624504262533,-0.9357599722795042,2.8960180886706013,0,two_ankles,corrected_motion_outlier,-0.39670043514052866,-1.015743507103291,0.34249677679961116
454,15.133333333333333,detected,2,6,0.8806774020195007,ankle_midpoint,1018.0595092773438,594.114990234375,0.9922817349433899,0.9801866412162781,3.5226728916168213,1.25352942943573,3.5305909938050943,1.2819794222932102,0.0,0,two_ankles,accepted,3.5226728916168213,1.25352942943573,0.02231343109102584
454,15.133333333333333,detected,3,1,0.9333488345146179,ankle_midpoint,1041.035400390625,884.994873046875,0.9931974411010742,0.9690650701522827,3.4930689334869385,10.854164123535156,3.5084737411617968,10.883427182863223,0.0,0,two_ankles,accepted,3.4930689334869385,10.854164123535156,0.02412856569114701
454,15.133333333333333,detected,4,20,0.9374557137489319,ankle_midpoint,745.196044921875,912.5889282226562,0.9760279655456543,0.9596912860870361,1.8426920175552368,11.449239730834961,1.8395680582831728,11.431289030636655,0.0,0,two_ankles,accepted,1.8426920175552368,11.449239730834961,0.006360711591656661
455,15.166666666666666,detected,1,3,0.8909725546836853,ankle_midpoint,662.0214233398438,607.2735595703125,0.985673725605011,0.9839237332344055,0.39365747570991516,2.0054125785827637,-0.3904236350384256,-1.0015917750669883,3.194317247480916,0,two_ankles,corrected_motion_outlier,-0.4256225726534053,-1.082052867362802,0.32796318915701844
455,15.166666666666666,detected,2,6,0.8609187602996826,ankle_midpoint,1015.4678344726562,594.2757568359375,0.9934665560722351,0.9824856519699097,3.4992077350616455,1.2625247240066528,3.5164685273705425,1.2732248080642594,0.0,0,two_ankles,accepted,3.4992077350616455,1.2625247240066528,0.02513023868920833
455,15.166666666666666,detected,3,1,0.9317331910133362,ankle_midpoint,1036.1505126953125,885.201904296875,0.9934318661689758,0.9715286493301392,3.464982032775879,10.859114646911621,3.4889024723881343,10.872486541685003,0.0,0,two_ankles,accepted,3.464982032775879,10.859114646911621,0.028519847006143694
455,15.166666666666666,detected,4,20,0.9339354038238525,ankle_midpoint,748.0963134765625,910.7587890625,0.9847751259803772,0.9712773561477661,1.8560154438018799,11.41300106048584,1.8469693817665913,11.42305944406879,0.0,0,two_ankles,accepted,1.8560154438018799,11.41300106048584,0.038610295461469935
456,15.2,detected,1,3,0.8993093371391296,ankle_midpoint,663.15283203125,607.62744140625,0.9860133528709412,0.9840079545974731,0.4053522050380707,2.022477626800537,-0.03232450700400227,0.3592394557733981,3.285368790132134,0,two_ankles,accepted,0.4053522050380707,2.022477626800537,0.2936631073288175
456,15.2,detected,2,6,0.8600334525108337,ankle_midpoint,1015.1456298828125,595.2425537109375,0.9938061237335205,0.9818483591079712,3.4955177307128906,1.3126375675201416,3.507040668874599,1.2909605498194066,0.0,0,two_ankles,accepted,3.4955177307128906,1.3126375675201416,0.05024851457606726
456,15.2,detected,3,1,0.9390335083007812,ankle_midpoint,1030.065185546875,887.5333251953125,0.9814850091934204,0.9379720091819763,3.4291086196899414,10.908683776855469,3.4619952386739477,10.888775297511714,0.0,0,two_ankles,accepted,3.4291086196899414,10.908683776855469,0.061188237511995446
456,15.2,detected,4,20,0.9265685677528381,ankle_midpoint,747.4876708984375,910.83203125,0.9829225540161133,0.9629601836204529,1.8527534008026123,11.414511680603027,1.8495721903328008,11.419212950509198,0.0,0,two_ankles,accepted,1.8527534008026123,11.414511680603027,0.003594843204859176
457,15.233333333333333,detected,1,3,0.8906227946281433,ankle_midpoint,666.219970703125,609.963623046875,0.9870408177375793,0.9861191511154175,0.4438938796520233,2.135620594024658,0.18197376699120926,1.1586109679864651,0.0,0,two_ankles,accepted,0.4438938796520233,2.135620594024658,0.11952736805571493
457,15.233333333333333,detected,2,6,0.8734688758850098,ankle_midpoint,1014.51123046875,595.2908325195312,0.9964737296104431,0.9799791574478149,3.4897801876068115,1.315291166305542,3.499273452304095,1.3019093272381677,0.0,0,two_ankles,accepted,3.4897801876068115,1.315291166305542,0.006321470351745253
457,15.233333333333333,detected,3,1,0.9395808577537537,ankle_midpoint,1027.9208984375,886.5621337890625,0.9845763444900513,0.9465214610099792,3.4172723293304443,10.888644218444824,3.4418699294693713,10.888716311931613,0.0,0,two_ankles,accepted,3.4172723293304443,10.888644218444824,0.02327405574385258
457,15.233333333333333,detected,4,20,0.9164706468582153,ankle_midpoint,745.56591796875,909.9428100585938,0.982326865196228,0.9709478616714478,1.840779423713684,11.397239685058594,1.8456154453541984,11.409324981056427,0.0,0,two_ankles,accepted,1.840779423713684,11.397239685058594,0.021016611463628286
458,15.266666666666667,detected,1,3,0.887123703956604,ankle_midpoint,668.7092895507812,613.163330078125,0.9892244935035706,0.9885233044624329,0.4813411235809326,2.289377212524414,0.3166890774565848,1.6674557780285422,0.0,0,two_ankles,accepted,0.4813411235809326,2.289377212524414,0.15825104679069488
458,15.266666666666667,detected,2,6,0.8670201301574707,ankle_midpoint,1012.063720703125,593.8875732421875,0.9961419701576233,0.9753166437149048,3.4688687324523926,1.2432467937469482,3.485591328370829,1.275511187167119,0.0,0,two_ankles,accepted,3.4688687324523926,1.2432467937469482,0.07501786836505507
458,15.266666666666667,detected,3,1,0.940341591835022,ankle_midpoint,1025.590087890625,887.9234619140625,0.9879345893859863,0.9578906893730164,3.403395175933838,10.917373657226562,3.4245562903783813,10.901612117314341,0.0,0,two_ankles,accepted,3.403395175933838,10.917373657226562,0.03190542334943377
458,15.266666666666667,detected,4,20,0.9223358631134033,ankle_midpoint,748.1419067382812,909.9857177734375,0.9868669509887695,0.9608423113822937,1.8551228046417236,11.397783279418945,1.849893757033585,11.40413121531956,0.0,0,two_ankles,accepted,1.8551228046417236,11.397783279418945,0.01435367797031321
459,15.3,detected,1,3,0.8947866559028625,ankle_midpoint,669.975830078125,613.7786865234375,0.9908099174499512,0.9892529845237732,0.49529123306274414,2.3185477256774902,0.3970600474793565,1.9604471544705688,0.0,0,two_ankles,accepted,0.49529123306274414,2.3185477256774902,0.03233456961470676
459,15.3,detected,2,6,0.8778356313705444,ankle_midpoint,1011.6790771484375,593.362060546875,0.996759831905365,0.9804881811141968,3.465803861618042,1.2160295248031616,3.476686968332075,1.2487444391033382,0.0,0,two_ankles,accepted,3.465803861618042,1.2160295248031616,0.027389289183724075
459,15.3,detected,3,1,0.9374273419380188,ankle_midpoint,1024.2403564453125,889.0953369140625,0.9867072105407715,0.9529134631156921,3.3952300548553467,10.94194507598877,3.411359484393016,10.919761948717834,0.0,0,two_ankles,accepted,3.3952300548553467,10.94194507598877,0.02589254375711589
459,15.3,detected,4,20,0.9239212274551392,ankle_midpoint,746.5269775390625,908.8477783203125,0.9950209856033325,0.964065670967102,1.8444693088531494,11.375528335571289,1.847452755352389,11.391259919432839,0.0,0,two_ankles,accepted,1.8444693088531494,11.375528335571289,0.024673457361697435
460,15.333333333333334,detected,1,3,0.885562539100647,ankle_midpoint,670.7469482421875,614.978759765625,0.9907174706459045,0.9890304207801819,0.50777268409729,2.3756449222564697,0.4468807339574266,2.1472861499742244,0.0,0,two_ankles,accepted,0.50777268409729,2.3756449222564697,0.058445500058656306
460,15.333333333333334,detected,2,6,0.8647279143333435,ankle_midpoint,1010.5999755859375,593.1492919921875,0.997136116027832,0.977545440196991,3.456232786178589,1.2052288055419922,3.4674825863630065,1.2291624040007325,0.0,0,two_ankles,accepted,3.456232786178589,1.2052288055419922,0.01443125156132687
460,15.333333333333334,detected,3,1,0.9340405464172363,ankle_midpoint,1023.3597412109375,890.0469360351562,0.9823765754699707,0.949313223361969,3.389843463897705,10.961819648742676,3.401677275170126,10.938687913729014,0.0,0,two_ankles,accepted,3.389843463897705,10.961819648742676,0.020591600333516064
460,15.333333333333334,detected,4,20,0.9281404614448547,ankle_midpoint,746.170166015625,909.25732421875,0.9878360629081726,0.9517881870269775,1.8431026935577393,11.383655548095703,1.845495227544797,11.387837952331129,0.0,0,two_ankles,accepted,1.8431026935577393,11.383655548095703,0.008241311836269865
461,15.366666666666667,detected,1,3,0.894629716873169,ankle_midpoint,671.6867065429688,616.0935668945312,0.9907965660095215,0.9900602102279663,0.5212372541427612,2.4284024238586426,0.4803411680408272,2.273788473222213,0.0,0,two_ankles,accepted,0.5212372541427612,2.4284024238586426,0.05444858695882448
461,15.366666666666667,detected,2,6,0.8541197180747986,ankle_midpoint,1007.885498046875,594.7501831054688,0.9970121383666992,0.9755744934082031,3.4306435585021973,1.2890186309814453,3.4509050238256425,1.2560977061420533,0.0,0,two_ankles,accepted,3.4306435585021973,1.2890186309814453,0.08761017874795275
461,15.366666666666667,detected,3,1,0.9359149932861328,ankle_midpoint,1023.1514892578125,889.696533203125,0.9688602089881897,0.9501447081565857,3.3887927532196045,10.954571723937988,3.3958792402923916,10.945835628323053,0.0,0,two_ankles,accepted,3.3887927532196045,10.954571723937988,0.007323688067051936
461,15.366666666666667,detected,4,20,0.9300804734230042,ankle_midpoint,745.8658447265625,914.477783203125,0.9899564981460571,0.9527157545089722,1.8491982221603394,11.486045837402344,1.847161575121791,11.432031500613176,0.0,0,two_ankles,accepted,1.8491982221603394,11.486045837402344,0.10257156922482312
462,15.4,detected,1,3,0.8996362686157227,ankle_midpoint,672.0948486328125,616.8130493164062,0.991104781627655,0.9911662936210632,0.5281947255134583,2.462380886077881,0.5018752689035112,2.3586550590072637,0.0,0,two_ankles,accepted,0.5281947255134583,2.462380886077881,0.034683458631720565
462,15.4,detected,2,6,0.8348183035850525,ankle_midpoint,1005.73486328125,595.1300048828125,0.983880341053009,0.9498186111450195,3.4110610485076904,1.3092014789581299,3.432975234932564,1.2799944039092879,0.0,0,two_ankles,accepted,3.4110610485076904,1.3092014789581299,0.028121558458501558
462,15.4,detected,3,1,0.9381905198097229,ankle_midpoint,1022.8192138671875,889.7466430664062,0.9654262661933899,0.9547159671783447,3.3868813514709473,10.955652236938477,3.391830190322742,10.950253102199994,0.0,0,two_ankles,accepted,3.3868813514709473,10.955652236938477,0.002195669599232565
462,15.4,detected,4,20,0.92686527967453,ankle_midpoint,744.4161376953125,913.5593872070312,0.9919328093528748,0.9667323231697083,1.8398346900939941,11.468301773071289,1.8438644768592825,11.448353123219327,0.0,0,two_ankles,accepted,1.8398346900939941,11.468301773071289,0.020063089287098393
463,15.433333333333334,detected,1,3,0.894996702671051,ankle_midpoint,675.5733642578125,619.3783569335938,0.9915685057640076,0.9920592308044434,0.5701327323913574,2.58231782913208,0.532591127473042,2.4593033055634312,0.0,0,two_ankles,accepted,0.5701327323913574,2.58231782913208,0.12705772991076514
463,15.433333333333334,detected,2,6,0.8404034376144409,ankle_midpoint,1002.5032958984375,591.4046020507812,0.9830026030540466,0.954018235206604,3.3842573165893555,1.1161340475082397,3.4110521716781204,1.2062572435288161,0.0,0,two_ankles,accepted,3.3842573165893555,1.1161340475082397,0.19491914511255173
463,15.433333333333334,detected,3,1,0.9375913143157959,ankle_midpoint,1026.4112548828125,888.5239868164062,0.9783470630645752,0.9703786373138428,3.407836437225342,10.929788589477539,3.3990330014289123,10.94104407147489,0.0,0,two_ankles,accepted,3.407836437225342,10.929788589477539,0.033287293055424126
463,15.433333333333334,detected,4,20,0.9275769591331482,ankle_midpoint,744.3316650390625,912.3366088867188,0.9939899444580078,0.959746778011322,1.8375375270843506,11.4443998336792,1.8410173494605633,11.44657414292627,0.0,0,two_ankles,accepted,1.8375375270843506,11.4443998336792,0.02401207330898377
464,15.466666666666667,detected,1,3,0.8979246020317078,ankle_midpoint,678.740478515625,619.0708618164062,0.9906150102615356,0.9913627505302429,0.5957610011100769,2.5671651363372803,0.5610175706097078,2.5078411294116636,0.0,0,two_ankles,accepted,0.5957610011100769,2.5671651363372803,0.02977267634010207
464,15.466666666666667,detected,2,6,0.7811539769172668,ankle_midpoint,996.4546508789062,591.917236328125,0.9955347776412964,0.9800815582275391,3.3292694091796875,1.1445271968841553,3.3742499285538257,1.1784787225387188,0.0,0,two_ankles,accepted,3.3292694091796875,1.1445271968841553,0.06188570830795483
464,15.466666666666667,detected,3,1,0.9284075498580933,ankle_midpoint,1027.775634765625,887.608642578125,0.9796603322029114,0.9722542762756348,3.416002035140991,10.910536766052246,3.406669066599348,10.9273157840347,0.0,0,two_ankles,accepted,3.416002035140991,10.910536766052246,0.020911950997425304
464,15.466666666666667,detected,4,20,0.9262308478355408,ankle_midpoint,742.8590698242188,910.64453125,0.99540114402771,0.9597826600074768,1.8268388509750366,11.411367416381836,1.8346370251420763,11.430731115981274,0.0,0,two_ankles,accepted,1.8268388509750366,11.411367416381836,0.034721783695529675
465,15.5,detected,1,3,0.9067680239677429,ankle_midpoint,681.886962890625,618.041259765625,0.9898924827575684,0.9908267855644226,0.6179192066192627,2.5180439949035645,0.5866233068140075,2.5124324188830194,0.0,0,two_ankles,accepted,0.6179192066192627,2.5180439949035645,0.05388759233013129
465,15.5,detected,2,6,0.7955259680747986,ankle_midpoint,994.185791015625,592.3504638671875,0.9947630763053894,0.9782769083976746,3.3085641860961914,1.1677509546279907,3.3446913444478903,1.1736512269788912,0.0,0,two_ankles,accepted,3.3085641860961914,1.1677509546279907,0.03111348882207999
465,15.5,detected,3,1,0.9266197681427002,ankle_midpoint,1029.7564697265625,886.74609375,0.9810613393783569,0.9751856923103333,3.427687406539917,10.892268180847168,3.4161273195726043,10.911544362600312,0.0,0,two_ankles,accepted,3.427687406539917,10.892268180847168,0.021686150191447814
465,15.5,detected,4,20,0.9303837418556213,ankle_midpoint,739.8925170898438,910.6512451171875,0.9959651231765747,0.9632585048675537,1.8104188442230225,11.411846160888672,1.8237388437285023,11.422232886189605,0.0,0,two_ankles,accepted,1.8104188442230225,11.411846160888672,0.016426984447518545
466,15.533333333333333,detected,1,3,0.891694188117981,ankle_midpoint,687.5481567382812,620.65087890625,0.990018367767334,0.9916915893554688,0.6781396269798279,2.639007568359375,0.6278056508886267,2.5693912361473794,0.0,0,two_ankles,accepted,0.6781396269798279,2.639007568359375,0.1351247021517622
466,15.533333333333333,detected,2,6,0.7665190100669861,ankle_midpoint,989.115478515625,590.9642333984375,0.9899477362632751,0.9664258360862732,3.263274908065796,1.0964561700820923,3.308053948075948,1.1389134513753318,0.0,0,two_ankles,accepted,3.263274908065796,1.0964561700820923,0.08446339448518835
466,15.533333333333333,detected,3,1,0.9195884466171265,ankle_midpoint,1034.1217041015625,886.412841796875,0.9858442544937134,0.9783185720443726,3.452796459197998,10.884757995605469,3.432628432404032,10.899490497452632,0.0,0,two_ankles,accepted,3.452796459197998,10.884757995605469,0.02620815536719294
466,15.533333333333333,detected,4,20,0.9369930028915405,ankle_midpoint,733.5186157226562,914.377197265625,0.9912819862365723,0.9468895196914673,1.7809720039367676,11.48552131652832,1.8044937658222215,11.450712679842027,0.0,0,two_ankles,accepted,1.7809720039367676,11.48552131652832,0.07934194956875351
467,15.566666666666666,detected,1,3,0.8720738887786865,ankle_midpoint,695.9434814453125,623.966552734375,0.9865347743034363,0.9895322322845459,0.7640060782432556,2.7907471656799316,0.6890958431982097,2.669001404437028,0.0,0,two_ankles,accepted,0.7640060782432556,2.7907471656799316,0.17435008703060428
467,15.566666666666666,detected,2,6,0.5613120198249817,ankle_midpoint,981.9725341796875,593.20556640625,0.9917026162147522,0.9598801732063293,3.1980667114257812,1.2154384851455688,3.258559691583373,1.1733497165719387,0.0,0,two_ankles,accepted,3.1980667114257812,1.2154384851455688,0.13567940229418474
467,15.566666666666666,detected,3,1,0.9257634878158569,ankle_midpoint,1038.0224609375,886.5765991210938,0.9929418563842773,0.9911158084869385,3.4750242233276367,10.887706756591797,3.4517065383196543,10.894187814065258,0.0,0,two_ankles,accepted,3.4750242233276367,10.887706756591797,0.022422504087575554
467,15.566666666666666,detected,4,20,0.9310425519943237,ankle_midpoint,731.769287109375,912.7787475585938,0.9925934672355652,0.9529368877410889,1.7688040733337402,11.454519271850586,1.788433404202405,11.452425646245878,0.0,0,two_ankles,accepted,1.7688040733337402,11.454519271850586,0.03330443377930824
468,15.6,detected,1,3,0.8728150725364685,ankle_midpoint,699.5640869140625,624.65576171875,0.9857860803604126,0.9905203580856323,0.7975927591323853,2.8216259479522705,0.7379194553685888,2.7376824490188874,0.0,0,two_ankles,accepted,0.7975927591323853,2.8216259479522705,0.04562416385831893
468,15.6,detected,2,6,0.6365801692008972,ankle_midpoint,979.6747436523438,592.0206298828125,0.9841746687889099,0.9397299289703369,3.177581310272217,1.1542181968688965,3.222119419993353,1.1647405327055695,0.0,0,two_ankles,accepted,3.177581310272217,1.1542181968688965,0.06455676073891353
468,15.6,detected,3,1,0.9280316233634949,ankle_midpoint,1043.2015380859375,886.9569091796875,0.9935644268989563,0.9923022985458374,3.50443696975708,10.895028114318848,3.475435232466496,10.894565949179373,0.0,0,two_ankles,accepted,3.50443696975708,10.895028114318848,0.030310261158396166
468,15.6,detected,4,20,0.9282127618789673,ankle_midpoint,726.1590576171875,913.6470336914062,0.9944446682929993,0.9679298996925354,1.739219069480896,11.472137451171875,1.7662869535777261,11.461295958462578,0.0,0,two_ankles,accepted,1.739219069480896,11.472137451171875,0.03443359835349634
469,15.633333333333333,detected,1,3,0.8557082414627075,ankle_midpoint,709.1209716796875,625.9266357421875,0.983873188495636,0.9939815402030945,0.8836244344711304,2.877703905105591,0.8034866959647327,2.8006921042579043,0.0,0,two_ankles,accepted,0.8836244344711304,2.877703905105591,0.1026946271237248
469,15.633333333333333,detected,2,6,0.7770073413848877,ankle_midpoint,974.0552978515625,592.74169921875,0.9800300002098083,0.9538972973823547,3.126739025115967,1.1932932138442993,3.179198242298529,1.177589239217998,0.0,0,two_ankles,accepted,3.126739025115967,1.1932932138442993,0.06412327901423522
469,15.633333333333333,detected,3,1,0.9265231490135193,ankle_midpoint,1050.8612060546875,886.8483276367188,0.9892259240150452,0.9865776300430298,3.5482804775238037,10.891817092895508,3.5082155927422844,10.893328963851635,0.0,0,two_ankles,accepted,3.5482804775238037,10.891817092895508,0.04396093529341594
469,15.633333333333333,detected,4,20,0.9289395213127136,ankle_midpoint,719.4620361328125,912.987060546875,0.9947522878646851,0.9702616930007935,1.7011703252792358,11.460026741027832,1.7369844708434057,11.460724810616943,0.0,0,two_ankles,accepted,1.7011703252792358,11.460026741027832,0.039929641064206836
470,15.666666666666666,detected,1,3,0.8418808579444885,ankle_midpoint,720.53857421875,625.743896484375,0.9768995642662048,0.9930822849273682,0.9793159365653992,2.8667290210723877,0.8826098542350327,2.8304087168244223,0.0,0,two_ankles,accepted,0.9793159365653992,2.8667290210723877,0.09631880217589765
470,15.666666666666666,detected,2,6,0.7714309692382812,ankle_midpoint,969.679931640625,594.3185424804688,0.9905595183372498,0.9648003578186035,3.0872392654418945,1.2763437032699585,3.1378167027130437,1.2220287480413803,0.0,0,two_ankles,accepted,3.0872392654418945,1.2763437032699585,0.09196529132314535
470,15.666666666666666,detected,3,1,0.9198266863822937,ankle_midpoint,1055.683349609375,885.2725830078125,0.9836120009422302,0.9836295247077942,3.5768253803253174,10.858194351196289,3.5390899971546497,10.87751838815673,0.0,0,two_ankles,accepted,3.5768253803253174,10.858194351196289,0.0441055578733593
470,15.666666666666666,detected,4,20,0.9293435215950012,ankle_midpoint,715.1961669921875,911.4352416992188,0.995107889175415,0.9726075530052185,1.6749855279922485,11.430133819580078,1.709084946560385,11.446958864650355,0.0,0,two_ankles,accepted,1.6749855279922485,11.430133819580078,0.039739531472353866
471,15.7,detected,1,3,0.8518775701522827,ankle_midpoint,725.1942138671875,625.4345703125,0.9780830144882202,0.9939901828765869,1.017463207244873,2.851492404937744,0.943293863089461,2.8398963764754175,0.0,0,two_ankles,accepted,1.017463207244873,2.851492404937744,0.041077594032848705
471,15.7,detected,2,6,0.7940443754196167,ankle_midpoint,965.56005859375,595.6322021484375,0.9942686557769775,0.972644567489624,3.0502610206604004,1.34525728225708,3.0984166457893547,1.2774815884384454,0.0,0,two_ankles,accepted,3.0502610206604004,1.34525728225708,0.07820787655942554
471,15.7,detected,3,1,0.9223604202270508,ankle_midpoint,1058.791015625,886.07568359375,0.9935005307197571,0.9913074374198914,3.5941097736358643,10.874663352966309,3.563848896571196,10.876233622321042,0.0,0,two_ankles,accepted,3.5941097736358643,10.874663352966309,0.023874217713143693
471,15.7,detected,4,20,0.9291241765022278,ankle_midpoint,713.1026611328125,911.8676147460938,0.9952014684677124,0.9730799794197083,1.6641438007354736,11.438857078552246,1.688861430939175,11.443313060906206,0.0,0,two_ankles,accepted,1.6641438007354736,11.438857078552246,0.013915397838574534
472,15.733333333333333,detected,1,3,0.8787527680397034,ankle_midpoint,736.6229248046875,628.3496704101562,0.9826440215110779,0.9934205412864685,1.1245914697647095,2.9818055629730225,1.024877786093323,2.90375551039934,0.0,0,two_ankles,accepted,1.1245914697647095,2.9818055629730225,0.16869494298184048
472,15.733333333333333,detected,2,6,0.8304131627082825,ankle_midpoint,959.8955078125,594.6616821289062,0.9958518743515015,0.9790911078453064,2.999297618865967,1.2965822219848633,3.0538130836738304,1.2860768735343335,0.0,0,two_ankles,accepted,2.999297618865967,1.2965822219848633,0.0704736107700238
472,15.733333333333333,detected,3,1,0.9236446619033813,ankle_midpoint,1063.4019775390625,886.410400390625,0.9933431148529053,0.9898826479911804,3.620270252227783,10.881110191345215,3.5892385066166606,10.87842807838192,0.0,0,two_ankles,accepted,3.620270252227783,10.881110191345215,0.02694313206073095
472,15.733333333333333,detected,4,20,0.9246670603752136,ankle_midpoint,709.9581298828125,913.3427734375,0.9947420358657837,0.973086416721344,1.6493059396743774,11.468083381652832,1.6710614598700162,11.45445970524219,0.0,0,two_ankles,accepted,1.6493059396743774,11.468083381652832,0.03277710960099615
473,15.766666666666667,detected,1,3,0.8819564580917358,ankle_midpoint,749.2474365234375,631.5763549804688,0.9875275492668152,0.9968333840370178,1.2416406869888306,3.1244547367095947,1.1224210914963013,3.003070162238955,0.0,0,two_ankles,accepted,1.2416406869888306,3.1244547367095947,0.18452454042892577
473,15.766666666666667,detected,2,6,0.8651721477508545,ankle_midpoint,952.8844604492188,594.3389892578125,0.9920904636383057,0.9728929400444031,2.9362027645111084,1.2816561460494995,3.0008884400506055,1.2840875461661583,0.0,0,two_ankles,accepted,2.9362027645111084,1.2816561460494995,0.0648363199826227
473,15.766666666666667,detected,3,1,0.9181891083717346,ankle_midpoint,1065.27197265625,885.4945068359375,0.9902361035346985,0.9860893487930298,3.631598711013794,10.861674308776855,3.6083005985953704,10.870888882059642,0.0,0,two_ankles,accepted,3.631598711013794,10.861674308776855,0.0224963888141497
473,15.766666666666667,detected,4,20,0.9190495014190674,ankle_midpoint,711.2373046875,916.03759765625,0.994259238243103,0.9748579859733582,1.660975456237793,11.520391464233398,1.6665227582355158,11.484128996788234,0.0,0,two_ankles,accepted,1.660975456237793,11.520391464233398,0.05359396533266767
474,15.8,detected,1,3,0.8869335651397705,ankle_midpoint,752.8186645507812,633.5157470703125,0.9889883399009705,0.9975687861442566,1.2778782844543457,3.2102959156036377,1.1923768283274212,3.096321751253062,0.0,0,two_ankles,accepted,1.2778782844543457,3.2102959156036377,0.09317656070059571
474,15.8,detected,2,6,0.8703360557556152,ankle_midpoint,949.5879516601562,594.4091796875,0.994017481803894,0.9742685556411743,2.906585931777954,1.2861249446868896,2.958452311327912,1.2850043755004874,0.0,0,two_ankles,accepted,2.906585931777954,1.2861249446868896,0.02995207743054194
474,15.8,detected,3,1,0.917646050453186,ankle_midpoint,1066.758544921875,885.1002197265625,0.9908993244171143,0.9865508079528809,3.6403887271881104,10.853209495544434,3.6227402564621034,10.862933158127799,0.0,0,two_ankles,accepted,3.6403887271881104,10.853209495544434,0.01220317366116407
474,15.8,detected,4,20,0.9160791039466858,ankle_midpoint,712.1756591796875,916.3118896484375,0.9942441582679749,0.9756717085838318,1.6666035652160645,11.525603294372559,1.6665591213767628,11.50279243070118,0.0,0,two_ankles,accepted,1.6666035652160645,11.525603294372559,0.007670644306103514
475,15.833333333333334,detected,1,3,0.9016736149787903,ankle_midpoint,762.558837890625,635.2315673828125,0.9895037412643433,0.997748076915741,1.3643791675567627,3.284275770187378,1.2697778809806248,3.1809010597735043,0.0,0,two_ankles,accepted,1.3643791675567627,3.284275770187378,0.11382188568869064
475,15.833333333333334,detected,2,6,0.8719776272773743,ankle_midpoint,945.9825439453125,594.0639038085938,0.995442271232605,0.9750712513923645,2.8740344047546387,1.2691527605056763,2.920464253369939,1.2778711487528225,0.0,0,two_ankles,accepted,2.8740344047546387,1.2691527605056763,0.03671044738804833
475,15.833333333333334,detected,3,1,0.9148272275924683,ankle_midpoint,1070.313232421875,884.4666748046875,0.9914217591285706,0.9875681400299072,3.66121768951416,10.839447021484375,3.640055101335529,10.852364396638258,0.0,0,two_ankles,accepted,3.66121768951416,10.839447021484375,0.024965002780568395
475,15.833333333333334,detected,4,20,0.9122718572616577,ankle_midpoint,711.1591186523438,918.9205322265625,0.994100034236908,0.9771719574928284,1.66544508934021,11.57614517211914,1.666057806960314,11.535801164339265,0.0,0,two_ankles,accepted,1.66544508934021,11.57614517211914,0.05055515277897379
476,15.866666666666667,detected,1,3,0.8957210183143616,ankle_midpoint,769.5692138671875,636.8930053710938,0.9824031591415405,0.9970616698265076,1.427586317062378,3.3560171127319336,1.340791677217414,3.2597032836047974,0.0,0,two_ankles,accepted,1.427586317062378,3.3560171127319336,0.09561361816561734
476,15.866666666666667,detected,2,6,0.8757160305976868,ankle_midpoint,943.154541015625,594.517822265625,0.9958053827285767,0.9783153533935547,2.8488001823425293,1.2933757305145264,2.8882154214076046,1.2848482105455892,0.0,0,two_ankles,accepted,2.8488001823425293,1.2933757305145264,0.034978825834974143
476,15.866666666666667,detected,3,1,0.9147216081619263,ankle_midpoint,1074.48388671875,884.7351684570312,0.9953846335411072,0.9911620616912842,3.684931516647339,10.844582557678223,3.660249488225844,10.848862569106242,0.0,0,two_ankles,accepted,3.684931516647339,10.844582557678223,0.024263539092650974
476,15.866666666666667,detected,4,20,0.9098588228225708,ankle_midpoint,708.9661865234375,921.3675537109375,0.9937834739685059,0.9840152263641357,1.6575902700424194,11.62341022491455,1.6622474153472615,11.575225241598144,0.0,0,two_ankles,accepted,1.6575902700424194,11.62341022491455,0.047913290452168404
477,15.9,detected,1,3,0.8729128837585449,ankle_midpoint,775.1092529296875,637.6199951171875,0.9885255694389343,0.9964805245399475,1.4755752086639404,3.3867287635803223,1.401444266368351,3.3168647495937837,0.0,0,two_ankles,accepted,1.4755752086639404,3.3867287635803223,0.056974899868098484
477,15.9,detected,2,6,0.8379130363464355,ankle_midpoint,942.400390625,593.5508422851562,0.9955059289932251,0.9771341681480408,2.84157133102417,1.2434412240982056,2.867225580735059,1.2662150666442666,0.0,0,two_ankles,accepted,2.84157133102417,1.2434412240982056,0.05045504159570706
477,15.9,detected,3,1,0.9116535186767578,ankle_midpoint,1079.52783203125,884.7704467773438,0.9887425899505615,0.9781994223594666,3.713819980621338,10.84470272064209,3.6843562098038163,10.846990637297374,0.0,0,two_ankles,accepted,3.713819980621338,10.84470272064209,0.028888713884749607
477,15.9,detected,4,20,0.9137768149375916,ankle_midpoint,708.4217529296875,921.75048828125,0.9937942028045654,0.9861546158790588,1.6552655696868896,11.630805015563965,1.6591055848000942,11.600236139882764,0.0,0,two_ankles,accepted,1.6552655696868896,11.630805015563965,0.0077515908361872376
478,15.933333333333334,detected,1,3,0.8633022904396057,ankle_midpoint,781.9246215820312,636.8466796875,0.9852797985076904,0.9963827133178711,1.5297794342041016,3.3512420654296875,1.459195091894439,3.332334541719941,0.0,0,two_ankles,accepted,1.5297794342041016,3.3512420654296875,0.06478737386283628
478,15.933333333333334,detected,2,6,0.8356246948242188,ankle_midpoint,939.9335327148438,594.62353515625,0.9936308264732361,0.9766412377357483,2.819905996322632,1.2996587753295898,2.845931767749467,1.281264735552662,0.0,0,two_ankles,accepted,2.819905996322632,1.2996587753295898,0.060247819829293295
478,15.933333333333334,detected,3,1,0.9048026204109192,ankle_midpoint,1081.3253173828125,886.39697265625,0.9914957284927368,0.9815508127212524,3.72281551361084,10.87862777709961,3.701662896516977,10.861227350208381,0.0,0,two_ankles,accepted,3.72281551361084,10.87862777709961,0.03509742254655042
478,15.933333333333334,detected,4,20,0.9171555042266846,ankle_midpoint,709.164306640625,922.4315185546875,0.9901565313339233,0.9829853177070618,1.6604763269424438,11.643743515014648,1.6597224187641517,11.619814458692112,0.0,0,two_ankles,accepted,1.6604763269424438,11.643743515014648,0.013948360448871773
479,15.966666666666667,detected,1,3,0.8668012022972107,ankle_midpoint,785.613037109375,635.216796875,0.9840661287307739,0.997426450252533,1.5558364391326904,3.2784903049468994,1.5026836981516523,3.3081046351720724,0.0,0,two_ankles,accepted,1.5558364391326904,3.2784903049468994,0.0772773327644884
479,15.966666666666667,detected,2,6,0.852767288684845,ankle_midpoint,938.250244140625,594.08447265625,0.9965919256210327,0.9814372062683105,2.804490804672241,1.2721781730651855,2.8272833343647155,1.2771757824332977,0.0,0,two_ankles,accepted,2.804490804672241,1.2721781730651855,0.03150891357112548
479,15.966666666666667,detected,3,1,0.903903603553772,ankle_midpoint,1090.0802001953125,885.9391479492188,0.9935287833213806,0.976403534412384,3.7733023166656494,10.867953300476074,3.73390063558388,10.864254027828842,0.0,0,two_ankles,accepted,3.7733023166656494,10.867953300476074,0.05160292369509239
479,15.966666666666667,detected,4,20,0.9193245768547058,ankle_midpoint,709.2550659179688,922.4381103515625,0.9936834573745728,0.9872053861618042,1.6609829664230347,11.643858909606934,1.6602896652106491,11.630634461603783,0.0,0,two_ankles,accepted,1.6609829664230347,11.643858909606934,0.0005196147373025458
480,16.0,detected,1,3,0.8488680124282837,ankle_midpoint,788.728759765625,634.664794921875,0.9786990880966187,0.9958018660545349,1.5802192687988281,3.253336191177368,1.5375747049428816,3.2834588353744554,0.0,0,two_ankles,accepted,1.5802192687988281,3.253336191177368,0.03503215411673119
480,16.0,detected,2,6,0.8412730097770691,ankle_midpoint,936.2669677734375,592.59033203125,0.996729850769043,0.9810190796852112,2.7857909202575684,1.1950238943099976,2.8086117480164994,1.2402074327778128,0.0,0,two_ankles,accepted,2.7857909202575684,1.1950238943099976,0.0793880873138746
480,16.0,detected,3,1,0.909048318862915,ankle_midpoint,1092.42333984375,885.3170166015625,0.993118405342102,0.9738205671310425,3.787266969680786,10.854604721069336,3.757915485927488,10.859911839787065,0.0,0,two_ankles,accepted,3.787266969680786,10.854604721069336,0.01931828424087306
480,16.0,detected,4,20,0.9196409583091736,ankle_midpoint,709.4158935546875,922.5621337890625,0.9938068985939026,0.988125205039978,1.662070631980896,11.646209716796875,1.6610911002572601,11.637643326440674,0.0,0,two_ankles,accepted,1.662070631980896,11.646209716796875,0.002590233736564715
481,16.033333333333335,detected,1,3,0.8525068163871765,ankle_midpoint,794.7545166015625,634.313720703125,0.9903483390808105,0.9984571933746338,1.6294084787368774,3.2364087104797363,1.5788999031501798,3.262286279171832,0.0,0,two_ankles,accepted,1.6294084787368774,3.2364087104797363,0.052020361178082834
481,16.033333333333335,detected,2,6,0.7784031629562378,ankle_midpoint,932.13134765625,591.1083984375,0.9909674525260925,0.9639976024627686,2.7475168704986572,1.1186068058013916,2.7811190531334704,1.1854871506384232,0.0,0,two_ankles,accepted,2.7475168704986572,1.1186068058013916,0.08546621730882747
481,16.033333333333335,detected,3,1,0.8943367004394531,ankle_midpoint,1094.9501953125,885.6796875,0.9957864880561829,0.9813934564590454,3.801417112350464,10.861909866333008,3.7774912178178273,10.860810951732741,0.0,0,two_ankles,accepted,3.801417112350464,10.861909866333008,0.015924562314097744
481,16.033333333333335,detected,4,20,0.9189757108688354,ankle_midpoint,708.8031005859375,923.4464111328125,0.9940245747566223,0.9895527362823486,1.6602224111557007,11.663153648376465,1.6607001901615583,11.649122971311781,0.0,0,two_ankles,accepted,1.6602224111557007,11.663153648376465,0.017044434211569114
