frame,time_sec,status,player_id,raw_track_id,person_conf,ground_method,ground_pixel_x,ground_pixel_y,left_ankle_conf,right_ankle_conf,raw_x_m,raw_y_m,stable_x_m,stable_y_m,match_cost,missing_frames,ground_quality,ground_status,corrected_x_m,corrected_y_m,ground_speed_m_per_frame
0,0.0,detected,1,5,0.6050149202346802,ankle_midpoint,975.0980224609375,630.2435302734375,0.44219309091567993,0.45312318205833435,3.1322381496429443,3.0134778022766113,3.1322381496429443,3.0134778022766113,0.0,0,two_ankles,accepted,3.1322381496429443,3.0134778022766113,
0,0.0,detected,2,3,0.8227924108505249,ankle_midpoint,1116.53759765625,642.7735595703125,0.9772547483444214,0.954749345779419,4.2936601638793945,3.5362770557403564,4.2936601638793945,3.5362770557403564,0.0,0,two_ankles,accepted,4.2936601638793945,3.5362770557403564,
0,0.0,detected,3,4,0.6546443700790405,ankle_midpoint,942.5966796875,782.8738403320312,0.9234086275100708,0.9216738343238831,2.9073445796966553,8.409024238586426,2.9073445796966553,8.409024238586426,0.0,0,two_ankles,accepted,2.9073445796966553,8.409024238586426,
0,0.0,detected,4,1,0.9129979610443115,ankle_midpoint,986.7835693359375,866.77392578125,0.9950768351554871,0.9925498962402344,3.1847052574157715,10.469255447387695,3.1847052574157715,10.469255447387695,0.0,0,two_ankles,accepted,3.1847052574157715,10.469255447387695,
1,0.03333333333333333,detected,1,5,0.6280869245529175,ankle_midpoint,978.710205078125,629.4370727539062,0.5326477885246277,0.5400446653366089,3.1627116203308105,2.9761483669281006,3.145951211452484,2.9966795563697817,0.0,0,two_ankles,accepted,3.1627116203308105,2.9761483669281006,0.04818837161808733
1,0.03333333333333333,detected,2,3,0.814049243927002,ankle_midpoint,1116.03564453125,640.9605712890625,0.9807173609733582,0.9593805074691772,4.293480396270752,3.457653284072876,4.293579268455506,3.5008963584899906,0.0,0,two_ankles,accepted,4.293480396270752,3.457653284072876,0.0786239771800767
1,0.03333333333333333,detected,3,4,0.6599913835525513,ankle_midpoint,942.2422485351562,781.1998291015625,0.9151134490966797,0.9210631251335144,2.904599666595459,8.36279296875,2.906109368801117,8.388220167160036,0.0,0,two_ankles,accepted,2.904599666595459,8.36279296875,0.04631268572023794
1,0.03333333333333333,detected,4,1,0.9128447771072388,ankle_midpoint,986.54541015625,866.6640625,0.9950588941574097,0.9921625256538391,3.183324098587036,10.466869354248047,3.1840837359428407,10.468181705474855,0.0,0,two_ankles,accepted,3.183324098587036,10.466869354248047,0.002756998400665286
2,0.06666666666666667,detected,1,5,0.6370956301689148,ankle_midpoint,979.6198120117188,630.0777587890625,0.5814725756645203,0.5866631269454956,3.1702587604522705,3.004957437515259,3.156889608502388,3.0004046028852462,0.0,0,two_ankles,accepted,3.1702587604522705,3.004957437515259,0.029781233555862232
2,0.06666666666666667,detected,2,3,0.8790653944015503,ankle_midpoint,1115.482421875,639.0283203125,0.9820727109909058,0.9704659581184387,4.2931365966796875,3.3732950687408447,4.293380066156388,3.443475778102875,0.0,0,two_ankles,accepted,4.2931365966796875,3.3732950687408447,0.0843589159020205
2,0.06666666666666667,detected,3,4,0.5963954925537109,ankle_midpoint,941.0631103515625,777.427490234375,0.9153068661689758,0.918051540851593,2.8958492279052734,8.257853507995605,2.9014923053979875,8.329555170536043,0.0,0,two_ankles,accepted,2.8958492279052734,8.257853507995605,0.10530365900904777
2,0.06666666666666667,detected,4,1,0.912519633769989,ankle_midpoint,986.4318237304688,866.6499633789062,0.9950778484344482,0.9923267960548401,3.1826603412628174,10.466573715209961,3.18344320833683,10.467458109855654,0.0,0,two_ankles,accepted,3.1826603412628174,10.466573715209961,0.0007266197260564932
3,0.1,detected,1,5,0.6349084973335266,ankle_midpoint,975.661376953125,629.7344360351562,0.6005039811134338,0.6145244836807251,3.1370253562927246,2.9903151988983154,3.14795069500804,2.9958643710911277,0.0,0,two_ankles,accepted,3.1370253562927246,2.9903151988983154,0.036316033700656655
3,0.1,detected,2,3,0.8791568875312805,ankle_midpoint,1115.356201171875,638.4931640625,0.9809170961380005,0.9711922407150269,4.293264389038086,3.349821090698242,4.293328011453152,3.40133116877079,0.0,0,two_ankles,accepted,4.293264389038086,3.349821090698242,0.023474325890884516
3,0.1,detected,3,4,0.637722373008728,ankle_midpoint,946.3084716796875,783.1424560546875,0.9283831119537354,0.9034311771392822,2.93176007270813,8.415864944458008,2.9151128006875515,8.368394568800928,0.0,0,two_ankles,accepted,2.93176007270813,8.415864944458008,0.1620407443434109
3,0.1,detected,4,1,0.9120749831199646,ankle_midpoint,986.409423828125,866.3528442382812,0.9951779842376709,0.9927005767822266,3.182568311691284,10.460038185119629,3.1830495048463345,10.464119143724442,0.0,0,two_ankles,accepted,3.182568311691284,10.460038185119629,0.006536178011932661
4,0.13333333333333333,detected,1,5,0.5113605856895447,ankle_midpoint,973.491943359375,611.9498291015625,0.4380192756652832,0.41730424761772156,3.120112895965576,2.158200979232788,3.1406004889160397,2.9915263790100814,0.17810332012433316,0,two_ankles,corrected_motion_outlier,3.1316169036924837,2.986224388688803,0.8322860721433988
4,0.13333333333333333,detected,2,3,0.8809793591499329,ankle_midpoint,1116.214599609375,637.5945434570312,0.9829102158546448,0.9749869108200073,4.3023681640625,3.3100643157958984,4.297396080127359,3.3602610849320893,0.0,0,two_ankles,accepted,4.3023681640625,3.3100643157958984,0.04078578024668371
4,0.13333333333333333,detected,3,4,0.7935914993286133,ankle_midpoint,941.0402221679688,780.0003662109375,0.9481945633888245,0.9324063062667847,2.8963775634765625,8.329676628112793,2.9066819439426066,8.350971495491269,0.0,0,two_ankles,accepted,2.8963775634765625,8.329676628112793,0.09316838430468127
4,0.13333333333333333,detected,4,1,0.911756157875061,ankle_midpoint,986.61767578125,865.78173828125,0.9949002861976624,0.9924697279930115,3.183865785598755,10.447428703308105,3.183416831184924,10.456608445537093,0.0,0,two_ankles,accepted,3.183865785598755,10.447428703308105,0.012676058933900067
5,0.16666666666666666,detected,1,5,0.482105016708374,ankle_midpoint,971.8829956054688,614.779541015625,0.5156054496765137,0.4383361041545868,3.105982542037964,2.2947986125946045,3.1341240718953314,2.9872996187712255,0.03763249103338162,0,two_ankles,corrected_motion_outlier,3.126208451092243,2.98213357847929,0.3481045023194985
5,0.16666666666666666,detected,2,3,0.8838080763816833,ankle_midpoint,1115.26953125,636.528076171875,0.9830585718154907,0.9749627709388733,4.296872138977051,3.263150215148926,4.297160306609721,3.3165611935296657,0.0,0,two_ankles,accepted,4.296872138977051,3.263150215148926,0.04723493549539543
5,0.16666666666666666,detected,3,4,0.8185362815856934,ankle_midpoint,941.1896362304688,780.3815307617188,0.9423637986183167,0.9234690070152283,2.8974616527557373,8.340248107910156,2.9025328129085155,8.34614597107977,0.0,0,two_ankles,accepted,2.8974616527557373,8.340248107910156,0.010626920281590605
5,0.16666666666666666,detected,4,1,0.9099504947662354,ankle_midpoint,986.48388671875,865.936279296875,0.994490385055542,0.9920780062675476,3.1830601692199707,10.450852394104004,3.183256333300695,10.454018222392204,0.0,0,two_ankles,accepted,3.1830601692199707,10.450852394104004,0.00351719723866675
6,0.2,detected,1,5,0.5689271688461304,ankle_midpoint,975.6093139648438,614.8970336914062,0.6508464813232422,0.5983448624610901,3.1381912231445312,2.2995386123657227,3.1359542899574713,2.6778071658887495,0.028727002758832776,0,two_ankles,accepted,3.1381912231445312,2.2995386123657227,0.23025919012836546
6,0.2,detected,2,3,0.900115966796875,ankle_midpoint,1112.090087890625,635.90478515625,0.9813565015792847,0.9749882817268372,4.2717695236206055,3.2362334728240967,4.2857344542646185,3.28041371921216,0.0,0,two_ankles,accepted,4.2717695236206055,3.2362334728240967,0.03680560168119644
6,0.2,detected,3,4,0.7694725394248962,ankle_midpoint,945.2118530273438,785.4239501953125,0.923027515411377,0.8578978180885315,2.925070285797119,8.478710174560547,2.912674675708387,8.40579986264612,0.0,0,two_ankles,accepted,2.925070285797119,8.478710174560547,0.1411877491835283
6,0.2,detected,4,1,0.9095678925514221,ankle_midpoint,986.4373168945312,865.9356689453125,0.9942578077316284,0.9924387335777283,3.1827869415283203,10.450845718383789,3.1830451070031267,10.452590595588418,0.0,0,two_ankles,accepted,3.1827869415283203,10.450845718383789,0.0002733092327840167
7,0.23333333333333334,detected,1,5,0.5140269994735718,ankle_midpoint,980.521240234375,617.6065673828125,0.6212343573570251,0.5700693130493164,3.1801421642303467,2.427403450012207,3.1558388333802654,2.5651254937443055,0.0,0,two_ankles,accepted,3.1801421642303467,2.427403450012207,0.13457079238953512
7,0.23333333333333334,detected,2,3,0.8951389789581299,ankle_midpoint,1108.90771484375,636.1115112304688,0.9740884304046631,0.9764000177383423,4.244826793670654,3.2461118698120117,4.267326006997335,3.264977886982093,0.0,0,two_ankles,accepted,4.244826793670654,3.2461118698120117,0.028696575130263278
7,0.23333333333333334,detected,3,4,0.8407374024391174,ankle_midpoint,943.8150634765625,785.2340087890625,0.9351325035095215,0.9021040797233582,2.9158928394317627,8.473719596862793,2.914122849383906,8.436363743043623,0.0,0,two_ankles,accepted,2.9158928394317627,8.473719596862793,0.010446596936146857
7,0.23333333333333334,detected,4,1,0.905536949634552,ankle_midpoint,986.755126953125,865.990478515625,0.9928939938545227,0.9932212829589844,3.1846442222595215,10.45201301574707,3.1837647088685044,10.452330684659813,0.0,0,two_ankles,accepted,3.1846442222595215,10.45201301574707,0.002193644193759443
8,0.26666666666666666,detected,1,5,0.5035434365272522,ankle_midpoint,975.265869140625,637.075439453125,0.5012576580047607,0.518720269203186,3.1329760551452637,3.318450450897217,3.1723941086395153,2.4989387696876744,0.2523803958227224,0,two_ankles,corrected_motion_outlier,3.192628333956376,2.418043884729569,0.8922944579186831
8,0.26666666666666666,detected,2,3,0.8837379813194275,ankle_midpoint,1109.0943603515625,638.02587890625,0.981562614440918,0.9841911792755127,4.242337703704834,3.3306503295898438,4.256081270515709,3.294530486155581,0.0,0,two_ankles,accepted,4.242337703704834,3.3306503295898438,0.08457509533229077
8,0.26666666666666666,detected,3,4,0.8405810594558716,ankle_midpoint,945.8603515625,787.5809326171875,0.9355767965316772,0.8862487077713013,2.9297709465026855,8.537496566772461,2.921164493087357,8.4818735137216,0.0,0,two_ankles,accepted,2.9297709465026855,8.537496566772461,0.06526947025011534
8,0.26666666666666666,detected,4,1,0.9050775170326233,ankle_midpoint,986.712646484375,866.11962890625,0.9930146932601929,0.9925185441970825,3.184377670288086,10.454863548278809,3.1840405415073163,10.453470473288363,0.0,0,two_ankles,accepted,3.184377670288086,10.454863548278809,0.0028629679823523055
9,0.3,detected,1,5,0.5815913081169128,ankle_midpoint,978.8319091796875,629.1036987304688,0.5815551280975342,0.5994837284088135,3.163787364959717,2.960996150970459,3.168521073983606,2.7068645912649276,0.0,0,two_ankles,accepted,3.163787364959717,2.960996150970459,0.2669216411117245
9,0.3,detected,2,3,0.8356386423110962,ankle_midpoint,1112.077392578125,642.6600952148438,0.9778696894645691,0.9822777509689331,4.257209300994873,3.5323398113250732,4.256588884231333,3.4015446824818527,0.0,0,two_ankles,accepted,4.257209300994873,3.5323398113250732,0.20223701799765187
9,0.3,detected,3,4,0.6086911559104919,ankle_midpoint,946.1119384765625,791.9827270507812,0.9374575018882751,0.8670186996459961,2.9323318004608154,8.656510353088379,2.926189781405413,8.560460091436651,0.0,0,two_ankles,accepted,2.9323318004608154,8.656510353088379,0.11904133444415789
9,0.3,detected,4,1,0.906563401222229,ankle_midpoint,986.8780517578125,866.206787109375,0.9926757216453552,0.9927958846092224,3.185335874557495,10.456762313842773,3.1846234413798973,10.454951801537849,0.0,0,two_ankles,accepted,3.185335874557495,10.456762313842773,0.002126844161854063
10,0.3333333333333333,detected,1,5,0.5777010321617126,ankle_midpoint,980.2088623046875,630.7587890625,0.5245507955551147,0.5427501201629639,3.1750900745391846,3.0355920791625977,3.1714771242336166,2.854791960818879,0.0,0,two_ankles,accepted,3.1750900745391846,3.0355920791625977,0.07544735745328991
10,0.3333333333333333,detected,2,3,0.8723932504653931,ankle_midpoint,1109.71875,640.2276611328125,0.9736376404762268,0.9639018177986145,4.242882251739502,3.427069664001465,4.25042089961001,3.413030924165678,0.0,0,two_ankles,accepted,4.242882251739502,3.427069664001465,0.10624061491680122
10,0.3333333333333333,detected,3,4,0.6410315036773682,ankle_midpoint,947.7509765625,793.47509765625,0.9322470426559448,0.8651255965232849,2.943236827850342,8.696293830871582,2.933860952305631,8.62158527418237,0.0,0,two_ankles,accepted,2.943236827850342,8.696293830871582,0.04125099667757055
10,0.3333333333333333,detected,4,1,0.9066852927207947,ankle_midpoint,987.339111328125,865.076416015625,0.9929935336112976,0.99379962682724,3.188197374343872,10.431772232055664,3.186231711213686,10.444520995270867,0.0,0,two_ankles,accepted,3.188197374343872,10.431772232055664,0.025153376885695706
11,0.36666666666666664,detected,1,5,0.5280768871307373,ankle_midpoint,978.5809326171875,634.735107421875,0.49266713857650757,0.52287757396698,3.160830497741699,3.2140791416168213,3.166686142312254,3.0164711921779532,0.0,0,two_ankles,accepted,3.160830497741699,3.2140791416168213,0.17905576503978113
11,0.36666666666666664,detected,2,3,0.8579053282737732,ankle_midpoint,1104.7998046875,638.380859375,0.9741992950439453,0.9608429670333862,4.205985069274902,3.3472204208374023,4.230424775959212,3.3834161976679544,0.0,0,two_ankles,accepted,4.205985069274902,3.3472204208374023,0.08796194465619515
11,0.36666666666666664,detected,3,4,0.7886534929275513,ankle_midpoint,947.623046875,792.480224609375,0.9415298104286194,0.8977975249290466,2.9422173500061035,8.669647216796875,2.9376213312708437,8.643213148358898,0.0,0,two_ankles,accepted,2.9422173500061035,8.669647216796875,0.026666109141028946
11,0.36666666666666664,detected,4,1,0.9030066132545471,ankle_midpoint,987.69482421875,864.387451171875,0.9931122660636902,0.9938887357711792,3.19038462638855,10.416495323181152,3.188100523042375,10.431909442830497,0.0,0,two_ankles,accepted,3.19038462638855,10.416495323181152,0.015432693098324797
12,0.4,detected,1,5,0.6119633913040161,ankle_midpoint,975.5672607421875,633.20263671875,0.49109455943107605,0.5063124299049377,3.135873794555664,3.1464147567749023,3.1528205858217886,3.0749457962465803,0.0,0,two_ankles,accepted,3.135873794555664,3.1464147567749023,0.07212008049046512
12,0.4,detected,2,3,0.8556978702545166,ankle_midpoint,1099.052734375,638.878662109375,0.9685903191566467,0.9525146484375,4.1573686599731445,3.370359182357788,4.197549523765482,3.37754054077838,0.0,0,two_ankles,accepted,4.1573686599731445,3.370359182357788,0.05384196818554581
12,0.4,detected,3,4,0.7797943353652954,ankle_midpoint,941.6060791015625,781.379638671875,0.9628759622573853,0.9170428514480591,2.900460958480835,8.36787223815918,2.941548120942911,8.667865458368308,0.0,0,two_ankles,corrected_motion_outlier,2.9463475305421043,8.697996059490917,0.30465018293937224
12,0.4,detected,4,1,0.9070755243301392,ankle_midpoint,990.2552490234375,861.1351318359375,0.9872180819511414,0.9880470037460327,3.2059645652770996,10.34389877319336,3.196139342048001,10.392304641493785,0.0,0,two_ankles,accepted,3.2059645652770996,10.34389877319336,0.07424953579586252
13,0.43333333333333335,detected,1,5,0.6022427678108215,ankle_midpoint,978.42138671875,629.0875244140625,0.5340391397476196,0.5309051871299744,3.1603331565856934,2.960355043411255,3.1562012426655457,3.023379957470684,0.0,0,two_ankles,accepted,3.1603331565856934,2.960355043411255,0.18766053748158854
13,0.43333333333333335,detected,2,3,0.834021806716919,ankle_midpoint,1098.965087890625,642.862548828125,0.9802180528640747,0.9749999642372131,4.148943901062012,3.5439677238464355,4.175676993548921,3.452432773159005,0.0,0,two_ankles,accepted,4.148943901062012,3.5439677238464355,0.17381283681168702
13,0.43333333333333335,detected,3,4,0.8408547043800354,ankle_midpoint,947.1083984375,776.1888427734375,0.9630667567253113,0.9032740592956543,2.9355764389038086,8.222152709960938,2.938860864025315,8.467294721584992,0.0,0,two_ankles,accepted,2.9355764389038086,8.222152709960938,0.22377189018541152
13,0.43333333333333335,detected,4,1,0.9099673628807068,ankle_midpoint,989.111572265625,857.3427124023438,0.993498682975769,0.995191216468811,3.1998021602630615,10.25900936126709,3.1977876102447786,10.332321765391773,0.0,0,two_ankles,accepted,3.1998021602630615,10.25900936126709,0.08511279276786136
14,0.4666666666666667,detected,1,5,0.7067360877990723,ankle_midpoint,971.0240478515625,620.538330078125,0.4046920835971832,0.39730367064476013,3.098348617553711,2.567760944366455,3.159320042226292,2.980903145483598,0.0,0,two_ankles,corrected_motion_outlier,3.163131908356093,2.9289870419438264,0.397457179685819
14,0.4666666666666667,detected,2,3,0.7005864381790161,ankle_midpoint,1099.435302734375,643.48583984375,0.986084520816803,0.9846514463424683,4.151611804962158,3.5707995891571045,4.164847658684877,3.50569784035815,0.0,0,two_ankles,accepted,4.151611804962158,3.5707995891571045,0.026964174514905816
14,0.4666666666666667,detected,3,4,0.8287572264671326,ankle_midpoint,946.896728515625,776.8233032226562,0.9651688933372498,0.9109079837799072,2.9343068599700928,8.240010261535645,2.9368115622004654,8.365016714562787,0.0,0,two_ankles,accepted,2.9343068599700928,8.240010261535645,0.017902624916817548
14,0.4666666666666667,detected,4,1,0.9103107452392578,ankle_midpoint,992.3531494140625,853.20166015625,0.9902334213256836,0.9922376275062561,3.21978497505188,10.16477108001709,3.2076864244079744,10.256923956973166,0.0,0,two_ankles,accepted,3.21978497505188,10.16477108001709,0.0963336210252595
15,0.5,detected,1,5,0.7782486081123352,ankle_midpoint,974.2340087890625,611.959716796875,0.622343122959137,0.6356348991394043,3.126563310623169,2.1585018634796143,3.1622948202813825,2.943425298230358,0.09016483943687237,0,two_ankles,corrected_motion_outlier,3.1659306601264925,2.8976190404763975,0.4012819846014822
15,0.5,detected,2,3,0.7618298530578613,ankle_midpoint,1098.702392578125,641.6439819335938,0.988925039768219,0.9922188520431519,4.14912223815918,3.4911928176879883,4.157771219448314,3.4991705801565773,0.0,0,two_ankles,accepted,4.14912223815918,3.4911928176879883,0.07964569044589034
15,0.5,detected,3,4,0.7694808840751648,ankle_midpoint,954.2281494140625,771.2113037109375,0.9651245474815369,0.8316258788108826,2.9820539951324463,8.08005428314209,2.957170657019857,8.236783620423473,0.0,0,two_ankles,accepted,2.9820539951324463,8.08005428314209,0.16693023674592747
15,0.5,detected,4,1,0.908793568611145,ankle_midpoint,992.5814208984375,848.3300170898438,0.9944856762886047,0.9954202175140381,3.2220516204833984,10.053069114685059,3.214150762641915,10.165189277943519,0.0,0,two_ankles,accepted,3.2220516204833984,10.053069114685059,0.11172496023964625
16,0.5333333333333333,detected,1,5,0.8276598453521729,ankle_midpoint,976.7553100585938,608.852294921875,0.8388109803199768,0.8514564633369446,3.148892402648926,2.0066168308258057,3.165190386508362,2.9086968815807333,0.20986305817531092,0,two_ankles,corrected_motion_outlier,3.168729411896892,2.866251039008969,0.31793561000728315
16,0.5333333333333333,detected,2,3,0.7511365413665771,ankle_midpoint,1100.8411865234375,636.0484619140625,0.9943774342536926,0.9949198365211487,4.177799224853516,3.245114326477051,4.166783821880655,3.3848452660007906,0.0,0,two_ankles,accepted,4.177799224853516,3.245114326477051,0.2477438059821447
16,0.5333333333333333,detected,3,4,0.8014280200004578,ankle_midpoint,951.4593505859375,772.57177734375,0.9228689074516296,0.6086586713790894,2.9638025760650635,8.119226455688477,2.9601550205902,8.183882896292726,0.0,0,two_ankles,accepted,2.9638025760650635,8.119226455688477,0.043215430114452384
16,0.5333333333333333,detected,4,1,0.9102389216423035,ankle_midpoint,995.3746948242188,847.2846069335938,0.994274914264679,0.9951474070549011,3.239036798477173,10.028548240661621,3.2253494787677814,10.103700811166664,0.0,0,two_ankles,accepted,3.239036798477173,10.028548240661621,0.02982900491725278
17,0.5666666666666667,detected,1,5,0.831396758556366,ankle_midpoint,974.4469604492188,607.9002685546875,0.8991898894309998,0.9039929509162903,3.128795623779297,1.9604687690734863,3.148812743280283,2.481994230952472,0.22545781329873382,0,two_ankles,accepted,3.128795623779297,1.9604687690734863,0.25009587881257883
17,0.5666666666666667,detected,2,3,0.8336931467056274,ankle_midpoint,1099.904541015625,637.9486694335938,0.9878169894218445,0.9934026598930359,4.166250228881836,3.329287528991699,4.166543705031186,3.3598442843467,0.0,0,two_ankles,accepted,4.166250228881836,3.329287528991699,0.08496179923663276
17,0.5666666666666667,detected,3,4,0.8055357336997986,ankle_midpoint,949.7650146484375,776.5789794921875,0.8710340261459351,0.4737990200519562,2.9532508850097656,8.232707023620605,2.9570481595790046,8.205853753590272,0.0,0,two_ankles,accepted,2.9532508850097656,8.232707023620605,0.11397007274861667
17,0.5666666666666667,detected,4,1,0.908843994140625,ankle_midpoint,996.4832763671875,849.3798217773438,0.994097113609314,0.9953420162200928,3.245244026184082,10.076738357543945,3.2343020251051167,10.091567707036441,0.0,0,two_ankles,accepted,3.245244026184082,10.076738357543945,0.04858823973903038
18,0.6,detected,1,5,0.8480530381202698,ankle_midpoint,974.6634521484375,613.115234375,0.9433724284172058,0.9603822827339172,3.1301848888397217,2.214198112487793,3.1404302087820306,2.3614859776433663,0.0,0,two_ankles,accepted,3.1301848888397217,2.214198112487793,0.25373314676420045
18,0.6,detected,2,3,0.799587070941925,ankle_midpoint,1103.2091064453125,637.2000732421875,0.988103449344635,0.9965156316757202,4.1951799392700195,3.295544147491455,4.1794300104386615,3.3309092227618398,0.0,0,two_ankles,accepted,4.1951799392700195,3.295544147491455,0.0444470914483186
18,0.6,detected,3,4,0.7642436027526855,ankle_midpoint,932.8618774414062,779.69970703125,0.8802909255027771,0.6052529215812683,2.842386245727539,8.322566032409668,2.905450298345845,8.258374279059002,0.0,0,two_ankles,accepted,2.842386245727539,8.322566032409668,0.1427081276722914
18,0.6,detected,4,1,0.9140867590904236,ankle_midpoint,1001.0634765625,852.661376953125,0.9783576726913452,0.9858121871948242,3.2718729972839355,10.151312828063965,3.2512089625855856,10.11845301149883,0.0,0,two_ankles,accepted,3.2718729972839355,10.151312828063965,0.07918619674651697
19,0.6333333333333333,detected,1,5,0.8556966185569763,ankle_midpoint,978.2181396484375,611.9568481445312,0.9751010537147522,0.980402946472168,3.1612000465393066,2.1574089527130127,3.149776635772805,2.2696513164247074,0.0,0,two_ankles,accepted,3.1612000465393066,2.1574089527130127,0.06470663547933586
19,0.6333333333333333,detected,2,3,0.7815268635749817,ankle_midpoint,1110.6075439453125,644.5265502929688,0.9559265375137329,0.9821617603302002,4.2412238121032715,3.6132094860076904,4.190662761074251,3.302293238063095,0.0,0,two_ankles,corrected_motion_outlier,4.20439167851775,3.267318145653518,0.3209848992088554
19,0.6333333333333333,detected,3,4,0.786216676235199,ankle_midpoint,928.3370361328125,782.732666015625,0.9206785559654236,0.6871284246444702,2.8137192726135254,8.40730094909668,2.8641713367663013,8.325391280575957,0.0,0,two_ankles,accepted,2.8137192726135254,8.40730094909668,0.0894527889642039
19,0.6333333333333333,detected,4,1,0.9155110716819763,ankle_midpoint,999.6253662109375,856.844970703125,0.9810361862182617,0.9874575734138489,3.26229190826416,10.246417999267578,3.256196288140944,10.176037255994768,0.0,0,two_ankles,accepted,3.26229190826416,10.246417999267578,0.09558656211243008
20,0.6666666666666666,detected,1,5,0.8519507646560669,ankle_midpoint,980.8819580078125,611.0993041992188,0.9823814034461975,0.9857805371284485,3.18453049659729,2.1151978969573975,3.1654158731438233,2.200147277664418,0.0,0,two_ankles,accepted,3.18453049659729,2.1151978969573975,0.0482294840104237
20,0.6666666666666666,detected,2,3,0.8168430924415588,ankle_midpoint,1113.2880859375,647.00244140625,0.966355562210083,0.985582709312439,4.257985591888428,3.718653678894043,4.220958034940631,3.4896554364370216,0.0,0,two_ankles,accepted,4.257985591888428,3.718653678894043,0.21387275747774753
20,0.6666666666666666,detected,3,4,0.7687848806381226,ankle_midpoint,939.3358764648438,782.0303955078125,0.8688747882843018,0.5530231595039368,2.885712146759033,8.386228561401367,2.873864701263031,8.352768056947392,0.0,0,two_ankles,accepted,2.885712146759033,8.386228561401367,0.07501346179794988
20,0.6666666666666666,detected,4,1,0.9147616624832153,ankle_midpoint,998.4483032226562,858.783447265625,0.982984185218811,0.9887035489082336,3.2548632621765137,10.290203094482422,3.2555964264569504,10.227411883314213,0.0,0,two_ankles,accepted,3.2548632621765137,10.290203094482422,0.044410802128180916
21,0.7,detected,1,5,0.8672091960906982,ankle_midpoint,982.91650390625,611.5096435546875,0.9849085807800293,0.9865716695785522,3.2021522521972656,2.13461971282959,3.1819472437178726,2.1706598734887455,0.0,0,two_ankles,accepted,3.2021522521972656,2.13461971282959,0.026224667818651487
21,0.7,detected,2,3,0.8296672701835632,ankle_midpoint,1113.3099365234375,655.1016845703125,0.9655041694641113,0.9885461926460266,4.241404056549072,4.059051036834717,4.245260814440801,3.6177684156030385,0.0,0,two_ankles,corrected_motion_outlier,4.274964211607673,3.7743509456948368,0.3408009809363839
21,0.7,detected,3,4,0.7917546629905701,ankle_midpoint,943.899658203125,778.9879150390625,0.9050042033195496,0.6349456310272217,2.914980411529541,8.301039695739746,2.8923667708829606,8.329490294403952,0.0,0,two_ankles,accepted,2.914980411529541,8.301039695739746,0.09007649058100717
21,0.7,detected,4,1,0.9066948294639587,ankle_midpoint,998.5489501953125,858.0111694335938,0.9715000987052917,0.9728979468345642,3.2556352615356445,10.272833824157715,3.255613902242363,10.24785175669379,0.0,0,two_ankles,accepted,3.2556352615356445,10.272833824157715,0.01738641810791535
22,0.7333333333333333,detected,1,5,0.849420428276062,ankle_midpoint,983.7258911132812,613.5027465820312,0.985140323638916,0.9876018166542053,3.2087056636810303,2.230696201324463,3.193988532701294,2.1976762210148184,0.0,0,two_ankles,accepted,3.2087056636810303,2.230696201324463,0.09629973438998163
22,0.7333333333333333,detected,2,3,0.7845643758773804,ankle_midpoint,1116.0704345703125,660.4285888671875,0.9122234582901001,0.963344931602478,4.252648830413818,4.277133941650391,4.248585421628659,3.9144829023243473,0.0,0,two_ankles,accepted,4.252648830413818,4.277133941650391,0.2792528804289385
22,0.7333333333333333,detected,3,4,0.7659408450126648,ankle_midpoint,928.4445190429688,781.1461181640625,0.949637234210968,0.8401451110839844,2.8138210773468018,8.36341381072998,2.8570212087916893,8.344755876750664,0.0,0,two_ankles,accepted,2.8138210773468018,8.36341381072998,0.11884334694508608
22,0.7333333333333333,detected,4,1,0.9097784161567688,ankle_midpoint,997.9981079101562,857.9757690429688,0.9761985540390015,0.9735949635505676,3.252378225326538,10.27210807800293,3.2541578476302417,10.258767101282903,0.0,0,two_ankles,accepted,3.252378225326538,10.27210807800293,0.0033369135962167083
23,0.7666666666666667,detected,1,5,0.8638730049133301,ankle_midpoint,983.9476318359375,612.975341796875,0.9832619428634644,0.9853716492652893,3.210758924484253,2.2052392959594727,3.2015352090036258,2.201079604739913,0.0,0,two_ankles,accepted,3.210758924484253,2.2052392959594727,0.025539575381907178
23,0.7666666666666667,detected,2,3,0.794948935508728,ankle_midpoint,1115.587158203125,664.11962890625,0.9507610201835632,0.9820485711097717,4.241336345672607,4.426385879516602,4.245323337448436,4.144839242060862,0.0,0,two_ankles,accepted,4.241336345672607,4.426385879516602,0.14968003630357463
23,0.7666666666666667,detected,3,4,0.8071193695068359,ankle_midpoint,936.2403564453125,783.6443481445312,0.8923758864402771,0.6353946924209595,2.86586856842041,8.431219100952148,2.8610025206246137,8.383664327641332,0.0,0,two_ankles,accepted,2.86586856842041,8.431219100952148,0.08547805981168369
23,0.7666666666666667,detected,4,1,0.9104799628257751,ankle_midpoint,998.1197509765625,856.7513427734375,0.9777539968490601,0.9728129506111145,3.2533750534057617,10.244501113891602,3.2538055902292258,10.252347406956819,0.0,0,two_ankles,accepted,3.2533750534057617,10.244501113891602,0.02762495490790325
24,0.8,detected,1,5,0.872135579586029,ankle_midpoint,982.3804931640625,614.2186889648438,0.9787974953651428,0.9797002673149109,3.196883201599121,2.265420436859131,3.199441805671599,2.2300329791935614,0.0,0,two_ankles,accepted,3.196883201599121,2.265420436859131,0.061760063192725805
24,0.8,detected,2,3,0.8121356964111328,ankle_midpoint,1105.4658203125,671.153564453125,0.9760973453521729,0.9937141537666321,4.1481614112854,4.707457542419434,4.2016004706750705,4.398017477222219,0.0,0,two_ankles,accepted,4.1481614112854,4.707457542419434,0.29611289753238307
24,0.8,detected,3,4,0.8248292803764343,ankle_midpoint,945.87841796875,785.4279174804688,0.8686033487319946,0.5909394025802612,2.929429531097412,8.478718757629395,2.8917946753373736,8.42643882113596,0.0,0,two_ankles,accepted,2.929429531097412,8.478718757629395,0.07934868216223559
24,0.8,detected,4,1,0.9107341170310974,ankle_midpoint,995.4335327148438,854.6180419921875,0.9887933135032654,0.9866965413093567,3.2378649711608887,10.19657039642334,3.246632311648474,10.227247752216755,0.0,0,two_ankles,accepted,3.2378649711608887,10.19657039642334,0.05037773643451098
25,0.8333333333333334,detected,1,5,0.8429713845252991,ankle_midpoint,982.50048828125,613.106201171875,0.9572045803070068,0.9573648571968079,3.198171854019165,2.211892604827881,3.198870327428004,2.221869810729005,0.0,0,two_ankles,accepted,3.198171854019165,2.211892604827881,0.05354334157507727
25,0.8333333333333334,detected,2,3,0.8331572413444519,ankle_midpoint,1104.91796875,670.11572265625,0.9603709578514099,0.9882038831710815,4.145762920379639,4.666825771331787,4.176473573042126,4.518981209571525,0.0,0,two_ankles,accepted,4.145762920379639,4.666825771331787,0.04070250091018888
25,0.8333333333333334,detected,3,4,0.8454338908195496,ankle_midpoint,937.623046875,784.8765869140625,0.9109064936637878,0.6951666474342346,2.875291585922241,8.464860916137695,2.8843682851005643,8.443728763886742,0.0,0,two_ankles,accepted,2.875291585922241,8.464860916137695,0.0558834222162429
25,0.8333333333333334,detected,4,1,0.9062427878379822,ankle_midpoint,994.7325439453125,851.5662841796875,0.9940364360809326,0.9840585589408875,3.2343063354492188,10.127128601074219,3.2410856223588094,10.182194134202614,0.0,0,two_ankles,accepted,3.2343063354492188,10.127128601074219,0.06953291903435084
26,0.8666666666666667,detected,1,5,0.8155669569969177,ankle_midpoint,980.2464599609375,614.375,0.9520222544670105,0.9543614387512207,3.178379535675049,2.2734267711639404,3.189649471139174,2.2450704429247264,0.0,0,two_ankles,accepted,3.178379535675049,2.2734267711639404,0.0646389162355673
26,0.8666666666666667,detected,2,3,0.8174250721931458,ankle_midpoint,1104.6416015625,670.0,0.9648948907852173,0.9887648820877075,4.1438069343566895,4.662330150604248,4.16177358563368,4.583488233036251,0.0,0,two_ankles,accepted,4.1438069343566895,4.662330150604248,0.004902702014996582
26,0.8666666666666667,detected,3,4,0.85355144739151,ankle_midpoint,940.989501953125,783.1185302734375,0.9099987745285034,0.7378935217857361,2.8968617916107178,8.416015625,2.889990363030133,8.43125785138771,0.0,0,two_ankles,accepted,2.8968617916107178,8.416015625,0.05339603206015783
26,0.8666666666666667,detected,4,1,0.9030659198760986,ankle_midpoint,993.41650390625,852.0399780273438,0.9940574169158936,0.9845777153968811,3.2263495922088623,10.138131141662598,3.2344544087913336,10.162365787559608,0.0,0,two_ankles,accepted,3.2263495922088623,10.138131141662598,0.013578131771045795
27,0.9,detected,1,5,0.8527126908302307,ankle_midpoint,973.6419677734375,616.3399047851562,0.9640573263168335,0.9663519859313965,3.1210694313049316,2.368872880935669,3.158788453213765,2.300781540029651,0.0,0,two_ankles,accepted,3.1210694313049316,2.368872880935669,0.11133017530512819
27,0.9,detected,2,3,0.8412403464317322,ankle_midpoint,1100.9615478515625,670.0380859375,0.9658706784248352,0.9910827875137329,4.1148810386657715,4.664572238922119,4.140671939498121,4.619976035684892,0.0,0,two_ankles,accepted,4.1148810386657715,4.664572238922119,0.029012659332556895
27,0.9,detected,3,4,0.8660914301872253,ankle_midpoint,937.3007202148438,782.6376953125,0.9513714909553528,0.8200522661209106,2.872521162033081,8.403314590454102,2.88212922258146,8.418683383967586,0.0,0,two_ankles,accepted,2.872521162033081,8.403314590454102,0.027455100195989617
27,0.9,detected,4,1,0.9059392809867859,ankle_midpoint,993.3038330078125,853.7315673828125,0.9956218600273132,0.9871599674224854,3.2253544330596924,10.176708221435547,3.2303594197120953,10.168819882803781,0.0,0,two_ankles,accepted,3.2253544330596924,10.176708221435547,0.03858991352077203
28,0.9333333333333333,detected,1,5,0.8678624033927917,ankle_midpoint,967.272216796875,618.887451171875,0.9571171402931213,0.96073317527771,3.066216468811035,2.4910500049591064,3.117131060232537,2.386402349247906,0.0,0,two_ankles,accepted,3.066216468811035,2.4910500049591064,0.13392571496540626
28,0.9333333333333333,detected,2,3,0.8587629795074463,ankle_midpoint,1101.9599609375,671.8681640625,0.9794502258300781,0.9940793514251709,4.1194539070129395,4.73613166809082,4.13112382487979,4.67224607026756,0.0,0,two_ankles,accepted,4.1194539070129395,4.73613166809082,0.07170539050776371
28,0.9333333333333333,detected,3,4,0.883582353591919,ankle_midpoint,935.6757202148438,776.2268676757812,0.9166251420974731,0.7474762201309204,2.859837770462036,8.224989891052246,2.8720980691277194,8.331521312155683,0.0,0,two_ankles,accepted,2.859837770462036,8.224989891052246,0.17877518518660962
28,0.9333333333333333,detected,4,1,0.9092547297477722,ankle_midpoint,995.134765625,853.1802978515625,0.9898793697357178,0.9706975221633911,3.236379861831665,10.163919448852539,3.233068618665902,10.166614687525723,0.0,0,two_ankles,accepted,3.236379861831665,10.163919448852539,0.01688528305317192
29,0.9666666666666667,detected,1,5,0.8577120304107666,ankle_midpoint,966.845703125,617.2567138671875,0.9541174173355103,0.9611610174179077,3.0625057220458984,2.41403865814209,3.09254965804855,2.3988386882502892,0.0,0,two_ankles,accepted,3.0625057220458984,2.41403865814209,0.07710069506901858
29,0.9666666666666667,detected,2,3,0.8580285310745239,ankle_midpoint,1101.3892822265625,670.077880859375,0.9840339422225952,0.9939157366752625,4.1181640625,4.666050910949707,4.125291931808885,4.669458248574527,0.0,0,two_ankles,accepted,4.1181640625,4.666050910949707,0.07009262600544554
29,0.9666666666666667,detected,3,4,0.8843917846679688,ankle_midpoint,933.8170166015625,775.0509033203125,0.9339122176170349,0.8023096323013306,2.8471288681030273,8.192161560058594,2.860861928666608,8.268809423711993,0.0,0,two_ankles,accepted,2.8471288681030273,8.192161560058594,0.035202493022506436
29,0.9666666666666667,detected,4,1,0.906983494758606,ankle_midpoint,997.1907958984375,853.6904296875,0.9891228079795837,0.9685105681419373,3.248530864715576,10.175263404846191,3.2400266293882556,10.170506610319935,0.0,0,two_ankles,accepted,3.248530864715576,10.175263404846191,0.016623243025075993
30,1.0,detected,1,5,0.8394526839256287,ankle_midpoint,965.622802734375,624.8250732421875,0.9497308731079102,0.9563050270080566,3.0523645877838135,2.7682628631591797,3.0682476190648043,2.4150173920531066,0.0,0,two_ankles,corrected_motion_outlier,3.038545126973559,2.434791363367661,0.3543693412586802
30,1.0,detected,2,3,0.856421709060669,ankle_midpoint,1100.7236328125,665.3580932617188,0.9860041737556458,0.9909771680831909,4.12135648727417,4.479051113128662,4.123520981768264,4.583775037623888,0.0,0,two_ankles,accepted,4.12135648727417,4.479051113128662,0.18702704606834383
30,1.0,detected,3,4,0.8831747174263,ankle_midpoint,926.880859375,776.817626953125,0.9602051973342896,0.8674675226211548,2.8018105030059814,8.242940902709961,2.834288787119326,8.257168589261079,0.0,0,two_ankles,accepted,2.8018105030059814,8.242940902709961,0.0680609716002799
30,1.0,detected,4,1,0.9095247983932495,ankle_midpoint,1003.115966796875,857.755615234375,0.9819644689559937,0.96041339635849,3.282773733139038,10.266489028930664,3.2592628260761076,10.213698698694763,0.0,0,two_ankles,accepted,3.282773733139038,10.266489028930664,0.09744069235934258
31,1.0333333333333334,detected,1,5,0.8427537083625793,ankle_midpoint,969.067626953125,621.1995849609375,0.9594432711601257,0.9675571322441101,3.081610918045044,2.59916090965271,3.074261103605912,2.497881974972928,0.0,0,two_ankles,accepted,3.081610918045044,2.59916090965271,0.09305274917825784
31,1.0333333333333334,detected,2,3,0.8633548021316528,ankle_midpoint,1098.139404296875,659.9593505859375,0.9834912419319153,0.9852644801139832,4.110528945922852,4.2617645263671875,4.117674565637829,4.438870307558373,0.0,0,two_ankles,accepted,4.110528945922852,4.2617645263671875,0.21755619144985588
31,1.0333333333333334,detected,3,4,0.8787162899971008,ankle_midpoint,930.6958618164062,779.9017333984375,0.9511328935623169,0.8604607582092285,2.828181505203247,8.328518867492676,2.8315405102570907,8.289276214465298,0.0,0,two_ankles,accepted,2.828181505203247,8.328518867492676,0.08954896880053824
31,1.0333333333333334,detected,4,1,0.9049561619758606,ankle_midpoint,1006.0164794921875,858.942626953125,0.9815974235534668,0.9567626714706421,3.2996344566345215,10.292795181274414,3.277430059827394,10.249292115855607,0.0,0,two_ankles,accepted,3.2996344566345215,10.292795181274414,0.03124576207942014
32,1.0666666666666667,detected,1,5,0.8501800298690796,ankle_midpoint,971.2891845703125,619.9686889648438,0.9683513641357422,0.9737722873687744,3.1006391048431396,2.540980339050293,3.0861312041626645,2.5172762388077423,0.0,0,two_ankles,accepted,3.1006391048431396,2.540980339050293,0.06121315780488744
32,1.0666666666666667,detected,2,3,0.8772211670875549,ankle_midpoint,1098.059326171875,658.829345703125,0.984012246131897,0.9857672452926636,4.1119208335876465,4.215671062469482,4.115085386215247,4.338430647268373,0.0,0,two_ankles,accepted,4.1119208335876465,4.215671062469482,0.046114474575348355
32,1.0666666666666667,detected,3,4,0.8793488144874573,ankle_midpoint,930.3330688476562,782.50341796875,0.9410556554794312,0.8337379097938538,2.8267362117767334,8.400670051574707,2.82937857594093,8.339403441164531,0.0,0,two_ankles,accepted,2.8267362117767334,8.400670051574707,0.0721656582976133
32,1.0666666666666667,detected,4,1,0.9047057628631592,ankle_midpoint,1006.2939453125,858.8267822265625,0.9815826416015625,0.9599117040634155,3.3013105392456055,10.29015827178955,3.288176275565589,10.267681886025883,0.0,0,two_ankles,accepted,3.3013105392456055,10.29015827178955,0.0031245070892126398
33,1.1,detected,1,5,0.8656842708587646,ankle_midpoint,973.512451171875,620.0185546875,0.9724469184875488,0.9780117273330688,3.119673252105713,2.542802333831787,3.1012251257370362,2.528762981568563,0.0,0,two_ankles,accepted,3.119673252105713,2.542802333831787,0.019121151298944223
33,1.1,detected,2,3,0.8993761539459229,ankle_midpoint,1095.82861328125,659.9173583984375,0.9834513664245605,0.9839468002319336,4.092166423797607,4.260534763336182,4.104771853127309,4.303377499498887,0.0,0,two_ankles,accepted,4.092166423797607,4.260534763336182,0.04902028520530515
33,1.1,detected,3,4,0.8590677976608276,ankle_midpoint,929.08642578125,786.746826171875,0.9540391564369202,0.837154746055603,2.8201282024383545,8.517300605773926,2.825215907864771,8.419457165238759,0.0,0,two_ankles,accepted,2.8201282024383545,8.517300605773926,0.11681760124327585
33,1.1,detected,4,1,0.896938145160675,ankle_midpoint,1000.8443603515625,859.5025634765625,0.9888626337051392,0.9670459032058716,3.2688755989074707,10.306022644042969,3.279490971069436,10.284935227133573,0.0,0,two_ankles,accepted,3.2688755989074707,10.306022644042969,0.03610683677274125
34,1.1333333333333333,detected,1,5,0.8642300367355347,ankle_midpoint,969.7510986328125,618.9112548828125,0.9805375933647156,0.9866393208503723,3.087484836578369,2.491590976715088,3.0950419956156363,2.5120355793844995,0.0,0,two_ankles,accepted,3.087484836578369,2.491590976715088,0.06048716551380998
34,1.1333333333333333,detected,2,3,0.8982383012771606,ankle_midpoint,1094.469482421875,662.2750244140625,0.9847532510757446,0.9859122633934021,4.0772271156311035,4.356449604034424,4.092376721254016,4.327259946539879,0.0,0,two_ankles,accepted,4.0772271156311035,4.356449604034424,0.09707131190348128
34,1.1333333333333333,detected,3,4,0.8377146124839783,ankle_midpoint,933.995849609375,785.9660034179688,0.944587767124176,0.8241503834724426,2.851912021636963,8.495238304138184,2.8372291590622574,8.453558677743501,0.0,0,two_ankles,accepted,2.851912021636963,8.495238304138184,0.03869051972145503
34,1.1333333333333333,detected,4,1,0.90328449010849,ankle_midpoint,1001.48095703125,860.1084594726562,0.9877334833145142,0.9668583273887634,3.2724907398223877,10.31950855255127,3.2763408670082645,10.300493223571536,0.0,0,two_ankles,accepted,3.2724907398223877,10.31950855255127,0.013962054724465389
35,1.1666666666666667,detected,1,5,0.878058671951294,ankle_midpoint,974.1875610351562,611.1563720703125,0.9855905771255493,0.9905176758766174,3.1262309551239014,2.1195759773254395,3.088274906846739,2.49675529909013,0.0,0,two_ankles,corrected_motion_outlier,3.080004020573642,2.478079400952566,0.37402730043838317
35,1.1666666666666667,detected,2,3,0.8967586755752563,ankle_midpoint,1095.9189453125,662.653076171875,0.9846135377883911,0.9865007996559143,4.088083744049072,4.37141227722168,4.090444881511791,4.3471284953466895,0.0,0,two_ankles,accepted,4.088083744049072,4.37141227722168,0.018486426629137177
35,1.1666666666666667,detected,3,4,0.8392619490623474,ankle_midpoint,929.1304321289062,785.94189453125,0.9380043745040894,0.7990692853927612,2.8201181888580322,8.495314598083496,2.8295292224703563,8.4723488418965,0.0,0,two_ankles,accepted,2.8201181888580322,8.495314598083496,0.03179392431803123
35,1.1666666666666667,detected,4,1,0.9052102565765381,ankle_midpoint,1000.7096557617188,859.9703369140625,0.9856216311454773,0.9688307046890259,3.2679648399353027,10.316516876220703,3.272571654825432,10.307703867263662,0.0,0,two_ankles,accepted,3.2679648399353027,10.316516876220703,0.005425301563488148
36,1.2,detected,1,5,0.8624331951141357,ankle_midpoint,974.32275390625,611.4168701171875,0.9848794341087341,0.9879869818687439,3.1273841857910156,2.1321823596954346,3.1058740823716637,2.332697476362517,0.0,0,two_ankles,accepted,3.1273841857910156,2.1321823596954346,0.1808082631239323
36,1.2,detected,2,3,0.9039994478225708,ankle_midpoint,1096.568359375,662.9708862304688,0.9846455454826355,0.9861695766448975,4.0926833152771,4.384092807769775,4.091452176706181,4.363762435937079,0.0,0,two_ankles,accepted,4.0926833152771,4.384092807769775,0.01348895512865564
36,1.2,detected,3,4,0.7909431457519531,ankle_midpoint,887.5999755859375,785.1751098632812,0.9274508953094482,0.7681966423988342,2.548274278640747,8.480619430541992,2.7029644977470326,8.476070606786973,0.0,0,two_ankles,accepted,2.548274278640747,8.480619430541992,0.27224081154613144
36,1.2,detected,4,1,0.9094717502593994,ankle_midpoint,1000.8756103515625,859.1920166015625,0.982925295829773,0.9714525938034058,3.269136667251587,10.299056053161621,3.271025910417202,10.303812350917745,0.0,0,two_ankles,accepted,3.269136667251587,10.299056053161621,0.01750010060427541
37,1.2333333333333334,detected,1,5,0.8548864126205444,ankle_midpoint,984.7030029296875,615.278564453125,0.9740042686462402,0.9816949367523193,3.21671462059021,2.3156301975250244,3.1557523245700096,2.325017200885646,0.0,0,two_ankles,accepted,3.21671462059021,2.3156301975250244,0.2040417501046406
37,1.2333333333333334,detected,2,3,0.9046398997306824,ankle_midpoint,1096.3526611328125,662.8800048828125,0.9853301048278809,0.9854089617729187,4.091130256652832,4.38047456741333,4.091307312682174,4.371282895101392,0.0,0,two_ankles,accepted,4.091130256652832,4.38047456741333,0.003937468014780743
37,1.2333333333333334,detected,3,4,0.7707734704017639,ankle_midpoint,898.5659790039062,785.0894775390625,0.9153848886489868,0.7144164443016052,2.61991286277771,8.476613998413086,2.6655912620108375,8.476315133018725,0.0,0,two_ankles,accepted,2.61991286277771,8.476613998413086,0.07175047194052445
37,1.2333333333333334,detected,4,1,0.9150362014770508,ankle_midpoint,996.225830078125,856.1242065429688,0.9850430488586426,0.9791818857192993,3.242263078689575,10.230582237243652,3.25808263613977,10.270858799764405,0.0,0,two_ankles,accepted,3.242263078689575,10.230582237243652,0.07355850208213975
38,1.2666666666666666,detected,1,5,0.8414003252983093,ankle_midpoint,988.5035400390625,615.6871337890625,0.9667413234710693,0.9801909923553467,3.2494211196899414,2.3342444896698,3.197903282373979,2.329169480838515,0.0,0,two_ankles,accepted,3.2494211196899414,2.3342444896698,0.037632525232992015
38,1.2666666666666666,detected,2,3,0.9042996168136597,ankle_midpoint,1096.793701171875,662.88525390625,0.985732913017273,0.9852232933044434,4.0946221351623535,4.3805952072143555,4.092798982798255,4.375473435552226,0.0,0,two_ankles,accepted,4.0946221351623535,4.3805952072143555,0.0034939618611040143
38,1.2666666666666666,detected,3,4,0.7757241725921631,ankle_midpoint,911.0067138671875,783.08837890625,0.9187191724777222,0.662169337272644,2.7001843452453613,8.419746398925781,2.6811581494663734,8.4508592026769,0.0,0,two_ankles,accepted,2.7001843452453613,8.419746398925781,0.09837395371236717
38,1.2666666666666666,detected,4,1,0.9163150787353516,ankle_midpoint,993.0271606445312,856.38330078125,0.9866798520088196,0.9810143709182739,3.2232089042663574,10.23685359954834,3.242389456796735,10.255556459667176,0.0,0,two_ankles,accepted,3.2232089042663574,10.23685359954834,0.020059699601615716
39,1.3,detected,1,5,0.8432276844978333,ankle_midpoint,986.0645751953125,616.6841430664062,0.9602563977241516,0.9790393710136414,3.2280843257904053,2.3823161125183105,3.211484751911371,2.3530854650944235,0.0,0,two_ankles,accepted,3.2280843257904053,2.3823161125183105,0.05259410325502986
39,1.3,detected,2,3,0.8998062014579773,ankle_midpoint,1095.1650390625,661.1240844726562,0.9831884503364563,0.9821948409080505,4.0847601890563965,4.309718608856201,4.0891815256144195,4.345883763539015,0.0,0,two_ankles,accepted,4.0847601890563965,4.309718608856201,0.0715594171008954
39,1.3,detected,3,4,0.7416272163391113,ankle_midpoint,909.084716796875,783.066162109375,0.8715615272521973,0.770058274269104,2.6875665187835693,8.419426918029785,2.6840419156591118,8.4367146745857,0.0,0,two_ankles,accepted,2.6875665187835693,8.419426918029785,0.012621870410632676
39,1.3,detected,4,1,0.915542721748352,ankle_midpoint,986.5418701171875,857.4952392578125,0.9894819259643555,0.9820958375930786,3.184537649154663,10.262779235839844,3.2163561433578027,10.258806708944878,0.0,0,two_ankles,accepted,3.184537649154663,10.262779235839844,0.04655754062483423
40,1.3333333333333333,detected,1,5,0.8260654807090759,ankle_midpoint,990.3355712890625,628.3588256835938,0.9406750202178955,0.9776061773300171,3.2609024047851562,2.9245150089263916,3.225148699502119,2.3790652978496656,0.0,0,two_ankles,corrected_motion_outlier,3.24184907989081,2.410818426772739,0.5431911906272475
40,1.3333333333333333,detected,2,3,0.8816039562225342,ankle_midpoint,1093.948974609375,658.809326171875,0.9858125448226929,0.983697235584259,4.079097270965576,4.215710163116455,4.0846436110224404,4.287305643348863,0.0,0,two_ankles,accepted,4.079097270965576,4.215710163116455,0.09417885384578709
40,1.3333333333333333,detected,3,4,0.6787970662117004,ankle_midpoint,910.94970703125,784.14599609375,0.8782944679260254,0.74761563539505,2.7003843784332275,8.448853492736816,2.691396023907464,8.442177142753703,0.0,0,two_ankles,accepted,2.7003843784332275,8.448853492736816,0.03209705321344667
40,1.3333333333333333,detected,4,1,0.9066035747528076,ankle_midpoint,977.2177124023438,860.0762329101562,0.9933494925498962,0.9911167621612549,3.1290736198425293,10.321924209594727,3.17707900777593,10.28720958423731,0.0,0,two_ankles,accepted,3.1290736198425293,10.321924209594727,0.08108259041251095
41,1.3666666666666667,detected,1,5,0.8137240409851074,ankle_midpoint,994.8461303710938,630.4669189453125,0.9581678509712219,0.9852635860443115,3.2980902194976807,3.019102096557617,3.2388580100222124,2.4061802472795417,0.0,0,two_ankles,corrected_motion_outlier,3.255613833991215,2.439320741027167,0.3203112605820557
41,1.3666666666666667,detected,2,3,0.8698338270187378,ankle_midpoint,1093.27490234375,656.6506958007812,0.9861356019973755,0.9827657341957092,4.077466011047363,4.127261161804199,4.0814136910336565,4.215285626653765,0.0,0,two_ankles,accepted,4.077466011047363,4.127261161804199,0.08846404265042496
41,1.3666666666666667,detected,3,4,0.6435955762863159,ankle_midpoint,907.2604370117188,784.7960205078125,0.868171751499176,0.7301425933837891,2.6765997409820557,8.467253684997559,2.6847376965910303,8.453461586763439,0.0,0,two_ankles,accepted,2.6765997409820557,8.467253684997559,0.030071183114669175
41,1.3666666666666667,detected,4,1,0.9017412066459656,ankle_midpoint,973.3276977539062,861.91455078125,0.9930524230003357,0.9906643629074097,3.106018304824829,10.363452911376953,3.145101691447935,10.32151908145015,0.0,0,two_ankles,accepted,3.106018304824829,10.363452911376953,0.0474992697026228
42,1.4,detected,1,5,0.7558464407920837,ankle_midpoint,995.834716796875,622.12890625,0.9487936496734619,0.9821106791496277,3.309920310974121,2.6363072395324707,3.2708360454505714,2.50973739379336,0.0,0,two_ankles,accepted,3.309920310974121,2.6363072395324707,0.08894981173730161
42,1.4,detected,2,3,0.8591936826705933,ankle_midpoint,1089.3817138671875,656.7493896484375,0.9803696274757385,0.9767990708351135,4.0460591316223145,4.132143020629883,4.065504139298553,4.177871453943018,0.0,0,two_ankles,accepted,4.0460591316223145,4.132143020629883,0.03178403090882999
42,1.4,detected,3,4,0.6532604098320007,ankle_midpoint,906.6951904296875,781.8482666015625,0.8118562698364258,0.5945508480072021,2.6711831092834473,8.386173248291016,2.678638132302618,8.423181834450848,0.0,0,two_ankles,accepted,2.6711831092834473,8.386173248291016,0.081261166097233
42,1.4,detected,4,1,0.9003217816352844,ankle_midpoint,969.0726928710938,869.68798828125,0.9910458922386169,0.9892788529396057,3.080913543701172,10.53534984588623,3.116217024961892,10.417742925446387,0.0,0,two_ankles,accepted,3.080913543701172,10.53534984588623,0.17372047986568157
43,1.4333333333333333,detected,1,5,0.7121137380599976,ankle_midpoint,995.2529907226562,614.719482421875,0.931878924369812,0.9597364664077759,3.3081140518188477,2.2863731384277344,3.2967465447326827,2.588365285463624,0.0,0,two_ankles,corrected_motion_outlier,3.3284149327441512,2.6844660419495012,0.3499387627687391
43,1.4333333333333333,detected,2,3,0.8413988947868347,ankle_midpoint,1086.355224609375,652.0403442382812,0.9887487888336182,0.9868703484535217,4.029610633850098,3.9372642040252686,4.049352061846749,4.069598191480031,0.0,0,two_ankles,accepted,4.029610633850098,3.9372642040252686,0.19557174192653062
43,1.4333333333333333,detected,3,4,0.328225702047348,ankle_midpoint,914.9127197265625,779.7689819335938,0.9058042764663696,0.8524115681648254,2.724113941192627,8.327245712280273,2.6991022463031222,8.380010579474089,0.0,0,two_ankles,accepted,2.724113941192627,8.327245712280273,0.07920939001718895
43,1.4333333333333333,detected,4,1,0.8949955701828003,ankle_midpoint,968.0535888671875,874.7132568359375,0.9915204644203186,0.9862175583839417,3.0749917030334473,10.644454002380371,3.0976656300940917,10.51976291006668,0.0,0,two_ankles,accepted,3.0749917030334473,10.644454002380371,0.10926474802603009
44,1.4666666666666666,detected,1,5,0.7286619544029236,ankle_midpoint,994.2366333007812,613.166015625,0.9001533389091492,0.9374606609344482,3.299969434738159,2.2119743824005127,3.2981968452351476,2.418989379085224,0.0,0,two_ankles,accepted,3.299969434738159,2.2119743824005127,0.2122247591467794
44,1.4666666666666666,detected,2,3,0.8465235233306885,ankle_midpoint,1084.593505859375,649.907958984375,0.9884548187255859,0.9873524904251099,4.018895149230957,3.848034381866455,4.035646451169643,3.9698944771539217,0.0,0,two_ankles,accepted,4.018895149230957,3.848034381866455,0.08987092284558182
44,1.4666666666666666,detected,3,4,0.2650338113307953,ankle_midpoint,915.03271484375,781.9498291015625,0.8778406381607056,0.8370485901832581,2.726013422012329,8.38770866394043,2.711212275372265,8.383474717483942,0.0,0,two_ankles,accepted,2.726013422012329,8.38770866394043,0.0604927809812279
44,1.4666666666666666,detected,4,1,0.9014355540275574,ankle_midpoint,969.2191772460938,874.9605712890625,0.9897392392158508,0.9895020127296448,3.081752300262451,10.649635314941406,3.0905046316698535,10.578205492260308,0.0,0,two_ankles,accepted,3.081752300262451,10.649635314941406,0.008517727088135425
45,1.5,detected,1,5,0.778520941734314,ankle_midpoint,990.354736328125,614.3341064453125,0.9297099113464355,0.9542626738548279,3.2658798694610596,2.269062042236328,3.2836542061368084,2.351522077503221,0.0,0,two_ankles,accepted,3.2658798694610596,2.269062042236328,0.06649134805605471
45,1.5,detected,2,3,0.8452463746070862,ankle_midpoint,1083.857177734375,649.4981689453125,0.9917396306991577,0.9902082085609436,4.013594627380371,3.830894947052002,4.0257231304644705,3.907344688608058,0.0,0,two_ankles,accepted,4.013594627380371,3.830894947052002,0.017940338838701646
45,1.5,detected,4,1,0.8996856808662415,ankle_midpoint,967.8773193359375,874.3482666015625,0.9883320927619934,0.985548198223114,3.0739667415618896,10.636608123779297,3.08306258112127,10.604486676443853,0.0,0,two_ankles,accepted,3.0739667415618896,10.636608123779297,0.015176384083635662
45,1.5,predicted,3,,,motion_prediction,,,,,,,2.7361146777563277,8.385800220266143,,1,,motion_prediction,2.7361146777563277,8.385800220266143,
46,1.5333333333333334,detected,1,5,0.7705802321434021,ankle_midpoint,985.1812133789062,614.2374267578125,0.8233925700187683,0.8631059527397156,3.2211246490478516,2.265653610229492,3.255515905446778,2.312881267230043,0.0,0,two_ankles,accepted,3.2211246490478516,2.265653610229492,0.04488482107550452
46,1.5333333333333334,detected,2,3,0.8495026230812073,ankle_midpoint,1083.828369140625,647.4417724609375,0.9850591421127319,0.9874681234359741,4.016777992248535,3.743720293045044,4.0216978182673,3.8337137106047017,0.0,0,two_ankles,accepted,4.016777992248535,3.743720293045044,0.087232758256957
46,1.5333333333333334,detected,4,1,0.9269199371337891,ankle_midpoint,960.9105224609375,873.8265380859375,0.9849374890327454,0.9633165597915649,3.0335073471069336,10.626224517822266,3.060762725814819,10.61426870506414,0.0,0,two_ankles,accepted,3.0335073471069336,10.626224517822266,0.04177058621006681
46,1.5333333333333334,predicted,3,,,motion_prediction,,,,,,,2.746215933500326,8.383891776591854,,2,,motion_prediction,2.746215933500326,8.383891776591854,
47,1.5666666666666667,detected,1,5,0.7485653162002563,ankle_midpoint,986.3902587890625,616.5828857421875,0.7839782238006592,0.8330453038215637,3.23091983795166,2.3774237632751465,3.244447675073975,2.34192539045034,0.0,0,two_ankles,accepted,3.23091983795166,2.3774237632751465,0.11219854204716868
47,1.5666666666666667,detected,2,3,0.8631037473678589,ankle_midpoint,1083.17333984375,648.844482421875,0.9723033905029297,0.9785247445106506,4.009115695953369,3.8033976554870605,4.016035863226032,3.8200714858017637,0.0,0,two_ankles,accepted,4.009115695953369,3.8033976554870605,0.06016725332396958
47,1.5666666666666667,detected,4,1,0.9207610487937927,ankle_midpoint,959.7018432617188,872.47265625,0.9791447520256042,0.9500589370727539,3.026397943496704,10.597090721130371,3.0452985737716673,10.606538612293944,0.0,0,two_ankles,accepted,3.026397943496704,10.597090721130371,0.029988693358960955
47,1.5666666666666667,predicted,3,,,motion_prediction,,,,,,,2.7563171892443243,8.381983332917567,,3,,motion_prediction,2.7563171892443243,8.381983332917567,
48,1.6,detected,1,5,0.8275678157806396,ankle_midpoint,984.4414672851562,610.865234375,0.9601821303367615,0.9708554148674011,3.2155890464782715,2.102971315383911,3.2314612922059087,2.2343960566704473,0.0,0,two_ankles,accepted,3.2155890464782715,2.102971315383911,0.27488029998654284
48,1.6,detected,2,3,0.8750806450843811,ankle_midpoint,1083.51171875,649.6824951171875,0.9736500978469849,0.9775246381759644,4.010483741760254,3.838752269744873,4.013537408566432,3.8284778385761626,0.0,0,two_ankles,accepted,4.010483741760254,3.838752269744873,0.035381072604550215
48,1.6,detected,4,1,0.9214932918548584,ankle_midpoint,950.103271484375,869.8563232421875,0.9828467965126038,0.9540321230888367,2.970205068588257,10.541427612304688,3.011506496439133,10.577238662298779,0.0,0,two_ankles,accepted,2.970205068588257,10.541427612304688,0.07909501169237095
48,1.6,predicted,3,,,motion_prediction,,,,,,,2.7664184449883225,8.38007488924328,,4,,motion_prediction,2.7664184449883225,8.38007488924328,
49,1.6333333333333333,detected,1,5,0.871529757976532,ankle_midpoint,977.29833984375,609.84130859375,0.9766542315483093,0.9788411259651184,3.153501272201538,2.0548293590545654,3.1963792832039424,2.1535910427433005,0.0,0,two_ankles,accepted,3.153501272201538,2.0548293590545654,0.07856551198748231
49,1.6333333333333333,detected,2,3,0.8829069137573242,ankle_midpoint,1086.734375,648.1026611328125,0.9752551317214966,0.9750941395759583,4.039348125457764,3.7711830139160156,4.025152231167532,3.802695167479097,0.0,0,two_ankles,accepted,4.039348125457764,3.7711830139160156,0.07347623411350537
49,1.6333333333333333,detected,3,19,0.8773807883262634,ankle_midpoint,979.35107421875,789.4674072265625,0.7552743554115295,0.8529893755912781,3.1479344367980957,8.583674430847168,2.907737248013889,8.473564588497394,0.42447901971699786,0,two_ankles,accepted,3.1479344367980957,8.583674430847168,0.09304190980782738
49,1.6333333333333333,detected,4,1,0.9208065271377563,ankle_midpoint,946.0313110351562,862.649658203125,0.9868711233139038,0.9680533409118652,2.94521164894104,10.38331413269043,2.9816738150649913,10.48997262397502,0.0,0,two_ankles,accepted,2.94521164894104,10.38331413269043,0.16007667994242697
50,1.6666666666666667,detected,1,5,0.8804886937141418,ankle_midpoint,973.3746948242188,608.494384765625,0.9798417091369629,0.9805750846862793,3.119356155395508,1.9898955821990967,3.161718875690147,2.079928085498409,0.0,0,two_ankles,accepted,3.119356155395508,1.9898955821990967,0.07336405372124186
50,1.6666666666666667,detected,2,3,0.8866732120513916,ankle_midpoint,1089.494384765625,645.6798095703125,0.9837978482246399,0.9827665090560913,4.066079139709473,3.667285680770874,4.0435693400114054,3.741760898460397,0.0,0,two_ankles,accepted,4.066079139709473,3.667285680770874,0.10728095337755723
50,1.6666666666666667,detected,3,19,0.8868614435195923,ankle_midpoint,970.58056640625,785.7442626953125,0.7225771546363831,0.8008425831794739,3.0909621715545654,8.483638763427734,2.9901884636071934,8.478097967216048,0.0,0,two_ankles,accepted,3.0909621715545654,8.483638763427734,0.11512156080869776
50,1.6666666666666667,detected,4,1,0.9241260290145874,ankle_midpoint,943.8648681640625,860.3055419921875,0.9934545755386353,0.9822893738746643,2.9320085048675537,10.331360816955566,2.9593244254761446,10.418597310816267,0.0,0,two_ankles,accepted,2.9320085048675537,10.331360816955566,0.05360475752460438
51,1.7,detected,1,5,0.8785879015922546,ankle_midpoint,961.2723388671875,606.1922607421875,0.9830804467201233,0.9836793541908264,3.013167381286621,1.8794586658477783,3.0948707032085605,1.9897168466556254,0.0,0,two_ankles,accepted,3.013167381286621,1.8794586658477783,0.15320694579534003
51,1.7,detected,2,3,0.9087511301040649,ankle_midpoint,1093.189453125,644.1302490234375,0.9617828130722046,0.9675235152244568,4.099130630493164,3.599942922592163,4.068571920728197,3.677942809319692,0.0,0,two_ankles,accepted,4.099130630493164,3.599942922592163,0.07501631903886498
51,1.7,detected,3,19,0.9104662537574768,ankle_midpoint,974.7232666015625,781.0692138671875,0.8363191485404968,0.8664918541908264,3.118304491043091,8.354205131530762,3.0478406759533474,8.42234619115767,0.0,0,two_ankles,accepted,3.118304491043091,8.354205131530762,0.13229008844601176
51,1.7,detected,4,1,0.9340810179710388,ankle_midpoint,928.8845825195312,855.9171142578125,0.9939202070236206,0.9852232933044434,2.842179775238037,10.234676361083984,2.9066093328689964,10.33583288343674,0.0,0,two_ankles,accepted,2.842179775238037,10.234676361083984,0.131973802983913
52,1.7333333333333334,detected,1,5,0.8742293119430542,ankle_midpoint,951.0184326171875,605.19189453125,0.9773815870285034,0.9796349406242371,2.922759532928467,1.8323915004730225,3.0174206765825184,1.9189204408734541,0.0,0,two_ankles,accepted,2.922759532928467,1.8323915004730225,0.10192593929498829
52,1.7333333333333334,detected,2,3,0.8987330198287964,ankle_midpoint,1101.958984375,642.39111328125,0.9825333952903748,0.9798121452331543,4.174490928649902,3.5229005813598633,4.1162354742929645,3.608173806737769,0.0,0,two_ankles,accepted,4.174490928649902,3.5229005813598633,0.10777150310182472
52,1.7333333333333334,detected,3,19,0.9114238023757935,ankle_midpoint,975.5736083984375,781.6688232421875,0.9312424659729004,0.9317028522491455,3.1238625049591064,8.370692253112793,3.082050499005939,8.399101919037475,0.0,0,two_ankles,accepted,3.1238625049591064,8.370692253112793,0.01739875560927574
52,1.7333333333333334,detected,4,1,0.9313526153564453,ankle_midpoint,910.1646728515625,856.322021484375,0.9756627678871155,0.9671595692634583,2.7311723232269287,10.246259689331055,2.827662678530066,10.295524946089182,0.0,0,two_ankles,accepted,2.7311723232269287,10.246259689331055,0.11161016035862466
53,1.7666666666666666,detected,1,5,0.8823080062866211,ankle_midpoint,945.536865234375,605.9581298828125,0.9807410836219788,0.9823013544082642,2.874802589416504,1.8717119693756104,2.953242537357812,1.8976766286994247,0.0,0,two_ankles,accepted,2.874802589416504,1.8717119693756104,0.06201586656436384
53,1.7666666666666666,detected,2,3,0.8947925567626953,ankle_midpoint,1108.259521484375,643.490234375,0.9800273776054382,0.9770854711532593,4.22409200668335,3.5690650939941406,4.164770913868638,3.5905748860031363,0.0,0,two_ankles,accepted,4.22409200668335,3.5690650939941406,0.06776008536624255
53,1.7666666666666666,detected,3,19,0.8996204733848572,ankle_midpoint,979.9573974609375,783.81201171875,0.9705154895782471,0.9640100002288818,3.1524648666381836,8.42918872833252,3.1137369644404496,8.412640983220246,0.0,0,two_ankles,accepted,3.1524648666381836,8.42918872833252,0.06511476565843438
53,1.7666666666666666,detected,4,1,0.9220608472824097,ankle_midpoint,904.6334838867188,855.6884155273438,0.984565019607544,0.9773547053337097,2.698026418685913,10.232666969299316,2.7693263616001973,10.267238856533744,0.0,0,two_ankles,accepted,2.698026418685913,10.232666969299316,0.03582475437045367
54,1.8,detected,1,5,0.8584949970245361,ankle_midpoint,938.732177734375,604.670166015625,0.9575371742248535,0.958200991153717,2.814333915710449,1.8094741106033325,2.890733657616499,1.8579854955561834,0.0,0,two_ankles,accepted,2.814333915710449,1.8094741106033325,0.08677563923318174
54,1.8,detected,2,3,0.8878605961799622,ankle_midpoint,1118.285888671875,643.9759521484375,0.9827136993408203,0.9840953946113586,4.3053975105285645,3.587831735610962,4.228052882365605,3.5893404683266583,0.0,0,two_ankles,accepted,4.3053975105285645,3.587831735610962,0.08344322496822887
54,1.8,detected,3,19,0.9102770686149597,ankle_midpoint,987.4542236328125,790.2637939453125,0.9888764023780823,0.9850111603736877,3.200495719909668,8.604002952575684,3.152778404401598,8.498753869430193,0.0,0,two_ankles,accepted,3.200495719909668,8.604002952575684,0.1812925146378805
54,1.8,detected,4,1,0.9225271940231323,ankle_midpoint,890.9598388671875,854.51806640625,0.9934106469154358,0.9873085618019104,2.6160967350006104,10.207954406738281,2.7003730296303834,10.240560854125786,0.0,0,two_ankles,accepted,2.6160967350006104,10.207954406738281,0.08557560293159983
55,1.8333333333333333,detected,1,5,0.7882514595985413,ankle_midpoint,931.6947021484375,606.01708984375,0.9516942501068115,0.9480850100517273,2.75317120552063,1.8780057430267334,2.828830554173358,1.866994606917931,0.0,0,two_ankles,accepted,2.75317120552063,1.8780057430267334,0.09185565720400655
55,1.8333333333333333,detected,2,3,0.8943648338317871,ankle_midpoint,1118.904296875,645.6043701171875,0.9846700429916382,0.9827996492385864,4.306894779205322,3.6576807498931885,4.263531735943478,3.620093595031597,0.0,0,two_ankles,accepted,4.306894779205322,3.6576807498931885,0.06986506000633715
55,1.8333333333333333,detected,3,19,0.9201322197914124,ankle_midpoint,993.024169921875,799.9222412109375,0.9781283736228943,0.9765651822090149,3.2345545291900635,8.860658645629883,3.1895776605564077,8.661611018720054,0.0,0,two_ankles,accepted,3.2345545291900635,8.860658645629883,0.25890567252713814
55,1.8333333333333333,detected,4,1,0.9138166904449463,ankle_midpoint,878.6828002929688,858.7940063476562,0.9705733060836792,0.9483889937400818,2.5460257530212402,10.30595588684082,2.630916755156269,10.269988618847552,0.0,0,two_ankles,accepted,2.5460257530212402,10.30595588684082,0.1204750290219578
56,1.8666666666666667,detected,1,5,0.7938721179962158,ankle_midpoint,926.8433227539062,605.2946166992188,0.9622611999511719,0.959452211856842,2.710026741027832,1.8433995246887207,2.7753688382578714,1.8563768199147863,0.0,0,two_ankles,accepted,2.710026741027832,1.8433995246887207,0.05530854512666646
56,1.8666666666666667,detected,2,3,0.9006466269493103,ankle_midpoint,1119.344482421875,645.2874145507812,0.9845112562179565,0.9828981161117554,4.311194896697998,3.643995523452759,4.2849801582830125,3.63084946282112,0.0,0,two_ankles,accepted,4.311194896697998,3.643995523452759,0.01434490966080484
56,1.8666666666666667,detected,3,19,0.9196385145187378,ankle_midpoint,993.855712890625,802.5274658203125,0.9766836762428284,0.9752910733222961,3.2393007278442383,8.928803443908691,3.2119530408359314,8.78184761005494,0.0,0,two_ankles,accepted,3.2393007278442383,8.928803443908691,0.06830988167259848
56,1.8666666666666667,detected,4,1,0.9047895669937134,ankle_midpoint,869.1314086914062,859.2572631835938,0.9878284931182861,0.9775443077087402,2.4898784160614014,10.317571640014648,2.567449502563579,10.291400978372746,0.0,0,two_ankles,accepted,2.4898784160614014,10.317571640014648,0.057336281440960105
57,1.9,detected,1,5,0.8481907248497009,ankle_midpoint,923.7218017578125,601.2154541015625,0.9558007121086121,0.9537397027015686,2.679425001144409,1.6402230262756348,2.7321941115568134,1.7591076127771683,0.0,0,two_ankles,accepted,2.679425001144409,1.6402230262756348,0.2054681386280982
57,1.9,detected,2,3,0.8962881565093994,ankle_midpoint,1119.598388671875,643.8953247070312,0.9838308095932007,0.9826557636260986,4.31635046005249,3.5840699672698975,4.2990967940792775,3.6097986898230703,0.0,0,two_ankles,accepted,4.31635046005249,3.5840699672698975,0.06014692109599171
57,1.9,detected,3,19,0.9156326651573181,ankle_midpoint,994.3817138671875,805.7876586914062,0.9785895943641663,0.9764026403427124,3.2419207096099854,9.013463020324707,3.2254384917842556,8.886074544676337,0.0,0,two_ankles,accepted,3.2419207096099854,9.013463020324707,0.08470010733990858
57,1.9,detected,4,1,0.9105766415596008,ankle_midpoint,852.1331176757812,855.7136840820312,0.9922406673431396,0.9867918491363525,2.38622784614563,10.240078926086426,2.485899757175502,10.268306054843903,0.0,0,two_ankles,accepted,2.38622784614563,10.240078926086426,0.12941623296876473
58,1.9333333333333333,detected,1,5,0.8380200266838074,ankle_midpoint,922.0838623046875,599.904296875,0.9593360424041748,0.9529820084571838,2.6638436317443848,1.5743924379348755,2.7014363956412204,1.6759857840981367,0.0,0,two_ankles,accepted,2.6638436317443848,1.5743924379348755,0.067649430401671
58,1.9333333333333333,detected,2,3,0.898347020149231,ankle_midpoint,1120.128173828125,643.0271606445312,0.9857912063598633,0.9824617505073547,4.322632789611816,3.5464653968811035,4.309687992068921,3.5812987079991854,0.0,0,two_ankles,accepted,4.322632789611816,3.5464653968811035,0.03812573119059806
58,1.9333333333333333,detected,3,19,0.9138385057449341,ankle_midpoint,994.2521362304688,809.69775390625,0.9824770092964172,0.9779677391052246,3.2402241230010986,9.114103317260742,3.232092025831835,8.98868749233932,0.0,0,two_ankles,accepted,3.2402241230010986,9.114103317260742,0.10065459638533543
58,1.9333333333333333,detected,4,1,0.9111437201499939,ankle_midpoint,834.18408203125,854.9952392578125,0.9942821264266968,0.9896373748779297,2.278909921646118,10.226174354553223,2.3927543311872794,10.249346789713098,0.0,0,two_ankles,accepted,2.278909921646118,10.226174354553223,0.10821494364645236
59,1.9666666666666666,detected,1,5,0.8350216150283813,ankle_midpoint,923.6370849609375,603.059326171875,0.9631673693656921,0.9595166444778442,2.6800990104675293,1.732826590538025,2.6918345723130592,1.7015641469960865,0.0,0,two_ankles,accepted,2.6800990104675293,1.732826590538025,0.15926587220277574
59,1.9666666666666666,detected,2,3,0.8849719166755676,ankle_midpoint,1122.4124755859375,641.2681884765625,0.9873626232147217,0.9823957085609436,4.34541130065918,3.469648599624634,4.325763480934538,3.531056159230637,0.0,0,two_ankles,accepted,4.34541130065918,3.469648599624634,0.08012291124439018
59,1.9666666666666666,detected,3,19,0.9151924252510071,ankle_midpoint,994.062744140625,811.4730224609375,0.9815954566001892,0.9766790866851807,3.2386362552642822,9.159457206726074,3.2350369290764363,9.06553386381336,0.0,0,two_ankles,accepted,3.2386362552642822,9.159457206726074,0.045381677068869745
59,1.9666666666666666,detected,4,1,0.9089751243591309,ankle_midpoint,823.2332153320312,854.5223999023438,0.9952751398086548,0.9908843636512756,2.2133049964904785,10.216897010803223,2.312002130573719,10.234744389203655,0.0,0,two_ankles,accepted,2.2133049964904785,10.216897010803223,0.06625764342121401
60,2.0,detected,1,5,0.7522565126419067,ankle_midpoint,915.6218872070312,601.6151733398438,0.963312029838562,0.973116397857666,2.607956886291504,1.662352204322815,2.654089613603359,1.6839187727931144,0.0,0,two_ankles,accepted,2.607956886291504,1.662352204322815,0.1008519964752292
60,2.0,detected,2,3,0.8926036357879639,ankle_midpoint,1124.5452880859375,640.0341796875,0.9879623055458069,0.9814327359199524,4.3658623695373535,3.415348768234253,4.343807980805805,3.4789878332822646,0.0,0,two_ankles,accepted,4.3658623695373535,3.415348768234253,0.05802342550456325
60,2.0,detected,3,19,0.915722131729126,ankle_midpoint,989.3136596679688,818.7476806640625,0.9818976521492004,0.9838879704475403,3.207401752471924,9.343573570251465,3.2226010996044057,9.190651731710508,0.0,0,two_ankles,accepted,3.207401752471924,9.343573570251465,0.18674696646130462
60,2.0,detected,4,1,0.923588216304779,ankle_midpoint,803.2040405273438,853.6925048828125,0.996268093585968,0.9939818978309631,2.0931649208068848,10.20069408416748,2.2135253861786435,10.219421751937379,0.0,0,two_ankles,accepted,2.0931649208068848,10.20069408416748,0.1212277716400944
61,2.033333333333333,detected,1,5,0.867492139339447,ankle_midpoint,910.7445068359375,602.3629760742188,0.9796685576438904,0.9785689115524292,2.5654830932617188,1.7011198997497559,2.614216679449621,1.6916592799236032,0.0,0,two_ankles,accepted,2.5654830932617188,1.7011198997497559,0.05750615013242568
61,2.033333333333333,detected,2,3,0.8792922496795654,ankle_midpoint,1128.33740234375,638.2300415039062,0.99159836769104,0.9837638139724731,4.401517391204834,3.335373640060425,4.369777215485369,3.4143614463324368,0.0,0,two_ankles,accepted,4.401517391204834,3.335373640060425,0.08756312977805635
61,2.033333333333333,detected,3,19,0.9164314866065979,ankle_midpoint,987.798583984375,819.3384399414062,0.9840005040168762,0.9873653054237366,3.1978461742401123,9.358524322509766,3.211461383190474,9.266194397570175,0.0,0,two_ankles,accepted,3.1978461742401123,9.358524322509766,0.01774356414121346
61,2.033333333333333,detected,4,1,0.913483738899231,ankle_midpoint,788.3773193359375,851.067138671875,0.9942293167114258,0.9903725385665894,2.001255750656128,10.142848014831543,2.1180040501935116,10.184963570239754,0.0,0,two_ankles,accepted,2.001255750656128,10.142848014831543,0.10859771312241737
62,2.066666666666667,detected,1,5,0.8724050521850586,ankle_midpoint,904.275634765625,598.8988647460938,0.9698366522789001,0.9703912138938904,2.5044028759002686,1.527813196182251,2.564800467852413,1.6179285422399947,0.0,0,two_ankles,accepted,2.5044028759002686,1.527813196182251,0.18375528959558418
62,2.066666666666667,detected,2,3,0.8914923667907715,ankle_midpoint,1130.132568359375,636.7243041992188,0.9888874888420105,0.9862378835678101,4.420061111450195,3.2685275077819824,4.392404968669541,3.3487361739847326,0.0,0,two_ankles,accepted,4.420061111450195,3.2685275077819824,0.06937056264097359
62,2.066666666666667,detected,3,19,0.9173081517219543,ankle_midpoint,989.2108764648438,820.7181396484375,0.9509555697441101,0.9707785248756409,3.206418752670288,9.392650604248047,3.2091921994563903,9.32309969057522,0.0,0,two_ankles,accepted,3.206418752670288,9.392650604248047,0.035186534444614795
62,2.066666666666667,detected,4,1,0.92162024974823,ankle_midpoint,782.3995361328125,850.4351806640625,0.9966872334480286,0.9935884475708008,1.9646459817886353,10.129181861877441,2.048992919411317,10.159861801476714,0.0,0,two_ankles,accepted,1.9646459817886353,10.129181861877441,0.039077345266741635
63,2.1,detected,1,5,0.85682612657547,ankle_midpoint,890.603515625,601.5173950195312,0.9633356928825378,0.9671565294265747,2.3861711025238037,1.6636191606521606,2.484417253454539,1.6384893205254696,0.0,0,two_ankles,accepted,2.3861711025238037,1.6636191606521606,0.18006113467749255
63,2.1,detected,2,3,0.9014480710029602,ankle_midpoint,1134.7080078125,635.6159057617188,0.9837910532951355,0.977715015411377,4.460899353027344,3.21835994720459,4.423227441630552,3.2900668719336688,0.0,0,two_ankles,accepted,4.460899353027344,3.21835994720459,0.06468806775132405
63,2.1,detected,3,19,0.9206352829933167,ankle_midpoint,989.4415283203125,821.757080078125,0.9830560684204102,0.9865977764129639,3.2076737880706787,9.418381690979004,3.2085089143328203,9.365976590756922,0.0,0,two_ankles,accepted,3.2076737880706787,9.418381690979004,0.025761675764830724
63,2.1,detected,4,1,0.9197150468826294,ankle_midpoint,771.43212890625,849.40380859375,0.9958938360214233,0.9936611652374268,1.8975236415863037,10.1069917678833,1.9808317443900612,10.13607028635968,0.0,0,two_ankles,accepted,1.8975236415863037,10.1069917678833,0.07069518247876816
64,2.1333333333333333,detected,1,5,0.8741645216941833,ankle_midpoint,863.931396484375,592.6331787109375,0.9558484554290771,0.9665684700012207,2.133641242980957,1.2156633138656616,2.4079838984146784,1.6534999965674109,0.0,0,two_ankles,corrected_motion_outlier,2.31456535336596,1.6718463783964497,0.5142331870182429
64,2.1333333333333333,detected,2,3,0.9057698249816895,ankle_midpoint,1138.54833984375,632.8763427734375,0.990750253200531,0.9871833324432373,4.499985218048096,3.0951614379882812,4.457768441018447,3.2023594266582447,0.0,0,two_ankles,accepted,4.499985218048096,3.0951614379882812,0.12925005809492432
64,2.1333333333333333,detected,3,19,0.9147725701332092,ankle_midpoint,989.80322265625,818.5927124023438,0.9771462678909302,0.9738572835922241,3.21048641204834,9.339634895324707,3.2093987883048043,9.354122827812425,0.0,0,two_ankles,accepted,3.21048641204834,9.339634895324707,0.0787970093306802
64,2.1333333333333333,detected,4,1,0.9038428664207458,ankle_midpoint,761.0755004882812,852.6825561523438,0.9925718903541565,0.9908086657524109,1.8408710956573486,10.183259010314941,1.9178494524603407,10.157305212139548,0.0,0,two_ankles,accepted,1.8408710956573486,10.183259010314941,0.09500633256977668
65,2.1666666666666665,detected,1,5,0.8652902245521545,ankle_midpoint,855.6239013671875,597.996826171875,0.9623935222625732,0.965120255947113,2.069441080093384,1.4940457344055176,2.255639630170096,1.5817455785945589,0.0,0,two_ankles,accepted,2.069441080093384,1.4940457344055176,0.1796336925508408
65,2.1666666666666665,detected,2,3,0.9080076813697815,ankle_midpoint,1144.224609375,630.9647216796875,0.9872375726699829,0.9793815612792969,4.552685737609863,3.0077807903289795,4.500481224484584,3.114799040310076,0.0,0,two_ankles,accepted,4.552685737609863,3.0077807903289795,0.1020427476474408
65,2.1666666666666665,detected,3,19,0.9144173860549927,ankle_midpoint,991.7277221679688,820.428466796875,0.9758901000022888,0.970899224281311,3.2221486568450928,9.385101318359375,3.2151362291479346,9.368063148558553,0.0,0,two_ankles,accepted,3.2221486568450928,9.385101318359375,0.046938295423532124
65,2.1666666666666665,detected,4,1,0.907908022403717,ankle_midpoint,754.627685546875,855.2273559570312,0.9843005537986755,0.9617498517036438,1.8066781759262085,10.24179458618164,1.8678223780199812,10.195325430458489,0.0,0,two_ankles,accepted,1.8066781759262085,10.24179458618164,0.06779062915909759
66,2.2,detected,1,5,0.8907146453857422,ankle_midpoint,835.5470581054688,599.2876586914062,0.9476586580276489,0.9569176435470581,1.8934223651885986,1.5646706819534302,2.0926418609284223,1.5740618751060511,0.0,0,two_ankles,accepted,1.8934223651885986,1.5646706819534302,0.18965882846015222
66,2.2,detected,2,3,0.9146884679794312,ankle_midpoint,1149.49365234375,624.814697265625,0.9891282916069031,0.9831116795539856,4.614294052124023,2.725416660308838,4.551696996922333,2.9395769693095186,0.0,0,two_ankles,accepted,4.614294052124023,2.725416660308838,0.2890070697047169
66,2.2,detected,3,19,0.9131314158439636,ankle_midpoint,993.7806396484375,818.1253051757812,0.9837438464164734,0.9809423685073853,3.2354276180267334,9.327392578125,3.2242673541433944,9.349761391863455,0.0,0,two_ankles,accepted,3.2354276180267334,9.327392578125,0.059216800905672794
66,2.2,detected,4,1,0.8990499377250671,ankle_midpoint,742.9873046875,859.936767578125,0.989000141620636,0.9375180602073669,1.7457199096679688,10.349061012268066,1.8128762672615757,10.2645064422728,0.0,0,two_ankles,accepted,1.7457199096679688,10.349061012268066,0.12337745495253619
67,2.2333333333333334,detected,1,5,0.8728295564651489,ankle_midpoint,815.4672241210938,603.20556640625,0.9862645268440247,0.9866281151771545,1.7251940965652466,1.7667357921600342,1.9272903669649935,1.6607651377803436,0.0,0,two_ankles,accepted,1.7251940965652466,1.7667357921600342,0.26292785916828537
67,2.2333333333333334,detected,2,3,0.9088479280471802,ankle_midpoint,1147.018310546875,624.9270629882812,0.9921768307685852,0.9903337359428406,4.592928886413574,2.731182336807251,4.570251347193391,2.8457993846834984,0.0,0,two_ankles,accepted,4.592928886413574,2.731182336807251,0.02212946748838092
67,2.2333333333333334,detected,3,19,0.914848268032074,ankle_midpoint,989.7899169921875,814.9778442382812,0.9931892156600952,0.9914838671684265,3.211052656173706,9.248902320861816,3.2183207400570346,9.30437480991272,0.0,0,two_ankles,accepted,3.211052656173706,9.248902320861816,0.08218795076273214
67,2.2333333333333334,detected,4,1,0.9132691025733948,ankle_midpoint,735.8597412109375,859.3723754882812,0.9812151193618774,0.9422285556793213,1.7026647329330444,10.337376594543457,1.7632810768137368,10.297298010794597,0.0,0,two_ankles,accepted,1.7026647329330444,10.337376594543457,0.04461248548600194
68,2.2666666666666666,detected,1,5,0.8699265122413635,ankle_midpoint,811.201416015625,604.537109375,0.9757561683654785,0.975226879119873,1.6911211013793945,1.834079384803772,1.821014197451474,1.7387565489408865,0.0,0,two_ankles,accepted,1.6911211013793945,1.834079384803772,0.07547270017099422
68,2.2666666666666666,detected,2,3,0.9069574475288391,ankle_midpoint,1146.035400390625,625.0957641601562,0.9917375445365906,0.9894968271255493,4.584101676940918,2.739203453063965,4.576483995579778,2.7978312154547087,0.0,0,two_ankles,accepted,4.584101676940918,2.739203453063965,0.011927193009164885
68,2.2666666666666666,detected,3,19,0.9107296466827393,ankle_midpoint,989.6722412109375,810.2396240234375,0.9903674125671387,0.9860590100288391,3.211169958114624,9.128618240356445,3.21510288818295,9.225284353612397,0.0,0,two_ankles,accepted,3.211169958114624,9.128618240356445,0.12028413770222547
68,2.2666666666666666,detected,4,1,0.8988653421401978,ankle_midpoint,734.3135375976562,855.834716796875,0.9933720827102661,0.9672648310661316,1.6871821880340576,10.258150100708008,1.7290365768628813,10.279681451255632,0.0,0,two_ankles,accepted,1.6871821880340576,10.258150100708008,0.08072512943320448
69,2.3,detected,1,5,0.8557013273239136,ankle_midpoint,802.982177734375,604.8341674804688,0.9794050455093384,0.9782202243804932,1.6196293830871582,1.8508319854736328,1.730391030987532,1.7891904953806224,0.0,0,two_ankles,accepted,1.6196293830871582,1.8508319854736328,0.07342830117591105
69,2.3,detected,2,3,0.9036096930503845,ankle_midpoint,1145.94140625,622.71142578125,0.9908678531646729,0.9876722693443298,4.589978218078613,2.6286051273345947,4.5825563957042545,2.7216794758006575,0.0,0,two_ankles,accepted,4.589978218078613,2.6286051273345947,0.11075433801834977
69,2.3,detected,3,19,0.9072126746177673,ankle_midpoint,984.7054443359375,808.9161376953125,0.9883612990379333,0.985734224319458,3.17997670173645,9.095449447631836,3.199296104282025,9.166858645921145,0.0,0,two_ankles,accepted,3.17997670173645,9.095449447631836,0.04553227486390925
69,2.3,detected,4,1,0.900397777557373,ankle_midpoint,737.27197265625,856.259765625,0.99510657787323,0.9790459871292114,1.7054862976074219,10.26734733581543,1.7184389511979248,10.274131099307542,0.0,0,two_ankles,accepted,1.7054862976074219,10.26734733581543,0.020484861749470475
70,2.3333333333333335,detected,1,5,0.8736183047294617,ankle_midpoint,797.1590576171875,602.5806274414062,0.9665849208831787,0.9650276303291321,1.5618512630462646,1.7400081157684326,1.654548135413962,1.767058424555137,0.0,0,two_ankles,accepted,1.5618512630462646,1.7400081157684326,0.1249809635580359
70,2.3333333333333335,detected,2,3,0.9083803296089172,ankle_midpoint,1145.3831787109375,625.4231567382812,0.9931451082229614,0.9903497695922852,4.577649116516113,2.7544665336608887,4.5803481200695915,2.7364336518377614,0.0,0,two_ankles,accepted,4.577649116516113,2.7544665336608887,0.12646383019571605
70,2.3333333333333335,detected,3,19,0.9097546935081482,ankle_midpoint,975.302490234375,802.1129150390625,0.9847800731658936,0.9827735424041748,3.1208605766296387,8.920681953430176,3.1640001168384515,9.056079134300209,0.0,0,two_ankles,accepted,3.1208605766296387,8.920681953430176,0.18449496816220085
70,2.3333333333333335,detected,4,1,0.9239134788513184,ankle_midpoint,740.5660400390625,856.2998046875,0.9926919341087341,0.9900990128517151,1.7250844240188599,10.267821311950684,1.7214294139673458,10.271291694996957,0.0,0,two_ankles,accepted,1.7250844240188599,10.267821311950684,0.019603857074960873
71,2.3666666666666667,detected,1,5,0.8549671173095703,ankle_midpoint,799.4150390625,602.7916870117188,0.9403006434440613,0.9313217997550964,1.5823853015899658,1.7500072717666626,1.6220748601931638,1.7593854058003235,0.0,0,two_ankles,accepted,1.5823853015899658,1.7500072717666626,0.022839217578348517
71,2.3666666666666667,detected,2,3,0.9038384556770325,ankle_midpoint,1145.0865478515625,625.3306884765625,0.9934593439102173,0.9915342926979065,4.575385570526123,2.7502684593200684,4.578114972775031,2.7426593152047998,0.0,0,two_ankles,accepted,4.575385570526123,2.7502684593200684,0.004769430638960459
71,2.3666666666666667,detected,3,19,0.9113580584526062,ankle_midpoint,969.57470703125,803.3727416992188,0.9833190441131592,0.9868062734603882,3.0842621326446533,8.954380989074707,3.1281180239512425,9.010314968948734,0.0,0,two_ankles,accepted,3.0842621326446533,8.954380989074707,0.04975008648729667
71,2.3666666666666667,detected,4,1,0.9294829964637756,ankle_midpoint,743.3890380859375,857.3826904296875,0.9834719896316528,0.9742797613143921,1.7436925172805786,10.291816711425781,1.7314478104583007,10.280527952389928,0.0,0,two_ankles,accepted,1.7436925172805786,10.291816711425781,0.030365117006300825
72,2.4,detected,1,5,0.8533780574798584,ankle_midpoint,796.2867431640625,613.9737548828125,0.911679744720459,0.8737845420837402,1.5869603157043457,2.297903060913086,1.5838954134273409,1.7555681453643164,0.0,0,two_ankles,corrected_motion_outlier,1.5372316451580017,1.7509026048314185,0.5479148898492618
72,2.4,detected,2,3,0.9036761522293091,ankle_midpoint,1143.003662109375,623.2704467773438,0.9850770831108093,0.9818712472915649,4.563354969024658,2.6553094387054443,4.571472971087363,2.70335187078009,0.0,0,two_ankles,accepted,4.563354969024658,2.6553094387054443,0.09571808067745424
72,2.4,detected,3,19,0.9161011576652527,ankle_midpoint,959.1991577148438,796.6395263671875,0.9807687401771545,0.9798399806022644,3.017524003982544,8.778923034667969,3.078350714965328,8.90618859852239,0.0,0,two_ankles,accepted,3.017524003982544,8.778923034667969,0.18772179303937334
72,2.4,detected,4,1,0.9348036050796509,ankle_midpoint,749.5488891601562,862.0624389648438,0.9930985569953918,0.9899890422821045,1.7879751920700073,10.395530700683594,1.7568851321835688,10.332279189122078,0.0,0,two_ankles,accepted,1.7879751920700073,10.395530700683594,0.11277210140046141
73,2.433333333333333,detected,1,5,0.8526243567466736,ankle_midpoint,786.9384765625,616.0216064453125,0.9407766461372375,0.9291942715644836,1.5122390985488892,2.3978145122528076,1.5425775723117545,1.7538715520036525,0.0,0,two_ankles,corrected_motion_outlier,1.4920779887260376,1.751797937896174,0.3257969884097128
73,2.433333333333333,detected,2,3,0.9142275452613831,ankle_midpoint,1139.996826171875,620.3056640625,0.9881887435913086,0.9856696724891663,4.545799255371094,2.517381429672241,4.559919799015042,2.6196651722815583,0.0,0,two_ankles,accepted,4.545799255371094,2.517381429672241,0.13904078091606545
73,2.433333333333333,detected,3,19,0.9262263774871826,ankle_midpoint,947.510986328125,792.7069091796875,0.9725610017776489,0.9732604622840881,2.9415361881256104,8.675745964050293,3.0167841778874553,8.802489413009946,0.0,0,two_ankles,accepted,2.9415361881256104,8.675745964050293,0.12813920578789345
73,2.433333333333333,detected,4,1,0.9338467121124268,ankle_midpoint,760.0155029296875,865.679443359375,0.9911283254623413,0.9860152006149292,1.855261206626892,10.474115371704102,1.8011543656830642,10.396105471283988,0.0,0,two_ankles,accepted,1.855261206626892,10.474115371704102,0.10345510269846891
74,2.466666666666667,detected,1,5,0.8629418611526489,ankle_midpoint,786.3978881835938,621.6314697265625,0.9648264050483704,0.961039125919342,1.5239977836608887,2.66174054145813,1.4995336143037983,1.7533413255344275,0.26230875086453165,0,two_ankles,corrected_motion_outlier,1.4469243322940737,1.75269327096093,0.3045336429712765
74,2.466666666666667,detected,2,3,0.9138336181640625,ankle_midpoint,1138.578369140625,619.6878662109375,0.9892064332962036,0.9869699478149414,4.535318374633789,2.488633632659912,4.548849158043479,2.5607009794518176,0.0,0,two_ankles,accepted,4.535318374633789,2.488633632659912,0.03059876948656077
74,2.466666666666667,detected,3,19,0.9150684475898743,ankle_midpoint,939.8187255859375,787.4711303710938,0.9776508808135986,0.9789031744003296,2.8903591632843018,8.535418510437012,2.9598929213160363,8.682307506852126,0.0,0,two_ankles,accepted,2.8903591632843018,8.535418510437012,0.1493682767832431
74,2.466666666666667,detected,4,1,0.9342937469482422,ankle_midpoint,762.3927001953125,865.865966796875,0.9964939951896667,0.9948588609695435,1.8694753646850586,10.477914810180664,1.831898815233962,10.432919673787492,0.0,0,two_ankles,accepted,1.8694753646850586,10.477914810180664,0.014713192109114981
75,2.5,detected,1,5,0.872681736946106,ankle_midpoint,776.786865234375,623.831298828125,0.9474805593490601,0.9399430155754089,1.4488146305084229,2.765901803970337,1.4767100715958794,2.208993540830587,0.36340571759337525,0,two_ankles,accepted,1.4488146305084229,2.765901803970337,0.2561594748314143
75,2.5,detected,2,3,0.9086500406265259,ankle_midpoint,1134.834228515625,618.591796875,0.9913294315338135,0.9897866249084473,4.506104946136475,2.437756299972534,4.529614262685328,2.5053758736861402,0.0,0,two_ankles,accepted,4.506104946136475,2.437756299972534,0.05866794172245894
75,2.5,detected,3,19,0.9132510423660278,ankle_midpoint,924.1280517578125,782.5751953125,0.9826488494873047,0.9827356338500977,2.7860305309295654,8.403596878051758,2.8816548456421245,8.556887723891961,0.0,0,two_ankles,accepted,2.7860305309295654,8.403596878051758,0.16811129139270437
75,2.5,detected,4,1,0.9293140172958374,ankle_midpoint,768.380859375,866.1534423828125,0.9945887327194214,0.9924030303955078,1.9049779176712036,10.483469009399414,1.8647844113307208,10.455666874812856,0.0,0,two_ankles,accepted,1.9049779176712036,10.483469009399414,0.035934390178429323
76,2.533333333333333,detected,1,5,0.8889762163162231,ankle_midpoint,769.9034423828125,622.2467041015625,0.9687874913215637,0.9650570750236511,1.3854564428329468,2.6941542625427246,1.4356459386525597,2.427315865601049,0.0,0,two_ankles,accepted,1.3854564428329468,2.6941542625427246,0.09571817824440555
76,2.533333333333333,detected,2,3,0.9167689085006714,ankle_midpoint,1131.21337890625,616.5380859375,0.9915197491645813,0.989788293838501,4.480356693267822,2.341064929962158,4.507448356447451,2.4314359490103485,0.0,0,two_ankles,accepted,4.480356693267822,2.341064929962158,0.10006094922731594
76,2.533333333333333,detected,3,19,0.907985270023346,ankle_midpoint,903.5224609375,787.3273315429688,0.9706022143363953,0.97474604845047,2.653684139251709,8.53697395324707,2.7790680277664377,8.547926527101762,0.0,0,two_ankles,accepted,2.653684139251709,8.53697395324707,0.18789627877583057
76,2.533333333333333,detected,4,1,0.9221134185791016,ankle_midpoint,777.5223388671875,863.1626586914062,0.9948295950889587,0.9936869740486145,1.9541959762573242,10.416332244873047,1.9050196155476926,10.437966291339944,0.0,0,two_ankles,accepted,1.9541959762573242,10.416332244873047,0.08324519470849759
77,2.566666666666667,detected,1,5,0.9003140926361084,ankle_midpoint,768.4194946289062,624.1859741210938,0.9657555818557739,0.95850670337677,1.3789637088775635,2.7841835021972656,1.4101389352538116,2.5879063020693467,0.0,0,two_ankles,accepted,1.3789637088775635,2.7841835021972656,0.09026305770906594
77,2.566666666666667,detected,2,3,0.9161916971206665,ankle_midpoint,1128.89306640625,615.058349609375,0.9918152689933777,0.9896230697631836,4.4641804695129395,2.2708661556243896,4.487977807326921,2.3591795419866672,0.0,0,two_ankles,accepted,4.4641804695129395,2.2708661556243896,0.07203844899422106
77,2.566666666666667,detected,3,19,0.9074466824531555,ankle_midpoint,893.1920166015625,783.6054077148438,0.964195728302002,0.9742476940155029,2.5837228298187256,8.436690330505371,2.6911626886899676,8.497870238633386,0.0,0,two_ankles,accepted,2.5837228298187256,8.436690330505371,0.12227587582093659
77,2.566666666666667,detected,4,1,0.9249783158302307,ankle_midpoint,779.3707275390625,861.8834838867188,0.9819064140319824,0.9801320433616638,1.9632269144058228,10.387722969055176,1.9312129000338514,10.415356796311798,0.0,0,two_ankles,accepted,1.9632269144058228,10.387722969055176,0.030000808433524418
78,2.6,detected,1,5,0.8951213359832764,ankle_midpoint,769.9302978515625,625.0971069335938,0.9462210536003113,0.9498313069343567,1.3946120738983154,2.8257522583007812,1.4031518476438385,2.694936982373492,0.0,0,two_ankles,accepted,1.3946120738983154,2.8257522583007812,0.04441658262199222
78,2.6,detected,2,3,0.9065209031105042,ankle_midpoint,1123.982421875,613.4141235351562,0.987165629863739,0.980120837688446,4.425842761993408,2.1929616928100586,4.460017036926841,2.2843815098571936,0.0,0,two_ankles,accepted,4.425842761993408,2.1929616928100586,0.08682675362031345
78,2.6,detected,3,19,0.8838919997215271,ankle_midpoint,880.8524780273438,771.9716796875,0.9391434788703918,0.9660876989364624,2.4931139945983887,8.113177299499512,2.6046650775326947,8.445546560421185,0.0,0,two_ankles,corrected_motion_outlier,2.4989457750071384,8.381595398161826,0.3359622631346924
78,2.6,detected,4,1,0.9246537685394287,ankle_midpoint,792.1546630859375,865.951416015625,0.9858112335205078,0.9889201521873474,2.0439112186431885,10.475996971130371,1.9819271434080532,10.442644874980157,0.0,0,two_ankles,accepted,2.0439112186431885,10.475996971130371,0.11959204151045913
79,2.6333333333333333,detected,1,5,0.8446807265281677,ankle_midpoint,765.9765625,625.236572265625,0.9718478918075562,0.9740070104598999,1.3616012334823608,2.8330624103546143,1.3844540712711737,2.757093424964997,0.0,0,two_ankles,accepted,1.3616012334823608,2.8330624103546143,0.03381055912015919
79,2.6333333333333333,detected,2,3,0.8989267349243164,ankle_midpoint,1117.2940673828125,607.71923828125,0.9877800941467285,0.9788063168525696,4.381804943084717,1.9168710708618164,4.424821594697885,2.119001812309274,0.0,0,two_ankles,accepted,4.381804943084717,1.9168710708618164,0.27958068785594237
79,2.6333333333333333,detected,3,19,0.9022155404090881,ankle_midpoint,880.4462280273438,773.5477294921875,0.921836793422699,0.9543969631195068,2.4917545318603516,8.157965660095215,2.5538553319801407,8.316135155274498,0.0,0,two_ankles,accepted,2.4917545318603516,8.157965660095215,0.14675286174774455
79,2.6333333333333333,detected,4,1,0.9209651947021484,ankle_midpoint,795.40087890625,868.748046875,0.9936586022377014,0.9936322569847107,2.06654953956604,10.536860466003418,2.020007221679147,10.485041890940625,0.0,0,two_ankles,accepted,2.06654953956604,10.536860466003418,0.0649373435117839
80,2.6666666666666665,detected,1,5,0.844136118888855,ankle_midpoint,760.7759399414062,630.8604736328125,0.9695777297019958,0.968920886516571,1.335738182067871,3.08971905708313,1.3625319211296876,2.906774959418157,0.0,0,two_ankles,accepted,1.335738182067871,3.08971905708313,0.2579564531823048
80,2.6666666666666665,detected,2,3,0.890758216381073,ankle_midpoint,1112.23974609375,605.4163208007812,0.9907580614089966,0.9869682192802429,4.343005180358887,1.804089069366455,4.388004208245336,1.9772910779850057,0.0,0,two_ankles,accepted,4.343005180358887,1.804089069366455,0.11926944893341462
80,2.6666666666666665,detected,3,19,0.9007089734077454,ankle_midpoint,877.8494873046875,776.3551025390625,0.9097349643707275,0.9461482167243958,2.4769480228424072,8.237527847290039,2.5192470428681606,8.280761866681493,0.0,0,two_ankles,accepted,2.4769480228424072,8.237527847290039,0.08092820485172471
80,2.6666666666666665,detected,4,1,0.9165496826171875,ankle_midpoint,801.146484375,870.0968627929688,0.9929121136665344,0.9923747181892395,2.1017661094665527,10.565532684326172,2.0567987211834797,10.521262747964123,0.0,0,two_ankles,accepted,2.1017661094665527,10.565532684326172,0.045412585250185454
81,2.7,detected,1,5,0.6983435750007629,ankle_midpoint,765.028076171875,629.30322265625,0.978266179561615,0.9783673882484436,1.3664554357528687,3.0185461044311523,1.364297502710119,2.957071974674005,0.0,0,two_ankles,accepted,1.3664554357528687,3.0185461044311523,0.07751863558621974
81,2.7,detected,2,3,0.899911105632782,ankle_midpoint,1106.549560546875,601.251708984375,0.989693820476532,0.986198902130127,4.302630424499512,1.5967382192611694,4.349586005559715,1.8060422915592795,0.0,0,two_ankles,accepted,4.302630424499512,1.5967382192611694,0.2112451087009798
81,2.7,detected,3,19,0.8860743641853333,ankle_midpoint,880.09423828125,780.3008422851562,0.8614836931228638,0.9428538084030151,2.4951415061950684,8.34736156463623,2.5083995513652693,8.310731730761125,0.0,0,two_ankles,accepted,2.4951415061950684,8.34736156463623,0.1113303566085487
81,2.7,detected,4,1,0.9302709102630615,ankle_midpoint,806.6692504882812,874.2774047851562,0.9798325300216675,0.9814721345901489,2.138951063156128,10.655325889587402,2.0937672750711718,10.581591161694599,0.0,0,two_ankles,accepted,2.138951063156128,10.655325889587402,0.09718817053521132
82,2.7333333333333334,detected,1,5,0.6837112903594971,ankle_midpoint,766.8092041015625,637.31201171875,0.9723048806190491,0.9693436622619629,1.405999779701233,3.375044584274292,1.363205860230015,3.0063418165100497,0.0,0,two_ankles,corrected_motion_outlier,1.36187163053211,3.0665605120874377,0.3586849889091764
82,2.7333333333333334,detected,2,3,0.898933470249176,ankle_midpoint,1100.237548828125,600.569091796875,0.9897510409355164,0.9854876399040222,4.248076915740967,1.5637707710266113,4.303906915141279,1.697020107319579,0.0,0,two_ankles,accepted,4.248076915740967,1.5637707710266113,0.06374117947580595
82,2.7333333333333334,detected,3,19,0.849083423614502,ankle_midpoint,877.3907470703125,780.567626953125,0.8173012137413025,0.9405097961425781,2.4775757789611816,8.355179786682129,2.49452885378343,8.330733355925577,0.0,0,two_ankles,accepted,2.4775757789611816,8.355179786682129,0.019227047854891346
82,2.7333333333333334,detected,4,1,0.9182875156402588,ankle_midpoint,817.08447265625,881.6051025390625,0.9857250452041626,0.9848372340202332,2.2074124813079834,10.810362815856934,2.1449076178777373,10.68453840606765,0.0,0,two_ankles,accepted,2.2074124813079834,10.810362815856934,0.16947983444193965
83,2.7666666666666666,detected,1,5,0.7344522476196289,ankle_midpoint,767.62451171875,636.6336669921875,0.9764519333839417,0.9753261804580688,1.4106991291046143,3.3450355529785156,1.3845778312235848,3.1587539979208596,0.0,0,two_ankles,accepted,1.4106991291046143,3.3450355529785156,0.16473680858733777
83,2.7666666666666666,detected,2,3,0.8839332461357117,ankle_midpoint,1096.074951171875,599.74365234375,0.9896116256713867,0.9856792092323303,4.2128496170043945,1.5229270458221436,4.262931130979681,1.6186782296457332,0.0,0,two_ankles,accepted,4.2128496170043945,1.5229270458221436,0.053936745033917106
83,2.7666666666666666,detected,3,19,0.8164716958999634,ankle_midpoint,883.4700927734375,780.7403564453125,0.7977648973464966,0.9304917454719543,2.5177197456359863,8.359041213989258,2.5049647551170806,8.343471892054234,0.0,0,two_ankles,accepted,2.5177197456359863,8.359041213989258,0.04032925341778682
83,2.7666666666666666,detected,4,1,0.9126499891281128,ankle_midpoint,822.888427734375,883.1948852539062,0.9800944924354553,0.98568195104599,2.242417573928833,10.843188285827637,2.1887870981007307,10.755930851959645,0.0,0,two_ankles,accepted,2.242417573928833,10.843188285827637,0.04798820676157625
84,2.8,detected,1,5,0.765815258026123,ankle_midpoint,764.0263671875,632.7978515625,0.9732664823532104,0.9745752811431885,1.3690122365951538,3.1757819652557373,1.377573313640791,3.1664165832215545,0.0,0,two_ankles,accepted,1.3690122365951538,3.1757819652557373,0.17431171493656852
84,2.8,detected,2,3,0.8881970643997192,ankle_midpoint,1089.44921875,603.8027954101562,0.9865099787712097,0.9828158020973206,4.145383358001709,1.7292132377624512,4.210034633139594,1.6684189832982563,0.0,0,two_ankles,accepted,4.145383358001709,1.7292132377624512,0.2170384507156529
84,2.8,detected,3,19,0.7446650862693787,ankle_midpoint,884.7623291015625,779.6064453125,0.76877361536026,0.90639328956604,2.5253188610076904,8.327345848083496,2.5141241027678554,8.336215172267401,0.0,0,two_ankles,accepted,2.5253188610076904,8.327345848083496,0.032593600205141376
84,2.8,detected,4,1,0.9067800045013428,ankle_midpoint,827.9796752929688,893.7435302734375,0.9902282953262329,0.9930627942085266,2.2821319103240967,11.061802864074707,2.2307922636012454,10.893573257411424,0.0,0,two_ankles,accepted,2.2821319103240967,11.061802864074707,0.22219262439932744
85,2.8333333333333335,detected,1,5,0.7607852220535278,ankle_midpoint,756.9111328125,630.9130859375,0.9775999188423157,0.9816123843193054,1.3035556077957153,3.0929555892944336,1.344265346010507,3.1333591359543504,0.0,0,two_ankles,accepted,1.3035556077957153,3.0929555892944336,0.10556883445729004
85,2.8333333333333335,detected,2,3,0.8937638401985168,ankle_midpoint,1080.8990478515625,600.75537109375,0.9869070053100586,0.9845090508460999,4.0756378173828125,1.5780085325241089,4.149556066049042,1.6277342804498902,0.0,0,two_ankles,accepted,4.0756378173828125,1.5780085325241089,0.16651517445096742
85,2.8333333333333335,detected,3,19,0.8022989630699158,ankle_midpoint,874.3304443359375,786.0789794921875,0.7218663692474365,0.9242373108863831,2.462324857711792,8.507343292236328,2.490814442492627,8.413222826253419,0.0,0,two_ankles,accepted,2.462324857711792,8.507343292236328,0.1907021875931043
85,2.8333333333333335,detected,4,1,0.9158715009689331,ankle_midpoint,832.3737182617188,899.8291015625,0.9849610328674316,0.9907220602035522,2.312758207321167,11.185179710388184,2.26767693827521,11.024796161250967,0.0,0,two_ankles,accepted,2.312758207321167,11.185179710388184,0.12712126601797188
86,2.8666666666666667,detected,1,5,0.6646124720573425,ankle_midpoint,757.1851806640625,627.360595703125,0.9548465013504028,0.9796227812767029,1.2942484617233276,2.932178258895874,1.3217577480812763,3.0428277412780362,0.0,0,two_ankles,accepted,1.2942484617233276,2.932178258895874,0.16104649309469718
86,2.8666666666666667,detected,2,3,0.9019014835357666,ankle_midpoint,1076.460693359375,601.841064453125,0.9817387461662292,0.9734516739845276,4.034153461456299,1.6339333057403564,4.097624893982308,1.6305238418306,0.0,0,two_ankles,accepted,4.034153461456299,1.6339333057403564,0.06963140129227897
86,2.8666666666666667,detected,3,19,0.7987565398216248,ankle_midpoint,872.479248046875,785.1204833984375,0.7528498768806458,0.9303336143493652,2.449378728866577,8.481412887573242,2.4721683713609046,8.443908353847341,0.0,0,two_ankles,accepted,2.449378728866577,8.481412887573242,0.02898254885389297
86,2.8666666666666667,detected,4,1,0.9174850583076477,ankle_midpoint,833.6842651367188,901.5137939453125,0.9833522439002991,0.9888766407966614,2.321683645248413,11.218998908996582,2.2919799564131518,11.112187397736495,0.0,0,two_ankles,accepted,2.321683645248413,11.218998908996582,0.034977158785519186
87,2.9,detected,1,5,0.8524219989776611,ankle_midpoint,755.8837890625,627.9835205078125,0.9330078959465027,0.940380334854126,1.2853419780731201,2.9608073234558105,1.305370651577606,3.005918553258035,0.0,0,two_ankles,accepted,1.2853419780731201,2.9608073234558105,0.029982474690866116
87,2.9,detected,2,3,0.9037954211235046,ankle_midpoint,1069.5618896484375,602.3345947265625,0.9733697772026062,0.9614572525024414,3.9720778465270996,1.6604831218719482,4.041128722627464,1.644005517849207,0.0,0,two_ankles,accepted,3.9720778465270996,1.6604831218719482,0.06751499615240715
87,2.9,detected,3,19,0.8169665932655334,ankle_midpoint,870.4876708984375,785.8623657226562,0.6913944482803345,0.9119321703910828,2.437039852142334,8.502007484436035,2.456360537712548,8.470052962612254,0.0,0,two_ankles,accepted,2.437039852142334,8.502007484436035,0.024008025715519212
87,2.9,detected,4,1,0.9182668328285217,ankle_midpoint,832.8152465820312,902.4508666992188,0.9817845821380615,0.9878067374229431,2.3176867961883545,11.237940788269043,2.3035480343119934,11.168776423476142,0.0,0,two_ankles,accepted,2.3176867961883545,11.237940788269043,0.019358966728143745
88,2.933333333333333,detected,1,5,0.8351805210113525,ankle_midpoint,755.308349609375,627.5404052734375,0.9385718703269958,0.9426656365394592,1.2790323495864868,2.9407906532287598,1.2935184156816024,2.976610998244861,0.0,0,two_ankles,accepted,1.2790323495864868,2.9407906532287598,0.02098757962743288
88,2.933333333333333,detected,2,3,0.8912416696548462,ankle_midpoint,1066.548583984375,602.9449462890625,0.9771504402160645,0.9701632857322693,3.944342613220215,1.6918832063674927,3.9975749733942023,1.6655504776824355,0.0,0,two_ankles,accepted,3.944342613220215,1.6918832063674927,0.0418952082333369
88,2.933333333333333,detected,3,19,0.8269163370132446,ankle_midpoint,868.50048828125,780.1602783203125,0.8107602000236511,0.9499403834342957,2.418691396713257,8.345232963562012,2.439409424262867,8.413883963039645,0.0,0,two_ankles,accepted,2.418691396713257,8.345232963562012,0.15784459513050308
88,2.933333333333333,detected,4,1,0.9138027429580688,ankle_midpoint,829.6364135742188,899.269775390625,0.9826506972312927,0.9901673793792725,2.296849012374878,11.174196243286133,2.3005334744402917,11.171215342390639,0.0,0,two_ankles,accepted,2.296849012374878,11.174196243286133,0.06706400114320232
89,2.966666666666667,detected,1,5,0.8203474283218384,ankle_midpoint,753.1754150390625,625.53857421875,0.9396916031837463,0.9437553286552429,1.25434410572052,2.8498497009277344,1.2758899761991154,2.9195684144521543,0.0,0,two_ankles,accepted,1.25434410572052,2.8498497009277344,0.09423251132492874
89,2.966666666666667,detected,2,3,0.8854633569717407,ankle_midpoint,1065.301025390625,603.0419311523438,0.9763873219490051,0.9679943323135376,3.933135986328125,1.6970553398132324,3.968577429214468,1.6797276656412943,0.0,0,two_ankles,accepted,3.933135986328125,1.6970553398132324,0.01234258687144032
89,2.966666666666667,detected,3,19,0.7993773818016052,ankle_midpoint,873.54833984375,780.3389892578125,0.8918836116790771,0.9611855149269104,2.4520862102508545,8.349422454833984,2.4451139779574618,8.384876284347099,0.0,0,two_ankles,accepted,2.4520862102508545,8.349422454833984,0.0336565804610161
89,2.966666666666667,detected,4,1,0.9143603444099426,ankle_midpoint,828.4569702148438,896.6267700195312,0.9573492407798767,0.9777165055274963,2.2876529693603516,11.12067985534668,2.294737247154319,11.148474373220857,0.0,0,two_ankles,accepted,2.2876529693603516,11.12067985534668,0.05430074571505499
90,3.0,detected,1,5,0.5655246376991272,ankle_midpoint,754.192626953125,632.790771484375,0.9093148112297058,0.9463120698928833,1.2869579792022705,3.177670478820801,1.2582242998516802,2.86435011800676,0.0,0,two_ankles,corrected_motion_outlier,1.2366329176492594,2.796861089017945,0.32943910994582715
90,3.0,detected,2,3,0.8863928914070129,ankle_midpoint,1064.6558837890625,599.7564697265625,0.9703580141067505,0.9658099412918091,3.932840585708618,1.5314089059829712,3.9524958496368354,1.612984223795049,0.0,0,two_ankles,accepted,3.932840585708618,1.5314089059829712,0.16564669722698705
90,3.0,detected,3,19,0.8608952164649963,ankle_midpoint,853.9425048828125,782.2913208007812,0.8610606789588928,0.9361909627914429,2.325165033340454,8.406455039978027,2.3911369528798083,8.394586724381018,0.0,0,two_ankles,accepted,2.325165033340454,8.406455039978027,0.1391463291522046
90,3.0,detected,4,1,0.9048053622245789,ankle_midpoint,810.340087890625,900.4535522460938,0.9822021126747131,0.992957353591919,2.189711809158325,11.200419425964355,2.247475800056122,11.171849646955433,0.0,0,two_ankles,accepted,2.189711809158325,11.200419425964355,0.12629675365586518
91,3.033333333333333,detected,1,5,0.714544951915741,ankle_midpoint,754.0536499023438,626.260009765625,0.9139689207077026,0.9203047156333923,1.264187216758728,2.882675886154175,1.2609076124598517,2.8725967136730968,0.0,0,two_ankles,accepted,1.264187216758728,2.882675886154175,0.017135090249478322
91,3.033333333333333,detected,2,3,0.8909907341003418,ankle_midpoint,1062.6690673828125,599.878173828125,0.9746425151824951,0.9707360863685608,3.9149417877197266,1.5380834341049194,3.935596521774136,1.5792788684344907,0.0,0,two_ankles,accepted,3.9149417877197266,1.5380834341049194,0.019102782391521606
91,3.033333333333333,detected,3,19,0.7945795059204102,ankle_midpoint,830.5059814453125,780.2608032226562,0.8932774066925049,0.9541227221488953,2.168727397918701,8.353839874267578,2.29105265314731,8.37625064182997,0.0,0,two_ankles,accepted,2.168727397918701,8.353839874267578,0.1650487486747092
91,3.033333333333333,detected,4,1,0.9102751612663269,ankle_midpoint,783.623291015625,901.39111328125,0.9796596169471741,0.9883431792259216,2.041022300720215,11.222494125366211,2.154571725354964,11.194639662240284,0.0,0,two_ankles,accepted,2.041022300720215,11.222494125366211,0.15031920127930817
92,3.066666666666667,detected,1,5,0.7896236777305603,ankle_midpoint,755.4544677734375,623.8896484375,0.9060876965522766,0.9200049638748169,1.2680912017822266,2.7735064029693604,1.2641402276549205,2.8280060738564154,0.0,0,two_ankles,accepted,1.2680912017822266,2.7735064029693604,0.10923926564154113
92,3.066666666666667,detected,2,3,0.8893916010856628,ankle_midpoint,1061.8458251953125,599.541259765625,0.9752306342124939,0.9681651592254639,3.908151626586914,1.5211747884750366,3.9232463189398867,1.5531320324527365,0.0,0,two_ankles,accepted,3.908151626586914,1.5211747884750366,0.01822110274507316
92,3.066666666666667,detected,3,19,0.7121152281761169,ankle_midpoint,831.2476806640625,775.4620361328125,0.8884645700454712,0.9522949457168579,2.1673176288604736,8.219627380371094,2.2353718922182337,8.305770174173476,0.0,0,two_ankles,accepted,2.1673176288604736,8.219627380371094,0.13421989780472712
92,3.066666666666667,detected,4,1,0.9054557085037231,ankle_midpoint,774.7784423828125,901.8239135742188,0.9840593338012695,0.990770161151886,1.992042064666748,11.232250213623047,2.0814333780452667,11.211564410362529,0.0,0,two_ankles,accepted,1.992042064666748,11.232250213623047,0.04994241465856953
93,3.1,detected,1,5,0.7968214750289917,ankle_midpoint,752.017822265625,621.3861083984375,0.9356635212898254,0.9400837421417236,1.2303744554519653,2.6582956314086914,1.2489456301635906,2.7516363747549395,0.0,0,two_ankles,accepted,1.2303744554519653,2.6582956314086914,0.12122736835115212
93,3.1,detected,2,3,0.8964561223983765,ankle_midpoint,1059.00927734375,598.83154296875,0.9798437356948853,0.9734719395637512,3.8839807510375977,1.4857596158981323,3.905576813383857,1.5228144450031647,0.0,0,two_ankles,accepted,3.8839807510375977,1.4857596158981323,0.042877332863326
93,3.1,detected,3,19,0.8167752623558044,ankle_midpoint,812.1466674804688,774.9422607421875,0.9221120476722717,0.9488564133644104,2.039983034133911,8.207948684692383,2.1474469060802885,8.261750503906985,0.0,0,two_ankles,accepted,2.039983034133911,8.207948684692383,0.12786903826546073
93,3.1,detected,4,1,0.913272500038147,ankle_midpoint,760.9727172851562,909.2703857421875,0.9757789969444275,0.9825055599212646,1.92525053024292,11.38217544555664,2.0111510965342108,11.288339376199879,0.0,0,two_ankles,accepted,1.92525053024292,11.38217544555664,0.16413008329075843
94,3.1333333333333333,detected,1,5,0.8553484082221985,ankle_midpoint,750.430419921875,616.662353515625,0.941635012626648,0.9467989206314087,1.20032799243927,2.436821699142456,1.2270676931876463,2.609969770729322,0.0,0,two_ankles,accepted,1.20032799243927,2.436821699142456,0.22350277987766118
94,3.1333333333333333,detected,2,3,0.8748816251754761,ankle_midpoint,1051.4349365234375,599.4012451171875,0.9751086235046387,0.9628434777259827,3.8155672550201416,1.5166528224945068,3.865072512120185,1.5200417148742686,0.0,0,two_ankles,accepted,3.8155672550201416,1.5166528224945068,0.07506528259546322
94,3.1333333333333333,detected,3,19,0.8481740951538086,ankle_midpoint,811.5452880859375,778.853271484375,0.8750759959220886,0.9556737542152405,2.041872262954712,8.317609786987305,2.099938316673779,8.286887181293128,0.0,0,two_ankles,accepted,2.041872262954712,8.317609786987305,0.10967737479569185
94,3.1333333333333333,detected,4,1,0.9134656190872192,ankle_midpoint,754.573974609375,915.4609375,0.9881496429443359,0.9891196489334106,1.8986073732376099,11.504168510437012,1.9605064210507406,11.385462486606588,0.0,0,two_ankles,accepted,1.8986073732376099,11.504168510437012,0.12486859370600772
95,3.1666666666666665,detected,1,5,0.8688176274299622,ankle_midpoint,749.2517700195312,613.3123779296875,0.9368215203285217,0.945065438747406,1.1782373189926147,2.2773759365081787,1.205094024799882,2.4603025453298075,0.0,0,two_ankles,accepted,1.1782373189926147,2.2773759365081787,0.16096878292188543
95,3.1666666666666665,detected,2,3,0.8547136187553406,ankle_midpoint,1047.3275146484375,599.31201171875,0.9782863855361938,0.9673471450805664,3.7790756225585938,1.5131394863128662,3.8263739118174693,1.5169357120216376,0.0,0,two_ankles,accepted,3.7790756225585938,1.5131394863128662,0.03666037057687658
95,3.1666666666666665,detected,3,19,0.8285281658172607,ankle_midpoint,805.5689697265625,775.662109375,0.875925600528717,0.9663153886795044,1.9975030422210693,8.229226112365723,2.0538424431700597,8.260939700275797,0.0,0,two_ankles,accepted,1.9975030422210693,8.229226112365723,0.09889540782121474
95,3.1666666666666665,detected,4,1,0.9127169251441956,ankle_midpoint,754.986328125,916.02490234375,0.9914156794548035,0.9923111200332642,1.9016772508621216,11.515076637268066,1.934033294465862,11.443788854404254,0.0,0,two_ankles,accepted,1.9016772508621216,11.515076637268066,0.011331874495945183
96,3.2,detected,1,5,0.8579522371292114,ankle_midpoint,745.0999755859375,606.91015625,0.9518430233001709,0.9553852081298828,1.1186083555221558,1.9674363136291504,1.1833258790811194,2.31550570893725,0.0,0,two_ankles,corrected_motion_outlier,1.1567203676470763,2.1385317977907907,0.31562348314876004
96,3.2,detected,2,3,0.855428159236908,ankle_midpoint,1039.0439453125,600.0113525390625,0.9695379137992859,0.9455646276473999,3.704379081726074,1.5507233142852783,3.7714762382763416,1.532140133040276,0.0,0,two_ankles,accepted,3.704379081726074,1.5507233142852783,0.08361888146467952
96,3.2,detected,3,19,0.8741257190704346,ankle_midpoint,786.0440063476562,781.3362426757812,0.8820051550865173,0.9613561034202576,1.8780696392059326,8.390423774719238,1.9747446813862026,8.319207533775346,0.0,0,two_ankles,accepted,1.8780696392059326,8.390423774719238,0.2006215943113156
96,3.2,detected,4,1,0.9125019907951355,ankle_midpoint,760.2581787109375,917.03076171875,0.9854273796081543,0.9854114651679993,1.9320777654647827,11.533968925476074,1.9331533064153765,11.484369886386574,0.0,0,two_ankles,accepted,1.9320777654647827,11.533968925476074,0.0357925947905575
97,3.2333333333333334,detected,1,5,0.8428328037261963,ankle_midpoint,741.8623046875,604.7968139648438,0.9446215629577637,0.9448652267456055,1.0821945667266846,1.863912582397461,1.137816788521624,2.112288801994345,0.0,0,two_ankles,accepted,1.0821945667266846,1.863912582397461,0.21223580956998023
97,3.2333333333333334,detected,2,3,0.8570792078971863,ankle_midpoint,1036.36376953125,601.5379638671875,0.96955406665802,0.9446654915809631,3.6787426471710205,1.6285849809646606,3.7297461222789474,1.5755403146062492,0.0,0,two_ankles,accepted,3.6787426471710205,1.6285849809646606,0.08197356839120026
97,3.2333333333333334,detected,3,19,0.8691840171813965,ankle_midpoint,770.7403564453125,794.6158447265625,0.8654429912567139,0.9623175859451294,1.8019077777862549,8.753012657165527,1.8981155450063496,8.369827171490451,0.0,0,two_ankles,corrected_motion_outlier,1.804457711653196,8.431695617586689,0.3705014531800908
97,3.2333333333333334,detected,4,1,0.9084628820419312,ankle_midpoint,750.7802124023438,911.6759033203125,0.9878317713737488,0.9915848970413208,1.8722186088562012,11.430697441101074,1.9057326925137477,11.460217286008099,0.0,0,two_ankles,accepted,1.8722186088562012,11.430697441101074,0.11936548125361268
98,3.2666666666666666,detected,1,5,0.826202392578125,ankle_midpoint,742.7698974609375,599.4795532226562,0.9405263066291809,0.9452103972434998,1.0696425437927246,1.5974557399749756,1.1071383783936193,1.880613924085629,0.0,0,two_ankles,accepted,1.0696425437927246,1.5974557399749756,0.2667523236140519
98,3.2666666666666666,detected,2,3,0.8333851099014282,ankle_midpoint,1035.051513671875,601.9993896484375,0.9843870997428894,0.9744371771812439,3.6665709018707275,1.652152180671692,3.701317273095249,1.6100156543356985,0.0,0,two_ankles,accepted,3.6665709018707275,1.652152180671692,0.026524786251472372
98,3.2666666666666666,detected,3,19,0.8634471893310547,ankle_midpoint,767.3084716796875,797.4786376953125,0.8399536609649658,0.9605135917663574,1.7850098609924316,8.829422950744629,1.8472179872000867,8.576645272154831,0.0,0,two_ankles,accepted,1.7850098609924316,8.829422950744629,0.2243771372444828
98,3.2666666666666666,detected,4,1,0.9107670187950134,ankle_midpoint,743.4464721679688,909.8912963867188,0.994211733341217,0.9965866804122925,1.8289525508880615,11.39647388458252,1.871181628782189,11.43153275536659,0.0,0,two_ankles,accepted,1.8289525508880615,11.39647388458252,0.05516523899051945
99,3.3,detected,1,5,0.7709389328956604,ankle_midpoint,752.4829711914062,602.3819580078125,0.9183331727981567,0.9088431000709534,1.1666630506515503,1.7410656213760376,1.1339244809096882,1.817817187866313,0.0,0,two_ankles,accepted,1.1666630506515503,1.7410656213760376,0.17331121367981514
99,3.3,detected,2,3,0.8510817289352417,ankle_midpoint,1033.229736328125,600.7824096679688,0.981682300567627,0.9725202918052673,3.651764392852783,1.591214895248413,3.6790184769861396,1.6015553127464202,0.0,0,two_ankles,accepted,3.651764392852783,1.591214895248413,0.06271032980344318
99,3.3,detected,3,19,0.8782083988189697,ankle_midpoint,759.1632080078125,812.1009521484375,0.8226932883262634,0.95860755443573,1.7597906589508057,9.208952903747559,1.7903643840631533,8.737038426670969,0.0,0,two_ankles,corrected_motion_outlier,1.7208766468957901,8.933074504412915,0.3803669194054898
99,3.3,detected,4,1,0.9054427146911621,ankle_midpoint,725.614501953125,900.5974731445312,0.9929196238517761,0.9953533411026001,1.7147459983825684,11.213428497314453,1.80078559510236,11.333385839243128,0.0,0,two_ankles,accepted,1.7147459983825684,11.213428497314453,0.2157515942821892
100,3.3333333333333335,detected,1,5,0.7598782777786255,ankle_midpoint,751.3905639648438,604.33203125,0.9123957753181458,0.8956741094589233,1.1642249822616577,1.8385276794433594,1.1475597065180745,1.8271369090759841,0.0,0,two_ankles,accepted,1.1642249822616577,1.8385276794433594,0.0974925481264686
100,3.3333333333333335,detected,2,3,0.8643158674240112,ankle_midpoint,1031.8006591796875,601.1895141601562,0.9835736751556396,0.9748373627662659,3.6386208534240723,1.6121368408203125,3.6608395463832095,1.6063170003796716,0.0,0,two_ankles,accepted,3.6386208534240723,1.6121368408203125,0.02470790228302679
100,3.3333333333333335,detected,3,19,0.8883109092712402,ankle_midpoint,751.8126220703125,817.542236328125,0.8444898128509521,0.9591881632804871,1.72370183467865,9.346921920776367,1.760366236840127,9.011485999018399,0.0,0,two_ankles,accepted,1.72370183467865,9.346921920776367,0.26055894634151466
100,3.3333333333333335,detected,4,1,0.917101263999939,ankle_midpoint,702.1439208984375,890.2772216796875,0.9913300275802612,0.9939801692962646,1.564030647277832,11.005699157714844,1.6942458685813224,11.1859268325554,0.0,0,two_ankles,accepted,1.564030647277832,11.005699157714844,0.25664488225778787
101,3.3666666666666667,detected,1,5,0.7946829199790955,ankle_midpoint,750.5031127929688,602.4380493164062,0.9314857125282288,0.9170718789100647,1.149389624595642,1.744358777999878,1.14838316965298,1.7898867500917364,0.0,0,two_ankles,accepted,1.149389624595642,1.744358777999878,0.09533031960583542
101,3.3666666666666667,detected,2,3,0.8675794005393982,ankle_midpoint,1031.768798828125,601.5111694335938,0.9823583960533142,0.9737836718559265,3.6379897594451904,1.628372073173523,3.650557142261101,1.6162417831369047,0.0,0,two_ankles,accepted,3.6379897594451904,1.628372073173523,0.016247493627415652
101,3.3666666666666667,detected,3,19,0.9017288088798523,ankle_midpoint,753.968505859375,820.5119018554688,0.8237792253494263,0.9502139091491699,1.7425718307495117,9.420493125915527,1.7523587540993502,9.195539206122108,0.0,0,two_ankles,accepted,1.7425718307495117,9.420493125915527,0.07595261007590672
101,3.3666666666666667,detected,4,1,0.912630558013916,ankle_midpoint,692.1336059570312,885.7296752929688,0.9920814037322998,0.9939182996749878,1.4982904195785522,10.91243839263916,1.606065916530076,11.062857034593094,0.0,0,two_ankles,accepted,1.4982904195785522,10.91243839263916,0.11410235685758204
102,3.4,detected,1,5,0.8229673504829407,ankle_midpoint,747.6019287109375,604.7695922851562,0.9603609442710876,0.9512544870376587,1.1325350999832153,1.861161470413208,1.141251538301586,1.8219603742363986,0.0,0,two_ankles,accepted,1.1325350999832153,1.861161470413208,0.11801247372593245
102,3.4,detected,2,3,0.8874814510345459,ankle_midpoint,1031.282470703125,601.1919555664062,0.9790041446685791,0.9694077372550964,3.634016275405884,1.6123886108398438,3.6431137521762533,1.6145078556032275,0.0,0,two_ankles,accepted,3.634016275405884,1.6123886108398438,0.016469961857356146
102,3.4,detected,3,19,0.8893757462501526,ankle_midpoint,755.4925537109375,818.2611083984375,0.8618698716163635,0.9528681635856628,1.7479760646820068,9.364341735839844,1.7503865438615458,9.271500344495088,0.0,0,two_ankles,accepted,1.7479760646820068,9.364341735839844,0.056410853138635565
102,3.4,detected,4,1,0.92485511302948,ankle_midpoint,672.826416015625,875.1320190429688,0.9608482718467712,0.966133177280426,1.3654322624206543,10.690468788146973,1.4977807721808363,10.895282323692339,0.0,0,two_ankles,accepted,1.3654322624206543,10.690468788146973,0.25869247233309833
103,3.433333333333333,detected,1,5,0.8366091251373291,ankle_midpoint,748.34521484375,601.1760864257812,0.9754602313041687,0.9712358713150024,1.1255797147750854,1.681618571281433,1.1341992177146607,1.7588065629066643,0.0,0,two_ankles,accepted,1.1255797147750854,1.681618571281433,0.1796775723679396
103,3.433333333333333,detected,2,3,0.8941476345062256,ankle_midpoint,1031.356689453125,599.0341796875,0.9835091233253479,0.975985586643219,3.637007474899292,1.5029881000518799,3.640365927401621,1.564323965605121,0.0,0,two_ankles,accepted,3.637007474899292,1.5029881000518799,0.10944139543644701
103,3.433333333333333,detected,3,19,0.9031009078025818,ankle_midpoint,747.096923828125,807.8717041015625,0.8629080653190613,0.9405277967453003,1.6757590770721436,9.102834701538086,1.7168041838063148,9.195600805164437,0.0,0,two_ankles,accepted,1.6757590770721436,9.102834701538086,0.2712954520237003
103,3.433333333333333,detected,4,1,0.9128438830375671,ankle_midpoint,652.878662109375,861.9267578125,0.9907951951026917,0.9932194352149963,1.2190184593200684,10.404939651489258,1.3929245325440403,10.735542128249326,0.0,0,two_ankles,corrected_motion_outlier,1.2647669063212896,10.540304111596754,0.3208798678927632
104,3.466666666666667,detected,1,5,0.8481888175010681,ankle_midpoint,749.2069091796875,599.2386474609375,0.9786698818206787,0.9757617115974426,1.1258842945098877,1.5836631059646606,1.130457502272513,1.6799920072827628,0.0,0,two_ankles,accepted,1.1258842945098877,1.5836631059646606,0.09795593884109459
104,3.466666666666667,detected,2,3,0.8931029438972473,ankle_midpoint,1031.351318359375,598.3447265625,0.9856446981430054,0.9797109961509705,3.6377086639404297,1.4678457975387573,3.6391701588440855,1.5209087899752576,0.0,0,two_ankles,accepted,3.6377086639404297,1.4678457975387573,0.03514929717640499
104,3.466666666666667,detected,3,19,0.9150662422180176,ankle_midpoint,749.6669311523438,805.2420654296875,0.9042741060256958,0.9539238810539246,1.6869536638259888,9.034773826599121,1.7033714498151682,9.123228664810046,0.0,0,two_ankles,accepted,1.6869536638259888,9.034773826599121,0.0689753685749252
104,3.466666666666667,detected,4,1,0.9200336337089539,ankle_midpoint,639.2611694335938,861.7431640625,0.9947302341461182,0.9954614043235779,1.1384820938110352,10.402616500854492,1.2784254351141882,10.585725595921652,0.0,0,two_ankles,accepted,1.1384820938110352,10.402616500854492,0.18327937577060277
105,3.5,detected,1,5,0.7971102595329285,ankle_midpoint,752.0968017578125,595.6343994140625,0.9777768850326538,0.9738582968711853,1.1379700899124146,1.399133563041687,1.1338381667104689,1.5536057073742788,0.0,0,two_ankles,accepted,1.1379700899124146,1.399133563041687,0.18492490005911402
105,3.5,detected,2,3,0.8960663676261902,ankle_midpoint,1032.125,596.6697998046875,0.9879193305969238,0.983993411064148,3.6464691162109375,1.3818799257278442,3.642454689659169,1.4583458010639216,0.0,0,two_ankles,accepted,3.6464691162109375,1.3818799257278442,0.08641109095593104
105,3.5,detected,3,19,0.9226803183555603,ankle_midpoint,751.0052490234375,800.8941040039062,0.9773088097572327,0.9874520897865295,1.687052845954895,8.921565055847168,1.6960280780780455,9.03248004077675,0.0,0,two_ankles,accepted,1.687052845954895,8.921565055847168,0.11320881419864344
105,3.5,detected,4,1,0.9194130897521973,ankle_midpoint,624.1980590820312,858.0584716796875,0.9808729887008667,0.9810739159584045,1.0402332544326782,10.322418212890625,1.1712389538075088,10.46723727355769,0.0,0,two_ankles,accepted,1.0402332544326782,10.322418212890625,0.12682507572057486
106,3.533333333333333,detected,1,5,0.8330576419830322,ankle_midpoint,754.3858642578125,593.654052734375,0.9748103022575378,0.9702343344688416,1.1509815454483032,1.296452283859253,1.1415526871424944,1.4378866667925172,0.0,0,two_ankles,accepted,1.1509815454483032,1.296452283859253,0.10350238195183423
106,3.533333333333333,detected,2,3,0.8940228819847107,ankle_midpoint,1032.90966796875,595.0135498046875,0.9892702102661133,0.9865766763687134,3.655364513397217,1.2963114976882935,3.648264110341291,1.3854303645448889,0.0,0,two_ankles,accepted,3.655364513397217,1.2963114976882935,0.086029552877261
106,3.533333333333333,detected,3,19,0.9259205460548401,ankle_midpoint,763.3919677734375,800.5482177734375,0.9737210869789124,0.9823900461196899,1.7655293941497803,8.91070556640625,1.7273036703103262,8.977681527310025,0.0,0,two_ankles,accepted,1.7655293941497803,8.91070556640625,0.07922434681019186
106,3.533333333333333,detected,4,1,0.9065542817115784,ankle_midpoint,606.283935546875,856.494384765625,0.9661964178085327,0.9662690758705139,0.9300476908683777,10.289643287658691,1.0627028854848999,10.387319979903141,0.0,0,two_ankles,accepted,0.9300476908683777,10.289643287658691,0.11495674900562103
107,3.566666666666667,detected,1,5,0.8394364714622498,ankle_midpoint,755.2406005859375,591.954833984375,0.9690240025520325,0.9618147611618042,1.1522297859191895,1.207988977432251,1.1463573815920072,1.3344327065803974,0.0,0,two_ankles,accepted,1.1522297859191895,1.207988977432251,0.08847211248902562
107,3.566666666666667,detected,2,3,0.8951313495635986,ankle_midpoint,1033.6707763671875,594.5693359375,0.9904278516769409,0.9875903129577637,3.6627144813537598,1.2731274366378784,3.654766777296902,1.3348940469867343,0.0,0,two_ankles,accepted,3.6627144813537598,1.2731274366378784,0.024321240012622303
107,3.566666666666667,detected,3,19,0.9221398234367371,ankle_midpoint,763.2767333984375,801.5673828125,0.9781869053840637,0.9807029962539673,1.7666609287261963,8.937365531921387,1.7450144365974678,8.959539329385139,0.0,0,two_ankles,accepted,1.7666609287261963,8.937365531921387,0.026683967691591592
107,3.566666666666667,detected,4,1,0.9045645594596863,ankle_midpoint,597.81787109375,857.162353515625,0.984177827835083,0.9820911288261414,0.8818306922912598,10.305745124816895,0.9813103985477618,10.35061129511433,0.0,0,two_ankles,accepted,0.8818306922912598,10.305745124816895,0.05083451693146186
108,3.6,detected,1,5,0.8347824811935425,ankle_midpoint,758.5806884765625,588.7635498046875,0.9758859276771545,0.9737079739570618,1.1703295707702637,1.0397876501083374,1.1571448667222226,1.2018424311679705,0.0,0,two_ankles,accepted,1.1703295707702637,1.0397876501083374,0.16917236395221735
108,3.6,detected,2,3,0.8925684094429016,ankle_midpoint,1037.0626220703125,592.3352661132812,0.990559995174408,0.9872090816497803,3.695935010910034,1.1560206413269043,3.6732924824228115,1.2544010144398108,0.0,0,two_ankles,accepted,3.695935010910034,1.1560206413269043,0.12172758558357137
108,3.6,detected,3,19,0.9325197339057922,ankle_midpoint,768.5833740234375,808.6561279296875,0.9795533418655396,0.9803345203399658,1.813038945198059,9.119845390319824,1.775625465467734,9.031677056805748,0.0,0,two_ankles,accepted,1.813038945198059,9.119845390319824,0.18828122352740906
108,3.6,detected,4,1,0.8928106427192688,ankle_midpoint,582.0272216796875,859.433349609375,0.9956389665603638,0.9933933615684509,0.7951516509056091,10.358597755432129,0.8975389621087932,10.35420520225734,0.0,0,two_ankles,accepted,0.7951516509056091,10.358597755432129,0.10152170594747581
109,3.6333333333333333,detected,1,5,0.8461315035820007,ankle_midpoint,760.347412109375,587.802734375,0.9727576971054077,0.9710261821746826,1.1827397346496582,0.9885310530662537,1.1686625572895686,1.105852311022198,0.0,0,two_ankles,accepted,1.1827397346496582,0.9885310530662537,0.05273756638154605
109,3.6333333333333333,detected,2,3,0.895888090133667,ankle_midpoint,1039.854736328125,591.5194702148438,0.9904516935348511,0.987158477306366,3.722201347351074,1.1126015186309814,3.69530147164053,1.1905912413258377,0.0,0,two_ankles,accepted,3.722201347351074,1.1126015186309814,0.05074584362997142
109,3.6333333333333333,detected,3,19,0.9360155463218689,ankle_midpoint,770.2523193359375,813.1044921875,0.9732164740562439,0.9747442603111267,1.8312498331069946,9.232784271240234,1.8006564309054014,9.122175303301267,0.0,0,two_ankles,accepted,1.8312498331069946,9.232784271240234,0.11439767157589528
109,3.6333333333333333,detected,4,1,0.9011589884757996,ankle_midpoint,571.2538452148438,862.6423950195312,0.9935306906700134,0.9893480539321899,0.7413028478622437,10.431265830993652,0.827232710697846,10.388882485188681,0.0,0,two_ankles,accepted,0.7413028478622437,10.431265830993652,0.09044524749824309
110,3.6666666666666665,detected,1,5,0.8602891564369202,ankle_midpoint,761.0267944335938,589.1270751953125,0.9730947613716125,0.9718138575553894,1.193872094154358,1.0583292245864868,1.1800068488787239,1.084466922126128,0.0,0,two_ankles,accepted,1.193872094154358,1.0583292245864868,0.07068036626751283
110,3.6666666666666665,detected,2,3,0.8968092203140259,ankle_midpoint,1041.193603515625,592.26806640625,0.9903035759925842,0.9860570430755615,3.73335337638855,1.1514538526535034,3.712424828777139,1.1729794164232872,0.0,0,two_ankles,accepted,3.73335337638855,1.1514538526535034,0.04042117774942137
110,3.6666666666666665,detected,3,19,0.9352513551712036,ankle_midpoint,770.74609375,812.0133056640625,0.9734270572662354,0.9747329354286194,1.832484245300293,9.205079078674316,1.8149789473831026,9.15948200221914,0.0,0,two_ankles,accepted,1.832484245300293,9.205079078674316,0.027732678712622767
110,3.6666666666666665,detected,4,1,0.9102123379707336,ankle_midpoint,564.1074829101562,860.7373046875,0.9880478382110596,0.9776066541671753,0.6935089230537415,10.389941215515137,0.767057006257999,10.389358913835586,0.0,0,two_ankles,accepted,0.6935089230537415,10.389941215515137,0.06318214220052953
111,3.7,detected,1,5,0.8175404667854309,ankle_midpoint,761.9723510742188,590.6690673828125,0.973905086517334,0.9735722541809082,1.208156943321228,1.1390998363494873,1.1926743913778508,1.1090517335266399,0.0,0,two_ankles,accepted,1.208156943321228,1.1390998363494873,0.08202407354118413
111,3.7,detected,2,3,0.8754261136054993,ankle_midpoint,1043.2510986328125,595.296142578125,0.9877287149429321,0.9827940464019775,3.747957229614258,1.3083035945892334,3.7284144091538427,1.233875296597963,0.0,0,two_ankles,accepted,3.747957229614258,1.3083035945892334,0.15752813740517316
111,3.7,detected,3,19,0.9283965826034546,ankle_midpoint,772.68408203125,807.878173828125,0.9782360792160034,0.9847561717033386,1.837618112564087,9.099319458007812,1.8251665717145458,9.132408857324043,0.0,0,two_ankles,accepted,1.837618112564087,9.099319458007812,0.10588415347258084
111,3.7,detected,4,1,0.9107522964477539,ankle_midpoint,555.83837890625,871.8316650390625,0.9835309386253357,0.9764389991760254,0.6791092753410339,10.634102821350098,0.7274805273453648,10.499493672217117,0.0,0,two_ankles,accepted,0.6791092753410339,10.634102821350098,0.24458585326661253
112,3.7333333333333334,detected,1,5,0.7779281735420227,ankle_midpoint,760.60986328125,592.0809326171875,0.9657540321350098,0.96924889087677,1.2010835409164429,1.2131918668746948,1.1964585086702173,1.1559147935332645,0.0,0,two_ankles,accepted,1.2010835409164429,1.2131918668746948,0.07442890573512621
112,3.7333333333333334,detected,2,3,0.8507590293884277,ankle_midpoint,1042.31298828125,595.8753051757812,0.986099123954773,0.9847399592399597,3.7387795448303223,1.3384279012680054,3.733078720208259,1.280923968699482,0.0,0,two_ankles,accepted,3.7387795448303223,1.3384279012680054,0.03149132818523201
112,3.7333333333333334,detected,3,19,0.9254069924354553,ankle_midpoint,776.22314453125,805.0904541015625,0.9851425290107727,0.9869086146354675,1.855290412902832,9.027012825012207,1.8387223002492745,9.084980642783716,0.0,0,two_ankles,accepted,1.855290412902832,9.027012825012207,0.0744349338309909
112,3.7333333333333334,detected,4,1,0.9128718972206116,ankle_midpoint,542.5535278320312,876.628662109375,0.9801252484321594,0.955659806728363,0.6170133352279663,10.738763809204102,0.6777702908925356,10.60716523386126,0.0,0,two_ankles,accepted,0.6170133352279663,10.738763809204102,0.12169563737908452
113,3.7666666666666666,detected,1,5,0.8276144862174988,ankle_midpoint,760.0933837890625,592.5067138671875,0.9665774703025818,0.9741421341896057,1.198007583618164,1.235481858253479,1.1971555923967934,1.1917199726573613,0.0,0,two_ankles,accepted,1.198007583618164,1.235481858253479,0.02250122727690887
113,3.7666666666666666,detected,2,3,0.8502408266067505,ankle_midpoint,1042.1973876953125,595.8983764648438,0.9858333468437195,0.9858608245849609,3.7377123832702637,1.3396462202072144,3.7351638685861612,1.3073489818779618,0.0,0,two_ankles,accepted,3.7377123832702637,1.3396462202072144,0.0016196094692554736
113,3.7666666666666666,detected,3,19,0.9251065254211426,ankle_midpoint,776.5184326171875,806.0237426757812,0.985650360584259,0.9862290620803833,1.8587462902069092,9.051068305969238,1.8477330957302103,9.069720091217203,0.0,0,two_ankles,accepted,1.8587462902069092,9.051068305969238,0.024302453621289532
113,3.7666666666666666,detected,4,1,0.9109206199645996,ankle_midpoint,539.3360595703125,878.814208984375,0.9789345860481262,0.951443612575531,0.6052772402763367,10.785673141479492,0.6451484181152461,10.687493792289466,0.0,0,two_ankles,accepted,0.6052772402763367,10.785673141479492,0.04835515876549958
114,3.8,detected,1,5,0.7417604923248291,ankle_midpoint,758.5303955078125,591.798095703125,0.9218373894691467,0.9569104313850403,1.181290626525879,1.1989814043045044,1.190016357754882,1.1949876168985756,0.0,0,two_ankles,accepted,1.181290626525879,1.1989814043045044,0.04014647920934685
114,3.8,detected,2,3,0.8348329067230225,ankle_midpoint,1041.19482421875,596.0910034179688,0.9816329479217529,0.9826013445854187,3.7284703254699707,1.349823236465454,3.732151774183876,1.3264623964423334,0.0,0,two_ankles,accepted,3.7284703254699707,1.349823236465454,0.013747264902679086
114,3.8,detected,3,19,0.9240818619728088,ankle_midpoint,775.3505859375,812.5051879882812,0.9834501147270203,0.9874289631843567,1.862269639968872,9.216890335083008,1.8542745406376082,9.135946700956815,0.0,0,two_ankles,accepted,1.862269639968872,9.216890335083008,0.16585945656776088
114,3.8,detected,4,1,0.9034671783447266,ankle_midpoint,532.5111083984375,874.8553466796875,0.9829441905021667,0.9624344110488892,0.5534547567367554,10.702093124389648,0.6038862704949253,10.69406349173455,0.0,0,two_ankles,accepted,0.5534547567367554,10.702093124389648,0.09834220384427404
115,3.8333333333333335,detected,1,5,0.7123900651931763,ankle_midpoint,758.5836181640625,590.67578125,0.9217473864555359,0.9661387801170349,1.1775648593902588,1.140317678451538,1.1844131834908016,1.1703861445974089,0.0,0,two_ankles,accepted,1.1775648593902588,1.140317678451538,0.05878191959863895
115,3.8333333333333335,detected,2,3,0.8546088337898254,ankle_midpoint,1040.590087890625,598.0426025390625,0.9725942611694336,0.9730830192565918,3.7205958366394043,1.4501017332077026,3.726951602288864,1.3821000979867497,0.0,0,two_ankles,accepted,3.7205958366394043,1.4501017332077026,0.10058719840629754
115,3.8333333333333335,detected,3,19,0.9234263300895691,ankle_midpoint,776.1217651367188,816.1673583984375,0.9875137209892273,0.9903258085250854,1.8731833696365356,9.30908203125,1.8627835136871256,9.21385759958875,0.0,0,two_ankles,accepted,1.8731833696365356,9.30908203125,0.09283543686225558
115,3.8333333333333335,detected,4,1,0.9016236066818237,ankle_midpoint,527.511962890625,871.927490234375,0.9905878305435181,0.9635343551635742,0.5150761008262634,10.63973617553711,0.5639216941440275,10.669616199445702,0.0,0,two_ankles,accepted,0.5150761008262634,10.63973617553711,0.07322096898904105
116,3.8666666666666667,detected,1,5,0.7127180695533752,ankle_midpoint,755.9766235351562,592.4768676757812,0.9117867946624756,0.9515568017959595,1.1608352661132812,1.2349759340286255,1.1738031206709176,1.1994515498414564,0.0,0,two_ankles,accepted,1.1608352661132812,1.2349759340286255,0.09612525495472192
116,3.8666666666666667,detected,2,3,0.8505347967147827,ankle_midpoint,1038.9017333984375,598.1709594726562,0.957952618598938,0.9555296301841736,3.7053511142730713,1.4570831060409546,3.7172313826817573,1.4158424516111419,0.0,0,two_ankles,accepted,3.7053511142730713,1.4570831060409546,0.016767263541301015
116,3.8666666666666667,detected,3,19,0.9220688343048096,ankle_midpoint,774.4820556640625,819.2198486328125,0.9908910393714905,0.992209792137146,1.8679803609848022,9.385544776916504,1.86512209497108,9.29111682938624,0.0,0,two_ankles,accepted,1.8679803609848022,9.385544776916504,0.07663956402466336
116,3.8666666666666667,detected,4,1,0.8982791900634766,ankle_midpoint,525.9788818359375,871.3150024414062,0.9898449182510376,0.961414098739624,0.5041829347610474,10.626694679260254,0.5370392524216865,10.650301515362251,0.0,0,two_ankles,accepted,0.5041829347610474,10.626694679260254,0.016992401009380924
117,3.9,detected,1,5,0.6776019930839539,ankle_midpoint,753.6768798828125,593.2646484375,0.9000751972198486,0.9467307329177856,1.1431336402893066,1.276461124420166,1.1600018544991926,1.2341058584018758,0.0,0,two_ankles,accepted,1.1431336402893066,1.276461124420166,0.04510397519769595
117,3.9,detected,2,3,0.8625609278678894,ankle_midpoint,1037.44482421875,599.7662353515625,0.9523511528968811,0.9527707099914551,3.690434694290161,1.5386838912963867,3.705172872905539,1.471121099469502,0.0,0,two_ankles,accepted,3.690434694290161,1.5386838912963867,0.08295292483939136
117,3.9,detected,3,19,0.921488344669342,ankle_midpoint,775.4163818359375,820.3135986328125,0.989406168460846,0.9904364943504333,1.8755913972854614,9.412574768066406,1.8698332810125518,9.345772901792316,0.0,0,two_ankles,accepted,1.8755913972854614,9.412574768066406,0.028081102099699554
117,3.9,detected,4,1,0.8999496698379517,ankle_midpoint,523.3970947265625,870.5103759765625,0.9907591342926025,0.9666992425918579,0.48654788732528687,10.609603881835938,0.5143181381283067,10.63198758027541,0.0,0,two_ankles,accepted,0.48654788732528687,10.609603881835938,0.02455789597381142
118,3.933333333333333,detected,1,5,0.7023859620094299,ankle_midpoint,758.972412109375,591.854736328125,0.9069780111312866,0.9232093691825867,1.1854866743087769,1.2018219232559204,1.1714700234135056,1.219578087586196,0.0,0,two_ankles,accepted,1.1854866743087769,1.2018219232559204,0.0858183537542589
118,3.933333333333333,detected,2,3,0.8674415946006775,ankle_midpoint,1039.0902099609375,599.9780883789062,0.9399689435958862,0.9370430707931519,3.70483136177063,1.5490247011184692,3.70501919289483,1.5061777202115374,0.0,0,two_ankles,accepted,3.70483136177063,1.5490247011184692,0.017725585528260125
118,3.933333333333333,detected,3,19,0.9264748096466064,ankle_midpoint,780.2255859375,817.8572998046875,0.9878514409065247,0.9890457987785339,1.9015713930130005,9.350787162780762,1.8841154314127537,9.348029319237117,0.0,0,two_ankles,accepted,1.9015713930130005,9.350787162780762,0.06702737011801639
118,3.933333333333333,detected,4,1,0.9147379398345947,ankle_midpoint,523.0588989257812,871.6419677734375,0.9790340065956116,0.9496806263923645,0.4883083999156952,10.634130477905273,0.5026137559326316,10.63295188420885,0.0,0,two_ankles,accepted,0.4883083999156952,10.634130477905273,0.024589699455856536
119,3.966666666666667,detected,1,5,0.7829387187957764,ankle_midpoint,760.760009765625,593.4991455078125,0.918235182762146,0.9255216717720032,1.207663893699646,1.2868174314498901,1.1877572650422688,1.2498357923248584,0.0,0,two_ankles,accepted,1.207663893699646,1.2868174314498901,0.08784113770359488
119,3.966666666666667,detected,2,3,0.8710319995880127,ankle_midpoint,1042.8760986328125,597.0326538085938,0.9271668791770935,0.9233683943748474,3.74233078956604,1.3978075981140137,3.721809411396875,1.4574111652676518,0.0,0,two_ankles,accepted,3.74233078956604,1.3978075981140137,0.1557973662359005
119,3.966666666666667,detected,3,19,0.9256945848464966,ankle_midpoint,783.4797973632812,815.7694702148438,0.9887579083442688,0.990288257598877,1.918575406074524,9.298057556152344,1.8996224200105505,9.32554202584897,0.0,0,two_ankles,accepted,1.918575406074524,9.298057556152344,0.05540350056976689
119,3.966666666666667,detected,4,1,0.9197845458984375,ankle_midpoint,521.8954467773438,872.3409423828125,0.9711805582046509,0.9589248299598694,0.4838595986366272,10.649364471435547,0.4941743851494296,10.640337548460865,0.0,0,two_ankles,accepted,0.4838595986366272,10.649364471435547,0.015870299042584232
120,4.0,detected,1,5,0.775764524936676,ankle_midpoint,765.0416259765625,592.885986328125,0.9034197926521301,0.9150494933128357,1.2439247369766235,1.2539328336715698,1.2130326274127285,1.2516794609308786,0.0,0,two_ankles,accepted,1.2439247369766235,1.2539328336715698,0.04895146091997088
120,4.0,detected,2,3,0.8743625283241272,ankle_midpoint,1041.9857177734375,597.0982055664062,0.9179572463035583,0.9157518148422241,3.73427414894104,1.4013944864273071,3.7274185432917495,1.4322036597894967,0.0,0,two_ankles,accepted,3.73427414894104,1.4013944864273071,0.008819026359663609
120,4.0,detected,3,19,0.9255720973014832,ankle_midpoint,793.9130249023438,811.2501831054688,0.9814744591712952,0.9882764220237732,1.9770625829696655,9.182394981384277,1.9344704933421526,9.261125855839857,0.0,0,two_ankles,accepted,1.9770625829696655,9.182394981384277,0.1296093401848113
120,4.0,detected,4,1,0.9199702739715576,ankle_midpoint,522.8977661132812,873.7916870117188,0.9650624990463257,0.9521216750144958,0.49442431330680847,10.68047046661377,0.4942868528202501,10.658397361629673,0.0,0,two_ankles,accepted,0.49442431330680847,10.68047046661377,0.03285112071284562
121,4.033333333333333,detected,1,5,0.7148302793502808,ankle_midpoint,772.8369750976562,597.962646484375,0.9259092211723328,0.9496843218803406,1.3315048217773438,1.5129870176315308,1.2663451148768055,1.369267861446172,0.0,0,two_ankles,accepted,1.3315048217773438,1.5129870176315308,0.27345811650207535
121,4.033333333333333,detected,2,3,0.8519729375839233,ankle_midpoint,1038.961669921875,602.7164306640625,0.9476074576377869,0.9506171345710754,3.700383424758911,1.6872227191925049,3.715252739951972,1.5469622365208504,0.0,0,two_ankles,accepted,3.700383424758911,1.6872227191925049,0.28783043590153073
121,4.033333333333333,detected,3,19,0.922890841960907,ankle_midpoint,803.7596435546875,812.5052490234375,0.9853681921958923,0.9899835586547852,2.0408711433410645,9.212845802307129,1.9823507858416631,9.23939983175013,0.0,0,two_ankles,accepted,2.0408711433410645,9.212845802307129,0.07070208534085848
121,4.033333333333333,detected,4,1,0.9254813194274902,ankle_midpoint,522.813232421875,873.8037109375,0.9820207953453064,0.9782820343971252,0.493974506855011,10.680739402770996,0.49414629713589253,10.66845128014327,0.0,0,two_ankles,accepted,0.493974506855011,10.680739402770996,0.0005240729918078529
122,4.066666666666666,detected,1,5,0.7157373428344727,ankle_midpoint,777.7645263671875,600.0299072265625,0.9433081150054932,0.9563239812850952,1.382232904434204,1.6165870428085327,1.3184946201776349,1.4805614930592343,0.0,0,two_ankles,accepted,1.382232904434204,1.6165870428085327,0.11535295222367174
122,4.066666666666666,detected,2,3,0.8575024008750916,ankle_midpoint,1040.003662109375,602.091064453125,0.96576327085495,0.9690835475921631,3.710373640060425,1.6555404663085938,3.713057145000776,1.595822439925335,0.0,0,two_ankles,accepted,3.710373640060425,1.6555404663085938,0.03322001730238401
122,4.066666666666666,detected,3,19,0.9231208562850952,ankle_midpoint,809.9642333984375,813.3057250976562,0.9849858283996582,0.9893888831138611,2.080981492996216,9.232224464416504,2.026734604061212,9.23617091645,0.0,0,two_ankles,accepted,2.080981492996216,9.232224464416504,0.044546298326660405
122,4.066666666666666,detected,4,1,0.929396390914917,ankle_midpoint,522.1190185546875,874.6720581054688,0.9907007217407227,0.99053555727005,0.4927995204925537,10.699463844299316,0.49354024764639015,10.682406934013493,0.0,0,two_ankles,accepted,0.4927995204925537,10.699463844299316,0.01876127137214978
123,4.1,detected,1,5,0.7287623286247253,ankle_midpoint,785.75341796875,597.72314453125,0.9729191064834595,0.9801223278045654,1.4458156824111938,1.4975601434707642,1.3757890981827365,1.4882108857444227,0.0,0,two_ankles,accepted,1.4458156824111938,1.4975601434707642,0.1349450718671655
123,4.1,detected,2,3,0.8503246307373047,ankle_midpoint,1040.2191162109375,605.0042724609375,0.9634274244308472,0.9671578407287598,3.7087364196777344,1.8012340068817139,3.7111128186054074,1.6882576450557054,0.0,0,two_ankles,accepted,3.7087364196777344,1.8012340068817139,0.14570273935418268
123,4.1,detected,3,19,0.926754891872406,ankle_midpoint,818.871826171875,819.5048828125,0.9766210913658142,0.9823221564292908,2.144880533218384,9.386401176452637,2.0799002721819395,9.303774533451186,0.0,0,two_ankles,accepted,2.144880533218384,9.386401176452637,0.16689381616940413
123,4.1,detected,4,1,0.9275883436203003,ankle_midpoint,526.3629760742188,870.3514404296875,0.9916553497314453,0.9900360107421875,0.5032616257667542,10.60578441619873,0.49791486780055394,10.64792680099685,0.0,0,two_ankles,accepted,0.5032616257667542,10.60578441619873,0.0942618209882522
124,4.133333333333334,detected,1,5,0.7487480640411377,ankle_midpoint,793.8777465820312,604.0772705078125,0.9686288833618164,0.9757677316665649,1.5373262166976929,1.8154670000076294,1.4309038660858167,1.5020847457920667,0.0,0,two_ankles,corrected_motion_outlier,1.4982663601895807,1.5190416858502984,0.3308155790142773
124,4.133333333333334,detected,2,3,0.8674952387809753,ankle_midpoint,1040.321044921875,609.5570068359375,0.9769749641418457,0.9780690670013428,3.70416259765625,2.025738000869751,3.707985219178287,1.8401238051720261,0.0,0,two_ankles,accepted,3.70416259765625,2.025738000869751,0.22455058041444653
124,4.133333333333334,detected,3,19,0.928132176399231,ankle_midpoint,820.9641723632812,823.517578125,0.9738775491714478,0.9805522561073303,2.1629157066345215,9.48533821105957,2.1172572176856015,9.385478188374961,0.0,0,two_ankles,accepted,2.1629157066345215,9.48533821105957,0.10056741170460606
124,4.133333333333334,detected,4,1,0.9327161908149719,ankle_midpoint,532.6002197265625,872.3399658203125,0.991434633731842,0.9934843182563782,0.5459164381027222,10.647997856140137,0.5195155744365296,10.647958775811329,0.0,0,two_ankles,accepted,0.5459164381027222,10.647997856140137,0.06001172824626334
125,4.166666666666667,detected,1,5,0.7647219300270081,ankle_midpoint,798.952880859375,603.5496826171875,0.9621204733848572,0.9694851636886597,1.580496907234192,1.7879551649093628,1.4982207346025855,1.63072643439485,0.0,0,two_ankles,accepted,1.580496907234192,1.7879551649093628,0.1600533511021771
125,4.166666666666667,detected,2,3,0.8755787014961243,ankle_midpoint,1039.1197509765625,610.3198852539062,0.9815471172332764,0.981000542640686,3.692770481109619,2.063269853591919,3.7011385870473865,1.940539526960978,0.0,0,two_ankles,accepted,3.692770481109619,2.063269853591919,0.03922270118401495
125,4.166666666666667,detected,3,19,0.9255034923553467,ankle_midpoint,820.108642578125,823.8348388671875,0.9733745455741882,0.9789386987686157,2.1580114364624023,9.493256568908691,2.135596616135162,9.43397845961514,0.0,0,two_ankles,accepted,2.1580114364624023,9.493256568908691,0.009314089163620625
125,4.166666666666667,detected,4,1,0.9362385272979736,ankle_midpoint,537.7079467773438,870.2139892578125,0.9780096411705017,0.9859527349472046,0.5687630772590637,10.601372718811035,0.54167695070667,10.626995050161197,0.0,0,two_ankles,accepted,0.5687630772590637,10.601372718811035,0.051921790721215104
126,4.2,detected,1,5,0.7664481401443481,ankle_midpoint,804.0836791992188,610.635986328125,0.9683802127838135,0.9756131768226624,1.645303726196289,2.135153293609619,1.5611929819917978,1.7306313222106842,0.0,0,two_ankles,corrected_motion_outlier,1.638159062134168,1.8527372962078148,0.3531946550514968
126,4.2,detected,2,3,0.9012812972068787,ankle_midpoint,1036.206298828125,612.791015625,0.9823190569877625,0.9813631772994995,3.6645901203155518,2.1838607788085938,3.684691777018061,2.0500340902924052,0.0,0,two_ankles,accepted,3.6645901203155518,2.1838607788085938,0.12383983195683634
126,4.2,detected,3,19,0.9189019203186035,ankle_midpoint,822.160888671875,824.1497192382812,0.99111407995224,0.9933724403381348,2.1711061000823975,9.50070571899414,2.151575883911418,9.464005726335692,0.0,0,two_ankles,accepted,2.1711061000823975,9.50070571899414,0.01506519340454585
126,4.2,detected,4,1,0.924975574016571,ankle_midpoint,552.6326904296875,870.2103881835938,0.9849385023117065,0.9818148016929626,0.6555229425430298,10.599410057067871,0.5929076470330319,10.6145818032692,0.0,0,two_ankles,accepted,0.6555229425430298,10.599410057067871,0.08678206188614107
127,4.233333333333333,detected,1,5,0.8390435576438904,ankle_midpoint,810.5753173828125,614.0604248046875,0.9430582523345947,0.9593963623046875,1.7106730937957764,2.29866099357605,1.6284590323035881,1.986244674325099,0.0,0,two_ankles,accepted,1.7106730937957764,2.29866099357605,0.2635176858304979
127,4.233333333333333,detected,2,3,0.9154805541038513,ankle_midpoint,1034.454345703125,615.9439697265625,0.9803342223167419,0.9760328531265259,3.6459860801696777,2.335622787475586,3.667274213436289,2.1785490040248368,0.0,0,two_ankles,accepted,3.6459860801696777,2.335622787475586,0.1528980627228138
127,4.233333333333333,detected,3,19,0.9197434782981873,ankle_midpoint,824.988037109375,823.0035400390625,0.9845022559165955,0.9916268587112427,2.187222957611084,9.472126007080078,2.167617067076268,9.467659852670666,0.0,0,two_ankles,accepted,2.187222957611084,9.472126007080078,0.032810867554680496
127,4.233333333333333,detected,4,1,0.9285071492195129,ankle_midpoint,572.983154296875,869.31201171875,0.9938446283340454,0.9924325942993164,0.7712196111679077,10.577326774597168,0.6731480308937261,10.597817040366786,0.0,0,two_ankles,accepted,0.7712196111679077,10.577326774597168,0.11778535772996437
128,4.266666666666667,detected,1,5,0.8251023888587952,ankle_midpoint,812.2351684570312,615.1517333984375,0.9476308226585388,0.9651418924331665,1.7278023958206177,2.35042405128479,1.6731635458862515,2.1501253939569605,0.0,0,two_ankles,accepted,1.7278023958206177,2.35042405128479,0.0545236382793427
128,4.266666666666667,detected,2,3,0.9076127409934998,ankle_midpoint,1032.309814453125,617.847412109375,0.9797201752662659,0.9770664572715759,3.6255109310150146,2.426626443862915,3.6484807363467158,2.290183851951972,0.0,0,two_ankles,accepted,3.6255109310150146,2.426626443862915,0.09327859995073234
128,4.266666666666667,detected,3,19,0.9191004633903503,ankle_midpoint,827.3114013671875,823.2034301757812,0.9869130849838257,0.9924506545066833,2.201864004135132,9.476723670959473,2.1830281887527567,9.47173857090063,0.0,0,two_ankles,accepted,2.201864004135132,9.476723670959473,0.015345968736682048
128,4.266666666666667,detected,4,1,0.9284694194793701,ankle_midpoint,588.7713623046875,860.7103271484375,0.993778645992279,0.9925360679626465,0.8386072516441345,10.386167526245117,0.7476046802314099,10.502574759012035,0.0,0,two_ankles,accepted,0.8386072516441345,10.386167526245117,0.20268929996295865
129,4.3,detected,1,5,0.8275663256645203,ankle_midpoint,814.220703125,614.7677001953125,0.9872379302978516,0.9901790618896484,1.7439600229263306,2.3316240310668945,1.7050219605542871,2.2317997806564307,0.0,0,two_ankles,accepted,1.7439600229263306,2.3316240310668945,0.024789305635304668
129,4.3,detected,2,3,0.906082034111023,ankle_midpoint,1030.7689208984375,622.4004516601562,0.9728926420211792,0.9726350903511047,3.6077377796173096,2.6408488750457764,3.6301464058184827,2.4479831123441844,0.0,0,two_ankles,accepted,3.6077377796173096,2.6408488750457764,0.2149584493163772
129,4.3,detected,3,19,0.9151365160942078,ankle_midpoint,840.50390625,820.57666015625,0.9903959631919861,0.9934996366500854,2.2807939052581787,9.409980773925781,2.227022761180197,9.443947562261949,0.0,0,two_ankles,accepted,2.2807939052581787,9.409980773925781,0.10336606597788217
129,4.3,detected,4,1,0.9296390414237976,ankle_midpoint,613.0782470703125,856.1558227539062,0.9916793704032898,0.9915302991867065,0.9693459868431091,10.281146049499512,0.8473882682066747,10.402931839731401,0.0,0,two_ankles,accepted,0.9693459868431091,10.281146049499512,0.16769653383196492
130,4.333333333333333,detected,1,5,0.8280099630355835,ankle_midpoint,815.777587890625,615.169189453125,0.9856656193733215,0.9881381392478943,1.758397102355957,2.3504183292388916,1.7290407743650387,2.285178127518538,0.0,0,two_ankles,accepted,1.758397102355957,2.3504183292388916,0.023699259613651984
130,4.333333333333333,detected,2,3,0.886388897895813,ankle_midpoint,1029.8250732421875,624.890380859375,0.9752341508865356,0.975543200969696,3.5972859859466553,2.7564940452575684,3.6153592168761604,2.586813032155207,0.0,0,two_ankles,accepted,3.5972859859466553,2.7564940452575684,0.11611651641454057
130,4.333333333333333,detected,3,19,0.9154444932937622,ankle_midpoint,856.60595703125,818.4878540039062,0.9875041842460632,0.9938656687736511,2.3789784908294678,9.355770111083984,2.295402839522369,9.404267709231865,0.0,0,two_ankles,accepted,2.3789784908294678,9.355770111083984,0.11215618043403922
130,4.333333333333333,detected,4,1,0.9271549582481384,ankle_midpoint,635.3753662109375,865.81982421875,0.996632993221283,0.9960814118385315,1.1258656978607178,10.493095397949219,0.9727031115509941,10.443505440929421,0.0,0,two_ankles,accepted,1.1258656978607178,10.493095397949219,0.2634785498770081
131,4.366666666666666,detected,1,5,0.8287019729614258,ankle_midpoint,817.6754760742188,616.2161865234375,0.9847338795661926,0.9876419305801392,1.7773339748382568,2.399808406829834,1.750772714577987,2.3367617532086213,0.0,0,two_ankles,accepted,1.7773339748382568,2.399808406829834,0.052895981925380614
131,4.366666666666666,detected,2,3,0.8812381029129028,ankle_midpoint,1028.22509765625,624.6427001953125,0.9684311747550964,0.9689275026321411,3.583932638168335,2.7454288005828857,3.6012172564576392,2.6581901279476625,0.0,0,two_ankles,accepted,3.583932638168335,2.7454288005828857,0.017342189498427356
131,4.366666666666666,detected,3,19,0.9155063629150391,ankle_midpoint,867.5069580078125,816.3192138671875,0.9910292625427246,0.9952648878097534,2.4451210498809814,9.29997444152832,2.362776034183745,9.35733573876527,0.0,0,two_ankles,accepted,2.4451210498809814,9.29997444152832,0.08653320090605589
131,4.366666666666666,detected,4,1,0.9227147102355957,ankle_midpoint,645.9124755859375,867.6683349609375,0.9941567182540894,0.9951713681221008,1.1919808387756348,10.532249450683594,1.0713780888020823,10.4834402453188,0.0,0,two_ankles,accepted,1.1919808387756348,10.532249450683594,0.0768391287283084
132,4.4,detected,1,5,0.8355840444564819,ankle_midpoint,816.617919921875,614.2164306640625,0.9757496118545532,0.9820716977119446,1.7632818222045898,2.3046958446502686,1.7564018130099583,2.3223320943573627,0.0,0,two_ankles,accepted,1.7632818222045898,2.3046958446502686,0.09614500755630306
132,4.4,detected,2,3,0.8115797638893127,ankle_midpoint,1030.4188232421875,626.8077392578125,0.946723222732544,0.9438103437423706,3.600475788116455,2.8445184230804443,3.6008835957041065,2.7420378607574145,0.0,0,two_ankles,accepted,3.600475788116455,2.8445184230804443,0.10046108249921785
132,4.4,detected,3,19,0.899837851524353,ankle_midpoint,896.3604736328125,816.7871704101562,0.9821227788925171,0.9907025098800659,2.626007318496704,9.307634353637695,2.481230112124577,9.334970115457862,0.0,0,two_ankles,accepted,2.626007318496704,9.307634353637695,0.181048381454358
132,4.4,detected,4,1,0.9194436073303223,ankle_midpoint,674.5294189453125,870.4844360351562,0.9971885085105896,0.9974918365478516,1.365212082862854,10.58996295928955,1.2036033861294295,10.531375466605638,0.0,0,two_ankles,accepted,1.365212082862854,10.58996295928955,0.18259220411511443
133,4.433333333333334,detected,1,5,0.8478922247886658,ankle_midpoint,818.032470703125,609.5119018554688,0.9730121493339539,0.9836503863334656,1.7638206481933594,2.077146530151367,1.759740288842489,2.211998590464665,0.0,0,two_ankles,accepted,1.7638206481933594,2.077146530151367,0.2275499524552051
133,4.433333333333334,detected,2,3,0.8612697720527649,ankle_midpoint,1030.276123046875,625.2784423828125,0.9396669268608093,0.9402000904083252,3.600740671157837,2.7742838859558105,3.6008192796582854,2.756548572096693,0.0,0,two_ankles,accepted,3.600740671157837,2.7742838859558105,0.07023503661376687
133,4.433333333333334,detected,3,19,0.8988582491874695,ankle_midpoint,926.1871337890625,821.0172119140625,0.9874585866928101,0.9928816556930542,2.8141555786132812,9.408903121948242,2.631046572044494,9.368239968378534,0.0,0,two_ankles,accepted,2.8141555786132812,9.408903121948242,0.21367061384296718
133,4.433333333333334,detected,4,1,0.9322878122329712,ankle_midpoint,697.1769409179688,874.926025390625,0.9951245188713074,0.9943564534187317,1.5058743953704834,10.682998657226562,1.339625340287904,10.599605902385054,0.0,0,two_ankles,accepted,1.5058743953704834,10.682998657226562,0.16864615990475704
134,4.466666666666667,detected,1,5,0.8608636260032654,ankle_midpoint,817.8845825195312,609.14990234375,0.9717673659324646,0.9835613369941711,1.7616229057312012,2.0595297813415527,1.7605874664424095,2.1433876263592646,0.0,0,two_ankles,accepted,1.7616229057312012,2.0595297813415527,0.017753307031594764
134,4.466666666666667,detected,2,3,0.8452673554420471,ankle_midpoint,1028.20068359375,623.4364013671875,0.9320479035377502,0.9287083148956299,3.584855556488037,2.6895971298217773,3.5936356042316735,2.726420423072981,0.0,0,two_ankles,accepted,3.584855556488037,2.6895971298217773,0.08616370194332355
134,4.466666666666667,detected,3,19,0.8986567258834839,ankle_midpoint,939.7770385742188,824.4974975585938,0.9737790822982788,0.9888041615486145,2.8995604515075684,9.49289608001709,2.7518778178028778,9.424335218615884,0.0,0,two_ankles,accepted,2.8995604515075684,9.49289608001709,0.119786515598562
134,4.466666666666667,detected,4,1,0.9315764307975769,ankle_midpoint,711.2437133789062,879.6346435546875,0.9931914210319519,0.9917346239089966,1.5961068868637085,10.781745910644531,1.455042036247016,10.68156890610182,0.0,0,two_ankles,accepted,1.5961068868637085,10.781745910644531,0.1337644294222776
135,4.5,detected,1,5,0.866494357585907,ankle_midpoint,819.185302734375,607.8103637695312,0.9746493101119995,0.9852965474128723,1.7696259021759033,1.9936825037002563,1.7646547625224818,2.076020321162711,0.0,0,two_ankles,accepted,1.7696259021759033,1.9936825037002563,0.06633183191246783
135,4.5,detected,2,3,0.8240664005279541,ankle_midpoint,1028.875732421875,623.153076171875,0.9261300563812256,0.906735897064209,3.590872049331665,2.6762900352478027,3.59239200452667,2.7038617485516507,0.0,0,two_ankles,accepted,3.590872049331665,2.6762900352478027,0.014604004660987019
135,4.5,detected,3,19,0.9023732542991638,ankle_midpoint,964.3504028320312,833.638671875,0.9902104139328003,0.9965043067932129,3.052095651626587,9.711352348327637,2.886975843023547,9.553492926986173,0.0,0,two_ankles,accepted,3.052095651626587,9.711352348327637,0.26643972759241197
135,4.5,detected,4,1,0.9263750910758972,ankle_midpoint,736.786865234375,893.2168579101562,0.9901402592658997,0.9910775423049927,1.7655023336410522,11.062024116516113,1.5706126854443887,10.758689306163443,0.0,0,two_ankles,corrected_motion_outlier,1.7118657011300664,10.852947572905427,0.32749151145562355
136,4.533333333333333,detected,1,5,0.8801174759864807,ankle_midpoint,822.14501953125,609.4842529296875,0.9833788275718689,0.9908782839775085,1.799604892730713,2.074808359146118,1.780382321116186,2.0754749382552444,0.0,0,two_ankles,accepted,1.799604892730713,2.074808359146118,0.08648782744703574
136,4.533333333333333,detected,2,3,0.8163323402404785,ankle_midpoint,1031.405517578125,616.1380615234375,0.9513341784477234,0.9627732634544373,3.61946439743042,2.345601797103882,3.5906062716571454,2.6871023707911768,0.0,0,two_ankles,corrected_motion_outlier,3.5884237092610594,2.666618686861708,0.3319220288208225
136,4.533333333333333,detected,3,19,0.9157429933547974,ankle_midpoint,979.6402587890625,840.4086303710938,0.9833311438560486,0.9953579306602478,3.1450610160827637,9.87015438079834,3.0031141709001945,9.695990581201649,0.0,0,two_ankles,accepted,3.1450610160827637,9.87015438079834,0.18401262050548603
136,4.533333333333333,detected,4,1,0.921738862991333,ankle_midpoint,749.6998291015625,898.0465087890625,0.9935779571533203,0.9960021376609802,1.8459250926971436,11.158987045288086,1.6945032687081285,10.938823288769534,0.0,0,two_ankles,accepted,1.8459250926971436,11.158987045288086,0.22622997681175736
137,4.566666666666666,detected,1,5,0.8922913074493408,ankle_midpoint,823.3797607421875,605.318359375,0.9869154691696167,0.992628812789917,1.8002197742462158,1.8698465824127197,1.7893091750246994,1.9829421781261085,0.0,0,two_ankles,accepted,1.8002197742462158,1.8698465824127197,0.2049626990478745
137,4.566666666666666,detected,2,3,0.8205654621124268,ankle_midpoint,1033.3121337890625,614.1253662109375,0.953484296798706,0.9649214148521423,3.638038158416748,2.2488210201263428,3.611950620698967,2.4898757629920016,0.0,0,two_ankles,accepted,3.638038158416748,2.2488210201263428,0.21503162600832518
137,4.566666666666666,detected,3,19,0.9202985763549805,ankle_midpoint,987.5411376953125,842.484375,0.9825202822685242,0.9940266609191895,3.192667007446289,9.91784954071045,3.088412947345937,9.795827112980609,0.0,0,two_ankles,accepted,3.192667007446289,9.91784954071045,0.06738811981904332
137,4.566666666666666,detected,4,1,0.9238524436950684,ankle_midpoint,750.2739868164062,898.94580078125,0.9938650727272034,0.995618462562561,1.8505123853683472,11.177135467529297,1.764707371205227,11.046063769211429,0.0,0,two_ankles,accepted,1.8505123853683472,11.177135467529297,0.018719200941721796
138,4.6,detected,1,5,0.895302951335907,ankle_midpoint,823.143310546875,602.76708984375,0.9853469133377075,0.9917137622833252,1.791835069656372,1.7429399490356445,1.790445827608952,1.8749411750353997,0.0,0,two_ankles,accepted,1.791835069656372,1.7429399490356445,0.12718331992113716
138,4.6,detected,2,3,0.8403344750404358,ankle_midpoint,1037.34375,611.481689453125,0.9756522178649902,0.9847713112831116,3.675950765609741,2.1202049255371094,3.6407506859088157,2.3235238861373,0.0,0,two_ankles,accepted,3.675950765609741,2.1202049255371094,0.13408752951545058
138,4.6,detected,3,19,0.917601466178894,ankle_midpoint,990.0416259765625,842.17919921875,0.9798012971878052,0.9954661130905151,3.2078428268432617,9.910362243652344,3.1421563931197336,9.84736792178289,0.0,0,two_ankles,accepted,3.2078428268432617,9.910362243652344,0.01692232583322536
138,4.6,detected,4,1,0.9316393136978149,ankle_midpoint,755.42529296875,896.6642456054688,0.9882850646972656,0.9936914443969727,1.8760850429534912,11.130221366882324,1.814827323491946,11.083934688163332,0.0,0,two_ankles,accepted,1.8760850429534912,11.130221366882324,0.05343120488517272
139,4.633333333333334,detected,1,5,0.8901953101158142,ankle_midpoint,823.98583984375,601.7581176757812,0.9868801832199097,0.9912931323051453,1.7967787981033325,1.6921747922897339,1.7932956643314233,1.7926963027998504,0.0,0,two_ankles,accepted,1.7967787981033325,1.6921747922897339,0.051005309433373336
139,4.633333333333334,detected,2,3,0.8591262102127075,ankle_midpoint,1044.995361328125,614.906005859375,0.9863507151603699,0.9883788824081421,3.738295793533325,2.2834956645965576,3.684645984339845,2.305511186443966,0.0,0,two_ankles,accepted,3.738295793533325,2.2834956645965576,0.17478777980560678
139,4.633333333333334,detected,3,19,0.9260913729667664,ankle_midpoint,994.7152099609375,841.7427368164062,0.983364462852478,0.9901290535926819,3.2362136840820312,9.899497032165527,3.184482174052768,9.870826021455077,0.0,0,two_ankles,accepted,3.2362136840820312,9.899497032165527,0.030380229773915284
139,4.633333333333334,detected,4,1,0.9294545650482178,ankle_midpoint,765.8663330078125,896.1475830078125,0.9932217597961426,0.9951320886611938,1.9341877698898315,11.118444442749023,1.8685395243709948,11.099464077726893,0.0,0,two_ankles,accepted,1.9341877698898315,11.118444442749023,0.05928425439760924
140,4.666666666666667,detected,1,5,0.8606465458869934,ankle_midpoint,825.60791015625,601.779052734375,0.9876347184181213,0.9914421439170837,1.8111833333969116,1.692825436592102,1.8013451154108933,1.7477544130063638,0.0,0,two_ankles,accepted,1.8111833333969116,1.692825436592102,0.014419222414269437
140,4.666666666666667,detected,2,3,0.8757939338684082,ankle_midpoint,1050.96240234375,615.6505126953125,0.9803290367126465,0.9833317995071411,3.7889294624328613,2.3177011013031006,3.7315735494817024,2.310996648130577,0.0,0,two_ankles,accepted,3.7889294624328613,2.3177011013031006,0.06110466697817091
140,4.666666666666667,detected,3,19,0.9336947798728943,ankle_midpoint,996.509033203125,841.0128784179688,0.9818913340568542,0.9903627038002014,3.247236728668213,9.88210678100586,3.212721723629718,9.87590236325293,0.0,0,two_ankles,accepted,3.247236728668213,9.88210678100586,0.02058952032819807
140,4.666666666666667,detected,4,1,0.9272659420967102,ankle_midpoint,772.998046875,895.7985229492188,0.9944842457771301,0.9958426356315613,1.973924994468689,11.110469818115234,1.9159629859149572,11.104416660901649,0.0,0,two_ankles,accepted,1.973924994468689,11.110469818115234,0.0405295158530223
141,4.7,detected,1,5,0.8348586559295654,ankle_midpoint,829.6964111328125,602.68359375,0.9875768423080444,0.9926980137825012,1.8495116233825684,1.7371506690979004,1.8230200439981472,1.7429827282475554,0.0,0,two_ankles,accepted,1.8495116233825684,1.7371506690979004,0.05859849870020286
141,4.7,detected,2,3,0.8735274076461792,ankle_midpoint,1054.5386962890625,615.6041259765625,0.9651626348495483,0.9666442275047302,3.819897174835205,2.3146369457244873,3.771319180890779,2.312634782047837,0.0,0,two_ankles,accepted,3.819897174835205,2.3146369457244873,0.031118937334752
141,4.7,detected,3,19,0.9192409515380859,ankle_midpoint,1004.6607055664062,840.0386962890625,0.9835168719291687,0.9917287230491638,3.2969231605529785,9.858067512512207,3.2506123702451855,9.867876680419606,0.0,0,two_ankles,accepted,3.2969231605529785,9.858067512512207,0.05519626747479724
141,4.7,detected,4,1,0.924281120300293,ankle_midpoint,785.3866577148438,891.7422485351562,0.9944116473197937,0.9960488677024841,2.038611888885498,11.025816917419434,1.9711549922517007,11.069046776334652,0.0,0,two_ankles,accepted,2.038611888885498,11.025816917419434,0.10653876245528908
142,4.733333333333333,detected,1,5,0.8564607501029968,ankle_midpoint,833.1636352539062,603.3384399414062,0.988452136516571,0.9933313727378845,1.8816533088684082,1.7690205574035645,1.8494050131897648,1.7546997513677596,0.0,0,two_ankles,accepted,1.8816533088684082,1.7690205574035645,0.04526342592520092
142,4.733333333333333,detected,2,3,0.8542612791061401,ankle_midpoint,1056.3494873046875,613.5107421875,0.9561852216720581,0.9579601287841797,3.838542938232422,2.2137632369995117,3.801569871694518,2.268142586776091,0.0,0,two_ankles,accepted,3.838542938232422,2.2137632369995117,0.1025825014541769
142,4.733333333333333,detected,3,19,0.9231609106063843,ankle_midpoint,1012.718017578125,836.7882080078125,0.9916092753410339,0.995000422000885,3.3469762802124023,9.779991149902344,3.2939761297304333,9.828328191686838,0.0,0,two_ankles,accepted,3.3469762802124023,9.779991149902344,0.09274283361008255
142,4.733333333333333,detected,4,1,0.9183686375617981,ankle_midpoint,801.8135986328125,892.9583740234375,0.9930865168571472,0.9963035583496094,2.1331841945648193,11.048849105834961,2.0440681332926043,11.059957824609793,0.0,0,two_ankles,accepted,2.1331841945648193,11.048849105834961,0.09733654352149217
143,4.766666666666667,detected,1,5,0.8817025423049927,ankle_midpoint,833.618408203125,605.1241455078125,0.9897195100784302,0.9937223792076111,1.8897600173950195,1.8577244281768799,1.8675647650821294,1.8010608559318637,0.0,0,two_ankles,accepted,1.8897600173950195,1.8577244281768799,0.0890735393554364
143,4.766666666666667,detected,2,3,0.8424795866012573,ankle_midpoint,1060.13720703125,616.4896850585938,0.9300380945205688,0.941656768321991,3.8669660091400146,2.355565071105957,3.830998133544992,2.3074827047245305,0.0,0,two_ankles,accepted,3.8669660091400146,2.355565071105957,0.14462237418798615
143,4.766666666666667,detected,3,19,0.9218230247497559,ankle_midpoint,1017.574462890625,834.2447509765625,0.9938414096832275,0.9958410859107971,3.3775887489318848,9.718618392944336,3.3316018083710865,9.778958782252712,0.0,0,two_ankles,accepted,3.3775887489318848,9.718618392944336,0.0685838066727707
143,4.766666666666667,detected,4,1,0.9194373488426208,ankle_midpoint,809.51123046875,894.327880859375,0.9785526394844055,0.9898791313171387,2.178297281265259,11.076011657714844,2.104471249880299,11.067182049507066,0.0,0,two_ankles,accepted,2.178297281265259,11.076011657714844,0.05265923296316319
144,4.8,detected,1,5,0.8813334703445435,ankle_midpoint,836.2448120117188,607.3485107421875,0.9891713261604309,0.993429958820343,1.917815923690796,1.9668720960617065,1.8901777864560296,1.875675913990293,0.0,0,two_ankles,accepted,1.917815923690796,1.9668720960617065,0.11269581750346286
144,4.8,detected,2,3,0.7832137942314148,ankle_midpoint,1058.929443359375,614.8687744140625,0.8270591497421265,0.8411483764648438,3.85892391204834,2.2784018516540527,3.843564733871499,2.2943963208428153,0.0,0,two_ankles,accepted,3.85892391204834,2.2784018516540527,0.0775811688608432
144,4.8,detected,3,19,0.9265324473381042,ankle_midpoint,1033.47705078125,825.4486083984375,0.9919845461845398,0.9948081374168396,3.4795634746551514,9.503223419189453,3.398184558198916,9.654877868874246,0.0,0,two_ankles,accepted,3.4795634746551514,9.503223419189453,0.23831458076500922
144,4.8,detected,4,1,0.9276553988456726,ankle_midpoint,824.5042724609375,902.0905151367188,0.9673382043838501,0.9809118509292603,2.270807981491089,11.231690406799316,2.1793227791051546,11.14121081028858,0.0,0,two_ankles,accepted,2.270807981491089,11.231690406799316,0.18109142048363194
145,4.833333333333333,detected,1,5,0.8382760286331177,ankle_midpoint,839.5765380859375,605.5286865234375,0.9897468090057373,0.9944586753845215,1.943031668663025,1.8763070106506348,1.9139620334491778,1.875959907487447,0.0,0,two_ankles,accepted,1.943031668663025,1.8763070106506348,0.0940099382513318
145,4.833333333333333,detected,2,3,0.7531189322471619,ankle_midpoint,1065.436767578125,619.6034545898438,0.729464590549469,0.7840641736984253,3.907836437225342,2.5017879009246826,3.872487000380728,2.3877225318796556,0.0,0,two_ankles,accepted,3.907836437225342,2.5017879009246826,0.228678293958852
145,4.833333333333333,detected,3,19,0.9336850047111511,ankle_midpoint,1050.487548828125,818.2177734375,0.987847089767456,0.9900211691856384,3.5898540019989014,9.321708679199219,3.4844358079089095,9.504951733520485,0.0,0,two_ankles,accepted,3.5898540019989014,9.321708679199219,0.2123949181489163
145,4.833333333333333,detected,4,1,0.9274094700813293,ankle_midpoint,827.2064208984375,914.414306640625,0.9711225628852844,0.9758574366569519,2.2977216243743896,11.47535228729248,2.2326022594763106,11.291574474940337,0.0,0,two_ankles,accepted,2.2977216243743896,11.47535228729248,0.2451437459506459
146,4.866666666666666,detected,1,5,0.8564098477363586,ankle_midpoint,843.8961181640625,604.466064453125,0.9931390881538391,0.9967464208602905,1.978740930557251,1.8225486278533936,1.9431125371478108,1.851924831652123,0.0,0,two_ankles,accepted,1.978740930557251,1.8225486278533936,0.06453770298054577
146,4.866666666666666,detected,2,3,0.790457010269165,ankle_midpoint,1067.6971435546875,620.9261474609375,0.7153162360191345,0.7613141536712646,3.925133466720581,2.563387870788574,3.8961779102336624,2.466771934388669,0.0,0,two_ankles,accepted,3.925133466720581,2.563387870788574,0.0639823687947823
146,4.866666666666666,detected,3,19,0.92523193359375,ankle_midpoint,1054.5966796875,814.9622192382812,0.9944000840187073,0.9950326681137085,3.6179370880126953,9.239306449890137,3.5445113839556135,9.385411355886829,0.0,0,two_ankles,accepted,3.6179370880126953,9.239306449890137,0.0870562296172117
146,4.866666666666666,detected,4,1,0.923266589641571,ankle_midpoint,829.9530029296875,912.3112182617188,0.9757986068725586,0.9817681312561035,2.310927629470825,11.43390941619873,2.267848675973842,11.355625198506615,0.0,0,two_ankles,accepted,2.310927629470825,11.43390941619873,0.043496093331473584
147,4.9,detected,1,5,0.7299606204032898,ankle_midpoint,854.4222412109375,601.832763671875,0.9927853345870972,0.9965178966522217,2.0662951469421387,1.6884088516235352,1.9985447115552584,1.7783426406392586,0.0,0,two_ankles,accepted,2.0662951469421387,1.6884088516235352,0.16018495676488545
147,4.9,detected,2,3,0.7604559659957886,ankle_midpoint,1082.002685546875,614.8984375,0.779615581035614,0.8218020796775818,4.0585832595825195,2.274341583251953,3.9200591852373967,2.541192678456351,0.0,0,two_ankles,corrected_motion_outlier,3.9492474102419606,2.632151365650185,0.3183655187886988
147,4.9,detected,3,19,0.9181951284408569,ankle_midpoint,1071.7098388671875,813.329345703125,0.9976917505264282,0.9974827170372009,3.72686767578125,9.195551872253418,3.62657171527715,9.299974588251795,0.0,0,two_ankles,accepted,3.72686767578125,9.195551872253418,0.11738967593349274
147,4.9,detected,4,1,0.9239073991775513,ankle_midpoint,840.4462890625,908.3616943359375,0.9555023908615112,0.9634389281272888,2.3655641078948975,11.354879379272461,2.311820620338317,11.355289579851245,0.0,0,two_ankles,accepted,2.3655641078948975,11.354879379272461,0.09607752864823095
148,4.933333333333334,detected,1,5,0.7078472375869751,ankle_midpoint,867.0108642578125,600.7849731445312,0.9823052883148193,0.9932275414466858,2.1758906841278076,1.632568120956421,2.0783503992129058,1.7127441067819817,0.0,0,two_ankles,accepted,2.1758906841278076,1.632568120956421,0.12300149987887359
148,4.933333333333334,detected,2,3,0.6424049139022827,ankle_midpoint,1093.1851806640625,615.7142944335938,0.7622677087783813,0.8000807166099548,4.15373420715332,2.3107423782348633,4.025212945099563,2.4374900433566817,0.0,0,two_ankles,accepted,4.15373420715332,2.3107423782348633,0.1703584775070673
148,4.933333333333334,detected,3,19,0.9244706630706787,ankle_midpoint,1094.924560546875,810.9517211914062,0.9919875860214233,0.990126371383667,3.875624418258667,9.131721496582031,3.738645431618833,9.224260697000402,0.0,0,two_ankles,accepted,3.875624418258667,9.131721496582031,0.16187305301019966
148,4.933333333333334,detected,4,1,0.926788866519928,ankle_midpoint,845.8275146484375,903.265869140625,0.9720087051391602,0.9739746451377869,2.3912177085876465,11.2527437210083,2.3475493100505154,11.309143943371922,0.0,0,two_ankles,accepted,2.3912177085876465,11.2527437210083,0.10530811895365105
149,4.966666666666667,detected,1,5,0.7688805460929871,ankle_midpoint,872.2022705078125,600.427001953125,0.984760582447052,0.9937885403633118,2.2213447093963623,1.6132155656814575,2.1426978387954616,1.667956263286746,0.0,0,two_ankles,accepted,2.2213447093963623,1.6132155656814575,0.049402325945090086
149,4.966666666666667,detected,2,3,0.7784993052482605,ankle_midpoint,1106.8232421875,615.3143310546875,0.7164152264595032,0.7493541836738586,4.272534370422363,2.288372755050659,4.136507586494823,2.370387263618972,0.0,0,two_ankles,accepted,4.272534370422363,2.288372755050659,0.1208878771182394
149,4.966666666666667,detected,3,19,0.9243280291557312,ankle_midpoint,1101.969970703125,811.9739990234375,0.9968848824501038,0.9957049489021301,3.9189493656158447,9.156784057617188,3.8197822019174885,9.193896209277955,0.0,0,two_ankles,accepted,3.9189493656158447,9.156784057617188,0.05005180345545158
149,4.966666666666667,detected,4,1,0.9290413856506348,ankle_midpoint,851.5939331054688,895.7351684570312,0.9761356115341187,0.9811537861824036,2.4173805713653564,11.099712371826172,2.378973377642194,11.214899736176335,0.0,0,two_ankles,accepted,2.4173805713653564,11.099712371826172,0.15525169635539557
150,5.0,detected,1,5,0.7479506731033325,ankle_midpoint,882.7421875,602.06005859375,0.9891496300697327,0.9950615763664246,2.3173232078552246,1.6928296089172363,2.2212792548723552,1.6791492688204666,0.0,0,two_ankles,accepted,2.3173232078552246,1.6928296089172363,0.12470071389838268
150,5.0,detected,2,3,0.80475914478302,ankle_midpoint,1112.8587646484375,620.5591430664062,0.8459111452102661,0.8507446646690369,4.312550067901611,2.5356335639953613,4.215726703127878,2.4447480987883474,0.0,0,two_ankles,accepted,4.312550067901611,2.5356335639953613,0.2504778706487645
150,5.0,detected,3,19,0.9152402281761169,ankle_midpoint,1119.96337890625,815.629150390625,0.9975202679634094,0.9969782829284668,4.027700424194336,9.246854782104492,3.91334540194207,9.217727567049899,0.0,0,two_ankles,accepted,4.027700424194336,9.246854782104492,0.14120739411096847
150,5.0,detected,4,1,0.927573025226593,ankle_midpoint,855.8843383789062,888.8399658203125,0.9862080812454224,0.9869224429130554,2.4361331462860107,10.957197189331055,2.404695273531912,11.09893359009596,0.0,0,two_ankles,accepted,2.4361331462860107,10.957197189331055,0.1437436478866851
151,5.033333333333333,detected,1,5,0.6153318881988525,ankle_midpoint,886.7347412109375,600.7349853515625,0.9744540452957153,0.9871883988380432,2.3507916927337646,1.6251590251922607,2.2795598519099896,1.654853659187774,0.0,0,two_ankles,accepted,2.3507916927337646,1.6251590251922607,0.07549468446019225
151,5.033333333333333,detected,2,3,0.8502762913703918,ankle_midpoint,1109.7559814453125,616.2325439453125,0.9539523720741272,0.9669176340103149,4.295801639556885,2.3315682411193848,4.251760424520931,2.3938171628373146,0.0,0,two_ankles,accepted,4.295801639556885,2.3315682411193848,0.20475147338296495
151,5.033333333333333,detected,3,19,0.9182180762290955,ankle_midpoint,1139.6055908203125,817.01220703125,0.9860446453094482,0.9869645237922668,4.148998737335205,9.278889656066895,4.019389402868981,9.245250507107547,0.0,0,two_ankles,accepted,4.148998737335205,9.278889656066895,0.12545721948380392
151,5.033333333333333,detected,4,1,0.9229140877723694,ankle_midpoint,858.7684326171875,880.1749877929688,0.9882232546806335,0.9893003106117249,2.445727825164795,10.774903297424316,2.4231599217667092,10.95311995839372,0.0,0,two_ankles,accepted,2.445727825164795,10.774903297424316,0.18254621576272834
152,5.066666666666666,detected,1,5,0.5575927495956421,ankle_midpoint,891.454833984375,603.795654296875,0.9524379968643188,0.9723443388938904,2.3967230319976807,1.7775156497955322,2.332283282949451,1.7100515549612654,0.0,0,two_ankles,accepted,2.3967230319976807,1.7775156497955322,0.1591295980862113
152,5.066666666666666,detected,2,3,0.8582895398139954,ankle_midpoint,1105.39306640625,616.306396484375,0.9541571140289307,0.9646719694137573,4.257953643798828,2.3361244201660156,4.254547373195985,2.36785542863523,0.0,0,two_ankles,accepted,4.257953643798828,2.3361244201660156,0.03812124801743552
152,5.066666666666666,detected,3,19,0.88987797498703,ankle_midpoint,1145.78173828125,821.726318359375,0.9859135746955872,0.986770510673523,4.180609703063965,9.395730972290039,4.091938537956724,9.31296671643967,0.0,0,two_ankles,accepted,4.180609703063965,9.395730972290039,0.1210419197264389
152,5.066666666666666,detected,4,1,0.9263256788253784,ankle_midpoint,866.42626953125,874.28662109375,0.9879459142684937,0.9914040565490723,2.48540997505188,10.648022651672363,2.451172445745036,10.81582617036911,0.0,0,two_ankles,accepted,2.48540997505188,10.648022651672363,0.13294123245289138
153,5.1,detected,1,5,0.32988905906677246,ankle_midpoint,887.6317138671875,598.7870483398438,0.8717467784881592,0.8935681581497192,2.356020212173462,1.5262798070907593,2.342964901100256,1.6273542684195377,0.0,0,two_ankles,accepted,2.356020212173462,1.5262798070907593,0.2545116268487949
153,5.1,detected,2,3,0.8783480525016785,ankle_midpoint,1106.537841796875,614.7620849609375,0.9699870347976685,0.9783065915107727,4.271307468414307,2.261970281600952,4.26208941604423,2.320207112469805,0.0,0,two_ankles,accepted,4.271307468414307,2.261970281600952,0.07534693688656224
153,5.1,detected,3,19,0.9170467257499695,ankle_midpoint,1166.0545654296875,830.325439453125,0.9910964965820312,0.9937970638275146,4.292693138122559,9.603830337524414,4.182278108031349,9.443855345927805,0.0,0,two_ankles,accepted,4.292693138122559,9.603830337524414,0.23636421519655593
153,5.1,detected,4,1,0.9203926920890808,ankle_midpoint,873.048583984375,868.37646484375,0.9891816973686218,0.9924008846282959,2.519624710083008,10.518882751464844,2.4819759646971233,10.682201631862192,0.0,0,two_ankles,accepted,2.519624710083008,10.518882751464844,0.13359551608814718
154,5.133333333333334,detected,1,5,0.21583183109760284,ankle_midpoint,886.6860961914062,603.65234375,0.806310772895813,0.8679811358451843,2.3544580936431885,1.771538496017456,2.348136837744576,1.692237170838601,0.0,0,two_ankles,accepted,2.3544580936431885,1.771538496017456,0.24526366365270016
154,5.133333333333334,detected,2,3,0.8793317079544067,ankle_midpoint,1109.082275390625,614.4570922851562,0.9840365052223206,0.9883622527122498,4.294045448303223,2.2467222213745117,4.2764696305607774,2.287138911476923,0.0,0,two_ankles,accepted,4.294045448303223,2.2467222213745117,0.027377345928667078
154,5.133333333333334,detected,3,19,0.9224641919136047,ankle_midpoint,1181.525146484375,839.0045776367188,0.9854195713996887,0.9861437082290649,4.372867584228516,9.809761047363281,4.268043372320075,9.608512911573769,0.0,0,two_ankles,accepted,4.372867584228516,9.809761047363281,0.22098732783383015
154,5.133333333333334,detected,4,1,0.9180358648300171,ankle_midpoint,878.0640869140625,864.5792236328125,0.9939336180686951,0.9934584498405457,2.5463485717773438,10.43477725982666,2.510943637883223,10.570860664446204,0.0,0,two_ankles,accepted,2.5463485717773438,10.43477725982666,0.08824907085946325
155,5.166666666666667,detected,2,3,0.8739587068557739,ankle_midpoint,1110.404296875,612.3994750976562,0.986160397529602,0.989490807056427,4.310290336608887,2.1471738815307617,4.2916889482824265,2.2241546480011505,0.0,0,two_ankles,accepted,4.310290336608887,2.1471738815307617,0.1008650998200579
155,5.166666666666667,detected,3,19,0.9247309565544128,ankle_midpoint,1189.927490234375,844.1968994140625,0.9855015873908997,0.9907738566398621,4.414803981781006,9.930832862854004,4.334085646577494,9.753556889649875,0.0,0,two_ankles,accepted,4.414803981781006,9.930832862854004,0.1281290207014012
155,5.166666666666667,detected,4,1,0.9163881540298462,ankle_midpoint,882.8579711914062,863.717529296875,0.9943828582763672,0.9937350153923035,2.573939085006714,10.415107727050781,2.539291589088794,10.500771842618265,0.0,0,two_ankles,accepted,2.573939085006714,10.415107727050781,0.03388402189648422
155,5.166666666666667,predicted,1,,,motion_prediction,,,,,,,2.3677677122594005,1.8161869319398403,,1,,motion_prediction,2.3677677122594005,1.8161869319398403,
156,5.2,detected,2,3,0.9031404852867126,ankle_midpoint,1111.68505859375,610.279541015625,0.9886713027954102,0.9903283715248108,4.326450347900391,2.0438120365142822,4.307331578110511,2.14300047283206,0.0,0,two_ankles,accepted,4.326450347900391,2.0438120365142822,0.10461747927642044
156,5.2,detected,3,19,0.9260358810424805,ankle_midpoint,1208.2796630859375,856.8031005859375,0.9684688448905945,0.9662060737609863,4.50210428237915,10.218295097351074,4.402223039863882,9.893467289766097,0.0,0,two_ankles,corrected_motion_outlier,4.4855020761028,10.064468889908143,0.3004261618877008
156,5.2,detected,4,1,0.916240394115448,ankle_midpoint,893.2008056640625,855.8806762695312,0.9966788291931152,0.9969251751899719,2.630223512649536,10.238502502441406,2.580210954691128,10.38275063953868,0.0,0,two_ankles,accepted,2.630223512649536,10.238502502441406,0.1853573363921911
156,5.2,predicted,1,,,motion_prediction,,,,,,,2.381077330875613,1.8608353678622245,,2,,motion_prediction,2.381077330875613,1.8608353678622245,
157,5.233333333333333,detected,2,3,0.9071593880653381,ankle_midpoint,1110.2431640625,607.5634765625,0.9913294315338135,0.9926210641860962,4.320276260375977,1.9109057188034058,4.313156685129971,2.0385578335191656,0.0,0,two_ankles,accepted,4.320276260375977,1.9109057188034058,0.13304964729086494
157,5.233333333333333,detected,3,19,0.9289354085922241,ankle_midpoint,1220.99560546875,876.7476806640625,0.9751970767974854,0.9803687930107117,4.539947509765625,10.656511306762695,4.4715127486162025,10.03055422200438,0.0,0,two_ankles,corrected_motion_outlier,4.556200170424594,10.198104916962283,0.36819495737658364
157,5.233333333333333,detected,4,1,0.918529748916626,ankle_midpoint,908.0416259765625,857.7297973632812,0.995029628276825,0.9960971474647522,2.719226837158203,10.278253555297852,2.6427681018013116,10.335726951630306,0.0,0,two_ankles,accepted,2.719226837158203,10.278253555297852,0.09747685867317941
157,5.233333333333333,predicted,1,,,motion_prediction,,,,,,,2.394386949491825,1.9054838037846087,,3,,motion_prediction,2.394386949491825,1.9054838037846087,
158,5.266666666666667,detected,1,5,0.6442626714706421,ankle_midpoint,891.2315673828125,601.4063720703125,0.9490795135498047,0.9674504399299622,2.391587972640991,1.6578775644302368,2.367689848447963,1.676775347954837,0.0,0,two_ankles,accepted,2.391587972640991,1.6578775644302368,0.029892970833109333
158,5.266666666666667,detected,2,3,0.9113656878471375,ankle_midpoint,1108.452392578125,606.6810302734375,0.9924984574317932,0.9936820268630981,4.306625843048096,1.8677494525909424,4.310217806193127,1.9616940621014654,0.0,0,two_ankles,accepted,4.306625843048096,1.8677494525909424,0.04526364111101004
158,5.266666666666667,detected,3,19,0.9242168664932251,ankle_midpoint,1222.20947265625,880.5733642578125,0.9907722473144531,0.9901936650276184,4.539920806884766,10.738211631774902,4.502296374837056,10.349000056401117,0.0,0,two_ankles,accepted,4.539920806884766,10.738211631774902,0.2723385753123144
158,5.266666666666667,detected,4,1,0.9192221164703369,ankle_midpoint,910.937255859375,857.203369140625,0.9943032264709473,0.9960981607437134,2.7361505031585693,10.266030311584473,2.684790182412078,10.304363463609683,0.0,0,two_ankles,accepted,2.7361505031585693,10.266030311584473,0.020876258231987077
159,5.3,detected,1,5,0.5984063148498535,ankle_midpoint,892.59765625,606.143310546875,0.9839821457862854,0.9919948577880859,2.409832000732422,1.8937768936157227,2.3866538169759695,1.7744260435022357,0.0,0,two_ankles,accepted,2.409832000732422,1.8937768936157227,0.23660375751699955
159,5.3,detected,2,3,0.8987681269645691,ankle_midpoint,1106.8974609375,609.5963134765625,0.9919539093971252,0.9932550191879272,4.286199569702148,2.01157808303833,4.299409599772187,1.9841418715230545,0.0,0,two_ankles,accepted,4.286199569702148,2.01157808303833,0.14527184028287993
159,5.3,detected,3,19,0.9214245676994324,ankle_midpoint,1232.78466796875,888.9095458984375,0.9854560494422913,0.9834823608398438,4.58514404296875,10.912572860717773,4.539577825496318,10.602607818343614,0.0,0,two_ankles,accepted,4.58514404296875,10.912572860717773,0.1801304506194777
159,5.3,detected,4,1,0.9212492108345032,ankle_midpoint,913.5650634765625,855.3880615234375,0.9945054650306702,0.9961698651313782,2.750960350036621,10.224709510803223,2.7145667578431225,10.268519184846777,0.0,0,two_ankles,accepted,2.750960350036621,10.224709510803223,0.04389464821313744
160,5.333333333333333,detected,1,5,0.5424811840057373,ankle_midpoint,893.505859375,609.165771484375,0.980544924736023,0.9913432598114014,2.4216198921203613,2.0420615673065186,2.402388550790946,1.894862029214163,0.0,0,two_ankles,accepted,2.4216198921203613,2.0420615673065186,0.14875247505490347
160,5.333333333333333,detected,2,3,0.8974385857582092,ankle_midpoint,1104.863037109375,616.4019775390625,0.9895211458206177,0.9908851981163025,4.253165245056152,2.340808391571045,4.290394901713253,1.9972220599952661,0.0,0,two_ankles,corrected_motion_outlier,4.279376937419,2.013208957016858,0.33088345782369305
160,5.333333333333333,detected,3,19,0.9234462380409241,ankle_midpoint,1242.07373046875,894.8009033203125,0.9767876267433167,0.9725502729415894,4.626835346221924,11.033419609069824,4.578843709822841,10.796473124170408,0.0,0,two_ankles,accepted,4.626835346221924,11.033419609069824,0.12783622864513797
160,5.333333333333333,detected,4,1,0.9217582941055298,ankle_midpoint,916.4415283203125,851.1654663085938,0.9944279193878174,0.9967340230941772,2.7663416862487793,10.128257751464844,2.7378654756256684,10.205401539824908,0.0,0,two_ankles,accepted,2.7663416862487793,10.128257751464844,0.09767050416138955
161,5.366666666666666,detected,1,5,0.6362972855567932,ankle_midpoint,890.6075439453125,609.5718994140625,0.9782376289367676,0.9904084205627441,2.396843194961548,2.062584638595581,2.399893140667717,1.9703372034358013,0.0,0,two_ankles,accepted,2.396843194961548,2.062584638595581,0.03217267749559395
161,5.366666666666666,detected,2,3,0.9034436345100403,ankle_midpoint,1099.289306640625,617.6221923828125,0.9747109413146973,0.9775205254554749,4.202461242675781,2.4001739025115967,4.250824755146391,2.178550389127615,0.0,0,two_ankles,accepted,4.202461242675781,2.4001739025115967,0.19875790444990762
161,5.366666666666666,detected,3,19,0.9236618280410767,ankle_midpoint,1249.3206787109375,896.2884521484375,0.9595463871955872,0.9556682109832764,4.665003776550293,11.063064575195312,4.617615739850195,10.916439277131616,0.0,0,two_ankles,accepted,4.665003776550293,11.063064575195312,0.04832859495488066
161,5.366666666666666,detected,4,1,0.9224221706390381,ankle_midpoint,919.1944580078125,849.4758911132812,0.9889886975288391,0.9943407773971558,2.7821390628814697,10.089153289794922,2.7577885898907795,10.153089827311415,0.0,0,two_ankles,accepted,2.7821390628814697,10.089153289794922,0.0421748269820928
162,5.4,detected,1,5,0.5598268508911133,ankle_midpoint,890.4515380859375,611.4068603515625,0.9286519885063171,0.9589822292327881,2.397864818572998,2.1518070697784424,2.3989803957250935,2.05199864328999,0.0,0,two_ankles,accepted,2.397864818572998,2.1518070697784424,0.08922827993962396
162,5.4,detected,2,3,0.8932432532310486,ankle_midpoint,1097.908447265625,617.4423217773438,0.9848104119300842,0.9861530065536499,4.190942287445068,2.3919596672058105,4.223877644680797,2.274584564262803,0.0,0,two_ankles,accepted,4.190942287445068,2.3919596672058105,0.014147791038391516
162,5.4,detected,3,19,0.9243161082267761,ankle_midpoint,1251.101806640625,897.5931396484375,0.9733346700668335,0.965506374835968,4.672517776489258,11.089529037475586,4.642321656337773,10.994329669286403,0.0,0,two_ankles,accepted,4.672517776489258,11.089529037475586,0.02751050633606694
162,5.4,detected,4,1,0.9247453212738037,ankle_midpoint,924.2662353515625,844.4425659179688,0.9900321960449219,0.994416356086731,2.8107502460479736,9.97204303741455,2.781621335161517,10.071618771857827,0.0,0,two_ankles,accepted,2.8107502460479736,9.97204303741455,0.1205545976509459
163,5.433333333333334,detected,1,5,0.5832287073135376,ankle_midpoint,890.6998291015625,608.9476928710938,0.9135090112686157,0.9544723033905029,2.396836757659912,2.0320816040039062,2.398015758595762,2.0430359756112524,0.0,0,two_ankles,accepted,2.396836757659912,2.0320816040039062,0.1197298795797049
163,5.433333333333334,detected,2,3,0.8770084977149963,ankle_midpoint,1094.44384765625,619.995361328125,0.9887102246284485,0.9923412799835205,4.155924320220947,2.5134432315826416,4.193298648673865,2.3820709645567306,0.0,0,two_ankles,accepted,4.155924320220947,2.5134432315826416,0.12642987954676407
163,5.433333333333334,detected,3,19,0.9254668951034546,ankle_midpoint,1252.3662109375,895.66748046875,0.9803674221038818,0.9752996563911438,4.683467388153076,11.049968719482422,4.66083723565466,11.019367241874612,0.0,0,two_ankles,accepted,4.683467388153076,11.049968719482422,0.04104768879375168
163,5.433333333333334,detected,4,1,0.9182099103927612,ankle_midpoint,927.365234375,836.645263671875,0.9942671656608582,0.9966986775398254,2.8268446922302246,9.788162231445312,2.8019718458424356,9.944063328672197,0.0,0,two_ankles,accepted,2.8268446922302246,9.788162231445312,0.1845838075287484
164,5.466666666666667,detected,1,5,0.5118466019630432,ankle_midpoint,890.4720458984375,608.4683227539062,0.8885210156440735,0.9394649863243103,2.3942208290100098,2.008678913116455,2.3963080402821735,2.0275752974885934,0.0,0,two_ankles,accepted,2.3942208290100098,2.008678913116455,0.023548439937179914
164,5.466666666666667,detected,2,3,0.8768625259399414,ankle_midpoint,1094.57666015625,621.6361694335938,0.9925254583358765,0.9953814744949341,4.153765678405762,2.5903568267822266,4.175508812053219,2.4757996025582036,0.0,0,two_ankles,accepted,4.153765678405762,2.5903568267822266,0.07694388124478702
164,5.466666666666667,detected,3,19,0.9280641674995422,ankle_midpoint,1252.77880859375,895.252685546875,0.9811913371086121,0.9788458347320557,4.686627388000488,11.04140567779541,4.672442804210283,11.029284538038972,0.0,0,two_ankles,accepted,4.686627388000488,11.04140567779541,0.009127501408882119
164,5.466666666666667,detected,4,1,0.9170894622802734,ankle_midpoint,926.40380859375,830.9302978515625,0.9947078227996826,0.9968516230583191,2.8190085887908936,9.651387214660645,2.8096383801692415,9.812359077366999,0.0,0,two_ankles,accepted,2.8190085887908936,9.651387214660645,0.13699930559516751
165,5.5,detected,1,5,0.4909537136554718,ankle_midpoint,890.136474609375,607.233154296875,0.8957985639572144,0.9470126628875732,2.389660596847534,1.948120355606079,2.3933166907365857,1.991820573641462,0.0,0,two_ankles,accepted,2.389660596847534,1.948120355606079,0.06073001403847352
165,5.5,detected,2,3,0.8979135155677795,ankle_midpoint,1092.983642578125,626.22802734375,0.9906936287879944,0.9922796487808228,4.13114070892334,2.8035736083984375,4.155543165644774,2.623297905186309,0.0,0,two_ankles,accepted,4.13114070892334,2.8035736083984375,0.21441381766774154
165,5.5,detected,3,19,0.9283313155174255,ankle_midpoint,1252.1070556640625,892.617431640625,0.9852869510650635,0.9830139875411987,4.688058853149414,10.987197875976562,4.679470026232892,11.010345540110889,0.0,0,two_ankles,accepted,4.688058853149414,10.987197875976562,0.05422669887153424
165,5.5,detected,4,1,0.9147871136665344,ankle_midpoint,927.0394287109375,820.075927734375,0.9918290972709656,0.9954063892364502,2.8191254138946533,9.385416030883789,2.813907545345677,9.620234706449555,0.0,0,two_ankles,accepted,2.8191254138946533,9.385416030883789,0.2659712094339662
166,5.533333333333333,detected,1,5,0.5452589988708496,ankle_midpoint,889.502685546875,600.9183349609375,0.9124760627746582,0.9481905698776245,2.3756022453308105,1.633720874786377,2.390659240514,1.9626236328066269,0.0,0,two_ankles,corrected_motion_outlier,2.3874112457975065,1.9269384828973837,0.3147136329857129
166,5.533333333333333,detected,2,3,0.8978648781776428,ankle_midpoint,1092.3157958984375,632.3116455078125,0.9798880815505981,0.981758177280426,4.11384391784668,3.0802133083343506,4.136778504135632,2.8289098366029277,0.0,0,two_ankles,accepted,4.11384391784668,3.0802133083343506,0.2771799100984443
166,5.533333333333333,detected,3,19,0.9227405190467834,ankle_midpoint,1248.3896484375,891.057861328125,0.9897469282150269,0.9910613894462585,4.67000150680542,10.955354690551758,4.67520919249053,10.985599657809281,0.0,0,two_ankles,accepted,4.67000150680542,10.955354690551758,0.03660677826558153
166,5.533333333333333,detected,4,1,0.9111682772636414,ankle_midpoint,927.0484008789062,815.3775634765625,0.9894961714744568,0.9941621422767639,2.8175082206726074,9.267875671386719,2.8155278492427955,9.46167314067128,0.0,0,two_ankles,accepted,2.8175082206726074,9.267875671386719,0.11755148414468428
167,5.566666666666666,detected,1,5,0.5810075402259827,ankle_midpoint,890.2968139648438,602.15966796875,0.9599642157554626,0.9810585975646973,2.384317398071289,1.6959644556045532,2.3878054114147806,1.8426270030656937,0.0,0,two_ankles,accepted,2.384317398071289,1.6959644556045532,0.12610625250036375
167,5.566666666666666,detected,2,3,0.8980016708374023,ankle_midpoint,1091.718994140625,633.0966796875,0.9808581471443176,0.9811960458755493,4.107366561889648,3.1155781745910645,4.12354313012494,2.9579105886975894,0.0,0,two_ankles,accepted,4.107366561889648,3.1155781745910645,0.03595316266407376
167,5.566666666666666,detected,3,19,0.929307222366333,ankle_midpoint,1241.568603515625,889.296142578125,0.9805194735527039,0.9831075668334961,4.634554862976074,10.919556617736816,4.6569147442090255,10.955880289776672,0.0,0,two_ankles,accepted,4.634554862976074,10.919556617736816,0.05037823514205652
167,5.566666666666666,detected,4,1,0.9083078503608704,ankle_midpoint,927.7880249023438,814.2091064453125,0.9892956614494324,0.993722140789032,2.8217334747314453,9.238304138183594,2.818320380712688,9.36115708955182,0.0,0,two_ankles,accepted,2.8217334747314453,9.238304138183594,0.029871865489876095
168,5.6,detected,1,5,0.7634838819503784,ankle_midpoint,888.9794921875,602.7889404296875,0.9559670686721802,0.9775116443634033,2.373518943786621,1.727827548980713,2.3813765009821086,1.7909672487274526,0.0,0,two_ankles,accepted,2.373518943786621,1.727827548980713,0.0336431766400846
168,5.6,detected,2,3,0.8756895065307617,ankle_midpoint,1088.559326171875,638.3843383789062,0.9755370616912842,0.9780940413475037,4.071345329284668,3.3509681224823,4.100054119746818,3.1347864789007094,0.0,0,two_ankles,accepted,4.071345329284668,3.3509681224823,0.23813012570151765
168,5.6,detected,3,19,0.9305332899093628,ankle_midpoint,1222.81884765625,887.2760009765625,0.9852443933486938,0.9830617904663086,4.531192779541016,10.879658699035645,4.600339860108422,10.92158057394321,0.0,0,two_ankles,accepted,4.531192779541016,10.879658699035645,0.11079514523985848
168,5.6,detected,4,1,0.910195529460907,ankle_midpoint,930.1079711914062,813.3063354492188,0.990545392036438,0.9939725995063782,2.836000919342041,9.215142250061035,2.8262766230958967,9.295450411780969,0.0,0,two_ankles,accepted,2.836000919342041,9.215142250061035,0.027203548245005416
169,5.633333333333334,detected,1,5,0.7794970273971558,ankle_midpoint,890.2476806640625,605.7028198242188,0.9776530265808105,0.9902114272117615,2.3886122703552246,1.8725636005401611,2.384632597200011,1.8276856070431715,0.0,0,two_ankles,accepted,2.3886122703552246,1.8725636005401611,0.14552090271822044
169,5.633333333333334,detected,2,3,0.8620815873146057,ankle_midpoint,1083.38330078125,640.4403076171875,0.9592655301094055,0.9602311253547668,4.024926662445068,3.4421486854553223,4.066246763961031,3.2730994718502853,0.0,0,two_ankles,accepted,4.024926662445068,3.4421486854553223,0.10231611649805254
169,5.633333333333334,detected,3,19,0.9233095645904541,ankle_midpoint,1198.1873779296875,883.9959716796875,0.9927088022232056,0.9920111298561096,4.39566707611084,10.813742637634277,4.50823710730951,10.87305350260419,0.0,0,two_ankles,accepted,4.39566707611084,10.813742637634277,0.15070548576914103
169,5.633333333333334,detected,4,1,0.9172614216804504,ankle_midpoint,934.2802734375,809.0244140625,0.982588529586792,0.9894425868988037,2.8609516620635986,9.105473518371582,2.8418803906313626,9.209960809746747,0.0,0,two_ankles,accepted,2.8609516620635986,9.105473518371582,0.11247119752510248
170,5.666666666666667,detected,1,5,0.7659558057785034,ankle_midpoint,889.8707275390625,608.8494873046875,0.9761905074119568,0.9886391162872314,2.389465808868408,2.027479648590088,2.38680754245079,1.917592925739284,0.0,0,two_ankles,accepted,2.389465808868408,2.027479648590088,0.15491839939594232
170,5.666666666666667,detected,2,3,0.8664001226425171,ankle_midpoint,1078.610107421875,637.942138671875,0.9627376198768616,0.9650492668151855,3.989607095718384,3.33371901512146,4.03175891325184,3.300378266322314,0.0,0,two_ankles,accepted,3.989607095718384,3.33371901512146,0.11403712203695243
170,5.666666666666667,detected,3,19,0.9272986650466919,ankle_midpoint,1181.45263671875,880.5882568359375,0.9816624522209167,0.9763177633285522,4.304783821105957,10.743597030639648,4.416683128517912,10.814798090220147,0.0,0,two_ankles,accepted,4.304783821105957,10.743597030639648,0.11480493116990877
170,5.666666666666667,detected,4,1,0.9209654331207275,ankle_midpoint,936.19140625,805.481689453125,0.9880471229553223,0.9900509715080261,2.872025489807129,9.013972282409668,2.8554456852604577,9.121765972445061,0.0,0,two_ankles,accepted,2.872025489807129,9.013972282409668,0.09216889846065893
171,5.7,detected,1,5,0.6921421885490417,ankle_midpoint,884.5572509765625,612.3807373046875,0.9704086184501648,0.9881370663642883,2.347975730895996,2.2002968788146973,2.3693332272511327,2.04480970462322,0.0,0,two_ankles,accepted,2.347975730895996,2.2002968788146973,0.17772794274582282
171,5.7,detected,2,3,0.8712641596794128,ankle_midpoint,1071.286865234375,634.007080078125,0.9293094873428345,0.9242874979972839,3.9349570274353027,3.160889148712158,3.988198064634399,3.237608163397744,0.0,0,two_ankles,accepted,3.9349570274353027,3.160889148712158,0.18126442752620414
171,5.7,detected,3,19,0.9250679016113281,ankle_midpoint,1150.008056640625,879.276123046875,0.9912896156311035,0.9892376661300659,4.125171184539795,10.7195463180542,4.2855027537277595,10.771934792745471,0.0,0,two_ankles,accepted,4.125171184539795,10.7195463180542,0.1812157167304098
171,5.7,detected,4,1,0.9237925410270691,ankle_midpoint,943.649658203125,802.2567138671875,0.9798458218574524,0.9850478172302246,2.9187145233154297,8.929056167602539,2.8839166623851953,9.035046560265926,0.0,0,two_ankles,accepted,2.9187145233154297,8.929056167602539,0.09690517222458629
172,5.733333333333333,detected,1,5,0.6970259547233582,ankle_midpoint,881.5629272460938,610.905029296875,0.9853717684745789,0.9941772222518921,2.3198704719543457,2.1296117305755615,2.347074987367579,2.082970616301774,0.0,0,two_ankles,accepted,2.3198704719543457,2.1296117305755615,0.07606770511699307
172,5.733333333333333,detected,2,3,0.8946099281311035,ankle_midpoint,1069.25341796875,634.414306640625,0.924902617931366,0.9207003116607666,3.9173483848571777,3.179513931274414,3.9563157087346497,3.2114657589422455,0.0,0,two_ankles,accepted,3.9173483848571777,3.179513931274414,0.025630973819491653
172,5.733333333333333,detected,3,19,0.9201970100402832,ankle_midpoint,1120.690185546875,888.746826171875,0.9856141209602356,0.9806988835334778,3.9455244541168213,10.922898292541504,4.132512518902837,10.839868367653686,0.0,0,two_ankles,accepted,3.9455244541168213,10.922898292541504,0.2713392217862172
172,5.733333333333333,detected,4,1,0.9191020727157593,ankle_midpoint,946.5130615234375,800.8154907226562,0.966536819934845,0.9711691737174988,2.936711549758911,8.8909273147583,2.907674361703368,8.970192899787495,0.0,0,two_ankles,accepted,2.936711549758911,8.8909273147583,0.04216280801873789
173,5.766666666666667,detected,1,5,0.6341301202774048,ankle_midpoint,880.551025390625,613.6475830078125,0.973124086856842,0.9856619238853455,2.315049171447754,2.262230157852173,2.3326633702036577,2.1636374099994535,0.0,0,two_ankles,accepted,2.315049171447754,2.262230157852173,0.13270603675755188
173,5.766666666666667,detected,2,3,0.8927667737007141,ankle_midpoint,1070.77978515625,632.4366455078125,0.930633544921875,0.9242135882377625,3.933164596557617,3.0906808376312256,3.9458977082549858,3.1571125443522865,0.0,0,two_ankles,accepted,3.933164596557617,3.0906808376312256,0.09023010073568914
173,5.766666666666667,detected,3,19,0.9200699329376221,ankle_midpoint,1109.128662109375,891.1783447265625,0.987054705619812,0.9813318252563477,3.8771395683288574,10.974820137023926,4.017594691144547,10.900596663870296,0.0,0,two_ankles,accepted,3.8771395683288574,10.974820137023926,0.0858625095061265
173,5.766666666666667,detected,4,1,0.9138627052307129,ankle_midpoint,949.017578125,798.345458984375,0.9654756784439087,0.9690220952033997,2.9522979259490967,8.825573921203613,2.927754965613946,8.905114359424749,0.0,0,two_ankles,accepted,2.9522979259490967,8.825573921203613,0.06718631684990518
174,5.8,detected,1,5,0.6933794021606445,ankle_midpoint,879.5086669921875,614.6168212890625,0.976816713809967,0.9871498346328735,2.307440996170044,2.308932304382324,2.3213133018885315,2.2290201124717455,0.0,0,two_ankles,accepted,2.307440996170044,2.308932304382324,0.04731780660153307
174,5.8,detected,2,3,0.8916305303573608,ankle_midpoint,1069.7984619140625,631.688232421875,0.9530733823776245,0.9468222260475159,3.9261019229888916,3.0572471618652344,3.9369896048852437,3.112173122233113,0.0,0,two_ankles,accepted,3.9261019229888916,3.0572471618652344,0.03417150908525702
174,5.8,detected,3,19,0.9207460880279541,ankle_midpoint,1094.551025390625,891.5628662109375,0.9626885652542114,0.9648629426956177,3.7938783168792725,10.984553337097168,3.9169223227251733,10.938377166822388,0.0,0,two_ankles,accepted,3.7938783168792725,10.984553337097168,0.08382822422440293
174,5.8,detected,4,1,0.9133873581886292,ankle_midpoint,951.9776000976562,800.5488891601562,0.9770234227180481,0.9814305901527405,2.971635580062866,8.883134841918945,2.94750124211596,8.895223576547137,0.0,0,two_ankles,accepted,2.971635580062866,8.883134841918945,0.06072235552266173
175,5.833333333333333,detected,1,5,0.8572284579277039,ankle_midpoint,883.6763916015625,608.1500244140625,0.9924182891845703,0.9954877495765686,2.334359884262085,1.9947248697280884,2.309832749325852,2.2947860053110443,0.0,0,two_ankles,corrected_motion_outlier,2.295800962860355,2.3751665410035203,0.315358428661908
175,5.833333333333333,detected,2,3,0.8836280703544617,ankle_midpoint,1070.888916015625,626.958984375,0.9681104421615601,0.9650176763534546,3.942722797393799,2.842182159423828,3.9395695415140937,2.990677188968935,0.0,0,two_ankles,accepted,3.942722797393799,2.842182159423828,0.21570630204309232
175,5.833333333333333,detected,3,19,0.9157150387763977,ankle_midpoint,1079.188232421875,896.60498046875,0.9880560636520386,0.9899986386299133,3.702645778656006,11.090056419372559,3.820497877894048,11.006632830469965,0.0,0,two_ankles,accepted,3.702645778656006,11.090056419372559,0.13947858760493542
175,5.833333333333333,detected,4,1,0.9135785698890686,ankle_midpoint,956.8525390625,798.6513671875,0.9196555614471436,0.938852846622467,3.0026369094848633,8.832494735717773,2.9723122924319667,8.866995598173924,0.0,0,two_ankles,accepted,3.0026369094848633,8.832494735717773,0.05937594447246416
176,5.866666666666666,detected,1,5,0.8702335953712463,ankle_midpoint,883.6279296875,607.2794189453125,0.9927692413330078,0.9956461787223816,2.3326940536499023,1.9519768953323364,2.3201203362716747,2.1405219058206257,0.0,0,two_ankles,accepted,2.3326940536499023,1.9519768953323364,0.17892378332835265
176,5.866666666666666,detected,2,3,0.8804329037666321,ankle_midpoint,1073.3251953125,629.174072265625,0.9662618637084961,0.9558923244476318,3.9597394466400146,2.9427101612091064,3.9486459988207585,2.9690920264770124,0.0,0,two_ankles,accepted,3.9597394466400146,2.9427101612091064,0.10195805752616935
176,5.866666666666666,detected,3,19,0.9120597839355469,ankle_midpoint,1079.968994140625,897.94775390625,0.9838449358940125,0.9858706593513489,3.706019163131714,11.117345809936523,3.768982456250998,11.056453671229917,0.0,0,two_ankles,accepted,3.706019163131714,11.117345809936523,0.027497100941254904
176,5.866666666666666,detected,4,1,0.9082596302032471,ankle_midpoint,961.8524169921875,795.9931640625,0.9053038358688354,0.9298782348632812,3.0345611572265625,8.76136589050293,3.000324281589535,8.819462229721976,0.0,0,two_ankles,accepted,3.0345611572265625,8.76136589050293,0.07796454460503562
177,5.9,detected,1,5,0.8858298659324646,ankle_midpoint,883.6084594726562,604.2423095703125,0.9839839935302734,0.9873104095458984,2.328158140182495,1.8016923666000366,2.3237373480315444,1.9880486131713608,0.0,0,two_ankles,accepted,2.328158140182495,1.8016923666000366,0.15035296500991677
177,5.9,detected,2,3,0.8748697638511658,ankle_midpoint,1074.61328125,631.98974609375,0.9790177941322327,0.97565096616745,3.9660050868988037,3.0697309970855713,3.956457588455879,3.014379563250864,0.0,0,two_ankles,accepted,3.9660050868988037,3.0697309970855713,0.12717527666417075
177,5.9,detected,3,19,0.9210183024406433,ankle_midpoint,1073.534912109375,896.794677734375,0.9629794359207153,0.9696701765060425,3.67057204246521,11.094611167907715,3.7246977700473938,11.073624544734926,0.0,0,two_ankles,accepted,3.67057204246521,11.094611167907715,0.04211130859666746
177,5.9,detected,4,1,0.8853762745857239,ankle_midpoint,949.634765625,795.5209350585938,0.8886008262634277,0.9069445133209229,2.9557714462280273,8.750614166259766,2.9802755056768566,8.788480601163982,0.0,0,two_ankles,accepted,2.9557714462280273,8.750614166259766,0.07951992287115056
178,5.933333333333334,detected,1,5,0.8883432745933533,ankle_midpoint,886.30615234375,607.90380859375,0.9900128841400146,0.992302656173706,2.357023000717163,1.9820092916488647,2.338715891740073,1.9853309184862376,0.0,0,two_ankles,accepted,2.357023000717163,1.9820092916488647,0.1826126327304618
178,5.933333333333334,detected,2,3,0.878489077091217,ankle_midpoint,1077.5977783203125,633.085205078125,0.9838801026344299,0.9798381328582764,3.9892067909240723,3.118238687515259,3.971194729566566,3.061116169169842,0.0,0,two_ankles,accepted,3.9892067909240723,3.118238687515259,0.053770950340295824
178,5.933333333333334,detected,3,19,0.9187943339347839,ankle_midpoint,1066.0166015625,893.4089965820312,0.9734945297241211,0.9760401248931885,3.6304125785827637,11.026113510131836,3.68226943388831,11.052244579163537,0.0,0,two_ankles,accepted,3.6304125785827637,11.026113510131836,0.0794022144534202
178,5.933333333333334,detected,4,1,0.8695755004882812,ankle_midpoint,944.705078125,794.234375,0.9358534812927246,0.9084872603416443,2.923713445663452,8.717045783996582,2.954822578670825,8.756334933438652,0.0,0,two_ankles,accepted,2.923713445663452,8.717045783996582,0.04641714864105207
179,5.966666666666667,detected,1,5,0.8820040225982666,ankle_midpoint,886.002685546875,610.63232421875,0.981927752494812,0.9847433567047119,2.358128309249878,2.115306854248047,2.3474514796194854,2.043820089579052,0.0,0,two_ankles,accepted,2.358128309249878,2.115306854248047,0.1333021451509141
179,5.966666666666667,detected,2,3,0.8709971904754639,ankle_midpoint,1080.58349609375,633.5093994140625,0.984572172164917,0.9798473119735718,4.013469219207764,3.1365599632263184,3.990218249905105,3.0950658764952568,0.0,0,two_ankles,accepted,4.013469219207764,3.1365599632263184,0.030402871079914972
179,5.966666666666667,detected,3,19,0.9237295389175415,ankle_midpoint,1060.696533203125,895.5306396484375,0.9603946208953857,0.9650444984436035,3.598879814147949,11.07031536102295,3.644744105005148,11.060376431000273,0.0,0,two_ankles,accepted,3.598879814147949,11.07031536102295,0.05429658235194653
179,5.966666666666667,detected,4,1,0.8742426037788391,ankle_midpoint,937.2716064453125,798.7883911132812,0.9241112470626831,0.711286187171936,2.8770124912261963,8.83898639678955,2.919808039320742,8.793528091946557,0.0,0,two_ankles,accepted,2.8770124912261963,8.83898639678955,0.13057753326539517
180,6.0,detected,1,5,0.8698317408561707,ankle_midpoint,884.0667724609375,604.9921875,0.9525936245918274,0.9600322246551514,2.3332738876342773,1.8388506174087524,2.3410715632261416,1.9515838271024173,0.0,0,two_ankles,accepted,2.3332738876342773,1.8388506174087524,0.27757123979474185
180,6.0,detected,2,3,0.8651993870735168,ankle_midpoint,1086.913818359375,629.974853515625,0.9826925992965698,0.9739630222320557,4.072812557220459,2.9759681224823,4.027385688197015,3.0414718871894264,0.0,0,two_ankles,accepted,4.072812557220459,2.9759681224823,0.1712056397436756
180,6.0,detected,3,19,0.9173855185508728,ankle_midpoint,1044.034912109375,891.0865478515625,0.965848982334137,0.956405520439148,3.5069971084594727,10.980844497680664,3.582757956559594,11.02458706100645,0.0,0,two_ankles,accepted,3.5069971084594727,10.980844497680664,0.12824767830978098
180,6.0,detected,4,1,0.8053261041641235,ankle_midpoint,925.3392333984375,804.6605834960938,0.8009461760520935,0.7329333424568176,2.8027353286743164,8.994274139404297,2.8671253195298503,8.88386381330254,0.0,0,two_ankles,accepted,2.8027353286743164,8.994274139404297,0.17213767711672542
181,6.033333333333333,detected,1,5,0.8773667812347412,ankle_midpoint,877.7164306640625,602.93017578125,0.9468291401863098,0.9554113149642944,2.2742016315460205,1.7376675605773926,2.3109800939700875,1.8553215071661564,0.0,0,two_ankles,accepted,2.2742016315460205,1.7376675605773926,0.11716459545910103
181,6.033333333333333,detected,2,3,0.8811399936676025,ankle_midpoint,1089.890625,626.9622802734375,0.9815494418144226,0.9718048572540283,4.103534698486328,2.837981939315796,4.0616527428272065,2.9499014106462926,0.0,0,two_ankles,accepted,4.103534698486328,2.837981939315796,0.1413649062137417
181,6.033333333333333,detected,3,19,0.8517738580703735,ankle_midpoint,1022.0849609375,891.2649536132812,0.9965946078300476,0.9979806542396545,3.3821284770965576,10.98720645904541,3.492474690801228,11.007765790123983,0.0,0,two_ankles,accepted,3.3821284770965576,10.98720645904541,0.1250305948592347
181,6.033333333333333,detected,4,1,0.7130714058876038,ankle_midpoint,939.2307739257812,792.4197998046875,0.9006170034408569,0.8722782135009766,2.8878746032714844,8.669276237487793,2.8182634709912393,8.964028028524622,0.0,0,two_ankles,corrected_motion_outlier,2.758543433888492,9.062006513796053,0.33596477840550704
182,6.066666666666666,detected,1,5,0.8559619188308716,ankle_midpoint,870.7426147460938,602.4486083984375,0.9420937299728394,0.9482250809669495,2.2117884159088135,1.7152752876281738,2.266343838842514,1.7923007083740643,0.0,0,two_ankles,accepted,2.2117884159088135,1.7152752876281738,0.06630854676441657
182,6.066666666666666,detected,2,3,0.884946346282959,ankle_midpoint,1090.4715576171875,625.0089721679688,0.9837232828140259,0.9744633436203003,4.112176418304443,2.7479987144470215,4.084388396791963,2.859045197356621,0.0,0,two_ankles,accepted,4.112176418304443,2.7479987144470215,0.09039723490903484
182,6.066666666666666,detected,3,19,0.8818140625953674,ankle_midpoint,1015.8802490234375,887.758056640625,0.9949054718017578,0.9966405630111694,3.3480308055877686,10.915111541748047,3.4274749424551714,10.966071378354812,0.0,0,two_ankles,accepted,3.3480308055877686,10.915111541748047,0.07975166645553519
182,6.066666666666666,detected,4,1,0.6070742011070251,ankle_midpoint,925.511962890625,802.582275390625,0.922803521156311,0.9247229695320129,2.803036689758301,8.940196990966797,2.8114114194364173,8.953304061623601,0.0,0,two_ankles,accepted,2.803036689758301,8.940196990966797,0.027038994071684457
183,6.1,detected,1,5,0.7799162864685059,ankle_midpoint,860.61962890625,598.015625,0.9037906527519226,0.9255480170249939,2.1140239238739014,1.4937553405761719,2.1977998771066387,1.657955292865013,0.0,0,two_ankles,accepted,2.1140239238739014,1.4937553405761719,0.24213422485218017
183,6.1,detected,2,3,0.8945908546447754,ankle_midpoint,1090.453125,620.7007446289062,0.9891545176506042,0.9807562232017517,4.120330810546875,2.547511100769043,4.100562482981674,2.718854853892211,0.0,0,two_ankles,accepted,4.120330810546875,2.547511100769043,0.20065337612692638
183,6.1,detected,3,19,0.8796842098236084,ankle_midpoint,996.3375854492188,880.53759765625,0.9940631985664368,0.9947838187217712,3.237905740737915,10.765522956848145,3.3421688016824063,10.875824588676812,0.0,0,two_ankles,accepted,3.237905740737915,10.765522956848145,0.18575326279917598
183,6.1,detected,4,1,0.640353798866272,ankle_midpoint,933.6851806640625,787.0103759765625,0.6118510961532593,0.7485002875328064,2.8502235412597656,8.523792266845703,2.794740394041775,8.962959023898176,0.0,0,two_ankles,corrected_motion_outlier,2.774364696337212,8.974759533344876,0.4190697951713837
184,6.133333333333334,detected,1,5,0.7826548218727112,ankle_midpoint,856.719482421875,592.8975830078125,0.8856608271598816,0.9085248708724976,2.0691771507263184,1.2312532663345337,2.1399196502354947,1.4659393809262973,0.0,0,two_ankles,accepted,2.0691771507263184,1.2312532663345337,0.26630541121598206
184,6.133333333333334,detected,2,3,0.8889796733856201,ankle_midpoint,1089.0791015625,617.829345703125,0.9850008487701416,0.9762921929359436,4.114114761352539,2.4124066829681396,4.1066610082485635,2.5809531769763794,0.0,0,two_ankles,accepted,4.114114761352539,2.4124066829681396,0.13524733999937835
184,6.133333333333334,detected,3,19,0.9034499526023865,ankle_midpoint,977.7618408203125,854.365966796875,0.9872915744781494,0.9908334612846375,3.132683038711548,10.193159103393555,3.258698165841563,10.792577603440735,0.0,0,two_ankles,corrected_motion_outlier,3.1566784998138653,10.690831288152195,0.5819554946584119
184,6.133333333333334,detected,4,1,0.7514030337333679,ankle_midpoint,933.6410522460938,787.9835815429688,0.2526760399341583,0.31122374534606934,2.8502533435821533,8.550288200378418,2.8197212213349454,8.777257153314284,0.0,0,two_ankles,accepted,2.8502533435821533,8.550288200378418,0.1963786376979519
185,6.166666666666667,detected,1,5,0.7468060255050659,ankle_midpoint,853.9715576171875,593.738525390625,0.852588415145874,0.8705791234970093,2.046138048171997,1.2756049633026123,2.0977179293069206,1.380288892995639,0.0,0,two_ankles,accepted,2.046138048171997,1.2756049633026123,0.04997872817966467
185,6.166666666666667,detected,2,3,0.8884415030479431,ankle_midpoint,1088.179931640625,616.2975463867188,0.9855315685272217,0.9776763916015625,4.1093363761901855,2.339775323867798,4.1078649238222935,2.472423143077518,0.0,0,two_ankles,accepted,4.1093363761901855,2.339775323867798,0.0727883733127936
185,6.166666666666667,detected,3,19,0.9049801826477051,ankle_midpoint,961.2928466796875,845.2662353515625,0.9883748292922974,0.9918867945671082,3.034090042114258,9.986272811889648,3.176237057713277,10.713180510647714,0.0,0,two_ankles,corrected_motion_outlier,3.0754512588898155,10.616139619456245,0.40273180512075485
185,6.166666666666667,detected,4,1,0.8193551301956177,ankle_midpoint,931.3748779296875,792.8690185546875,0.35598644614219666,0.31407108902931213,2.8371734619140625,8.682496070861816,2.8275747295955487,8.734614666210675,0.0,0,two_ankles,accepted,2.8371734619140625,8.682496070861816,0.13285331882270127
186,6.2,detected,1,5,0.7797086834907532,ankle_midpoint,850.3020629882812,595.6033935546875,0.9023482203483582,0.9203944206237793,2.0170364379882812,1.3728222846984863,2.061411258213533,1.3769289192619203,0.0,0,two_ankles,accepted,2.0170364379882812,1.3728222846984863,0.10147961024104112
186,6.2,detected,2,3,0.8779306411743164,ankle_midpoint,1087.81005859375,616.1565551757812,0.9905495047569275,0.9854211211204529,4.106415748596191,2.333137035369873,4.107212794970548,2.4097443946090777,0.0,0,two_ankles,accepted,4.106415748596191,2.333137035369873,0.007252374764480995
186,6.2,detected,3,19,0.9150323867797852,ankle_midpoint,917.1693115234375,845.3145751953125,0.9877014756202698,0.9922100305557251,2.7683167457580566,9.993271827697754,3.094331189826897,10.635900858698378,0.0,0,two_ankles,corrected_motion_outlier,2.9942240179657658,10.541447950760297,0.30127241837842206
186,6.2,detected,4,1,0.7826408743858337,ankle_midpoint,922.92138671875,781.4405517578125,0.6365097761154175,0.45339953899383545,2.7776191234588623,8.372413635253906,2.8267997174945796,8.718596785056214,0.0,0,two_ankles,corrected_motion_outlier,2.825852480482284,8.699019374756316,0.31574964149048573
187,6.233333333333333,detected,1,5,0.73301762342453,ankle_midpoint,845.7427978515625,591.949951171875,0.950308084487915,0.9512694478034973,1.9682525396347046,1.1846834421157837,2.01948983485306,1.2904184545461588,0.0,0,two_ankles,accepted,1.9682525396347046,1.1846834421157837,0.19436072861288378
187,6.233333333333333,detected,2,3,0.8810911178588867,ankle_midpoint,1083.031005859375,616.72998046875,0.9869986176490784,0.9800731539726257,4.064079284667969,2.361598253250122,4.087802715334387,2.3880786309975477,0.0,0,two_ankles,accepted,4.064079284667969,2.361598253250122,0.05101389125691849
187,6.233333333333333,detected,3,19,0.9087340831756592,ankle_midpoint,908.3233642578125,837.8406982421875,0.986786425113678,0.9896759390830994,2.711430311203003,9.819110870361328,2.922025794446145,10.268345363946706,0.02828726912030577,0,two_ankles,accepted,2.711430311203003,9.819110870361328,0.2707480627068617
187,6.233333333333333,detected,4,1,0.6856077313423157,ankle_midpoint,913.2747802734375,795.8984375,0.9648767709732056,0.919992983341217,2.721621513366699,8.766032218933105,2.7794695256370336,8.739942730300815,0.0,0,two_ankles,accepted,2.721621513366699,8.766032218933105,0.07129260278542372
188,6.266666666666667,detected,1,5,0.7861210107803345,ankle_midpoint,840.7027587890625,590.0660400390625,0.9295735955238342,0.9283696413040161,1.9184728860855103,1.0872999429702759,1.9740322079076629,1.1990151243370115,0.0,0,two_ankles,accepted,1.9184728860855103,1.0872999429702759,0.10936891612017072
188,6.266666666666667,detected,2,3,0.8939200043678284,ankle_midpoint,1082.8082275390625,615.6705322265625,0.9861613512039185,0.9785553216934204,4.064120769500732,2.311110258102417,4.077145839709243,2.353442863194739,0.0,0,two_ankles,accepted,4.064120769500732,2.311110258102417,0.05048801219127211
188,6.266666666666667,detected,3,19,0.9093712568283081,ankle_midpoint,894.986572265625,842.7039794921875,0.9937021732330322,0.9960534572601318,2.6332058906555176,9.935381889343262,2.792056837740363,10.118511800375156,0.0,0,two_ankles,accepted,2.6332058906555176,9.935381889343262,0.140135683625146
188,6.266666666666667,detected,4,1,0.8457011580467224,ankle_midpoint,918.7555541992188,794.4638671875,0.9849217534065247,0.9645336270332336,2.756269693374634,8.727023124694824,2.769029601118954,8.73412890777812,0.0,0,two_ankles,accepted,2.756269693374634,8.727023124694824,0.052174762205048374
189,6.3,detected,1,5,0.8253920674324036,ankle_midpoint,833.406494140625,597.7640380859375,0.9280919432640076,0.9340968132019043,1.870811104774475,1.487731695175171,1.9289437526501816,1.1092295768283718,0.0,0,two_ankles,corrected_motion_outlier,1.873835640668815,0.9994916854289232,0.4032582715476812
189,6.3,detected,2,3,0.8921783566474915,ankle_midpoint,1084.628662109375,616.3848876953125,0.9833242893218994,0.9778100252151489,4.078510284423828,2.3447799682617188,4.077759839830806,2.3495445604748797,0.0,0,two_ankles,accepted,4.078510284423828,2.3447799682617188,0.03661567317329263
189,6.3,detected,3,19,0.9135279059410095,ankle_midpoint,868.376220703125,832.152099609375,0.9965174198150635,0.99534672498703,2.463878870010376,9.68876838684082,2.644376752261869,9.925127264284706,0.0,0,two_ankles,accepted,2.463878870010376,9.68876838684082,0.299148557638311
189,6.3,detected,4,1,0.8696305155754089,ankle_midpoint,910.5740966796875,799.7762451171875,0.9749164581298828,0.9572923183441162,2.7062621116638184,8.86890983581543,2.740784230864143,8.79478032539491,0.0,0,two_ankles,accepted,2.7062621116638184,8.86890983581543,0.150441340798286
190,6.333333333333333,detected,1,5,0.8440254926681519,ankle_midpoint,831.10400390625,596.830810546875,0.9705268144607544,0.9648196697235107,1.848037838935852,1.4406297206878662,1.8925360914787335,1.2583596415651443,0.0,0,two_ankles,accepted,1.848037838935852,1.4406297206878662,0.18014093627555647
190,6.333333333333333,detected,2,3,0.892208456993103,ankle_midpoint,1083.237548828125,614.912353515625,0.9856461882591248,0.9816988706588745,4.069246768951416,2.2747154235839844,4.073928957935081,2.315871448873977,0.0,0,two_ankles,accepted,4.069246768951416,2.2747154235839844,0.0706742749506909
190,6.333333333333333,detected,3,19,0.915022611618042,ankle_midpoint,848.071044921875,826.9862060546875,0.9682983756065369,0.9687265157699585,2.334355592727661,9.566503524780273,2.5048672304714756,9.76374658150771,0.0,0,two_ankles,accepted,2.334355592727661,9.566503524780273,0.17811506352001671
190,6.333333333333333,detected,4,1,0.8597373962402344,ankle_midpoint,905.1201171875,805.794677734375,0.990136981010437,0.9670320153236389,2.6747331619262695,9.02656364440918,2.7110612498421,8.899082818951332,0.0,0,two_ankles,accepted,2.6747331619262695,9.02656364440918,0.16077561393341852
191,6.366666666666666,detected,1,5,0.8311390280723572,ankle_midpoint,828.888916015625,598.018798828125,0.9717349410057068,0.9626245498657227,1.8311419486999512,1.5018463134765625,1.8649087272282816,1.3679286439252825,0.0,0,two_ankles,accepted,1.8311419486999512,1.5018463134765625,0.0635054512583028
191,6.366666666666666,detected,2,3,0.8900079727172852,ankle_midpoint,1082.615478515625,614.0833740234375,0.9870952367782593,0.9828429818153381,4.06540584564209,2.2350621223449707,4.0700935574032355,2.2795072519359243,0.0,0,two_ankles,accepted,4.06540584564209,2.2350621223449707,0.039838887923988146
191,6.366666666666666,detected,3,19,0.9221193194389343,ankle_midpoint,835.1676025390625,832.4707641601562,0.9869381189346313,0.982829749584198,2.2608258724212646,9.700963973999023,2.3950486193488807,9.735494408128801,0.0,0,two_ankles,accepted,2.2608258724212646,9.700963973999023,0.1532521848863661
191,6.366666666666666,detected,4,1,0.8306925892829895,ankle_midpoint,909.0822143554688,806.5473022460938,0.9853706359863281,0.9610827565193176,2.7002952098846436,9.045422554016113,2.7062165318612443,8.964935699730484,0.0,0,two_ankles,accepted,2.7002952098846436,9.045422554016113,0.03176596869904499
192,6.4,detected,1,5,0.8510146737098694,ankle_midpoint,823.5350341796875,598.077392578125,0.9843662977218628,0.9793598651885986,1.783569574356079,1.506168246269226,1.8283061084357906,1.4301364649800572,0.0,0,two_ankles,accepted,1.783569574356079,1.506168246269226,0.04776829391738623
192,6.4,detected,2,3,0.8897623419761658,ankle_midpoint,1080.927978515625,612.5152587890625,0.9881324172019958,0.9842907190322876,4.0536651611328125,2.1598355770111084,4.0627007790815455,2.225654998219757,0.0,0,two_ankles,accepted,4.0536651611328125,2.1598355770111084,0.07613722345616515
192,6.4,detected,3,19,0.9192472100257874,ankle_midpoint,808.188232421875,834.446044921875,0.9949769377708435,0.9906140565872192,2.0982813835144043,9.75194263458252,2.2615033632233663,9.742896110032977,0.0,0,two_ankles,accepted,2.0982813835144043,9.75194263458252,0.17035120988381547
192,6.4,detected,4,1,0.8757996559143066,ankle_midpoint,911.3907470703125,814.809814453125,0.995960533618927,0.9724154472351074,2.7190678119659424,9.255791664123535,2.711999607908359,9.095820883707358,0.0,0,two_ankles,accepted,2.7190678119659424,9.255791664123535,0.21120504983615182
193,6.433333333333334,detected,1,5,0.8679295182228088,ankle_midpoint,814.6719970703125,596.6063232421875,0.9722435474395752,0.9707252979278564,1.7006385326385498,1.4332586526870728,1.7708556993270324,1.4315414494482144,0.0,0,two_ankles,accepted,1.7006385326385498,1.4332586526870728,0.11042357772083532
193,6.433333333333334,detected,2,3,0.8982900381088257,ankle_midpoint,1078.0350341796875,611.42724609375,0.9867125749588013,0.9831106662750244,4.030473232269287,2.1077916622161865,4.048198383016029,2.1726164970181503,0.0,0,two_ankles,accepted,4.030473232269287,2.1077916622161865,0.05697749232453031
193,6.433333333333334,detected,3,19,0.9109424948692322,ankle_midpoint,788.456298828125,832.2492065429688,0.9954689741134644,0.9947220087051392,1.9746125936508179,9.702024459838867,2.1324025169157195,9.724503867445627,0.0,0,two_ankles,accepted,1.9746125936508179,9.702024459838867,0.13336338986416665
193,6.433333333333334,detected,4,1,0.8817329406738281,ankle_midpoint,909.7113037109375,817.5205688476562,0.996103048324585,0.9692940711975098,2.7099032402038574,9.32412052154541,2.7110562424413334,9.198555720734483,0.0,0,two_ankles,accepted,2.7099032402038574,9.32412052154541,0.06894071461887617
194,6.466666666666667,detected,1,5,0.8640973567962646,ankle_midpoint,808.8557739257812,595.9913940429688,0.9761284589767456,0.9744584560394287,1.6469439268112183,1.4031902551651,1.7150954016949163,1.418783412020813,0.0,0,two_ankles,accepted,1.6469439268112183,1.4031902551651,0.061540386938106574
194,6.466666666666667,detected,2,3,0.8892331123352051,ankle_midpoint,1075.51416015625,609.8615112304688,0.988705575466156,0.9848345518112183,4.011282444000244,2.0321242809295654,4.031586210458926,2.1093949997782873,0.0,0,two_ankles,accepted,4.011282444000244,2.0321242809295654,0.07806304468288522
194,6.466666666666667,detected,3,19,0.9198205471038818,ankle_midpoint,776.646484375,828.13525390625,0.9920856356620789,0.9936153888702393,1.895819902420044,9.604310989379883,2.0259403403926655,9.670417072316042,0.0,0,two_ankles,accepted,1.895819902420044,9.604310989379883,0.12552374476778044
194,6.466666666666667,detected,4,1,0.8752085566520691,ankle_midpoint,910.0955810546875,817.0858154296875,0.9957801103591919,0.9677868485450745,2.712087392807007,9.313179969787598,2.7115202601058863,9.250136632808385,0.0,0,two_ankles,accepted,2.712087392807007,9.313179969787598,0.011156441877194473
195,6.5,detected,1,5,0.8776237964630127,ankle_midpoint,801.1277465820312,595.006591796875,0.9805071353912354,0.9794659614562988,1.5749117136001587,1.3544896841049194,1.6520127420522754,1.389851234458661,0.0,0,two_ankles,accepted,1.5749117136001587,1.3544896841049194,0.08695047648904088
195,6.5,detected,2,3,0.8850104808807373,ankle_midpoint,1071.4921875,605.649658203125,0.990604817867279,0.9877062439918518,3.9833946228027344,1.8256548643112183,4.00989999601364,1.9817119388181066,0.0,0,two_ankles,accepted,3.9833946228027344,1.8256548643112183,0.2083443077452919
195,6.5,detected,3,19,0.9298425316810608,ankle_midpoint,757.0528564453125,827.53466796875,0.9336062669754028,0.9465484023094177,1.7741954326629639,9.592421531677246,1.9126551319143,9.635319079028584,0.0,0,two_ankles,accepted,1.7741954326629639,9.592421531677246,0.12220421780017936
195,6.5,detected,4,1,0.8758508563041687,ankle_midpoint,910.3851318359375,818.7255249023438,0.9942886829376221,0.9621501564979553,2.714714527130127,9.354130744934082,2.712957680266795,9.29693398326495,0.0,0,two_ankles,accepted,2.714714527130127,9.354130744934082,0.04103495850917408
196,6.533333333333333,detected,1,5,0.8774950504302979,ankle_midpoint,793.4970092773438,597.5571899414062,0.986517071723938,0.9863237738609314,1.5143383741378784,1.487162470817566,1.590059276490797,1.4336412908201686,0.0,0,two_ankles,accepted,1.5143383741378784,1.487162470817566,0.14584648705989467
196,6.533333333333333,detected,2,3,0.8841531276702881,ankle_midpoint,1068.4747314453125,603.21044921875,0.9918829202651978,0.9904741644859314,3.9609463214874268,1.7047209739685059,3.9878708424768448,1.8570660046357865,0.0,0,two_ankles,accepted,3.9609463214874268,1.7047209739685059,0.12299972384264132
196,6.533333333333333,detected,3,19,0.9335611462593079,ankle_midpoint,727.47705078125,833.0633544921875,0.943488597869873,0.9541075229644775,1.6030701398849487,9.729869842529297,1.773341885501092,9.677866922603904,0.0,0,two_ankles,accepted,1.6030701398849487,9.729869842529297,0.21949009996909513
196,6.533333333333333,detected,4,1,0.8828966617584229,ankle_midpoint,910.4505615234375,819.6090087890625,0.9911307096481323,0.9560011625289917,2.7155606746673584,9.37613296508789,2.714129027747049,9.332573525085273,0.0,0,two_ankles,accepted,2.7155606746673584,9.37613296508789,0.022018484447196267
197,6.566666666666666,detected,1,5,0.8899080753326416,ankle_midpoint,787.322998046875,597.9302978515625,0.9807557463645935,0.9801093339920044,1.4604601860046387,1.507722020149231,1.5317396857720258,1.4669776190182466,0.0,0,two_ankles,accepted,1.4604601860046387,1.507722020149231,0.05766761851543676
197,6.566666666666666,detected,2,3,0.8884499073028564,ankle_midpoint,1065.2259521484375,602.8502807617188,0.9908416271209717,0.9869164228439331,3.9327874183654785,1.6874595880508423,3.96308330162673,1.7807431171725618,0.0,0,two_ankles,accepted,3.9327874183654785,1.6874595880508423,0.033028461496560524
197,6.566666666666666,detected,3,19,0.9386054873466492,ankle_midpoint,716.0878295898438,834.95654296875,0.9286670684814453,0.9431003332138062,1.5373713970184326,9.776634216308594,1.6671551656838954,9.722312204771015,0.0,0,two_ankles,accepted,1.5373713970184326,9.776634216308594,0.08064261571408997
197,6.566666666666666,detected,4,1,0.8885228037834167,ankle_midpoint,910.9287719726562,819.5555419921875,0.9911115765571594,0.9568138718605042,2.718514919281006,9.374734878540039,2.7161026789373297,9.35154613413992,0.0,0,two_ankles,accepted,2.718514919281006,9.374734878540039,0.0032683646113229985
198,6.6,detected,1,5,0.8913946151733398,ankle_midpoint,780.6807861328125,598.0393676757812,0.9827468395233154,0.9818712472915649,1.4016337394714355,1.5149340629577637,1.4731920099367604,1.4885580187910294,0.0,0,two_ankles,accepted,1.4016337394714355,1.5149340629577637,0.05926689103703614
198,6.6,detected,2,3,0.8830428719520569,ankle_midpoint,1060.509521484375,601.6554565429688,0.987806499004364,0.9826006293296814,3.892896890640259,1.628528118133545,3.9314994166828185,1.7122463676050041,0.0,0,two_ankles,accepted,3.892896890640259,1.628528118133545,0.07116299845291686
198,6.6,detected,3,19,0.9392563104629517,ankle_midpoint,705.1275634765625,842.5426635742188,0.9346420764923096,0.9501798748970032,1.48666250705719,9.957001686096191,1.585933469301878,9.827922471367344,0.0,0,two_ankles,accepted,1.48666250705719,9.957001686096191,0.18736012296825963
198,6.6,detected,4,1,0.8894506096839905,ankle_midpoint,914.056640625,818.371826171875,0.9940317273139954,0.9725319147109985,2.7374608516693115,9.344786643981934,2.725713856666722,9.348504363568825,0.0,0,two_ankles,accepted,2.7374608516693115,9.344786643981934,0.03543790494949655
199,6.633333333333334,detected,1,5,0.8904359340667725,ankle_midpoint,777.5325927734375,597.9973754882812,0.9810742735862732,0.9810020923614502,1.3734512329101562,1.513582468032837,1.4283086602747885,1.4998190209498428,0.0,0,two_ankles,accepted,1.3734512329101562,1.513582468032837,0.02821489827941328
199,6.633333333333334,detected,2,3,0.8885453939437866,ankle_midpoint,1054.0625,604.7140502929688,0.9874863624572754,0.979877769947052,3.831220865249634,1.7833929061889648,3.8863740685378856,1.7442623099677865,0.0,0,two_ankles,accepted,3.831220865249634,1.7833929061889648,0.16669443508238405
199,6.633333333333334,detected,3,19,0.9485970735549927,ankle_midpoint,697.2828979492188,855.9892578125,0.9799516797065735,0.9908605813980103,1.4679014682769775,10.266450881958008,1.5011696698710302,9.924131031163899,0.0,0,two_ankles,corrected_motion_outlier,1.3975694705666601,10.041719270915245,0.3100173888601048
199,6.633333333333334,detected,4,1,0.8966352343559265,ankle_midpoint,917.3079223632812,818.6939697265625,0.996941864490509,0.9826757907867432,2.7579009532928467,9.35236930847168,2.740198050148478,9.350243588775111,0.0,0,two_ankles,accepted,2.7579009532928467,9.35236930847168,0.02180125122887448
200,6.666666666666667,detected,1,5,0.8752750158309937,ankle_midpoint,777.5799560546875,598.8365478515625,0.9750213623046875,0.9737216234207153,1.3766549825668335,1.5562206506729126,1.4050645053062087,1.5251997543252243,0.0,0,two_ankles,accepted,1.3766549825668335,1.5562206506729126,0.042758374977437
200,6.666666666666667,detected,2,3,0.8861087560653687,ankle_midpoint,1050.65771484375,604.972412109375,0.9877164959907532,0.9796891808509827,3.800821542739868,1.7970912456512451,3.8478754319287782,1.768035331025343,0.0,0,two_ankles,accepted,3.800821542739868,1.7970912456512451,0.033343114927621986
200,6.666666666666667,detected,3,19,0.9253990054130554,ankle_midpoint,689.1854248046875,857.249755859375,0.9956348538398743,0.9964685440063477,1.4226046800613403,10.29586124420166,1.46581542445667,10.091409627030892,0.0,0,two_ankles,accepted,1.4226046800613403,10.29586124420166,0.17243056959169373
200,6.666666666666667,detected,4,1,0.8970471620559692,ankle_midpoint,918.3261108398438,819.483642578125,0.9970641732215881,0.9832643866539001,2.7645938396453857,9.371906280517578,2.751176155422087,9.359991800059221,0.0,0,two_ankles,accepted,2.7645938396453857,9.371906280517578,0.020651586003264267
201,6.7,detected,1,5,0.8769258856773376,ankle_midpoint,776.67919921875,602.5514526367188,0.9857945442199707,0.9824081063270569,1.3809075355529785,1.7435890436172485,1.3941938689172553,1.6234749345066353,0.0,0,two_ankles,accepted,1.3809075355529785,1.7435890436172485,0.18741664515576797
201,6.7,detected,2,3,0.8911065459251404,ankle_midpoint,1049.1624755859375,604.4755249023438,0.9886152744293213,0.979816734790802,3.788313627243042,1.7727077007293701,3.821072619820197,1.7701378973921553,0.0,0,two_ankles,accepted,3.788313627243042,1.7727077007293701,0.02740447432505941
201,6.7,detected,3,19,0.9133842587471008,ankle_midpoint,658.0176391601562,863.83544921875,0.9939675331115723,0.987762987613678,1.2537199258804321,10.446516990661621,1.370372450097363,10.25120794066472,0.0,0,two_ankles,accepted,1.2537199258804321,10.446516990661621,0.2263166236407609
201,6.7,detected,4,1,0.9031726717948914,ankle_midpoint,919.8477783203125,820.7152709960938,0.9973015189170837,0.9846727252006531,2.7745909690856934,9.402302742004395,2.7617128215707103,9.379031723934549,0.0,0,two_ankles,accepted,2.7745909690856934,9.402302742004395,0.03199824163865537
202,6.733333333333333,detected,1,5,0.8472571969032288,ankle_midpoint,776.864501953125,603.0078125,0.9851904511451721,0.9791043996810913,1.384036660194397,1.7663483619689941,1.389623124991969,1.6877679768646967,0.0,0,two_ankles,accepted,1.384036660194397,1.7663483619689941,0.02297341926787644
202,6.733333333333333,detected,2,3,0.8504334092140198,ankle_midpoint,1050.145751953125,605.0187377929688,0.990223228931427,0.9793493151664734,3.7962429523468018,1.799521803855896,3.809899269457169,1.7833606553008388,0.0,0,two_ankles,accepted,3.7962429523468018,1.799521803855896,0.027961944193512004
202,6.733333333333333,detected,3,19,0.9276902079582214,ankle_midpoint,642.7525634765625,860.309814453125,0.9877014756202698,0.9641801118850708,1.1554721593856812,10.370304107666016,1.2736673192771062,10.304801215815303,0.0,0,two_ankles,accepted,1.1554721593856812,10.370304107666016,0.12434237876005494
202,6.733333333333333,detected,4,1,0.9041866660118103,ankle_midpoint,920.3250122070312,821.74169921875,0.9976321458816528,0.986338198184967,2.7779815196990967,9.427667617797852,2.769033735728484,9.400917876173036,0.0,0,two_ankles,accepted,2.7779815196990967,9.427667617797852,0.02559048177505754
203,6.766666666666667,detected,1,5,0.8477747440338135,ankle_midpoint,777.09130859375,603.2310791015625,0.9853230714797974,0.9766032695770264,1.3867661952972412,1.777435064315796,1.3883375066293415,1.7281181662176914,0.0,0,two_ankles,accepted,1.3867661952972412,1.777435064315796,0.011417763826784933
203,6.766666666666667,detected,2,3,0.8664537072181702,ankle_midpoint,1049.96337890625,605.167724609375,0.9896568059921265,0.9790867567062378,3.7944297790527344,1.8069771528244019,3.8029379987751737,1.7939880791864424,0.0,0,two_ankles,accepted,3.7944297790527344,1.8069771528244019,0.007672667439458102
203,6.766666666666667,detected,3,19,0.9276318550109863,ankle_midpoint,627.4722290039062,859.7284545898438,0.9856405258178711,0.9628533124923706,1.0639275312423706,10.359317779541016,1.1792844146614754,10.329333669491874,0.0,0,two_ankles,accepted,1.0639275312423706,10.359317779541016,0.09220150946468919
203,6.766666666666667,detected,4,1,0.9043535590171814,ankle_midpoint,920.5193481445312,822.209228515625,0.9976251721382141,0.9862517714500427,2.7793796062469482,9.439201354980469,2.7736893774617934,9.41814544163638,0.0,0,two_ankles,accepted,2.7793796062469482,9.439201354980469,0.011618164200637283
204,6.8,detected,1,5,0.8339549899101257,ankle_midpoint,777.7559814453125,603.7025146484375,0.9832536578178406,0.976677656173706,1.3941587209701538,1.800768256187439,1.3909570530827071,1.760810706704078,0.0,0,two_ankles,accepted,1.3941587209701538,1.800768256187439,0.024476259492487447
204,6.8,detected,2,3,0.8785049319267273,ankle_midpoint,1049.075439453125,606.0364990234375,0.9879968762397766,0.9803473949432373,3.7854228019714355,1.8503221273422241,3.795056160213492,1.8193384008565443,0.0,0,two_ankles,accepted,3.7854228019714355,1.8503221273422241,0.04427089847850057
204,6.8,detected,3,19,0.9316129088401794,ankle_midpoint,603.5076904296875,850.048583984375,0.9914014935493469,0.9690612554550171,0.8953945636749268,10.143871307373047,1.0515339817175287,10.245875606538402,0.0,0,two_ankles,accepted,0.8953945636749268,10.143871307373047,0.27353344133160834
204,6.8,detected,4,1,0.9055265784263611,ankle_midpoint,921.18701171875,823.7730712890625,0.9977779984474182,0.9871925115585327,2.7841525077819824,9.47767162322998,2.7783977861058786,9.4449322233535,0.0,0,two_ankles,accepted,2.7841525077819824,9.47767162322998,0.0387652180214754
205,6.833333333333333,detected,1,5,0.8583548069000244,ankle_midpoint,777.654296875,603.92919921875,0.9822059869766235,0.9769026041030884,1.393998384475708,1.8120759725570679,1.3923256522095575,1.7838800763379234,0.0,0,two_ankles,accepted,1.393998384475708,1.8120759725570679,0.011308853049156874
205,6.833333333333333,detected,2,3,0.882706344127655,ankle_midpoint,1048.1510009765625,604.4796752929688,0.9917322397232056,0.9867236018180847,3.7793800830841064,1.7731629610061646,3.7880019255052684,1.7985594529238735,0.0,0,two_ankles,accepted,3.7793800830841064,1.7731629610061646,0.07739542235317921
205,6.833333333333333,detected,3,19,0.9397247433662415,ankle_midpoint,577.8809814453125,854.2692260742188,0.9858633875846863,0.932590663433075,0.7552324533462524,10.24317455291748,0.9181982939504545,10.244660132408988,0.0,0,two_ankles,accepted,0.7552324533462524,10.24317455291748,0.1717747121885103
205,6.833333333333333,detected,4,1,0.904697835445404,ankle_midpoint,922.4573364257812,823.314697265625,0.9976795315742493,0.9867922067642212,2.7918479442596436,9.466208457946777,2.784450357275073,9.454506528920476,0.0,0,two_ankles,accepted,2.7918479442596436,9.466208457946777,0.013806661467992578
206,6.866666666666666,detected,1,5,0.8288325071334839,ankle_midpoint,777.8077392578125,603.7652587890625,0.9825034737586975,0.9781482219696045,1.3948181867599487,1.8038794994354248,1.3934472927572337,1.7928798167317992,0.0,0,two_ankles,accepted,1.3948181867599487,1.8038794994354248,0.008237368962178611
206,6.866666666666666,detected,2,3,0.8710517287254333,ankle_midpoint,1046.7032470703125,603.5189208984375,0.9919541478157043,0.9877276420593262,3.7678756713867188,1.7255311012268066,3.7789451111519217,1.7656966946601935,0.0,0,two_ankles,accepted,3.7678756713867188,1.7255311012268066,0.0490014852279337
206,6.866666666666666,detected,3,19,0.9360827207565308,ankle_midpoint,556.9010620117188,848.634033203125,0.9930607080459595,0.9762444496154785,0.6126777529716492,10.1176176071167,0.7807140505099922,10.18749099602746,0.0,0,two_ankles,accepted,0.6126777529716492,10.1176176071167,0.1899641788277812
206,6.866666666666666,detected,4,1,0.9047995805740356,ankle_midpoint,922.6732788085938,823.76708984375,0.9975385665893555,0.9861841797828674,2.7933623790740967,9.477317810058594,2.7884607670846338,9.464771605432631,0.0,0,two_ankles,accepted,2.7933623790740967,9.477317810058594,0.011212101370909349
207,6.9,detected,1,5,0.829093337059021,ankle_midpoint,777.0482177734375,602.9613037109375,0.9853196144104004,0.9821370244026184,1.3855055570602417,1.7639809846878052,1.3898735116935874,1.779875342312002,0.0,0,two_ankles,accepted,1.3855055570602417,1.7639809846878052,0.0409709232381928
207,6.9,detected,2,3,0.843824028968811,ankle_midpoint,1044.1551513671875,601.490234375,0.9858241081237793,0.9769799709320068,3.7479608058929443,1.6242482662200928,3.765002173785382,1.7020449018621484,0.0,0,two_ankles,accepted,3.7479608058929443,1.6242482662200928,0.10322216106356401
207,6.9,detected,3,19,0.9390810132026672,ankle_midpoint,541.42626953125,866.166259765625,0.9872627854347229,0.9620212912559509,0.5775063037872314,10.512659072875977,0.6449274630764504,10.13611901383009,0.0,0,two_ankles,corrected_motion_outlier,0.4789660784354548,10.073331035588858,0.3966040727311942
207,6.9,detected,4,1,0.9071202278137207,ankle_midpoint,924.2933349609375,825.3648681640625,0.9956328272819519,0.9810689091682434,2.803999185562134,9.516326904296875,2.795453055399509,9.487971489921541,0.0,0,two_ankles,accepted,2.803999185562134,9.516326904296875,0.040433291797169514
208,6.933333333333334,detected,1,5,0.841916024684906,ankle_midpoint,776.25146484375,602.742919921875,0.9860155582427979,0.9818822741508484,1.377759337425232,1.7532670497894287,1.3844221332728277,1.767901610676844,0.0,0,two_ankles,accepted,1.377759337425232,1.7532670497894287,0.013220904645313041
208,6.933333333333334,detected,2,3,0.8407537341117859,ankle_midpoint,1043.1221923828125,599.7606201171875,0.981505811214447,0.974865198135376,3.7410078048706055,1.5369845628738403,3.7542047077737326,1.6277677493174099,0.0,0,two_ankles,accepted,3.7410078048706055,1.5369845628738403,0.08754026584903313
208,6.933333333333334,detected,3,19,0.9477589726448059,ankle_midpoint,523.4144897460938,862.6625366210938,0.9851841926574707,0.9773398041725159,0.4605337679386139,10.437841415405273,0.561950300264424,10.271894094538922,0.0,0,two_ankles,accepted,0.4605337679386139,10.437841415405273,0.17726468879656349
208,6.933333333333334,detected,4,1,0.9044666290283203,ankle_midpoint,924.5198974609375,827.3167724609375,0.9956954717636108,0.9805871248245239,2.8061203956604004,9.563996315002441,2.8002533585169105,9.522182661207946,0.0,0,two_ankles,accepted,2.8061203956604004,9.563996315002441,0.0477165825400034
209,6.966666666666667,detected,1,5,0.8500949740409851,ankle_midpoint,773.162841796875,601.4967041015625,0.9415574073791504,0.9357419013977051,1.3463317155838013,1.6915960311889648,1.367281445312766,1.7335640999072983,0.0,0,two_ankles,accepted,1.3463317155838013,1.6915960311889648,0.06921712179675438
209,6.966666666666667,detected,2,3,0.8500330448150635,ankle_midpoint,1041.2957763671875,600.991943359375,0.9834663271903992,0.9777200222015381,3.7231993675231934,1.5998036861419678,3.74025230466099,1.615183920888461,0.0,0,two_ankles,accepted,3.7231993675231934,1.5998036861419678,0.06529458391729664
209,6.966666666666667,detected,3,19,0.9421207308769226,ankle_midpoint,518.3543701171875,871.2205810546875,0.9843214750289917,0.976565420627594,0.4596109092235565,10.62561321258545,0.5158975742960337,10.43106769765986,0.0,0,two_ankles,accepted,0.4596109092235565,10.62561321258545,0.18777406499429314
209,6.966666666666667,detected,4,1,0.9035122394561768,ankle_midpoint,924.5302734375,827.8117065429688,0.9957634210586548,0.9804257750511169,2.806366443634033,9.5760498046875,2.803004246819616,9.546422875773747,0.0,0,two_ankles,accepted,2.806366443634033,9.5760498046875,0.012056000713053343
210,7.0,detected,1,5,0.8599734306335449,ankle_midpoint,771.6556396484375,600.4305419921875,0.9602798223495483,0.9562273621559143,1.3293893337249756,1.638319492340088,1.3502299950982604,1.6907040265020536,0.0,0,two_ankles,accepted,1.3293893337249756,1.638319492340088,0.05590558017556173
210,7.0,detected,2,3,0.856311023235321,ankle_midpoint,1038.96826171875,599.3189697265625,0.9915814995765686,0.9884458780288696,3.7045462131500244,1.5155787467956543,3.7241845634810558,1.570361592546698,0.0,0,two_ankles,accepted,3.7045462131500244,1.5155787467956543,0.08626575552303159
210,7.0,detected,3,19,0.9334976673126221,ankle_midpoint,506.71685791015625,864.3273315429688,0.9916220903396606,0.9889802932739258,0.36833250522613525,10.476698875427246,0.4494932932145794,10.451601727655184,0.0,0,two_ankles,accepted,0.36833250522613525,10.476698875427246,0.17466318114469187
210,7.0,detected,4,1,0.9053323864936829,ankle_midpoint,926.4798583984375,828.2198486328125,0.9956320524215698,0.9782987833023071,2.818528175354004,9.585710525512695,2.809990014660091,9.564102318156273,0.0,0,two_ankles,accepted,2.818528175354004,9.585710525512695,0.015531813972968642
211,7.033333333333333,detected,1,5,0.8517217040061951,ankle_midpoint,769.0216064453125,597.0202026367188,0.9856722354888916,0.9807985424995422,1.2942417860031128,1.4658746719360352,1.325035301005444,1.5895308169473454,0.0,0,two_ankles,accepted,1.2942417860031128,1.4658746719360352,0.1759902446019285
211,7.033333333333333,detected,2,3,0.8651812672615051,ankle_midpoint,1037.4295654296875,598.3968505859375,0.9907249808311462,0.9864686727523804,3.6919288635253906,1.4689853191375732,3.7096694985010066,1.524742269512592,0.0,0,two_ankles,accepted,3.6919288635253906,1.4689853191375732,0.04827157561628871
211,7.033333333333333,detected,3,19,0.93363356590271,ankle_midpoint,493.46575927734375,880.3981323242188,0.9860515594482422,0.9821963310241699,0.34697332978248596,10.824895858764648,0.37691374079843465,10.463846030440294,0.0,0,two_ankles,corrected_motion_outlier,0.28820539895647984,10.478811289399868,0.34885147782530584
211,7.033333333333333,detected,4,1,0.9105059504508972,ankle_midpoint,927.49365234375,829.1820068359375,0.9956960678100586,0.9771903157234192,2.825103521347046,9.608936309814453,2.816791092669221,9.584277614402454,0.0,0,two_ankles,accepted,2.825103521347046,9.608936309814453,0.02413860458601518
212,7.066666666666666,detected,1,5,0.8596486449241638,ankle_midpoint,766.9088745117188,597.7120361328125,0.9869333505630493,0.9836162328720093,1.2778185606002808,1.5017037391662598,1.3037877678231207,1.550008631945857,0.0,0,two_ankles,accepted,1.2778185606002808,1.5017037391662598,0.03941375890752089
212,7.066666666666666,detected,2,3,0.8706066608428955,ankle_midpoint,1036.539306640625,597.629638671875,0.9903151392936707,0.9859848022460938,3.6848843097686768,1.4299943447113037,3.6985161635714583,1.4821057033520124,0.0,0,two_ankles,accepted,3.6848843097686768,1.4299943447113037,0.039622239012216814
212,7.066666666666666,detected,3,19,0.9374859929084778,ankle_midpoint,489.3778076171875,878.0507202148438,0.993463933467865,0.9903428554534912,0.31537869572639465,10.775665283203125,0.3492229705160167,10.604164694183568,0.0,0,two_ankles,accepted,0.31537869572639465,10.775665283203125,0.15180992961508474
212,7.066666666666666,detected,4,1,0.9140483140945435,ankle_midpoint,927.411376953125,830.3634643554688,0.9955600500106812,0.9766682982444763,2.825000762939453,9.637556076049805,2.8204854442908256,9.608252922143762,0.0,0,two_ankles,accepted,2.825000762939453,9.637556076049805,0.028619950710238835
213,7.1,detected,1,5,0.8731008172035217,ankle_midpoint,764.41259765625,596.2528076171875,0.9841946363449097,0.9805564880371094,1.2503737211227417,1.42776358127594,1.2797514468079503,1.4949983591443945,0.0,0,two_ankles,accepted,1.2503737211227417,1.42776358127594,0.0788692979732501
213,7.1,detected,2,3,0.8888670206069946,ankle_midpoint,1035.2554931640625,596.29638671875,0.9904881715774536,0.9857656955718994,3.674952507019043,1.361892580986023,3.6879125181228716,1.4280097982873174,0.0,0,two_ankles,accepted,3.674952507019043,1.361892580986023,0.06882216887276657
213,7.1,detected,3,19,0.9338350892066956,ankle_midpoint,467.85693359375,887.5198364257812,0.9927464127540588,0.9930940866470337,0.22556085884571075,10.977144241333008,0.29357502026437904,10.772005490400817,0.0,0,two_ankles,accepted,0.22556085884571075,10.977144241333008,0.220592416893755
213,7.1,detected,4,1,0.9179409742355347,ankle_midpoint,928.5712890625,831.8306884765625,0.9948405623435974,0.9746536612510681,2.8326125144958496,9.672799110412598,2.8259426258830866,9.637298706864739,0.0,0,two_ankles,accepted,2.8326125144958496,9.672799110412598,0.036055654658504126
214,7.133333333333334,detected,1,5,0.8804994225502014,ankle_midpoint,763.3714599609375,596.6591186523438,0.9851872324943542,0.9811656475067139,1.242526888847351,1.4488290548324585,1.2630003957256806,1.4742221722040232,0.0,0,two_ankles,accepted,1.242526888847351,1.4488290548324585,0.022479478484130688
214,7.133333333333334,detected,2,3,0.8887624144554138,ankle_midpoint,1034.5068359375,595.3199462890625,0.9914469718933105,0.9864148497581482,3.6693668365478516,1.311742901802063,3.6795669614141127,1.375689694868953,0.0,0,two_ankles,accepted,3.6693668365478516,1.311742901802063,0.05045978633393969
214,7.133333333333334,detected,3,19,0.9288252592086792,ankle_midpoint,445.3717956542969,894.4536743164062,0.9524020552635193,0.95048588514328,0.12322045862674713,11.122483253479004,0.2169154675274447,10.929720483786001,0.0,0,two_ankles,accepted,0.12322045862674713,11.122483253479004,0.1777554105183627
214,7.133333333333334,detected,4,1,0.9149436950683594,ankle_midpoint,933.3056640625,830.9197998046875,0.9934226870536804,0.9712228178977966,2.8613767623901367,9.650187492370605,2.8418879873112592,9.643098660342378,0.0,0,two_ankles,accepted,2.8613767623901367,9.650187492370605,0.03658780162022511
215,7.166666666666667,detected,1,5,0.8818435072898865,ankle_midpoint,762.8472900390625,596.165771484375,0.9856735467910767,0.9822017550468445,1.236071228981018,1.4236958026885986,1.2508822706905827,1.4514853059220822,0.0,0,two_ankles,accepted,1.236071228981018,1.4236958026885986,0.025949102251072564
215,7.166666666666667,detected,2,3,0.878304660320282,ankle_midpoint,1034.3944091796875,594.7518310546875,0.9914785027503967,0.9858689308166504,3.669013500213623,1.2823946475982666,3.674817903873893,1.3337069235971442,0.0,0,two_ankles,accepted,3.669013500213623,1.2823946475982666,0.029350381111252002
215,7.166666666666667,detected,3,19,0.9272327423095703,ankle_midpoint,427.592529296875,895.0096435546875,0.9931948184967041,0.9915999174118042,0.02511732652783394,11.13594913482666,0.13060630407761986,11.022523376754297,0.0,0,two_ankles,accepted,0.02511732652783394,11.13594913482666,0.09902299979341148
215,7.166666666666667,detected,4,1,0.9142732620239258,ankle_midpoint,936.2083740234375,831.4055786132812,0.9923466444015503,0.9649452567100525,2.8793277740478516,9.66150951385498,2.858735891342726,9.65138354442305,0.0,0,two_ankles,accepted,2.8793277740478516,9.66150951385498,0.021223265300798162
216,7.2,detected,1,5,0.8817631602287292,ankle_midpoint,762.0521850585938,595.3562622070312,0.9869470596313477,0.9867208003997803,1.226033329963684,1.38233482837677,1.2397002473634784,1.4203675910266917,0.0,0,two_ankles,accepted,1.226033329963684,1.38233482837677,0.0425615978636369
216,7.2,detected,2,3,0.8740215301513672,ankle_midpoint,1034.06787109375,594.0718383789062,0.9915292263031006,0.9839260578155518,3.666860818862915,1.2472295761108398,3.6712372156189534,1.2947921172283072,0.0,0,two_ankles,accepted,3.666860818862915,1.2472295761108398,0.03523089964382858
216,7.2,detected,3,19,0.9273432493209839,ankle_midpoint,401.0057373046875,895.6737060546875,0.9904374480247498,0.9884640574455261,-0.12196747958660126,11.15264892578125,0.016948101428720365,11.081079873816426,0.0,0,two_ankles,accepted,-0.12196747958660126,11.15264892578125,0.14802980513277722
216,7.2,detected,4,1,0.8975303769111633,ankle_midpoint,942.9473876953125,831.5865478515625,0.989726722240448,0.9571590423583984,2.920714855194092,9.664948463439941,2.886626425075841,9.657487757980652,0.0,0,two_ankles,accepted,2.920714855194092,9.664948463439941,0.04152971057030589
217,7.233333333333333,detected,1,5,0.8765527606010437,ankle_midpoint,760.5833740234375,595.1397705078125,0.988300085067749,0.9894309043884277,1.2120929956436157,1.371567726135254,1.2272769840895403,1.3984076518255448,0.0,0,two_ankles,accepted,1.2120929956436157,1.371567726135254,0.017614295661040127
217,7.233333333333333,detected,2,3,0.8575420379638672,ankle_midpoint,1033.92431640625,594.7144775390625,0.99383544921875,0.9803972244262695,3.6648285388946533,1.280579924583435,3.6683533110930187,1.288396630538115,0.0,0,two_ankles,accepted,3.6648285388946533,1.280579924583435,0.03341221191589883
217,7.233333333333333,detected,3,19,0.9274211525917053,ankle_midpoint,377.44390869140625,884.4273681640625,0.980804979801178,0.9864611029624939,-0.30129149556159973,10.923826217651367,-0.12625971721692367,11.01031572854215,0.0,0,two_ankles,accepted,-0.30129149556159973,10.923826217651367,0.2907179637746781
217,7.233333333333333,detected,4,1,0.8868959546089172,ankle_midpoint,948.4064331054688,830.769287109375,0.9926334023475647,0.9632182717323303,2.954066276550293,9.64448070526123,2.9169743582393446,9.651634584256913,0.0,0,two_ankles,accepted,2.954066276550293,9.64448070526123,0.039131144007568446
218,7.266666666666667,detected,1,5,0.8736555576324463,ankle_midpoint,760.284423828125,595.2763061523438,0.9825164079666138,0.9856034517288208,1.2099151611328125,1.378667950630188,1.219464163759013,1.3895247862876343,0.0,0,two_ankles,accepted,1.2099151611328125,1.378667950630188,0.007426718725985754
218,7.266666666666667,detected,2,3,0.8460572957992554,ankle_midpoint,1034.0172119140625,595.0520629882812,0.9932442307472229,0.9786958694458008,3.665276050567627,1.2980228662490845,3.6669685438565924,1.2927284366080514,0.0,0,two_ankles,accepted,3.665276050567627,1.2980228662490845,0.01744868134412157
218,7.266666666666667,detected,3,19,0.9150974750518799,ankle_midpoint,367.39501953125,885.3287353515625,0.9949328303337097,0.995820164680481,-0.3547382354736328,10.943861961364746,-0.2290750504324428,10.980411533312319,0.0,0,two_ankles,accepted,-0.3547382354736328,10.943861961364746,0.05707876166642644
218,7.266666666666667,detected,4,1,0.8835597038269043,ankle_midpoint,951.2430419921875,828.9495849609375,0.9885845184326172,0.9402559399604797,2.9712233543395996,9.60002613067627,2.9413864064844595,9.628410780145625,0.0,0,two_ankles,accepted,2.9712233543395996,9.60002613067627,0.04765054584994986
219,7.3,detected,1,5,0.8775757551193237,ankle_midpoint,760.402587890625,596.2352294921875,0.9829514622688293,0.9855916500091553,1.214472770690918,1.4278695583343506,1.2172180368783703,1.4067799337086568,0.0,0,two_ankles,accepted,1.214472770690918,1.4278695583343506,0.04941224550208629
219,7.3,detected,2,3,0.8430286645889282,ankle_midpoint,1033.922119140625,596.6787109375,0.9925990104675293,0.9774057269096375,3.66256046295166,1.3818856477737427,3.664984907449373,1.3328491816326125,0.0,0,two_ankles,accepted,3.66256046295166,1.3818856477737427,0.0839067371618784
219,7.3,detected,3,19,0.9263088703155518,ankle_midpoint,348.09124755859375,883.8388671875,0.9901330471038818,0.9909337759017944,-0.4712853729724884,10.915128707885742,-0.33806969557546335,10.95103426187036,0.0,0,two_ankles,accepted,-0.4712853729724884,10.915128707885742,0.12003680733285871
219,7.3,detected,4,1,0.8805178999900818,ankle_midpoint,955.8719482421875,829.4214477539062,0.9852412343025208,0.9070802927017212,2.999772548675537,9.610836029052734,2.9676601704704444,9.620502142153825,0.0,0,two_ankles,accepted,2.999772548675537,9.610836029052734,0.03052720753918745
220,7.333333333333333,detected,1,5,0.875880241394043,ankle_midpoint,759.826904296875,596.3231201171875,0.9843013882637024,0.9859350919723511,1.2096489667892456,1.432517170906067,1.2138119553382642,1.4183616904474914,0.0,0,two_ankles,accepted,1.2096489667892456,1.432517170906067,0.0066984615172862635
220,7.333333333333333,detected,2,3,0.8339643478393555,ankle_midpoint,1033.4832763671875,596.7793579101562,0.9927431344985962,0.9762493371963501,3.6585147380828857,1.3871660232543945,3.6620733312344544,1.3572917603624144,0.0,0,two_ankles,accepted,3.6585147380828857,1.3871660232543945,0.006652086509546389
220,7.333333333333333,detected,3,19,0.9258894324302673,ankle_midpoint,330.1790466308594,883.9318237304688,0.9894831776618958,0.9892400503158569,-0.5730633735656738,10.919270515441895,-0.44381685067105814,10.936740575977552,0.0,0,two_ankles,accepted,-0.5730633735656738,10.919270515441895,0.10186224018044494
220,7.333333333333333,detected,4,1,0.8741123676300049,ankle_midpoint,961.1066284179688,827.9469604492188,0.9794890880584717,0.9217281341552734,3.0318877696990967,9.57429313659668,2.9965625901233377,9.59970808965311,0.0,0,two_ankles,accepted,3.0318877696990967,9.57429313659668,0.04864946464707357
221,7.366666666666666,detected,1,5,0.8803346753120422,ankle_midpoint,759.33251953125,596.408935546875,0.9844940304756165,0.9856457114219666,1.2055455446243286,1.437036395072937,1.210092070516993,1.426765307528942,0.0,0,two_ankles,accepted,1.2055455446243286,1.437036395072937,0.006104216619186688
221,7.366666666666666,detected,2,3,0.8443918228149414,ankle_midpoint,1033.220458984375,596.7119140625,0.9928627610206604,0.9746843576431274,3.656236410140991,1.3837679624557495,3.659446716742396,1.3692060513044153,0.0,0,two_ankles,accepted,3.656236410140991,1.3837679624557495,0.004091160642422318
221,7.366666666666666,detected,3,19,0.9101547598838806,ankle_midpoint,324.8251647949219,882.341796875,0.9708083271980286,0.9696856737136841,-0.6109299063682556,10.886629104614258,-0.5190177257347971,10.91419041386407,0.0,0,two_ankles,accepted,-0.6109299063682556,10.886629104614258,0.049993359632130766
221,7.366666666666666,detected,4,1,0.8733883500099182,ankle_midpoint,962.2506103515625,831.62841796875,0.9879940748214722,0.9648339748382568,3.039139986038208,9.663313865661621,3.0157224182850295,9.62833068885694,0.0,0,two_ankles,accepted,3.039139986038208,9.663313865661621,0.08931564725781803
222,7.4,detected,1,5,0.8707690834999084,ankle_midpoint,758.568115234375,596.846435546875,0.9862722158432007,0.9864441752433777,1.2003217935562134,1.4596126079559326,1.2056954458846423,1.441546592721088,0.0,0,two_ankles,accepted,1.2003217935562134,1.4596126079559326,0.023172677086602915
222,7.4,detected,2,3,0.8374797105789185,ankle_midpoint,1032.7396240234375,596.06005859375,0.9924916625022888,0.9728150963783264,3.6526591777801514,1.3503608703613281,3.656392324209386,1.3607257198800262,0.0,0,two_ankles,accepted,3.6526591777801514,1.3503608703613281,0.033598071277509245
222,7.4,detected,3,19,0.8981393575668335,ankle_midpoint,302.88214111328125,888.9119873046875,0.9947115182876587,0.9809252619743347,-0.7052381038665771,11.02603816986084,-0.6028168958940981,10.964521904062616,0.0,0,two_ankles,accepted,-0.7052381038665771,11.02603816986084,0.16831198290171792
222,7.4,detected,4,1,0.8874303102493286,ankle_midpoint,963.9150390625,833.3072509765625,0.9951647520065308,0.9900023937225342,3.0494186878204346,9.703462600708008,3.030885739575962,9.662140049189922,0.0,0,two_ankles,accepted,3.0494186878204346,9.703462600708008,0.0414436079046324
223,7.433333333333334,detected,1,5,0.8727899789810181,ankle_midpoint,757.7404174804688,596.241943359375,0.9870384931564331,0.9873726963996887,1.1907063722610474,1.4288818836212158,1.1989503627540246,1.4358474736261457,0.0,0,two_ankles,accepted,1.1907063722610474,1.4288818836212158,0.03219990286972753
223,7.433333333333334,detected,2,3,0.8357661366462708,ankle_midpoint,1032.3619384765625,595.64306640625,0.9748284220695496,0.9446882605552673,3.6497368812561035,1.3289633989334106,3.6533973748804094,1.3464326754540492,0.0,0,two_ankles,accepted,3.6497368812561035,1.3289633989334106,0.021596101511222043
223,7.433333333333334,detected,3,19,0.8909994959831238,ankle_midpoint,292.2723388671875,891.8497314453125,0.9972430467605591,0.9867584109306335,-0.7514141798019409,11.087728500366211,-0.6696856736526274,11.019964872399235,0.0,0,two_ankles,accepted,-0.7514141798019409,11.087728500366211,0.07705794486391654
223,7.433333333333334,detected,4,1,0.8866561651229858,ankle_midpoint,967.7427368164062,831.5994262695312,0.9947931170463562,0.9911854863166809,3.0728349685668945,9.66186237335205,3.0497628926218816,9.66201509506288,0.0,0,two_ankles,accepted,3.0728349685668945,9.66186237335205,0.04773783740456146
224,7.466666666666667,detected,1,5,0.8718534111976624,ankle_midpoint,757.786376953125,596.206298828125,0.9870269894599915,0.9875824451446533,1.1909855604171753,1.4270437955856323,1.1953662017024425,1.4318858185079146,0.0,0,two_ankles,accepted,1.1909855604171753,1.4270437955856323,0.0018591701517282674
224,7.466666666666667,detected,2,3,0.8261613845825195,ankle_midpoint,1032.5166015625,595.353515625,0.973257303237915,0.9435346722602844,3.6514499187469482,1.3139795064926147,3.6525210196203517,1.3318287494214038,0.0,0,two_ankles,accepted,3.6514499187469482,1.3139795064926147,0.015081496282610027
224,7.466666666666667,detected,3,19,0.9035446643829346,ankle_midpoint,285.9432067871094,887.4046630859375,0.9940693378448486,0.9767351746559143,-0.8085156679153442,10.996935844421387,-0.73215917107085,11.009601809809205,0.0,0,two_ankles,accepted,-0.8085156679153442,10.996935844421387,0.10725617146943278
224,7.466666666666667,detected,4,1,0.8871387243270874,ankle_midpoint,969.2132568359375,832.2830810546875,0.9944077730178833,0.9912938475608826,3.081855058670044,9.67812728881836,3.064204367343555,9.669265582252848,0.0,0,two_ankles,accepted,3.081855058670044,9.67812728881836,0.018598642439573338
