frame,time_sec,status,player_id,raw_track_id,person_conf,ground_method,ground_pixel_x,ground_pixel_y,left_ankle_conf,right_ankle_conf,raw_x_m,raw_y_m,stable_x_m,stable_y_m,match_cost,missing_frames,ground_quality,ground_status,corrected_x_m,corrected_y_m,ground_speed_m_per_frame
0,0.0,detected,1,2,0.8699558973312378,ankle_midpoint,873.5863037109375,628.42578125,0.9782983660697937,0.9724528789520264,2.277175188064575,2.9541330337524414,2.277175188064575,2.9541330337524414,0.0,0,two_ankles,accepted,2.277175188064575,2.9541330337524414,
0,0.0,detected,2,5,0.824161946773529,ankle_midpoint,1012.522705078125,623.5477294921875,0.8826276659965515,0.8180309534072876,3.4513163566589355,2.698385715484619,3.4513163566589355,2.698385715484619,0.0,0,two_ankles,accepted,3.4513163566589355,2.698385715484619,
0,0.0,detected,3,1,0.9083567261695862,ankle_midpoint,908.6734619140625,858.9432373046875,0.9966063499450684,0.9930357336997986,2.72352933883667,10.305418968200684,2.72352933883667,10.305418968200684,0.0,0,two_ankles,accepted,2.72352933883667,10.305418968200684,
0,0.0,detected,4,3,0.8635914921760559,ankle_midpoint,988.4156494140625,781.7252197265625,0.9877803325653076,0.9873738884925842,3.208303213119507,8.370292663574219,3.208303213119507,8.370292663574219,0.0,0,two_ankles,accepted,3.208303213119507,8.370292663574219,
1,0.03333333333333333,detected,1,2,0.8735619783401489,ankle_midpoint,873.735595703125,628.4432373046875,0.9768235683441162,0.971609890460968,2.2784581184387207,2.95489239692688,2.2777525067329405,2.9544747471809387,0.0,0,two_ankles,accepted,2.2784581184387207,2.95489239692688,0.0014908194979937756
1,0.03333333333333333,detected,2,5,0.8268327116966248,ankle_midpoint,1011.5878295898438,623.398193359375,0.8904843330383301,0.828270673751831,3.4434616565704346,2.691667318344116,3.44778174161911,2.695362436771393,0.0,0,two_ankles,accepted,3.4434616565704346,2.691667318344116,0.010336013429645649
1,0.03333333333333333,detected,3,1,0.908549427986145,ankle_midpoint,908.7266235351562,859.115234375,0.9965779185295105,0.9931094646453857,2.7239227294921875,10.309267044067383,2.723706364631653,10.307150602340698,0.0,0,two_ankles,accepted,2.7239227294921875,10.309267044067383,0.0038681318596606156
1,0.03333333333333333,detected,4,3,0.8725704550743103,ankle_midpoint,988.183349609375,781.3704833984375,0.9887046217918396,0.9877676367759705,3.2068405151367188,8.360501289367676,3.207644999027252,8.365886545181276,0.0,0,two_ankles,accepted,3.2068405151367188,8.360501289367676,0.009900024961655767
2,0.06666666666666667,detected,1,2,0.873825192451477,ankle_midpoint,873.8189697265625,628.23193359375,0.9771387577056885,0.9719365835189819,2.278848886489868,2.9452691078186035,2.278245877623558,2.950332209467888,0.0,0,two_ankles,accepted,2.278848886489868,2.9452691078186035,0.009631219701121355
2,0.06666666666666667,detected,2,5,0.8175517320632935,ankle_midpoint,1010.9400634765625,623.888916015625,0.8784940838813782,0.8138279914855957,3.4376208782196045,2.7145590782165527,3.443209353089333,2.704000925421715,0.0,0,two_ankles,accepted,3.4376208782196045,2.7145590782165527,0.02362514257736491
2,0.06666666666666667,detected,3,1,0.908662736415863,ankle_midpoint,908.7598266601562,859.25927734375,0.9965948462486267,0.9931704998016357,2.7241852283477783,10.31248950958252,2.7239218533039096,10.309553110599518,0.0,0,two_ankles,accepted,2.7241852283477783,10.31248950958252,0.0032331392864260967
2,0.06666666666666667,detected,4,3,0.8790702819824219,ankle_midpoint,988.3837280273438,781.1361083984375,0.987995445728302,0.9880218505859375,3.2082021236419678,8.353971481323242,3.2078957051038746,8.360524766445161,0.0,0,two_ankles,accepted,3.2082021236419678,8.353971481323242,0.006670260176238716
3,0.1,detected,1,2,0.8741570711135864,ankle_midpoint,873.7708740234375,628.4693603515625,0.9772056341171265,0.9726427793502808,2.2787935733795166,2.956071138381958,2.27849234071374,2.95291472747922,0.0,0,two_ankles,accepted,2.2787935733795166,2.956071138381958,0.010802172181178253
3,0.1,detected,2,5,0.7393369674682617,ankle_midpoint,1008.9483032226562,625.4362182617188,0.8610270023345947,0.7963861227035522,3.4197044372558594,2.786454677581787,3.43263214096427,2.741105113893748,0.0,0,two_ankles,accepted,3.4197044372558594,2.786454677581787,0.07409437269383994
3,0.1,detected,3,1,0.9087679386138916,ankle_midpoint,908.5223388671875,859.4732666015625,0.9965740442276001,0.9934158325195312,2.72287917137146,10.317312240600586,2.7234526464343074,10.313044719099999,0.0,0,two_ankles,accepted,2.72287917137146,10.317312240600586,0.004996450670026643
3,0.1,detected,4,3,0.8797598481178284,ankle_midpoint,988.772216796875,779.6142578125,0.9885739088058472,0.989569365978241,3.2110469341278076,8.311609268188477,3.2093137581646447,8.338512792229654,0.0,0,two_ankles,accepted,3.2110469341278076,8.311609268188477,0.04245762650426486
4,0.13333333333333333,detected,1,2,0.8739303946495056,ankle_midpoint,873.537109375,628.5216064453125,0.9753109812736511,0.970655620098114,2.276902437210083,2.9584975242614746,2.2777768841370944,2.9554269860312345,0.0,0,two_ankles,accepted,2.276902437210083,2.9584975242614746,0.003076319952094957
4,0.13333333333333333,detected,2,5,0.7060924768447876,ankle_midpoint,1007.07568359375,627.008544921875,0.8558712601661682,0.772619903087616,3.4028830528259277,2.859055995941162,3.419245051302016,2.7941830108150842,0.0,0,two_ankles,accepted,3.4028830528259277,2.859055995941162,0.07452456240501429
4,0.13333333333333333,detected,3,1,0.9079517722129822,ankle_midpoint,908.433349609375,859.47998046875,0.9964454770088196,0.9933330416679382,2.7223563194274902,10.317474365234375,2.7229592992812397,10.31503805986047,0.0,0,two_ankles,accepted,2.7223563194274902,10.317474365234375,0.0005474107709884413
4,0.13333333333333333,detected,4,3,0.8823721408843994,ankle_midpoint,988.2890014648438,779.3975830078125,0.9883180260658264,0.9903985261917114,3.207899808883667,8.305644989013672,3.208677480988205,8.323722280782462,0.0,0,two_ankles,accepted,3.207899808883667,8.305644989013672,0.006743665425962062
5,0.16666666666666666,detected,1,2,0.8700440526008606,ankle_midpoint,873.1172485351562,627.741943359375,0.9741500616073608,0.970794141292572,2.2722108364105225,2.923128843307495,2.275272162660137,2.940892821805552,0.0,0,two_ankles,accepted,2.2722108364105225,2.923128843307495,0.03567849086616233
5,0.16666666666666666,detected,2,5,0.5653384327888489,ankle_midpoint,1004.87744140625,629.5015869140625,0.8159114718437195,0.7273551821708679,3.3828999996185303,2.973133087158203,3.4028897780444476,2.8747105451694877,0.0,0,two_ankles,accepted,3.3828999996185303,2.973133087158203,0.11581409739764315
5,0.16666666666666666,detected,3,1,0.9070188403129578,ankle_midpoint,908.5142211914062,859.4270629882812,0.99659663438797,0.9933525323867798,2.7228100299835205,10.316279411315918,2.722892128097266,10.315596668015424,0.0,0,two_ankles,accepted,2.7228100299835205,10.316279411315918,0.0012781893975030122
5,0.16666666666666666,detected,4,3,0.8854175806045532,ankle_midpoint,988.181640625,778.5985107421875,0.9891232848167419,0.9918521046638489,3.207338809967041,8.283361434936523,3.2080750790286814,8.30555990015179,0.0,0,two_ankles,accepted,3.207338809967041,8.283361434936523,0.02229061466388162
6,0.2,detected,1,2,0.8561793565750122,ankle_midpoint,874.7056884765625,628.759765625,0.9730620384216309,0.968244731426239,2.2870872020721436,2.9690449237823486,2.28058893039554,2.9535612676951106,0.0,0,two_ankles,accepted,2.2870872020721436,2.9690449237823486,0.04826585440527789
6,0.2,detected,2,5,0.5875141024589539,ankle_midpoint,1004.7968139648438,627.5726318359375,0.8176164031028748,0.7236921787261963,3.383298397064209,2.885366439819336,3.3940736566033403,2.8795056977619193,0.0,0,two_ankles,accepted,3.383298397064209,2.885366439819336,0.08776755155312131
6,0.2,detected,3,1,0.9071829915046692,ankle_midpoint,908.397705078125,859.3043212890625,0.9967547059059143,0.9929327964782715,2.72206449508667,10.313545227050781,2.722519693242498,10.314673519581335,0.0,0,two_ankles,accepted,2.72206449508667,10.313545227050781,0.002834005271368286
6,0.2,detected,4,3,0.879316508769989,ankle_midpoint,991.6173095703125,776.7316284179688,0.9789549112319946,0.9810861945152283,3.230440616607666,8.23052978515625,3.2181395709392246,8.271796348403797,0.0,0,two_ankles,accepted,3.230440616607666,8.23052978515625,0.057661743717704994
7,0.23333333333333334,detected,1,2,0.8566563129425049,ankle_midpoint,876.4197998046875,628.3072509765625,0.9706507921218872,0.9649186134338379,2.3008642196655273,2.94810152053833,2.2897128105670346,2.9511043814745594,0.0,0,two_ankles,accepted,2.3008642196655273,2.94810152053833,0.025068553073721134
7,0.23333333333333334,detected,2,5,0.6660741567611694,ankle_midpoint,1002.7672119140625,627.78564453125,0.8362115025520325,0.7388094663619995,3.3660435676574707,2.895554304122925,3.381460116577699,2.8867275706243722,0.0,0,two_ankles,accepted,3.3660435676574707,2.895554304122925,0.020038006810159048
7,0.23333333333333334,detected,3,1,0.9067158699035645,ankle_midpoint,908.6627197265625,857.9874877929688,0.995302677154541,0.9896389245986938,2.7230257987976074,10.283966064453125,2.722747440742298,10.30085516477364,0.0,0,two_ankles,accepted,2.7230257987976074,10.283966064453125,0.029594779350474106
7,0.23333333333333334,detected,4,3,0.8663806915283203,ankle_midpoint,985.26708984375,778.4988403320312,0.9884465932846069,0.9878131151199341,3.1881022453308105,8.281024932861328,3.2046227744154385,8.275949211409687,0.0,0,two_ankles,accepted,3.1881022453308105,8.281024932861328,0.0658961123597934
8,0.26666666666666666,detected,1,2,0.8461283445358276,ankle_midpoint,877.343505859375,628.2816772460938,0.970449686050415,0.9617972373962402,2.308607578277588,2.9467287063598633,2.298215456036784,2.9491353276729466,0.0,0,two_ankles,accepted,2.308607578277588,2.9467287063598633,0.007864109699360234
8,0.26666666666666666,detected,2,5,0.7165563106536865,ankle_midpoint,1000.9522705078125,627.13037109375,0.8457872271537781,0.7576022148132324,3.351048707962036,2.866030693054199,3.3677749827006513,2.8774139757177943,0.0,0,two_ankles,accepted,3.351048707962036,2.866030693054199,0.033113281743480875
8,0.26666666666666666,detected,3,1,0.907977283000946,ankle_midpoint,908.5657958984375,857.8176879882812,0.9953378438949585,0.9898678064346313,2.7223732471466064,10.28016185760498,2.722579053624237,10.291543176547744,0.0,0,two_ankles,accepted,2.7223732471466064,10.28016185760498,0.003859768568281504
8,0.26666666666666666,detected,4,3,0.8379338979721069,ankle_midpoint,984.369384765625,779.315673828125,0.9905428290367126,0.9895016551017761,3.1820507049560547,8.303963661193848,3.1944653431587158,8.28855571381256,0.0,0,two_ankles,accepted,3.1820507049560547,8.303963661193848,0.023723541017740893
9,0.3,detected,1,2,0.8457295894622803,ankle_midpoint,880.9765625,629.780029296875,0.9640832543373108,0.9644148945808411,2.3412423133850098,3.0138401985168457,2.3175775418434856,2.9782525195527016,0.0,0,two_ankles,accepted,2.3412423133850098,3.0138401985168457,0.07462558753583322
9,0.3,detected,2,5,0.8343764543533325,ankle_midpoint,1004.4866333007812,629.6975708007812,0.9138466715812683,0.8796449899673462,3.379502773284912,2.9821059703826904,3.3730524884635686,2.924525373316998,0.0,0,two_ankles,accepted,3.379502773284912,2.9821059703826904,0.11951194015781284
9,0.3,detected,3,1,0.9090908765792847,ankle_midpoint,908.384521484375,857.4520874023438,0.9960118532180786,0.9897957444190979,2.721129894256592,10.271961212158203,2.721926931908797,10.282731292572452,0.0,0,two_ankles,accepted,2.721129894256592,10.271961212158203,0.008294366290010211
9,0.3,detected,4,3,0.8348158001899719,ankle_midpoint,983.9137573242188,776.8301391601562,0.9933913946151733,0.9912120699882507,3.1794025897979736,8.23448657989502,3.1876871041463817,8.264224603549668,0.0,0,two_ankles,accepted,3.1794025897979736,8.23448657989502,0.06952752936567236
10,0.3333333333333333,detected,1,2,0.8255329728126526,ankle_midpoint,884.3056640625,630.5526733398438,0.9278610348701477,0.9549528956413269,2.3702120780944824,3.0479750633239746,2.3412630831564343,3.0096276642497743,0.0,0,two_ankles,accepted,2.3702120780944824,3.0479750633239746,0.044770931001300106
10,0.3333333333333333,detected,2,5,0.8603529930114746,ankle_midpoint,1003.1812744140625,627.6907958984375,0.9378861784934998,0.9150724411010742,3.3695900440216064,2.8911306858062744,3.3714943884646855,2.909497763937172,0.0,0,two_ankles,accepted,3.3695900440216064,2.8911306858062744,0.09151373998043941
10,0.3333333333333333,detected,3,1,0.9088180661201477,ankle_midpoint,908.103271484375,856.7490234375,0.9959790706634521,0.990676760673523,2.719135284423828,10.256160736083984,2.720670690540561,10.27077454215264,0.0,0,two_ankles,accepted,2.719135284423828,10.256160736083984,0.015925875566414446
10,0.3333333333333333,detected,4,3,0.7453115582466125,ankle_midpoint,979.6689453125,779.357421875,0.9903054237365723,0.9842550754547119,3.1510307788848877,8.305849075317383,3.1711917577787094,8.28295561584514,0.0,0,two_ankles,accepted,3.1510307788848877,8.305849075317383,0.07679560799547538
11,0.36666666666666664,detected,1,2,0.8326076865196228,ankle_midpoint,885.3848876953125,633.6220703125,0.909304141998291,0.9299294352531433,2.3831794261932373,3.185363292694092,2.3601254375229956,3.0887086970497175,0.0,0,two_ankles,accepted,2.3831794261932373,3.185363292694092,0.13799883219132766
11,0.36666666666666664,detected,2,5,0.8613612651824951,ankle_midpoint,1000.6553344726562,625.2032470703125,0.9373846054077148,0.9173407554626465,3.349499464035034,2.777632474899292,3.361596672471342,2.8501583838701263,0.0,0,two_ankles,accepted,3.349499464035034,2.777632474899292,0.11526263611111244
11,0.36666666666666664,detected,3,1,0.9085046648979187,ankle_midpoint,908.03564453125,856.5325927734375,0.9954932928085327,0.9903109073638916,2.718632936477661,10.251288414001465,2.719753701212256,10.26200578448461,0.0,0,two_ankles,accepted,2.718632936477661,10.251288414001465,0.0048981502564565795
11,0.36666666666666664,detected,4,3,0.7983523011207581,ankle_midpoint,979.6923828125,780.9468994140625,0.9910677075386047,0.9777839779853821,3.1510214805603027,8.350051879882812,3.1621151330304267,8.313148934662093,0.0,0,two_ankles,accepted,3.1510214805603027,8.350051879882812,0.0442028055434088
12,0.4,detected,1,2,0.8009620308876038,ankle_midpoint,885.7168579101562,634.60302734375,0.881034791469574,0.913648784160614,2.3871853351593018,3.2289514541625977,2.3723023914593337,3.151817937750514,0.0,0,two_ankles,accepted,2.3871853351593018,3.2289514541625977,0.043771853134736416
12,0.4,detected,2,5,0.856976330280304,ankle_midpoint,999.6666870117188,625.1805419921875,0.9436190128326416,0.9253535270690918,3.3411238193511963,2.7768137454986572,3.3523838885672763,2.8171532966029655,0.0,0,two_ankles,accepted,3.3411238193511963,2.7768137454986572,0.008415565441571094
12,0.4,detected,3,1,0.9082230925559998,ankle_midpoint,908.044677734375,856.589111328125,0.9952732920646667,0.989913821220398,2.71871280670166,10.252562522888184,2.7192852986824882,10.25775631676622,0.0,0,two_ankles,accepted,2.71871280670166,10.252562522888184,0.001276609849522299
12,0.4,detected,4,3,0.829105794429779,ankle_midpoint,975.02978515625,783.252685546875,0.9860184192657471,0.9679324626922607,3.1201934814453125,8.414532661437988,3.1432503898171253,8.358771611711246,0.0,0,two_ankles,accepted,3.1201934814453125,8.414532661437988,0.0714712300118036
13,0.43333333333333335,detected,1,2,0.7357590198516846,ankle_midpoint,881.0673828125,634.77880859375,0.8654271364212036,0.9310365915298462,2.348705291748047,3.2377965450286865,2.361683696589255,3.1905083110256918,0.0,0,two_ankles,accepted,2.348705291748047,3.2377965450286865,0.03948353293920681
13,0.43333333333333335,detected,2,5,0.8514978885650635,ankle_midpoint,997.9793701171875,624.7100830078125,0.9450690746307373,0.9300618171691895,3.327025890350342,2.7555081844329834,3.340972789369656,2.7894129961264738,0.0,0,two_ankles,accepted,3.327025890350342,2.7555081844329834,0.025547573944237654
13,0.43333333333333335,detected,3,1,0.9076657891273499,ankle_midpoint,908.9261474609375,857.8621826171875,0.9957495927810669,0.9929243326187134,2.7245287895202637,10.281115531921387,2.7216448695594875,10.268267963586045,0.0,0,two_ankles,accepted,2.7245287895202637,10.281115531921387,0.02913932018761712
13,0.43333333333333335,detected,4,3,0.8373171091079712,ankle_midpoint,974.905517578125,786.49853515625,0.9736653566360474,0.9547334313392639,3.1191928386688232,8.503605842590332,3.1324244918003896,8.423947015606835,0.0,0,two_ankles,accepted,3.1191928386688232,8.503605842590332,0.08907880155550132
14,0.4666666666666667,detected,1,2,0.7206881642341614,ankle_midpoint,874.033935546875,641.257080078125,0.7727112770080566,0.8010205626487732,2.299349308013916,3.523618698120117,2.3336332217303526,3.3404079852181834,0.0,0,two_ankles,accepted,2.299349308013916,3.523618698120117,0.29005226482167834
14,0.4666666666666667,detected,2,5,0.8560582995414734,ankle_midpoint,997.5338134765625,624.8338623046875,0.9448860883712769,0.931650698184967,3.3231871128082275,2.761322259902954,3.3329692349170132,2.77677216482589,0.0,0,two_ankles,accepted,3.3231871128082275,2.761322259902954,0.006967042886932435
14,0.4666666666666667,detected,3,1,0.9070501923561096,ankle_midpoint,908.6956176757812,858.208984375,0.9952191710472107,0.9935156106948853,2.723322629928589,10.288938522338867,2.7223998617255836,10.277569715024814,0.0,0,two_ankles,accepted,2.723322629928589,10.288938522338867,0.007915427975326437
14,0.4666666666666667,detected,4,3,0.8550029993057251,ankle_midpoint,973.5745239257812,790.8453369140625,0.9746314287185669,0.9468799233436584,3.110308885574341,8.621782302856445,3.1224724689986676,8.51297289486916,0.0,0,two_ankles,accepted,3.110308885574341,8.621782302856445,0.11850991681548517
15,0.5,detected,1,2,0.6956242322921753,ankle_midpoint,874.4105224609375,638.7479248046875,0.7469832301139832,0.7698222994804382,2.298929214477539,3.4142279624938965,2.318016418466587,3.3736269749922547,0.0,0,two_ankles,accepted,2.298929214477539,3.4142279624938965,0.10939154226641572
15,0.5,detected,2,5,0.8707231879234314,ankle_midpoint,998.49560546875,624.3515625,0.9655517935752869,0.9544532895088196,3.3315765857696533,2.7388317584991455,3.3323425428007014,2.7596989819788553,0.0,0,two_ankles,accepted,3.3315765857696533,2.7388317584991455,0.024004289407629015
15,0.5,detected,3,1,0.912929892539978,ankle_midpoint,909.7476806640625,860.168212890625,0.9815442562103271,0.9719935059547424,2.730436325073242,10.332698822021484,2.72601627023203,10.302377813173315,0.0,0,two_ankles,accepted,2.730436325073242,10.332698822021484,0.04433473228658915
15,0.5,detected,4,3,0.8538259863853455,ankle_midpoint,973.01806640625,788.5111083984375,0.9742899537086487,0.9421189427375793,3.106788396835327,8.558693885803223,3.1154146365251645,8.53354734078949,0.0,0,two_ankles,accepted,3.106788396835327,8.558693885803223,0.06318656666763021
16,0.5333333333333333,detected,1,2,0.3826432228088379,ankle_midpoint,874.4942626953125,655.3782958984375,0.6623457670211792,0.6612241268157959,2.322340965270996,4.120765686035156,2.3033680570745045,3.4116537474255444,0.013660089835615064,0,two_ankles,corrected_motion_outlier,2.2854645042619595,3.458130913732898,0.7069255016351302
16,0.5333333333333333,detected,2,5,0.8515622019767761,ankle_midpoint,996.5621948242188,624.5732421875,0.9340473413467407,0.9174242615699768,3.3150534629821777,2.7495176792144775,3.324562456882366,2.7551173957348856,0.0,0,two_ankles,accepted,3.3150534629821777,2.7495176792144775,0.01967746142632116
16,0.5333333333333333,detected,3,1,0.9047592282295227,ankle_midpoint,908.67919921875,857.4595947265625,0.9882106781005859,0.9868444204330444,2.7228801250457764,10.27209186553955,2.7246050048982164,10.288749136738122,0.0,0,two_ankles,accepted,2.7228801250457764,10.27209186553955,0.06107617647543162
16,0.5333333333333333,detected,4,3,0.8787857890129089,ankle_midpoint,970.5593872070312,785.745849609375,0.9670118093490601,0.9327758550643921,3.0908236503601074,8.483685493469238,3.104348692750889,8.511109509495377,0.0,0,two_ankles,accepted,3.0908236503601074,8.483685493469238,0.07668853923857832
17,0.5666666666666667,detected,2,5,0.8465923070907593,ankle_midpoint,995.7030029296875,623.8792114257812,0.9693277478218079,0.9501376152038574,3.308051109313965,2.7176284790039062,3.3171323504765855,2.738247383205945,0.0,0,two_ankles,accepted,3.308051109313965,2.7176284790039062,0.032648951697790154
17,0.5666666666666667,detected,3,1,0.9057686924934387,ankle_midpoint,908.8851318359375,856.044189453125,0.9892259240150452,0.9877822995185852,2.7234487533569336,10.240153312683105,2.7240846917046393,10.266881015913366,0.0,0,two_ankles,accepted,2.7234487533569336,10.240153312683105,0.031943614334013624
17,0.5666666666666667,detected,4,3,0.8751364946365356,ankle_midpoint,970.786376953125,780.5650024414062,0.9652101993560791,0.9302827715873718,3.092404365539551,8.340812683105469,3.098973745505787,8.434475937619919,0.0,0,two_ankles,accepted,3.092404365539551,8.340812683105469,0.1428815544488517
17,0.5666666666666667,predicted,1,,,motion_prediction,,,,,,,2.27199979404638,3.5020338649718994,,1,,motion_prediction,2.27199979404638,3.5020338649718994,
18,0.6,detected,1,2,0.4531799852848053,ankle_midpoint,876.7366943359375,651.4163818359375,0.46921905875205994,0.4716362953186035,2.335165500640869,3.955726146697998,2.3176769066793685,3.6564863270981487,0.0,0,two_ankles,accepted,2.335165500640869,3.955726146697998,0.18090309005752525
18,0.6,detected,2,5,0.8531471490859985,ankle_midpoint,992.2660522460938,623.5565795898438,0.9676649570465088,0.9450852870941162,3.2789459228515625,2.7034783363342285,3.2999484580453253,2.7226013121136727,0.0,0,two_ankles,accepted,3.2789459228515625,2.7034783363342285,0.032362608309335066
18,0.6,detected,3,1,0.9100624322891235,ankle_midpoint,911.8812866210938,849.8452758789062,0.9900029897689819,0.9886605739593506,2.73850154876709,10.098603248596191,2.730572277382742,10.191156020620639,0.0,0,two_ankles,accepted,2.73850154876709,10.098603248596191,0.14234819033858315
18,0.6,detected,4,3,0.4696692228317261,ankle_midpoint,972.038330078125,780.182861328125,0.8691697120666504,0.863067090511322,3.100661277770996,8.330000877380371,3.099733135025131,8.387462160512122,0.0,0,two_ankles,accepted,3.100661277770996,8.330000877380371,0.013604107564814593
19,0.6333333333333333,detected,1,2,0.32771575450897217,ankle_midpoint,878.2313232421875,637.11767578125,0.6973912119865417,0.8176792860031128,2.3282926082611084,3.341829299926758,2.3235107512475617,3.8324145138262047,0.05561246117626861,0,two_ankles,corrected_motion_outlier,2.3306410057197975,4.047437853160495,0.6139353183563684
19,0.6333333333333333,detected,2,5,0.8457041382789612,ankle_midpoint,991.4373168945312,622.404296875,0.9291577339172363,0.9151062369346619,3.272308111190796,2.6501524448394775,3.287510301960787,2.6899993218402853,0.0,0,two_ankles,accepted,3.272308111190796,2.6501524448394775,0.05373742873783378
19,0.6333333333333333,detected,3,1,0.9101100564002991,ankle_midpoint,916.1092529296875,849.309326171875,0.9919053316116333,0.9905517101287842,2.7635910511016846,10.085732460021973,2.7454307255562664,10.14371541835124,0.0,0,two_ankles,accepted,2.7635910511016846,10.085732460021973,0.0281982326736956
19,0.6333333333333333,detected,4,3,0.5383226871490479,ankle_midpoint,978.638671875,766.3480224609375,0.8161360025405884,0.8263896107673645,3.145472764968872,7.9364423751831055,3.099561876135838,8.343787174322731,0.0,0,two_ankles,corrected_motion_outlier,3.099352559715591,8.290406635646807,0.39610145674642566
20,0.6666666666666666,detected,1,2,0.416328102350235,ankle_midpoint,877.9371337890625,639.6402587890625,0.745903491973877,0.8417456150054932,2.3292791843414307,3.4524388313293457,2.326106546139803,3.6614254567026183,0.0367180111643538,0,two_ankles,accepted,2.3292791843414307,3.4524388313293457,0.2516608682982728
20,0.6666666666666666,detected,2,5,0.8514977693557739,ankle_midpoint,990.516845703125,621.5929565429688,0.9538543224334717,0.9380545616149902,3.264739990234375,2.61254620552063,3.277263661683902,2.6551454194964403,0.0,0,two_ankles,accepted,3.264739990234375,2.61254620552063,0.03836020972984194
20,0.6666666666666666,detected,3,1,0.9143403172492981,ankle_midpoint,923.630615234375,844.9429321289062,0.9793170094490051,0.9754736423492432,2.8070969581604004,9.983772277832031,2.773180530228127,10.071741005117596,0.0,0,two_ankles,accepted,2.8070969581604004,9.983772277832031,0.11085415058177868
20,0.6666666666666666,detected,4,3,0.5492734909057617,ankle_midpoint,976.08935546875,765.6249389648438,0.8232699632644653,0.848702609539032,3.1283838748931885,7.915891170501709,3.112531775576646,8.151233972603272,0.0,0,two_ankles,accepted,3.1283838748931885,7.915891170501709,0.20751830745884256
21,0.7,detected,1,2,0.6799953579902649,ankle_midpoint,868.297607421875,645.0303955078125,0.8873075246810913,0.940899670124054,2.257733106613159,3.68739652633667,2.2953384983528133,3.6731124380379416,0.0,0,two_ankles,accepted,2.257733106613159,3.68739652633667,0.245609363993832
21,0.7,detected,2,5,0.8559589982032776,ankle_midpoint,989.8848266601562,621.130126953125,0.9243060350418091,0.9152429699897766,3.2594988346099854,2.5910677909851074,3.2692694895006396,2.6263104866663407,0.0,0,two_ankles,accepted,3.2594988346099854,2.5910677909851074,0.02210864091794911
21,0.7,detected,3,1,0.9175934195518494,ankle_midpoint,929.860595703125,846.475341796875,0.9917640089988708,0.9916653037071228,2.845109701156616,10.018511772155762,2.8055486571459474,10.04778785028477,0.0,0,two_ankles,accepted,2.845109701156616,10.018511772155762,0.051495641523966434
21,0.7,detected,4,3,0.3185723125934601,ankle_midpoint,932.2316284179688,735.5255126953125,0.46068593859672546,0.5170527100563049,2.8218648433685303,7.009755611419678,3.121465574761257,8.001137256533806,0.21554815574218766,0,two_ankles,corrected_motion_outlier,3.1323846626535587,7.817685714671126,0.956574915058784
22,0.7333333333333333,detected,1,2,0.8669129610061646,ankle_midpoint,862.3579711914062,643.2705688476562,0.959945023059845,0.981162965297699,2.20646595954895,3.613163948059082,2.255345855891075,3.646135617547455,0.0,0,two_ankles,accepted,2.20646595954895,3.613163948059082,0.09021527612240315
22,0.7333333333333333,detected,2,5,0.8698021173477173,ankle_midpoint,988.5597534179688,621.080078125,0.9520851373672485,0.9460389614105225,3.24819016456604,2.589035749435425,3.2597837932800697,2.6095368549124287,0.0,0,two_ankles,accepted,3.24819016456604,2.589035749435425,0.011489787248790233
22,0.7333333333333333,detected,3,1,0.9089006781578064,ankle_midpoint,938.8873291015625,848.0409545898438,0.9890439510345459,0.9900391697883606,2.899765729904175,10.053508758544922,2.84794633988715,10.05036225900184,0.0,0,two_ankles,accepted,2.899765729904175,10.053508758544922,0.06490046636794694
22,0.7333333333333333,detected,4,3,0.24153780937194824,ankle_midpoint,944.7197875976562,738.657470703125,0.4221193790435791,0.432136207818985,2.9105889797210693,7.106575012207031,3.1281795188049593,7.874391607571837,0.0031744694400087647,0,two_ankles,corrected_motion_outlier,3.136385450413929,7.719480258840543,0.4190546684025517
23,0.7666666666666667,detected,1,2,0.8783804774284363,ankle_midpoint,861.3468017578125,648.5196533203125,0.9686017036437988,0.9895361661911011,2.20638108253479,3.837238073348999,2.233311707880747,3.73213172265815,0.0,0,two_ankles,accepted,2.20638108253479,3.837238073348999,0.22407414136519402
23,0.7666666666666667,detected,2,5,0.8634277582168579,ankle_midpoint,986.9678955078125,621.4180297851562,0.9549625515937805,0.9513542652130127,3.2344870567321777,2.6052029132843018,3.2484002618335186,2.607586581179772,0.0,0,two_ankles,accepted,3.2344870567321777,2.6052029132843018,0.021193214744886918
23,0.7666666666666667,detected,3,1,0.9061015248298645,ankle_midpoint,944.5147705078125,849.8272705078125,0.980363667011261,0.987014651298523,2.933882474899292,10.093884468078613,2.886617600642614,10.069947253086388,0.0,0,two_ankles,accepted,2.933882474899292,10.093884468078613,0.05285972199520986
23,0.7666666666666667,detected,4,3,0.24772946536540985,ankle_midpoint,946.3297119140625,739.4410400390625,0.5015098452568054,0.5148531794548035,2.9220571517944336,7.1309099197387695,3.035424453650223,7.539824848046957,0.0,0,two_ankles,accepted,2.9220571517944336,7.1309099197387695,0.2705480611881534
24,0.8,detected,1,2,0.8189588189125061,ankle_midpoint,867.054443359375,659.990478515625,0.9620988368988037,0.9832999110221863,2.269202947616577,4.311026573181152,2.2106793953680484,3.819239208659024,0.0,0,two_ankles,corrected_motion_outlier,2.1830176800747503,3.925703913771202,0.4779352773185472
24,0.8,detected,2,5,0.8572195172309875,ankle_midpoint,987.2505493164062,620.355712890625,0.9463598132133484,0.9370057582855225,3.2372138500213623,2.555414915084839,3.2433663765180483,2.5841093314370522,0.0,0,two_ankles,accepted,3.2372138500213623,2.555414915084839,0.04986261291139547
24,0.8,detected,3,1,0.9145944118499756,ankle_midpoint,957.2974853515625,851.6298828125,0.9718942642211914,0.9795844554901123,3.0105936527252197,10.133505821228027,2.9424068240797867,10.098548608750127,0.0,0,two_ankles,accepted,3.0105936527252197,10.133505821228027,0.08633919404784648
24,0.8,predicted,4,,,motion_prediction,,,,,,,2.9005862128104862,6.975495227526547,,1,,motion_prediction,2.9005862128104862,6.975495227526547,
25,0.8333333333333334,detected,1,2,0.7907243967056274,ankle_midpoint,881.3463745117188,659.28076171875,0.9246653914451599,0.9723891615867615,2.3820831775665283,4.279216766357422,2.2878110973573644,4.026229109623303,0.0,0,two_ankles,accepted,2.3820831775665283,4.279216766357422,0.23781105486918375
25,0.8333333333333334,detected,2,5,0.8541651964187622,ankle_midpoint,986.0447998046875,616.5465087890625,0.9724728465080261,0.9612244963645935,3.227952480316162,2.37577486038208,3.2364301232271995,2.490358819462315,0.0,0,two_ankles,accepted,3.227952480316162,2.37577486038208,0.17987863192282336
25,0.8333333333333334,detected,3,1,0.8921554088592529,ankle_midpoint,964.5794067382812,857.335205078125,0.9782071709632874,0.9868910908699036,3.054288864135742,10.262028694152832,2.992753742104967,10.172114647181346,0.0,0,two_ankles,accepted,3.054288864135742,10.262028694152832,0.1357475611753513
25,0.8333333333333334,predicted,4,,,motion_prediction,,,,,,,2.879115273826539,6.820080535314326,,2,,motion_prediction,2.879115273826539,6.820080535314326,
26,0.8666666666666667,detected,1,2,0.840720534324646,ankle_midpoint,878.814697265625,663.0025634765625,0.9469163417816162,0.9834415316581726,2.366525888442993,4.430216312408447,2.3232327533458976,4.208023350876618,0.0,0,two_ankles,accepted,2.366525888442993,4.430216312408447,0.15179885425288625
26,0.8666666666666667,detected,2,5,0.8523770570755005,ankle_midpoint,987.8990478515625,615.1898193359375,0.9686470031738281,0.9589594602584839,3.244356632232666,2.3106298446655273,3.2399970522796595,2.4094807808037606,0.0,0,two_ankles,accepted,3.244356632232666,2.3106298446655273,0.06717863702703146
26,0.8666666666666667,detected,3,1,0.8968598246574402,ankle_midpoint,965.4481201171875,860.2157592773438,0.9764776229858398,0.9820497632026672,3.0595152378082275,10.326565742492676,3.0227964151714346,10.241617640071444,0.0,0,two_ankles,accepted,3.0595152378082275,10.326565742492676,0.06474832499905907
26,0.8666666666666667,detected,4,3,0.5469045639038086,ankle_midpoint,929.3657836914062,709.2304077148438,0.23755334317684174,0.278139591217041,2.7900002002716064,6.140552520751953,2.9554234001867887,7.146003295821773,0.0,0,two_ankles,corrected_motion_outlier,2.857644334842591,6.664665843102104,0.33304100784762136
27,0.9,detected,1,2,0.771608293056488,ankle_midpoint,880.6153564453125,669.668701171875,0.9340602159500122,0.9836056232452393,2.388742446899414,4.694580078125,2.35271211544498,4.426973878138391,0.0,0,two_ankles,accepted,2.388742446899414,4.694580078125,0.26529563903970216
27,0.9,detected,2,5,0.849281370639801,ankle_midpoint,991.2391357421875,611.2735595703125,0.9698991179466248,0.9626667499542236,3.274664878845215,2.1211705207824707,3.2555975742341596,2.2797411637941805,0.0,0,two_ankles,accepted,3.274664878845215,2.1211705207824707,0.19186824963748442
27,0.9,detected,3,1,0.8979684114456177,ankle_midpoint,966.760498046875,863.4940185546875,0.95438152551651,0.9665247201919556,3.0673205852508545,10.399391174316406,3.0428322917071737,10.312615730481678,0.0,0,two_ankles,accepted,3.0673205852508545,10.399391174316406,0.07324252159103302
27,0.9,detected,4,3,0.3632790744304657,ankle_midpoint,930.184326171875,723.56494140625,0.3995651304721832,0.40182554721832275,2.8023626804351807,6.6233906745910645,2.8865460762985653,6.910827616267955,0.0,0,two_ankles,accepted,2.8023626804351807,6.6233906745910645,0.130360689691445
28,0.9333333333333333,detected,1,2,0.653677761554718,ankle_midpoint,859.9207153320312,683.675537109375,0.8835698962211609,0.9552006125450134,2.2467105388641357,5.235660552978516,2.3737908547452093,4.630130718727812,0.0,0,two_ankles,corrected_motion_outlier,2.399553758334378,4.878433523892659,0.5594114256679494
28,0.9333333333333333,detected,2,5,0.8584595918655396,ankle_midpoint,994.1671142578125,608.565673828125,0.9414287805557251,0.9343971014022827,3.301300048828125,1.9883577823638916,3.276163687801444,2.1486186421505504,0.0,0,two_ankles,accepted,3.301300048828125,1.9883577823638916,0.13545721009330008
28,0.9333333333333333,detected,3,1,0.9024405479431152,ankle_midpoint,964.6216430664062,864.7369384765625,0.9870772361755371,0.9892488718032837,3.054774522781372,10.427179336547852,3.048206295690563,10.364169353211457,0.0,0,two_ankles,accepted,3.054774522781372,10.427179336547852,0.030489106967723393
28,0.9333333333333333,detected,4,3,0.622316300868988,ankle_midpoint,912.4322509765625,793.4420166015625,0.569734513759613,0.44833385944366455,2.7149364948272705,8.70065975189209,2.837670328697467,6.7160386247635895,1.5735891259561452,0,two_ankles,corrected_motion_outlier,2.7779333038516802,6.477963190702696,2.079108019666367
29,0.9666666666666667,detected,1,2,0.6583049893379211,ankle_midpoint,871.9493408203125,680.9300537109375,0.8824285864830017,0.9609038233757019,2.3352372646331787,5.130054950714111,2.3564417391947954,4.855096623121646,0.0,0,two_ankles,accepted,2.3352372646331787,5.130054950714111,0.21937477588925636
29,0.9666666666666667,detected,2,5,0.8691633343696594,ankle_midpoint,996.7206420898438,607.06298828125,0.9549112319946289,0.9466115832328796,3.3243517875671387,1.9138336181640625,3.297848332696007,2.042965381356631,0.0,0,two_ankles,accepted,3.3243517875671387,1.9138336181640625,0.07800790798742671
29,0.9666666666666667,detected,3,1,0.9070557951927185,ankle_midpoint,964.7186279296875,865.3807373046875,0.9871954917907715,0.9895361661911011,3.0553641319274902,10.441384315490723,3.0514273219971804,10.398916086237126,0.0,0,two_ankles,accepted,3.0553641319274902,10.441384315490723,0.014217210194429756
29,0.9666666666666667,detected,4,3,0.3115590810775757,ankle_midpoint,918.185546875,795.2171020507812,0.48596251010894775,0.3847591280937195,2.7529373168945312,8.747183799743652,2.7997954480542884,6.543462311686422,2.414648159408434,0,two_ankles,corrected_motion_outlier,2.75350392726818,6.332535706814328,1.0621840830344005
30,1.0,detected,1,2,0.5561328530311584,ankle_midpoint,869.2711791992188,679.67431640625,0.828552782535553,0.9443324208259583,2.313058614730835,5.0830302238464355,2.3369193331860134,4.957666743447802,0.0,0,two_ankles,accepted,2.313058614730835,5.0830302238464355,0.051992474921571497
30,1.0,detected,2,5,0.8662633895874023,ankle_midpoint,997.822509765625,601.4136352539062,0.9228752255439758,0.9059407114982605,3.3368101119995117,1.6318625211715698,3.3153811333825844,1.8579690942733535,0.0,0,two_ankles,accepted,3.3368101119995117,1.6318625211715698,0.2822461857790322
30,1.0,detected,3,1,0.9067448973655701,ankle_midpoint,969.3449096679688,863.563232421875,0.9577444791793823,0.9661255478858948,3.0825276374816895,10.400593757629395,3.0654224639652097,10.399671038363648,0.0,0,two_ankles,accepted,3.0825276374816895,10.400593757629395,0.04900740397767841
30,1.0,predicted,4,,,motion_prediction,,,,,,,2.7290745506846794,6.187108222925959,,1,,motion_prediction,2.7290745506846794,6.187108222925959,
31,1.0333333333333334,detected,1,2,0.6356163620948792,ankle_midpoint,895.1182861328125,674.2640991210938,0.8318519592285156,0.9548394083976746,2.5067684650421143,4.870700359344482,2.4133514425212588,4.918531870601308,0.0,0,two_ankles,accepted,2.5067684650421143,4.870700359344482,0.28741516568726155
31,1.0333333333333334,detected,2,5,0.8251281380653381,ankle_midpoint,995.4219970703125,607.3524169921875,0.8764643669128418,0.8378996253013611,3.31282377243042,1.9284170866012573,3.3142303209541106,1.8896706908209104,0.0,0,two_ankles,accepted,3.31282377243042,1.9284170866012573,0.2975230323237423
31,1.0333333333333334,detected,3,1,0.9040845036506653,ankle_midpoint,966.0311889648438,863.7025146484375,0.9903188943862915,0.9916180968284607,3.0630335807800293,10.404106140136719,3.0643474665318786,10.401666834161531,0.0,0,two_ankles,accepted,3.0630335807800293,10.404106140136719,0.019807954906180963
31,1.0333333333333334,detected,4,3,0.40598177909851074,ankle_midpoint,1004.6154174804688,757.0411376953125,0.7030333280563354,0.5948106646537781,3.3234922885894775,7.659077167510986,3.0354590262951238,7.045488996807476,1.0817456389288207,0,two_ankles,accepted,3.3234922885894775,7.659077167510986,0.2898515331285806
32,1.0666666666666667,detected,1,2,0.7792711853981018,ankle_midpoint,901.94677734375,667.5867919921875,0.919249415397644,0.9787042140960693,2.5538594722747803,4.608217716217041,2.4765800559103437,4.778890501128388,0.0,0,two_ankles,accepted,2.5538594722747803,4.608217716217041,0.26667339744592966
32,1.0666666666666667,detected,2,5,0.8205517530441284,ankle_midpoint,989.314697265625,605.1268920898438,0.8768121004104614,0.8477193713188171,3.2600204944610596,1.8197942972183228,3.289835899032238,1.858226313699746,0.0,0,two_ankles,accepted,3.2600204944610596,1.8197942972183228,0.12077705302597386
32,1.0666666666666667,detected,3,1,0.9057678580284119,ankle_midpoint,970.6394653320312,859.8949584960938,0.9605885148048401,0.9683840274810791,3.090195894241333,10.318717956542969,3.0759792590011332,10.364339839233178,0.0,0,two_ankles,accepted,3.090195894241333,10.318717956542969,0.08960431446091241
32,1.0666666666666667,detected,4,3,0.5756683945655823,ankle_midpoint,1013.5964965820312,754.956787109375,0.8711902499198914,0.791057288646698,3.38568377494812,7.595378875732422,3.1930601631889726,7.292939442323702,0.0,0,two_ankles,accepted,3.38568377494812,7.595378875732422,0.08902389202345827
33,1.1,detected,1,2,0.8002626895904541,ankle_midpoint,913.6519775390625,668.9408569335938,0.9529278874397278,0.9859937429428101,2.646839141845703,4.65928316116333,2.5531966445812557,4.725067198144112,0.0,0,two_ankles,accepted,2.646839141845703,4.65928316116333,0.1060796805287444
33,1.1,detected,2,5,0.6013182997703552,ankle_midpoint,990.791748046875,609.1422119140625,0.7328610420227051,0.6775939464569092,3.271548271179199,2.0174155235290527,3.2816064664983706,1.929861458122934,0.0,0,two_ankles,accepted,3.271548271179199,2.0174155235290527,0.1979571638628419
33,1.1,detected,3,1,0.9064330458641052,ankle_midpoint,966.1450805664062,859.7745361328125,0.9929903745651245,0.9965284466743469,3.063624620437622,10.316603660583496,3.070419671647554,10.342858558840822,0.0,0,two_ankles,accepted,3.063624620437622,10.316603660583496,0.026655259123783012
33,1.1,detected,4,3,0.4061458706855774,ankle_midpoint,1012.3748168945312,746.7230224609375,0.8148247599601746,0.7034567594528198,3.381035804748535,7.345859527587891,3.277649201890776,7.3167534806925865,0.0,0,two_ankles,accepted,3.381035804748535,7.345859527587891,0.24956263487438984
34,1.1333333333333333,detected,1,2,0.8289234042167664,ankle_midpoint,916.2430419921875,665.5460205078125,0.9539821147918701,0.9845911264419556,2.664743661880493,4.524293422698975,2.6033928023659128,4.634718999193801,0.0,0,two_ankles,accepted,2.664743661880493,4.524293422698975,0.1361719549993731
34,1.1333333333333333,detected,2,5,0.44861769676208496,ankle_midpoint,986.552734375,605.5597534179688,0.43558159470558167,0.4383116364479065,3.235560178756714,1.8419586420059204,3.260885637014625,1.890305190870278,0.0,0,two_ankles,accepted,3.235560178756714,1.8419586420059204,0.17910963142732397
34,1.1333333333333333,detected,3,1,0.9126147627830505,ankle_midpoint,966.6008911132812,855.6190795898438,0.9946343898773193,0.9970368146896362,3.066249370574951,10.22301959991455,3.0685430361648827,10.288931027324,0.0,0,two_ankles,accepted,3.066249370574951,10.22301959991455,0.09362086158849557
34,1.1333333333333333,detected,4,3,0.6333274245262146,ankle_midpoint,1021.6458740234375,734.5161743164062,0.8923711180686951,0.7800186276435852,3.4521236419677734,6.962408065795898,3.335458437982044,7.28328829736441,0.0,0,two_ankles,corrected_motion_outlier,3.406114170982482,7.242386406629971,0.3899852614534613
35,1.1666666666666667,detected,1,2,0.8066566586494446,ankle_midpoint,918.0696411132812,663.1016235351562,0.9206782579421997,0.9671263098716736,2.677456855773926,4.426120281219482,2.6367216263995186,4.540849576105358,0.0,0,two_ankles,accepted,2.677456855773926,4.426120281219482,0.09899288361758335
35,1.1666666666666667,detected,2,5,0.3534875810146332,ankle_midpoint,985.43896484375,596.3197631835938,0.31656980514526367,0.3327431380748749,3.2284038066864014,1.3756381273269653,3.2417864445575804,1.8533702431296706,0.0,0,two_ankles,corrected_motion_outlier,3.218442987110081,1.8082275292244838,0.4663754239576248
35,1.1666666666666667,detected,3,1,0.9107558727264404,ankle_midpoint,965.6251220703125,855.18505859375,0.9942483901977539,0.9963212013244629,3.060438632965088,10.2133207321167,3.064896054724975,10.254906394480717,0.0,0,two_ankles,accepted,3.060438632965088,10.2133207321167,0.011306312755752057
35,1.1666666666666667,detected,4,3,0.693825364112854,ankle_midpoint,1029.310302734375,731.299072265625,0.9533380270004272,0.8944017291069031,3.508333921432495,6.858032703399658,3.413252405534747,7.091923280080272,0.0,0,two_ankles,accepted,3.508333921432495,6.858032703399658,0.2520812472739988
36,1.2,detected,1,2,0.8762564659118652,ankle_midpoint,910.9912109375,660.2808837890625,0.9022296071052551,0.9441583156585693,2.619157552719116,4.3136982917785645,2.628817793243338,4.438631498158301,0.0,0,two_ankles,accepted,2.619157552719116,4.3136982917785645,0.12663930056080694
36,1.2,detected,2,5,0.34502166509628296,ankle_midpoint,980.8858642578125,609.7030029296875,0.3961266875267029,0.36219409108161926,3.184844493865967,2.0472145080566406,3.2161625667463545,1.9406001623468072,0.0,0,two_ankles,accepted,3.184844493865967,2.0472145080566406,0.10571429804213897
36,1.2,detected,3,1,0.9102449417114258,ankle_midpoint,964.0178833007812,854.5396728515625,0.9865439534187317,0.9900733232498169,3.0508556365966797,10.198898315429688,3.0585778665672425,10.229702758907754,0.0,0,two_ankles,accepted,3.0508556365966797,10.198898315429688,0.017315886419433425
36,1.2,detected,4,3,0.478122353553772,ankle_midpoint,1029.497314453125,729.8634643554688,0.8786605000495911,0.8987279534339905,3.5106184482574463,6.811676025390625,3.457067124759962,6.965812015469931,0.0,0,two_ankles,accepted,3.5106184482574463,6.811676025390625,0.046412936330802256
37,1.2333333333333334,detected,1,2,0.8849994540214539,ankle_midpoint,916.504638671875,657.8501586914062,0.840340793132782,0.8956847190856934,2.661266803741455,4.213515281677246,2.6434198479674906,4.337329200741826,0.0,0,two_ankles,accepted,2.661266803741455,4.213515281677246,0.10867301658932269
37,1.2333333333333334,detected,2,5,0.5464831590652466,ankle_midpoint,979.7315673828125,605.241943359375,0.4008183181285858,0.35903146862983704,3.175584316253662,1.8278536796569824,3.1979023540246434,1.889864245136386,0.0,0,two_ankles,accepted,3.175584316253662,1.8278536796569824,0.21955619764788176
37,1.2333333333333334,detected,3,1,0.9094285368919373,ankle_midpoint,961.32568359375,854.0328369140625,0.9872819781303406,0.9899903535842896,3.0348012447357178,10.187742233276367,3.0478783867430566,10.21082052237363,0.0,0,two_ankles,accepted,3.0348012447357178,10.187742233276367,0.019549978696585636
37,1.2333333333333334,detected,4,3,0.7288734316825867,ankle_midpoint,1036.2197265625,737.9568481445312,0.9072426557540894,0.9008479714393616,3.552461624145508,7.069033622741699,3.4999946494834573,7.012261738742227,0.0,0,two_ankles,accepted,3.552461624145508,7.069033622741699,0.26073700213570933
38,1.2666666666666666,detected,1,2,0.8762997388839722,ankle_midpoint,917.5609130859375,659.720458984375,0.8889758586883545,0.9148784875869751,2.6710410118103027,4.289575576782227,2.6558493716967564,4.315840069960006,0.0,0,two_ankles,accepted,2.6710410118103027,4.289575576782227,0.07668574596905113
38,1.2666666666666666,detected,2,5,0.5499720573425293,ankle_midpoint,986.734375,606.5333862304688,0.5688414573669434,0.46763402223587036,3.2368643283843994,1.8901180028915405,3.215435242486534,1.8899784361262055,0.0,0,two_ankles,accepted,3.2368643283843994,1.8901180028915405,0.08736180993203405
38,1.2666666666666666,detected,3,1,0.9117299914360046,ankle_midpoint,960.1722412109375,856.0109252929688,0.9873160123825073,0.9890148043632507,3.0280628204345703,10.232719421386719,3.038961381904238,10.22067502692952,0.0,0,two_ankles,accepted,3.0280628204345703,10.232719421386719,0.04547915799986016
38,1.2666666666666666,detected,4,3,0.7455205321311951,ankle_midpoint,1044.6954345703125,740.9500732421875,0.9379554390907288,0.9345740675926208,3.6095333099365234,7.161601543426514,3.549287046687337,7.079464650850157,0.0,0,two_ankles,accepted,3.6095333099365234,7.161601543426514,0.10874740115946915
39,1.3,detected,1,2,0.8411375880241394,ankle_midpoint,923.9530029296875,663.6124877929688,0.9093056321144104,0.9253018498420715,2.724364757537842,4.4454193115234375,2.686681295325245,4.374150728663551,0.0,0,two_ankles,accepted,2.724364757537842,4.4454193115234375,0.16471396879592257
39,1.3,detected,2,5,0.3019011318683624,ankle_midpoint,986.093017578125,616.783935546875,0.425395131111145,0.2640838623046875,3.228301525115967,2.3870532512664795,3.2299791524997,1.8800515217094698,0.0,0,two_ankles,corrected_motion_outlier,3.247755042515792,1.8679186263112368,0.4970090166961523
39,1.3,detected,3,1,0.9126691818237305,ankle_midpoint,959.5430908203125,858.22802734375,0.9897165894508362,0.9875859022140503,3.0244827270507812,10.282771110534668,3.0324459872201825,10.248618264551837,0.0,0,two_ankles,accepted,3.0244827270507812,10.282771110534668,0.0501795641192666
39,1.3,detected,4,3,0.7576772570610046,ankle_midpoint,1043.339599609375,737.4970703125,0.9543471932411194,0.9520882964134216,3.6028146743774414,7.053311824798584,3.5733744791478843,7.0676958791269495,0.0,0,two_ankles,accepted,3.6028146743774414,7.053311824798584,0.10849794110623456
40,1.3333333333333333,detected,1,2,0.8273165822029114,ankle_midpoint,921.355224609375,663.5025634765625,0.8960263729095459,0.8969653844833374,2.703737735748291,4.441543102264404,2.6943566935156156,4.404477296783935,0.0,0,two_ankles,accepted,2.703737735748291,4.441543102264404,0.020988068661180272
40,1.3333333333333333,detected,3,1,0.914387583732605,ankle_midpoint,960.3215942382812,860.277099609375,0.9916446805000305,0.9893635511398315,3.0292272567749023,10.32859992980957,3.0309975585198066,10.284610013917817,0.0,0,two_ankles,accepted,3.0292272567749023,10.32859992980957,0.0460737586749196
40,1.3333333333333333,detected,4,3,0.7534534335136414,ankle_midpoint,1041.1494140625,737.539794921875,0.9749017953872681,0.9637018442153931,3.5873942375183105,7.055032730102539,3.5796833704145765,7.061997462065966,0.0,0,two_ankles,accepted,3.5873942375183105,7.055032730102539,0.015516165376523361
40,1.3333333333333333,predicted,2,,,motion_prediction,,,,,,,3.2586457566471845,1.845719249730933,,1,,motion_prediction,3.2586457566471845,1.845719249730933,
41,1.3666666666666667,detected,1,2,0.8459311127662659,ankle_midpoint,922.6622314453125,664.462158203125,0.8929635882377625,0.888580322265625,2.714686393737793,4.479715347290039,2.7035050586155958,4.438334419511682,0.0,0,two_ankles,accepted,2.714686393737793,4.479715347290039,0.03971137622984355
41,1.3666666666666667,detected,3,1,0.9170339107513428,ankle_midpoint,956.7066650390625,859.2098388671875,0.9736745953559875,0.9688073396682739,3.0077710151672363,10.30517578125,3.02054561401115,10.2938646092173,0.0,0,two_ankles,accepted,3.0077710151672363,10.30517578125,0.03176572114193787
41,1.3666666666666667,detected,4,3,0.7931297421455383,ankle_midpoint,1039.9610595703125,736.637939453125,0.9783475399017334,0.9646428823471069,3.579737901687622,7.026707172393799,3.579707909487447,7.0461168317134915,0.0,0,two_ankles,accepted,3.579737901687622,7.026707172393799,0.02934206362653209
41,1.3666666666666667,predicted,2,,,motion_prediction,,,,,,,3.269536470778577,1.8235198731506292,,2,,motion_prediction,3.269536470778577,1.8235198731506292,
42,1.4,detected,1,2,0.8642084002494812,ankle_midpoint,927.993896484375,661.0521240234375,0.8193344473838806,0.8464674353599548,2.7549057006835938,4.341427326202393,2.7266353475461953,4.394726227522502,0.0,0,two_ankles,accepted,2.7549057006835938,4.341427326202393,0.14401794828262865
42,1.4,detected,3,1,0.9215404987335205,ankle_midpoint,957.1046752929688,858.533447265625,0.9729251265525818,0.9697439670562744,3.0100653171539307,10.289948463439941,3.0158294804254018,10.29210234361749,0.0,0,two_ankles,accepted,3.0100653171539307,10.289948463439941,0.015399189241472332
42,1.4,detected,4,3,0.814491868019104,ankle_midpoint,1039.11328125,736.5875854492188,0.9838464260101318,0.9640615582466125,3.573812484741211,7.025256156921387,3.577054968351641,7.0367295280570445,0.0,0,two_ankles,accepted,3.573812484741211,7.025256156921387,0.006100492757965996
42,1.4,predicted,2,,,motion_prediction,,,,,,,3.2804271849099695,1.8013204965703253,,3,,motion_prediction,3.2804271849099695,1.8013204965703253,
43,1.4333333333333333,detected,1,2,0.8386038541793823,ankle_midpoint,918.5130615234375,656.4232788085938,0.7682034373283386,0.8066423535346985,2.67631459236145,4.154563903808594,2.7039910077130602,4.286653181851244,0.0,0,two_ankles,accepted,2.67631459236145,4.154563903808594,0.20271778643233598
43,1.4333333333333333,detected,3,1,0.9240629076957703,ankle_midpoint,956.0643920898438,858.1561279296875,0.9616401195526123,0.9605514407157898,3.003868579864502,10.281606674194336,3.010447075172997,10.287379292377071,0.0,0,two_ankles,accepted,3.003868579864502,10.281606674194336,0.010391583173525358
43,1.4333333333333333,detected,4,3,0.7932744026184082,ankle_midpoint,1039.44580078125,737.8583984375,0.969481885433197,0.9543673992156982,3.5751843452453613,7.065380573272705,3.5762131879538153,7.0496224984040925,0.0,0,two_ankles,accepted,3.5751843452453613,7.065380573272705,0.040147861571655244
43,1.4333333333333333,predicted,2,,,motion_prediction,,,,,,,3.291317899041362,1.7791211199900216,,4,,motion_prediction,3.291317899041362,1.7791211199900216,
44,1.4666666666666666,detected,1,2,0.8056917786598206,ankle_midpoint,920.26025390625,655.2286987304688,0.7607980370521545,0.8041481375694275,2.6894984245300293,4.104968070983887,2.6974693452806964,4.204894881960933,0.0,0,two_ankles,accepted,2.6894984245300293,4.104968070983887,0.051318223510031485
44,1.4666666666666666,detected,3,1,0.9222541451454163,ankle_midpoint,956.4725952148438,859.2325439453125,0.9623727798461914,0.9618337154388428,3.0063884258270264,10.30571460723877,3.0086206829673103,10.295630184064837,0.0,0,two_ankles,accepted,3.0063884258270264,10.30571460723877,0.024239266889692513
44,1.4666666666666666,detected,4,3,0.7737747430801392,ankle_midpoint,1039.516845703125,743.5970458984375,0.958231508731842,0.9660632014274597,3.571356773376465,7.244884014129639,3.574027801394008,7.137490180480588,0.0,0,two_ankles,accepted,3.571356773376465,7.244884014129639,0.1795442440901134
44,1.4666666666666666,predicted,2,,,motion_prediction,,,,,,,3.3022086131727546,1.7569217434097177,,5,,motion_prediction,3.3022086131727546,1.7569217434097177,
45,1.5,detected,1,2,0.8416546583175659,ankle_midpoint,916.4107666015625,653.718994140625,0.7977453470230103,0.8263183832168579,2.657475709915161,4.043270111083984,2.679472209366206,4.132163735066307,0.0,0,two_ankles,accepted,2.657475709915161,4.043270111083984,0.06951325418303511
45,1.5,detected,3,1,0.9177584648132324,ankle_midpoint,958.0172119140625,859.2329711914062,0.9659749865531921,0.9629688858985901,3.015526533126831,10.305524826049805,3.011728315539095,10.300082772958074,0.0,0,two_ankles,accepted,3.015526533126831,10.305524826049805,0.00914007778535985
45,1.5,detected,4,3,0.8326207399368286,ankle_midpoint,1041.882080078125,741.8583984375,0.8810950517654419,0.9331916570663452,3.5891659259796143,7.190430164337158,3.580839957457531,7.161313173216046,0.0,0,two_ankles,accepted,3.5891659259796143,7.190430164337158,0.05729212575620046
45,1.5,predicted,2,,,motion_prediction,,,,,,,3.313099327304147,1.734722366829414,,6,,motion_prediction,3.313099327304147,1.734722366829414,
46,1.5333333333333334,detected,1,2,0.817722737789154,ankle_midpoint,915.5537109375,652.96435546875,0.9114000201225281,0.9768845438957214,2.6500070095062256,4.012081623077393,2.6662128694292146,4.078126784671296,0.0,0,two_ankles,accepted,2.6500070095062256,4.012081623077393,0.03207028640245912
46,1.5333333333333334,detected,3,1,0.9183119535446167,ankle_midpoint,957.5025024414062,858.7808837890625,0.9654030203819275,0.9613033533096313,3.0124423503875732,10.295452117919922,3.0120496312209104,10.297998978190906,0.0,0,two_ankles,accepted,3.0124423503875732,10.295452117919922,0.010534307392465019
46,1.5333333333333334,detected,4,3,0.8541119694709778,ankle_midpoint,1037.1502685546875,744.14892578125,0.8963798880577087,0.9442256093025208,3.5544869899749756,7.262377738952637,3.5689811220903813,7.2067922277975125,0.0,0,two_ankles,accepted,3.5544869899749756,7.262377738952637,0.07986915609585263
46,1.5333333333333334,predicted,2,,,motion_prediction,,,,,,,3.3239900414355397,1.7125229902491101,,7,,motion_prediction,3.3239900414355397,1.7125229902491101,
47,1.5666666666666667,detected,1,2,0.8103074431419373,ankle_midpoint,914.3278198242188,652.8212890625,0.8972952961921692,0.9694194793701172,2.6400153636932373,4.00638484954834,2.654423991848025,4.045842913865966,0.0,0,two_ankles,accepted,2.6400153636932373,4.00638484954834,0.011501574444115127
47,1.5666666666666667,detected,3,1,0.9191538691520691,ankle_midpoint,957.473388671875,858.6930541992188,0.9651314616203308,0.9605475664138794,3.0122623443603516,10.293484687805176,3.012145352133659,10.295967547517328,0.0,0,two_ankles,accepted,3.0122623443603516,10.293484687805176,0.001975647596674559
47,1.5666666666666667,detected,4,3,0.8632075786590576,ankle_midpoint,1040.8140869140625,742.2349853515625,0.8666056394577026,0.9263157248497009,3.5814247131347656,7.202342510223389,3.5745807380603543,7.204789854889157,0.0,0,two_ankles,accepted,3.5814247131347656,7.202342510223389,0.065801744791507
47,1.5666666666666667,predicted,2,,,motion_prediction,,,,,,,3.334880755566932,1.6903236136688065,,8,,motion_prediction,3.334880755566932,1.6903236136688065,
48,1.6,detected,1,2,0.8311379551887512,ankle_midpoint,905.1397705078125,654.284423828125,0.8524072766304016,0.8867263793945312,2.567260503768921,4.06909704208374,2.6152004222124283,4.0563072715639645,0.0,0,two_ankles,accepted,2.567260503768921,4.06909704208374,0.09605253112335994
48,1.6,detected,3,1,0.9211403727531433,ankle_midpoint,957.2203369140625,858.48828125,0.9630803465843201,0.9598242044448853,3.0107462406158447,10.288919448852539,3.011515751950643,10.292795903118174,0.0,0,two_ankles,accepted,3.0107462406158447,10.288919448852539,0.004810403024568654
48,1.6,detected,4,3,0.8859068155288696,ankle_midpoint,1038.2734375,744.3292236328125,0.8336506485939026,0.8704612255096436,3.5621654987335205,7.267770290374756,3.568993880363279,7.2331310508576765,0.0,0,two_ankles,accepted,3.5621654987335205,7.267770290374756,0.06820345852586045
48,1.6,predicted,2,,,motion_prediction,,,,,,,3.3457714696983247,1.6681242370885028,,9,,motion_prediction,3.3457714696983247,1.6681242370885028,
49,1.6333333333333333,detected,1,2,0.8164252638816833,ankle_midpoint,894.676513671875,656.4530029296875,0.877967119216919,0.9376798868179321,2.485393524169922,4.160782337188721,2.5567873180933005,4.103321051095105,0.0,0,two_ankles,accepted,2.485393524169922,4.160782337188721,0.12291621409378943
49,1.6333333333333333,detected,2,5,0.5667722821235657,ankle_midpoint,960.05126953125,599.210205078125,0.4257091283798218,0.3251551687717438,3.0013928413391113,1.5297293663024902,3.1271153124774353,1.722406551776329,0.0,0,two_ankles,accepted,3.0013928413391113,1.5297293663024902,0.03913599837162815
49,1.6333333333333333,detected,3,1,0.9231292009353638,ankle_midpoint,959.70263671875,860.66650390625,0.984183669090271,0.9772385358810425,3.025597095489502,10.337380409240723,3.0178523565431297,10.312858930873322,0.0,0,two_ankles,accepted,3.025597095489502,10.337380409240723,0.050685427612120706
49,1.6333333333333333,detected,4,3,0.8632342219352722,ankle_midpoint,1031.23046875,744.9723510742188,0.9248589873313904,0.9559785723686218,3.5127789974212646,7.288821697235107,3.543697183039373,7.2581918417275215,0.0,0,two_ankles,accepted,3.5127789974212646,7.288821697235107,0.05368601533607711
50,1.6666666666666667,detected,1,2,0.8339890241622925,ankle_midpoint,893.6179809570312,658.1085205078125,0.8589304089546204,0.9258794188499451,2.478654623031616,4.228857040405273,2.5216276053155426,4.159812246284681,0.0,0,two_ankles,accepted,2.478654623031616,4.228857040405273,0.06840744116376224
50,1.6666666666666667,detected,2,5,0.6170855760574341,ankle_midpoint,959.1448974609375,601.0194091796875,0.39430394768714905,0.3154771029949188,2.9936208724975586,1.6215628385543823,3.067042814486491,1.677026880826453,0.0,0,two_ankles,accepted,2.9936208724975586,1.6215628385543823,0.09216176064677313
50,1.6666666666666667,detected,3,1,0.9226253032684326,ankle_midpoint,959.7765502929688,860.4762573242188,0.9831114411354065,0.9766793251037598,3.0260205268859863,10.333121299743652,3.0215280331974155,10.321976996864972,0.0,0,two_ankles,accepted,3.0260205268859863,10.333121299743652,0.004280106056578884
50,1.6666666666666667,detected,4,3,0.8583821058273315,ankle_midpoint,1027.21337890625,749.0405883789062,0.9032272100448608,0.9439439177513123,3.4823951721191406,7.414328098297119,3.5161112781252686,7.328453157183841,0.0,0,two_ankles,accepted,3.4823951721191406,7.414328098297119,0.12913184559793348
51,1.7,detected,1,2,0.756643533706665,ankle_midpoint,892.4293823242188,658.404296875,0.9284818768501282,0.9397047162055969,2.4694769382476807,4.241186141967773,2.498159805135005,4.196430499342073,0.0,0,two_ankles,accepted,2.4694769382476807,4.241186141967773,0.015369991650346528
51,1.7,detected,2,5,0.7418459057807922,ankle_midpoint,957.7154541015625,598.737060546875,0.5017665028572083,0.4097101092338562,2.9804961681365967,1.5062484741210938,3.028096823629039,1.6001765978090416,0.0,0,two_ankles,accepted,2.9804961681365967,1.5062484741210938,0.11605886656871996
51,1.7,detected,3,1,0.9207769632339478,ankle_midpoint,958.23193359375,859.4212646484375,0.9891294240951538,0.9881625771522522,3.0168120861053467,10.30971622467041,3.0194058570059847,10.316459649377421,0.0,0,two_ankles,accepted,3.0168120861053467,10.30971622467041,0.0251513999768333
51,1.7,detected,4,3,0.8516729474067688,ankle_midpoint,1023.52783203125,747.2213134765625,0.7608434557914734,0.8382766246795654,3.4579946994781494,7.359302043914795,3.489958817734065,7.34233515621277,0.0,0,two_ankles,accepted,3.4579946994781494,7.359302043914795,0.06019343590450925
52,1.7333333333333334,detected,1,2,0.7815783619880676,ankle_midpoint,889.791015625,658.4710693359375,0.9112396836280823,0.9446759223937988,2.448491334915161,4.244461536407471,2.4758089935360754,4.218044466021502,0.0,0,two_ankles,accepted,2.448491334915161,4.244461536407471,0.021239674102147957
52,1.7333333333333334,detected,2,5,0.7682904005050659,ankle_midpoint,951.5997314453125,595.979736328125,0.6047733426094055,0.5359882116317749,2.925147533416748,1.3666707277297974,2.981769643033508,1.4950989562733819,0.0,0,two_ankles,accepted,2.925147533416748,1.3666707277297974,0.15015131918509503
52,1.7333333333333334,detected,3,1,0.9191498160362244,ankle_midpoint,956.5014038085938,859.0955810546875,0.9885127544403076,0.9897962212562561,3.0065460205078125,10.302640914916992,3.0136189305818073,10.310241218870228,0.0,0,two_ankles,accepted,3.0065460205078125,10.302640914916992,0.012468043589901594
52,1.7333333333333334,detected,4,3,0.8391677737236023,ankle_midpoint,1023.47900390625,750.80224609375,0.7893220782279968,0.8747453093528748,3.4556214809417725,7.468525409698486,3.4745070161775335,7.399120770281343,0.0,0,two_ankles,accepted,3.4556214809417725,7.468525409698486,0.10924914553139285
53,1.7666666666666666,detected,1,2,0.76767498254776,ankle_midpoint,879.171142578125,658.9635009765625,0.8743108510971069,0.9187358617782593,2.3643546104431152,4.266751766204834,2.4256545211442435,4.2399627511040014,0.0,0,two_ankles,accepted,2.3643546104431152,4.266751766204834,0.08703931726124826
53,1.7666666666666666,detected,2,5,0.7977398037910461,ankle_midpoint,948.9122924804688,596.0128173828125,0.6896585822105408,0.6221626400947571,2.9010727405548096,1.3690494298934937,2.945456036918094,1.4383766694024323,0.0,0,two_ankles,accepted,2.9010727405548096,1.3690494298934937,0.024192020902124262
53,1.7666666666666666,detected,3,1,0.9167719483375549,ankle_midpoint,955.688232421875,859.0418701171875,0.9880551695823669,0.9905279874801636,3.0017290115356445,10.301541328430176,3.0082684670110345,10.306326268172205,0.0,0,two_ankles,accepted,3.0017290115356445,10.301541328430176,0.004940917513978143
53,1.7666666666666666,detected,4,3,0.846404492855072,ankle_midpoint,1017.7859497070312,754.1621704101562,0.8788130283355713,0.9526392817497253,3.4147398471832275,7.570864677429199,3.4476117901300958,7.476405528497878,0.0,0,two_ankles,accepted,3.4147398471832275,7.570864677429199,0.11020269369859492
54,1.8,detected,1,2,0.7684192061424255,ankle_midpoint,875.5038452148438,656.7767333984375,0.9091960191726685,0.942513108253479,2.332271099090576,4.178095817565918,2.383631981220093,4.212122631011864,0.0,0,two_ankles,accepted,2.332271099090576,4.178095817565918,0.09428270748008151
54,1.8,detected,2,5,0.8301032185554504,ankle_midpoint,948.5379638671875,595.284423828125,0.8260725140571594,0.7854984402656555,2.897458791732788,1.331620693206787,2.9238572765847066,1.3903364801143918,0.0,0,two_ankles,accepted,2.897458791732788,1.331620693206787,0.0376028051619956
54,1.8,detected,3,1,0.9166624546051025,ankle_midpoint,952.318359375,858.5203247070312,0.9857569336891174,0.989406168460846,2.981722354888916,10.290274620056152,2.9963227165560813,10.299103026519981,0.0,0,two_ankles,accepted,2.981722354888916,10.290274620056152,0.02296094570712139
54,1.8,detected,4,3,0.8612327575683594,ankle_midpoint,1014.7095947265625,752.1840209960938,0.8675931692123413,0.949833869934082,3.3946030139923096,7.511789798736572,3.423757840868092,7.4923284501052905,0.0,0,two_ankles,accepted,3.3946030139923096,7.511789798736572,0.0624126056458745
55,1.8333333333333333,detected,1,2,0.8316914439201355,ankle_midpoint,867.0676879882812,656.2564697265625,0.906080961227417,0.9104581475257874,2.26401686668396,4.15848970413208,2.329805179678833,4.187987813915962,0.0,0,two_ankles,accepted,2.26401686668396,4.15848970413208,0.07101436421877547
55,1.8333333333333333,detected,2,5,0.8258171677589417,ankle_midpoint,950.7501220703125,596.074951171875,0.9125791192054749,0.8896751999855042,2.917562961578369,1.3717825412750244,2.921024834831855,1.3819872076366766,0.0,0,two_ankles,accepted,2.917562961578369,1.3717825412750244,0.044912711846827366
55,1.8333333333333333,detected,3,1,0.9140722155570984,ankle_midpoint,946.8977661132812,856.4954833984375,0.9838824272155762,0.988649845123291,2.9492859840393066,10.245393753051758,2.975156186923533,10.274933853459281,0.0,0,two_ankles,accepted,2.9492859840393066,10.245393753051758,0.05537517834697726
55,1.8333333333333333,detected,4,3,0.8421147465705872,ankle_midpoint,1012.33935546875,750.0919189453125,0.839581310749054,0.950596034526825,3.379262924194336,7.448786735534668,3.403735128364902,7.472734678548511,0.0,0,two_ankles,accepted,3.379262924194336,7.448786735534668,0.06484369150374647
56,1.8666666666666667,detected,1,2,0.8652661442756653,ankle_midpoint,867.951416015625,657.7958374023438,0.8848106861114502,0.8814805746078491,2.273266077041626,4.221429347991943,2.30436258349209,4.203036504250154,0.0,0,two_ankles,accepted,2.273266077041626,4.221429347991943,0.063615616490346
56,1.8666666666666667,detected,2,5,0.8352084159851074,ankle_midpoint,951.001953125,593.9261474609375,0.9327183961868286,0.91082763671875,2.9191462993621826,1.260737657546997,2.920179493870503,1.3274249100963207,0.0,0,two_ankles,accepted,2.9191462993621826,1.260737657546997,0.11105617119597075
56,1.8666666666666667,detected,3,1,0.9164888858795166,ankle_midpoint,946.08984375,857.6376953125,0.9914700388908386,0.9886153936386108,2.9446887969970703,10.271242141723633,2.9614458614566246,10.27327258317824,0.0,0,two_ankles,accepted,2.9446887969970703,10.271242141723633,0.026254015419238663
56,1.8666666666666667,detected,4,3,0.8257739543914795,ankle_midpoint,1009.3733520507812,750.33544921875,0.8570926785469055,0.9608449935913086,3.3587238788604736,7.456673622131348,3.3834800660879094,7.465507203160788,0.0,0,two_ankles,accepted,3.3587238788604736,7.456673622131348,0.022001258223459327
57,1.9,detected,1,2,0.8775454759597778,ankle_midpoint,866.8551025390625,659.323974609375,0.9397572875022888,0.9300938844680786,2.2666752338409424,4.283987045288086,2.2874032761490737,4.2394642477172235,0.0,0,two_ankles,accepted,2.2666752338409424,4.283987045288086,0.06290393234998748
57,1.9,detected,2,5,0.8671372532844543,ankle_midpoint,959.392333984375,592.2047119140625,0.9648392796516418,0.9527086019515991,2.994366407394409,1.1690112352371216,2.953563604956261,1.256138756409681,0.0,0,two_ankles,accepted,2.994366407394409,1.1690112352371216,0.11862462308538417
57,1.9,detected,3,1,0.9222155213356018,ankle_midpoint,936.8004760742188,858.4872436523438,0.9707632660865784,0.9704493880271912,2.889834403991699,10.291543960571289,2.929220705597408,10.281494703005112,0.0,0,two_ankles,accepted,2.889834403991699,10.291543960571289,0.05849075380357784
57,1.9,detected,4,3,0.7902449369430542,ankle_midpoint,1009.2575073242188,748.6795654296875,0.8892601728439331,0.9689900875091553,3.35862135887146,7.406274318695068,3.3722936478405074,7.438852405151215,0.0,0,two_ankles,accepted,3.35862135887146,7.406274318695068,0.05039940770693939
58,1.9333333333333333,detected,1,2,0.8796198964118958,ankle_midpoint,864.73486328125,656.4744873046875,0.9463923573493958,0.9412871599197388,2.245650053024292,4.167939186096191,2.268614325742922,4.207277969987759,0.0,0,two_ankles,accepted,2.245650053024292,4.167939186096191,0.1179371182087922
58,1.9333333333333333,detected,2,5,0.8709041476249695,ankle_midpoint,961.6483154296875,592.74951171875,0.9643864035606384,0.954063355922699,3.014807939529419,1.1968590021133423,2.9811235555141824,1.2294628669763288,0.0,0,two_ankles,accepted,3.014807939529419,1.1968590021133423,0.03454496136948154
58,1.9333333333333333,detected,3,1,0.9251565337181091,ankle_midpoint,933.7684326171875,860.7449951171875,0.950203537940979,0.9533267617225647,2.872486114501953,10.342479705810547,2.9036901396044534,10.30893795426756,0.0,0,two_ankles,accepted,2.872486114501953,10.342479705810547,0.0538090446978815
58,1.9333333333333333,detected,4,3,0.7575253248214722,ankle_midpoint,998.2506103515625,747.5128784179688,0.900001585483551,0.9485599398612976,3.282982349395752,7.372420787811279,3.3321035635403677,7.408958177348244,0.0,0,two_ankles,accepted,3.282982349395752,7.372420787811279,0.08286930256594359
59,1.9666666666666666,detected,1,2,0.8799865245819092,ankle_midpoint,865.6309814453125,655.1904296875,0.957547128200531,0.9521106481552124,2.250964641571045,4.114877700805664,2.2606719678655773,4.1656978488558165,0.0,0,two_ankles,accepted,2.250964641571045,4.114877700805664,0.05332697321860793
59,1.9666666666666666,detected,2,5,0.8764961361885071,ankle_midpoint,962.139404296875,596.195556640625,0.9529813528060913,0.9288801550865173,3.0196430683135986,1.3751171827316284,2.99845733627392,1.2950073090662135,0.0,0,two_ankles,accepted,3.0196430683135986,1.3751171827316284,0.1783237433089075
59,1.9666666666666666,detected,3,1,0.9234684109687805,ankle_midpoint,926.5887451171875,861.1917724609375,0.9830157160758972,0.9819469451904297,2.8302459716796875,10.353372573852539,2.8706402640383093,10.3289335330808,0.0,0,two_ankles,accepted,2.8302459716796875,10.353372573852539,0.043622061388999635
59,1.9666666666666666,detected,4,3,0.7716701030731201,ankle_midpoint,987.6473999023438,748.6998291015625,0.8458375334739685,0.923271656036377,3.209418296813965,7.410457611083984,3.2768951935134867,7.409632922529328,0.0,0,two_ankles,accepted,3.209418296813965,7.410457611083984,0.0828158786521941
60,2.0,detected,1,2,0.8859190344810486,ankle_midpoint,864.7626342773438,658.6145629882812,0.9747231602668762,0.9724441766738892,2.2489798069000244,4.255528926849365,2.2554104954310787,4.206121833952913,0.0,0,two_ankles,accepted,2.2489798069000244,4.255528926849365,0.1406652300899821
60,2.0,detected,2,5,0.8791638612747192,ankle_midpoint,963.8038940429688,595.1485595703125,0.9699957966804504,0.958818793296814,3.0344653129577637,1.3207541704177856,3.0146609257816497,1.306593396674421,0.0,0,two_ankles,accepted,3.0344653129577637,1.3207541704177856,0.05634745818691825
60,2.0,detected,3,1,0.9144856333732605,ankle_midpoint,923.3272705078125,864.7440185546875,0.9845497608184814,0.9845575094223022,2.8122267723083496,10.432622909545898,2.8443541927598277,10.375593752490095,0.0,0,two_ankles,accepted,2.8122267723083496,10.432622909545898,0.08127304136978125
60,2.0,detected,4,3,0.7966728210449219,ankle_midpoint,981.33642578125,754.2060546875,0.8535047173500061,0.917626142501831,3.1651418209075928,7.5781168937683105,3.2266061758408346,7.485450709586871,0.0,0,two_ankles,accepted,3.1651418209075928,7.5781168937683105,0.17340715495304782
61,2.033333333333333,detected,1,2,0.846514105796814,ankle_midpoint,858.9833374023438,658.35546875,0.9772902727127075,0.9818556904792786,2.202486276626587,4.2461628913879395,2.2315945969690576,4.224140309798676,0.0,0,two_ankles,accepted,2.202486276626587,4.2461628913879395,0.04742753396026125
61,2.033333333333333,detected,2,5,0.8737471699714661,ankle_midpoint,958.4987182617188,600.632080078125,0.989445149898529,0.983424723148346,2.98781681060791,1.6021651029586792,3.002581073953467,1.4396006645023371,0.0,0,two_ankles,accepted,2.98781681060791,1.6021651029586792,0.2852511099452895
61,2.033333333333333,detected,3,1,0.9080044031143188,ankle_midpoint,922.7271118164062,866.725830078125,0.981467068195343,0.9841687083244324,2.8093881607055664,10.476367950439453,2.82861947833541,10.420942141567307,0.0,0,two_ankles,accepted,2.8093881607055664,10.476367950439453,0.04383704276762094
61,2.033333333333333,detected,4,3,0.8047821521759033,ankle_midpoint,988.1878051757812,757.8492431640625,0.914989173412323,0.9478161334991455,3.2113289833068848,7.685754776000977,3.219731439200557,7.575587539473219,0.0,0,two_ankles,accepted,3.2113289833068848,7.685754776000977,0.11712885068176777
62,2.066666666666667,detected,1,2,0.8801733255386353,ankle_midpoint,848.89794921875,654.3809204101562,0.9299548864364624,0.9478636980056763,2.115334987640381,4.084948539733887,2.179277772771153,4.161504013269521,0.0,0,two_ankles,accepted,2.115334987640381,4.084948539733887,0.1832632378607171
62,2.066666666666667,detected,2,5,0.8698200583457947,ankle_midpoint,958.3834228515625,601.11865234375,0.9906889200210571,0.9857898354530334,2.986879825592041,1.6267579793930054,2.995515512190826,1.5238214562031378,0.0,0,two_ankles,accepted,2.986879825592041,1.6267579793930054,0.024610719457870363
62,2.066666666666667,detected,3,1,0.9150804877281189,ankle_midpoint,920.8909912109375,866.7760009765625,0.9809269905090332,0.9861149787902832,2.7986507415771484,10.477705001831055,2.8151335467941925,10.446485428685994,0.0,0,two_ankles,accepted,2.7986507415771484,10.477705001831055,0.010820345464129126
62,2.066666666666667,detected,4,3,0.836001992225647,ankle_midpoint,983.5248413085938,758.7155151367188,0.9150832891464233,0.9481168389320374,3.1794488430023193,7.712192058563232,3.2016042709113504,7.637059573063725,0.0,0,two_ankles,accepted,3.1794488430023193,7.712192058563232,0.041415857532053284
63,2.1,detected,1,2,0.8519838452339172,ankle_midpoint,832.7720947265625,651.64697265625,0.9498547315597534,0.9691850543022156,1.9805132150650024,3.9747045040130615,2.0898337218033856,4.077444234104115,0.0,0,two_ankles,accepted,1.9805132150650024,3.9747045040130615,0.17415699174130692
63,2.1,detected,2,5,0.8382688164710999,ankle_midpoint,966.447509765625,596.9766845703125,0.9462945461273193,0.9345147609710693,3.0582773685455322,1.414136290550232,3.023758347550444,1.4744631316593302,0.0,0,two_ankles,accepted,3.0582773685455322,1.414136290550232,0.2242890806663329
63,2.1,detected,3,1,0.9119076132774353,ankle_midpoint,922.7296142578125,867.1342163085938,0.9718877673149109,0.9821009039878845,2.8095436096191406,10.48533821105957,2.8126180750654193,10.463969180754104,0.0,0,two_ankles,accepted,2.8095436096191406,10.48533821105957,0.013301144962241064
63,2.1,detected,4,3,0.8587472438812256,ankle_midpoint,968.8016357421875,759.6056518554688,0.878360390663147,0.9476814270019531,3.079333782196045,7.740881443023682,3.1465825509894634,7.683779414545706,0.0,0,two_ankles,accepted,3.079333782196045,7.740881443023682,0.10414464067326502
64,2.1333333333333333,detected,1,2,0.8851836919784546,ankle_midpoint,831.1075439453125,644.826416015625,0.958052396774292,0.9726800918579102,1.953538417816162,3.6867220401763916,2.0285008350091354,3.9016192468366393,0.0,0,two_ankles,accepted,1.953538417816162,3.6867220401763916,0.2892430451437942
64,2.1333333333333333,detected,2,5,0.8569731712341309,ankle_midpoint,970.3876953125,599.3958740234375,0.9601390361785889,0.9390654563903809,3.093463897705078,1.5365849733352661,3.0551258451200294,1.5024179604135015,0.0,0,two_ankles,accepted,3.093463897705078,1.5365849733352661,0.12740397069983925
64,2.1333333333333333,detected,3,1,0.9141544699668884,ankle_midpoint,924.2361450195312,872.5928955078125,0.9833022952079773,0.9916253685951233,2.820172071456909,10.604166984558105,2.81601737344159,10.527058192465905,0.0,0,two_ankles,accepted,2.820172071456909,10.604166984558105,0.11930315005146794
64,2.1333333333333333,detected,4,3,0.8437884449958801,ankle_midpoint,960.930908203125,757.3163452148438,0.819633424282074,0.9308793544769287,3.0257086753845215,7.674324989318848,3.0921893069672395,7.67952492319362,0.0,0,two_ankles,accepted,3.0257086753845215,7.674324989318848,0.0854717123398789
65,2.1666666666666665,detected,1,2,0.8860344290733337,ankle_midpoint,831.7957153320312,644.521484375,0.9216426610946655,0.9396305084228516,1.9585505723953247,3.673517942428589,1.997023216832921,3.798973659853017,0.0,0,two_ankles,accepted,1.9585505723953247,3.673517942428589,0.014123380999567697
65,2.1666666666666665,detected,2,5,0.8401724696159363,ankle_midpoint,971.6458740234375,598.3011474609375,0.965649425983429,0.9514063596725464,3.104722499847412,1.4805564880371094,3.077444339747352,1.4925802978441252,0.0,0,two_ankles,accepted,3.104722499847412,1.4805564880371094,0.05714846705735101
65,2.1666666666666665,detected,3,1,0.9160666465759277,ankle_midpoint,924.4561767578125,873.1261596679688,0.9871401190757751,0.9948233366012573,2.8216259479522705,10.615677833557129,2.8185412319713965,10.566937030956957,0.0,0,two_ankles,accepted,2.8216259479522705,10.615677833557129,0.011602301562279918
65,2.1666666666666665,detected,4,3,0.8550788164138794,ankle_midpoint,957.4750366210938,757.928955078125,0.8554507493972778,0.9610539078712463,3.00223445892334,7.6930766105651855,3.0517096253474847,7.685623182510826,0.0,0,two_ankles,accepted,3.00223445892334,7.6930766105651855,0.03004433620222823
66,2.2,detected,1,2,0.879301905632019,ankle_midpoint,826.1586303710938,647.93115234375,0.9691632390022278,0.9810324311256409,1.9195348024368286,3.8199009895324707,1.9621534303546795,3.808390958208771,0.0,0,two_ankles,accepted,1.9195348024368286,3.8199009895324707,0.1514933225751933
66,2.2,detected,2,5,0.8526474237442017,ankle_midpoint,972.4046020507812,592.4838256835938,0.9720510244369507,0.9676552414894104,3.1118624210357666,1.1802647113800049,3.099339568266724,1.4861455982112648,0.0,0,two_ankles,corrected_motion_outlier,3.1261004031237336,1.4782809653266575,0.3003766462334518
66,2.2,detected,3,1,0.9156053066253662,ankle_midpoint,919.4193725585938,876.6263427734375,0.9854968190193176,0.9931138157844543,2.7936298847198486,10.691658973693848,2.8073311257082003,10.623061905188559,0.0,0,two_ankles,accepted,2.7936298847198486,10.691658973693848,0.08097476899003453
66,2.2,detected,4,3,0.8766793608665466,ankle_midpoint,948.472900390625,759.79248046875,0.8468012809753418,0.9427817463874817,2.941345453262329,7.749661922454834,3.0020457479091647,7.71444061548563,0.0,0,two_ankles,accepted,2.941345453262329,7.749661922454834,0.08312261143657235
67,2.2333333333333334,detected,1,2,0.8705451488494873,ankle_midpoint,829.077880859375,649.022216796875,0.971095085144043,0.9775997996330261,1.9454476833343506,3.865356683731079,1.9546358441955318,3.8340255346938097,0.0,0,two_ankles,accepted,1.9454476833343506,3.865356683731079,0.05232301149099276
67,2.2333333333333334,detected,2,5,0.8495903611183167,ankle_midpoint,977.7841796875,593.1852416992188,0.9804901480674744,0.9798071384429932,3.1603126525878906,1.2154457569122314,3.126777456211249,1.3643306696267,0.0,0,two_ankles,accepted,3.1603126525878906,1.2154457569122314,0.1354381453277446
67,2.2333333333333334,detected,3,1,0.908939778804779,ankle_midpoint,904.23779296875,881.7166748046875,0.9905509948730469,0.9969335794448853,2.708205223083496,10.801935195922852,2.7627244695270834,10.703554886018992,0.0,0,two_ankles,accepted,2.708205223083496,10.801935195922852,0.13949271667290009
67,2.2333333333333334,detected,4,3,0.9017559289932251,ankle_midpoint,935.142822265625,761.4769897460938,0.8788526654243469,0.9649206399917603,2.8514459133148193,7.801369667053223,2.9342758223417094,7.753558688691047,0.0,0,two_ankles,accepted,2.8514459133148193,7.801369667053223,0.1037092962767856
68,2.2666666666666666,detected,1,2,0.8862716555595398,ankle_midpoint,824.8578491210938,642.3299560546875,0.9659965634346008,0.9691629409790039,1.8972153663635254,3.5807857513427734,1.9287966291711292,3.7200676321858435,0.0,0,two_ankles,accepted,1.8972153663635254,3.5807857513427734,0.2886294717466042
68,2.2666666666666666,detected,2,5,0.8549058437347412,ankle_midpoint,982.1395263671875,595.247802734375,0.9713866710662842,0.9627718329429626,3.1990907192230225,1.3212465047836304,3.159318424566547,1.3449427954473188,0.0,0,two_ankles,accepted,3.1990907192230225,1.3212465047836304,0.11268334704873675
68,2.2666666666666666,detected,3,1,0.9102306365966797,ankle_midpoint,897.4132080078125,884.7999267578125,0.9870501756668091,0.9950882792472839,2.6705687046051025,10.86775016784668,2.721254375312192,10.777442762841453,0.0,0,two_ankles,accepted,2.6705687046051025,10.86775016784668,0.07581634423070492
68,2.2666666666666666,detected,4,3,0.9034477472305298,ankle_midpoint,929.0283203125,763.7435302734375,0.91283118724823,0.9723545908927917,2.8109543323516846,7.868648052215576,2.8787811518461983,7.805348902277085,0.0,0,two_ankles,accepted,2.8109543323516846,7.868648052215576,0.07852355849646708
69,2.3,detected,1,2,0.8787729740142822,ankle_midpoint,824.6117553710938,643.029541015625,0.9417774081230164,0.9449836015701294,1.8966792821884155,3.61100172996521,1.9143438230289083,3.6709879761865585,0.0,0,two_ankles,accepted,1.8966792821884155,3.61100172996521,0.030220733782526595
69,2.3,detected,2,5,0.8808305263519287,ankle_midpoint,993.9168701171875,592.895263671875,0.9726921319961548,0.9673941135406494,3.305891990661621,1.196240782737732,3.2252765293093306,1.2780268897280047,0.0,0,two_ankles,accepted,3.305891990661621,1.196240782737732,0.16441697638965888
69,2.3,detected,3,1,0.9156415462493896,ankle_midpoint,875.560546875,882.080078125,0.9783449172973633,0.9894683957099915,2.543668508529663,10.813167572021484,2.641340735260054,10.793518926972467,0.0,0,two_ankles,accepted,2.543668508529663,10.813167572021484,0.13814094082132786
69,2.3,detected,4,3,0.8732773661613464,ankle_midpoint,918.131591796875,761.21142578125,0.9148641228675842,0.9533339142799377,2.736163854598999,7.796294212341309,2.814603368084959,7.801274291805987,0.0,0,two_ankles,accepted,2.736163854598999,7.796294212341309,0.10406100954260489
70,2.3333333333333335,detected,1,2,0.8893506526947021,ankle_midpoint,818.5498046875,634.6245727539062,0.9353528022766113,0.9375574588775635,1.8281739950180054,3.2448999881744385,1.898470539464942,3.6210013514900474,0.0,0,two_ankles,corrected_motion_outlier,1.8790698595534274,3.55990658797209,0.37245598359072857
70,2.3333333333333335,detected,2,5,0.8912655115127563,ankle_midpoint,1000.9129638671875,596.0517578125,0.977347731590271,0.9753819704055786,3.3672235012054443,1.3579542636871338,3.2891526666625817,1.3139942080096128,0.0,0,two_ankles,accepted,3.3672235012054443,1.3579542636871338,0.17295318472453652
70,2.3333333333333335,detected,3,1,0.8823486566543579,ankle_midpoint,853.0638427734375,882.950439453125,0.9798049330711365,0.9919556379318237,2.4152112007141113,10.834314346313477,2.53958244471438,10.811876865675924,0.0,0,two_ankles,accepted,2.4152112007141113,10.834314346313477,0.1301862742157401
70,2.3333333333333335,detected,4,3,0.8734315633773804,ankle_midpoint,910.2041625976562,770.09326171875,0.9808266162872314,0.9811416268348694,2.687631845474243,8.055004119873047,2.757466182910137,7.915452714436164,0.0,0,two_ankles,accepted,2.687631845474243,8.055004119873047,0.2632226665102494
71,2.3666666666666667,detected,1,2,0.8904543519020081,ankle_midpoint,816.3464965820312,631.2096557617188,0.9409946799278259,0.9442636370658875,1.801913857460022,3.0928866863250732,1.8550200325627282,3.3833497521658096,0.0,0,two_ankles,accepted,1.801913857460022,3.0928866863250732,0.26335512344084633
71,2.3666666666666667,detected,2,5,0.8948856592178345,ankle_midpoint,1002.433349609375,596.3760986328125,0.9788447022438049,0.9774202704429626,3.3806655406951904,1.3742567300796509,3.330333459977256,1.34111234294113,0.0,0,two_ankles,accepted,3.3806655406951904,1.3742567300796509,0.021129572549463526
71,2.3666666666666667,detected,3,1,0.863507091999054,ankle_midpoint,836.2130126953125,881.8443603515625,0.9628192782402039,0.9822466969490051,2.317514657974243,10.813053131103516,2.4396519406813186,10.812406185118341,0.0,0,two_ankles,accepted,2.317514657974243,10.813053131103516,0.09998326727771584
71,2.3666666666666667,detected,4,3,0.8857901096343994,ankle_midpoint,906.763916015625,769.1842041015625,0.9833866953849792,0.9804790616035461,2.664091110229492,8.029501914978027,2.715447400203847,7.966774854680002,0.0,0,two_ankles,accepted,2.664091110229492,8.029501914978027,0.03470632032312009
72,2.4,detected,1,2,0.8691539168357849,ankle_midpoint,809.572998046875,622.498779296875,0.9675437211990356,0.9691735506057739,1.7236121892929077,2.6966726779937744,1.8185087204484156,3.19689448381783,0.0,0,two_ankles,corrected_motion_outlier,1.773883783419811,2.9690047113925213,0.4038770749073379
72,2.4,detected,2,5,0.8936411738395691,ankle_midpoint,1004.1241455078125,597.3914184570312,0.9809725284576416,0.9784684777259827,3.395190477371216,1.4259288311004639,3.3595191178045383,1.3792797626128304,0.0,0,two_ankles,accepted,3.395190477371216,1.4259288311004639,0.053674759518302924
72,2.4,detected,3,1,0.8899174928665161,ankle_midpoint,815.2858276367188,891.2980346679688,0.9642891883850098,0.9893530607223511,2.2076809406280518,11.013028144836426,2.3352649906573486,10.90268606699148,0.0,0,two_ankles,accepted,2.2076809406280518,11.013028144836426,0.22815225526731195
72,2.4,detected,4,3,0.8789438009262085,ankle_midpoint,898.5572509765625,774.53369140625,0.9847204685211182,0.9713695049285889,2.6128246784210205,8.18303108215332,2.6692671754015755,8.064090157042996,0.0,0,two_ankles,accepted,2.6128246784210205,8.18303108215332,0.16186244840577363
73,2.433333333333333,detected,1,2,0.8783735632896423,ankle_midpoint,807.853271484375,621.5984497070312,0.971258282661438,0.9713289141654968,1.7066869735717773,2.655226707458496,1.7681889343539283,2.95314398445613,0.0,0,two_ankles,accepted,1.7066869735717773,2.655226707458496,0.22395000363728396
73,2.433333333333333,detected,2,5,0.8922364115715027,ankle_midpoint,1006.67138671875,597.5653076171875,0.980005145072937,0.9780744314193726,3.417858123779297,1.4341919422149658,3.3857716704931797,1.4039902434337912,0.0,0,two_ankles,accepted,3.417858123779297,1.4341919422149658,0.024126773488645257
73,2.433333333333333,detected,3,1,0.8805885314941406,ankle_midpoint,800.2525634765625,892.9585571289062,0.96169114112854,0.989382266998291,2.124345541000366,11.049041748046875,2.240351238311707,10.968546123466409,0.0,0,two_ankles,accepted,2.124345541000366,11.049041748046875,0.09078418610807573
73,2.433333333333333,detected,4,3,0.8768463134765625,ankle_midpoint,888.1328125,776.6641845703125,0.9778825640678406,0.9592453241348267,2.5452687740325928,8.244616508483887,2.6134678947855337,8.145327015191397,0.0,0,two_ankles,accepted,2.5452687740325928,8.244616508483887,0.0914142491849931
74,2.466666666666667,detected,1,2,0.8678247332572937,ankle_midpoint,807.19677734375,622.660400390625,0.9761509895324707,0.9767963886260986,1.7038127183914185,2.704719066619873,1.739219637170799,2.8413527714298144,0.0,0,two_ankles,accepted,1.7038127183914185,2.704719066619873,0.04957574969882506
74,2.466666666666667,detected,2,5,0.897659957408905,ankle_midpoint,1008.0167236328125,597.887939453125,0.9680854082107544,0.9571390748023987,3.42966628074646,1.4503560066223145,3.405524245107156,1.4248548368686267,0.0,0,two_ankles,accepted,3.42966628074646,1.4503560066223145,0.02001773086855943
74,2.466666666666667,detected,3,1,0.8770276308059692,ankle_midpoint,794.3925170898438,894.11669921875,0.972526490688324,0.9936537742614746,2.0925791263580322,11.073511123657227,2.1738537879325532,11.015780373552278,0.0,0,two_ankles,accepted,2.0925791263580322,11.073511123657227,0.04009807279644695
74,2.466666666666667,detected,4,3,0.9009448885917664,ankle_midpoint,886.2849731445312,777.6026000976562,0.9672794342041016,0.9485357403755188,2.5337798595428467,8.271198272705078,2.577608278926325,8.201969081072555,0.0,0,two_ankles,accepted,2.5337798595428467,8.271198272705078,0.02895833809567996
75,2.5,detected,1,2,0.8922781944274902,ankle_midpoint,808.4267578125,621.1844482421875,0.9707365036010742,0.9707450866699219,1.71051824092865,2.635805368423462,1.726304008861832,2.7488564400769557,0.0,0,two_ankles,accepted,1.71051824092865,2.635805368423462,0.06923916400133207
75,2.5,detected,2,5,0.9015588164329529,ankle_midpoint,1009.0216064453125,595.7342529296875,0.9742575883865356,0.9683399796485901,3.4401612281799316,1.339554786682129,3.421110887489905,1.3864698142847027,0.0,0,two_ankles,accepted,3.4401612281799316,1.339554786682129,0.11129714399689107
75,2.5,detected,3,1,0.9027996063232422,ankle_midpoint,778.6425170898438,901.798095703125,0.9827996492385864,0.9940747618675232,2.013646125793457,11.231271743774414,2.1017603399699603,11.11275149015224,0.0,0,two_ankles,accepted,2.013646125793457,11.231271743774414,0.17640530558315634
75,2.5,detected,4,3,0.8948692083358765,ankle_midpoint,879.090087890625,786.2723388671875,0.9692226052284241,0.9598624110221863,2.4935595989227295,8.511902809143066,2.5397863729247074,8.341439258704286,0.0,0,two_ankles,accepted,2.4935595989227295,8.511902809143066,0.24404168337842816
76,2.533333333333333,detected,1,2,0.8920965790748596,ankle_midpoint,807.148193359375,618.2139892578125,0.9717742800712585,0.9712225198745728,1.6919379234313965,2.496833086013794,1.710839270418136,2.635445930748533,0.0,0,two_ankles,accepted,1.6919379234313965,2.496833086013794,0.14020885662628896
76,2.533333333333333,detected,2,5,0.8978393077850342,ankle_midpoint,1011.0460205078125,594.4166259765625,0.9815322160720825,0.9803386926651001,3.459307909011841,1.270946741104126,3.4382995471747764,1.3344844313534432,0.0,0,two_ankles,accepted,3.459307909011841,1.270946741104126,0.07122962378752484
76,2.533333333333333,detected,3,1,0.9130563139915466,ankle_midpoint,765.271484375,906.3427734375,0.9897770285606384,0.9964885711669922,1.9450777769088745,11.323691368103027,2.0312531865924717,11.207674435230095,0.0,0,two_ankles,accepted,1.9450777769088745,11.323691368103027,0.11507825785003802
76,2.533333333333333,detected,4,3,0.8921855688095093,ankle_midpoint,874.7913818359375,787.5880126953125,0.9778178930282593,0.9648715853691101,2.4666521549224854,8.548394203186035,2.5068759748237075,8.434568983721075,0.0,0,two_ankles,accepted,2.4666521549224854,8.548394203186035,0.04533908227815699
77,2.566666666666667,detected,1,2,0.8829915523529053,ankle_midpoint,807.5994873046875,614.1766357421875,0.9840015172958374,0.9853464365005493,1.68526291847229,2.304931640625,1.6993299120425056,2.486714500192943,0.0,0,two_ankles,accepted,1.68526291847229,2.304931640625,0.19201750033138218
77,2.566666666666667,detected,2,5,0.8967863917350769,ankle_midpoint,1012.6526489257812,594.5509033203125,0.9805529713630676,0.9777276515960693,3.473658800125122,1.2774957418441772,3.4542112110024323,1.3088395210742736,0.0,0,two_ankles,accepted,3.473658800125122,1.2774957418441772,0.01577458355832086
77,2.566666666666667,detected,3,1,0.920499861240387,ankle_midpoint,757.5983276367188,908.828369140625,0.9817389845848083,0.9912586808204651,1.9058990478515625,11.373845100402832,1.9748438241590627,11.282451234557827,0.0,0,two_ankles,accepted,1.9058990478515625,11.373845100402832,0.06364251467491473
77,2.566666666666667,detected,4,3,0.9008457660675049,ankle_midpoint,870.6616821289062,788.128662109375,0.9894872903823853,0.9837153553962708,2.440241575241089,8.563704490661621,2.476890495011529,8.49267996184432,0.0,0,two_ankles,accepted,2.440241575241089,8.563704490661621,0.03052742409199434
78,2.6,detected,1,2,0.8776283860206604,ankle_midpoint,810.3895874023438,606.9049072265625,0.9742393493652344,0.97361820936203,1.6903009414672852,1.9513307809829712,1.6875660051309527,2.3453947808246673,0.0,0,two_ankles,corrected_motion_outlier,1.673187896683499,2.172670679374552,0.3536367481120703
78,2.6,detected,2,5,0.8946872353553772,ankle_midpoint,1015.654296875,591.0908813476562,0.9839006662368774,0.98423832654953,3.503539562225342,1.0963085889816284,3.4764089690527418,1.2132006016325834,0.0,0,two_ankles,accepted,3.503539562225342,1.0963085889816284,0.183634540068383
78,2.6,detected,3,1,0.9026802182197571,ankle_midpoint,756.148681640625,913.5853271484375,0.9890072345733643,0.9965477585792542,1.9046285152435303,11.467442512512207,1.9432469351470731,11.365697309637298,0.0,0,two_ankles,accepted,1.9046285152435303,11.467442512512207,0.09360603509753124
78,2.6,detected,4,3,0.8984029293060303,ankle_midpoint,865.6053466796875,791.185546875,0.9858124256134033,0.9721338152885437,2.4102373123168945,8.647088050842285,2.446896562798944,8.562163601893404,0.0,0,two_ankles,accepted,2.4102373123168945,8.647088050842285,0.0886175710681951
79,2.6333333333333333,detected,1,2,0.8777011632919312,ankle_midpoint,805.2159423828125,604.29638671875,0.9684150815010071,0.9678759574890137,1.6377837657928467,1.8235846757888794,1.665163997428805,2.110580233558563,0.0,0,two_ankles,accepted,1.6377837657928467,1.8235846757888794,0.24184146175547702
79,2.6333333333333333,detected,2,5,0.8943292498588562,ankle_midpoint,1021.17431640625,590.9010009765625,0.9822902083396912,0.9836191534996033,3.5537116527557373,1.0849210023880005,3.51119517671909,1.155474781972521,0.0,0,two_ankles,accepted,3.5537116527557373,1.0849210023880005,0.051448185552238644
79,2.6333333333333333,detected,3,1,0.8990545868873596,ankle_midpoint,745.460205078125,917.7352905273438,0.9907944798469543,0.9969218373298645,1.851778268814087,11.549311637878418,1.9020860352972295,11.448323757345802,0.0,0,two_ankles,accepted,1.851778268814087,11.549311637878418,0.09744589388928224
79,2.6333333333333333,detected,4,3,0.9135937690734863,ankle_midpoint,866.6107177734375,794.3687744140625,0.9897289276123047,0.9882563948631287,2.419724464416504,8.732220649719238,2.434669118526846,8.63868927341503,0.0,0,two_ankles,accepted,2.419724464416504,8.732220649719238,0.08565959051095985
80,2.6666666666666665,detected,1,2,0.8795496225357056,ankle_midpoint,800.5369262695312,601.6805419921875,0.9530524015426636,0.9506171345710754,1.5890953540802002,1.694068431854248,1.630933107921933,1.9231499227916213,0.0,0,two_ankles,accepted,1.5890953540802002,1.694068431854248,0.1383655263352657
80,2.6666666666666665,detected,2,5,0.8936917185783386,ankle_midpoint,1023.2044067382812,591.4216918945312,0.9829112887382507,0.9836591482162476,3.571599006652832,1.11173415184021,3.538376900189274,1.1357914984129813,0.0,0,two_ankles,accepted,3.571599006652832,1.11173415184021,0.03223200913667082
80,2.6666666666666665,detected,3,1,0.8843648433685303,ankle_midpoint,744.1630859375,912.6987915039062,0.9846867918968201,0.9950660467147827,1.8371490240097046,11.451509475708008,1.8728643802178433,11.449757330608795,0.0,0,two_ankles,accepted,1.8371490240097046,11.451509475708008,0.09889023070432061
80,2.6666666666666665,detected,4,3,0.9152851700782776,ankle_midpoint,866.3851318359375,797.0075073242188,0.9900816082954407,0.9899322986602783,2.420717716217041,8.802371978759766,2.428390987487434,8.712346490820162,0.0,0,two_ankles,accepted,2.420717716217041,8.802371978759766,0.07015836026655416
81,2.7,detected,1,2,0.883355975151062,ankle_midpoint,793.257080078125,602.9839477539062,0.9409312605857849,0.9353049397468567,1.5285981893539429,1.7611279487609863,1.5848823945663375,1.8502400344778358,0.0,0,two_ankles,accepted,1.5285981893539429,1.7611279487609863,0.09031547900377339
81,2.7,detected,2,5,0.8829674124717712,ankle_midpoint,1025.5369873046875,592.7633056640625,0.9767639636993408,0.9783645272254944,3.591355800628662,1.1813088655471802,3.562217405386999,1.1562743136233709,0.0,0,two_ankles,accepted,3.591355800628662,1.1813088655471802,0.07232545676046757
81,2.7,detected,3,1,0.875449538230896,ankle_midpoint,724.9576416015625,907.7381591796875,0.9885411262512207,0.9966719150543213,1.722927212715149,11.356122016906738,1.805392654841631,11.40762143944287,0.0,0,two_ankles,accepted,1.722927212715149,11.356122016906738,0.14881327048342488
81,2.7,detected,4,3,0.9126981496810913,ankle_midpoint,863.6376953125,803.8099975585938,0.9791238307952881,0.9783970713615417,2.409454345703125,8.981155395507812,2.419869498684495,8.833310497929606,0.0,0,two_ankles,accepted,2.409454345703125,8.981155395507812,0.17913786204886883
82,2.7333333333333334,detected,1,2,0.8533708453178406,ankle_midpoint,788.8018798828125,603.1636962890625,0.9460485577583313,0.9457500576972961,1.4898358583450317,1.7711968421936035,1.54211145326675,1.8146705979499314,0.0,0,two_ankles,accepted,1.4898358583450317,1.7711968421936035,0.0400487318176468
82,2.7333333333333334,detected,2,5,0.8644207715988159,ankle_midpoint,1026.4437255859375,593.1201782226562,0.9779114127159119,0.9773772358894348,3.5991761684417725,1.1996815204620361,3.5788488487616474,1.1758075567007702,0.0,0,two_ankles,accepted,3.5991761684417725,1.1996815204620361,0.01996778909525822
82,2.7333333333333334,detected,3,1,0.8971046805381775,ankle_midpoint,705.47607421875,890.624267578125,0.9790723919868469,0.9944307208061218,1.583590030670166,11.01246166229248,1.7403509547553535,11.374953931032778,0.0,0,two_ankles,corrected_motion_outlier,1.6608555435387917,11.335026976309328,0.37083323695946424
82,2.7333333333333334,detected,4,3,0.9088902473449707,ankle_midpoint,860.0693359375,805.0545654296875,0.9923357367515564,0.9915522336959839,2.3879318237304688,9.013943672180176,2.405497544955183,8.914595426342363,0.0,0,two_ankles,accepted,2.3879318237304688,9.013943672180176,0.0392210407715924
83,2.7666666666666666,detected,1,2,0.830356776714325,ankle_midpoint,786.9808349609375,600.5523071289062,0.9577581286430359,0.9568068385124207,1.465650200843811,1.6406623125076294,1.5077038896764274,1.7363668695008956,0.0,0,two_ankles,accepted,1.465650200843811,1.6406623125076294,0.13275620312853487
83,2.7666666666666666,detected,2,5,0.8413047790527344,ankle_midpoint,1025.84033203125,594.151611328125,0.9763240218162537,0.968319833278656,3.5926902294158936,1.2534562349319458,3.585077470056058,1.2107494619047994,0.0,0,two_ankles,accepted,3.5926902294158936,1.2534562349319458,0.05416444702355717
83,2.7666666666666666,detected,3,1,0.9090072512626648,ankle_midpoint,694.4840087890625,882.8751831054688,0.9919598698616028,0.9971765279769897,1.5061054229736328,10.852295875549316,1.6349404654535793,11.139757806065221,0.0,0,two_ankles,accepted,1.5061054229736328,10.852295875549316,0.2742500999187708
83,2.7666666666666666,detected,4,3,0.9103421568870544,ankle_midpoint,857.4614868164062,806.12890625,0.9917652010917664,0.9903096556663513,2.3724114894866943,9.042086601257324,2.3906088199943634,8.971966455054096,0.0,0,two_ankles,accepted,2.3724114894866943,9.042086601257324,0.032138843042024454
84,2.8,detected,1,2,0.8434101343154907,ankle_midpoint,783.8894653320312,603.4442749023438,0.9512155055999756,0.9624215960502625,1.4473881721496582,1.7863976955413818,1.4805618167893813,1.7588807412191145,0.0,0,two_ankles,accepted,1.4473881721496582,1.7863976955413818,0.14687512914043888
84,2.8,detected,2,5,0.8590047955513,ankle_midpoint,1026.4931640625,594.192138671875,0.9786699414253235,0.9705072045326233,3.5985267162323,1.255393147468567,3.591129630835367,1.2308391204084947,0.0,0,two_ankles,accepted,3.5985267162323,1.255393147468567,0.0061494884773128835
84,2.8,detected,3,1,0.9012728929519653,ankle_midpoint,672.7755737304688,848.7803955078125,0.9887624382972717,0.9963526725769043,1.3060722351074219,10.105695724487305,1.5417340171613745,10.964553329326424,0.0061125191872715146,0,two_ankles,corrected_motion_outlier,1.4278150248042354,10.750414524423451,0.7729327666839707
84,2.8,detected,4,3,0.9129498600959778,ankle_midpoint,851.3818359375,808.2225952148438,0.9923587441444397,0.9893821477890015,2.3359875679016113,9.096835136413574,2.366029256552625,9.028157361665862,0.0,0,two_ankles,accepted,2.3359875679016113,9.096835136413574,0.06575792093270147
85,2.8333333333333335,detected,1,2,0.8221726417541504,ankle_midpoint,782.0135498046875,598.6727294921875,0.9098551869392395,0.9099640250205994,1.4155572652816772,1.5468010902404785,1.4513097686109147,1.6634448982787284,0.0,0,two_ankles,accepted,1.4155572652816772,1.5468010902404785,0.24170175817265982
85,2.8333333333333335,detected,2,5,0.8252231478691101,ankle_midpoint,1026.924072265625,593.7523193359375,0.9767953157424927,0.9684726595878601,3.602858304977417,1.2324488162994385,3.59640753419929,1.2315634835594196,0.0,0,two_ankles,accepted,3.602858304977417,1.2324488162994385,0.023349625133082197
85,2.8333333333333335,detected,3,1,0.9072213768959045,ankle_midpoint,662.7548828125,827.741455078125,0.9903571009635925,0.9972182512283325,1.1942660808563232,9.610443115234375,1.455239791424433,10.822344259113446,0.3996362154036689,0,two_ankles,corrected_motion_outlier,1.3495246266348377,10.648533173297585,0.6402034937412471
85,2.8333333333333335,detected,4,3,0.9183551073074341,ankle_midpoint,843.5323486328125,809.5206298828125,0.995157778263092,0.9916980266571045,2.2877423763275146,9.13120174407959,2.3308001604513255,9.074527333752041,0.0,0,two_ankles,accepted,2.2877423763275146,9.13120174407959,0.059233961816605965
86,2.8666666666666667,detected,1,2,0.8173746466636658,ankle_midpoint,781.3118896484375,600.1328125,0.9165096879005432,0.915562629699707,1.4140422344207764,1.6209036111831665,1.4345393782253524,1.6443013190857256,0.0,0,two_ankles,accepted,1.4140422344207764,1.6209036111831665,0.07411800677683524
86,2.8666666666666667,detected,2,5,0.8315559029579163,ankle_midpoint,1026.99755859375,593.6162109375,0.9774966239929199,0.9687776565551758,3.603660821914673,1.2253555059432983,3.599671513671212,1.2287698936321652,0.0,0,two_ankles,accepted,3.603660821914673,1.2253555059432983,0.00713856324781867
86,2.8666666666666667,detected,3,1,0.8943302035331726,ankle_midpoint,655.2684326171875,825.3193359375,0.9847767353057861,0.9942463040351868,1.14190673828125,9.552501678466797,1.3724372880928863,10.69828266248967,0.3525268614585134,0,two_ankles,corrected_motion_outlier,1.2712342284654403,10.546651822171718,0.44995131053889886
86,2.8666666666666667,detected,4,3,0.9158535003662109,ankle_midpoint,838.4532470703125,810.24560546875,0.993881344795227,0.9891595244407654,2.25648832321167,9.150442123413086,2.2973598336934806,9.108688989099512,0.0,0,two_ankles,accepted,2.25648832321167,9.150442123413086,0.03670160804467383
87,2.9,detected,1,2,0.8224226832389832,ankle_midpoint,781.2965087890625,598.1220703125,0.9071755409240723,0.911624550819397,1.4073877334594727,1.5189893245697021,1.4223211380807066,1.5879109215535152,0.0,0,two_ankles,accepted,1.4073877334594727,1.5189893245697021,0.10213130861286049
87,2.9,detected,2,5,0.8232854008674622,ankle_midpoint,1026.602294921875,594.0927734375,0.9798259139060974,0.9714985489845276,3.5996105670928955,1.250209927558899,3.5996440877109697,1.2384179088991956,0.0,0,two_ankles,accepted,3.5996105670928955,1.250209927558899,0.025182272295552765
87,2.9,detected,3,1,0.8863046169281006,ankle_midpoint,638.9274291992188,827.7745971679688,0.9955824017524719,0.9986544847488403,1.04780113697052,9.61452865600586,1.2916652320843067,10.584202176339952,0.19283324143432423,0,two_ankles,corrected_motion_outlier,1.1929438302960427,10.444770471045853,0.3299725848787634
87,2.9,detected,4,3,0.9122592806816101,ankle_midpoint,828.3628540039062,812.6759033203125,0.9934404492378235,0.9890908598899841,2.195789098739624,9.213664054870605,2.2516530029642454,9.155927768696504,0.0,0,two_ankles,accepted,2.195789098739624,9.213664054870605,0.08764364477089662
88,2.933333333333333,detected,1,2,0.801361083984375,ankle_midpoint,783.4383544921875,599.8096923828125,0.9282873868942261,0.9291667938232422,1.4318759441375732,1.6040513515472412,1.4266208008062966,1.5951741150506922,0.0,0,two_ankles,accepted,1.4318759441375732,1.6040513515472412,0.08851678313033423
88,2.933333333333333,detected,2,5,0.8256152868270874,ankle_midpoint,1026.5555419921875,595.8397827148438,0.9847079515457153,0.9790184497833252,3.5974111557006836,1.340571403503418,3.598639268306341,1.2843869814710958,0.0,0,two_ankles,accepted,3.5974111557006836,1.340571403503418,0.09038823897689392
88,2.933333333333333,detected,3,1,0.9129490852355957,ankle_midpoint,629.1990356445312,843.155029296875,0.9931774139404297,0.9864723682403564,1.0303397178649902,9.981416702270508,1.1740687506856142,10.312948713008701,0.0,0,two_ankles,accepted,1.0303397178649902,9.981416702270508,0.19847252108121213
88,2.933333333333333,detected,4,3,0.9110462665557861,ankle_midpoint,816.766357421875,820.6512451171875,0.9909508228302002,0.987405002117157,2.133242130279541,9.415154457092285,2.1983681102561285,9.272579778474606,0.0,0,two_ankles,accepted,2.133242130279541,9.415154457092285,0.21097512993478848
89,2.966666666666667,detected,1,2,0.8104293942451477,ankle_midpoint,784.622314453125,601.738525390625,0.9476876854896545,0.9396920204162598,1.4484895467758179,1.7009063959121704,1.4364617364925811,1.6427536414383574,0.0,0,two_ankles,accepted,1.4484895467758179,1.7009063959121704,0.09826958538405406
89,2.966666666666667,detected,2,5,0.82953941822052,ankle_midpoint,1025.805419921875,594.6697998046875,0.9750009775161743,0.9723256230354309,3.5918543338775635,1.2803221940994263,3.5955860478133914,1.2825578271538447,0.0,0,two_ankles,accepted,3.5918543338775635,1.2803221940994263,0.060504921308765836
89,2.966666666666667,detected,3,1,0.8983169198036194,ankle_midpoint,625.9644775390625,857.5133056640625,0.991588294506073,0.9935430288314819,1.049241304397583,10.309971809387207,1.0715041247408625,10.106526319013916,0.0,0,two_ankles,corrected_motion_outlier,0.9461473596972769,9.854232281909178,0.3290983567049747
89,2.966666666666667,detected,4,3,0.9154641628265381,ankle_midpoint,811.8115234375,822.5897216796875,0.9901731014251709,0.9873377084732056,2.1049954891204834,9.463765144348145,2.1563504307450883,9.358613193117698,0.0,0,two_ankles,accepted,2.1049954891204834,9.463765144348145,0.056221629754530746
90,3.0,detected,1,2,0.8414236903190613,ankle_midpoint,787.5238647460938,600.5889282226562,0.9751244187355042,0.96869295835495,1.4705784320831299,1.64237380027771,1.4518142495083282,1.6425827129160662,0.0,0,two_ankles,accepted,1.4705784320831299,1.64237380027771,0.06256183825485663
90,3.0,detected,2,5,0.8662578463554382,ankle_midpoint,1025.615234375,594.950439453125,0.9790722727775574,0.9777541160583496,3.589862585067749,1.2948927879333496,3.5930104895778525,1.288108559504622,0.0,0,two_ankles,accepted,3.589862585067749,1.2948927879333496,0.0147060962867296
90,3.0,detected,3,1,0.8999294638633728,ankle_midpoint,627.8206787109375,862.965576171875,0.9818285703659058,0.9840362668037415,1.0743474960327148,10.431163787841797,1.072783641822196,10.252613179986463,0.08545211222897142,0,two_ankles,accepted,1.0743474960327148,10.431163787841797,0.22594751908304286
90,3.0,detected,4,3,0.9181234240531921,ankle_midpoint,800.4830322265625,830.804443359375,0.9926813244819641,0.990800678730011,2.046234607696533,9.665614128112793,2.1067983103732386,9.496763613865491,0.0,0,two_ankles,accepted,2.046234607696533,9.665614128112793,0.2102280985799492
91,3.033333333333333,detected,1,2,0.8594563603401184,ankle_midpoint,784.9180297851562,596.7052001953125,0.9864684343338013,0.9830547571182251,1.4351087808609009,1.445784091949463,1.444296788616986,1.5540233334810947,0.0,0,two_ankles,accepted,1.4351087808609009,1.445784091949463,0.1997638845697886
91,3.033333333333333,detected,2,5,0.8656186461448669,ankle_midpoint,1025.44384765625,593.65576171875,0.9760762453079224,0.973762571811676,3.5896177291870117,1.2278063297271729,3.5914837474019743,1.26097255610477,0.0,0,two_ankles,accepted,3.5896177291870117,1.2278063297271729,0.06708690504898428
91,3.033333333333333,detected,3,1,0.8995792269706726,ankle_midpoint,624.6456909179688,861.017333984375,0.9913204312324524,0.9940696954727173,1.0506316423416138,10.388376235961914,1.062815242055934,10.313706555175417,0.0,0,two_ankles,accepted,1.0506316423416138,10.388376235961914,0.04892051013809418
91,3.033333333333333,detected,4,3,0.9272948503494263,ankle_midpoint,794.7748413085938,834.5620727539062,0.9921699166297913,0.9891381859779358,2.016575336456299,9.756537437438965,2.066197972110616,9.613661834473554,0.0,0,two_ankles,accepted,2.016575336456299,9.756537437438965,0.09563848884902211
92,3.066666666666667,detected,1,2,0.8438271284103394,ankle_midpoint,783.641357421875,592.7213134765625,0.9827330112457275,0.9756667613983154,1.4107314348220825,1.2406554222106934,1.4291923794092796,1.4130077734094142,0.0,0,two_ankles,accepted,1.4107314348220825,1.2406554222106934,0.20657208463074936
92,3.066666666666667,detected,2,5,0.8759509921073914,ankle_midpoint,1025.5380859375,593.690673828125,0.9734825491905212,0.9742313027381897,3.5904319286346436,1.2295970916748047,3.5910104289566758,1.2468535971112857,0.0,0,two_ankles,accepted,3.5904319286346436,1.2295970916748047,0.0019671677848140338
92,3.066666666666667,detected,3,1,0.9094110727310181,ankle_midpoint,616.17724609375,859.0860595703125,0.9593554735183716,0.9702516794204712,0.9956068396568298,10.34643840789795,1.0325714609763372,10.328435888900557,0.0,0,two_ankles,accepted,0.9956068396568298,10.34643840789795,0.06918461052302081
92,3.066666666666667,detected,4,3,0.929815411567688,ankle_midpoint,793.564208984375,836.937744140625,0.9919763207435608,0.9892228841781616,2.012566089630127,9.813225746154785,2.042063624994396,9.703465594730108,0.0,0,two_ankles,accepted,2.012566089630127,9.813225746154785,0.056829907664655926
93,3.1,detected,1,2,0.8595964312553406,ankle_midpoint,781.4920654296875,589.9830932617188,0.9873425960540771,0.9838565587997437,1.3822442293167114,1.0981190204620361,1.408065711867624,1.2713078345830942,0.0,0,two_ankles,accepted,1.3822442293167114,1.0981190204620361,0.14535524311479053
93,3.1,detected,2,5,0.8890816569328308,ankle_midpoint,1027.606201171875,591.4520263671875,0.9898075461387634,0.9857983589172363,3.6114110946655273,1.1121985912322998,3.600190728525659,1.1862588444657423,0.0,0,two_ankles,accepted,3.6114110946655273,1.1121985912322998,0.11925826308269045
93,3.1,detected,3,1,0.8926607370376587,ankle_midpoint,609.31298828125,859.555908203125,0.9869781732559204,0.989056408405304,0.9563911557197571,10.35781192779541,0.9982903236108762,10.341655106403241,0.0,0,two_ankles,accepted,0.9563911557197571,10.35781192779541,0.04083168893776409
93,3.1,detected,4,3,0.9300833940505981,ankle_midpoint,794.3033447265625,840.579833984375,0.9869530200958252,0.9827631711959839,2.0221786499023438,9.899091720581055,2.0331153862029727,9.791497351363034,0.0,0,two_ankles,accepted,2.0221786499023438,9.899091720581055,0.08640235459268326
94,3.1333333333333333,detected,1,2,0.8545235395431519,ankle_midpoint,779.1766967773438,587.822021484375,0.9862068891525269,0.9834479093551636,1.3539166450500488,0.9846935868263245,1.3836986317997153,1.1423314230925479,0.0,0,two_ankles,accepted,1.3539166450500488,0.9846935868263245,0.11690928545600689
94,3.1333333333333333,detected,2,5,0.8914581537246704,ankle_midpoint,1030.4420166015625,588.958251953125,0.9919644594192505,0.9873859882354736,3.639840841293335,0.980051577091217,3.6180332792711134,1.093465574147206,0.0,0,two_ankles,accepted,3.639840841293335,0.980051577091217,0.13517057312789965
94,3.1333333333333333,detected,3,1,0.9090695381164551,ankle_midpoint,596.4043579101562,857.3817138671875,0.9776583909988403,0.9767463207244873,0.874096155166626,10.310850143432617,0.9424029478109637,10.32779287306646,0.0,0,two_ankles,accepted,0.874096155166626,10.310850143432617,0.09475165595691357
94,3.1333333333333333,detected,4,3,0.9241048693656921,ankle_midpoint,793.587158203125,840.01025390625,0.9935706853866577,0.9911654591560364,2.017042875289917,9.885799407958984,2.0258827562920976,9.833933276831212,0.0,0,two_ankles,accepted,2.017042875289917,9.885799407958984,0.014249973884625086
95,3.1666666666666665,detected,1,2,0.8297041058540344,ankle_midpoint,778.1162109375,585.0460205078125,0.9778076410293579,0.9749279618263245,1.334659218788147,0.8370628952980042,1.3616308959445096,1.0049605855850032,0.0,0,two_ankles,accepted,1.334659218788147,0.8370628952980042,0.14888139422830057
95,3.1666666666666665,detected,2,5,0.8920648097991943,ankle_midpoint,1033.97021484375,587.9786376953125,0.9836320877075195,0.9801695942878723,3.673090696334839,0.927156388759613,3.64280911694979,1.0186264407227892,0.0,0,two_ankles,accepted,3.673090696334839,0.927156388759613,0.0624776264667351
95,3.1666666666666665,detected,3,1,0.9187079071998596,ankle_midpoint,592.3281860351562,861.0303955078125,0.9913986921310425,0.9913060069084167,0.860460638999939,10.392824172973633,0.9055289088460026,10.357056958024689,0.0,0,two_ankles,accepted,0.860460638999939,10.392824172973633,0.08310035391214218
95,3.1666666666666665,detected,4,3,0.9227874875068665,ankle_midpoint,793.3875122070312,839.2918701171875,0.993965208530426,0.9916521906852722,2.0148212909698486,9.86890983581543,2.020905096897086,9.849672728374111,0.0,0,two_ankles,accepted,2.0148212909698486,9.86890983581543,0.017035054566496465
96,3.2,detected,1,2,0.8161991834640503,ankle_midpoint,776.8661499023438,587.1334228515625,0.9788075685501099,0.9773434400558472,1.330526351928711,0.9487546682357788,1.3476338511374002,0.9796679227778523,0.0,0,two_ankles,accepted,1.330526351928711,0.9487546682357788,0.11176820983831331
96,3.2,detected,2,5,0.8976024985313416,ankle_midpoint,1037.4078369140625,588.8619384765625,0.9836961030960083,0.9794915914535522,3.7033283710479736,0.9731522798538208,3.6700427812939727,0.9981630683317535,0.0,0,two_ankles,accepted,3.7033283710479736,0.9731522798538208,0.055044881411513376
96,3.2,detected,3,1,0.9205896258354187,ankle_midpoint,573.5166015625,860.6968383789062,0.9877278804779053,0.9801899790763855,0.7487679123878479,10.38783073425293,0.834986460439833,10.370905157327398,0.0,0,two_ankles,accepted,0.7487679123878479,10.38783073425293,0.11180429154688443
96,3.2,detected,4,3,0.9215595126152039,ankle_midpoint,790.3443603515625,836.9710693359375,0.9925218224525452,0.9903320670127869,1.993027925491333,9.814451217651367,2.008360369764497,9.833823048548878,0.0,0,two_ankles,accepted,1.993027925491333,9.814451217651367,0.05865741105111369
97,3.2333333333333334,detected,1,2,0.828577995300293,ankle_midpoint,777.107666015625,590.8792724609375,0.9827187061309814,0.983304500579834,1.3456406593322754,1.1462384462356567,1.3467369148250943,1.0546246583338643,0.0,0,two_ankles,accepted,1.3456406593322754,1.1462384462356567,0.19806131591351833
97,3.2333333333333334,detected,2,5,0.882927656173706,ankle_midpoint,1037.594970703125,590.614501953125,0.9807136654853821,0.9733091592788696,3.7028615474700928,1.0656450986862183,3.684811226073227,1.0285299819912628,0.0,0,two_ankles,accepted,3.7028615474700928,1.0656450986862183,0.09249399688528745
97,3.2333333333333334,detected,3,1,0.9194884300231934,ankle_midpoint,561.6950073242188,861.6734619140625,0.9730590581893921,0.9697220921516418,0.6821981072425842,10.411033630371094,0.7662317015010711,10.388962970197062,0.0,0,two_ankles,accepted,0.6821981072425842,10.411033630371094,0.07049761233792735
97,3.2333333333333334,detected,4,3,0.9210332632064819,ankle_midpoint,785.68017578125,836.3457641601562,0.9833654761314392,0.9811325669288635,1.963731288909912,9.80024242401123,1.9882772833799338,9.818711767506937,0.0,0,two_ankles,accepted,1.963731288909912,9.80024242401123,0.03256044735091702
98,3.2666666666666666,detected,1,2,0.8300328850746155,ankle_midpoint,776.3128662109375,591.207763671875,0.980362594127655,0.980923056602478,1.3395893573760986,1.1636258363723755,1.3435205139730462,1.1036751884511944,0.0,0,two_ankles,accepted,1.3395893573760986,1.1636258363723755,0.018410312086743482
98,3.2666666666666666,detected,2,5,0.8845267295837402,ankle_midpoint,1037.733154296875,590.416259765625,0.9810545444488525,0.9743773937225342,3.704359531402588,1.0551739931106567,3.6936079634714396,1.0405197869949903,0.0,0,two_ankles,accepted,3.704359531402588,1.0551739931106567,0.010577712788527071
98,3.2666666666666666,detected,3,1,0.9223136901855469,ankle_midpoint,556.51806640625,876.1945190429688,0.9668400883674622,0.9521898627281189,0.6962442994117737,10.727751731872559,0.698603251718564,10.404419288498797,0.0,0,two_ankles,corrected_motion_outlier,0.6159462575399439,10.423310344200917,0.3170294171416053
98,3.2666666666666666,detected,4,3,0.9205380082130432,ankle_midpoint,784.176513671875,837.1392822265625,0.9807714819908142,0.9775685667991638,1.955763578414917,9.819273948669434,1.9736461161456762,9.81896474903006,0.0,0,two_ankles,accepted,1.955763578414917,9.819273948669434,0.020632094933570096
99,3.3,detected,1,2,0.8417490720748901,ankle_midpoint,775.159912109375,590.1767578125,0.9823596477508545,0.9843580722808838,1.3256142139434814,1.109911322593689,1.3354626789597421,1.106481448815317,0.0,0,two_ankles,accepted,1.3256142139434814,1.109911322593689,0.05550273528793809
99,3.3,detected,2,5,0.8895067572593689,ankle_midpoint,1037.31591796875,590.7340087890625,0.9852681159973145,0.9778351187705994,3.7001843452453613,1.0720036029815674,3.6965673352697044,1.05468750418895,0.0,0,two_ankles,accepted,3.7001843452453613,1.0720036029815674,0.017339779348496603
99,3.3,detected,3,1,0.9336233735084534,ankle_midpoint,534.6825561523438,898.02294921875,0.8800742626190186,0.8994367122650146,0.6374977827072144,11.184257507324219,0.6315942719719969,10.418444784788171,0.10380161467314708,0,two_ankles,corrected_motion_outlier,0.5496944078373037,10.435587058030741,0.3872574346942834
99,3.3,detected,4,3,0.926973819732666,ankle_midpoint,778.951416015625,840.2091064453125,0.9872768521308899,0.9866223931312561,1.9286831617355347,9.89244270324707,1.9534127866611126,9.852029828427716,0.0,0,two_ankles,accepted,1.9286831617355347,9.89244270324707,0.07801932846398643
100,3.3333333333333335,detected,1,2,0.8583447337150574,ankle_midpoint,773.106689453125,587.0010986328125,0.9663403034210205,0.973380982875824,1.2958452701568604,0.9426952600479126,1.3176348449984454,1.032777663869985,0.0,0,two_ankles,accepted,1.2958452701568604,0.9426952600479126,0.16984522833298557
100,3.3333333333333335,detected,2,5,0.8853657841682434,ankle_midpoint,1036.3670654296875,593.0797119140625,0.9875689148902893,0.9841120839118958,3.6887547969818115,1.1950478553771973,3.693051693040153,1.1178496622236613,0.0,0,two_ankles,accepted,3.6887547969818115,1.1950478553771973,0.12357395607937897
100,3.3333333333333335,detected,3,1,0.9496226906776428,ankle_midpoint,524.1278076171875,918.0073852539062,0.9360053539276123,0.9468074440956116,0.6381309628486633,11.580103874206543,0.5649260007451969,10.431683328970749,0.4927581336019419,0,two_ankles,corrected_motion_outlier,0.48344255813466347,10.447863771860565,0.3899668288224456
100,3.3333333333333335,detected,4,3,0.9284543395042419,ankle_midpoint,776.09716796875,849.137939453125,0.9898064732551575,0.989946186542511,1.925033450126648,10.100274085998535,1.9406420852206034,9.963739744334585,0.0,0,two_ankles,accepted,1.925033450126648,10.100274085998535,0.20786342643960704
101,3.3666666666666667,detected,1,2,0.7851088047027588,ankle_midpoint,772.7017822265625,584.73828125,0.9622176885604858,0.9658881425857544,1.2840781211853027,0.8219772577285767,1.3025343192825314,0.9379174811063513,0.0,0,two_ankles,accepted,1.2840781211853027,0.8219772577285767,0.1212901557377598
101,3.3666666666666667,detected,2,5,0.8780420422554016,ankle_midpoint,1036.477294921875,593.0712890625,0.9870306849479675,0.9827334880828857,3.6897597312927246,1.1945807933807373,3.6915703102538107,1.1523786712443456,0.0,0,two_ankles,accepted,3.6897597312927246,1.1945807933807373,0.0011081696069589362
101,3.3666666666666667,detected,3,1,0.9420506954193115,ankle_midpoint,520.9242553710938,927.7384033203125,0.9481778144836426,0.9516048431396484,0.6489155888557434,11.765837669372559,0.4984451192042688,10.444489049494589,0.6761001303381801,0,two_ankles,corrected_motion_outlier,0.4171907084320232,10.460140485690388,0.33880319786389756
101,3.3666666666666667,detected,4,3,0.9267962574958801,ankle_midpoint,776.2371826171875,851.0052490234375,0.9897583723068237,0.9902461767196655,1.9286807775497437,10.14302921295166,1.9352594967687167,10.04442000521227,0.0,0,two_ankles,accepted,1.9286807775497437,10.14302921295166,0.04291041689507458
102,3.4,detected,1,2,0.8283165097236633,ankle_midpoint,769.282470703125,583.1561279296875,0.990467369556427,0.990649402141571,1.2470215559005737,0.7377433180809021,1.2775535757606504,0.8478391077448992,0.0,0,two_ankles,accepted,1.2470215559005737,0.7377433180809021,0.09202470113653977
102,3.4,detected,2,5,0.8772198557853699,ankle_midpoint,1036.81201171875,591.6461181640625,0.9849194288253784,0.9792999625205994,3.6945061683654785,1.1200186014175415,3.6928914464040616,1.137816639822284,0.0,0,two_ankles,accepted,3.6945061683654785,1.1200186014175415,0.07471311220423141
102,3.4,detected,3,1,0.9377762079238892,ankle_midpoint,513.36181640625,958.75537109375,0.9549378752708435,0.962319552898407,0.695529043674469,12.329977989196777,0.4320673019905702,10.457056717006122,1.2392523608306822,0,two_ankles,corrected_motion_outlier,0.35093885872938296,10.472417199520214,0.383798132675763
102,3.4,detected,4,3,0.9237729907035828,ankle_midpoint,777.6857299804688,851.6756591796875,0.9911594986915588,0.9907374978065491,1.9383273124694824,10.1581449508667,1.9366400138340616,10.095596230756765,0.0,0,two_ankles,accepted,1.9383273124694824,10.1581449508667,0.01793156905220201
103,3.433333333333333,detected,1,2,0.8268402218818665,ankle_midpoint,766.0390625,582.6452026367188,0.9851160645484924,0.9799638390541077,1.2153645753860474,0.7109897136688232,1.2495685255920792,0.7862568804106651,0.0,0,two_ankles,accepted,1.2153645753860474,0.7109897136688232,0.041447795651097144
103,3.433333333333333,detected,2,5,0.8833364248275757,ankle_midpoint,1036.0986328125,591.4755859375,0.9882057905197144,0.9847874045372009,3.688256025314331,1.111261248588562,3.690805506913683,1.1258667137671092,0.0,0,two_ankles,accepted,3.688256025314331,1.111261248588562,0.010758973776854464
103,3.433333333333333,detected,3,1,0.9319958686828613,ankle_midpoint,507.626220703125,977.3773803710938,0.9892199635505676,0.9870835542678833,0.7158440351486206,12.649978637695312,0.36574617015684785,10.469493455360883,1.5577939937089367,0,two_ankles,corrected_motion_outlier,0.2846870090267427,10.484693913350037,0.3731996335849809
103,3.433333333333333,detected,4,3,0.9285339713096619,ankle_midpoint,775.698486328125,846.6932373046875,0.9748173952102661,0.9789628386497498,1.9189380407333374,10.044011116027832,1.9286741259387359,10.072382929128747,0.0,0,two_ankles,accepted,1.9189380407333374,10.044011116027832,0.11576906371515616
104,3.466666666666667,detected,1,2,0.8701685667037964,ankle_midpoint,767.0374755859375,581.9441528320312,0.9785758852958679,0.9784544706344604,1.221917986869812,0.6727594137191772,1.237125783167059,0.7351830203994956,0.0,0,two_ankles,accepted,1.221917986869812,0.6727594137191772,0.03878792384641695
104,3.466666666666667,detected,2,5,0.8807209134101868,ankle_midpoint,1035.624267578125,591.6640625,0.9873098731040955,0.983648419380188,3.68373703956604,1.1212626695632935,3.6876246966072443,1.123794893875392,0.0,0,two_ankles,accepted,3.68373703956604,1.1212626695632935,0.010974955749662748
104,3.466666666666667,detected,3,1,0.931922197341919,ankle_midpoint,509.5528564453125,975.9873657226562,0.9877796173095703,0.9853906631469727,0.7220360636711121,12.626398086547852,0.2994562152821124,10.481858182679424,1.5381670812736266,0,two_ankles,corrected_motion_outlier,0.21843515932410246,10.496970627179861,0.31653180310485557
104,3.466666666666667,detected,4,3,0.9278326034545898,ankle_midpoint,769.6275634765625,847.275146484375,0.9788277745246887,0.9803841710090637,1.8833998441696167,10.058252334594727,1.9083006991426323,10.066024161588437,0.0,0,two_ankles,accepted,1.8833998441696167,10.058252334594727,0.03828545051676566
105,3.5,detected,1,2,0.8362740278244019,ankle_midpoint,763.550048828125,585.2962646484375,0.9653680324554443,0.9671387076377869,1.2024977207183838,0.8542534708976746,1.2215431550651552,0.7887647231236761,0.0,0,two_ankles,accepted,1.2024977207183838,0.8542534708976746,0.18253010581409293
105,3.5,detected,2,5,0.8830395340919495,ankle_midpoint,1034.095947265625,590.997314453125,0.9871333837509155,0.9835169911384583,3.6706864833831787,1.086670160293579,3.680002500656415,1.1070887637635765,0.0,0,two_ankles,accepted,3.6706864833831787,1.086670160293579,0.036972404767032584
105,3.5,detected,3,1,0.9302756190299988,ankle_midpoint,508.772216796875,974.6705932617188,0.9767453074455261,0.9793457984924316,0.7145467400550842,12.604264259338379,0.4862469514299498,11.436940917175955,1.5191815313552093,0,two_ankles,accepted,0.7145467400550842,12.604264259338379,0.27418364699495523
105,3.5,detected,4,3,0.9257118105888367,ankle_midpoint,762.057861328125,845.7164916992188,0.9726347327232361,0.9804327487945557,1.8354461193084717,10.023221969604492,1.87551613821726,10.046763175195663,0.0,0,two_ankles,accepted,1.8354461193084717,10.023221969604492,0.05938590909809697
106,3.533333333333333,detected,1,2,0.784887969493866,ankle_midpoint,764.4759521484375,586.8858032226562,0.9901076555252075,0.9867488741874695,1.216862440109253,0.9387995004653931,1.2194368333349992,0.8562803729274489,0.0,0,two_ankles,accepted,1.216862440109253,0.9387995004653931,0.085757660175893
106,3.533333333333333,detected,2,5,0.8739913105964661,ankle_midpoint,1031.3157958984375,590.7581787109375,0.9889839291572571,0.985178530216217,3.645765542984009,1.0748134851455688,3.664595869703832,1.092564888385473,0.0,0,two_ankles,accepted,3.645765542984009,1.0748134851455688,0.027597717585779145
106,3.533333333333333,detected,3,1,0.9327548146247864,ankle_midpoint,509.3104248046875,974.1995849609375,0.9824947714805603,0.981128454208374,0.7160598039627075,12.596245765686035,0.5896627350696908,11.958628099005491,0.0,0,two_ankles,accepted,0.7160598039627075,12.596245765686035,0.00816000017409493
106,3.533333333333333,detected,4,3,0.9207261800765991,ankle_midpoint,742.68505859375,846.9374389648438,0.9895951151847839,0.9939320683479309,1.7211765050888062,10.054027557373047,1.806063303309456,10.050032147175486,0.0,0,two_ankles,accepted,1.7211765050888062,10.054027557373047,0.11834918238702502
107,3.566666666666667,detected,1,2,0.8328254222869873,ankle_midpoint,764.2289428710938,585.959228515625,0.9896302819252014,0.9858019948005676,1.2111696004867554,0.8895049095153809,1.2157165785532895,0.8712314143920183,0.0,0,two_ankles,accepted,1.2111696004867554,0.8895049095153809,0.049622224052298415
107,3.566666666666667,detected,2,5,0.8858068585395813,ankle_midpoint,1030.493408203125,591.4716796875,0.9877251982688904,0.9836713075637817,3.6375234127044678,1.1124905347824097,3.6524132640541183,1.1015314292640945,0.0,0,two_ankles,accepted,3.6375234127044678,1.1124905347824097,0.03856802796205549
107,3.566666666666667,detected,3,1,0.9389621615409851,ankle_midpoint,509.68780517578125,977.108154296875,0.9502325057983398,0.9503528475761414,0.725683331489563,12.645241737365723,0.6508720034586333,12.267604236267596,0.0,0,two_ankles,accepted,0.725683331489563,12.645241737365723,0.04993212916446568
107,3.566666666666667,detected,4,3,0.9280670881271362,ankle_midpoint,738.269775390625,846.8892822265625,0.9655762910842896,0.9728161096572876,1.6945945024490356,10.053500175476074,1.7559023429222669,10.05159275991075,0.0,0,two_ankles,accepted,1.6945945024490356,10.053500175476074,0.026587233703528102
108,3.6,detected,1,2,0.7554255723953247,ankle_midpoint,763.2034912109375,586.566650390625,0.9917296767234802,0.9902846217155457,1.2040879726409912,0.9221484661102295,1.2104837058927553,0.8941440876652134,0.0,0,two_ankles,accepted,1.2040879726409912,0.9221484661102295,0.03340286275316815
108,3.6,detected,2,5,0.8921486735343933,ankle_midpoint,1030.1993408203125,589.964599609375,0.9855244755744934,0.9841431379318237,3.6365201473236084,1.0333045721054077,3.645261361525389,1.0708293435426854,0.0,0,two_ankles,accepted,3.6365201473236084,1.0333045721054077,0.07919231797660665
108,3.6,detected,3,1,0.9279831051826477,ankle_midpoint,517.6124267578125,971.79638671875,0.9802064895629883,0.985982358455658,0.7524116039276123,12.554617881774902,0.6965648236696739,12.396760376745885,0.0,0,two_ankles,accepted,0.7524116039276123,12.554617881774902,0.09448324586755284
108,3.6,detected,4,3,0.9283915162086487,ankle_midpoint,727.6663818359375,854.017578125,0.9844515323638916,0.9896638989448547,1.6443783044815063,10.217936515808105,1.7057165256239246,10.12644745006456,0.0,0,two_ankles,accepted,1.6443783044815063,10.217936515808105,0.17193305836896436
109,3.6333333333333333,detected,1,2,0.6995607614517212,ankle_midpoint,762.5035400390625,586.3580322265625,0.9903932213783264,0.9851112961769104,1.1969302892684937,0.9112188220024109,1.2043846684118376,0.9018277181169523,0.0,0,two_ankles,accepted,1.1969302892684937,0.9112188220024109,0.0130648211462883
109,3.6333333333333333,detected,2,5,0.8742230534553528,ankle_midpoint,1029.3707275390625,591.7916259765625,0.9860791563987732,0.9808709025382996,3.6270155906677246,1.129543662071228,3.63705076463944,1.0972507868805297,0.0,0,two_ankles,accepted,3.6270155906677246,1.129543662071228,0.09670728532367229
109,3.6333333333333333,detected,3,1,0.9111430644989014,ankle_midpoint,526.173583984375,966.9732666015625,0.9863341450691223,0.9873546957969666,0.7840306162834167,12.471238136291504,0.7359244303458582,12.430275368541414,0.0,0,two_ankles,accepted,0.7840306162834167,12.471238136291504,0.08917367267996096
109,3.6333333333333333,detected,4,3,0.9269370436668396,ankle_midpoint,723.7777099609375,859.0679321289062,0.9674394130706787,0.9701531529426575,1.6307640075683594,10.332131385803223,1.6719878924989202,10.219005221146958,0.0,0,two_ankles,accepted,1.6307640075683594,10.332131385803223,0.11500355391743787
110,3.6666666666666665,detected,1,2,0.6019043922424316,ankle_midpoint,759.752197265625,587.0635986328125,0.9835242033004761,0.9669743776321411,1.1745352745056152,0.9494718313217163,1.1909524411540375,0.9232675690590961,0.0,0,two_ankles,accepted,1.1745352745056152,0.9494718313217163,0.044326396291740316
110,3.6666666666666665,detected,2,5,0.8651965856552124,ankle_midpoint,1029.7037353515625,590.0294189453125,0.9844309687614441,0.981153130531311,3.6319499015808105,1.0368506908416748,3.634755376263057,1.070070743663045,0.0,0,two_ankles,accepted,3.6319499015808105,1.0368506908416748,0.09282421203301314
110,3.6666666666666665,detected,3,1,0.9187852740287781,ankle_midpoint,522.8914794921875,959.7137451171875,0.9892052412033081,0.9884839653968811,0.7478798627853394,12.345727920532227,0.7413043749436248,12.39222901693728,0.0,0,two_ankles,accepted,0.7478798627853394,12.345727920532227,0.13061275297006456
110,3.6666666666666665,detected,4,3,0.9281777739524841,ankle_midpoint,725.3446044921875,860.4827270507812,0.970458447933197,0.9745537638664246,1.6426411867141724,10.36351203918457,1.6587818748957837,10.284033289263885,0.0,0,two_ankles,accepted,1.6426411867141724,10.36351203918457,0.033553133849195386
111,3.7,detected,1,2,0.6341406106948853,ankle_midpoint,755.7352294921875,587.5562133789062,0.985292375087738,0.9505793452262878,1.139883279800415,0.9766563177108765,1.1679713185449074,0.9472925059523973,0.0,0,two_ankles,accepted,1.139883279800415,0.9766563177108765,0.04404267291266115
111,3.7,detected,2,5,0.8664090633392334,ankle_midpoint,1029.0859375,589.361083984375,0.9834611415863037,0.9807654023170471,3.6270673274993896,1.0017181634902954,3.6312957543194067,1.0393120825853077,0.0,0,two_ankles,accepted,3.6270673274993896,1.0017181634902954,0.03547018477194592
111,3.7,detected,3,1,0.9208608865737915,ankle_midpoint,534.4071044921875,943.851318359375,0.9805384278297424,0.9804856777191162,0.7661138772964478,12.062067031860352,0.7524686510023952,12.243656123652663,0.0,0,two_ankles,accepted,0.7661138772964478,12.062067031860352,0.2842463351519403
111,3.7,detected,4,3,0.9334797263145447,ankle_midpoint,721.742919921875,862.0494384765625,0.9746078848838806,0.982300341129303,1.624344825744629,10.398815155029297,1.643285202777764,10.335685128858321,0.0,0,two_ankles,accepted,1.624344825744629,10.398815155029297,0.03976263086207975
112,3.7333333333333334,detected,1,2,0.7235372066497803,ankle_midpoint,751.3853759765625,589.6285400390625,0.9851657748222351,0.9766859412193298,1.1084580421447754,1.0872021913528442,1.141190344164848,1.0102518643825984,0.0,0,two_ankles,accepted,1.1084580421447754,1.0872021913528442,0.1149257836213412
112,3.7333333333333334,detected,2,5,0.8641247153282166,ankle_midpoint,1029.0372314453125,592.11865234375,0.9829150438308716,0.977992594242096,3.623647451400757,1.1467437744140625,3.6278540180060146,1.0876563439082474,0.0,0,two_ankles,accepted,3.623647451400757,1.1467437744140625,0.14506592768924712
112,3.7333333333333334,detected,3,1,0.9242151975631714,ankle_midpoint,547.3250732421875,940.63623046875,0.9907010793685913,0.9923161268234253,0.8263763189315796,12.002119064331055,0.7857271015705283,12.13496444695794,0.0,0,two_ankles,accepted,0.8263763189315796,12.002119064331055,0.08500188634801761
112,3.7333333333333334,detected,4,3,0.9278652667999268,ankle_midpoint,717.939697265625,860.9566650390625,0.9760019779205322,0.9889528751373291,1.5998914241790771,10.375020027160645,1.6237580024083549,10.353385833094368,0.0,0,two_ankles,accepted,1.5998914241790771,10.375020027160645,0.034120037491357544
113,3.7666666666666666,detected,1,2,0.7298502922058105,ankle_midpoint,752.2503662109375,590.0751342773438,0.9831646084785461,0.9515029788017273,1.1180217266082764,1.110444188117981,1.1307644662643908,1.0553384100635206,0.0,0,two_ankles,accepted,1.1180217266082764,1.110444188117981,0.025132737100205294
113,3.7666666666666666,detected,2,5,0.8563581705093384,ankle_midpoint,1028.69287109375,592.3342895507812,0.982768714427948,0.9775695204734802,3.6203043460845947,1.1581048965454102,3.624456665641376,1.1193581925949707,0.0,0,two_ankles,accepted,3.6203043460845947,1.1581048965454102,0.011842780469059995
113,3.7666666666666666,detected,3,1,0.9215386509895325,ankle_midpoint,552.6143188476562,938.333251953125,0.9940574169158936,0.9943494200706482,0.8486111164093018,11.95933723449707,0.8140249082479765,12.055932201350549,0.0,0,two_ankles,accepted,0.8486111164093018,11.95933723449707,0.048214844009073755
113,3.7666666666666666,detected,4,3,0.9190386533737183,ankle_midpoint,714.8333740234375,860.845458984375,0.9752330780029297,0.9901182055473328,1.5813767910003662,10.372944831848145,1.60468645727476,10.362187382533568,0.0,0,two_ankles,accepted,1.5813767910003662,10.372944831848145,0.01863056835760106
114,3.8,detected,1,2,0.7826263308525085,ankle_midpoint,752.6465454101562,588.913818359375,0.9644173383712769,0.9491233229637146,1.1170997619628906,1.0492408275604248,1.1246153493287157,1.0525944979371276,0.0,0,two_ankles,accepted,1.1170997619628906,1.0492408275604248,0.0612103043804355
114,3.8,detected,2,5,0.8509546518325806,ankle_midpoint,1028.793212890625,590.7836303710938,0.979812741279602,0.9765396118164062,3.622873067855835,1.076798677444458,3.6237440466378827,1.10020641077724,0.0,0,two_ankles,accepted,3.622873067855835,1.076798677444458,0.08134678602151457
114,3.8,detected,3,1,0.9286679029464722,ankle_midpoint,564.35498046875,936.306640625,0.9884025454521179,0.9911207556724548,0.9062921404838562,11.920707702636719,0.8555451627541224,11.995081176929325,0.0,0,two_ankles,accepted,0.9062921404838562,11.920707702636719,0.06942147556800594
114,3.8,detected,4,3,0.9100070595741272,ankle_midpoint,703.37255859375,861.3384399414062,0.9728354215621948,0.9888495802879333,1.5148452520370483,10.385385513305664,1.56425791491779,10.372626541381011,0.0,0,two_ankles,accepted,1.5148452520370483,10.385385513305664,0.06768468240270434
115,3.8333333333333335,detected,1,2,0.7410151362419128,ankle_midpoint,749.6709594726562,589.0838012695312,0.9631409645080566,0.9478536248207092,1.0907948017120361,1.0589665174484253,1.10939610290121,1.0554619067172117,0.0,0,two_ankles,accepted,1.0907948017120361,1.0589665174484253,0.028045320065861072
115,3.8333333333333335,detected,2,5,0.8565562963485718,ankle_midpoint,1029.4697265625,590.0526123046875,0.982218325138092,0.9776951670646667,3.62980055809021,1.038133978843689,3.6264694767914305,1.0722738164071421,0.0,0,two_ankles,accepted,3.62980055809021,1.038133978843689,0.0392803900036096
115,3.8333333333333335,detected,3,1,0.9227370619773865,ankle_midpoint,571.419921875,934.637451171875,0.9770656824111938,0.9812971353530884,0.9400065541267395,11.88904094696045,0.8935527888718002,11.947363073443332,0.0,0,two_ankles,accepted,0.9400065541267395,11.88904094696045,0.04625413605661643
115,3.8333333333333335,detected,4,3,0.8950077891349792,ankle_midpoint,699.954345703125,860.3015747070312,0.9414552450180054,0.9767390489578247,1.4926031827926636,10.362748146057129,1.5320132854614832,10.368181263485265,0.0,0,two_ankles,accepted,1.4926031827926636,10.362748146057129,0.03173578485270309
116,3.8666666666666667,detected,1,2,0.7756153345108032,ankle_midpoint,748.5531616210938,590.0432739257812,0.9599030613899231,0.9439586997032166,1.0844566822052002,1.1097185611724854,1.0981733635880055,1.0798774012220849,0.0,0,two_ankles,accepted,1.0844566822052002,1.1097185611724854,0.051146277489684804
116,3.8666666666666667,detected,2,5,0.8836703896522522,ankle_midpoint,1029.1240234375,589.695068359375,0.9831598401069641,0.979141891002655,3.6270506381988525,1.0193560123443604,3.6267309994247707,1.0484608045788903,0.0,0,two_ankles,accepted,3.6270506381988525,1.0193560123443604,0.01897825295591749
116,3.8666666666666667,detected,3,1,0.9258049130439758,ankle_midpoint,585.6625366210938,934.9559326171875,0.9468663334846497,0.9758895635604858,1.0173441171646118,11.893349647521973,0.9492588866035655,11.923057031778722,0.0,0,two_ankles,accepted,1.0173441171646118,11.893349647521973,0.07745749516454652
116,3.8666666666666667,detected,4,3,0.9005260467529297,ankle_midpoint,702.5357666015625,854.3680419921875,0.947226881980896,0.9752410650253296,1.4957162141799927,10.229153633117676,1.5156796033848126,10.305618829819851,0.0,0,two_ankles,accepted,1.4957162141799927,10.229153633117676,0.13363077808629345
117,3.9,detected,1,2,0.8695163130760193,ankle_midpoint,748.556640625,588.6915893554688,0.9743871092796326,0.9653918147087097,1.0791428089141846,1.0385686159133911,1.0896096139847862,1.0612884478331728,0.0,0,two_ankles,accepted,1.0791428089141846,1.0385686159133911,0.07134810410743285
117,3.9,detected,2,5,0.8910136222839355,ankle_midpoint,1029.062255859375,589.4828491210938,0.9802666306495667,0.9743277430534363,3.6267197132110596,1.008160948753357,3.626725920628601,1.0303258694574005,0.0,0,two_ankles,accepted,3.6267197132110596,1.008160948753357,0.011199953578214336
117,3.9,detected,3,1,0.9183100461959839,ankle_midpoint,584.9624633789062,933.2393798828125,0.9880598187446594,0.9961417317390442,1.009407639503479,11.861565589904785,0.9763258254085266,11.89538588293545,0.0,0,two_ankles,accepted,1.009407639503479,11.861565589904785,0.032759944998097215
117,3.9,detected,4,3,0.9074898362159729,ankle_midpoint,694.0513916015625,849.8804931640625,0.9811298251152039,0.9796392917633057,1.4357374906539917,10.12811279296875,1.4797056526559431,10.225741113236857,0.0,0,two_ankles,accepted,1.4357374906539917,10.12811279296875,0.11750190914963567
118,3.933333333333333,detected,1,2,0.8879292011260986,ankle_midpoint,751.7109375,588.7138671875,0.9825744032859802,0.9799894690513611,1.1078369617462158,1.0389329195022583,1.0978119204774295,1.0512284600842614,0.0,0,two_ankles,accepted,1.1078369617462158,1.0389329195022583,0.028696465354688346
118,3.933333333333333,detected,2,5,0.899570643901825,ankle_midpoint,1028.9285888671875,589.625732421875,0.9868795275688171,0.9802810549736023,3.6253504753112793,1.0157445669174194,3.6261069702358064,1.0237642833144092,0.0,0,two_ankles,accepted,3.6253504753112793,1.0157445669174194,0.007706236233369269
118,3.933333333333333,detected,3,1,0.9260163307189941,ankle_midpoint,592.7623291015625,936.7769165039062,0.9614315032958984,0.9855263233184814,1.059820532798767,11.926218032836914,1.013898443734135,11.90926035039111,0.0,0,two_ankles,accepted,1.059820532798767,11.926218032836914,0.08198413375461308
118,3.933333333333333,detected,4,3,0.892440140247345,ankle_midpoint,694.358642578125,848.72509765625,0.9706656336784363,0.974949061870575,1.4350926876068115,10.101578712463379,1.459629818383834,10.169868032888793,0.0,0,two_ankles,accepted,1.4350926876068115,10.101578712463379,0.026541914008510522
119,3.966666666666667,detected,1,2,0.8890138268470764,ankle_midpoint,755.798583984375,589.6947021484375,0.9857643246650696,0.9796673059463501,1.1486629247665405,1.08954918384552,1.1206948724075296,1.068472785776828,0.0,0,two_ankles,accepted,1.1486629247665405,1.08954918384552,0.06502895872304791
119,3.966666666666667,detected,2,5,0.9000511169433594,ankle_midpoint,1030.425537109375,589.1376342773438,0.9878376722335815,0.9834264516830444,3.639491558074951,0.9895526766777039,3.6321300347634216,1.0083690603278919,0.0,0,two_ankles,accepted,3.639491558074951,0.9895526766777039,0.029765505808877595
119,3.966666666666667,detected,3,1,0.9258686304092407,ankle_midpoint,593.8599243164062,934.2981567382812,0.9617894291877747,0.9838918447494507,1.0598384141921997,11.880237579345703,1.0345714304402642,11.896200103420679,0.0,0,two_ankles,accepted,1.0598384141921997,11.880237579345703,0.04598045696816902
119,3.966666666666667,detected,4,3,0.8768312931060791,ankle_midpoint,695.245361328125,848.2777099609375,0.9278026819229126,0.920909583568573,1.4394395351409912,10.091180801391602,1.4505441909245549,10.134458778715057,0.0,0,two_ankles,accepted,1.4394395351409912,10.091180801391602,0.011269944016808331
120,4.0,detected,1,2,0.874117374420166,ankle_midpoint,761.5692138671875,588.4014892578125,0.9838535785675049,0.9802583456039429,1.1960811614990234,1.019897699356079,1.154618702498702,1.046613996887491,0.0,0,two_ankles,accepted,1.1960811614990234,1.019897699356079,0.08426042052114753
120,4.0,detected,2,5,0.9005478620529175,ankle_midpoint,1030.385986328125,587.25830078125,0.9858407974243164,0.9821195602416992,3.6412272453308105,0.88973069190979,3.6362237795187466,0.9549817945397461,0.0,0,two_ankles,accepted,3.6412272453308105,0.88973069190979,0.09983707354112384
120,4.0,detected,3,1,0.9264211058616638,ankle_midpoint,594.4689331054688,928.5947265625,0.9805403351783752,0.9906572103500366,1.0495026111602783,11.773628234863281,1.0412904617642706,11.841042762569849,0.0,0,two_ankles,accepted,1.0495026111602783,11.773628234863281,0.10710920201031456
120,4.0,detected,4,3,0.856355607509613,ankle_midpoint,705.530029296875,855.249755859375,0.9689133763313293,0.9694124460220337,1.5152955055236816,10.248695373535156,1.479682282494162,10.185865246384102,0.0,0,two_ankles,accepted,1.5152955055236816,10.248695373535156,0.1748283978084416
121,4.033333333333333,detected,1,2,0.8191742300987244,ankle_midpoint,769.930908203125,586.2283935546875,0.957762598991394,0.9671049118041992,1.2641485929489136,0.9023829102516174,1.2039071532012973,0.9817100079013479,0.0,0,two_ankles,accepted,1.2641485929489136,0.9023829102516174,0.13580464234499348
121,4.033333333333333,detected,2,5,0.897223949432373,ankle_midpoint,1030.795166015625,588.6131591796875,0.9855788946151733,0.9827213883399963,3.643439769744873,0.9616714715957642,3.6394709751205037,0.9579921492149542,0.0,0,two_ankles,accepted,3.643439769744873,0.9616714715957642,0.07197479451939193
121,4.033333333333333,detected,3,1,0.905009388923645,ankle_midpoint,600.981689453125,923.8343505859375,0.9790332913398743,0.9887774586677551,1.073466420173645,11.682853698730469,1.0557696430484893,11.76985768384213,0.0,0,two_ankles,accepted,1.073466420173645,11.682853698730469,0.09388439994246327
121,4.033333333333333,detected,4,3,0.7310163378715515,ankle_midpoint,729.6490478515625,849.72119140625,0.9613565802574158,0.9561141729354858,1.6481778621673584,10.119776725769043,1.5555052933471005,10.156125412107325,0.0,0,two_ankles,accepted,1.6481778621673584,10.119776725769043,0.18514248148121082
122,4.066666666666666,detected,1,2,0.8711833357810974,ankle_midpoint,776.1124877929688,585.1544189453125,0.9878244400024414,0.9877325296401978,1.3167301416397095,0.8433907628059387,1.2546774979985829,0.9194663476084137,0.0,0,two_ankles,accepted,1.3167301416397095,0.8433907628059387,0.07902463364657401
122,4.066666666666666,detected,2,5,0.8938900232315063,ankle_midpoint,1030.441650390625,589.7127685546875,0.9846282005310059,0.9807850122451782,3.6389992237091064,1.019951581954956,3.639258686985375,0.9858738939479552,0.0,0,two_ankles,accepted,3.6389992237091064,1.019951581954956,0.058449035172322125
122,4.066666666666666,detected,3,1,0.8747316002845764,ankle_midpoint,612.1353759765625,918.97265625,0.978057324886322,0.9867588877677917,1.122886300086975,11.588555335998535,1.085972138715808,11.688271627312513,0.0,0,two_ankles,accepted,1.122886300086975,11.588555335998535,0.1064636357850477
122,4.066666666666666,detected,4,3,0.6884878277778625,ankle_midpoint,718.1729736328125,846.533203125,0.9539713859558105,0.9548853039741516,1.573302149772644,10.047940254211426,1.5635138787385952,10.107442091054171,0.0,0,two_ankles,accepted,1.573302149772644,10.047940254211426,0.10376343745493556
123,4.1,detected,1,2,0.8833824992179871,ankle_midpoint,783.9217529296875,585.7081909179688,0.9842914342880249,0.9802932739257812,1.3899489641189575,0.8709829449653625,1.3155496577527517,0.8976488164190408,0.0,0,two_ankles,accepted,1.3899489641189575,0.8709829449653625,0.07824528408515408
123,4.1,detected,2,5,0.8958553671836853,ankle_midpoint,1029.146240234375,592.5250244140625,0.986806333065033,0.9827733039855957,3.6241960525512695,1.1679527759552002,3.632480501490028,1.0678093908512154,0.0,0,two_ankles,accepted,3.6241960525512695,1.1679527759552002,0.14873966284023277
123,4.1,detected,3,1,0.873539924621582,ankle_midpoint,629.1827392578125,916.8314208984375,0.9926353096961975,0.995429277420044,1.2114869356155396,11.545269012451172,1.1424537973206874,11.623920450624912,0.0,0,two_ankles,accepted,1.2114869356155396,11.545269012451172,0.09860922077733164
123,4.1,predicted,4,,,motion_prediction,,,,,,,1.585028497371973,10.006557123422235,,1,,motion_prediction,1.585028497371973,10.006557123422235,
124,4.133333333333334,detected,1,2,0.8658854961395264,ankle_midpoint,788.8292846679688,589.3087158203125,0.9803611040115356,0.9763808250427246,1.4464688301086426,1.0607575178146362,1.3744632853129026,0.9710477320470589,0.0,0,two_ankles,accepted,1.4464688301086426,1.0607575178146362,0.19801233232204565
124,4.133333333333334,detected,2,5,0.887049674987793,ankle_midpoint,1028.5374755859375,597.7455444335938,0.9868655800819397,0.9832097291946411,3.613204002380371,1.4379321336746216,3.6238060768906823,1.2343646251217482,0.0,0,two_ankles,accepted,3.613204002380371,1.4379321336746216,0.2702030324803015
124,4.133333333333334,detected,3,1,0.8709728717803955,ankle_midpoint,645.0201416015625,912.0065307617188,0.988835871219635,0.9928696751594543,1.2881056070327759,11.449522972106934,1.2079971116911272,11.545441585291822,0.0,0,two_ankles,accepted,1.2881056070327759,11.449522972106934,0.1226284023028227
124,4.133333333333334,predicted,4,,,motion_prediction,,,,,,,1.5967548449713023,9.965173992633046,,2,,motion_prediction,1.5967548449713023,9.965173992633046,
125,4.166666666666667,detected,1,2,0.8453855514526367,ankle_midpoint,792.1541748046875,591.7196044921875,0.9844502806663513,0.9823220372200012,1.4842181205749512,1.186320185661316,1.4238529611808244,1.0679203361734746,0.0,0,two_ankles,accepted,1.4842181205749512,1.186320185661316,0.13111442516933575
125,4.166666666666667,detected,2,5,0.8861556649208069,ankle_midpoint,1028.75537109375,598.5849609375,0.9860490560531616,0.9832643866539001,3.614276170730591,1.4807510375976562,3.619517619118642,1.3452385107359068,0.0,0,two_ankles,accepted,3.614276170730591,1.4807510375976562,0.042832325154505524
125,4.166666666666667,detected,3,1,0.8772002458572388,ankle_midpoint,658.6639404296875,908.3824462890625,0.9722115993499756,0.9845433831214905,1.3559530973434448,11.376656532287598,1.2745773052346703,11.469488311439921,0.0,0,two_ankles,accepted,1.3559530973434448,11.376656532287598,0.09956304532004444
125,4.166666666666667,predicted,4,,,motion_prediction,,,,,,,1.6084811925706313,9.923790861843855,,3,,motion_prediction,1.6084811925706313,9.923790861843855,
126,4.2,detected,1,2,0.8213830590248108,ankle_midpoint,800.126708984375,594.734130859375,0.9833905100822449,0.9861251711845398,1.565131425857544,1.3406965732574463,1.4874282702853483,1.190669642861262,0.0,0,two_ankles,accepted,1.565131425857544,1.3406965732574463,0.1742958175602178
126,4.2,detected,2,5,0.8678536415100098,ankle_midpoint,1029.3985595703125,598.08203125,0.9858258366584778,0.9824823141098022,3.620547294616699,1.454919457435608,3.619980973092768,1.3945949367507724,0.0,0,two_ankles,accepted,3.620547294616699,1.454919457435608,0.026581902273224326
126,4.2,detected,3,1,0.8704559803009033,ankle_midpoint,683.9569702148438,894.154541015625,0.9740856289863586,0.9874266386032104,1.4685450792312622,11.087618827819824,1.3390555440764302,11.394440401945712,0.0,0,two_ankles,corrected_motion_outlier,1.4178622804385814,11.302715179230566,0.31019308340036617
126,4.2,detected,4,3,0.6277268528938293,ankle_midpoint,635.6898193359375,858.4229736328125,0.8503308892250061,0.5204848051071167,1.1090670824050903,10.329092025756836,1.3590128203885181,10.20718456167037,0.028816195076146522,0,two_ankles,accepted,1.1090670824050903,10.329092025756836,0.13568357408343493
127,4.233333333333333,detected,1,2,0.7909361124038696,ankle_midpoint,804.1910400390625,595.4791259765625,0.9626645445823669,0.976482629776001,1.603734016418457,1.3780428171157837,1.5397658560452472,1.2749875712757968,0.0,0,two_ankles,accepted,1.603734016418457,1.3780428171157837,0.05371128306361616
127,4.233333333333333,detected,2,5,0.8927757740020752,ankle_midpoint,1029.9788818359375,598.0018310546875,0.9866640567779541,0.9836597442626953,3.6258177757263184,1.4506758451461792,3.622607534277866,1.4198313455287055,0.0,0,two_ankles,accepted,3.6258177757263184,1.4506758451461792,0.0067665512921903275
127,4.233333333333333,detected,3,1,0.9113158583641052,ankle_midpoint,698.796142578125,895.6683959960938,0.9824525117874146,0.9902082085609436,1.5552191734313965,11.116747856140137,1.436329177286165,11.269478756333204,0.0,0,two_ankles,accepted,1.5552191734313965,11.116747856140137,0.16375247251279526
127,4.233333333333333,detected,4,3,0.7743390202522278,ankle_midpoint,647.0009765625,864.2141723632812,0.912045419216156,0.5879612565040588,1.1900081634521484,10.456281661987305,1.2829607247671517,10.319278256812993,0.0,0,two_ankles,accepted,1.1900081634521484,10.456281661987305,0.15076028046373952
128,4.266666666666667,detected,1,2,0.7609077095985413,ankle_midpoint,805.119140625,596.6192016601562,0.9512446522712708,0.9749948382377625,1.6153112649917603,1.4363150596618652,1.5737612900711782,1.3475849410495275,0.0,0,two_ankles,accepted,1.6153112649917603,1.4363150596618652,0.05941116844396689
128,4.266666666666667,detected,2,5,0.8931133151054382,ankle_midpoint,1029.76708984375,598.2688598632812,0.9837434887886047,0.9814526438713074,3.6236417293548584,1.464369297027588,3.6230729220625126,1.4398734237032027,0.0,0,two_ankles,accepted,3.6236417293548584,1.464369297027588,0.01386527324790966
128,4.266666666666667,detected,3,1,0.888302743434906,ankle_midpoint,708.4508666992188,896.313232421875,0.9640781879425049,0.9779986143112183,1.6108287572860718,11.128722190856934,1.5148539882861232,11.206138301868883,0.0,0,two_ankles,accepted,1.6108287572860718,11.128722190856934,0.05688418504646129
128,4.266666666666667,detected,4,3,0.8265467286109924,ankle_midpoint,649.467529296875,862.7530517578125,0.9539996981620789,0.7183393836021423,1.2009532451629639,10.423686981201172,1.2460573589452673,10.366262182787676,0.0,0,two_ankles,accepted,1.2009532451629639,10.423686981201172,0.03438325216157311
129,4.3,detected,1,2,0.7615041136741638,ankle_midpoint,806.6629028320312,601.2679443359375,0.9779611825942993,0.9809141159057617,1.6421496868133545,1.6718242168426514,1.6045360686051575,1.4934926151564334,0.0,0,two_ankles,accepted,1.6421496868133545,1.6718242168426514,0.2370334659955806
129,4.3,detected,2,5,0.8990366458892822,ankle_midpoint,1027.564453125,596.9620361328125,0.9805833101272583,0.9782161116600037,3.605309009552002,1.3980318307876587,3.6150791614327833,1.421044706891208,0.0,0,two_ankles,accepted,3.605309009552002,1.3980318307876587,0.068824036807672
129,4.3,detected,3,1,0.9084769487380981,ankle_midpoint,721.28662109375,900.6505126953125,0.9753090739250183,0.9783007502555847,1.6905748844146729,11.21501350402832,1.5939283915439706,11.21013214284063,0.0,0,two_ankles,accepted,1.6905748844146729,11.21501350402832,0.11749738516602548
129,4.3,detected,4,3,0.8275965452194214,ankle_midpoint,652.562744140625,868.9735107421875,0.9454002380371094,0.8281102180480957,1.233876347541809,10.559885025024414,1.2405759038137112,10.453392461794209,0.0,0,two_ankles,accepted,1.233876347541809,10.559885025024414,0.14012079721271115
130,4.333333333333333,detected,1,2,0.8204934597015381,ankle_midpoint,815.3472900390625,603.5723266601562,0.9553235173225403,0.9606083035469055,1.7250933647155762,1.7850607633590698,1.6587868518548459,1.6246982818476199,0.0,0,two_ankles,accepted,1.7250933647155762,1.7850607633590698,0.1403644156149004
130,4.333333333333333,detected,2,5,0.8888088464736938,ankle_midpoint,1023.8634033203125,597.5126953125,0.9761312007904053,0.9739969372749329,3.571640968322754,1.4271869659423828,3.5955319745332703,1.4238087234642367,0.0,0,two_ankles,accepted,3.571640968322754,1.4271869659423828,0.04453716320225814
130,4.333333333333333,detected,3,1,0.9152549505233765,ankle_midpoint,739.94873046875,903.3826904296875,0.9918519854545593,0.9952870607376099,1.7994736433029175,11.267651557922363,1.6864237548354968,11.23601587962741,0.0,0,two_ankles,accepted,1.7994736433029175,11.267651557922363,0.12095331498207154
130,4.333333333333333,detected,4,3,0.550129234790802,ankle_midpoint,661.0879516601562,876.5140380859375,0.9680262804031372,0.911164402961731,1.300649881362915,10.721529006958008,1.267609193710853,10.57405390711792,0.0,0,two_ankles,accepted,1.300649881362915,10.721529006958008,0.17489277204706422
131,4.366666666666666,detected,1,2,0.8425910472869873,ankle_midpoint,820.0955810546875,603.8714599609375,0.9638381004333496,0.9701235890388489,1.7677149772644043,1.7987995147705078,1.7078045082891473,1.7030438366629195,0.0,0,two_ankles,accepted,1.7677149772644043,1.7987995147705078,0.04478119188462621
131,4.366666666666666,detected,2,5,0.8847275376319885,ankle_midpoint,1022.0661010742188,598.3414306640625,0.9779475331306458,0.9754582047462463,3.5547969341278076,1.4700006246566772,3.5772012063508125,1.4445950790008348,0.0,0,two_ankles,accepted,3.5547969341278076,1.4700006246566772,0.04600794344963269
131,4.366666666666666,detected,3,1,0.9199036955833435,ankle_midpoint,749.3408203125,905.6569213867188,0.98554927110672,0.9908487796783447,1.8553521633148193,11.311930656433105,1.762441538651192,11.270177529189972,0.0,0,two_ankles,accepted,1.8553521633148193,11.311930656433105,0.07129549469387618
131,4.366666666666666,detected,4,3,0.6420080661773682,ankle_midpoint,671.7857666015625,876.1534423828125,0.9794858694076538,0.9380432963371277,1.361631155014038,10.712481498718262,1.3099190762972863,10.636346323338074,0.0,0,two_ankles,accepted,1.361631155014038,10.712481498718262,0.06164878864553161
132,4.4,detected,1,2,0.8245152831077576,ankle_midpoint,826.6943359375,608.076904296875,0.9626243710517883,0.9700185656547546,1.8359349966049194,2.004932165145874,1.7654632280312448,1.8388935844802492,0.0,0,two_ankles,accepted,1.8359349966049194,2.004932165145874,0.21712816627419212
132,4.4,detected,2,5,0.8904799818992615,ankle_midpoint,1019.1483764648438,596.451904296875,0.9755090475082397,0.9725062847137451,3.530405044555664,1.3739467859268188,3.556142933542996,1.4128033471175279,0.0,0,two_ankles,accepted,3.530405044555664,1.3739467859268188,0.09910249346833454
132,4.4,detected,3,1,0.93863844871521,ankle_midpoint,760.3656616210938,901.8433837890625,0.9911975264549255,0.9937011003494263,1.9113675355911255,11.234356880187988,1.8294582372741623,11.25405823713908,0.0,0,two_ankles,accepted,1.9113675355911255,11.234356880187988,0.09568392076091299
132,4.4,detected,4,3,0.6351233124732971,ankle_midpoint,660.4028930664062,874.90771484375,0.9506922364234924,0.8891655206680298,1.2930744886398315,10.687211036682129,1.3023390118514317,10.659235444342901,0.0,0,two_ankles,accepted,1.2930744886398315,10.687211036682129,0.07306581112848808
133,4.433333333333334,detected,1,2,0.7894872426986694,ankle_midpoint,826.842529296875,605.1116333007812,0.9343482851982117,0.9485700130462646,1.8301557302474976,1.8587592840194702,1.7945748540285584,1.847833149272899,0.0,0,two_ankles,accepted,1.8301557302474976,1.8587592840194702,0.1462870845167946
133,4.433333333333334,detected,2,5,0.8989136219024658,ankle_midpoint,1015.6726684570312,598.3907470703125,0.978199303150177,0.9792977571487427,3.4976701736450195,1.4741164445877075,3.529830191588907,1.4403942409791086,0.0,0,two_ankles,accepted,3.4976701736450195,1.4741164445877075,0.10538278934330553
133,4.433333333333334,detected,3,1,0.9316619634628296,ankle_midpoint,773.9334106445312,896.7261352539062,0.951362669467926,0.9637518525123596,1.9804576635360718,11.129256248474121,1.8974079790920215,11.197897342239848,0.0,0,two_ankles,accepted,1.9804576635360718,11.129256248474121,0.1257759458962762
133,4.433333333333334,detected,4,3,0.7914487719535828,ankle_midpoint,669.4004516601562,868.8511352539062,0.9535146355628967,0.9148130416870117,1.3317432403564453,10.555085182189941,1.315570914678688,10.612367826374069,0.0,0,two_ankles,accepted,1.3317432403564453,10.555085182189941,0.13766812915345303
134,4.466666666666667,detected,1,2,0.7154480814933777,ankle_midpoint,831.3847045898438,610.1544189453125,0.9476152062416077,0.971424400806427,1.8816925287246704,2.105207920074463,1.833777807641809,1.9636517961336026,0.0,0,two_ankles,accepted,1.8816925287246704,2.105207920074463,0.2517796096006247
134,4.466666666666667,detected,2,5,0.9031642079353333,ankle_midpoint,1012.6883544921875,602.0589599609375,0.9837099313735962,0.9839206337928772,3.468247890472412,1.6606783866882324,3.5021181560864845,1.5395221065482145,0.0,0,two_ankles,accepted,3.468247890472412,1.6606783866882324,0.18886775528768457
134,4.466666666666667,detected,3,1,0.9261420965194702,ankle_midpoint,776.2462158203125,896.6033325195312,0.9752037525177002,0.9761999249458313,1.9933257102966309,11.126479148864746,1.9405709581340957,11.165759155221053,0.0,0,two_ankles,accepted,1.9933257102966309,11.126479148864746,0.013164304374798003
134,4.466666666666667,detected,4,3,0.8535323143005371,ankle_midpoint,673.17431640625,863.0748901367188,0.9348379969596863,0.9081998467445374,1.3409504890441895,10.42776870727539,1.3269917231431638,10.529298222779666,0.0,0,two_ankles,accepted,1.3409504890441895,10.42776870727539,0.1276489647943351
135,4.5,detected,1,2,0.7992429733276367,ankle_midpoint,833.3048706054688,615.3197021484375,0.9818252325057983,0.9850473403930664,1.9099056720733643,2.3534486293792725,1.868035346636009,2.1390603710941543,0.0,0,two_ankles,accepted,1.9099056720733643,2.3534486293792725,0.24983881046340442
135,4.5,detected,2,5,0.8955094814300537,ankle_midpoint,1008.7256469726562,604.6937255859375,0.984234631061554,0.9897927045822144,3.4313292503356934,1.7934963703155518,3.4702631484986286,1.6538105252435165,0.0,0,two_ankles,accepted,3.4313292503356934,1.7934963703155518,0.13785355550137765
135,4.5,detected,3,1,0.916429877281189,ankle_midpoint,778.27880859375,899.550537109375,0.9925670623779297,0.993446409702301,2.0086658000946045,11.186015129089355,1.9712136370163247,11.174874343461791,0.0,0,two_ankles,accepted,2.0086658000946045,11.186015129089355,0.06148049525105481
135,4.5,detected,4,3,0.876311182975769,ankle_midpoint,684.5444946289062,857.853759765625,0.9639710187911987,0.9183964133262634,1.3964539766311646,10.310017585754395,1.3582497372127642,10.430621936118294,0.0,0,two_ankles,accepted,1.3964539766311646,10.310017585754395,0.13017666362973776
136,4.533333333333333,detected,1,2,0.8346155285835266,ankle_midpoint,837.2134399414062,619.1175537109375,0.9904603958129883,0.9916062355041504,1.9516812562942505,2.5323307514190674,1.9056760059822175,2.3160320422403653,0.0,0,two_ankles,accepted,1.9516812562942505,2.5323307514190674,0.1836954354970652
136,4.533333333333333,detected,2,5,0.8912339210510254,ankle_midpoint,1006.39111328125,605.814453125,0.9839901924133301,0.9867920875549316,3.4100286960601807,1.8497412204742432,3.4431576449013273,1.7419793380973436,0.0,0,two_ankles,accepted,3.4100286960601807,1.8497412204742432,0.06014313578304436
136,4.533333333333333,detected,3,1,0.924492597579956,ankle_midpoint,779.588623046875,892.023193359375,0.9562748074531555,0.9524196982383728,2.0061111450195312,11.032306671142578,1.9869175156177676,11.110718890918147,0.0,0,two_ankles,accepted,2.0061111450195312,11.032306671142578,0.15372968583500332
136,4.533333333333333,detected,4,3,0.8939290642738342,ankle_midpoint,700.667724609375,836.397216796875,0.9625279307365417,0.9435095191001892,1.4465237855911255,9.812973976135254,1.3882428603805717,10.339567637389216,0.0,0,two_ankles,corrected_motion_outlier,1.4249011220301142,10.228279050053672,0.4995591412760972
137,4.566666666666666,detected,1,2,0.8201770782470703,ankle_midpoint,838.8810424804688,619.6371459960938,0.990741491317749,0.9926027655601501,1.9670419692993164,2.556342601776123,1.9332906894749122,2.4241717940314564,0.0,0,two_ankles,accepted,1.9670419692993164,2.556342601776123,0.028504744545314476
137,4.566666666666666,detected,2,5,0.8841463327407837,ankle_midpoint,1006.4605712890625,605.706787109375,0.9786624312400818,0.984015941619873,3.410708427429199,1.8443862199783325,3.42855549703887,1.7880624349437888,0.0,0,two_ankles,accepted,3.410708427429199,1.8443862199783325,0.005397968603579599
137,4.566666666666666,detected,3,1,0.9248015880584717,ankle_midpoint,790.5560302734375,896.3353271484375,0.995366096496582,0.9944218993186951,2.0736441612243652,11.119300842285156,2.025944506140737,11.114580769033303,0.0,0,two_ankles,accepted,2.0736441612243652,11.119300842285156,0.11013035045121096
137,4.566666666666666,detected,4,3,0.8965860605239868,ankle_midpoint,704.376220703125,833.4418334960938,0.9799621105194092,0.9652207493782043,1.4627306461334229,9.742074012756348,1.4217623639693548,10.070695506304425,0.0,0,two_ankles,accepted,1.4627306461334229,9.742074012756348,0.28589880160211384
138,4.6,detected,1,2,0.7672374844551086,ankle_midpoint,837.4659423828125,621.045654296875,0.9868020415306091,0.992037296295166,1.9578882455825806,2.62258243560791,1.9443595897233632,2.5134565827408606,0.0,0,two_ankles,accepted,1.9578882455825806,2.62258243560791,0.0668693221436041
138,4.6,detected,2,5,0.8818756341934204,ankle_midpoint,1005.6611328125,605.6287231445312,0.9794264435768127,0.9837444424629211,3.4037210941314697,1.840709924697876,3.41738001573054,1.8117538053331281,0.0,0,two_ankles,accepted,3.4037210941314697,1.840709924697876,0.007895440051236305
138,4.6,detected,3,1,0.9041357636451721,ankle_midpoint,800.743896484375,892.9651489257812,0.9907451868057251,0.9921482801437378,2.1271352767944336,11.049118041992188,2.0714803529349006,11.085122541864802,0.0,0,two_ankles,accepted,2.1271352767944336,11.049118041992188,0.08824355444956387
138,4.6,detected,4,3,0.9007905125617981,ankle_midpoint,712.1702880859375,822.9668579101562,0.984208881855011,0.9749196171760559,1.4880837202072144,9.48693561553955,1.4516069742763917,9.808003555460232,0.0,0,two_ankles,accepted,1.4880837202072144,9.48693561553955,0.25639496894312724
139,4.633333333333334,detected,1,2,0.7131932973861694,ankle_midpoint,831.546630859375,627.98486328125,0.9348739385604858,0.9684370756149292,1.922349452972412,2.9436538219451904,1.9577975491508064,2.606684124468482,0.0,0,two_ankles,corrected_motion_outlier,1.9742217217843478,2.720628897691131,0.32303225985144524
139,4.633333333333334,detected,2,5,0.8857758045196533,ankle_midpoint,1005.0403442382812,605.3695068359375,0.9804743528366089,0.983071506023407,3.3984155654907227,1.8279974460601807,3.4088460131226226,1.8190634436603017,0.0,0,two_ankles,accepted,3.3984155654907227,1.8279974460601807,0.013775185925120835
139,4.633333333333334,detected,3,1,0.92167729139328,ankle_midpoint,811.3895263671875,891.064208984375,0.9922347068786621,0.9939809441566467,2.1853127479553223,11.008675575256348,2.1227049306940904,11.050721406890998,0.0,0,two_ankles,accepted,2.1853127479553223,11.008675575256348,0.0708534492198901
139,4.633333333333334,detected,4,3,0.889955997467041,ankle_midpoint,728.6756591796875,821.4822998046875,0.9820957183837891,0.9634875059127808,1.5873215198516846,9.448037147521973,1.5126785197852737,9.646018671888015,0.0,0,two_ankles,accepted,1.5873215198516846,9.448037147521973,0.10658907867314812
140,4.666666666666667,detected,1,2,0.6884942054748535,ankle_midpoint,824.6450805664062,643.4423828125,0.8242381811141968,0.8903115391731262,1.8978255987167358,3.628758668899536,1.9725384911266954,2.7020801803561234,0.1653733784615916,0,two_ankles,corrected_motion_outlier,1.9905551979861154,2.818675359774351,0.5039836639191433
140,4.666666666666667,detected,2,5,0.8875956535339355,ankle_midpoint,1004.7711791992188,605.3128051757812,0.981594443321228,0.9836475253105164,3.3960795402526855,1.8252475261688232,3.403101100331151,1.8218462807891367,0.0,0,two_ankles,accepted,3.3960795402526855,1.8252475261688232,0.0036081952998181168
140,4.666666666666667,detected,3,1,0.9270744323730469,ankle_midpoint,817.332275390625,889.0866088867188,0.9914548397064209,0.989870011806488,2.2169299125671387,10.967020988464355,2.1651061725369622,11.01305621859901,0.0,0,two_ankles,accepted,2.2169299125671387,10.967020988464355,0.05229483434243105
140,4.666666666666667,detected,4,3,0.8807567954063416,ankle_midpoint,737.258544921875,818.2898559570312,0.968914270401001,0.9385192394256592,1.634340524673462,9.367622375488281,1.5674264219849585,9.520740338508135,0.0,0,two_ankles,accepted,1.634340524673462,9.367622375488281,0.09315214638246871
141,4.7,detected,1,2,0.3519468903541565,ankle_midpoint,821.183349609375,658.876220703125,0.47441473603248596,0.6479368805885315,1.901985764503479,4.275259494781494,1.9879960735042297,2.7986689190317753,0.7125818247774335,0,two_ankles,corrected_motion_outlier,2.0068886741878824,2.9167218218575717,0.5512074170309561
141,4.7,detected,2,5,0.8952078819274902,ankle_midpoint,1004.482177734375,605.2100830078125,0.9824166297912598,0.9841108322143555,3.3935961723327637,1.8202158212661743,3.3988238827318766,1.8211125740038037,0.0,0,two_ankles,accepted,3.3935961723327637,1.8202158212661743,0.00561116480358921
141,4.7,detected,3,1,0.9224451184272766,ankle_midpoint,822.789306640625,883.414794921875,0.9646984934806824,0.9574966430664062,2.242079973220825,10.847829818725586,2.1997443828447008,10.93870433865597,0.0,0,two_ankles,accepted,2.242079973220825,10.847829818725586,0.12181568246568371
141,4.7,detected,4,3,0.8790372610092163,ankle_midpoint,750.2893676757812,804.8145751953125,0.9421167969703674,0.9275791049003601,1.6900811195373535,9.023633003234863,1.6205082636684947,9.39936319848191,0.0,0,two_ankles,corrected_motion_outlier,1.6853860701705943,9.251013360672076,0.34847625764043244
142,4.733333333333333,detected,2,5,0.8981091380119324,ankle_midpoint,1004.7173461914062,604.6739501953125,0.9837425947189331,0.9865368008613586,3.395994186401367,1.793494462966919,3.397550519383148,1.8086844240372058,0.0,0,two_ankles,accepted,3.395994186401367,1.793494462966919,0.02682874318395113
142,4.733333333333333,detected,3,1,0.9205166101455688,ankle_midpoint,834.0108032226562,885.797607421875,0.9920239448547363,0.993619978427887,2.3086891174316406,10.896450996398926,2.2487695134088237,10.9196903346403,0.0,0,two_ankles,accepted,2.3086891174316406,10.896450996398926,0.08246694495881175
142,4.733333333333333,detected,4,3,0.8575586080551147,ankle_midpoint,755.1180419921875,793.7299194335938,0.9095368385314941,0.8657674789428711,1.699524998664856,8.731717109680176,1.672673772068149,9.280131714800193,0.0,0,two_ankles,corrected_motion_outlier,1.7364316156677266,9.134404345855872,0.3196187270530358
142,4.733333333333333,predicted,1,,,motion_prediction,,,,,,,2.02322215038965,3.014768283940792,,1,,motion_prediction,2.02322215038965,3.014768283940792,
143,4.766666666666667,detected,2,5,0.8963088989257812,ankle_midpoint,1004.128173828125,604.301513671875,0.9821531176567078,0.985325276851654,3.391022205352783,1.7750840187072754,3.394612778069484,1.7935642416387372,0.0,0,two_ankles,accepted,3.391022205352783,1.7750840187072754,0.01907000402162833
143,4.766666666666667,detected,3,1,0.9225260615348816,ankle_midpoint,839.279052734375,886.2449951171875,0.9912760257720947,0.9935104250907898,2.339207172393799,10.905160903930664,2.2894664599520627,10.913152090820965,0.0,0,two_ankles,accepted,2.339207172393799,10.905160903930664,0.03173663762727142
143,4.766666666666667,detected,4,3,0.8524892330169678,ankle_midpoint,757.734375,791.8681640625,0.8378711342811584,0.7456187605857849,1.7128173112869263,8.681520462036133,1.6907383647165988,9.010756651056367,0.0,0,two_ankles,accepted,1.7128173112869263,8.681520462036133,0.23019181414151946
143,4.766666666666667,predicted,1,,,motion_prediction,,,,,,,2.0395556265914174,3.1128147460240125,,2,,motion_prediction,2.0395556265914174,3.1128147460240125,
144,4.8,detected,2,5,0.8949531316757202,ankle_midpoint,1001.7688598632812,603.4012451171875,0.9819234013557434,0.9860479831695557,3.3707070350646973,1.7307028770446777,3.38385519371733,1.7652766275714105,0.0,0,two_ankles,accepted,3.3707070350646973,1.7307028770446777,0.048809751885350645
144,4.8,detected,3,1,0.9193809032440186,ankle_midpoint,847.5201416015625,887.3404541015625,0.9833316802978516,0.9878828525543213,2.3872218132019043,10.927017211914062,2.3334563689144914,10.91939139531286,0.0,0,two_ankles,accepted,2.3872218132019043,10.927017211914062,0.05275513179394544
144,4.8,detected,4,3,0.8663596510887146,ankle_midpoint,756.9302368164062,784.5704345703125,0.8748772144317627,0.8653750419616699,1.6933213472366333,8.483847618103027,1.6919007068506144,8.773647586227364,0.0,0,two_ankles,accepted,1.6933213472366333,8.483847618103027,0.19863193560666972
144,4.8,predicted,1,,,motion_prediction,,,,,,,2.0558891027931847,3.210861208107233,,3,,motion_prediction,2.0558891027931847,3.210861208107233,
145,4.833333333333333,detected,2,5,0.8902567625045776,ankle_midpoint,999.2117919921875,601.825439453125,0.9798213243484497,0.9850010871887207,3.3489229679107666,1.65226149559021,3.3681356921043766,1.7144198181798704,0.0,0,two_ankles,accepted,3.3489229679107666,1.65226149559021,0.08141004794404853
145,4.833333333333333,detected,3,1,0.9196744561195374,ankle_midpoint,860.4422607421875,892.0209350585938,0.9899110198020935,0.9927144646644592,2.4645166397094727,11.022453308105469,2.392433490772233,10.965769256069535,0.0,0,two_ankles,accepted,2.4645166397094727,11.022453308105469,0.12281098754220014
145,4.833333333333333,detected,4,3,0.859569787979126,ankle_midpoint,761.2032470703125,786.9924926757812,0.920199453830719,0.9270001649856567,1.7259290218353271,8.549304962158203,1.7072134485937354,8.672693405396242,0.0,0,two_ankles,accepted,1.7259290218353271,8.549304962158203,0.07312950385099
145,4.833333333333333,predicted,1,,,motion_prediction,,,,,,,2.072222578994952,3.308907670190454,,4,,motion_prediction,2.072222578994952,3.308907670190454,
146,4.866666666666666,detected,2,5,0.8935649394989014,ankle_midpoint,998.1232299804688,600.684326171875,0.9804110527038574,0.9839576482772827,3.33984637260437,1.5949711799621582,3.355405498329374,1.6606679309819001,0.0,0,two_ankles,accepted,3.33984637260437,1.5949711799621582,0.058004869167319825
146,4.866666666666666,detected,3,1,0.9211446046829224,ankle_midpoint,860.9305419921875,891.8953857421875,0.9701655507087708,0.9751356244087219,2.4671905040740967,11.019806861877441,2.426074146758072,10.990086178683093,0.0,0,two_ankles,accepted,2.4671905040740967,11.019806861877441,0.003762077654467859
146,4.866666666666666,detected,4,3,0.8783940672874451,ankle_midpoint,758.9503784179688,784.519775390625,0.9278836250305176,0.9333550930023193,1.7064247131347656,8.48215389251709,1.706858517637199,8.586950624600624,0.0,0,two_ankles,accepted,1.7064247131347656,8.48215389251709,0.06992627697677352
146,4.866666666666666,predicted,1,,,motion_prediction,,,,,,,2.0885560551967193,3.406954132273674,,5,,motion_prediction,2.0885560551967193,3.406954132273674,
147,4.9,detected,2,5,0.8878583312034607,ankle_midpoint,996.7774658203125,600.7650756835938,0.9805099964141846,0.9803311228752136,3.3278491497039795,1.5993866920471191,3.3430051414479465,1.6330913734612489,0.0,0,two_ankles,accepted,3.3278491497039795,1.5993866920471191,0.012783978421997329
147,4.9,detected,3,1,0.9155703783035278,ankle_midpoint,870.076416015625,898.8302612304688,0.9685333967208862,0.9762100577354431,2.5238428115844727,11.160453796386719,2.4700700459299525,11.066751606649724,0.0,0,two_ankles,accepted,2.5238428115844727,11.160453796386719,0.15162797938740447
147,4.9,detected,4,3,0.8944125175476074,ankle_midpoint,767.748779296875,786.1785888671875,0.9469203352928162,0.9524799585342407,1.767042636871338,8.526154518127441,1.7339413712925618,8.559592376687693,0.0,0,two_ankles,accepted,1.767042636871338,8.526154518127441,0.07490385659120108
147,4.9,predicted,1,,,motion_prediction,,,,,,,2.1048895313984866,3.5050005943568943,,6,,motion_prediction,2.1048895313984866,3.5050005943568943,
148,4.933333333333334,detected,2,5,0.8877080678939819,ankle_midpoint,996.4251708984375,602.265869140625,0.9797496795654297,0.9785856008529663,3.324007034301758,1.6750980615615845,3.3344559932321616,1.6519943831064001,0.0,0,two_ankles,accepted,3.324007034301758,1.6750980615615845,0.07580879450644167
148,4.933333333333334,detected,3,1,0.9228810667991638,ankle_midpoint,870.8369140625,897.837158203125,0.9612372517585754,0.97569340467453,2.527446985244751,11.14021110534668,2.495889668621612,11.099808381063355,0.0,0,two_ankles,accepted,2.527446985244751,11.14021110534668,0.020561045895477248
148,4.933333333333334,detected,4,3,0.9014883637428284,ankle_midpoint,773.49365234375,787.5711669921875,0.9304940104484558,0.9348958134651184,1.8070311546325684,8.563182830810547,1.7668317737955648,8.561208081042977,0.0,0,two_ankles,accepted,1.8070311546325684,8.563182830810547,0.0544993347931704
148,4.933333333333334,predicted,1,,,motion_prediction,,,,,,,2.121223007600254,3.603047056440115,,7,,motion_prediction,2.121223007600254,3.603047056440115,
149,4.966666666666667,detected,2,5,0.8879396319389343,ankle_midpoint,995.841796875,602.2767944335938,0.9776439070701599,0.9753237962722778,3.318834066390991,1.6757911443710327,3.327426126153635,1.6627029256754848,0.0,0,two_ankles,accepted,3.318834066390991,1.6757911443710327,0.0052191915836241965
149,4.966666666666667,detected,3,1,0.9226298928260803,ankle_midpoint,871.303466796875,898.0350952148438,0.9615718722343445,0.974932849407196,2.530207872390747,11.14417552947998,2.511332860317723,11.119773597850838,0.0,0,two_ankles,accepted,2.530207872390747,11.14417552947998,0.004831061637117054
149,4.966666666666667,detected,4,3,0.8995107412338257,ankle_midpoint,775.8566284179688,786.4423828125,0.9532359838485718,0.9524652361869812,1.8203901052474976,8.532120704650879,1.7909330229489346,8.548118761666533,0.0,0,two_ankles,accepted,1.8203901052474976,8.532120704650879,0.0338129744786117
149,4.966666666666667,predicted,1,,,motion_prediction,,,,,,,2.1375564838020216,3.7010935185233356,,8,,motion_prediction,2.1375564838020216,3.7010935185233356,
150,5.0,detected,1,2,0.6915943622589111,ankle_midpoint,846.369873046875,666.2098388671875,0.5917165279388428,0.6347474455833435,2.115041494369507,4.564955234527588,2.0451665128936045,3.5934977610048913,0.11679997810398524,0,two_ankles,accepted,2.115041494369507,4.564955234527588,0.16239332467780854
150,5.0,detected,2,5,0.885562539100647,ankle_midpoint,996.3836669921875,599.7584838867188,0.9757851362228394,0.9766835570335388,3.324829578399658,1.5485159158706665,3.3262576796643457,1.6113187712633166,0.0,0,two_ankles,accepted,3.324829578399658,1.5485159158706665,0.12741636454579333
150,5.0,detected,3,1,0.9194172024726868,ankle_midpoint,871.482177734375,898.0972900390625,0.9603747129440308,0.9725680947303772,2.5312559604644775,11.145417213439941,2.520298255383763,11.131313224865934,0.0,0,two_ankles,accepted,2.5312559604644775,11.145417213439941,0.001624890047578703
150,5.0,detected,4,3,0.8982398509979248,ankle_midpoint,771.8795776367188,782.3062744140625,0.9220314621925354,0.906335175037384,1.7868496179580688,8.419364929199219,1.7890954907030452,8.490179537056243,0.0,0,two_ankles,accepted,1.7868496179580688,8.419364929199219,0.1176385531418911
151,5.033333333333333,detected,1,2,0.7540347576141357,ankle_midpoint,851.7202758789062,668.5201416015625,0.6510613560676575,0.6317890286445618,2.16080379486084,4.655250072479248,2.0972032897788604,4.071286301168352,0.0,0,two_ankles,accepted,2.16080379486084,4.655250072479248,0.1012291751768018
151,5.033333333333333,detected,2,5,0.8816783428192139,ankle_midpoint,995.9633178710938,599.7239990234375,0.974175214767456,0.9743776321411133,3.321103811264038,1.5468708276748657,3.3239384388842073,1.5823171966485137,0.0,0,two_ankles,accepted,3.321103811264038,1.5468708276748657,0.004072794608230325
151,5.033333333333333,detected,3,1,0.9193443655967712,ankle_midpoint,867.400634765625,896.2977294921875,0.9912659525871277,0.9927305579185486,2.5070130825042725,11.109289169311523,2.5143199275879926,11.12140239986645,0.0,0,two_ankles,accepted,2.5070130825042725,11.109289169311523,0.04350807631162648
151,5.033333333333333,detected,4,3,0.8988409042358398,ankle_midpoint,772.2189331054688,773.6025390625,0.9613298773765564,0.933819591999054,1.7727824449539185,8.176331520080566,1.7817546201159384,8.34894792941719,0.0,0,two_ankles,accepted,1.7727824449539185,8.176331520080566,0.24344018424278877
152,5.066666666666666,detected,1,2,0.8022434115409851,ankle_midpoint,853.7660522460938,664.7091064453125,0.605478048324585,0.5780743360519409,2.170914649963379,4.503693580627441,2.1303734018618936,4.265869576924942,0.0,0,two_ankles,accepted,2.170914649963379,4.503693580627441,0.15189338238821096
152,5.066666666666666,detected,2,5,0.8883062601089478,ankle_midpoint,995.8085327148438,599.4423828125,0.9733225703239441,0.9736180305480957,3.319857597351074,1.5326123237609863,3.3221020601942977,1.5599500038491265,0.0,0,two_ankles,accepted,3.319857597351074,1.5326123237609863,0.01431286075454445
152,5.066666666666666,detected,3,1,0.9198326468467712,ankle_midpoint,866.7564086914062,895.5792236328125,0.991273820400238,0.9933980703353882,2.502868175506592,11.094700813293457,2.5091666391513625,11.109386685908603,0.0,0,two_ankles,accepted,2.502868175506592,11.094700813293457,0.015165763592027816
152,5.066666666666666,detected,4,3,0.8948374390602112,ankle_midpoint,776.9627685546875,777.8411254882812,0.9829734563827515,0.9660636782646179,1.812076449394226,8.294692039489746,1.795399443291168,8.324532778949841,0.0,0,two_ankles,accepted,1.812076449394226,8.294692039489746,0.12471259495241736
153,5.1,detected,1,2,0.8129830360412598,ankle_midpoint,859.2659912109375,646.177978515625,0.6664645671844482,0.6612618565559387,2.185776710510254,3.738340377807617,2.1577843139797857,4.38115193366354,0.13373158207187597,0,two_ankles,corrected_motion_outlier,2.1912865399016535,4.5220525918996035,0.7654974891599985
153,5.1,detected,2,5,0.8887551426887512,ankle_midpoint,995.6995849609375,602.152587890625,0.9855073690414429,0.9855939745903015,3.317631483078003,1.6695845127105713,3.320090300491965,1.6092855328367768,0.0,0,two_ankles,accepted,3.317631483078003,1.6695845127105713,0.1369902775031775
153,5.1,detected,3,1,0.9202401041984558,ankle_midpoint,869.6153564453125,891.0474853515625,0.9754990339279175,0.9853566288948059,2.5158634185791016,11.001253128051758,2.5121801898938454,11.060726584873024,0.0,0,two_ankles,accepted,2.5158634185791016,11.001253128051758,0.09434694600009744
153,5.1,detected,4,3,0.9106109142303467,ankle_midpoint,775.5987548828125,776.4586181640625,0.9815523028373718,0.9581283330917358,1.8005245923995972,8.256217002868652,1.7977057603899613,8.293790679713307,0.0,0,two_ankles,accepted,1.8005245923995972,8.256217002868652,0.0401718040797132
154,5.133333333333334,detected,1,2,0.7891244888305664,ankle_midpoint,862.9993896484375,649.5347900390625,0.7934049367904663,0.8292830586433411,2.2213432788848877,3.8796966075897217,2.18202766611685,4.452818784942242,0.01078597267799497,0,two_ankles,corrected_motion_outlier,2.211658429839928,4.540411603171766,0.3130156821052022
154,5.133333333333334,detected,2,5,0.8899868726730347,ankle_midpoint,997.4194946289062,600.5419921875,0.9845007658004761,0.9853641390800476,3.33366322517395,1.5879485607147217,3.3261981165988583,1.599683895381852,0.0,0,two_ankles,accepted,3.33366322517395,1.5879485607147217,0.08319522470009699
154,5.133333333333334,detected,3,1,0.9185591340065002,ankle_midpoint,870.5130615234375,884.8453369140625,0.9861122965812683,0.9889637231826782,2.5166335105895996,10.872013092041016,2.5141841842069352,10.97580551309862,0.0,0,two_ankles,accepted,2.5166335105895996,10.872013092041016,0.12924233033245172
154,5.133333333333334,detected,4,3,0.9088156819343567,ankle_midpoint,773.9248046875,773.9527587890625,0.9874351024627686,0.9687196016311646,1.784767746925354,8.185961723327637,1.791883654330888,8.245267649339755,0.0,0,two_ankles,accepted,1.784767746925354,8.185961723327637,0.07200057279414815
155,5.166666666666667,detected,1,2,0.8128656148910522,ankle_midpoint,865.39892578125,652.492431640625,0.8624511957168579,0.8925212025642395,2.2451579570770264,4.003052234649658,2.210436297048929,4.25042383731058,0.0,0,two_ankles,accepted,2.2451579570770264,4.003052234649658,0.16870547180535858
155,5.166666666666667,detected,2,5,0.8882811069488525,ankle_midpoint,997.544677734375,599.5579833984375,0.979686439037323,0.9802058935165405,3.3352644443511963,1.5380505323410034,3.3302779640874105,1.5719488820134702,0.0,0,two_ankles,accepted,3.3352644443511963,1.5380505323410034,0.049923713187602275
155,5.166666666666667,detected,3,1,0.9203227758407593,ankle_midpoint,871.722900390625,881.872314453125,0.9854678511619568,0.9888342022895813,2.521484613418579,10.809250831604004,2.5174693773521755,10.900855906426044,0.0,0,two_ankles,accepted,2.521484613418579,10.809250831604004,0.06294946015511665
155,5.166666666666667,detected,4,3,0.8967668414115906,ankle_midpoint,773.74072265625,773.437744140625,0.9893280863761902,0.9725269675254822,1.7825775146484375,8.17143440246582,1.7876958914737853,8.212042688246484,0.0,0,two_ankles,accepted,1.7825775146484375,8.17143440246582,0.014691499884253242
156,5.2,detected,1,2,0.8472780585289001,ankle_midpoint,871.3636474609375,658.8322143554688,0.9207718372344971,0.9344658255577087,2.3019301891326904,4.263027191162109,2.2516085484866215,4.256095346543768,0.0,0,two_ankles,accepted,2.3019301891326904,4.263027191162109,0.26610160530562954
156,5.2,detected,2,5,0.8934914469718933,ankle_midpoint,1001.99462890625,598.181640625,0.9820587038993835,0.9796633124351501,3.37568736076355,1.4668667316436768,3.350712192591673,1.5246619143470632,0.0,0,two_ankles,accepted,3.37568736076355,1.4668667316436768,0.08186052560909221
156,5.2,detected,3,1,0.916246235370636,ankle_midpoint,874.0573120117188,877.7330322265625,0.9830390214920044,0.985215425491333,2.5320522785186768,10.721003532409668,2.5240316828771014,10.819922338118676,0.0,0,two_ankles,accepted,2.5320522785186768,10.721003532409668,0.08887778890567917
156,5.2,detected,4,3,0.8594022393226624,ankle_midpoint,771.264404296875,772.80615234375,0.9883862137794495,0.9702221751213074,1.764925479888916,8.153940200805664,1.7774492062605942,8.185896568898116,0.0,0,two_ankles,accepted,1.764925479888916,8.153940200805664,0.024852392699246655
157,5.233333333333333,detected,1,2,0.8172044157981873,ankle_midpoint,874.9957885742188,668.9766235351562,0.8990635275840759,0.8934960961341858,2.3438875675201416,4.668513298034668,2.2896016717558876,4.286566853359361,0.0,0,two_ankles,corrected_motion_outlier,2.336037711307212,4.323809806133974,0.40765108176946097
157,5.233333333333333,detected,2,5,0.8955134749412537,ankle_midpoint,1007.485595703125,598.7691650390625,0.9711793065071106,0.958329975605011,3.4243276119232178,1.4954543113708496,3.383839131290868,1.5115184930077672,0.0,0,two_ankles,accepted,3.4243276119232178,1.4954543113708496,0.056419178898075475
157,5.233333333333333,detected,3,1,0.9129011034965515,ankle_midpoint,875.942138671875,874.5370483398438,0.9774565100669861,0.9805704951286316,2.5407655239105225,10.6522216796875,2.5315619113421413,10.744457041824647,0.0,0,two_ankles,accepted,2.5407655239105225,10.6522216796875,0.06933155060398206
157,5.233333333333333,detected,4,3,0.8957662582397461,ankle_midpoint,761.3539428710938,769.2916259765625,0.987485945224762,0.9566126465797424,1.6919628381729126,8.055399894714355,1.7389803406211377,8.127173065515425,0.0,0,two_ankles,accepted,1.6919628381729126,8.055399894714355,0.12261214870781227
158,5.266666666666667,detected,1,2,0.8810880184173584,ankle_midpoint,881.9847412109375,663.986328125,0.7854620814323425,0.7924259901046753,2.3927924633026123,4.4690165519714355,2.3360375279519134,4.368669217734794,0.0,0,two_ankles,accepted,2.3927924633026123,4.4690165519714355,0.11256950034752398
158,5.266666666666667,detected,2,5,0.8880297541618347,ankle_midpoint,1008.7347412109375,598.8419189453125,0.9800737500190735,0.9673423171043396,3.435419797897339,1.4988478422164917,3.40705043126378,1.5058167001516933,0.0,0,two_ankles,accepted,3.435419797897339,1.4988478422164917,0.011599682809663937
158,5.266666666666667,detected,3,1,0.910171627998352,ankle_midpoint,876.69775390625,874.8990478515625,0.9756444096565247,0.9789831638336182,2.5453908443450928,10.659918785095215,2.5377849311934697,10.706414826296403,0.0,0,two_ankles,accepted,2.5453908443450928,10.659918785095215,0.008979923205680926
158,5.266666666666667,detected,4,3,0.9028322696685791,ankle_midpoint,761.6018676757812,772.0484619140625,0.9868170619010925,0.9524977803230286,1.699173927307129,8.133953094482422,1.721067454629834,8.130224078550574,0.0,0,two_ankles,accepted,1.699173927307129,8.133953094482422,0.07888349003627666
159,5.3,detected,1,2,0.8580635786056519,ankle_midpoint,888.15234375,668.2386474609375,0.8647681474685669,0.8257257342338562,2.4461915493011475,4.6367692947387695,2.385606837559069,4.489314252386583,0.0,0,two_ankles,accepted,2.4461915493011475,4.6367692947387695,0.1760467128106693
159,5.3,detected,2,5,0.8737426400184631,ankle_midpoint,1010.3548583984375,600.80517578125,0.9733128547668457,0.9593428373336792,3.4484593868255615,1.59804368019104,3.4256844612665818,1.5473188411693994,0.0,0,two_ankles,accepted,3.4484593868255615,1.59804368019104,0.10004921364453533
159,5.3,detected,3,1,0.9167466759681702,ankle_midpoint,878.9224853515625,876.5261840820312,0.9763594269752502,0.9786639213562012,2.559354066848755,10.694576263427734,2.547491042238348,10.701087473005503,0.0,0,two_ankles,accepted,2.559354066848755,10.694576263427734,0.03736458733956307
159,5.3,detected,4,3,0.9021787643432617,ankle_midpoint,763.20458984375,770.7752685546875,0.9921903014183044,0.9630041718482971,1.7072995901107788,8.097484588623047,1.7148719155962593,8.115491308083188,0.0,0,two_ankles,accepted,1.7072995901107788,8.097484588623047,0.037362793198767785
160,5.333333333333333,detected,1,2,0.8810778856277466,ankle_midpoint,884.5654907226562,662.8783569335938,0.9219268560409546,0.911650538444519,2.411914825439453,4.424042224884033,2.3974454321052416,4.459941840010436,0.0,0,two_ankles,accepted,2.411914825439453,4.424042224884033,0.21547087981366
160,5.333333333333333,detected,2,5,0.8825830817222595,ankle_midpoint,1011.346923828125,601.151611328125,0.9638570547103882,0.9422681331634521,3.4570205211639404,1.6152945756912231,3.439785688220393,1.5779079217042202,0.0,0,two_ankles,accepted,3.4570205211639404,1.6152945756912231,0.019258411583461605
160,5.333333333333333,detected,3,1,0.9168384671211243,ankle_midpoint,882.6263427734375,878.2347412109375,0.980715274810791,0.9807055592536926,2.581847906112671,10.730645179748535,2.5629516309817935,10.714388441039869,0.0,0,two_ankles,accepted,2.581847906112671,10.730645179748535,0.04250811133640048
160,5.333333333333333,detected,4,3,0.9008716940879822,ankle_midpoint,763.0567626953125,769.9602661132812,0.9910466074943542,0.9619734883308411,1.7046819925308228,8.07425308227539,1.710286450216813,8.09693410646968,0.0,0,two_ankles,accepted,1.7046819925308228,8.07425308227539,0.02337850945359401
161,5.366666666666666,detected,1,2,0.8834882378578186,ankle_midpoint,884.9866943359375,663.1923828125,0.9205119609832764,0.9386206865310669,2.4156112670898438,4.436569690704346,2.4056200578483127,4.449424372822696,0.0,0,two_ankles,accepted,2.4156112670898438,4.436569690704346,0.013061434865811662
161,5.366666666666666,detected,2,5,0.8861732482910156,ankle_midpoint,1011.3654174804688,601.9284057617188,0.976606011390686,0.9587498903274536,3.4566168785095215,1.65443754196167,3.447359723850501,1.6123462508200728,0.0,0,two_ankles,accepted,3.4566168785095215,1.65443754196167,0.03914504739864036
161,5.366666666666666,detected,3,1,0.9187408089637756,ankle_midpoint,883.0706787109375,880.0087890625,0.9886307716369629,0.9878513216972351,2.5855159759521484,10.768356323242188,2.5731055862184533,10.738673988030913,0.0,0,two_ankles,accepted,2.5855159759521484,10.768356323242188,0.03788911558675027
161,5.366666666666666,detected,4,3,0.9023245573043823,ankle_midpoint,765.29833984375,768.7110595703125,0.9883281588554382,0.9533739686012268,1.7171627283096313,8.0381498336792,1.7133807753585812,8.070481183713964,0.0,0,two_ankles,accepted,1.7171627283096313,8.0381498336792,0.038199650846294786
162,5.4,detected,1,2,0.8889114856719971,ankle_midpoint,891.551513671875,663.3248901367188,0.9591152667999268,0.9609339237213135,2.4677155017852783,4.4405388832092285,2.4335630076199473,4.445425902496636,0.0,0,two_ankles,accepted,2.4677155017852783,4.4405388832092285,0.05225519842405869
162,5.4,detected,2,5,0.8859339356422424,ankle_midpoint,1008.3543701171875,600.9476318359375,0.9707030653953552,0.9611321687698364,3.4305875301361084,1.605737566947937,3.4398122366790247,1.6093723430776117,0.0,0,two_ankles,accepted,3.4305875301361084,1.605737566947937,0.05521969343524747
162,5.4,detected,3,1,0.9198246002197266,ankle_midpoint,883.8399658203125,878.96826171875,0.9882728457450867,0.986515998840332,2.5893046855926514,10.746129989624023,2.5803951809368426,10.742029188747813,0.0,0,two_ankles,accepted,2.5893046855926514,10.746129989624023,0.022546933867955744
162,5.4,detected,4,3,0.9080467820167542,ankle_midpoint,768.971923828125,763.4412231445312,0.9830513000488281,0.9162982702255249,1.7313499450683594,7.885293006896973,1.7214669017279816,7.9871465041463185,0.0,0,two_ankles,accepted,1.7313499450683594,7.885293006896973,0.1535137994230185
163,5.433333333333334,detected,1,2,0.884876012802124,ankle_midpoint,894.4688720703125,661.5557861328125,0.964603841304779,0.9662261009216309,2.488999128341675,4.368719577789307,2.458509261944725,4.410908056378338,0.0,0,two_ankles,accepted,2.488999128341675,4.368719577789307,0.07490664450095309
163,5.433333333333334,detected,2,5,0.8892993927001953,ankle_midpoint,1008.15478515625,600.48583984375,0.9675806760787964,0.9611087441444397,3.4291279315948486,1.5824413299560547,3.435004299391146,1.597253387172911,0.0,0,two_ankles,accepted,3.4291279315948486,1.5824413299560547,0.023341916928212945
163,5.433333333333334,detected,3,1,0.9209569096565247,ankle_midpoint,883.8985595703125,880.1265258789062,0.9884446859359741,0.9845116138458252,2.590355396270752,10.770753860473633,2.5848772778371023,10.754955291024432,0.0,0,two_ankles,accepted,2.590355396270752,10.770753860473633,0.02464627778280763
163,5.433333333333334,detected,4,3,0.9095656871795654,ankle_midpoint,771.962158203125,757.2830810546875,0.9851865172386169,0.9352115392684937,1.7393516302108765,7.703840732574463,1.7295150295452844,7.859658906938984,0.0,0,two_ankles,accepted,1.7393516302108765,7.703840732574463,0.18162861784953194
164,5.466666666666667,detected,1,2,0.8948174715042114,ankle_midpoint,894.15771484375,660.624755859375,0.9726821184158325,0.9748099446296692,2.4855706691741943,4.331127643585205,2.470686895197986,4.375006870621428,0.0,0,two_ankles,accepted,2.4855706691741943,4.331127643585205,0.03774795159301471
164,5.466666666666667,detected,2,5,0.883644163608551,ankle_midpoint,1007.8568115234375,602.8336181640625,0.974835216999054,0.9633079767227173,3.4249043464660645,1.70077383518219,3.430459320574859,1.6438375887770866,0.0,0,two_ankles,accepted,3.4249043464660645,1.70077383518219,0.11840785643036282
164,5.466666666666667,detected,3,1,0.9209218621253967,ankle_midpoint,882.61083984375,881.076904296875,0.9929581880569458,0.9908460974693298,2.583534002304077,10.791070938110352,2.584272803847241,10.771207332213097,0.0,0,two_ankles,accepted,2.583534002304077,10.791070938110352,0.021431636879740302
164,5.466666666666667,detected,4,3,0.9117360711097717,ankle_midpoint,775.962646484375,755.1435546875,0.9823317527770996,0.9254535436630249,1.7623729705810547,7.639537334442139,1.744301103011381,7.760604199315404,0.0,0,two_ankles,accepted,1.7623729705810547,7.639537334442139,0.06830013999842018
165,5.5,detected,1,2,0.8885006904602051,ankle_midpoint,895.2813110351562,658.709228515625,0.9807377457618713,0.9783952236175537,2.492553234100342,4.2530341148376465,2.4805267477040465,4.3201191305187265,0.0,0,two_ankles,accepted,2.492553234100342,4.2530341148376465,0.07840507282818902
165,5.5,detected,2,5,0.8853810429573059,ankle_midpoint,1009.4248657226562,603.947265625,0.9705914258956909,0.9668644666671753,3.4380106925964355,1.7561092376708984,3.4338574379845688,1.6943598307793022,0.0,0,two_ankles,accepted,3.4380106925964355,1.7561092376708984,0.05686636156355055
165,5.5,detected,3,1,0.919204831123352,ankle_midpoint,884.3627319335938,878.503662109375,0.9915820956230164,0.9885174036026001,2.592033624649048,10.736165046691895,2.587765173208054,10.755438303728557,0.0,0,two_ankles,accepted,2.592033624649048,10.736165046691895,0.05555988204147412
165,5.5,detected,4,3,0.8985081911087036,ankle_midpoint,786.0317993164062,760.9193725585938,0.9703361988067627,0.9046283960342407,1.8417353630065918,7.8088531494140625,1.7881465200092261,7.782316226859801,0.0,0,two_ankles,accepted,1.8417353630065918,7.8088531494140625,0.18699260555196212
166,5.533333333333333,detected,1,2,0.8858597278594971,ankle_midpoint,898.4862060546875,658.1071166992188,0.9932667016983032,0.9926924705505371,2.5175328254699707,4.227784156799316,2.4971794826987126,4.278568392344992,0.0,0,two_ankles,accepted,2.5175328254699707,4.227784156799316,0.035518169518305255
166,5.533333333333333,detected,2,5,0.8903518319129944,ankle_midpoint,1005.0977783203125,602.9393310546875,0.9725044965744019,0.9677899479866028,3.400421142578125,1.7067534923553467,3.4188111050516694,1.6999369784885223,0.0,0,two_ankles,accepted,3.400421142578125,1.7067534923553467,0.062040018264283896
166,5.533333333333333,detected,3,1,0.9189464449882507,ankle_midpoint,886.0248413085938,875.139404296875,0.9908120036125183,0.9869503378868103,2.5995893478393555,10.663919448852539,2.59308605179214,10.714254819034348,0.0,0,two_ankles,accepted,2.5995893478393555,10.663919448852539,0.07263962665167295
166,5.533333333333333,detected,4,3,0.8791569471359253,ankle_midpoint,801.0145263671875,758.7281494140625,0.9607174396514893,0.8963377475738525,1.9394161701202393,7.7419352531433105,1.8562178625591823,7.76414478868738,0.0,0,two_ankles,accepted,1.9394161701202393,7.7419352531433105,0.1184041592161218
167,5.566666666666666,detected,1,2,0.8995746970176697,ankle_midpoint,900.2008056640625,659.8633422851562,0.9924242496490479,0.9869536757469177,2.53290057182312,4.298986434936523,2.513253972804696,4.287756511511182,0.0,0,two_ankles,accepted,2.53290057182312,4.298986434936523,0.0728418289165156
167,5.566666666666666,detected,2,5,0.8934996724128723,ankle_midpoint,1003.9661865234375,601.4254150390625,0.9777969717979431,0.9746723175048828,3.3913209438323975,1.630934715270996,3.406440532502997,1.6688859600406356,0.0,0,two_ankles,accepted,3.3913209438323975,1.630934715270996,0.07636295290111683
167,5.566666666666666,detected,3,1,0.9191766381263733,ankle_midpoint,886.5445556640625,874.544921875,0.9906222224235535,0.9879714846611023,2.6022415161132812,10.651061058044434,2.5972060107366537,10.685817626588888,0.0,0,two_ankles,accepted,2.6022415161132812,10.651061058044434,0.01312905978077599
167,5.566666666666666,detected,4,3,0.8774778842926025,ankle_midpoint,805.5902099609375,758.5082397460938,0.9630847573280334,0.9040741920471191,1.9701169729232788,7.734700679779053,1.907472462223026,7.750894939678634,0.0,0,two_ankles,accepted,1.9701169729232788,7.734700679779053,0.03154169216313465
168,5.6,detected,1,2,0.8590173125267029,ankle_midpoint,901.7943115234375,658.2138671875,0.9914041757583618,0.9901874661445618,2.544053792953491,4.231456279754639,2.527113891871654,4.262421407220738,0.0,0,two_ankles,accepted,2.544053792953491,4.231456279754639,0.0684449866715773
168,5.6,detected,2,5,0.8934193253517151,ankle_midpoint,1005.8704223632812,600.4951171875,0.9810906052589417,0.9799485802650452,3.4088127613067627,1.5834782123565674,3.4075080354646916,1.630452473582805,0.0,0,two_ankles,accepted,3.4088127613067627,1.5834782123565674,0.05057749842987185
168,5.6,detected,3,1,0.9214534163475037,ankle_midpoint,887.9052734375,871.4935913085938,0.9911852478981018,0.9899258613586426,2.608311653137207,10.584918975830078,2.602203549816903,10.640413233747424,0.0,0,two_ankles,accepted,2.608311653137207,10.584918975830078,0.06642003916846025
168,5.6,detected,4,3,0.8943531513214111,ankle_midpoint,811.821044921875,759.7950439453125,0.9502498507499695,0.8659210801124573,2.0144643783569336,7.771669387817383,1.9556188244832844,7.760243441341071,0.0,0,two_ankles,accepted,2.0144643783569336,7.771669387817383,0.057735411514253925
169,5.633333333333334,detected,1,2,0.8845086097717285,ankle_midpoint,902.3496704101562,663.1087646484375,0.9898909330368042,0.988519012928009,2.55298113822937,4.429641246795654,2.5387541527326265,4.3376703350294505,0.0,0,two_ankles,accepted,2.55298113822937,4.429641246795654,0.19838593361103807
169,5.633333333333334,detected,2,5,0.8820136785507202,ankle_midpoint,1007.2635498046875,600.589111328125,0.9827575087547302,0.9828627705574036,3.421135663986206,1.587887167930603,3.4136404682993735,1.6112980860393142,0.0,0,two_ankles,accepted,3.421135663986206,1.587887167930603,0.013087888282715905
169,5.633333333333334,detected,3,1,0.9166356921195984,ankle_midpoint,888.575927734375,873.416015625,0.9933167695999146,0.9911608099937439,2.613353729248047,10.626458168029785,2.6072211305609176,10.634133454174487,0.0,0,two_ankles,accepted,2.613353729248047,10.626458168029785,0.04184407986933998
169,5.633333333333334,detected,4,3,0.8831117749214172,ankle_midpoint,815.3314819335938,765.13134765625,0.9567944407463074,0.9072405099868774,2.046421766281128,7.927046298980713,1.996480148292314,7.83530472727891,0.0,0,two_ankles,accepted,2.046421766281128,7.927046298980713,0.158629313702086
170,5.666666666666667,detected,1,2,0.862521231174469,ankle_midpoint,897.1990966796875,664.8604125976562,0.984452486038208,0.9866995811462402,2.5139126777648926,4.500844478607178,2.5275754889971465,4.411098699639428,0.0,0,two_ankles,accepted,2.5139126777648926,4.500844478607178,0.08121726924410835
170,5.666666666666667,detected,2,5,0.879753589630127,ankle_midpoint,1010.1595458984375,604.8685913085938,0.9770601987838745,0.9785079956054688,3.4438517093658447,1.8018478155136108,3.4272355267792856,1.697045464302748,0.0,0,two_ankles,accepted,3.4438517093658447,1.8018478155136108,0.21516314143419144
170,5.666666666666667,detected,3,1,0.9263662099838257,ankle_midpoint,893.2188720703125,875.93212890625,0.9769641757011414,0.9681345224380493,2.641709327697754,10.680048942565918,2.622740819272494,10.654795423950631,0.0,0,two_ankles,accepted,2.641709327697754,10.680048942565918,0.06063011692899535
170,5.666666666666667,detected,4,3,0.8839083909988403,ankle_midpoint,814.2822265625,766.1029663085938,0.9468772411346436,0.8964048624038696,2.0408473014831543,7.9553422927856445,2.0164453672281923,7.889321631756941,0.0,0,two_ankles,accepted,2.0408473014831543,7.9553422927856445,0.02883986690663771
171,5.7,detected,1,2,0.8526399731636047,ankle_midpoint,901.0948486328125,661.7753295898438,0.9886915683746338,0.9933978319168091,2.54180645942688,4.376214027404785,2.533979425690527,4.39540059713384,0.0,0,two_ankles,accepted,2.54180645942688,4.376214027404785,0.12771379104199584
171,5.7,detected,2,5,0.8259733319282532,ankle_midpoint,1014.523193359375,605.8902587890625,0.98311448097229,0.984946608543396,3.4815313816070557,1.8515123128890991,3.451668661451782,1.766555546166606,0.0,0,two_ankles,accepted,3.4815313816070557,1.8515123128890991,0.06234035610874359
171,5.7,detected,3,1,0.9307461977005005,ankle_midpoint,894.34912109375,881.249755859375,0.9680092930793762,0.953033447265625,2.6511292457580566,10.793277740478516,2.635515611190997,10.71711246638818,0.0,0,two_ankles,accepted,2.6511292457580566,10.793277740478516,0.11361996097955103
171,5.7,detected,4,3,0.8913673162460327,ankle_midpoint,812.7652587890625,765.995849609375,0.9454600214958191,0.9114847183227539,2.0304949283599854,7.952485084533691,2.022767669737499,7.917745185506479,0.0,0,two_ankles,accepted,2.0304949283599854,7.952485084533691,0.010739425882063704
172,5.733333333333333,detected,1,2,0.8512483239173889,ankle_midpoint,902.8978271484375,660.3048095703125,0.9907315373420715,0.9956502318382263,2.5547783374786377,4.316347122192383,2.543338935995177,4.3598265334101844,0.0,0,two_ankles,accepted,2.5547783374786377,4.316347122192383,0.06125615038427115
172,5.733333333333333,detected,2,5,0.8179811835289001,ankle_midpoint,1015.6414794921875,608.2174072265625,0.984093427658081,0.9859180450439453,3.4895379543304443,1.966062307357788,3.46870984324718,1.856333588702638,0.0,0,two_ankles,accepted,3.4895379543304443,1.966062307357788,0.11482946677378408
172,5.733333333333333,detected,3,1,0.9207288026809692,ankle_midpoint,895.8050537109375,885.3548583984375,0.9868972897529602,0.9837347269058228,2.6616528034210205,10.87958812713623,2.6472773476945077,10.790226513724804,0.0,0,two_ankles,accepted,2.6616528034210205,10.87958812713623,0.08694957222948234
172,5.733333333333333,detected,4,3,0.8964024186134338,ankle_midpoint,814.6727294921875,767.0684204101562,0.9464398622512817,0.9228227138519287,2.0449349880218506,7.983152866363525,2.0327429629654574,7.94717864189215,0.0,0,two_ankles,accepted,2.0449349880218506,7.983152866363525,0.03389731796765819
173,5.766666666666667,detected,1,2,0.8524699807167053,ankle_midpoint,904.776123046875,658.181640625,0.9906376600265503,0.9962726831436157,2.5678365230560303,4.229517459869385,2.554362850172561,4.301187450316824,0.0,0,two_ankles,accepted,2.5678365230560303,4.229517459869385,0.08780607307982455
173,5.766666666666667,detected,2,5,0.8035727143287659,ankle_midpoint,1015.2044677734375,609.2103881835938,0.985093355178833,0.986971914768219,3.4849398136138916,2.0148518085479736,3.4760133299122007,1.9276667876330391,0.0,0,two_ankles,accepted,3.4849398136138916,2.0148518085479736,0.049005696856960795
173,5.766666666666667,detected,3,1,0.9191591739654541,ankle_midpoint,896.4141845703125,885.1109008789062,0.9882120490074158,0.9847689867019653,2.665010929107666,10.874398231506348,2.6552574593304294,10.8281037867265,0.0,0,two_ankles,accepted,2.665010929107666,10.874398231506348,0.006181587561167849
173,5.766666666666667,detected,4,3,0.8931223750114441,ankle_midpoint,814.2095947265625,766.979248046875,0.8772059082984924,0.847995400428772,2.0416934490203857,7.980655193328857,2.036770681690175,7.962243090038669,0.0,0,two_ankles,accepted,2.0416934490203857,7.980655193328857,0.004092181042686796
174,5.8,detected,1,2,0.8751589059829712,ankle_midpoint,907.2315673828125,658.082275390625,0.9849855899810791,0.9908595681190491,2.5873610973358154,4.224944114685059,2.5692120613960254,4.26687794928253,0.0,0,two_ankles,accepted,2.5873610973358154,4.224944114685059,0.020053041838630055
174,5.8,detected,2,5,0.8101203441619873,ankle_midpoint,1008.7266235351562,605.732177734375,0.9779449105262756,0.9710723161697388,3.430635690689087,1.845091700553894,3.4555933922617994,1.8905079984474238,0.0,0,two_ankles,accepted,3.430635690689087,1.845091700553894,0.17823420556333697
174,5.8,detected,3,1,0.918832004070282,ankle_midpoint,896.880859375,882.8627319335938,0.9891666769981384,0.9856399297714233,2.6665217876434326,10.827054023742676,2.660326407071281,10.82763139338378,0.0,0,two_ankles,accepted,2.6665217876434326,10.827054023742676,0.047368309050301
174,5.8,detected,4,3,0.8920374512672424,ankle_midpoint,817.0025634765625,768.927490234375,0.8691526055335999,0.840492844581604,2.0633270740509033,8.036235809326172,2.048721058252503,7.995539813718047,0.0,0,two_ankles,accepted,2.0633270740509033,8.036235809326172,0.059642422876690415
175,5.833333333333333,detected,1,2,0.8886669278144836,ankle_midpoint,914.9381103515625,655.1683959960938,0.9952288866043091,0.997465968132019,2.6467230319976807,4.103597640991211,2.6040919981667705,4.193401810551436,0.0,0,two_ankles,accepted,2.6467230319976807,4.103597640991211,0.13508814146597478
175,5.833333333333333,detected,2,5,0.7744224071502686,ankle_midpoint,1011.188232421875,607.6861572265625,0.979340672492981,0.9436275362968445,3.4509060382843018,1.94102144241333,3.4534840829719258,1.9132390482320818,0.0,0,two_ankles,accepted,3.4509060382843018,1.94102144241333,0.09804795951394842
175,5.833333333333333,detected,3,1,0.9203459024429321,ankle_midpoint,900.1323852539062,885.1019897460938,0.9776412844657898,0.9801608920097351,2.6862823963165283,10.873753547668457,2.6720066022316424,10.848386362811885,0.0,0,two_ankles,accepted,2.6862823963165283,10.873753547668457,0.05070825563974608
175,5.833333333333333,detected,4,3,0.8992659449577332,ankle_midpoint,817.9228515625,769.4293212890625,0.888268768787384,0.8814460039138794,2.0702223777770996,8.050470352172852,2.0583966520385713,8.020258556022709,0.0,0,two_ankles,accepted,2.0702223777770996,8.050470352172852,0.015816681811633447
176,5.866666666666666,detected,1,2,0.8978819251060486,ankle_midpoint,920.841796875,654.810546875,0.995324969291687,0.9971278309822083,2.693885087966919,4.087564468383789,2.6444988885768375,4.145775006575995,0.0,0,two_ankles,accepted,2.693885087966919,4.087564468383789,0.04981287129954413
176,5.866666666666666,detected,2,5,0.7456379532814026,ankle_midpoint,1010.2351684570312,606.2164306640625,0.9808712601661682,0.936762809753418,3.4435737133026123,1.8687134981155396,3.449024416620735,1.893202550679638,0.0,0,two_ankles,accepted,3.4435737133026123,1.8687134981155396,0.0726787575444812
176,5.866666666666666,detected,3,1,0.9221959710121155,ankle_midpoint,900.943603515625,886.3922119140625,0.9796695709228516,0.9818601012229919,2.69154953956604,10.900673866271973,2.6808009240321216,10.871915739368925,0.0,0,two_ankles,accepted,2.69154953956604,10.900673866271973,0.027430755580655563
176,5.866666666666666,detected,4,3,0.9067944884300232,ankle_midpoint,817.0189208984375,768.0301513671875,0.8894127011299133,0.8878781795501709,2.062103033065796,8.010470390319824,2.0600645235008224,8.015853881456412,0.0,0,two_ankles,accepted,2.062103033065796,8.010470390319824,0.04081569191848422
177,5.9,detected,1,2,0.8878182768821716,ankle_midpoint,936.5223388671875,650.8621215820312,0.9935594797134399,0.9947052597999573,2.8180768489837646,3.9197864532470703,2.722608970759955,4.044080157577979,0.0,0,two_ankles,accepted,2.8180768489837646,3.9197864532470703,0.20874160071169892
177,5.9,detected,2,5,0.6924455761909485,ankle_midpoint,1014.727294921875,601.0523681640625,0.9725478887557983,0.8760542273521423,3.4871156215667725,1.6094462871551514,3.466165458846452,1.7655122320936192,0.0,0,two_ankles,accepted,3.4871156215667725,1.6094462871551514,0.26289804954480545
177,5.9,detected,3,1,0.9200518727302551,ankle_midpoint,904.215576171875,886.754150390625,0.9851340055465698,0.9834166765213013,2.71040940284729,10.907835960388184,2.694124739498948,10.888079838827592,0.0,0,two_ankles,accepted,2.71040940284729,10.907835960388184,0.020173994029861943
177,5.9,detected,4,3,0.9104601144790649,ankle_midpoint,817.5197143554688,768.5980224609375,0.9190391302108765,0.9227505326271057,2.066298484802246,8.026703834533691,2.0628698060864634,8.020736360341187,0.0,0,two_ankles,accepted,2.066298484802246,8.026703834533691,0.016766828153160662
178,5.933333333333334,detected,1,2,0.8793066143989563,ankle_midpoint,956.9801025390625,649.2447509765625,0.9453458786010742,0.9324510097503662,2.9833717346191406,3.847369432449341,2.8399522144965887,3.9555603312700924,0.0,0,two_ankles,accepted,2.9833717346191406,3.847369432449341,0.18046225122842396
178,5.933333333333334,detected,2,5,0.6909595727920532,ankle_midpoint,1017.9332275390625,600.8795166015625,0.9575145840644836,0.8670845031738281,3.5157361030578613,1.5999199151992798,3.4884722487415862,1.6909956894911664,0.0,0,two_ankles,accepted,3.5157361030578613,1.5999199151992798,0.03016427893093712
178,5.933333333333334,detected,3,1,0.91762375831604,ankle_midpoint,902.6534423828125,885.1474609375,0.9950910806655884,0.9924041628837585,2.700730085372925,10.874397277832031,2.6970971451422376,10.881922686379589,0.0,0,two_ankles,accepted,2.700730085372925,10.874397277832031,0.03481141591289672
178,5.933333333333334,detected,4,3,0.9186956286430359,ankle_midpoint,814.414306640625,766.303466796875,0.9636530876159668,0.9618787169456482,2.042039632797241,7.961116313934326,2.0534962281063134,7.993907339458101,0.0,0,two_ankles,accepted,2.042039632797241,7.961116313934326,0.06993007049169112
179,5.966666666666667,detected,1,2,0.8635274767875671,ankle_midpoint,964.84130859375,653.2974853515625,0.9273809790611267,0.9121978878974915,3.0474157333374023,4.015511512756348,2.933310797974955,3.9825383629389073,0.0,0,two_ankles,accepted,3.0474157333374023,4.015511512756348,0.17992607632523042
179,5.966666666666667,detected,2,5,0.5698310136795044,ankle_midpoint,1017.74658203125,598.5797119140625,0.9510912895202637,0.8374553918838501,3.5160250663757324,1.483235478401184,3.5008710166769523,1.5975035945006746,0.0,0,two_ankles,accepted,3.5160250663757324,1.483235478401184,0.11668479459933015
179,5.966666666666667,detected,3,1,0.9265278577804565,ankle_midpoint,907.633544921875,886.4421997070312,0.9878970384597778,0.9878090620040894,2.729792356491089,10.900897979736328,2.711809990249221,10.890461568390123,0.0,0,two_ankles,accepted,2.729792356491089,10.900897979736328,0.039330685272012195
179,5.966666666666667,detected,4,3,0.9149566292762756,ankle_midpoint,811.3985595703125,767.7772216796875,0.955860435962677,0.9564441442489624,2.0240731239318848,8.004080772399902,2.0402558312278205,7.998485384281912,0.0,0,two_ankles,accepted,2.0240731239318848,8.004080772399902,0.04656973407750093
180,6.0,detected,1,2,0.8110783696174622,ankle_midpoint,983.1707763671875,644.24169921875,0.9145582318305969,0.8445213437080383,3.1970455646514893,3.628662586212158,3.024340198498178,3.9995315145345867,0.0,0,two_ankles,corrected_motion_outlier,3.1355983546932276,4.020300922040416,0.4147784690500144
180,6.0,detected,2,5,0.5225821733474731,ankle_midpoint,1014.9703369140625,593.611328125,0.9545400738716125,0.8655641674995422,3.4952731132507324,1.2281569242477417,3.4983519601351536,1.431297592886855,0.0,0,two_ankles,accepted,3.4952731132507324,1.2281569242477417,0.2559213010820179
180,6.0,detected,3,1,0.9215424060821533,ankle_midpoint,913.78662109375,884.59326171875,0.9896711707115173,0.9879553318023682,2.764219045639038,10.861394882202148,2.735394065174639,10.877381559605535,0.0,0,two_ankles,accepted,2.764219045639038,10.861394882202148,0.052399347710486224
180,6.0,detected,4,3,0.9175856113433838,ankle_midpoint,797.16015625,769.8992919921875,0.9779672622680664,0.9764966368675232,1.9322545528411865,8.067170143127441,1.9916552559538352,8.029393525762401,0.0,0,two_ankles,accepted,1.9322545528411865,8.067170143127441,0.11140430286095089
181,6.033333333333333,detected,1,2,0.8128968477249146,ankle_midpoint,993.20703125,646.691162109375,0.8276988863945007,0.8453996181488037,3.2783992290496826,3.7313032150268555,3.1386667622463555,3.8788287797561076,0.0,0,two_ankles,accepted,3.2783992290496826,3.7313032150268555,0.18311726556346392
181,6.033333333333333,detected,2,5,0.4410376250743866,ankle_midpoint,1016.0103149414062,592.95751953125,0.7199990153312683,0.5989183783531189,3.505192756652832,1.193861484527588,3.501430318568109,1.3244513441251848,0.0,0,two_ankles,accepted,3.505192756652832,1.193861484527588,0.03570121161562338
181,6.033333333333333,detected,3,1,0.9231836795806885,ankle_midpoint,921.50537109375,885.0086059570312,0.990199625492096,0.9884174466133118,2.8085622787475586,10.869165420532227,2.768319761282453,10.873684297022546,0.0,0,two_ankles,accepted,2.8085622787475586,10.869165420532227,0.0450189247812051
181,6.033333333333333,detected,4,3,0.9130712151527405,ankle_midpoint,780.5482177734375,771.200439453125,0.9803487658500671,0.9793798923492432,1.8237173557281494,8.106886863708496,1.9160832008522766,8.064265527838144,0.0,0,two_ankles,accepted,1.8237173557281494,8.106886863708496,0.11557569403152136
182,6.066666666666666,detected,1,2,0.8421356081962585,ankle_midpoint,991.21240234375,648.26904296875,0.8956592082977295,0.8852542042732239,3.2616159915924072,3.798772096633911,3.193993915452079,3.8428032723511194,0.0,0,two_ankles,accepted,3.2616159915924072,3.798772096633911,0.06952501021110451
182,6.066666666666666,detected,3,1,0.9220461249351501,ankle_midpoint,921.850341796875,884.9521484375,0.9920165538787842,0.9903979301452637,2.8105177879333496,10.867938041687012,2.7873088732753564,10.871098482121557,0.0,0,two_ankles,accepted,2.8105177879333496,10.867938041687012,0.0023087821476687584
182,6.066666666666666,detected,4,3,0.9145501852035522,ankle_midpoint,771.216552734375,772.2265625,0.9716127514839172,0.9727895259857178,1.7634996175765991,8.137511253356934,1.8474205883782218,8.0972261043216,0.0,0,two_ankles,accepted,1.7634996175765991,8.137511253356934,0.06755759934624676
182,6.066666666666666,predicted,2,,,motion_prediction,,,,,,,3.5090387216695507,1.0883067424467738,,1,,motion_prediction,3.5090387216695507,1.0883067424467738,
183,6.1,detected,1,2,0.8262320160865784,ankle_midpoint,995.402587890625,652.1170043945312,0.8794246912002563,0.8426920771598816,3.294233560562134,3.959804058074951,3.2391017557516038,3.895453625926844,0.0,0,two_ankles,accepted,3.294233560562134,3.959804058074951,0.16430215583200203
183,6.1,detected,3,1,0.9221029281616211,ankle_midpoint,929.6046142578125,886.0369262695312,0.9912432432174683,0.9898300766944885,2.855210781097412,10.88972282409668,2.8178647317952814,10.879479436010364,0.0,0,two_ankles,accepted,2.855210781097412,10.88972282409668,0.04971961768356145
183,6.1,detected,4,3,0.9225027561187744,ankle_midpoint,757.6799926757812,777.9579467773438,0.9467459321022034,0.9428128004074097,1.6850558519363403,8.300918579101562,1.7743564569793753,8.188887717972584,0.0,0,two_ankles,accepted,1.6850558519363403,8.300918579101562,0.18126052652145505
183,6.1,predicted,2,,,motion_prediction,,,,,,,3.5128846866862693,0.9827520003659598,,2,,motion_prediction,3.5128846866862693,0.9827520003659598,
184,6.133333333333334,detected,1,2,0.844274640083313,ankle_midpoint,1002.712890625,637.3965454101562,0.8587555885314941,0.8703240752220154,3.3606035709381104,3.3265151977539062,3.2859131236662176,3.9478167193050466,0.03552366534769791,0,two_ankles,corrected_motion_outlier,3.343127017784078,4.011816055656183,0.6367572213049768
184,6.133333333333334,detected,3,1,0.9185705184936523,ankle_midpoint,941.9906616210938,885.9217529296875,0.9892743229866028,0.9854521155357361,2.926001787185669,10.88578987121582,2.866526406720956,10.882319131852821,0.0,0,two_ankles,accepted,2.926001787185669,10.88578987121582,0.07090017391622305
184,6.133333333333334,detected,4,3,0.9187939167022705,ankle_midpoint,742.837158203125,784.6075439453125,0.9641768932342529,0.9554707407951355,1.6013009548187256,8.486997604370117,1.696481481007083,8.323037166851474,0.0,0,two_ankles,accepted,1.6013009548187256,8.486997604370117,0.20405951689660948
184,6.133333333333334,predicted,2,,,motion_prediction,,,,,,,3.5167306517029875,0.8771972582851457,,3,,motion_prediction,3.5167306517029875,0.8771972582851457,
185,6.166666666666667,detected,1,2,0.8667566776275635,ankle_midpoint,996.397705078125,644.4955444335938,0.9222477674484253,0.9073416590690613,3.305311441421509,3.6366944313049316,3.294642366656099,3.807811689704995,0.0,0,two_ankles,accepted,3.305311441421509,3.6366944313049316,0.16164973736121244
185,6.166666666666667,detected,3,1,0.9231992959976196,ankle_midpoint,945.4664306640625,885.4049072265625,0.9904488921165466,0.9868612885475159,2.945791482925415,10.874531745910645,2.9021956910129627,10.878814808178841,0.0,0,two_ankles,accepted,2.945791482925415,10.874531745910645,0.022767903787102667
185,6.166666666666667,detected,4,3,0.9101060628890991,ankle_midpoint,737.478515625,786.3604125976562,0.9455671310424805,0.9325615763664246,1.5700641870498657,8.535676002502441,1.6395936987263353,8.41872464289441,0.0,0,two_ankles,accepted,1.5700641870498657,8.535676002502441,0.05783875954215087
185,6.166666666666667,predicted,2,,,motion_prediction,,,,,,,3.520576616719706,0.7716425162043317,,4,,motion_prediction,3.520576616719706,0.7716425162043317,
186,6.2,detected,1,2,0.8468433022499084,ankle_midpoint,1002.7364501953125,645.37353515625,0.9752966165542603,0.9797541499137878,3.3567914962768555,3.672966718673706,3.3226094749854393,3.7471314527409154,0.0,0,two_ankles,accepted,3.3567914962768555,3.672966718673706,0.06297519256717247
186,6.2,detected,3,1,0.9330949783325195,ankle_midpoint,949.77294921875,885.802734375,0.9921151995658875,0.991108775138855,2.9704883098602295,10.882341384887695,2.932927369494233,10.880401767697826,0.0,0,two_ankles,accepted,2.9704883098602295,10.882341384887695,0.02590219530464643
186,6.2,detected,4,3,0.9089810252189636,ankle_midpoint,727.0504150390625,791.1161499023438,0.9633691310882568,0.9540860652923584,1.5127111673355103,8.665904998779297,1.582496559600464,8.52995580304261,0.0,0,two_ankles,accepted,1.5127111673355103,8.665904998779297,0.14229884167354448
186,6.2,predicted,2,,,motion_prediction,,,,,,,3.5244225817364248,0.6660877741235176,,5,,motion_prediction,3.5244225817364248,0.6660877741235176,
187,6.233333333333333,detected,1,2,0.8644110560417175,ankle_midpoint,1010.3944091796875,641.739013671875,0.9810194373130798,0.9866902828216553,3.4216392040252686,3.514666795730591,3.3671728530533627,3.6425223570862695,0.0,0,two_ankles,accepted,3.4216392040252686,3.514666795730591,0.1710675036470101
187,6.233333333333333,detected,2,5,0.7459191083908081,ankle_midpoint,980.1568603515625,600.7133178710938,0.930145800113678,0.9711000323295593,3.1802079677581787,1.6008957624435425,3.3568802607036403,1.448851332368446,0.4470418303134108,0,two_ankles,accepted,3.1802079677581787,1.6008957624435425,0.08680950031398012
187,6.233333333333333,detected,3,1,0.9352563619613647,ankle_midpoint,957.5614013671875,889.2434692382812,0.9910377264022827,0.9908085465431213,3.015310525894165,10.953166961669922,2.969999789874202,10.91314610498527,0.0,0,two_ankles,accepted,3.015310525894165,10.953166961669922,0.08381702319175896
187,6.233333333333333,detected,4,3,0.8937917351722717,ankle_midpoint,716.815673828125,795.2459716796875,0.9584867358207703,0.9533604383468628,1.4559454917907715,8.777745246887207,1.5255485790861025,8.641461052772678,0.0,0,two_ankles,accepted,1.4559454917907715,8.777745246887207,0.125421621010452
188,6.266666666666667,detected,1,2,0.8513580560684204,ankle_midpoint,1013.5757446289062,641.6175537109375,0.9605993032455444,0.9751737117767334,3.4479081630706787,3.508699893951416,3.403503742561155,3.5823022486755853,0.0,0,two_ankles,accepted,3.4479081630706787,3.508699893951416,0.026938116604019582
188,6.266666666666667,detected,2,5,0.7685704231262207,ankle_midpoint,980.6572265625,600.737060546875,0.9314181208610535,0.9688816070556641,3.184648036956787,1.6019712686538696,3.2793757600175564,1.5177553036968867,0.0,0,two_ankles,accepted,3.184648036956787,1.6019712686538696,0.004568471089640745
188,6.266666666666667,detected,3,1,0.9305459260940552,ankle_midpoint,962.9306640625,890.243896484375,0.9908627271652222,0.9916278123855591,3.0459325313568115,10.97326946258545,3.0041695235413766,10.940201615905352,0.0,0,two_ankles,accepted,3.0459325313568115,10.97326946258545,0.03663083075242942
188,6.266666666666667,detected,4,3,0.9106147885322571,ankle_midpoint,714.353271484375,800.6350708007812,0.9720303416252136,0.9682891964912415,1.4524294137954712,8.920143127441406,1.4926449547053187,8.766867986373608,0.0,0,two_ankles,accepted,1.4524294137954712,8.920143127441406,0.14244128330928862
189,6.3,detected,1,2,0.880233645439148,ankle_midpoint,1016.8140258789062,641.4232177734375,0.9645741581916809,0.9888416528701782,3.47471022605896,3.4995529651641846,3.4355466601351674,3.545065071095455,0.0,0,two_ankles,accepted,3.47471022605896,3.4995529651641846,0.02831990265990473
189,6.3,detected,2,5,0.8395562767982483,ankle_midpoint,988.4558715820312,593.711181640625,0.884418249130249,0.9084029793739319,3.256340503692627,1.240078330039978,3.23263375667728,1.542698307184482,0.0,0,two_ankles,corrected_motion_outlier,3.175504641483608,1.5731842003359868,0.3689258852469794
189,6.3,detected,3,1,0.9318581819534302,ankle_midpoint,970.8599853515625,892.22900390625,0.9891946315765381,0.9919759631156921,3.0910115242004395,11.01334285736084,3.043248423837955,10.973115174560323,0.0,0,two_ankles,accepted,3.0910115242004395,11.01334285736084,0.060315773762923436
189,6.3,detected,4,3,0.9217129349708557,ankle_midpoint,714.0036010742188,805.4703369140625,0.9775455594062805,0.973553478717804,1.4611167907714844,9.045825004577637,1.4784572809350933,8.892398644565422,0.0,0,two_ankles,accepted,1.4611167907714844,9.045825004577637,0.12598176359779178
190,6.333333333333333,detected,1,2,0.8755409121513367,ankle_midpoint,1021.07177734375,637.2692260742188,0.9860358238220215,0.9913936257362366,3.513021230697632,3.316831111907959,3.4704102168882764,3.442359789461082,0.0,0,two_ankles,accepted,3.513021230697632,3.316831111907959,0.186694961725843
190,6.333333333333333,detected,2,5,0.8635904788970947,ankle_midpoint,986.4078369140625,597.2606201171875,0.9709022641181946,0.9804414510726929,3.236795663833618,1.423675298690796,3.234506614897632,1.4891379533623232,0.0,0,two_ankles,accepted,3.236795663833618,1.423675298690796,0.09288275929089113
190,6.333333333333333,detected,3,1,0.9242188930511475,ankle_midpoint,972.8545532226562,893.6863403320312,0.9872981309890747,0.9942505359649658,3.1022889614105225,11.043102264404297,3.069816665745611,11.004609364990113,0.0,0,two_ankles,accepted,3.1022889614105225,11.043102264404297,0.0318245643741674
190,6.333333333333333,detected,4,3,0.922447144985199,ankle_midpoint,708.2913208007812,804.496337890625,0.9718091487884521,0.9683260917663574,1.4226430654525757,9.02148151397705,1.4533408839679605,8.950485935800655,0.0,0,two_ankles,accepted,1.4226430654525757,9.02148151397705,0.04552837658576958
191,6.366666666666666,detected,1,2,0.9006659388542175,ankle_midpoint,1022.8797607421875,636.21240234375,0.9889425039291382,0.9920132756233215,3.5288870334625244,3.269742250442505,3.4967247843466884,3.364681896902723,0.0,0,two_ankles,accepted,3.5288870334625244,3.269742250442505,0.0496898839955096
191,6.366666666666666,detected,2,5,0.8587735891342163,ankle_midpoint,986.671142578125,596.483154296875,0.9764292240142822,0.9836656451225281,3.239393711090088,1.3837252855300903,3.2367058081842375,1.4417022528378185,0.0,0,two_ankles,accepted,3.239393711090088,1.3837252855300903,0.04003440271925382
191,6.366666666666666,detected,3,1,0.9253982901573181,ankle_midpoint,975.3201293945312,894.89697265625,0.9887851476669312,0.994942843914032,3.1162009239196777,11.067645072937012,3.0906895819239413,11.032975433566218,0.0,0,two_ankles,accepted,3.1162009239196777,11.067645072937012,0.02821156060074739
191,6.366666666666666,detected,4,3,0.9245545268058777,ankle_midpoint,703.5259399414062,805.2295532226562,0.97236168384552,0.9704036712646484,1.394088864326477,9.041123390197754,1.426677475129293,8.99127279027935,0.0,0,two_ankles,accepted,1.394088864326477,9.041123390197754,0.03465754901055635
192,6.4,detected,1,2,0.8753666281700134,ankle_midpoint,1034.04638671875,632.9035034179688,0.988494336605072,0.9938338994979858,3.6250267028808594,3.1198883056640625,3.5544606476870655,3.2545247808453257,0.0,0,two_ankles,accepted,3.6250267028808594,3.1198883056640625,0.1780422444295937
192,6.4,detected,2,5,0.8570989370346069,ankle_midpoint,986.099853515625,593.85498046875,0.973290205001831,0.9792628288269043,3.235076665878296,1.248142957687378,3.2359726941465636,1.3546005700201205,0.0,0,two_ankles,accepted,3.235076665878296,1.248142957687378,0.13565103944537027
192,6.4,detected,3,1,0.9229259490966797,ankle_midpoint,983.489501953125,892.7199096679688,0.9830440878868103,0.9889380931854248,3.162635564804077,11.021929740905762,3.1230652742200027,11.028004871869014,0.0,0,two_ankles,accepted,3.162635564804077,11.021929740905762,0.06516185584213029
192,6.4,detected,4,3,0.9242544174194336,ankle_midpoint,698.176025390625,807.9138793945312,0.9767866730690002,0.9778793454170227,1.366518259048462,9.110950469970703,1.399605827892919,9.045127746140459,0.0,0,two_ankles,accepted,1.366518259048462,9.110950469970703,0.0750730267473873
193,6.433333333333334,detected,1,2,0.8622962236404419,ankle_midpoint,1046.881591796875,628.1614990234375,0.9852777123451233,0.9914987683296204,3.7381296157836914,2.9026355743408203,3.6371116833305477,3.096174637918298,0.0,0,two_ankles,accepted,3.7381296157836914,2.9026355743408203,0.24493063951762847
193,6.433333333333334,detected,2,5,0.8774209022521973,ankle_midpoint,981.4942626953125,593.1356201171875,0.9774022102355957,0.9829613566398621,3.19377064704895,1.2119196653366089,3.2169817729526375,1.2903941629125404,0.0,0,two_ankles,accepted,3.19377064704895,1.2119196653366089,0.05493918547138777
193,6.433333333333334,detected,3,1,0.9242154359817505,ankle_midpoint,988.216552734375,889.4205322265625,0.989346981048584,0.9955911636352539,3.1898996829986572,10.953103065490723,3.153140758170397,10.994299058998784,0.0,0,two_ankles,accepted,3.1898996829986572,10.953103065490723,0.0740300168149054
193,6.433333333333334,detected,4,3,0.9140070080757141,ankle_midpoint,692.3922119140625,808.6143798828125,0.9769213795661926,0.9769104719161987,1.3316478729248047,9.129715919494629,1.3690247481572677,9.083192424149836,0.0,0,two_ankles,accepted,1.3316478729248047,9.129715919494629,0.03959906468905488
194,6.466666666666667,detected,1,2,0.8882235288619995,ankle_midpoint,1050.984130859375,624.8673095703125,0.9731095433235168,0.9834127426147461,3.776994228363037,2.7505557537078857,3.7000588285951683,2.940646140023613,0.0,0,two_ankles,accepted,3.776994228363037,2.7505557537078857,0.15696728944174385
194,6.466666666666667,detected,2,5,0.8752303719520569,ankle_midpoint,980.3760986328125,594.4540405273438,0.9803175926208496,0.9858090281486511,3.1834189891815186,1.280652642250061,3.201878520255634,1.2860104786144249,0.0,0,two_ankles,accepted,3.1834189891815186,1.280652642250061,0.06950812136714317
194,6.466666666666667,detected,3,1,0.912756085395813,ankle_midpoint,998.3299560546875,889.11572265625,0.9891827702522278,0.9926734566688538,3.2475664615631104,10.945533752441406,3.1956323246971183,10.972354671047965,0.0,0,two_ankles,accepted,3.2475664615631104,10.945533752441406,0.05816142922968986
194,6.466666666666667,detected,4,3,0.9142551422119141,ankle_midpoint,688.538330078125,809.7001953125,0.9767459630966187,0.9778764843940735,1.3099621534347534,9.157999038696289,1.3424465805321364,9.11685540069574,0.0,0,two_ankles,accepted,1.3099621534347534,9.157999038696289,0.035639939135420906
195,6.5,detected,1,2,0.8986366987228394,ankle_midpoint,1067.902099609375,621.3043212890625,0.9831618070602417,0.9898518919944763,3.9262893199920654,2.581047296524048,3.801862549723772,2.778826660448809,0.0,0,two_ankles,accepted,3.9262893199920654,2.581047296524048,0.22588081246835678
195,6.5,detected,2,5,0.8656455874443054,ankle_midpoint,980.2808837890625,596.4896850585938,0.9843252897262573,0.988893449306488,3.1821517944335938,1.385668396949768,3.193001493635716,1.3308565418653293,0.0,0,two_ankles,accepted,3.1821517944335938,1.385668396949768,0.10502339985773745
195,6.5,detected,3,1,0.9035820364952087,ankle_midpoint,1016.7861328125,885.067138671875,0.9888434410095215,0.9914600849151611,3.35412335395813,10.858668327331543,3.266953287864574,10.921195816375576,0.0,0,two_ankles,accepted,3.35412335395813,10.858668327331543,0.13747717409228719
195,6.5,detected,4,3,0.9199314117431641,ankle_midpoint,679.8389892578125,815.1389770507812,0.9720783233642578,0.973625898361206,1.2686814069747925,9.296887397766113,1.3092522524313317,9.19786979937741,0.0,0,two_ankles,accepted,1.2686814069747925,9.296887397766113,0.14489332735982013
196,6.533333333333333,detected,1,2,0.87489914894104,ankle_midpoint,1079.785400390625,625.9189453125,0.9898666143417358,0.9946809411048889,4.019818305969238,2.7923922538757324,3.899942640034232,2.7849311774909244,0.0,0,two_ankles,accepted,4.019818305969238,2.7923922538757324,0.23111547376993943
196,6.533333333333333,detected,2,5,0.8619389533996582,ankle_midpoint,980.1984252929688,597.3037109375,0.9847672581672668,0.9891958236694336,3.181251049041748,1.4274401664733887,3.1877137935684305,1.3743191729389561,0.0,0,two_ankles,accepted,3.181251049041748,1.4274401664733887,0.04178148000484677
196,6.533333333333333,detected,3,1,0.9151621460914612,ankle_midpoint,1035.54345703125,870.7872314453125,0.9918035268783569,0.9947867393493652,3.468517541885376,10.550893783569336,3.334575509547899,10.874277819840916,0.0,0,two_ankles,corrected_motion_outlier,3.4172248916052963,10.816933601854107,0.32834615883175605
196,6.533333333333333,detected,4,3,0.9143905639648438,ankle_midpoint,670.397216796875,819.9425659179688,0.9776350259780884,0.983210563659668,1.2217998504638672,9.418085098266602,1.2698986715459726,9.296966683877546,0.0,0,two_ankles,accepted,1.2217998504638672,9.418085098266602,0.12994907828643165
197,6.566666666666666,detected,1,2,0.7393049597740173,ankle_midpoint,1087.1622314453125,626.128662109375,0.9868025183677673,0.9944625496864319,4.081984519958496,2.800342559814453,3.9818614860001507,2.7918662995365127,0.0,0,two_ankles,accepted,4.081984519958496,2.800342559814453,0.06267252608821071
197,6.566666666666666,detected,2,5,0.8580663204193115,ankle_midpoint,980.4989624023438,596.9815673828125,0.9869081974029541,0.9903828501701355,3.184004545211792,1.410857915878296,3.1860446318079436,1.390761607261659,0.0,0,two_ankles,accepted,3.184004545211792,1.410857915878296,0.016809306230683684
197,6.566666666666666,detected,3,1,0.9166857600212097,ankle_midpoint,1044.5072021484375,863.2147216796875,0.9902132153511047,0.9920371770858765,3.5251004695892334,10.383206367492676,3.4203117415664996,10.653295666284208,0.0,0,two_ankles,accepted,3.5251004695892334,10.383206367492676,0.2526347409420111
197,6.566666666666666,detected,4,3,0.9170196652412415,ankle_midpoint,665.56884765625,823.5650024414062,0.9773836135864258,0.9843102693557739,1.20102858543396,9.508115768432617,1.2389071327955672,9.391983771927329,0.0,0,two_ankles,accepted,1.20102858543396,9.508115768432617,0.09239570889107644
198,6.6,detected,1,2,0.8624560236930847,ankle_midpoint,1100.039306640625,631.719970703125,0.9835777282714844,0.9908756017684937,4.179772853851318,3.051849603652954,4.070921601533176,2.9088587863889117,0.0,0,two_ankles,accepted,4.179772853851318,3.051849603652954,0.26984875642832923
198,6.6,detected,2,5,0.869709312915802,ankle_midpoint,977.6224365234375,596.2826538085938,0.9829511046409607,0.9877324104309082,3.158372640609741,1.3756977319717407,3.1735922357687527,1.383982863381196,0.0,0,two_ankles,accepted,3.158372640609741,1.3756977319717407,0.04351129814049925
198,6.6,detected,3,1,0.9192887544631958,ankle_midpoint,1059.604248046875,857.1127319335938,0.9931281805038452,0.994504988193512,3.618255138397217,10.24465560913086,3.5093862701403227,10.469407640565201,0.0,0,two_ankles,accepted,3.618255138397217,10.24465560913086,0.1669553981258453
198,6.6,detected,4,3,0.9309398531913757,ankle_midpoint,653.2593994140625,835.6143798828125,0.985091507434845,0.9946511387825012,1.1562145948410034,9.800806045532227,1.2016954907160136,9.575953795049532,0.0,0,two_ankles,accepted,1.1562145948410034,9.800806045532227,0.29610115173959
199,6.633333333333334,detected,1,2,0.8461229205131531,ankle_midpoint,1112.71484375,631.9041137695312,0.9833057522773743,0.9921080470085144,4.285740852355957,3.057281017303467,4.167590264403428,2.9756487903004616,0.0,0,two_ankles,accepted,4.285740852355957,3.057281017303467,0.10610710137084171
199,6.633333333333334,detected,2,5,0.8689491152763367,ankle_midpoint,977.1093139648438,596.9204711914062,0.9829802513122559,0.9861298203468323,3.153682231903076,1.408576488494873,3.1646327340291984,1.3950499946823507,0.0,0,two_ankles,accepted,3.153682231903076,1.408576488494873,0.03321163296712427
199,6.633333333333334,detected,3,1,0.9255502223968506,ankle_midpoint,1075.5498046875,862.60498046875,0.9847787022590637,0.9904646873474121,3.708458423614502,10.3656587600708,3.5989687392037037,10.422720644342721,0.0,0,two_ankles,accepted,3.708458423614502,10.3656587600708,0.15092513111269817
199,6.633333333333334,detected,4,3,0.9314123392105103,ankle_midpoint,649.8955078125,839.655029296875,0.9844446182250977,0.9931252002716064,1.1461325883865356,9.896758079528809,1.1766921846677487,9.720315723065207,0.0,0,two_ankles,accepted,1.1461325883865356,9.896758079528809,0.0964802554009325
200,6.666666666666667,detected,1,2,0.8517537117004395,ankle_midpoint,1119.038330078125,633.6705322265625,0.9876250624656677,0.9921244978904724,4.334737777709961,3.13513445854187,4.242806645391368,3.047417341009096,0.0,0,two_ankles,accepted,4.334737777709961,3.13513445854187,0.09198835256056796
200,6.666666666666667,detected,2,5,0.872195839881897,ankle_midpoint,977.55615234375,596.60205078125,0.9855308532714844,0.9877326488494873,3.1577296257019043,1.3921245336532593,3.1615263352819163,1.3937335372192596,0.0,0,two_ankles,accepted,3.1577296257019043,1.3921245336532593,0.016942497297426112
200,6.666666666666667,detected,3,1,0.9209868311882019,ankle_midpoint,1083.9603271484375,862.9573974609375,0.9875932335853577,0.991434633731842,3.757742166519165,10.372415542602539,3.6704167814956614,10.40008334855964,0.0,0,two_ankles,accepted,3.757742166519165,10.372415542602539,0.04974476278839947
200,6.666666666666667,detected,4,3,0.9308509230613708,ankle_midpoint,653.3961181640625,839.567626953125,0.973108172416687,0.9848710894584656,1.1671037673950195,9.894232749938965,1.1723773968950206,9.798578385158399,0.0,0,two_ankles,accepted,1.1671037673950195,9.894232749938965,0.021122680666601376
201,6.7,detected,1,2,0.8517774939537048,ankle_midpoint,1130.745849609375,639.0900268554688,0.9882228970527649,0.9929884076118469,4.4194111824035645,3.3726296424865723,4.322278687046857,3.1937628766739605,0.0,0,two_ankles,accepted,4.4194111824035645,3.3726296424865723,0.25213795402385314
201,6.7,detected,2,5,0.8811842799186707,ankle_midpoint,976.9874267578125,596.6123046875,0.987047553062439,0.9889467358589172,3.1526355743408203,1.392794132232666,3.157525492858423,1.3933108049752927,0.0,0,two_ankles,accepted,3.1526355743408203,1.392794132232666,0.005137871303069503
201,6.7,detected,3,1,0.9133002758026123,ankle_midpoint,1097.4332275390625,863.4107666015625,0.9861736297607422,0.9900490045547485,3.836712598800659,10.380757331848145,3.7452498992829106,10.391386641039468,0.0,0,two_ankles,accepted,3.836712598800659,10.380757331848145,0.07940978921105477
201,6.7,detected,4,3,0.9320595860481262,ankle_midpoint,648.1144409179688,840.26611328125,0.9720590114593506,0.9850795269012451,1.1369210481643677,9.911351203918457,1.1564220399662268,9.849326153600426,0.0,0,two_ankles,accepted,1.1369210481643677,9.911351203918457,0.03469925081041885
202,6.733333333333333,detected,1,2,0.895160973072052,ankle_midpoint,1141.601806640625,641.9191284179688,0.9428381323814392,0.9757805466651917,4.502061367034912,3.4937424659729004,4.4031808930414815,3.3287536918584837,0.0,0,two_ankles,accepted,4.502061367034912,3.4937424659729004,0.1466266313887976
202,6.733333333333333,detected,2,5,0.8870965242385864,ankle_midpoint,975.471435546875,595.4287109375,0.9882531762123108,0.9897438883781433,3.1391992568969727,1.3322653770446777,3.1492786866757703,1.365840362406516,0.0,0,two_ankles,accepted,3.1391992568969727,1.3322653770446777,0.06200213569756499
202,6.733333333333333,detected,3,1,0.9040015339851379,ankle_midpoint,1107.576904296875,862.4537353515625,0.9748523235321045,0.9822452068328857,3.8974788188934326,10.358168601989746,3.8137529131076455,10.376438523467094,0.0,0,two_ankles,accepted,3.8974788188934326,10.358168601989746,0.06482888415651686
202,6.733333333333333,detected,4,3,0.9285661578178406,ankle_midpoint,643.6554565429688,838.6671752929688,0.9821386337280273,0.9884641766548157,1.1057777404785156,9.874346733093262,1.1336321051967568,9.860585414372203,0.0,0,two_ankles,accepted,1.1057777404785156,9.874346733093262,0.04836565387409109
203,6.766666666666667,detected,1,2,0.8957372307777405,ankle_midpoint,1140.548828125,641.376708984375,0.9691978693008423,0.9856973886489868,4.494763374328613,3.4703903198242188,4.444393009620692,3.392490174443065,0.0,0,two_ankles,accepted,4.494763374328613,3.4703903198242188,0.024465964671162625
203,6.766666666666667,detected,2,5,0.8837182521820068,ankle_midpoint,974.7318115234375,594.8494873046875,0.9883034229278564,0.9899388551712036,3.1326215267181396,1.3025413751602173,3.141782964694837,1.3373558181456815,0.0,0,two_ankles,accepted,3.1326215267181396,1.3025413751602173,0.03044310796112872
203,6.766666666666667,detected,3,1,0.9016348719596863,ankle_midpoint,1110.5909423828125,859.8365478515625,0.9944109320640564,0.9948154091835022,3.918083429336548,10.299302101135254,3.8607016454106518,10.341727133417766,0.0,0,two_ankles,accepted,3.918083429336548,10.299302101135254,0.06236838056551142
203,6.766666666666667,detected,4,3,0.9264954328536987,ankle_midpoint,643.579833984375,838.4959716796875,0.9847987294197083,0.9900508522987366,1.1048715114593506,9.870320320129395,1.1206898380149242,9.86496612196294,0.0,0,two_ankles,accepted,1.1048715114593506,9.870320320129395,0.004127136100345441
204,6.8,detected,1,2,0.8559672236442566,ankle_midpoint,1145.448974609375,648.3638916015625,0.9723891019821167,0.9896066784858704,4.517114639282227,3.7696421146392822,4.48967593267909,3.4597191202732205,0.0,0,two_ankles,corrected_motion_outlier,4.545021727528242,3.5418878318434106,0.3000853474347981
204,6.8,detected,2,5,0.8778845071792603,ankle_midpoint,972.7437744140625,593.4290771484375,0.9879080653190613,0.9899303913116455,3.1148579120635986,1.229409098625183,3.12966669101078,1.2887797943614574,0.0,0,two_ankles,accepted,3.1148579120635986,1.229409098625183,0.0752587262501282
204,6.8,detected,3,1,0.9123855829238892,ankle_midpoint,1115.71484375,859.10986328125,0.9961844086647034,0.9966917037963867,3.949228286743164,10.282330513000488,3.9005386340102826,10.314998654229992,0.0,0,two_ankles,accepted,3.949228286743164,10.282330513000488,0.03546881653924436
204,6.8,detected,4,3,0.9290975332260132,ankle_midpoint,651.1478271484375,836.5848388671875,0.9880209565162659,0.9913941025733948,1.145858883857727,9.824122428894043,1.1320159086441857,9.846586460081937,0.0,0,two_ankles,accepted,1.145858883857727,9.824122428894043,0.06175928959044595
205,6.833333333333333,detected,1,2,0.8826624155044556,ankle_midpoint,1151.1748046875,651.2124633789062,0.9762349128723145,0.978830873966217,4.556291103363037,3.888730764389038,4.519652759486866,3.6527743601253384,0.0,0,two_ankles,accepted,4.556291103363037,3.888730764389038,0.2114204277020223
205,6.833333333333333,detected,2,5,0.8794523477554321,ankle_midpoint,970.3770141601562,594.0000610351562,0.9921682476997375,0.994156002998352,3.093517780303955,1.2596588134765625,3.1133996811927087,1.2756753529632547,0.0,0,two_ankles,accepted,3.093517780303955,1.2596588134765625,0.03701954175984234
205,6.833333333333333,detected,3,1,0.9185313582420349,ankle_midpoint,1122.643310546875,861.03515625,0.9800092577934265,0.974480390548706,3.9880175590515137,10.324575424194336,3.939904150278837,10.319308200713948,0.0,0,two_ankles,accepted,3.9880175590515137,10.324575424194336,0.05735189768427347
205,6.833333333333333,detected,4,3,0.9255990386009216,ankle_midpoint,666.1705322265625,830.4090576171875,0.98841792345047,0.993026614189148,1.2219390869140625,9.674487113952637,1.1724813388656303,9.769141754323751,0.0,0,two_ankles,accepted,1.2219390869140625,9.674487113952637,0.16786579393881015
206,6.866666666666666,detected,1,2,0.8889843225479126,ankle_midpoint,1149.928466796875,649.6387939453125,0.9747164845466614,0.9774947762489319,4.55027961730957,3.8226780891418457,4.533434845507084,3.7292310381827667,0.0,0,two_ankles,accepted,4.55027961730957,3.8226780891418457,0.06632566525774232
206,6.866666666666666,detected,2,5,0.8834885358810425,ankle_midpoint,970.446044921875,593.1761474609375,0.9816648364067078,0.9870344996452332,3.094162940979004,1.2168381214141846,3.1047431480965417,1.2491985987661733,0.0,0,two_ankles,accepted,3.094162940979004,1.2168381214141846,0.042825551963724014
206,6.866666666666666,detected,3,1,0.9196568131446838,ankle_midpoint,1124.905517578125,857.35546875,0.9818342328071594,0.9778487086296082,4.005784034729004,10.2416353225708,3.9695500982814123,10.284355405549533,0.0,0,two_ankles,accepted,4.005784034729004,10.2416353225708,0.08482162528106374
206,6.866666666666666,detected,4,3,0.9265754222869873,ankle_midpoint,678.8496704101562,827.5267333984375,0.9871580004692078,0.991773784160614,1.2927614450454712,9.603012084960938,1.2266073866465588,9.694383403110486,0.0,0,two_ankles,accepted,1.2927614450454712,9.603012084960938,0.10062050576625897
207,6.9,detected,1,2,0.8905636072158813,ankle_midpoint,1148.90478515625,651.354248046875,0.9676756262779236,0.9660798907279968,4.53752326965332,3.895172119140625,4.535274636372891,3.8039045246138032,0.0,0,two_ankles,accepted,4.53752326965332,3.895172119140625,0.07360780387289807
207,6.9,detected,2,5,0.8878917694091797,ankle_midpoint,969.5977783203125,593.1185302734375,0.9779687523841858,0.9847586154937744,3.086517333984375,1.2140552997589111,3.096541531746067,1.2333841142129054,0.0,0,two_ankles,accepted,3.086517333984375,1.2140552997589111,0.008136301535794827
207,6.9,detected,3,1,0.9168125987052917,ankle_midpoint,1130.532470703125,844.8413696289062,0.9975993037223816,0.9955930113792419,4.055019855499268,9.953815460205078,4.008011489029447,10.13561243014453,0.0,0,two_ankles,accepted,4.055019855499268,9.953815460205078,0.2920007520866086
207,6.9,detected,4,3,0.915421724319458,ankle_midpoint,709.946044921875,825.818359375,0.9874562621116638,0.9887895584106445,1.480478286743164,9.557119369506836,1.3408492916900312,9.632614587988844,0.0,0,two_ankles,accepted,1.480478286743164,9.557119369506836,0.19324532074207598
208,6.933333333333334,detected,1,2,0.8809113502502441,ankle_midpoint,1148.5703125,651.8385009765625,0.9653741717338562,0.9555830955505371,4.533567905426025,3.9155662059783936,4.534506607446802,3.854152281227869,0.0,0,two_ankles,accepted,4.533567905426025,3.9155662059783936,0.02077411091038577
208,6.933333333333334,detected,2,5,0.8911879062652588,ankle_midpoint,970.050537109375,592.5594482421875,0.9834889769554138,0.9888274669647217,3.090611457824707,1.184809684753418,3.093872998481455,1.211525620956136,0.0,0,two_ankles,accepted,3.090611457824707,1.184809684753418,0.02953079489396623
208,6.933333333333334,detected,3,1,0.9180892109870911,ankle_midpoint,1140.57958984375,833.7266845703125,0.9862090349197388,0.9700493216514587,4.131070613861084,9.689407348632812,4.063388095203684,9.934820143464258,0.0,0,two_ankles,accepted,4.131070613861084,9.689407348632812,0.2751279108208018
208,6.933333333333334,detected,4,3,0.920197606086731,ankle_midpoint,731.6046752929688,827.5523071289062,0.9750561714172363,0.9869846105575562,1.617537021636963,9.596359252929688,1.4653587701661506,9.616299687212223,0.0,0,two_ankles,accepted,1.617537021636963,9.596359252929688,0.14256530174529708
209,6.966666666666667,detected,1,2,0.8967645168304443,ankle_midpoint,1145.451171875,649.9793701171875,0.9625913500785828,0.9465043544769287,4.513017177581787,3.8380208015441895,4.5248363640075455,3.8468931153702135,0.0,0,two_ankles,accepted,4.513017177581787,3.8380208015441895,0.08022232958342852
209,6.966666666666667,detected,2,5,0.8937307000160217,ankle_midpoint,970.0968627929688,591.7001342773438,0.9846354722976685,0.9890449047088623,3.0910494327545166,1.1398987770080566,3.092602393904333,1.1792935411795002,0.0,0,two_ankles,accepted,3.0910494327545166,1.1398987770080566,0.04491304327866792
209,6.966666666666667,detected,3,1,0.9154053330421448,ankle_midpoint,1141.7958984375,823.942138671875,0.9906083345413208,0.9749002456665039,4.152558326721191,9.451098442077637,4.1035146993865625,9.717145377840279,0.0,0,two_ankles,accepted,4.152558326721191,9.451098442077637,0.23927569192770487
209,6.966666666666667,detected,4,3,0.9222989678382874,ankle_midpoint,746.2581787109375,830.4442749023438,0.9843494296073914,0.9905659556388855,1.7130730152130127,9.664361000061035,1.5768301804372387,9.637927277994189,0.0,0,two_ankles,accepted,1.7130730152130127,9.664361000061035,0.11726620860878371
210,7.0,detected,1,2,0.8940143585205078,ankle_midpoint,1147.9598388671875,647.2415161132812,0.9148223400115967,0.896820604801178,4.540485382080078,3.7213611602783203,4.531878422140186,3.790403735578862,0.0,0,two_ankles,accepted,4.540485382080078,3.7213611602783203,0.11984979832540901
210,7.0,detected,2,5,0.8900317549705505,ankle_midpoint,972.0972900390625,591.237548828125,0.9771413207054138,0.9832053780555725,3.109161853790283,1.1151537895202637,3.100054150853011,1.1504306529328439,0.0,0,two_ankles,accepted,3.109161853790283,1.1151537895202637,0.030665521380663186
210,7.0,detected,3,1,0.9124693274497986,ankle_midpoint,1150.8115234375,818.8905029296875,0.9864163398742676,0.959656834602356,4.216312408447266,9.324390411376953,4.154273668463879,9.540405642931784,0.0,0,two_ankles,accepted,4.216312408447266,9.324390411376953,0.1418432514460252
210,7.0,detected,4,3,0.9241383671760559,ankle_midpoint,768.292724609375,830.2353515625,0.9899280667304993,0.9917885661125183,1.8478888273239136,9.656298637390137,1.6988065715362426,9.646194389722368,0.0,0,two_ankles,accepted,1.8478888273239136,9.656298637390137,0.13505667287090567
211,7.033333333333333,detected,1,2,0.8843790888786316,ankle_midpoint,1144.239501953125,648.36181640625,0.9380181431770325,0.9128096103668213,4.507265567779541,3.7698142528533936,4.520802637677896,3.781138468352401,0.0,0,two_ankles,accepted,4.507265567779541,3.7698142528533936,0.05874741051527963
211,7.033333333333333,detected,2,5,0.8831983208656311,ankle_midpoint,973.40625,592.1171875,0.9849207997322083,0.9885479211807251,3.120934247970581,1.1608645915985107,3.109450194555918,1.1551259253323942,0.0,0,two_ankles,accepted,3.120934247970581,1.1608645915985107,0.047202401330578375
211,7.033333333333333,detected,3,1,0.9052702188491821,ankle_midpoint,1163.7803955078125,823.4647827148438,0.953920304775238,0.9120515584945679,4.289843559265137,9.436249732971191,4.215280119324445,9.493535483449516,0.0,0,two_ankles,accepted,4.289843559265137,9.436249732971191,0.13386313147436724
211,7.033333333333333,detected,4,3,0.9226680397987366,ankle_midpoint,781.8790283203125,834.3076171875,0.9900972843170166,0.9928594827651978,1.9374977350234985,9.752215385437012,1.8062175951055077,9.693903837793957,0.0,0,two_ankles,accepted,1.9374977350234985,9.752215385437012,0.1312622523614479
212,7.066666666666666,detected,1,2,0.8833420872688293,ankle_midpoint,1139.485107421875,647.1076049804688,0.9496396780014038,0.9341491460800171,4.4716339111328125,3.717482089996338,4.498676710732608,3.752493098092173,0.0,0,two_ankles,accepted,4.4716339111328125,3.717482089996338,0.06331090131002519
212,7.066666666666666,detected,2,5,0.8820180296897888,ankle_midpoint,973.710693359375,593.6856689453125,0.9701067209243774,0.9784059524536133,3.1235477924346924,1.2424960136413574,3.1157941136013667,1.1944424650714276,0.0,0,two_ankles,accepted,3.1235477924346924,1.2424960136413574,0.08167324947253686
212,7.066666666666666,detected,3,1,0.9075940847396851,ankle_midpoint,1161.7325439453125,821.8893432617188,0.9339029788970947,0.8957425951957703,4.279682159423828,9.397540092468262,4.244261037369168,9.450337557507952,0.0,0,two_ankles,accepted,4.279682159423828,9.397540092468262,0.040021123355060896
212,7.066666666666666,detected,4,3,0.9269102215766907,ankle_midpoint,788.6581420898438,833.9188232421875,0.9876263737678528,0.990082323551178,1.9783060550689697,9.742003440856934,1.8836574020890657,9.715548659172297,0.0,0,two_ankles,accepted,1.9783060550689697,9.742003440856934,0.04206664708578749
213,7.1,detected,1,2,0.888438880443573,ankle_midpoint,1129.02294921875,645.2012329101562,0.9046463370323181,0.8757537007331848,4.390665531158447,3.638197183609009,4.450071679924236,3.701059936574749,0.0,0,two_ankles,accepted,4.390665531158447,3.638197183609009,0.11332243792171402
213,7.1,detected,2,5,0.8911152482032776,ankle_midpoint,971.9016723632812,595.2662963867188,0.9825912117958069,0.9867362380027771,3.1071701049804688,1.3247865438461304,3.111913309721963,1.2530973005200439,0.0,0,two_ankles,accepted,3.1071701049804688,1.3247865438461304,0.08390446953369578
213,7.1,detected,3,1,0.9212533831596375,ankle_midpoint,1136.953369140625,811.747314453125,0.9669229984283447,0.9439241886138916,4.140010833740234,9.146002769470215,4.197348445736148,9.31338690289097,0.0,0,two_ankles,accepted,4.140010833740234,9.146002769470215,0.28771357993538693
213,7.1,detected,4,3,0.9234630465507507,ankle_midpoint,789.8436279296875,829.0526733398438,0.9801586270332336,0.9810166954994202,1.9783986806869507,9.624741554260254,1.9262909774581143,9.674685461961879,0.0,0,two_ankles,accepted,1.9783986806869507,9.624741554260254,0.11726192317934102
214,7.133333333333334,detected,1,2,0.8897507190704346,ankle_midpoint,1117.368408203125,645.9921875,0.9709795713424683,0.960153341293335,4.293482780456543,3.6746203899383545,4.3796066751637746,3.6891621405883717,0.0,0,two_ankles,accepted,4.293482780456543,3.6746203899383545,0.10378408834353448
214,7.133333333333334,detected,2,5,0.8985121250152588,ankle_midpoint,973.4471435546875,594.726806640625,0.982763409614563,0.9866291284561157,3.121088743209839,1.2965224981307983,3.116042254791507,1.2726386394448834,0.0,0,two_ankles,accepted,3.121088743209839,1.2965224981307983,0.03150531336708877
214,7.133333333333334,detected,3,1,0.923107385635376,ankle_midpoint,1125.895263671875,803.9632568359375,0.9792690873146057,0.9671491980552673,4.080945014953613,8.947009086608887,4.144966901884008,9.148516885564032,0.0,0,two_ankles,accepted,4.080945014953613,8.947009086608887,0.20757470165617195
214,7.133333333333334,detected,4,3,0.9213098287582397,ankle_midpoint,789.0675048828125,824.1045532226562,0.9790663123130798,0.9806133508682251,1.9662315845489502,9.504196166992188,1.9442642506489904,9.59796527922552,0.0,0,two_ankles,accepted,1.9662315845489502,9.504196166992188,0.12115786652149109
215,7.166666666666667,detected,1,2,0.8816656470298767,ankle_midpoint,1113.114990234375,643.1646118164062,0.9235788583755493,0.9112186431884766,4.264672756195068,3.5539395809173584,4.327886411627857,3.6283119887364164,0.0,0,two_ankles,accepted,4.264672756195068,3.5539395809173584,0.12407205633787524
215,7.166666666666667,detected,2,5,0.8877357840538025,ankle_midpoint,975.8818969726562,593.6556396484375,0.9740766882896423,0.9786728024482727,3.1431047916412354,1.2403852939605713,3.128220396373885,1.258124633976943,0.0,0,two_ankles,accepted,3.1431047916412354,1.2403852939605713,0.060300017251932465
215,7.166666666666667,detected,3,1,0.9286729693412781,ankle_midpoint,1117.953125,800.5291137695312,0.9714359641075134,0.9555517435073853,4.034840106964111,8.858296394348145,4.095409844170055,9.017917664516883,0.0,0,two_ankles,accepted,4.034840106964111,8.858296394348145,0.09997801912855439
215,7.166666666666667,detected,4,3,0.9210386276245117,ankle_midpoint,791.4624633789062,824.590087890625,0.9792338609695435,0.9803361296653748,1.9817726612091064,9.51577377319336,1.9611430354010428,9.560979101511048,0.0,0,two_ankles,accepted,1.9817726612091064,9.51577377319336,0.01937952602893752
216,7.2,detected,1,2,0.8842785954475403,ankle_midpoint,1099.182373046875,642.6576538085938,0.9203833937644958,0.9161940813064575,4.151124477386475,3.535053014755249,4.248343541219235,3.5863454504448913,0.0,0,two_ankles,accepted,4.151124477386475,3.535053014755249,0.1151082707792532
216,7.2,detected,2,5,0.8880890011787415,ankle_midpoint,979.50341796875,591.0372314453125,0.9762566089630127,0.9806315898895264,3.1762211322784424,1.1027497053146362,3.149820727530936,1.1882059160789051,0.0,0,two_ankles,accepted,3.1762211322784424,1.1027497053146362,0.14156358034152913
216,7.2,detected,3,1,0.9134171009063721,ankle_midpoint,1112.55517578125,790.2603759765625,0.9836598634719849,0.9717337489128113,4.0136542320251465,8.585156440734863,4.058619818704846,8.823175113814974,0.0,0,two_ankles,accepted,4.0136542320251465,8.585156440734863,0.2739603539872054
216,7.2,detected,4,3,0.9274570345878601,ankle_midpoint,798.0360107421875,823.66357421875,0.9573678970336914,0.9571914672851562,2.0211021900177,9.492117881774902,1.9881246549785385,9.529991552629784,0.0,0,two_ankles,accepted,2.0211021900177,9.492117881774902,0.04589567555998969
217,7.233333333333333,detected,1,2,0.8789113759994507,ankle_midpoint,1094.97509765625,640.8092041015625,0.9712520837783813,0.9668380618095398,4.119965553283691,3.455685615539551,4.190573446648241,3.5275485247374885,0.0,0,two_ankles,accepted,4.119965553283691,3.455685615539551,0.08526466213799842
217,7.233333333333333,detected,2,5,0.8859267234802246,ankle_midpoint,983.3882446289062,585.569091796875,0.9826303124427795,0.9815948009490967,3.2128357887268066,0.811613917350769,3.178177505069078,1.018739516651244,0.0,0,two_ankles,accepted,3.2128357887268066,0.811613917350769,0.2934291739077312
217,7.233333333333333,detected,3,1,0.9140702486038208,ankle_midpoint,1111.0927734375,790.5363159179688,0.9842658042907715,0.9684996008872986,4.003781318664551,8.592841148376465,4.033942493686713,8.719524829367645,0.0,0,two_ankles,accepted,4.003781318664551,8.592841148376465,0.012511161007784953
217,7.233333333333333,detected,4,3,0.9242104291915894,ankle_midpoint,802.0856323242188,824.1038818359375,0.9615317583084106,0.9602622389793396,2.0467944145202637,9.502370834350586,2.014526046772315,9.517562229404145,0.0,0,two_ankles,accepted,2.0467944145202637,9.502370834350586,0.027662491507623458
218,7.266666666666667,detected,1,2,0.8785818219184875,ankle_midpoint,1083.118896484375,646.312255859375,0.9712291359901428,0.9699206352233887,4.0128679275512695,3.695716142654419,4.110605963054604,3.6032239528001075,0.0,0,two_ankles,accepted,4.0128679275512695,3.695716142654419,0.26283940987714033
218,7.266666666666667,detected,2,5,0.8886828422546387,ankle_midpoint,985.4788818359375,585.4195556640625,0.9579388499259949,0.9624512791633606,3.2320168018341064,0.8030450940132141,3.2024051886133407,0.9216770264641307,0.0,0,two_ankles,accepted,3.2320168018341064,0.8030450940132141,0.021007998410430086
218,7.266666666666667,detected,3,1,0.9173082709312439,ankle_midpoint,1105.5040283203125,793.64453125,0.9927048087120056,0.9793227314949036,3.9635517597198486,8.677360534667969,4.002266663401625,8.700550896752791,0.0,0,two_ankles,accepted,3.9635517597198486,8.677360534667969,0.09360525664714414
218,7.266666666666667,detected,4,3,0.9225628972053528,ankle_midpoint,803.7700805664062,825.104248046875,0.9661842584609985,0.9667783379554749,2.0585999488830566,9.526662826538086,2.034359302722149,9.521657498114418,0.0,0,two_ankles,accepted,2.0585999488830566,9.526662826538086,0.027008730551964982
219,7.3,detected,1,2,0.8737039566040039,ankle_midpoint,1073.4345703125,645.5555419921875,0.960789144039154,0.9527018070220947,3.93489146232605,3.6654434204101562,4.031534437726755,3.6312227132246298,0.0,0,two_ankles,accepted,3.93489146232605,3.6654434204101562,0.08364667860171245
219,7.3,detected,2,5,0.8836656808853149,ankle_midpoint,988.39306640625,583.2517700195312,0.9583179950714111,0.9652613997459412,3.259479284286499,0.685420036315918,3.228088531666262,0.815361380897435,0.0,0,two_ankles,accepted,3.259479284286499,0.685420036315918,0.12078841890156612
219,7.3,detected,3,1,0.916159451007843,ankle_midpoint,1101.5999755859375,796.8931884765625,0.9929145574569702,0.9730081558227539,3.9343624114990234,8.764618873596191,3.9717097500454543,8.729381486332322,0.0,0,two_ankles,accepted,3.9343624114990234,8.764618873596191,0.09201106325909493
219,7.3,detected,4,3,0.918485701084137,ankle_midpoint,802.4197387695312,824.9482421875,0.9726649522781372,0.9671918749809265,2.050037145614624,9.523030281066895,2.0414143320237628,9.522275250443034,0.0,0,two_ankles,accepted,2.050037145614624,9.523030281066895,0.009301450769323757
220,7.333333333333333,detected,1,2,0.8759086728096008,ankle_midpoint,1058.474609375,646.8668823242188,0.9633209109306335,0.9477165937423706,3.81079363822937,3.7247066497802734,3.932201077952932,3.67329048467467,0.0,0,two_ankles,accepted,3.81079363822937,3.7247066497802734,0.13752236291202088
220,7.333333333333333,detected,2,5,0.8667360544204712,ankle_midpoint,991.9170532226562,576.0606689453125,0.9522202610969543,0.9595541954040527,3.294999599456787,0.2894115746021271,3.253173699894018,0.7116393277968962,0.0,0,two_ankles,corrected_motion_outlier,3.283833349950164,0.5848679295629042,0.3975982828669153
220,7.333333333333333,detected,3,1,0.9120748043060303,ankle_midpoint,1100.0810546875,796.0831298828125,0.9864403605461121,0.9788897037506104,3.9255404472351074,8.743304252624512,3.9509335637807985,8.735646731163808,0.0,0,two_ankles,accepted,3.9255404472351074,8.743304252624512,0.023068162489461072
220,7.333333333333333,detected,4,3,0.9193540215492249,ankle_midpoint,807.7009887695312,822.1883544921875,0.993648111820221,0.9922478199005127,2.0789577960968018,9.454438209533691,2.0583088908566305,9.49174858203383,0.0,0,two_ankles,accepted,2.0789577960968018,9.454438209533691,0.07443974947249851
221,7.366666666666666,detected,1,2,0.8802593350410461,ankle_midpoint,1052.14697265625,644.4647827148438,0.9564561247825623,0.9383751153945923,3.762075424194336,3.6232614517211914,3.8556445337615646,3.6507774198456047,0.0,0,two_ankles,accepted,3.762075424194336,3.6232614517211914,0.11253707206076485
221,7.366666666666666,detected,2,5,0.8679395318031311,ankle_midpoint,991.78466796875,574.52099609375,0.9593554735183716,0.9658433198928833,3.2944388389587402,0.20334820449352264,3.2717430124731433,0.48290832231037817,0.0,0,two_ankles,accepted,3.2944388389587402,0.20334820449352264,0.24166889616760842
221,7.366666666666666,detected,3,1,0.9064528346061707,ankle_midpoint,1098.2659912109375,794.3870239257812,0.9865832924842834,0.9718462824821472,3.915830373764038,8.698317527770996,3.935137128273257,8.718848589637043,0.0,0,two_ankles,accepted,3.915830373764038,8.698317527770996,0.04602272199533058
221,7.366666666666666,detected,4,3,0.9209721088409424,ankle_midpoint,807.916015625,822.00341796875,0.9943159222602844,0.9918033480644226,2.0800416469573975,9.44984245300293,2.0680886311019755,9.472890823969927,0.0,0,two_ankles,accepted,2.0800416469573975,9.44984245300293,0.004721833412780785
222,7.4,detected,1,2,0.8647854924201965,ankle_midpoint,1041.656494140625,647.0667724609375,0.9885798096656799,0.98795086145401,3.6733415126800537,3.7368505001068115,3.7736081742748846,3.689510305963148,0.0,0,two_ankles,accepted,3.6733415126800537,3.7368505001068115,0.14413944278293578
222,7.4,detected,2,5,0.810380756855011,ankle_midpoint,991.3339233398438,574.6152954101562,0.9112565517425537,0.9540731310844421,3.2901790142059326,0.20875893533229828,3.2800392132528984,0.3595410981702422,0.0,0,two_ankles,accepted,3.2901790142059326,0.20875893533229828,0.006886371695915793
222,7.4,detected,3,1,0.9001102447509766,ankle_midpoint,1095.10009765625,786.8756713867188,0.9855331778526306,0.9648629426956177,3.9041008949279785,8.495745658874512,3.9211708232678815,8.618452270793904,0.0,0,two_ankles,accepted,3.9041008949279785,8.495745658874512,0.20291116958408184
222,7.4,detected,4,3,0.9248359799385071,ankle_midpoint,809.104736328125,820.84716796875,0.9857471585273743,0.9799069166183472,2.085862398147583,9.42108154296875,2.076086826272499,9.449576647519397,0.0,0,two_ankles,accepted,2.085862398147583,9.42108154296875,0.029344012854622053
223,7.433333333333334,detected,1,2,0.8959596157073975,ankle_midpoint,1029.1787109375,648.6364135742188,0.9771118760108948,0.9690998792648315,3.5702009201049805,3.8061788082122803,3.682074909898428,3.742011131975258,0.0,0,two_ankles,accepted,3.5702009201049805,3.8061788082122803,0.12427548487736452
223,7.433333333333334,detected,2,5,0.7805848121643066,ankle_midpoint,993.4969482421875,576.5234375,0.8904556632041931,0.9450066685676575,3.3095247745513916,0.3147598206996918,3.2933077158372206,0.33938952330849453,0.0,0,two_ankles,accepted,3.3095247745513916,0.3147598206996918,0.10775178022666368
223,7.433333333333334,detected,3,1,0.9077284336090088,ankle_midpoint,1093.7857666015625,780.841064453125,0.9662363529205322,0.8945892453193665,3.902595281600952,8.329646110534668,3.9128118295177634,8.488489498677248,0.0,0,two_ankles,accepted,3.902595281600952,8.329646110534668,0.1661063720336779
223,7.433333333333334,detected,4,3,0.9293535351753235,ankle_midpoint,807.1044921875,819.340087890625,0.9928561449050903,0.9899879097938538,2.0713648796081543,9.383955001831055,2.073961950273544,9.420046906959644,0.0,0,two_ankles,accepted,2.0713648796081543,9.383955001831055,0.039856719642364716
224,7.466666666666667,detected,1,2,0.8863497376441956,ankle_midpoint,1025.6478271484375,648.4210205078125,0.9746719598770142,0.9650800228118896,3.5416624546051025,3.7978148460388184,3.618889305016432,3.7671228033038604,0.0,0,two_ankles,accepted,3.5416624546051025,3.7978148460388184,0.029738861382487807
224,7.466666666666667,detected,2,5,0.6850706934928894,ankle_midpoint,988.265869140625,576.481689453125,0.8830574750900269,0.9166096448898315,3.260775327682495,0.3138425648212433,3.2786681411675946,0.3278933919892315,0.0,0,two_ankles,accepted,3.260775327682495,0.3138425648212433,0.048758075519547625
224,7.466666666666667,detected,3,1,0.8996447324752808,ankle_midpoint,1092.694091796875,774.5925903320312,0.964482307434082,0.9073926210403442,3.902798891067505,8.154555320739746,3.908306007215147,8.338219118605373,0.0,0,two_ankles,accepted,3.902798891067505,8.154555320739746,0.1750909081815055
224,7.466666666666667,detected,4,3,0.9275484085083008,ankle_midpoint,807.7193603515625,819.356689453125,0.99224853515625,0.9892061948776245,2.0752177238464355,9.384281158447266,2.0745270483813454,9.403952320129076,0.0,0,two_ankles,accepted,2.0752177238464355,9.384281158447266,0.0038666247377726216
225,7.5,detected,1,2,0.8716546297073364,ankle_midpoint,1022.36474609375,647.5137939453125,0.9719995856285095,0.9671209454536438,3.5156562328338623,3.760024309158325,3.572434422534276,3.7639284809383695,0.0,0,two_ankles,accepted,3.5156562328338623,3.760024309158325,0.045874265645684656
225,7.5,detected,2,5,0.4185517430305481,ankle_midpoint,991.23779296875,580.0454711914062,0.8397868275642395,0.8760331869125366,3.2869760990142822,0.5099369883537292,3.282406722198604,0.4098130103532555,0.0,0,two_ankles,accepted,3.2869760990142822,0.5099369883537292,0.19783706265237205
225,7.5,detected,3,1,0.8831948637962341,ankle_midpoint,1096.197998046875,771.935302734375,0.9527422785758972,0.9080393314361572,3.9293789863586426,8.078508377075195,3.9177888478297205,8.221349284916794,0.0,0,two_ankles,accepted,3.9293789863586426,8.078508377075195,0.08055829632263409
225,7.5,detected,4,3,0.9254098534584045,ankle_midpoint,808.0231323242188,819.1355590820312,0.9912976026535034,0.9876821637153625,2.076808452606201,9.378737449645996,2.075553680282531,9.39260562841169,0.0,0,two_ankles,accepted,2.076808452606201,9.378737449645996,0.005767419289458566
226,7.533333333333333,detected,1,2,0.8858457803726196,ankle_midpoint,1017.488525390625,649.3178100585938,0.9660653471946716,0.963508665561676,3.474655866622925,3.8374955654144287,3.5284340723741683,3.7970336689525963,0.0,0,two_ankles,accepted,3.474655866622925,3.8374955654144287,0.08765172887815643
226,7.533333333333333,detected,3,1,0.8741182088851929,ankle_midpoint,1109.4248046875,769.475830078125,0.953005313873291,0.873943030834198,4.021065711975098,8.006024360656738,3.9642634366951404,8.12445306899977,0.0,0,two_ankles,accepted,4.021065711975098,8.006024360656738,0.11687766377892
226,7.533333333333333,detected,4,3,0.9257261157035828,ankle_midpoint,808.630126953125,818.91162109375,0.98897784948349,0.9847233295440674,2.0802860260009766,9.373077392578125,2.0776832358558317,9.383817922286585,0.0,0,two_ankles,accepted,2.0802860260009766,9.373077392578125,0.006643023613356132
226,7.533333333333333,predicted,2,,,motion_prediction,,,,,,,3.2914250418314652,0.5678301016946949,,1,,motion_prediction,3.2914250418314652,0.5678301016946949,
227,7.566666666666666,detected,1,2,0.8889340162277222,ankle_midpoint,1016.7009887695312,649.6976318359375,0.9700860977172852,0.9717744588851929,3.4679980278015137,3.853691816329956,3.501237852316474,3.8225298352724084,0.0,0,two_ankles,accepted,3.4679980278015137,3.853691816329956,0.017511292399209417
227,7.566666666666666,detected,3,1,0.8734443187713623,ankle_midpoint,1108.1055908203125,771.8490600585938,0.9695802927017212,0.8759415149688721,4.008999824523926,8.074186325073242,3.9843948112180936,8.101833034232833,0.0,0,two_ankles,accepted,4.008999824523926,8.074186325073242,0.06922166592260758
227,7.566666666666666,detected,4,3,0.9255281090736389,ankle_midpoint,808.7040405273438,819.5833129882812,0.9886994957923889,0.9842202067375183,2.0816590785980225,9.389778137207031,2.079472365089818,9.386500019000787,0.0,0,two_ankles,accepted,2.0816590785980225,9.389778137207031,0.016757092366941093
227,7.566666666666666,predicted,2,,,motion_prediction,,,,,,,3.2958739846486482,0.6257232150356606,,2,,motion_prediction,3.2958739846486482,0.6257232150356606,
228,7.6,detected,1,2,0.8908424377441406,ankle_midpoint,1014.18896484375,651.6424560546875,0.9467989206314087,0.9517686367034912,3.446345567703247,3.9359562397003174,3.476536324240522,3.8735717172649675,0.0,0,two_ankles,accepted,3.446345567703247,3.9359562397003174,0.08506623525679903
228,7.6,detected,3,1,0.8549379706382751,ankle_midpoint,1086.6387939453125,771.1666259765625,0.9881250858306885,0.9371693730354309,3.8664422035217285,8.058055877685547,3.931316137754729,8.082133313786555,0.0,0,two_ankles,accepted,3.8664422035217285,8.058055877685547,0.14346730163606383
228,7.6,detected,4,3,0.9276906251907349,ankle_midpoint,809.0921630859375,822.5503540039062,0.9894831776618958,0.9860134720802307,2.0880768299102783,9.463173866271973,2.0833443742590254,9.421003250272822,0.0,0,two_ankles,accepted,2.0880768299102783,9.463173866271973,0.07367578012400172
228,7.6,predicted,2,,,motion_prediction,,,,,,,3.300322927465831,0.6836163283766263,,3,,motion_prediction,3.300322927465831,0.6836163283766263,
229,7.633333333333334,detected,1,2,0.8760073781013489,ankle_midpoint,1013.5322265625,650.197998046875,0.9403552412986755,0.9378219246864319,3.441958427429199,3.8754501342773438,3.4609762706754266,3.874417004920537,0.0,0,two_ankles,accepted,3.441958427429199,3.8754501342773438,0.060664946989510936
229,7.633333333333334,detected,3,1,0.8676851391792297,ankle_midpoint,1076.21337890625,774.1151733398438,0.9913057684898376,0.9527359008789062,3.793698310852051,8.143597602844238,3.8693881156485244,8.109792243862513,0.0,0,two_ankles,accepted,3.793698310852051,8.143597602844238,0.112290073754819
229,7.633333333333334,detected,4,3,0.9269300103187561,ankle_midpoint,810.3959350585938,825.024658203125,0.9901680946350098,0.9869634509086609,2.0994482040405273,9.523795127868652,2.0905910976607016,9.467259595190946,0.0,0,two_ankles,accepted,2.0994482040405273,9.523795127868652,0.061678566027293213
229,7.633333333333334,predicted,2,,,motion_prediction,,,,,,,3.304771870283014,0.741509441717592,,4,,motion_prediction,3.304771870283014,0.741509441717592,
230,7.666666666666667,detected,1,2,0.8769202828407288,ankle_midpoint,1018.7099609375,650.269775390625,0.9383680820465088,0.9572649002075195,3.483893632888794,3.8773651123046875,3.471289083671442,3.875743653243405,0.0,0,two_ankles,accepted,3.483893632888794,3.8773651123046875,0.04197890658156347
230,7.666666666666667,detected,3,1,0.8769182562828064,ankle_midpoint,1073.857666015625,771.5858154296875,0.9838136434555054,0.9383079409599304,3.7805986404418945,8.072030067443848,3.829432851805541,8.092799264474113,0.0,0,two_ankles,accepted,3.7805986404418945,8.072030067443848,0.07275653570739118
230,7.666666666666667,detected,4,3,0.9272089600563049,ankle_midpoint,810.1240234375,827.4268798828125,0.9896571040153503,0.9864875674247742,2.1009409427642822,9.582476615905762,2.095248527957313,9.519107254512614,0.0,0,two_ankles,accepted,2.1009409427642822,9.582476615905762,0.05870047109816758
230,7.666666666666667,predicted,2,,,motion_prediction,,,,,,,3.309220813100197,0.7994025550585577,,5,,motion_prediction,3.309220813100197,0.7994025550585577,
231,7.7,detected,1,2,0.8662112355232239,ankle_midpoint,1019.6454467773438,646.1163940429688,0.9735051393508911,0.974999725818634,3.494530439376831,3.7010738849639893,3.481747693738867,3.7971422575176677,0.0,0,two_ankles,accepted,3.494530439376831,3.7010738849639893,0.17661182998189476
231,7.7,detected,3,1,0.8928439021110535,ankle_midpoint,1065.01611328125,776.352294921875,0.9875212907791138,0.9491314888000488,3.7171239852905273,8.208515167236328,3.778893861873785,8.14487142071711,0.0,0,two_ankles,accepted,3.7171239852905273,8.208515167236328,0.15052313547075857
231,7.7,detected,4,3,0.9323090314865112,ankle_midpoint,809.957275390625,828.3941650390625,0.9899585843086243,0.9858981370925903,2.101186990737915,9.606006622314453,2.097920836208584,9.558211970023443,0.0,0,two_ankles,accepted,2.101186990737915,9.606006622314453,0.023531292807629323
231,7.7,predicted,2,,,motion_prediction,,,,,,,3.3136697559173798,0.8572956683995233,,6,,motion_prediction,3.3136697559173798,0.8572956683995233,
232,7.733333333333333,detected,1,2,0.849412202835083,ankle_midpoint,1021.7139892578125,640.4744873046875,0.9632260799407959,0.9658109545707703,3.515817165374756,3.4571995735168457,3.4970789559750175,3.6441680497172984,0.0,0,two_ankles,accepted,3.515817165374756,3.4571995735168457,0.24480156144830675
232,7.733333333333333,detected,3,1,0.8941349983215332,ankle_midpoint,1057.5634765625,782.3807373046875,0.992555558681488,0.9572376012802124,3.6626133918762207,8.377877235412598,3.7265676503748812,8.249724037330079,0.0,0,two_ankles,accepted,3.6626133918762207,8.377877235412598,0.17791828161075302
232,7.733333333333333,detected,4,3,0.9312040209770203,ankle_midpoint,809.325927734375,828.3421630859375,0.9902550578117371,0.9865102171897888,2.0972330570220947,9.60483169555664,2.0976113355746637,9.579190846513383,0.0,0,two_ankles,accepted,2.0972330570220947,9.60483169555664,0.00412480844589472
232,7.733333333333333,predicted,2,,,motion_prediction,,,,,,,3.3181186987345628,0.915188781740489,,7,,motion_prediction,3.3181186987345628,0.915188781740489,
233,7.766666666666667,detected,1,2,0.847728967666626,ankle_midpoint,1026.0732421875,642.337158203125,0.9448531866073608,0.9472706317901611,3.5502095222473145,3.537158966064453,3.5209877107975514,3.5960139620735183,0.0,0,two_ankles,accepted,3.5502095222473145,3.537158966064453,0.08704216603366328
233,7.766666666666667,detected,3,1,0.8909944891929626,ankle_midpoint,1055.778076171875,783.96142578125,0.98201984167099,0.9414342045783997,3.649583339691162,8.421773910522461,3.691924710567208,8.327146480266652,0.0,0,two_ankles,accepted,3.649583339691162,8.421773910522461,0.045789740615625255
233,7.766666666666667,detected,4,3,0.9312403798103333,ankle_midpoint,808.5924072265625,827.8793334960938,0.9920814037322998,0.9882744550704956,2.09210467338562,9.593690872192383,2.095133337589594,9.585715858068934,0.0,0,two_ankles,accepted,2.09210467338562,9.593690872192383,0.012264512381519833
233,7.766666666666667,predicted,2,,,motion_prediction,,,,,,,3.3225676415517458,0.9730818950814547,,8,,motion_prediction,3.3225676415517458,0.9730818950814547,
234,7.8,detected,1,2,0.8514567613601685,ankle_midpoint,1025.0655517578125,641.3582153320312,0.9084545969963074,0.9481433033943176,3.542736053466797,3.494920492172241,3.530774464998712,3.5505219006179436,0.0,0,two_ankles,accepted,3.542736053466797,3.494920492172241,0.04289453825787659
234,7.8,detected,3,1,0.9024366736412048,ankle_midpoint,1060.6171875,780.4984130859375,0.9730353951454163,0.9442952275276184,3.6843221187591553,8.325201034545898,3.6885035442535843,8.326271029692315,0.0,0,two_ankles,accepted,3.6843221187591553,8.325201034545898,0.10263090735991455
234,7.8,detected,4,3,0.9294453859329224,ankle_midpoint,807.456787109375,831.7498779296875,0.9937490224838257,0.9909701347351074,2.090261220932007,9.687427520751953,2.0929408850936797,9.631486106276292,0.0,0,two_ankles,accepted,2.090261220932007,9.687427520751953,0.09375477374581588
234,7.8,predicted,2,,,motion_prediction,,,,,,,3.3270165843689283,1.0309750084224203,,9,,motion_prediction,3.3270165843689283,1.0309750084224203,
235,7.833333333333333,detected,1,2,0.8515573740005493,ankle_midpoint,1024.407470703125,642.888671875,0.933223307132721,0.9537730813026428,3.536057472229004,3.56137752532959,3.5331518182523434,3.555406931738185,0.0,0,two_ankles,accepted,3.536057472229004,3.56137752532959,0.06679177122540422
235,7.833333333333333,detected,3,1,0.9026185274124146,ankle_midpoint,1061.969970703125,781.35986328125,0.9741489291191101,0.9563034772872925,3.6924798488616943,8.348923683166504,3.6902928813272338,8.3364647237557,0.0,0,two_ankles,accepted,3.6924798488616943,8.348923683166504,0.025086104081793698
235,7.833333333333333,detected,4,3,0.9255846738815308,ankle_midpoint,805.443603515625,837.2979736328125,0.9888133406639099,0.9836545586585999,2.085308074951172,9.820158958435059,2.0895061205295513,9.716388889747737,0.0,0,two_ankles,accepted,2.085308074951172,9.820158958435059,0.1328238239343062
235,7.833333333333333,predicted,2,,,motion_prediction,,,,,,,3.3314655271861113,1.0888681217633862,,10,,motion_prediction,3.3314655271861113,1.0888681217633862,
236,7.866666666666666,detected,1,2,0.8459200859069824,ankle_midpoint,1023.3853759765625,643.1788330078125,0.933586597442627,0.955739438533783,3.5274267196655273,3.574131488800049,3.5305755238882766,3.5638329824160238,0.0,0,two_ankles,accepted,3.5274267196655273,3.574131488800049,0.015399788116002098
236,7.866666666666666,detected,3,1,0.9023099541664124,ankle_midpoint,1064.133544921875,780.7738037109375,0.9809908866882324,0.9697216153144836,3.7072534561157227,8.332318305969238,3.697925139982054,8.334598835751793,0.0,0,two_ankles,accepted,3.7072534561157227,8.332318305969238,0.02222606629972446
236,7.866666666666666,detected,4,3,0.9260514974594116,ankle_midpoint,804.47509765625,836.264404296875,0.993436872959137,0.9910473227500916,2.0780444145202637,9.79576301574707,2.084348352825372,9.752107246447437,0.0,0,two_ankles,accepted,2.0780444145202637,9.79576301574707,0.025454327382414772
236,7.866666666666666,predicted,2,,,motion_prediction,,,,,,,3.3359144700032943,1.1467612351043517,,11,,motion_prediction,3.3359144700032943,1.1467612351043517,
237,7.9,detected,1,2,0.8222005367279053,ankle_midpoint,1027.663330078125,646.4346923828125,0.9258981943130493,0.9594144821166992,3.5597541332244873,3.7129290103912354,3.5437058980895717,3.6309261950048692,0.0,0,two_ankles,accepted,3.5597541332244873,3.7129290103912354,0.14251250354712008
237,7.9,detected,3,1,0.8957359194755554,ankle_midpoint,1068.832275390625,782.443115234375,0.9835425615310669,0.9748169779777527,3.7366390228271484,8.377883911132812,3.715346387262347,8.354077119673253,0.0,0,two_ankles,accepted,3.7366390228271484,8.377883911132812,0.0542193314683462
237,7.9,detected,4,3,0.9254556894302368,ankle_midpoint,801.7310180664062,838.5770263671875,0.9909639358520508,0.9857677817344666,2.064457416534424,9.850919723510742,2.075397431494445,9.796572861125926,0.0,0,two_ankles,accepted,2.064457416534424,9.850919723510742,0.05680553604706426
237,7.9,predicted,2,,,motion_prediction,,,,,,,3.3403634128204773,1.2046543484453174,,12,,motion_prediction,3.3403634128204773,1.2046543484453174,
238,7.933333333333334,detected,1,2,0.7922908067703247,ankle_midpoint,1028.126708984375,644.949951171875,0.9323437213897705,0.9508541226387024,3.564821720123291,3.6493101119995117,3.553208018004746,3.6391989576524586,0.0,0,two_ankles,accepted,3.564821720123291,3.6493101119995117,0.06382040950631218
238,7.933333333333334,detected,3,1,0.8951584100723267,ankle_midpoint,1073.866943359375,787.00439453125,0.9884631037712097,0.9785294532775879,3.7652499675750732,8.502469062805176,3.7378029984030743,8.420853494082618,0.0,0,two_ankles,accepted,3.7652499675750732,8.502469062805176,0.1278281900700881
238,7.933333333333334,detected,4,3,0.9262272715568542,ankle_midpoint,800.3182373046875,840.2952880859375,0.9906418919563293,0.986190676689148,2.0582079887390137,9.891597747802734,2.067662182254501,9.83933406013049,0.0,0,two_ankles,accepted,2.0582079887390137,9.891597747802734,0.04115527922478417
239,7.966666666666667,detected,1,2,0.7368239760398865,ankle_midpoint,1030.1033935546875,643.9627685546875,0.9441197514533997,0.9588857889175415,3.5818896293640137,3.6064603328704834,3.566114743116416,3.62446657650057,0.0,0,two_ankles,accepted,3.5818896293640137,3.6064603328704834,0.04612393193620918
239,7.966666666666667,detected,3,1,0.908282458782196,ankle_midpoint,1075.08447265625,787.021728515625,0.9908430576324463,0.9799017906188965,3.7731852531433105,8.502758979797363,3.7537250130361812,8.457710962654254,0.0,0,two_ankles,accepted,3.7731852531433105,8.502758979797363,0.007940579885111307
239,7.966666666666667,detected,4,3,0.9257112145423889,ankle_midpoint,799.916748046875,842.1510009765625,0.9903414249420166,0.9858338236808777,2.0582833290100098,9.935171127319336,2.06344169829448,9.88246074036547,0.0,0,two_ankles,accepted,2.0582833290100098,9.935171127319336,0.04357344464985786
240,8.0,detected,1,2,0.7670818567276001,ankle_midpoint,1034.624755859375,642.0086669921875,0.9471275210380554,0.9732738137245178,3.620863437652588,3.521056652069092,3.5907516556576935,3.577932110506405,0.0,0,two_ankles,accepted,3.620863437652588,3.521056652069092,0.09387622929656113
240,8.0,detected,3,1,0.9098549485206604,ankle_midpoint,1075.586669921875,788.599365234375,0.9903501868247986,0.9821915030479431,3.7749013900756836,8.545660018920898,3.7632543827039573,8.497288037974245,0.0,0,two_ankles,accepted,3.7749013900756836,8.545660018920898,0.04293535004922807
240,8.0,detected,4,3,0.9260472059249878,ankle_midpoint,800.491455078125,845.3482666015625,0.9887140393257141,0.9825049042701721,2.066030979156494,10.009577751159668,2.0646068746823865,9.93966339522286,0.0,0,two_ankles,accepted,2.066030979156494,10.009577751159668,0.07480890156999356
241,8.033333333333333,detected,1,2,0.7760345935821533,ankle_midpoint,1043.557373046875,642.8509521484375,0.9449871182441711,0.9720640778541565,3.6934545040130615,3.5555670261383057,3.6369679374176096,3.5678678225407605,0.0,0,two_ankles,accepted,3.6934545040130615,3.5555670261383057,0.08037679288045621
241,8.033333333333333,detected,3,1,0.9059311151504517,ankle_midpoint,1080.0673828125,792.3509521484375,0.9907874464988708,0.9827820658683777,3.8002564907073975,8.6464204788208,3.779905331305506,8.564397636355196,0.0,0,two_ankles,accepted,3.8002564907073975,8.6464204788208,0.10390164294795422
241,8.033333333333333,detected,4,3,0.9258781671524048,ankle_midpoint,801.2421875,846.560302734375,0.9918604493141174,0.9877162575721741,2.0721518993377686,10.037550926208496,2.0680021357773084,9.983712784166396,0.0,0,two_ankles,accepted,2.0721518993377686,10.037550926208496,0.028635016783265778
242,8.066666666666666,detected,1,2,0.8052548766136169,ankle_midpoint,1035.28173828125,642.4248046875,0.9643969535827637,0.9784010648727417,3.6258621215820312,3.5389404296875,3.6319703202915994,3.5548504957567935,0.0,0,two_ankles,accepted,3.6258621215820312,3.5389404296875,0.06960728318387806
242,8.066666666666666,detected,3,1,0.9092664122581482,ankle_midpoint,1084.1224365234375,795.7985229492188,0.9920159578323364,0.9858065247535706,3.822918176651001,8.738089561462402,3.7992611117109787,8.642559002653439,0.0,0,two_ankles,accepted,3.822918176651001,8.738089561462402,0.09442866472718596
242,8.066666666666666,detected,4,3,0.9290295243263245,ankle_midpoint,802.3257446289062,846.5521240234375,0.9924087524414062,0.9885182976722717,2.0786497592926025,10.037217140197754,2.072793566359191,10.007789744380506,0.0,0,two_ankles,accepted,2.0786497592926025,10.037217140197754,0.006506427367888025
243,8.1,detected,1,2,0.8371944427490234,ankle_midpoint,1044.686767578125,642.5094604492188,0.9624762535095215,0.9758694767951965,3.703118324279785,3.5405490398406982,3.6639869220862833,3.5484148405945506,0.0,0,two_ankles,accepted,3.703118324279785,3.5405490398406982,0.07727294793070477
243,8.1,detected,3,1,0.9100742936134338,ankle_midpoint,1090.1131591796875,803.7294921875,0.9802395701408386,0.978704571723938,3.852931022644043,8.946128845214844,3.8234125716308576,8.77916543180607,0.0,0,two_ankles,accepted,3.852931022644043,8.946128845214844,0.21019304105709802
243,8.1,detected,4,3,0.9283229112625122,ankle_midpoint,804.306396484375,845.093994140625,0.9929437041282654,0.9899516701698303,2.088651657104492,10.003169059753418,2.0799297071945766,10.005710436298319,0.0,0,two_ankles,accepted,2.088651657104492,10.003169059753418,0.035486754455478935
244,8.133333333333333,detected,1,2,0.8512883186340332,ankle_midpoint,1047.7099609375,640.808349609375,0.979885995388031,0.9887064695358276,3.729966640472412,3.4660329818725586,3.693677795360041,3.5113430041696545,0.0,0,two_ankles,accepted,3.729966640472412,3.4660329818725586,0.07920527114713025
244,8.133333333333333,detected,3,1,0.8991796374320984,ankle_midpoint,1098.434326171875,811.63427734375,0.9819248914718628,0.9799284338951111,3.8970272541046143,9.14863395690918,3.856539178744048,8.94542626810247,0.0,0,two_ankles,accepted,3.8970272541046143,9.14863395690918,0.20725056789152532
244,8.133333333333333,detected,4,3,0.9270530343055725,ankle_midpoint,806.3551635742188,844.394287109375,0.9936449527740479,0.9914064407348633,2.100081443786621,9.986638069152832,2.0889979886609966,9.99712787108285,0.0,0,two_ankles,accepted,2.100081443786621,9.986638069152832,0.020097603683912963
245,8.166666666666666,detected,1,2,0.8444031476974487,ankle_midpoint,1051.368408203125,638.6512451171875,0.9854959845542908,0.9919883012771606,3.7627997398376465,3.3709182739257812,3.724782670374964,3.448151875559912,0.0,0,two_ankles,accepted,3.7627997398376465,3.3709182739257812,0.10062216496243809
245,8.166666666666666,detected,3,1,0.9067675471305847,ankle_midpoint,1102.9334716796875,814.278076171875,0.9804627895355225,0.9791025519371033,3.9223544597625732,9.215142250061035,3.8861560552023846,9.066798459983826,0.0,0,two_ankles,accepted,3.9223544597625732,9.215142250061035,0.07116755162581957
245,8.166666666666666,detected,4,3,0.920422375202179,ankle_midpoint,806.7333984375,846.79150390625,0.9938263297080994,0.9920557141304016,2.1054317951202393,10.042167663574219,2.096393201567656,10.017395777703966,0.0,0,two_ankles,accepted,2.1054317951202393,10.042167663574219,0.05578675574002177
246,8.2,detected,1,2,0.8497785925865173,ankle_midpoint,1050.580322265625,634.8861083984375,0.9739198088645935,0.9824009537696838,3.7609102725982666,3.204704999923706,3.7410400913754502,3.3386007815236196,0.0,0,two_ankles,accepted,3.7609102725982666,3.204704999923706,0.16622401312968477
246,8.2,detected,3,1,0.9124245047569275,ankle_midpoint,1111.12060546875,815.3074951171875,0.9900959730148315,0.9891362190246582,3.972581148147583,9.239995002746582,3.925047347027724,9.144736904227067,0.0,0,two_ankles,accepted,3.972581148147583,9.239995002746582,0.056039089412425615
246,8.2,detected,4,3,0.9181952476501465,ankle_midpoint,806.135009765625,849.9850463867188,0.9935141801834106,0.9922128319740295,2.1059162616729736,10.115747451782227,2.100678578615049,10.061654031039183,0.0,0,two_ankles,accepted,2.1059162616729736,10.115747451782227,0.07358138311132785
247,8.233333333333333,detected,1,2,0.8247843980789185,ankle_midpoint,1056.506591796875,631.13330078125,0.981105625629425,0.9873377084732056,3.815352439880371,3.03523850440979,3.7744806482026645,3.2020877568223964,0.0,0,two_ankles,accepted,3.815352439880371,3.03523850440979,0.1779967490718321
247,8.233333333333333,detected,3,1,0.9149873852729797,ankle_midpoint,1118.521484375,814.6134033203125,0.9922173023223877,0.9907116293907166,4.019957065582275,9.221407890319824,3.9677567203772726,9.179238847968808,0.0,0,two_ankles,accepted,4.019957065582275,9.221407890319824,0.05089163291881804
247,8.233333333333333,detected,4,3,0.921430766582489,ankle_midpoint,808.21533203125,854.1370849609375,0.9934964179992676,0.9933731555938721,2.1235406398773193,10.210124969482422,2.110966506183071,10.12846595333864,0.0,0,two_ankles,accepted,2.1235406398773193,10.210124969482422,0.09600903371214865
248,8.266666666666667,detected,1,2,0.8115794658660889,ankle_midpoint,1056.9945068359375,633.101806640625,0.9681602716445923,0.9794014692306519,3.8167898654937744,3.1236135959625244,3.793519795983664,3.1667743844354543,0.0,0,two_ankles,accepted,3.8167898654937744,3.1236135959625244,0.08838678068211474
248,8.266666666666667,detected,3,1,0.9153544902801514,ankle_midpoint,1121.3187255859375,818.0878295898438,0.9939299821853638,0.9930329322814941,4.032998085021973,9.30846118927002,3.997115334467388,9.237388901554354,0.0,0,two_ankles,accepted,4.032998085021973,9.30846118927002,0.08802468430013617
248,8.266666666666667,detected,4,3,0.9256748557090759,ankle_midpoint,810.443603515625,855.132080078125,0.9934358596801758,0.9935666918754578,2.1380112171173096,10.232365608215332,2.1231366261034785,10.175220798033152,0.0,0,two_ankles,accepted,2.1380112171173096,10.232365608215332,0.02653382024711758
249,8.3,detected,1,2,0.8382888436317444,ankle_midpoint,1061.9527587890625,627.93408203125,0.9849509000778198,0.9918317198753357,3.865689992904663,2.8888208866119385,3.825996384598114,3.0416953104148723,0.0,0,two_ankles,accepted,3.865689992904663,2.8888208866119385,0.2398308546142257
249,8.3,detected,2,28,0.45961353182792664,ankle_midpoint,1141.624267578125,559.2106323242188,0.9887868762016296,0.9502001404762268,4.7506937980651855,-0.7260202765464783,4.7506937980651855,-0.7260202765464783,2.955330366382929,0,two_ankles,accepted,4.7506937980651855,-0.7260202765464783,0.07982250125685192
249,8.3,detected,3,1,0.9140814542770386,ankle_midpoint,1128.3447265625,820.4410400390625,0.9957485795021057,0.9951268434524536,4.073767185211182,9.366235733032227,4.031608667302096,9.295369975719396,0.0,0,two_ankles,accepted,4.073767185211182,9.366235733032227,0.07071080141795125
249,8.3,detected,4,3,0.9307025074958801,ankle_midpoint,813.6637573242188,857.5006103515625,0.9941800832748413,0.9945030212402344,2.159965753555298,10.285348892211914,2.1397097334567974,10.224778440413594,0.0,0,two_ankles,accepted,2.159965753555298,10.285348892211914,0.05735180950300889
250,8.333333333333334,detected,1,2,0.8517717719078064,ankle_midpoint,1068.48388671875,627.8779296875,0.9755101799964905,0.9824928045272827,3.920943021774292,2.884766101837158,3.8687223713273946,2.971077166554901,0.0,0,two_ankles,accepted,3.920943021774292,2.884766101837158,0.055401610796418505
250,8.333333333333334,detected,2,28,0.223389133810997,ankle_midpoint,1148.867919921875,563.1548461914062,0.9449499249458313,0.8248766660690308,4.806449890136719,-0.49364617466926575,4.775784039497376,-0.6214519307017327,0.0,0,two_ankles,accepted,4.806449890136719,-0.49364617466926575,0.23896959017065422
250,8.333333333333334,detected,3,1,0.9271687269210815,ankle_midpoint,1137.6962890625,826.16552734375,0.9962385892868042,0.9957542419433594,4.123961448669434,9.50633430480957,4.073167418917398,9.390303923809974,0.0,0,two_ankles,accepted,4.123961448669434,9.50633430480957,0.1488189299053314
250,8.333333333333334,detected,4,3,0.9313580393791199,ankle_midpoint,815.5218505859375,859.8928833007812,0.993596076965332,0.9942790269851685,2.1737725734710693,10.338717460632324,2.15503801146322,10.276050999512023,0.0,0,two_ankles,accepted,2.1737725734710693,10.338717460632324,0.05512560540647644
251,8.366666666666667,detected,1,2,0.8545233011245728,ankle_midpoint,1072.01953125,628.103515625,0.9702463150024414,0.9812371134757996,3.9504499435424805,2.894256114959717,3.9054997788241836,2.9365076933370684,0.0,0,two_ankles,accepted,3.9504499435424805,2.894256114959717,0.030995463882644656
251,8.366666666666667,detected,2,28,0.21134449541568756,ankle_midpoint,1150.11181640625,563.7222900390625,0.9285303950309753,0.8062919974327087,4.816331386566162,-0.46058544516563416,4.79403034567833,-0.5490620122104883,0.0,0,two_ankles,accepted,4.816331386566162,-0.46058544516563416,0.03450588075962412
251,8.366666666666667,detected,3,1,0.9259795546531677,ankle_midpoint,1143.64208984375,826.9744873046875,0.9966885447502136,0.996321439743042,4.1595845222473145,9.525318145751953,4.112055115415861,9.451060323683866,0.0,0,two_ankles,accepted,4.1595845222473145,9.525318145751953,0.040365698161443996
251,8.366666666666667,detected,4,3,0.9302487373352051,ankle_midpoint,816.9688110351562,860.7501220703125,0.9933644533157349,0.9943490624427795,2.1833062171936035,10.357660293579102,2.1677587040418924,10.312775181842209,0.0,0,two_ankles,accepted,2.1833062171936035,10.357660293579102,0.021206632987764196
252,8.4,detected,1,2,0.8535493016242981,ankle_midpoint,1076.091796875,629.1473388671875,0.9867281317710876,0.9901836514472961,3.9831016063690186,2.9408657550811768,3.940420601219359,2.9384688211219174,0.0,0,two_ankles,accepted,3.9831016063690186,2.9408657550811768,0.05690860776358827
252,8.4,detected,3,1,0.9173864126205444,ankle_midpoint,1156.8828125,836.6925048828125,0.9962471127510071,0.9953534603118896,4.2264227867126465,9.758151054382324,4.163520567499415,9.589251152498173,0.0,0,two_ankles,accepted,4.2264227867126465,9.758151054382324,0.24223648969140962
252,8.4,detected,4,3,0.9247902631759644,ankle_midpoint,819.4384765625,865.4984130859375,0.9940522313117981,0.9950500130653381,2.203230619430542,10.462545394897461,2.1837210659667847,10.380171777717074,0.0,0,two_ankles,accepted,2.203230619430542,10.462545394897461,0.1067607900076701
252,8.4,predicted,2,,,motion_prediction,,,,,,,4.842714847798375,-0.3878654846004978,,1,,motion_prediction,4.842714847798375,-0.3878654846004978,
253,8.433333333333334,detected,1,2,0.8338241577148438,ankle_midpoint,1077.866943359375,628.3883056640625,0.9845429062843323,0.988584041595459,3.9993481636047363,2.9059104919433594,3.9669380042927793,2.9238175729915667,0.0,0,two_ankles,accepted,3.9993481636047363,2.9059104919433594,0.03854634928300615
253,8.433333333333334,detected,3,1,0.9122840762138367,ankle_midpoint,1161.54150390625,841.7811889648438,0.9952148199081421,0.9950954914093018,4.2469482421875,9.877999305725098,4.201063021109054,9.71918782145029,0.0,0,two_ankles,accepted,4.2469482421875,9.877999305725098,0.12159316457914396
253,8.433333333333334,detected,4,3,0.914935290813446,ankle_midpoint,821.3981323242188,868.1583862304688,0.9932317733764648,0.9944425225257874,2.2176527976989746,10.520674705505371,2.19899034524627,10.44339809522181,0.0,0,two_ankles,accepted,2.2176527976989746,10.520674705505371,0.059891702077644667
253,8.433333333333334,predicted,2,,,motion_prediction,,,,,,,4.869098309030587,-0.31514552403536145,,2,,motion_prediction,4.869098309030587,-0.31514552403536145,
254,8.466666666666667,detected,1,2,0.8528971076011658,ankle_midpoint,1078.9501953125,628.3223876953125,0.9848577976226807,0.988244891166687,4.008604526519775,2.902658224105835,3.9856879392949276,2.9142958659929876,0.0,0,two_ankles,accepted,4.008604526519775,2.902658224105835,0.009811090688700527
254,8.466666666666667,detected,3,1,0.9241901636123657,ankle_midpoint,1167.63720703125,838.984619140625,0.9938437938690186,0.9937599301338196,4.2883782386779785,9.811164855957031,4.24035486901507,9.760577486978324,0.0,0,two_ankles,accepted,4.2883782386779785,9.811164855957031,0.07863388763759079
254,8.466666666666667,detected,4,3,0.9128786325454712,ankle_midpoint,822.982666015625,869.719482421875,0.9921663999557495,0.9936017394065857,2.228604793548584,10.554551124572754,2.2123168469823113,10.493416958429734,0.0,0,two_ankles,accepted,2.228604793548584,10.554551124572754,0.03560278053634012
254,8.466666666666667,predicted,2,,,motion_prediction,,,,,,,4.8954817702627995,-0.2424255634702251,,3,,motion_prediction,4.8954817702627995,-0.2424255634702251,
255,8.5,detected,1,2,0.8551234602928162,ankle_midpoint,1083.8076171875,627.4681396484375,0.9836061000823975,0.987439751625061,4.051140785217285,2.8625361919403076,4.015141719959988,2.8910040126692818,0.0,0,two_ankles,accepted,4.051140785217285,2.8625361919403076,0.05847316281058419
255,8.5,detected,2,28,0.279577374458313,ankle_midpoint,1153.522705078125,565.47314453125,0.9528284072875977,0.905620813369751,4.842592239379883,-0.3589460849761963,4.815883197844029,-0.4635098449550569,0.0,0,two_ankles,accepted,4.842592239379883,-0.3589460849761963,0.026244275483215132
255,8.5,detected,3,1,0.9233843684196472,ankle_midpoint,1178.971923828125,841.8206787109375,0.9945854544639587,0.9939504861831665,4.352568626403809,9.876585960388184,4.290851059840002,9.812781300012762,0.0,0,two_ankles,accepted,4.352568626403809,9.876585960388184,0.09165329662038424
255,8.5,detected,4,3,0.9146631360054016,ankle_midpoint,825.614013671875,872.8690185546875,0.99176424741745,0.9927668571472168,2.2472848892211914,10.622562408447266,2.2280524659898076,10.551532410937623,0.0,0,two_ankles,accepted,2.2472848892211914,10.622562408447266,0.0705299986431106
256,8.533333333333333,detected,1,2,0.8304780125617981,ankle_midpoint,1086.03515625,627.4032592773438,0.984852135181427,0.9887017011642456,4.070095062255859,2.8590586185455322,4.039870723993131,2.8766285853135947,0.0,0,two_ankles,accepted,4.070095062255859,2.8590586185455322,0.019270654757196796
256,8.533333333333333,detected,2,28,0.335697203874588,ankle_midpoint,1155.5439453125,568.2899169921875,0.9486801028251648,0.9122076034545898,4.851508140563965,-0.1960064172744751,4.8319144220679995,-0.34313330249879515,0.0,0,two_ankles,accepted,4.851508140563965,-0.1960064172744751,0.16318342012800088
256,8.533333333333333,detected,3,1,0.9197452068328857,ankle_midpoint,1187.123779296875,844.5950927734375,0.9925578832626343,0.9914693236351013,4.3971638679504395,9.940510749816895,4.338691823489699,9.870259552424622,0.0,0,two_ankles,accepted,4.3971638679504395,9.940510749816895,0.07794301939306293
256,8.533333333333333,detected,4,3,0.9200074076652527,ankle_midpoint,828.5714111328125,875.1149291992188,0.9911770820617676,0.9922916293144226,2.266774892807007,10.670595169067383,2.2454775580575475,10.605110652096016,0.0,0,two_ankles,accepted,2.266774892807007,10.670595169067383,0.05183634181310038
257,8.566666666666666,detected,1,2,0.8328929543495178,ankle_midpoint,1084.6639404296875,626.8773193359375,0.9881375432014465,0.991287887096405,4.059449672698975,2.83528470993042,4.048681250910761,2.8580238413911663,0.0,0,two_ankles,accepted,4.059449672698975,2.83528470993042,0.026048474996773655
257,8.566666666666666,detected,2,28,0.47297826409339905,ankle_midpoint,1158.0941162109375,563.9338989257812,0.9678299427032471,0.9265038967132568,4.8920979499816895,-0.4503905475139618,4.85899700962916,-0.39139906275562014,0.0,0,two_ankles,accepted,4.8920979499816895,-0.4503905475139618,0.25760205423534055
257,8.566666666666666,detected,3,1,0.921210765838623,ankle_midpoint,1193.1396484375,845.2662353515625,0.9954162836074829,0.9945762157440186,4.432314395904541,9.955365180969238,4.380821981076378,9.9085570852697,0.0,0,two_ankles,accepted,4.432314395904541,9.955365180969238,0.03816036871299589
257,8.566666666666666,detected,4,3,0.9220559000968933,ankle_midpoint,830.9144287109375,875.5092163085938,0.9909255504608154,0.9921632409095764,2.2807421684265137,10.678771018981934,2.2613466327235825,10.638257817194681,0.0,0,two_ankles,accepted,2.2807421684265137,10.678771018981934,0.01618423028928253
258,8.6,detected,1,2,0.8502574563026428,ankle_midpoint,1083.5435791015625,626.6905517578125,0.9875954389572144,0.9904679656028748,4.050300598144531,2.8269762992858887,4.049409957165958,2.844052447443792,0.0,0,two_ankles,accepted,4.050300598144531,2.8269762992858887,0.012358610465619634
258,8.6,detected,2,28,0.334811806678772,ankle_midpoint,1152.56884765625,565.252197265625,0.973381519317627,0.9619477987289429,4.83428430557251,-0.3715852200984955,4.847876292803667,-0.3824828335599141,0.0,0,two_ankles,accepted,4.83428430557251,-0.3715852200984955,0.09773790006404844
258,8.6,detected,3,1,0.9169610142707825,ankle_midpoint,1201.39892578125,849.2225952148438,0.9966578483581543,0.9966589212417603,4.474905490875244,10.04601764678955,4.4231595604858684,9.970414337953635,0.0,0,two_ankles,accepted,4.474905490875244,10.04601764678955,0.10015922788293836
258,8.6,detected,4,3,0.9216896295547485,ankle_midpoint,834.42822265625,877.1580200195312,0.9905563592910767,0.9907891154289246,2.3027005195617676,10.713659286499023,2.279955881800766,10.672188478381635,0.0,0,two_ankles,accepted,2.3027005195617676,10.713659286499023,0.04122329917562558
259,8.633333333333333,detected,1,2,0.8702102303504944,ankle_midpoint,1086.8896484375,626.1829833984375,0.9797613620758057,0.9837900996208191,4.079573154449463,2.8029019832611084,4.062983395943535,2.8255347385615845,0.0,0,two_ankles,accepted,4.079573154449463,2.8029019832611084,0.0379005968908985
259,8.633333333333333,detected,2,28,0.22328822314739227,ankle_midpoint,1150.401611328125,557.446533203125,0.944390594959259,0.9219271540641785,4.842248439788818,-0.8346585631370544,4.839806222559689,-0.3734265289693237,0.0,0,two_ankles,corrected_motion_outlier,4.829942803372605,-0.36235771224749097,0.46314182327524933
259,8.633333333333333,detected,3,1,0.9210278987884521,ankle_midpoint,1210.9453125,854.53271484375,0.9929473400115967,0.9928485155105591,4.522205829620361,10.166433334350586,4.467730381596391,10.058622886332262,0.0,0,two_ankles,accepted,4.522205829620361,10.166433334350586,0.12937256222321514
259,8.633333333333333,detected,4,3,0.9165578484535217,ankle_midpoint,837.185546875,881.30126953125,0.992316722869873,0.9925674200057983,2.3225841522216797,10.801448822021484,2.299138603490177,10.730355633019567,0.0,0,two_ankles,accepted,2.3225841522216797,10.801448822021484,0.09001311790513511
260,8.666666666666666,detected,1,2,0.8781563639640808,ankle_midpoint,1083.9085693359375,624.8504638671875,0.9884107112884521,0.9902498126029968,4.056713581085205,2.7421915531158447,4.060161979257287,2.788030305111002,0.0,0,two_ankles,accepted,4.056713581085205,2.7421915531158447,0.06487153784841874
260,8.666666666666666,detected,3,1,0.9255959987640381,ankle_midpoint,1215.2886962890625,858.546630859375,0.9912905693054199,0.9916670918464661,4.540484428405762,10.25673770904541,4.500469702660608,10.14777455655318,0.0,0,two_ankles,accepted,4.540484428405762,10.25673770904541,0.09213570026097836
260,8.666666666666666,detected,4,3,0.9183946847915649,ankle_midpoint,840.0823974609375,883.5737915039062,0.9919276237487793,0.9918307662010193,2.341336250305176,10.849042892456055,2.3181275445569267,10.783764899765988,0.0,0,two_ankles,accepted,2.341336250305176,10.849042892456055,0.051155026371451494
260,8.666666666666666,predicted,2,,,motion_prediction,,,,,,,4.825601301172701,-0.35313020439648646,,1,,motion_prediction,4.825601301172701,-0.35313020439648646,
261,8.7,detected,1,2,0.8829847574234009,ankle_midpoint,1084.91015625,623.566650390625,0.9863622784614563,0.9890618920326233,4.067575454711914,2.6825215816497803,4.06349804321187,2.740551379553452,0.0,0,two_ankles,accepted,4.067575454711914,2.6825215816497803,0.06065052179036502
261,8.7,detected,3,1,0.9280954003334045,ankle_midpoint,1222.737548828125,862.2953491210938,0.9928169250488281,0.9931383728981018,4.577419281005859,10.339797973632812,4.535097012915971,10.234185094239015,0.0,0,two_ankles,accepted,4.577419281005859,10.339797973632812,0.09090209507992775
261,8.7,detected,4,3,0.9179113507270813,ankle_midpoint,841.5013427734375,888.5020751953125,0.9820206761360168,0.9839541912078857,2.3539416790008545,10.951931953430176,2.3342439050566943,10.859440073914874,0.0,0,two_ankles,accepted,2.3539416790008545,10.951931953430176,0.10365836049609432
261,8.7,predicted,2,,,motion_prediction,,,,,,,4.821259798972796,-0.343902696545482,,2,,motion_prediction,4.821259798972796,-0.343902696545482,
262,8.733333333333333,detected,1,2,0.8869829773902893,ankle_midpoint,1084.701171875,623.0745849609375,0.9840271472930908,0.9876009225845337,4.06669807434082,2.659712791442871,4.064938057219898,2.704174014903691,0.0,0,two_ankles,accepted,4.06669807434082,2.659712791442871,0.022825658961317562
262,8.733333333333333,detected,3,1,0.929257869720459,ankle_midpoint,1224.6044921875,867.3711547851562,0.9845319390296936,0.9806579351425171,4.578644275665283,10.452049255371094,4.5546932811531615,10.332223966748451,0.0,0,two_ankles,accepted,4.578644275665283,10.452049255371094,0.11225796570311886
262,8.733333333333333,detected,4,3,0.9153145551681519,ankle_midpoint,842.8418579101562,892.925537109375,0.9877651929855347,0.9872865080833435,2.365504026412964,11.043206214904785,2.3483109596670158,10.942134837360335,0.0,0,two_ankles,accepted,2.365504026412964,11.043206214904785,0.09200368843374528
262,8.733333333333333,predicted,2,,,motion_prediction,,,,,,,4.816918296772892,-0.3346751886944775,,3,,motion_prediction,4.816918296772892,-0.3346751886944775,
263,8.766666666666667,detected,1,2,0.8865883350372314,ankle_midpoint,1084.595458984375,622.697509765625,0.9833734035491943,0.9861813187599182,4.066489219665527,2.642193078994751,4.065636080320431,2.676282593744668,0.0,0,two_ankles,accepted,4.066489219665527,2.642193078994751,0.01752095729519956
263,8.766666666666667,detected,3,1,0.9307560920715332,ankle_midpoint,1226.2535400390625,868.764404296875,0.9887108206748962,0.9843828082084656,4.585634708404541,10.482461929321289,4.568616923416283,10.39983104990623,0.0,0,two_ankles,accepted,4.585634708404541,10.482461929321289,0.03120571881375233
263,8.766666666666667,detected,4,3,0.917064368724823,ankle_midpoint,840.275146484375,894.214599609375,0.9832093119621277,0.9867517948150635,2.3521251678466797,11.069974899291992,2.3500273533478646,10.999662865229581,0.0,0,two_ankles,accepted,2.3521251678466797,11.069974899291992,0.029925847028255306
263,8.766666666666667,predicted,2,,,motion_prediction,,,,,,,4.812576794572987,-0.325447680843473,,4,,motion_prediction,4.812576794572987,-0.325447680843473,
264,8.8,detected,1,2,0.894311249256134,ankle_midpoint,1083.0537109375,621.5335693359375,0.9839426279067993,0.9851565361022949,4.055451393127441,2.5882420539855957,4.061052971083586,2.636664350853086,0.0,0,two_ankles,accepted,4.055451393127441,2.5882420539855957,0.05506856375667856
264,8.8,detected,3,1,0.9282742142677307,ankle_midpoint,1222.3564453125,871.5087890625,0.9885143637657166,0.9889988303184509,4.557628631591797,10.54295825958252,4.5636721920952645,10.46423829426056,0.0,0,two_ankles,accepted,4.557628631591797,10.54295825958252,0.06666443064721392
264,8.8,detected,4,3,0.9254394769668579,ankle_midpoint,841.321044921875,894.187744140625,0.9715174436569214,0.9851875305175781,2.358016014099121,11.06929874420166,2.3536222506859303,11.030999010767017,0.0,0,two_ankles,accepted,2.358016014099121,11.06929874420166,0.005929524034531345
264,8.8,predicted,2,,,motion_prediction,,,,,,,4.808235292373082,-0.31622017299246846,,5,,motion_prediction,4.808235292373082,-0.31622017299246846,
265,8.833333333333334,detected,1,2,0.8934897184371948,ankle_midpoint,1083.31103515625,620.4033203125,0.9856557846069336,0.9875608086585999,4.059717655181885,2.535219192504883,4.0604520789278205,2.5910140295963946,0.0,0,two_ankles,accepted,4.059717655181885,2.535219192504883,0.053194218027150755
265,8.833333333333334,detected,3,1,0.9304141998291016,ankle_midpoint,1222.558837890625,870.7327880859375,0.9939761161804199,0.9938608407974243,4.560272216796875,10.526009559631348,4.562142203210989,10.492035363677417,0.0,0,two_ankles,accepted,4.560272216796875,10.526009559631348,0.017153628559910043
265,8.833333333333334,detected,4,3,0.92572420835495,ankle_midpoint,841.5543823242188,893.3826904296875,0.9764730930328369,0.9876625537872314,2.358618974685669,11.052755355834961,2.355870776485813,11.040789366047592,0.0,0,two_ankles,accepted,2.358618974685669,11.052755355834961,0.016554372839838093
265,8.833333333333334,predicted,2,,,motion_prediction,,,,,,,4.803893790173178,-0.30699266514146395,,6,,motion_prediction,4.803893790173178,-0.30699266514146395,
266,8.866666666666667,detected,1,2,0.8898606896400452,ankle_midpoint,1083.479248046875,620.239013671875,0.9856841564178467,0.9879233241081238,4.061460494995117,2.5274620056152344,4.060905866158104,2.562415618804873,0.0,0,two_ankles,accepted,4.061460494995117,2.5274620056152344,0.007950562184872313
266,8.866666666666667,detected,3,1,0.9283472299575806,ankle_midpoint,1222.2940673828125,873.3718872070312,0.9765625596046448,0.9853894114494324,4.553768157958984,10.583460807800293,4.558373882847587,10.533176813532712,0.0,0,two_ankles,accepted,4.553768157958984,10.583460807800293,0.05781823845065227
266,8.866666666666667,detected,4,3,0.9269799590110779,ankle_midpoint,841.482177734375,893.5655517578125,0.9770892262458801,0.988035261631012,2.3583731651306152,11.0565185546875,2.356996851375974,11.047867500935551,0.0,0,two_ankles,accepted,2.3583731651306152,11.0565185546875,0.0037712183629573905
266,8.866666666666667,predicted,2,,,motion_prediction,,,,,,,4.799552287973273,-0.2977651572904595,,7,,motion_prediction,4.799552287973273,-0.2977651572904595,
267,8.9,detected,1,2,0.8874242305755615,ankle_midpoint,1082.5791015625,621.134521484375,0.9857901334762573,0.9894598722457886,4.052117824554443,2.569679021835327,4.056951247436457,2.565684150168577,0.0,0,two_ankles,accepted,4.052117824554443,2.569679021835327,0.04323843139489009
267,8.9,detected,3,1,0.9252972602844238,ankle_midpoint,1222.697021484375,874.1217041015625,0.9789117574691772,0.9871663451194763,4.5547099113464355,10.599653244018555,4.556725095672069,10.563091207251343,0.0,0,two_ankles,accepted,4.5547099113464355,10.599653244018555,0.01621979932444448
267,8.9,detected,4,3,0.9269856214523315,ankle_midpoint,842.2733154296875,891.9168701171875,0.9751492142677307,0.9874663949012756,2.3613877296447754,11.022513389587402,2.358972746596935,11.036458150828885,0.0,0,two_ankles,accepted,2.3613877296447754,11.022513389587402,0.03413852446569613
267,8.9,predicted,2,,,motion_prediction,,,,,,,4.795210785773369,-0.288537649439455,,8,,motion_prediction,4.795210785773369,-0.288537649439455,
268,8.933333333333334,detected,1,2,0.8931552767753601,ankle_midpoint,1082.4964599609375,621.37744140625,0.986649215221405,0.9897375702857971,4.050970077514648,2.581069231033325,4.054259720971643,2.572607436557714,0.0,0,two_ankles,accepted,4.050970077514648,2.581069231033325,0.011447890148036769
268,8.933333333333334,detected,3,1,0.9271694421768188,ankle_midpoint,1223.0213623046875,871.9154663085938,0.9863488674163818,0.9909511804580688,4.560742378234863,10.551730155944824,4.558532872825326,10.55797873416341,0.0,0,two_ankles,accepted,4.560742378234863,10.551730155944824,0.04830127355756269
268,8.933333333333334,detected,4,3,0.921748697757721,ankle_midpoint,843.6957397460938,888.24755859375,0.9736309051513672,0.9864686727523804,2.366213798522949,10.946372985839844,2.3622312199636415,10.995919826583817,0.0,0,two_ankles,accepted,2.366213798522949,10.946372985839844,0.07629319775483338
268,8.933333333333334,predicted,2,,,motion_prediction,,,,,,,4.790869283573464,-0.27931014158845047,,9,,motion_prediction,4.790869283573464,-0.27931014158845047,
269,8.966666666666667,detected,1,2,0.8944152593612671,ankle_midpoint,1082.4068603515625,621.3687744140625,0.9863609075546265,0.98969566822052,4.050219535827637,2.5806844234466553,4.052441637656841,2.576242080657738,0.0,0,two_ankles,accepted,4.050219535827637,2.5806844234466553,0.0008434392110289432
269,8.966666666666667,detected,3,1,0.9264073371887207,ankle_midpoint,1222.676513671875,869.8477783203125,0.9854156374931335,0.9903411865234375,4.562632083892822,10.50665283203125,4.5603775178056996,10.534882078203939,0.0,0,two_ankles,accepted,4.562632083892822,10.50665283203125,0.0451169161034197
269,8.966666666666667,detected,4,3,0.9201188087463379,ankle_midpoint,844.7726440429688,885.228759765625,0.9874089956283569,0.9892732501029968,2.3696837425231934,10.883217811584473,2.36558485511544,10.945203919834114,0.0,0,two_ankles,accepted,2.3696837425231934,10.883217811584473,0.0632504272443366
269,8.966666666666667,predicted,2,,,motion_prediction,,,,,,,4.786527781373559,-0.27008263373744595,,10,,motion_prediction,4.786527781373559,-0.27008263373744595,
270,9.0,detected,1,2,0.8913998007774353,ankle_midpoint,1083.661376953125,619.974609375,0.9943740367889404,0.9952759742736816,4.063507556915283,2.5149893760681152,4.05742130132314,2.548678363592408,0.0,0,two_ankles,accepted,4.063507556915283,2.5149893760681152,0.06702544855869566
270,9.0,detected,3,1,0.9227427244186401,ankle_midpoint,1223.40869140625,870.49560546875,0.9837301969528198,0.9902364611625671,4.565686225891113,10.520722389221191,4.562766436444136,10.528510218161703,0.0,0,two_ankles,accepted,4.565686225891113,10.520722389221191,0.014397229694172313
270,9.0,detected,4,3,0.9213260412216187,ankle_midpoint,846.1756591796875,884.2843017578125,0.9822841882705688,0.9855676889419556,2.3768787384033203,10.863229751586914,2.3706671025949864,10.908315544122875,0.0,0,two_ankles,accepted,2.3768787384033203,10.863229751586914,0.021243599228498118
270,9.0,predicted,2,,,motion_prediction,,,,,,,4.782186279173655,-0.26085512588644144,,11,,motion_prediction,4.782186279173655,-0.26085512588644144,
271,9.033333333333333,detected,1,2,0.8786361217498779,ankle_midpoint,1080.751953125,618.172119140625,0.9900124073028564,0.9934779405593872,4.041806697845459,2.4306085109710693,4.050394729758184,2.4955469299128055,0.0,0,two_ankles,accepted,4.041806697845459,2.4306085109710693,0.08712667604639943
271,9.033333333333333,detected,3,1,0.9271833300590515,ankle_midpoint,1219.990478515625,872.530517578125,0.9697099924087524,0.9840881824493408,4.5419182777404785,10.565488815307617,4.553384765027491,10.545150586877366,0.0,0,two_ankles,accepted,4.5419182777404785,10.565488815307617,0.05068479322087331
271,9.033333333333333,detected,4,3,0.9257022142410278,ankle_midpoint,846.459716796875,886.931884765625,0.9797443151473999,0.9847837686538696,2.3808176517486572,10.918625831604004,2.3752348497141385,10.912955173489383,0.0,0,two_ankles,accepted,2.3808176517486572,10.918625831604004,0.05553594079154412
271,9.033333333333333,predicted,2,,,motion_prediction,,,,,,,4.77784477697375,-0.251627618035437,,12,,motion_prediction,4.77784477697375,-0.251627618035437,
272,9.066666666666666,detected,1,2,0.8792251348495483,ankle_midpoint,1080.9736328125,616.9146728515625,0.9897908568382263,0.9944422841072083,4.045995235443115,2.3708741664886475,4.048414957316403,2.4394441863719347,0.0,0,two_ankles,accepted,4.045995235443115,2.3708741664886475,0.05988101333437523
272,9.066666666666666,detected,3,1,0.924362301826477,ankle_midpoint,1217.26953125,873.659423828125,0.9949755668640137,0.9961680769920349,4.523986339569092,10.590327262878418,4.540155473571211,10.565480091077841,0.0,0,two_ankles,accepted,4.523986339569092,10.590327262878418,0.030634994439527084
272,9.066666666666666,detected,4,3,0.9301841259002686,ankle_midpoint,846.251953125,888.553466796875,0.974297821521759,0.9865872263908386,2.3810431957244873,10.952420234680176,2.3778486054187953,10.93071445102524,0.0,0,two_ankles,accepted,2.3810431957244873,10.952420234680176,0.03379515570847112
273,9.1,detected,1,2,0.892808198928833,ankle_midpoint,1077.60888671875,615.5267944335938,0.9919496774673462,0.9962790608406067,4.019434452056885,2.3054707050323486,4.035373729949621,2.379156119769121,0.0,0,two_ankles,accepted,4.019434452056885,2.3054707050323486,0.0705909908172128
273,9.1,detected,3,1,0.9323983788490295,ankle_midpoint,1214.1767578125,880.5897827148438,0.9789409637451172,0.9879669547080994,4.493546962738037,10.7395601272583,4.5191816436962835,10.643816107359049,0.0,0,two_ankles,accepted,4.493546962738037,10.7395601272583,0.1523056252174799
273,9.1,detected,4,3,0.925961434841156,ankle_midpoint,849.4996337890625,892.6666870117188,0.9777058959007263,0.9868070483207703,2.4029998779296875,11.037076950073242,2.3891666780486966,10.97857757559684,0.0,0,two_ankles,accepted,2.4029998779296875,11.037076950073242,0.08745773467568664
274,9.133333333333333,detected,1,2,0.9065289497375488,ankle_midpoint,1073.8408203125,615.7845458984375,0.9934068918228149,0.9961498975753784,3.986416816711426,2.3186838626861572,4.013343118992433,2.3519436040817876,0.0,0,two_ankles,accepted,3.986416816711426,2.3186838626861572,0.03556334881574151
274,9.133333333333333,detected,3,1,0.9324193000793457,ankle_midpoint,1208.0819091796875,887.981689453125,0.9961963891983032,0.9967435002326965,4.445679187774658,10.896228790283203,4.486105538531552,10.757401814674918,0.0,0,two_ankles,accepted,4.445679187774658,10.896228790283203,0.16381817314924216
274,9.133333333333333,detected,4,3,0.9244965314865112,ankle_midpoint,849.1363525390625,894.7532958984375,0.9780831336975098,0.9885613322257996,2.402688503265381,11.079936981201172,2.3952514993962044,11.02418930811879,0.0,0,two_ankles,accepted,2.402688503265381,11.079936981201172,0.042861162168899174
275,9.166666666666666,detected,1,2,0.9001911878585815,ankle_midpoint,1072.4974365234375,617.03369140625,0.9929355978965759,0.9956473708152771,3.972705125808716,2.3785359859466553,3.99505602205976,2.363910175920978,0.0,0,two_ankles,accepted,3.972705125808716,2.3785359859466553,0.06140266383636227
275,9.166666666666666,detected,3,1,0.9329349994659424,ankle_midpoint,1207.693359375,892.1582641601562,0.9866678714752197,0.9901761412620544,4.4363932609558105,10.983104705810547,4.463735013622468,10.85896811568595,0.0,0,two_ankles,accepted,4.4363932609558105,10.983104705810547,0.08737077964399288
275,9.166666666666666,detected,4,3,0.9263108372688293,ankle_midpoint,848.6236572265625,895.1064453125,0.9768455028533936,0.9875453114509583,2.4000871181488037,11.087224006652832,2.397427527834874,11.052554922459109,0.0,0,two_ankles,accepted,2.4000871181488037,11.087224006652832,0.007737437848402532
276,9.2,detected,1,2,0.8959256410598755,ankle_midpoint,1071.17431640625,618.21142578125,0.9731733202934265,0.9807105660438538,3.9593498706817627,2.4347219467163086,3.9789882539396615,2.395775472778877,0.0,0,two_ankles,accepted,3.9593498706817627,2.4347219467163086,0.05775140714402576
276,9.2,detected,3,1,0.9303306341171265,ankle_midpoint,1201.617431640625,898.36181640625,0.989469051361084,0.9867089986801147,4.391750335693359,11.111156463623047,4.431341908554369,10.972452872257644,0.0,0,two_ankles,accepted,4.391750335693359,11.111156463623047,0.13561063179139
276,9.2,detected,4,3,0.9262438416481018,ankle_midpoint,849.6239013671875,895.548583984375,0.9771925806999207,0.9871610403060913,2.4061050415039062,11.096139907836914,2.4013324089859385,11.072168165879122,0.0,0,two_ankles,accepted,2.4061050415039062,11.096139907836914,0.010756797638340324
277,9.233333333333333,detected,1,2,0.8958461284637451,ankle_midpoint,1068.679443359375,619.6400146484375,0.9784185290336609,0.9829870462417603,3.9355952739715576,2.5027501583099365,3.959461412954015,2.443914081267854,0.0,0,two_ankles,accepted,3.9355952739715576,2.5027501583099365,0.07205635598260503
277,9.233333333333333,detected,3,1,0.9298625588417053,ankle_midpoint,1203.169189453125,907.5228271484375,0.9909684062004089,0.9880241751670837,4.385778427124023,11.295464515686035,4.410838341910714,11.117808111800421,0.0,0,two_ankles,accepted,4.385778427124023,11.295464515686035,0.18440477690996432
277,9.233333333333333,detected,4,3,0.9265418648719788,ankle_midpoint,850.3935546875,896.3087158203125,0.977694034576416,0.9867754578590393,2.4110770225524902,11.111559867858887,2.4057174850908867,11.089894431770016,0.0,0,two_ankles,accepted,2.4110770225524902,11.111559867858887,0.01620172097731328
278,9.266666666666667,detected,1,2,0.9013397693634033,ankle_midpoint,1067.7510986328125,620.52099609375,0.9796079397201538,0.9837968945503235,3.9262356758117676,2.544377326965332,3.944509831240004,2.489122541831719,0.0,0,two_ankles,accepted,3.9262356758117676,2.544377326965332,0.042666418269846455
278,9.266666666666667,detected,2,28,0.8460691571235657,ankle_midpoint,1147.9437255859375,557.0364990234375,0.9700716137886047,0.9831620454788208,4.819871425628662,-0.858732283115387,4.819871425628662,-0.858732283115387,0.025589669144717164,0,two_ankles,accepted,4.819871425628662,-0.858732283115387,0.02436801141426291
278,9.266666666666667,detected,3,1,0.9289602041244507,ankle_midpoint,1201.0115966796875,907.70947265625,0.9907620549201965,0.990398645401001,4.373446464538574,11.29943561553955,4.394011997093251,11.19954048848303,0.0,0,two_ankles,accepted,4.373446464538574,11.29943561553955,0.012955575450573827
278,9.266666666666667,detected,4,3,0.9238846302032471,ankle_midpoint,850.2418823242188,896.1932373046875,0.9767054915428162,0.9864163398742676,2.410126209259033,11.109223365783691,2.4077014109665527,11.09859245207617,0.0,0,two_ankles,accepted,2.410126209259033,11.109223365783691,0.00252255582027566
279,9.3,detected,1,2,0.8977174162864685,ankle_midpoint,1067.697509765625,620.8818969726562,0.9801590442657471,0.9834211468696594,3.925206422805786,2.561314344406128,3.935823297444606,2.5216088529902034,0.0,0,two_ankles,accepted,3.925206422805786,2.561314344406128,0.016968262183858024
279,9.3,detected,2,28,0.8364883661270142,ankle_midpoint,1146.12451171875,557.2970581054688,0.9809884428977966,0.9894077777862549,4.801223278045654,-0.8424566984176636,4.811479759216309,-0.8514082700014115,0.0,0,two_ankles,accepted,4.801223278045654,-0.8424566984176636,0.024751728536213543
279,9.3,detected,3,1,0.9239577651023865,ankle_midpoint,1199.122314453125,906.3702392578125,0.9658820033073425,0.9620752334594727,4.365002632141113,11.272957801818848,4.380957782864789,11.23257827948415,0.0,0,two_ankles,accepted,4.365002632141113,11.272957801818848,0.027791598100589062
279,9.3,detected,4,3,0.9248842597007751,ankle_midpoint,851.3619995117188,896.5523681640625,0.958124041557312,0.974501371383667,2.416738986968994,11.116409301757812,2.411768320167652,11.10661003443291,0.0,0,two_ankles,accepted,2.416738986968994,11.116409301757812,0.009765577548999541
280,9.333333333333334,detected,1,2,0.9138876795768738,ankle_midpoint,1066.0604248046875,620.3010864257812,0.9706270098686218,0.9759854674339294,3.9120991230010986,2.5344483852386475,3.925147418945028,2.5273866425020035,0.0,0,two_ankles,accepted,3.9120991230010986,2.5344483852386475,0.02989282639963456
280,9.333333333333334,detected,2,28,0.8480421304702759,ankle_midpoint,1146.184814453125,562.817138671875,0.9770153760910034,0.9827295541763306,4.781888008117676,-0.5128105282783508,4.803028055410222,-0.845555862297479,0.0,0,two_ankles,corrected_motion_outlier,4.792698195202781,-0.8384029195482281,0.33021273468887374
280,9.333333333333334,detected,3,1,0.9244582653045654,ankle_midpoint,1196.153564453125,905.8648681640625,0.9584388136863708,0.9510425329208374,4.349198341369629,11.263211250305176,4.366666034191967,11.246363116353614,0.0,0,two_ankles,accepted,4.349198341369629,11.263211250305176,0.01856800671042225
280,9.333333333333334,detected,4,3,0.9272010922431946,ankle_midpoint,851.9716796875,897.0565185546875,0.9599471092224121,0.9749155044555664,2.420586109161377,11.126602172851562,2.4157363252148283,11.115606496721306,0.0,0,two_ankles,accepted,2.420586109161377,11.126602172851562,0.010894722130322033
281,9.366666666666667,detected,1,2,0.9222031831741333,ankle_midpoint,1065.246337890625,620.45947265625,0.9738590121269226,0.9782171249389648,3.9048802852630615,2.542074680328369,3.9160272087881434,2.5339962595238683,0.0,0,two_ankles,accepted,3.9048802852630615,2.542074680328369,0.010501047332700759
281,9.366666666666667,detected,2,28,0.8507847189903259,ankle_midpoint,1150.1080322265625,568.5526123046875,0.9668930172920227,0.9789524078369141,4.798924446105957,-0.179350808262825,4.7945433310375805,-0.8405128375690702,0.005164420061854247,0,two_ankles,corrected_motion_outlier,4.784173112359907,-0.8343491406787927,0.3315549374486556
281,9.366666666666667,detected,3,1,0.9241636991500854,ankle_midpoint,1191.60595703125,906.818603515625,0.9861574172973633,0.980999231338501,4.322329998016357,11.282795906066895,4.346714817912943,11.26275787172459,0.0,0,two_ankles,accepted,4.322329998016357,11.282795906066895,0.033248558101883326
281,9.366666666666667,detected,4,3,0.9279007911682129,ankle_midpoint,851.19970703125,895.4964599609375,0.9790526032447815,0.9873383045196533,2.414959669113159,11.094884872436523,2.4153868299690773,11.106281765793154,0.0,0,two_ankles,accepted,2.414959669113159,11.094884872436523,0.03221248163730987
282,9.4,detected,1,2,0.9152306914329529,ankle_midpoint,1062.164306640625,618.670166015625,0.9735000133514404,0.9781938791275024,3.881165027618408,2.4585342407226562,3.900339227261763,2.5000383510633233,0.0,0,two_ankles,accepted,3.881165027618408,2.4585342407226562,0.08684134093084958
282,9.4,detected,2,28,0.7982897758483887,ankle_midpoint,1156.93994140625,574.1390380859375,0.9657995104789734,0.9795553088188171,4.843397617340088,0.13711600005626678,4.7860404453533345,-0.8359149734771995,0.3197807740499371,0,two_ankles,corrected_motion_outlier,4.775648029517034,-0.8302953618093573,0.32682672039721933
282,9.4,detected,3,1,0.9245619773864746,ankle_midpoint,1191.327880859375,906.0149536132812,0.9643399715423584,0.9608096480369568,4.321993827819824,11.266783714294434,4.33559037237104,11.26456950088102,0.0,0,two_ankles,accepted,4.321993827819824,11.266783714294434,0.01601572026975693
282,9.4,detected,4,3,0.9284297823905945,ankle_midpoint,851.44482421875,895.4268798828125,0.9816119074821472,0.9885879755020142,2.4162869453430176,11.093433380126953,2.4157918818873503,11.100499992243364,0.0,0,two_ankles,accepted,2.4162869453430176,11.093433380126953,0.0019668482694628186
283,9.433333333333334,detected,1,2,0.9081991910934448,ankle_midpoint,1057.220703125,617.638671875,0.9653293490409851,0.9734385013580322,3.8401567935943604,2.410867214202881,3.8732571321114317,2.4599113394761245,0.0,0,two_ankles,accepted,3.8401567935943604,2.410867214202881,0.06287941376164417
283,9.433333333333334,detected,2,28,0.8431872725486755,ankle_midpoint,1151.686767578125,573.5817260742188,0.9800775051116943,0.9871988892555237,4.796041488647461,0.10711219906806946,4.790540914835692,-0.41155274583182844,0.28380167297905523,0,two_ankles,accepted,4.796041488647461,0.10711219906806946,0.23739575896770432
283,9.433333333333334,detected,3,1,0.9234066009521484,ankle_midpoint,1193.391845703125,906.5443115234375,0.9698540568351746,0.9681793451309204,4.332720756530762,11.277112007141113,4.334299045242915,11.270213628698063,0.0,0,two_ankles,accepted,4.332720756530762,11.277112007141113,0.014890958085237835
283,9.433333333333334,detected,4,3,0.9280880093574524,ankle_midpoint,851.706298828125,895.140869140625,0.9828731417655945,0.9888713955879211,2.417530059814453,11.087555885314941,2.4165740619545466,11.094675144125574,0.0,0,two_ankles,accepted,2.417530059814453,11.087555885314941,0.006007518527172192
284,9.466666666666667,detected,1,2,0.9030616879463196,ankle_midpoint,1051.5718994140625,618.4371337890625,0.9795101284980774,0.9825949668884277,3.7904601097106934,2.450007677078247,3.8359984720310996,2.4554546913970796,0.0,0,two_ankles,accepted,3.7904601097106934,2.450007677078247,0.06325927776327396
284,9.466666666666667,detected,2,28,0.8438268899917603,ankle_midpoint,1150.436767578125,573.542236328125,0.9821183681488037,0.9873298406600952,4.7844319343566895,0.10522245615720749,4.787791873620141,-0.17900390493676227,0.0,0,two_ankles,accepted,4.7844319343566895,0.10522245615720749,0.01176235006703693
284,9.466666666666667,detected,3,1,0.9224237203598022,ankle_midpoint,1194.454833984375,907.594482421875,0.9720482230186462,0.9706571102142334,4.33704948425293,11.297920227050781,4.335536742797422,11.282681597956788,0.0,0,two_ankles,accepted,4.33704948425293,11.297920227050781,0.02125370319501446
284,9.466666666666667,detected,4,3,0.9282650947570801,ankle_midpoint,850.1719970703125,896.5074462890625,0.9825924634933472,0.9861305356025696,2.4099910259246826,11.115636825561523,2.413611695741108,11.104107900771751,0.0,0,two_ankles,accepted,2.4099910259246826,11.115636825561523,0.02907535446255503
285,9.5,detected,1,2,0.8939424753189087,ankle_midpoint,1046.9658203125,617.0614013671875,0.9900740385055542,0.9915293455123901,3.752605438232422,2.385877847671509,3.7984716068216953,2.424145111720573,0.0,0,two_ankles,accepted,3.752605438232422,2.385877847671509,0.07446886042142188
285,9.5,detected,2,28,0.8372000455856323,ankle_midpoint,1150.594482421875,572.653076171875,0.9811505079269409,0.9842885732650757,4.789029121398926,0.054878756403923035,4.788348635120594,-0.0737567073334539,0.0,0,two_ankles,accepted,4.789029121398926,0.054878756403923035,0.050553162448556656
285,9.5,detected,3,1,0.9225847125053406,ankle_midpoint,1195.7027587890625,906.5414428710938,0.9808338284492493,0.9715210199356079,4.345633506774902,11.27678108215332,4.3400802865872885,11.280026365845227,0.0,0,two_ankles,accepted,4.345633506774902,11.27678108215332,0.02281554052950713
285,9.5,detected,4,3,0.9295209646224976,ankle_midpoint,850.5684814453125,896.0845947265625,0.9814887642860413,0.9843696355819702,2.411879539489746,11.10696792602539,2.4128322254279952,11.105394912135889,0.0,0,two_ankles,accepted,2.411879539489746,11.10696792602539,0.008872220841085531
286,9.533333333333333,detected,1,2,0.891941487789154,ankle_midpoint,1039.4512939453125,615.7899780273438,0.9937015771865845,0.9939794540405273,3.68930983543396,2.327089548110962,3.7493488096972145,2.3804701080962483,0.0,0,two_ankles,accepted,3.68930983543396,2.327089548110962,0.08638516943805374
286,9.533333333333333,detected,2,28,0.8468570113182068,ankle_midpoint,1146.697021484375,571.62939453125,0.9802026748657227,0.9833769798278809,4.755856037139893,-0.002192876534536481,4.77372696602928,-0.04155298347394106,0.0,0,two_ankles,accepted,4.755856037139893,-0.002192876534536481,0.06601230798509604
286,9.533333333333333,detected,3,1,0.9231442213058472,ankle_midpoint,1200.758544921875,904.989013671875,0.9925745725631714,0.9846299290657043,4.3763275146484375,11.245134353637695,4.356391539214806,11.26432496035184,0.0,0,two_ankles,accepted,4.3763275146484375,11.245134353637695,0.04408670485625242
286,9.533333333333333,detected,4,3,0.9316794872283936,ankle_midpoint,851.5877685546875,895.3974609375,0.9799699187278748,0.9829238057136536,2.417070150375366,11.092815399169922,2.4147392916543122,11.099734131301204,0.0,0,two_ankles,accepted,2.417070150375366,11.092815399169922,0.015074364257264126
287,9.566666666666666,detected,1,2,0.8906463384628296,ankle_midpoint,1035.439208984375,615.9140625,0.9925186634063721,0.9924448132514954,3.654522180557251,2.3339626789093018,3.706676826584231,2.359541764962122,0.0,0,two_ankles,accepted,3.654522180557251,2.3339626789093018,0.035460130552383784
287,9.566666666666666,detected,2,28,0.8650712370872498,ankle_midpoint,1144.152587890625,570.136474609375,0.9689354300498962,0.9724816083908081,4.736939907073975,-0.08671607077121735,4.757172789499393,-0.06187637275771539,0.0,0,two_ankles,accepted,4.736939907073975,-0.08671607077121735,0.0866140308532192
287,9.566666666666666,detected,3,1,0.9220890998840332,ankle_midpoint,1200.799560546875,904.4741821289062,0.9930738210678101,0.9855145215988159,4.377372741699219,11.234807014465332,4.365833080332791,11.25104188470291,0.0,0,two_ankles,accepted,4.377372741699219,11.234807014465332,0.010380097974909195
287,9.566666666666666,detected,4,3,0.9302339553833008,ankle_midpoint,851.67138671875,895.6270751953125,0.9801493287086487,0.9834482669830322,2.4177298545837402,11.097496032714844,2.416085044972555,11.098726986937343,0.0,0,two_ankles,accepted,2.4177298545837402,11.097496032714844,0.004726895389618255
288,9.6,detected,1,2,0.8917193412780762,ankle_midpoint,1029.881591796875,615.4561767578125,0.9901609420776367,0.9890284538269043,3.6069891452789307,2.3134102821350098,3.6618173699968457,2.3387825976899217,0.0,0,two_ankles,accepted,3.6069891452789307,2.3134102821350098,0.051786006371779346
288,9.6,detected,2,28,0.8853400945663452,ankle_midpoint,1137.4700927734375,570.955078125,0.9830123782157898,0.9862473607063293,4.671011447906494,-0.03808948025107384,4.718400185782588,-0.05117227112972669,0.0,0,two_ankles,accepted,4.671011447906494,-0.03808948025107384,0.08192134663084982
288,9.6,detected,3,1,0.9207261800765991,ankle_midpoint,1203.624267578125,906.103515625,0.9949936270713806,0.9885684251785278,4.390582084655762,11.267096519470215,4.376970132278128,11.258266470348198,0.0,0,two_ankles,accepted,4.390582084655762,11.267096519470215,0.034886944188391215
288,9.6,detected,4,3,0.9267519116401672,ankle_midpoint,851.46826171875,897.3663330078125,0.9796693921089172,0.983665406703949,2.418001174926758,11.132966041564941,2.4169473034519466,11.114134561519762,0.0,0,two_ankles,accepted,2.418001174926758,11.132966041564941,0.035471046538755255
289,9.633333333333333,detected,1,2,0.9001404047012329,ankle_midpoint,1025.3681640625,616.96484375,0.9874649047851562,0.9853643774986267,3.5665996074676514,2.3863844871520996,3.6189693768587086,2.360203447947902,0.0,0,two_ankles,accepted,3.5665996074676514,2.3863844871520996,0.08340593121885889
289,9.633333333333333,detected,2,28,0.8739739060401917,ankle_midpoint,1132.47607421875,573.995361328125,0.9815055727958679,0.9863846898078918,4.614221572875977,0.1356632113456726,4.671519809974614,0.032903695984202994,0.0,0,two_ankles,accepted,4.614221572875977,0.1356632113456726,0.18279794239294897
289,9.633333333333333,detected,3,1,0.9250428080558777,ankle_midpoint,1206.2886962890625,904.0856323242188,0.9922524094581604,0.9824253916740417,4.408743858337402,11.22635555267334,4.391268309004802,11.243906557394514,0.0,0,two_ankles,accepted,4.408743858337402,11.22635555267334,0.04460578884861476
289,9.633333333333333,detected,4,3,0.9247897863388062,ankle_midpoint,852.414306640625,898.1739501953125,0.9771596789360046,0.9835156798362732,2.4239821434020996,11.149259567260742,2.420112981429516,11.129940814103204,0.0,0,two_ankles,accepted,2.4239821434020996,11.149259567260742,0.01735658271385104
290,9.666666666666666,detected,1,2,0.897182822227478,ankle_midpoint,1023.0931396484375,617.767333984375,0.9867652654647827,0.9843785166740417,3.5462918281555176,2.425001382827759,3.586264479942273,2.389362518643838,0.0,0,two_ankles,accepted,3.5462918281555176,2.425001382827759,0.04363107301241941
290,9.666666666666666,detected,2,28,0.8770796060562134,ankle_midpoint,1130.483154296875,574.64013671875,0.9837915897369385,0.9884167313575745,4.593514442443848,0.17248617112636566,4.636417394585769,0.0957158097981762,0.0,0,two_ankles,accepted,4.593514442443848,0.17248617112636566,0.04224589468509026
290,9.666666666666666,detected,3,1,0.9228636026382446,ankle_midpoint,1211.211181640625,905.1430053710938,0.9974600672721863,0.9890936613082886,4.434574127197266,11.246978759765625,4.410755927191412,11.245289048461515,0.0,0,two_ankles,accepted,4.434574127197266,11.246978759765625,0.03305328213875444
290,9.666666666666666,detected,4,3,0.9257392883300781,ankle_midpoint,853.060302734375,897.2210693359375,0.9772153496742249,0.9860825538635254,2.426853656768799,11.129819869995117,2.4231462853321935,11.129886389254565,0.0,0,two_ankles,accepted,2.426853656768799,11.129819869995117,0.019650634055782535
291,9.7,detected,1,2,0.8968908786773682,ankle_midpoint,1019.48046875,617.756103515625,0.9891859889030457,0.9891859889030457,3.5152194499969482,2.4253196716308594,3.554294216466877,2.405543237487998,0.0,0,two_ankles,accepted,3.5152194499969482,2.4253196716308594,0.031074008305838435
291,9.7,detected,2,28,0.8656165599822998,ankle_midpoint,1126.4468994140625,577.56103515625,0.9801164865493774,0.9842314720153809,4.54691219329834,0.33673837780952454,4.596140054006426,0.20417596540328295,0.0,0,two_ankles,accepted,4.54691219329834,0.33673837780952454,0.17073534205227436
291,9.7,detected,3,1,0.9231745004653931,ankle_midpoint,1215.879150390625,904.7498779296875,0.9980564117431641,0.991763710975647,4.46135950088501,11.238545417785645,4.433527535353531,11.242254414657374,0.0,0,two_ankles,accepted,4.46135950088501,11.238545417785645,0.028081622113820225
291,9.7,detected,4,3,0.9241127967834473,ankle_midpoint,852.0323486328125,897.044189453125,0.9730923771858215,0.9855279326438904,2.4209179878234863,11.126344680786133,2.422143551453275,11.128292620443773,0.0,0,two_ankles,accepted,2.4209179878234863,11.126344680786133,0.006878161517919498
292,9.733333333333333,detected,1,2,0.9013121724128723,ankle_midpoint,1016.5050048828125,619.1751098632812,0.9896451234817505,0.990354061126709,3.488530397415161,2.4930710792541504,3.524700497893605,2.444930766282767,0.0,0,two_ankles,accepted,3.488530397415161,2.4930710792541504,0.07281867042627689
292,9.733333333333333,detected,2,28,0.8624563217163086,ankle_midpoint,1122.4444580078125,579.496337890625,0.9812100529670715,0.9829748272895813,4.504012107849121,0.44484660029411316,4.554682478235639,0.31247775110415654,0.0,0,two_ankles,accepted,4.504012107849121,0.44484660029411316,0.11630909293914893
292,9.733333333333333,detected,3,1,0.9213202595710754,ankle_midpoint,1220.358154296875,904.33203125,0.9979269504547119,0.9916524291038513,4.487155437469482,11.229630470275879,4.457660091305709,11.236573639685702,0.0,0,two_ankles,accepted,4.487155437469482,11.229630470275879,0.027292977730031788
292,9.733333333333333,detected,4,3,0.9303469061851501,ankle_midpoint,851.921875,897.550048828125,0.9704684615135193,0.9793809056282043,2.420705556869507,11.136646270751953,2.4214964538905797,11.132051763082455,0.0,0,two_ankles,accepted,2.420705556869507,11.136646270751953,0.010303780021627906
293,9.766666666666667,detected,1,2,0.8988553285598755,ankle_midpoint,1015.6246337890625,618.8137817382812,0.9911030530929565,0.9915736317634583,3.481248617172241,2.4762377738952637,3.5051471515689916,2.4590189197083907,0.0,0,two_ankles,accepted,3.481248617172241,2.4762377738952637,0.018340787682422564
293,9.766666666666667,detected,2,28,0.8557167053222656,ankle_midpoint,1119.509033203125,579.341064453125,0.9825525283813477,0.9836576581001282,4.477206230163574,0.43707260489463806,4.51981816660321,0.36854543530987327,0.0,0,two_ankles,accepted,4.477206230163574,0.43707260489463806,0.027910393815988335
293,9.766666666666667,detected,3,1,0.9211001992225647,ankle_midpoint,1223.1826171875,904.8369750976562,0.9971899390220642,0.9911195635795593,4.502100467681885,11.239424705505371,4.477658260674989,11.237856619304553,0.0,0,two_ankles,accepted,4.502100467681885,11.239424705505371,0.017868435068025535
293,9.766666666666667,detected,4,3,0.9344215989112854,ankle_midpoint,851.5969848632812,897.1721801757812,0.9687288999557495,0.9803822040557861,2.4185683727264404,11.12900161743164,2.4201788173667174,11.130679197539589,0.0,0,two_ankles,accepted,2.4185683727264404,11.12900161743164,0.007937775535320926
294,9.8,detected,1,2,0.8960018754005432,ankle_midpoint,1012.4373779296875,620.0260009765625,0.9912900924682617,0.9912372827529907,3.4530346393585205,2.5340576171875,3.48169652107428,2.4927863335739904,0.0,0,two_ankles,accepted,3.4530346393585205,2.5340576171875,0.06433632583861072
294,9.8,detected,2,28,0.8391754031181335,ankle_midpoint,1115.47705078125,580.2491455078125,0.9757013320922852,0.9761335849761963,4.4372758865356445,0.48810750246047974,4.482674140572806,0.4223483655276462,0.0,0,two_ankles,accepted,4.4372758865356445,0.48810750246047974,0.06479963820732719
294,9.8,detected,3,1,0.9175222516059875,ankle_midpoint,1230.763427734375,904.2910766601562,0.9949207901954651,0.9827321767807007,4.545521259307861,11.227570533752441,4.508196610059782,11.233227880806105,0.0,0,two_ankles,accepted,4.545521259307861,11.227570533752441,0.045009849292954006
294,9.8,detected,4,3,0.9282616972923279,ankle_midpoint,849.3888549804688,894.0914306640625,0.9882479310035706,0.9941416382789612,2.4035634994506836,11.066349029541016,2.4127019243045025,11.10173062194023,0.0,0,two_ankles,accepted,2.4035634994506836,11.066349029541016,0.06442431987544775
295,9.833333333333334,detected,1,2,0.8920922875404358,ankle_midpoint,1009.5037841796875,620.0888061523438,0.9917460680007935,0.9910969734191895,3.4278643131256104,2.5376930236816406,3.4574720274973787,2.512994344122433,0.0,0,two_ankles,accepted,3.4278643131256104,2.5376930236816406,0.0254315061105072
295,9.833333333333334,detected,2,28,0.8540370464324951,ankle_midpoint,1111.880126953125,581.64892578125,0.9742380976676941,0.9744790196418762,4.400207996368408,0.5657126307487488,4.445564375680828,0.48686228487714245,0.0,0,two_ankles,accepted,4.400207996368408,0.5657126307487488,0.08600339771246826
295,9.833333333333334,detected,3,1,0.911743700504303,ankle_midpoint,1235.447509765625,903.888671875,0.9935911893844604,0.9787601828575134,4.5724992752075195,11.2189302444458,4.537132809376264,11.226793944443969,0.0,0,two_ankles,accepted,4.5724992752075195,11.2189302444458,0.028327865101074226
295,9.833333333333334,detected,4,3,0.9273264408111572,ankle_midpoint,848.2392578125,891.3682250976562,0.9897993803024292,0.9947667121887207,2.3947582244873047,11.01047420501709,2.4046272593867632,11.060665234324818,0.0,0,two_ankles,accepted,2.3947582244873047,11.01047420501709,0.05656437821421009
296,9.866666666666667,detected,1,2,0.8985460996627808,ankle_midpoint,1008.4580078125,619.9000244140625,0.9919251799583435,0.9910508394241333,3.419027328491211,2.529068946838379,3.4401719129446033,2.5202279153446088,0.0,0,two_ankles,accepted,3.419027328491211,2.529068946838379,0.012347752784498657
296,9.866666666666667,detected,2,28,0.8548607230186462,ankle_midpoint,1108.7418212890625,581.8780517578125,0.9784583449363708,0.9787288904190063,4.3706135749816895,0.5790475010871887,4.4118365153662165,0.5283456321716633,0.0,0,two_ankles,accepted,4.3706135749816895,0.5790475010871887,0.03245995292907372
296,9.866666666666667,detected,3,1,0.9127573370933533,ankle_midpoint,1237.9666748046875,903.8861083984375,0.9938978552818298,0.9797512888908386,4.586625576019287,11.218578338623047,4.559404554365624,11.223096921824556,0.0,0,two_ankles,accepted,4.586625576019287,11.218578338623047,0.014130683363964867
296,9.866666666666667,detected,4,3,0.9281072020530701,ankle_midpoint,848.1488037109375,889.7620239257812,0.9894579648971558,0.9949439167976379,2.392878293991089,10.977269172668457,2.39934022495871,11.023137006579457,0.0,0,two_ankles,accepted,2.392878293991089,10.977269172668457,0.033258206685634055
297,9.9,detected,1,2,0.8941941857337952,ankle_midpoint,1007.739013671875,620.5302734375,0.9899246692657471,0.9889965057373047,3.4124743938446045,2.55881929397583,3.427708029349604,2.5375940357286586,0.0,0,two_ankles,accepted,3.4124743938446045,2.55881929397583,0.030463488101029144
297,9.9,detected,2,28,0.8404227495193481,ankle_midpoint,1103.38134765625,582.8018798828125,0.9823727011680603,0.978997528553009,4.3188018798828125,0.6307615637779236,4.369970929398685,0.5744328013944805,0.0,0,two_ankles,accepted,4.3188018798828125,0.6307615637779236,0.07320379791377116
297,9.9,detected,3,1,0.911299467086792,ankle_midpoint,1241.466796875,903.698486328125,0.994050920009613,0.9814466238021851,4.606596946716309,11.21438980102539,4.580641130923432,11.219178717464931,0.0,0,two_ankles,accepted,4.606596946716309,11.21438980102539,0.020405869124465844
297,9.9,detected,4,3,0.9296632409095764,ankle_midpoint,848.150390625,888.33447265625,0.9894683957099915,0.9956680536270142,2.3916680812835693,10.947635650634766,2.395887760304897,10.989161396404347,0.0,0,two_ankles,accepted,2.3916680812835693,10.947635650634766,0.02965822386655539
298,9.933333333333334,detected,1,2,0.887514591217041,ankle_midpoint,1007.1423950195312,621.3439331054688,0.9814130067825317,0.9808399081230164,3.4068710803985596,2.597046375274658,3.418331402321634,2.5643475885243587,0.0,0,two_ankles,accepted,3.4068710803985596,2.597046375274658,0.038635564784300004
298,9.933333333333334,detected,2,28,0.8432963490486145,ankle_midpoint,1100.479248046875,585.2416381835938,0.984704852104187,0.9797880053520203,4.286131858825684,0.7634570598602295,4.332243347640834,0.6594937177040676,0.0,0,two_ankles,accepted,4.286131858825684,0.7634570598602295,0.1366580585124877
298,9.933333333333334,detected,3,1,0.9145669937133789,ankle_midpoint,1240.8248291015625,905.165771484375,0.9919105172157288,0.9766808152198792,4.600268363952637,11.24392032623291,4.589473385786574,11.230312441410522,0.0,0,two_ankles,accepted,4.600268363952637,11.24392032623291,0.030201041022265958
298,9.933333333333334,detected,4,3,0.9306821823120117,ankle_midpoint,851.2061767578125,887.59716796875,0.976353645324707,0.9927840232849121,2.408461332321167,10.931915283203125,2.4015458677122186,10.963400645463796,0.0,0,two_ankles,accepted,2.408461332321167,10.931915283203125,0.023003113541378743
299,9.966666666666667,detected,1,2,0.8883671164512634,ankle_midpoint,1006.2625732421875,621.1845703125,0.9808185696601868,0.9809562563896179,3.3994483947753906,2.5898005962371826,3.4098340489258243,2.5758014419951296,0.0,0,two_ankles,accepted,3.3994483947753906,2.5898005962371826,0.010372925128444704
299,9.966666666666667,detected,2,28,0.8436562418937683,ankle_midpoint,1097.947021484375,586.312255859375,0.9842146635055542,0.9804225564002991,4.2603759765625,0.8216049075126648,4.299903030655584,0.7324437531179364,0.0,0,two_ankles,accepted,4.2603759765625,0.8216049075126648,0.06359667961274237
299,9.966666666666667,detected,3,1,0.9167207479476929,ankle_midpoint,1240.249755859375,905.4130859375,0.9926087260246277,0.9787800312042236,4.596591949462891,11.248942375183105,4.5926767394409165,11.238695911608186,0.0,0,two_ankles,accepted,4.596591949462891,11.248942375183105,0.006223905458678889
299,9.966666666666667,detected,4,3,0.9306033253669739,ankle_midpoint,852.5390625,886.9281005859375,0.974556028842926,0.9931190013885498,2.41550874710083,10.917801856994629,2.407829163437094,10.94288119065267,0.0,0,two_ankles,accepted,2.41550874710083,10.917801856994629,0.015775134053924174
