frame,time_sec,status,player_id,raw_track_id,person_conf,ground_method,ground_pixel_x,ground_pixel_y,left_ankle_conf,right_ankle_conf,raw_x_m,raw_y_m,stable_x_m,stable_y_m,match_cost,missing_frames,ground_quality,ground_status,corrected_x_m,corrected_y_m,ground_speed_m_per_frame
0,0.0,detected,1,3,0.8776677846908569,ankle_midpoint,939.2813720703125,642.69287109375,0.8613670468330383,0.895467221736908,2.8369052410125732,3.5714948177337646,2.8369052410125732,3.5714948177337646,0.0,0,two_ankles,accepted,2.8369052410125732,3.5714948177337646,
0,0.0,detected,2,5,0.7352085113525391,ankle_midpoint,1002.3118896484375,601.0487670898438,0.9548631310462952,0.8933626413345337,3.3768577575683594,1.612343192100525,3.3768577575683594,1.612343192100525,0.0,0,two_ankles,accepted,3.3768577575683594,1.612343192100525,
0,0.0,detected,3,1,0.9151232242584229,ankle_midpoint,964.2566528320312,854.7452392578125,0.9947435855865479,0.995016872882843,3.052284002304077,10.203530311584473,3.052284002304077,10.203530311584473,0.0,0,two_ankles,accepted,3.052284002304077,10.203530311584473,
0,0.0,detected,4,2,0.9079602956771851,ankle_midpoint,1107.118408203125,796.6766357421875,0.9926782846450806,0.992327868938446,3.970186233520508,8.758049011230469,3.970186233520508,8.758049011230469,0.0,0,two_ankles,accepted,3.970186233520508,8.758049011230469,
1,0.03333333333333333,detected,1,3,0.8769899606704712,ankle_midpoint,939.2537231445312,642.6463623046875,0.8659489154815674,0.8994181752204895,2.836658000946045,3.5694921016693115,2.836793982982636,3.5705935955047607,0.0,0,two_ankles,accepted,2.836658000946045,3.5694921016693115,0.00201791954381624
1,0.03333333333333333,detected,2,5,0.7397027611732483,ankle_midpoint,1002.150390625,601.04150390625,0.9564512372016907,0.8975027203559875,3.3754279613494873,1.6120165586471558,3.3762143492698673,1.6121962070465088,0.0,0,two_ankles,accepted,3.3754279613494873,1.6120165586471558,0.0014666310512056943
1,0.03333333333333333,detected,3,1,0.9145705103874207,ankle_midpoint,964.3170776367188,854.785400390625,0.9947800636291504,0.9950169920921326,3.052644968032837,10.20443344116211,3.052446436882019,10.20393671989441,0.0,0,two_ankles,accepted,3.052644968032837,10.20443344116211,0.0009725941041057913
1,0.03333333333333333,detected,4,2,0.9076811075210571,ankle_midpoint,1107.1370849609375,796.5706176757812,0.9926683306694031,0.9923243522644043,3.9704394340515137,8.755228042602539,3.9703001737594605,8.7567795753479,0.0,0,two_ankles,accepted,3.9704394340515137,8.755228042602539,0.0028323090418711644
2,0.06666666666666667,detected,1,3,0.8763296008110046,ankle_midpoint,938.5785522460938,642.6152954101562,0.8637831807136536,0.8978437185287476,2.83109974861145,3.5682976245880127,2.8342315775156024,3.569560408592224,0.0,0,two_ankles,accepted,2.83109974861145,3.5682976245880127,0.005685151230422626
2,0.06666666666666667,detected,2,5,0.7377434968948364,ankle_midpoint,1002.4011840820312,600.941162109375,0.9578781127929688,0.9027860760688782,3.3777129650115967,1.6068874597549438,3.376888726353646,1.6098072707653046,0.0,0,two_ankles,accepted,3.3777129650115967,1.6068874597549438,0.005615059855597511
2,0.06666666666666667,detected,3,1,0.9142827987670898,ankle_midpoint,964.3551025390625,854.7942504882812,0.9947779178619385,0.9949896931648254,3.0528717041015625,10.204628944396973,3.052637807130814,10.204248220920563,0.0,0,two_ankles,accepted,3.0528717041015625,10.204628944396973,0.00029938396701082863
2,0.06666666666666667,detected,4,2,0.9076275825500488,ankle_midpoint,1107.135498046875,796.5662841796875,0.9926778078079224,0.9922887682914734,3.9704346656799316,8.75511360168457,3.9703606951236727,8.756029887199402,0.0,0,two_ankles,accepted,3.9704346656799316,8.75511360168457,0.00011454021596397699
3,0.1,detected,1,3,0.8779582977294922,ankle_midpoint,938.6563720703125,643.1080322265625,0.8642173409461975,0.8982950448989868,2.8319573402404785,3.5895466804504395,2.8332081707417966,3.5785542309284213,0.0,0,two_ankles,accepted,2.8319573402404785,3.5895466804504395,0.021266354611138984
3,0.1,detected,2,5,0.7406633496284485,ankle_midpoint,1002.804931640625,600.4794921875,0.957005500793457,0.9008148908615112,3.3815696239471436,1.583449125289917,3.37899513027072,1.5979461053013804,0.0,0,two_ankles,accepted,3.3815696239471436,1.583449125289917,0.02375351217482584
3,0.1,detected,3,1,0.9145814776420593,ankle_midpoint,964.4290771484375,854.8326416015625,0.9948849081993103,0.9950716495513916,3.0533130168914795,10.205490112304688,3.052941651523114,10.204807072043419,0.0,0,two_ankles,accepted,3.0533130168914795,10.205490112304688,0.000967660655303439
3,0.1,detected,4,2,0.9079004526138306,ankle_midpoint,1107.2071533203125,796.4293212890625,0.9925408363342285,0.992184579372406,3.9710683822631836,8.751461029052734,3.9706791543364526,8.753973901033401,0.0,0,two_ankles,accepted,3.9710683822631836,8.751461029052734,0.0037071395359124853
4,0.13333333333333333,detected,1,3,0.8785977363586426,ankle_midpoint,938.8444213867188,643.176025390625,0.8587875962257385,0.8949899077415466,2.8335301876068115,3.592437505722046,2.8333530783310534,3.5848017045855523,0.0,0,two_ankles,accepted,2.8335301876068115,3.592437505722046,0.0032910058627628053
4,0.13333333333333333,detected,2,5,0.7402787208557129,ankle_midpoint,1002.840087890625,599.9007568359375,0.9569551944732666,0.9019961357116699,3.3822224140167236,1.554125189781189,3.3804474079564217,1.5782266933172944,0.0,0,two_ankles,accepted,3.3822224140167236,1.554125189781189,0.029331200599276238
4,0.13333333333333333,detected,3,1,0.9144928455352783,ankle_midpoint,964.4330444335938,854.8218994140625,0.9949396848678589,0.9950757622718811,3.0533363819122314,10.205245971679688,3.053119280198217,10.205004576879741,0.0,0,two_ankles,accepted,3.0533363819122314,10.205245971679688,0.00024525612932224514
4,0.13333333333333333,detected,4,2,0.9080008864402771,ankle_midpoint,1107.2242431640625,796.40185546875,0.9925320744514465,0.9920877814292908,3.971212863922119,8.750727653503418,3.970919323650002,8.752513089644909,0.0,0,two_ankles,accepted,3.971212863922119,8.750727653503418,0.0007474721707889253
5,0.16666666666666666,detected,1,3,0.8785060048103333,ankle_midpoint,937.8140869140625,641.88232421875,0.8664090633392334,0.9007495045661926,2.8244869709014893,3.5367605686187744,2.82936332998775,3.5631831934005023,0.0,0,two_ankles,accepted,2.8244869709014893,3.5367605686187744,0.05640656959593509
5,0.16666666666666666,detected,2,5,0.7406986951828003,ankle_midpoint,1002.1988525390625,599.99560546875,0.9577609896659851,0.9052973985671997,3.376460552215576,1.559093713760376,3.3786533228730415,1.5696168525166811,0.0,0,two_ankles,accepted,3.376460552215576,1.559093713760376,0.007608237768844938
5,0.16666666666666666,detected,3,1,0.9141510128974915,ankle_midpoint,964.4345092773438,854.546630859375,0.9950045943260193,0.9951198101043701,3.053335666656494,10.199002265930176,3.053216654104442,10.202303536952437,0.0,0,two_ankles,accepted,3.053335666656494,10.199002265930176,0.006243705790480239
5,0.16666666666666666,detected,4,2,0.9079635739326477,ankle_midpoint,1107.094970703125,796.4583740234375,0.9925615191459656,0.9921653270721436,3.970308780670166,8.752249717712402,3.9706445793090763,8.752394572275282,0.0,0,two_ankles,accepted,3.970308780670166,8.752249717712402,0.001770323694337668
6,0.2,detected,1,3,0.8771421909332275,ankle_midpoint,938.7800903320312,642.4937744140625,0.8638025522232056,0.8997669219970703,2.8327012062072754,3.5630030632019043,2.830865374286536,3.5631021348111336,0.0,0,two_ankles,accepted,2.8327012062072754,3.5630030632019043,0.02749803963202513
6,0.2,detected,2,5,0.7330578565597534,ankle_midpoint,1001.513427734375,600.1380004882812,0.9563373923301697,0.904570996761322,3.3702809810638428,1.5664803981781006,3.3748857690589027,1.56820544806432,0.0,0,two_ankles,accepted,3.3702809810638428,1.5664803981781006,0.009630690853017305
6,0.2,detected,3,1,0.9141221046447754,ankle_midpoint,964.41455078125,854.7386474609375,0.9949408769607544,0.9951032400131226,3.0532233715057373,10.203360557556152,3.0532196769350253,10.20277919622411,0.0,0,two_ankles,accepted,3.0532233715057373,10.203360557556152,0.004359738076758847
6,0.2,detected,4,2,0.9079040884971619,ankle_midpoint,1107.192138671875,796.562744140625,0.9924522042274475,0.9920245409011841,3.970804214477539,8.755010604858398,3.9707164151348846,8.753571786937686,0.0,0,two_ankles,accepted,3.970804214477539,8.755010604858398,0.002804987074910437
7,0.23333333333333334,detected,1,3,0.8819448947906494,ankle_midpoint,938.6414794921875,641.989013671875,0.8553690910339355,0.8924156427383423,2.8313381671905518,3.5411996841430664,2.8310781310933435,3.5532460320105037,0.0,0,two_ankles,accepted,2.8313381671905518,3.5411996841430664,0.02184594272958898
7,0.23333333333333334,detected,2,5,0.7359788417816162,ankle_midpoint,1001.82861328125,599.95263671875,0.9566968679428101,0.9008045196533203,3.3731906414031982,1.5570074319839478,3.374122961613836,1.5631663408281526,0.0,0,two_ankles,accepted,3.3731906414031982,1.5570074319839478,0.009909753367565742
7,0.23333333333333334,detected,3,1,0.9141533970832825,ankle_midpoint,964.4284057617188,854.6802978515625,0.994906485080719,0.995037853717804,3.0533039569854736,10.202034950256348,3.053257602957727,10.202444285538618,0.0,0,two_ankles,accepted,3.0533039569854736,10.202034950256348,0.0013280544916680975
7,0.23333333333333334,detected,4,2,0.907858669757843,ankle_midpoint,1107.159912109375,796.5665283203125,0.9925658702850342,0.9922114610671997,3.9705917835235596,8.75511646270752,3.970660330909788,8.754266891034112,0.0,0,two_ankles,accepted,3.9705917835235596,8.75511646270752,0.00023734530631377857
8,0.26666666666666666,detected,1,3,0.8795070648193359,ankle_midpoint,938.0438232421875,640.7161865234375,0.8420521020889282,0.8830596208572388,2.82584547996521,3.486098051071167,2.8287234380856834,3.5230294405878024,0.0,0,two_ankles,accepted,2.82584547996521,3.486098051071167,0.055374719684578744
8,0.26666666666666666,detected,2,5,0.7463405728340149,ankle_midpoint,1001.1205444335938,600.1095581054688,0.9563004374504089,0.9001690745353699,3.3668017387390137,1.5651370286941528,3.370828411320166,1.5640531503678528,0.0,0,two_ankles,accepted,3.3668017387390137,1.5651370286941528,0.010339652795089492
8,0.26666666666666666,detected,3,1,0.9140296578407288,ankle_midpoint,964.470947265625,854.64453125,0.9949835538864136,0.9950734972953796,3.053555965423584,10.201218605041504,3.053391866067363,10.201892729314917,0.0,0,two_ankles,accepted,3.053555965423584,10.201218605041504,0.0008543580997901918
8,0.26666666666666666,detected,4,2,0.9083631038665771,ankle_midpoint,1107.2376708984375,796.539306640625,0.992570698261261,0.9921795129776001,3.9711270332336426,8.75438117980957,3.9708703469555227,8.754318320983069,0.0,0,two_ankles,accepted,3.9711270332336426,8.75438117980957,0.0009094686317628251
9,0.3,detected,1,3,0.8742269277572632,ankle_midpoint,937.9713745117188,640.1458129882812,0.836422860622406,0.8827037215232849,2.8249874114990234,3.4612812995910645,2.8270422261216863,3.4952427771392705,0.0,0,two_ankles,accepted,2.8249874114990234,3.4612812995910645,0.024831581413954192
9,0.3,detected,2,5,0.7258839011192322,ankle_midpoint,999.6823120117188,600.3099975585938,0.952501118183136,0.8972541689872742,3.3538999557495117,1.5756465196609497,3.3632106063133715,1.5692701665497464,0.0,0,two_ankles,accepted,3.3538999557495117,1.5756465196609497,0.01664047489374588
9,0.3,detected,3,1,0.914065420627594,ankle_midpoint,964.4741821289062,854.535400390625,0.9950148463249207,0.9951253533363342,3.0535714626312256,10.198741912841797,3.0534726845211013,10.200474861902013,0.0,0,two_ankles,accepted,3.0535714626312256,10.198741912841797,0.0024767406839502474
9,0.3,detected,4,2,0.908137321472168,ankle_midpoint,1107.2657470703125,796.521484375,0.9926241636276245,0.9922184944152832,3.971330404281616,8.75390338897705,3.971077372752265,8.754131601580362,0.0,0,two_ankles,accepted,3.971330404281616,8.75390338897705,0.0005192724360040694
10,0.3333333333333333,detected,1,3,0.8740203380584717,ankle_midpoint,938.482177734375,639.515625,0.8377474546432495,0.884239912033081,2.8289167881011963,3.4336729049682617,2.8278857790124663,3.4675363346623165,0.0,0,two_ankles,accepted,2.8289167881011963,3.4336729049682617,0.027886617832396
10,0.3333333333333333,detected,2,5,0.7201576232910156,ankle_midpoint,1000.3778076171875,600.3548583984375,0.9519178867340088,0.8993774652481079,3.360060453414917,1.5777446031570435,3.3617930375090674,1.5730836630230303,0.0,0,two_ankles,accepted,3.360060453414917,1.5777446031570435,0.006507970946619599
10,0.3333333333333333,detected,3,1,0.9138925671577454,ankle_midpoint,964.4966430664062,854.5111083984375,0.9950483441352844,0.9950991272926331,3.0537045001983643,10.198187828063965,3.05357700157587,10.199445696674893,0.0,0,two_ankles,accepted,3.0537045001983643,10.198187828063965,0.0005698323747343144
10,0.3333333333333333,detected,4,2,0.9082955718040466,ankle_midpoint,1107.2626953125,796.5087890625,0.9925272464752197,0.9920543432235718,3.9713265895843506,8.753565788269043,3.9711895203267034,8.753876985590269,0.0,0,two_ankles,accepted,3.9713265895843506,8.753565788269043,0.0003376222592818854
11,0.36666666666666664,detected,1,3,0.8746315836906433,ankle_midpoint,938.8763427734375,639.708984375,0.832920253276825,0.8820540308952332,2.8322579860687256,3.4420292377471924,2.8298532721877834,3.456058141050511,0.0,0,two_ankles,accepted,2.8322579860687256,3.4420292377471924,0.008999550064889521
11,0.36666666666666664,detected,2,5,0.6948188543319702,ankle_midpoint,1000.467041015625,600.2015380859375,0.953372597694397,0.8882333636283875,3.3609378337860107,1.5699591636657715,3.3614081958336923,1.571677638312264,0.0,0,two_ankles,accepted,3.3609378337860107,1.5699591636657715,0.007834721717319498
11,0.36666666666666664,detected,3,1,0.9140046834945679,ankle_midpoint,964.523193359375,854.4251708984375,0.995013415813446,0.9950082302093506,3.0538597106933594,10.196233749389648,3.0537042206787404,10.198000320396535,0.0,0,two_ankles,accepted,3.0538597106933594,10.196233749389648,0.0019602330889908967
11,0.36666666666666664,detected,4,2,0.9088870882987976,ankle_midpoint,1107.27978515625,796.4820556640625,0.9925320744514465,0.9920229911804199,3.971470355987549,8.752852439880371,3.971315896374084,8.753415940020815,0.0,0,two_ankles,accepted,3.971470355987549,8.752852439880371,0.0007276913509925207
12,0.4,detected,1,3,0.866902768611908,ankle_midpoint,939.101318359375,640.37353515625,0.8336239457130432,0.8875433802604675,2.8344085216522217,3.4709537029266357,2.831903134446781,3.462761143894767,0.0,0,two_ankles,accepted,2.8344085216522217,3.4709537029266357,0.029004301219176343
12,0.4,detected,2,5,0.6865929365158081,ankle_midpoint,999.7448120117188,599.97900390625,0.9522942900657654,0.892641007900238,3.354632616043091,1.5588626861572266,3.358359184927922,1.5659109098424973,0.0,0,two_ankles,accepted,3.354632616043091,1.5588626861572266,0.012762742020556378
12,0.4,detected,3,1,0.9135376811027527,ankle_midpoint,964.5020141601562,854.5538940429688,0.9950966238975525,0.9950655102729797,3.0537378787994385,10.19915771484375,3.0537193668330547,10.198521147897782,0.0,0,two_ankles,accepted,3.0537378787994385,10.19915771484375,0.002926502517879612
12,0.4,detected,4,2,0.9090170860290527,ankle_midpoint,1107.30810546875,796.410400390625,0.9925636649131775,0.9919267892837524,3.971742868423462,8.750943183898926,3.9715080337963045,8.752303199765965,0.0,0,two_ankles,accepted,3.971742868423462,8.750943183898926,0.0019286060848218818
13,0.43333333333333335,detected,1,3,0.8548070788383484,ankle_midpoint,939.3245849609375,641.1513671875,0.8332890868186951,0.8827030658721924,2.8365890979766846,3.504729747772217,2.834011818035238,3.48164701563962,0.0,0,two_ankles,accepted,2.8365890979766846,3.504729747772217,0.03384636049145477
13,0.43333333333333335,detected,2,5,0.6679877042770386,ankle_midpoint,1002.79052734375,601.2095947265625,0.9555250406265259,0.8866921663284302,3.381014347076416,1.6203415393829346,3.3685540078947445,1.590404693135694,0.0,0,two_ankles,accepted,3.381014347076416,1.6203415393829346,0.06690026252760793
13,0.43333333333333335,detected,3,1,0.9127891659736633,ankle_midpoint,964.5848388671875,854.466796875,0.9950736165046692,0.9950007796287537,3.0542280673980713,10.19717025756836,3.0539482820873123,10.197913247249543,0.0,0,two_ankles,accepted,3.0542280673980713,10.19717025756836,0.002047015213361329
13,0.43333333333333335,detected,4,2,0.9085257649421692,ankle_midpoint,1107.409423828125,796.4949340820312,0.9924018383026123,0.9917818307876587,3.9722900390625,8.753175735473633,3.971859936166093,8.752695840834416,0.0,0,two_ankles,accepted,3.9722900390625,8.753175735473633,0.00229862616402759
14,0.4666666666666667,detected,1,3,0.8158040046691895,ankle_midpoint,936.6921997070312,639.3121337890625,0.8364136815071106,0.8877535462379456,2.814038038253784,3.425175189971924,2.825023617133584,3.456234694089157,0.0,0,two_ankles,accepted,2.814038038253784,3.425175189971924,0.0826890437810595
14,0.4666666666666667,detected,2,5,0.6634010672569275,ankle_midpoint,999.5711669921875,600.33349609375,0.9623962044715881,0.8958929181098938,3.3528993129730225,1.5768637657165527,3.3615093951799695,1.5843112757970808,0.0,0,two_ankles,accepted,3.3528993129730225,1.5768637657165527,0.051776171600651476
14,0.4666666666666667,detected,3,1,0.9119040369987488,ankle_midpoint,964.5844116210938,854.5673828125,0.9951190948486328,0.9949678778648376,3.0542287826538086,10.199453353881836,3.0540745073422357,10.198606295234075,0.0,0,two_ankles,accepted,3.0542287826538086,10.199453353881836,0.0022830964255153656
14,0.4666666666666667,detected,4,2,0.9091931581497192,ankle_midpoint,1107.3265380859375,796.221923828125,0.9926360249519348,0.9920294284820557,3.9720983505249023,8.745925903320312,3.9719672226275575,8.74964936895307,0.0,0,two_ankles,accepted,3.9720983505249023,8.745925903320312,0.007252365872373192
15,0.5,detected,1,3,0.8205246329307556,ankle_midpoint,938.480712890625,637.9659423828125,0.8390185236930847,0.8863264322280884,2.828202962875366,3.365791082382202,2.826454322717386,3.4155350688210273,0.0,0,two_ankles,accepted,2.828202962875366,3.365791082382202,0.06105012140661754
15,0.5,detected,2,5,0.6810536980628967,ankle_midpoint,1002.60498046875,601.3357543945312,0.9600406885147095,0.8866899013519287,3.37929368019104,1.626751184463501,3.369512323434951,1.60340923469697,0.0,0,two_ankles,accepted,3.37929368019104,1.626751184463501,0.05643950008702171
15,0.5,detected,3,1,0.9120880365371704,ankle_midpoint,964.6943359375,854.57080078125,0.9951222538948059,0.9949817061424255,3.0548832416534424,10.199516296386719,3.054438437782279,10.199015795752766,0.0,0,two_ankles,accepted,3.0548832416534424,10.199516296386719,0.0006574787761765263
15,0.5,detected,4,2,0.9101572632789612,ankle_midpoint,1107.361083984375,796.0845947265625,0.9927440881729126,0.9922221302986145,3.9724936485290527,8.742265701293945,3.9722041142832305,8.746326718506465,0.0,0,two_ankles,accepted,3.9724936485290527,8.742265701293945,0.0036814860295684604
16,0.5333333333333333,detected,1,3,0.8141500353813171,ankle_midpoint,944.0134887695312,643.8198852539062,0.8766415119171143,0.9115467071533203,2.8761720657348633,3.6190388202667236,2.848827307075251,3.507111756971591,0.0,0,two_ankles,accepted,2.8761720657348633,3.6190388202667236,0.25775075474724085
16,0.5333333333333333,detected,2,5,0.680892288684845,ankle_midpoint,1002.1851806640625,599.7398681640625,0.9555807709693909,0.8689916729927063,3.3764865398406982,1.5461268424987793,3.3726507208175374,1.5776321582077841,0.0,0,two_ankles,accepted,3.3764865398406982,1.5461268424987793,0.08067319600828331
16,0.5333333333333333,detected,3,1,0.9114628434181213,ankle_midpoint,964.7056884765625,854.664306640625,0.9951487183570862,0.9950403571128845,3.0549535751342773,10.20163631439209,3.0546702495906786,10.200195029140463,0.0,0,two_ankles,accepted,3.0549535751342773,10.20163631439209,0.002121184372378788
16,0.5333333333333333,detected,4,2,0.9094319939613342,ankle_midpoint,1107.6943359375,795.8248291015625,0.9922297596931458,0.9912952184677124,3.974970579147339,8.735298156738281,3.9734490234720794,8.741363865710783,0.0,0,two_ankles,accepted,3.974970579147339,8.735298156738281,0.007394718549273342
17,0.5666666666666667,detected,1,3,0.7948840856552124,ankle_midpoint,944.57421875,647.742919921875,0.8702719807624817,0.9054099917411804,2.8821511268615723,3.7864906787872314,2.8638230259790958,3.6328322717886294,0.0,0,two_ankles,accepted,2.8821511268615723,3.7864906787872314,0.16755856914502787
17,0.5666666666666667,detected,2,5,0.6851463913917542,ankle_midpoint,1001.9454345703125,600.5717163085938,0.9599334597587585,0.8852913975715637,3.3738760948181152,1.5883280038833618,3.3732021391177973,1.5824452887617941,0.0,0,two_ankles,accepted,3.3738760948181152,1.5883280038833618,0.04228182168998289
17,0.5666666666666667,detected,3,1,0.9114503264427185,ankle_midpoint,964.5162963867188,854.6737060546875,0.9953085780143738,0.995059609413147,3.0538268089294434,10.201873779296875,3.054290701293123,10.20095046671085,0.0,0,two_ankles,accepted,3.0538268089294434,10.201873779296875,0.0011515171129256412
17,0.5666666666666667,detected,4,2,0.9125165939331055,ankle_midpoint,1109.599853515625,797.3486328125,0.9938137531280518,0.9921276569366455,3.9853227138519287,8.77552604675293,3.978792184143012,8.756736847179749,0.0,0,two_ankles,accepted,3.9853227138519287,8.77552604675293,0.04153853425402279
18,0.6,detected,1,3,0.8045386672019958,ankle_midpoint,944.7598876953125,642.9873657226562,0.9096994400024414,0.9245631694793701,2.8819949626922607,3.5830118656158447,2.8720003975000203,3.6104130890108763,0.0,0,two_ankles,accepted,2.8819949626922607,3.5830118656158447,0.2034788730971446
18,0.6,detected,2,5,0.6372761726379395,ankle_midpoint,1001.8592529296875,600.6380615234375,0.9618607759475708,0.8963854312896729,3.3730721473693848,1.5917046070098877,3.3731436428310118,1.5866119819734363,0.0,0,two_ankles,accepted,3.3730721473693848,1.5917046070098877,0.0034709912380161047
18,0.6,detected,3,1,0.9115909934043884,ankle_midpoint,964.4691162109375,854.822021484375,0.9952476620674133,0.9951079487800598,3.053550958633423,10.205244064331055,3.0539578170962582,10.202882585639943,0.0,0,two_ankles,accepted,3.053550958633423,10.205244064331055,0.003381555056099217
18,0.6,detected,4,2,0.9101287126541138,ankle_midpoint,1110.959716796875,796.7174072265625,0.9946067929267883,0.9929293990135193,3.9948902130126953,8.758564949035645,3.98603629713437,8.757559493014902,0.0,0,two_ankles,accepted,3.9948902130126953,8.758564949035645,0.019473465946424774
19,0.6333333333333333,detected,1,3,0.8493409156799316,ankle_midpoint,946.3812255859375,646.9734497070312,0.9395900368690491,0.948261022567749,2.896606683731079,3.753417491912842,2.883073226303997,3.674765070316761,0.0,0,two_ankles,accepted,2.896606683731079,3.753417491912842,0.17103093248119788
19,0.6333333333333333,detected,2,5,0.6011306047439575,ankle_midpoint,1003.53173828125,600.0169677734375,0.9665272831916809,0.8961247205734253,3.388308525085449,1.5598448514938354,3.379967839845509,1.574566773257616,0.0,0,two_ankles,accepted,3.388308525085449,1.5598448514938354,0.03531559467783612
19,0.6333333333333333,detected,3,1,0.9117223620414734,ankle_midpoint,964.1010131835938,854.5122680664062,0.9871958494186401,0.9884406328201294,3.051349401473999,10.19826602935791,3.052784030066242,10.20080513531303,0.0,0,two_ankles,accepted,3.051349401473999,10.19826602935791,0.007317091362873537
19,0.6333333333333333,detected,4,2,0.9078704714775085,ankle_midpoint,1117.069580078125,797.7447509765625,0.9985070824623108,0.9959486126899719,4.032889366149902,8.78492546081543,4.00712017819136,8.76987417852514,0.0,0,two_ankles,accepted,4.032889366149902,8.78492546081543,0.046247294195845695
20,0.6666666666666666,detected,1,3,0.8523107171058655,ankle_midpoint,947.075439453125,643.083740234375,0.9363986849784851,0.941101610660553,2.9010303020477295,3.5866644382476807,2.8911539103886765,3.635119785885675,0.0,0,two_ankles,accepted,2.9010303020477295,3.5866644382476807,0.16681171813055434
20,0.6666666666666666,detected,2,5,0.48758378624916077,ankle_midpoint,1004.239501953125,601.746826171875,0.9540170431137085,0.8973364233970642,3.3935506343841553,1.6470602750778198,3.3860800973879,1.607188849076708,0.0,0,two_ankles,accepted,3.3935506343841553,1.6470602750778198,0.08737282083596362
20,0.6666666666666666,detected,3,1,0.9071364998817444,ankle_midpoint,964.3195190429688,853.6468505859375,0.9873375296592712,0.988737940788269,3.0526201725006104,10.178576469421387,3.0527102941617077,10.190802235661792,0.0,0,two_ankles,accepted,3.0526201725006104,10.178576469421387,0.01973052532235327
20,0.6666666666666666,detected,4,2,0.8806366324424744,ankle_midpoint,1117.7886962890625,796.5260620117188,0.9990246295928955,0.9960471987724304,4.039159297943115,8.75246810913086,4.02153778207965,8.762041447297714,0.0,0,two_ankles,accepted,4.039159297943115,8.75246810913086,0.03305740042815559
21,0.7,detected,1,3,0.8243682980537415,ankle_midpoint,946.839599609375,645.9139404296875,0.9343647360801697,0.9361538887023926,2.9000041484832764,3.70816707611084,2.8951365175312462,3.6679910664869997,0.0,0,two_ankles,accepted,2.9000041484832764,3.70816707611084,0.12150697098867967
21,0.7,detected,2,5,0.49620315432548523,ankle_midpoint,1004.72265625,602.1922607421875,0.9429332613945007,0.886664628982544,3.3975610733032227,1.6693493127822876,3.3912465365497955,1.6351610577442188,0.0,0,two_ankles,accepted,3.3975610733032227,1.6693493127822876,0.022646960549149997
21,0.7,detected,3,1,0.9107881188392639,ankle_midpoint,964.6987915039062,852.7801513671875,0.9861012101173401,0.987585186958313,3.0548527240753174,10.158792495727539,3.0536743876228325,10.176397852691379,0.0,0,two_ankles,accepted,3.0548527240753174,10.158792495727539,0.019909542979500632
21,0.7,detected,4,2,0.8731778860092163,ankle_midpoint,1118.537353515625,794.737060546875,0.9987634420394897,0.994990885257721,4.0464186668396,8.70466423034668,4.032734180221627,8.736221699669748,0.0,0,two_ankles,accepted,4.0464186668396,8.70466423034668,0.04835193133255165
22,0.7333333333333333,detected,1,3,0.8392230272293091,ankle_midpoint,950.4215087890625,647.667724609375,0.9125655293464661,0.9128841161727905,2.9297173023223877,3.782043218612671,2.91069787068726,3.7193145349435515,0.0,0,two_ankles,accepted,2.9297173023223877,3.782043218612671,0.07962760791344636
22,0.7333333333333333,detected,2,5,0.5424537062644958,ankle_midpoint,1007.09521484375,604.568115234375,0.9340318441390991,0.8809195756912231,3.4170327186584473,1.7876412868499756,3.4028503184986887,1.7037771608418095,0.0,0,two_ankles,accepted,3.4170327186584473,1.7876412868499756,0.11988384420625744
22,0.7333333333333333,detected,3,1,0.9120801091194153,ankle_midpoint,965.0789794921875,851.8202514648438,0.9850148558616638,0.9869526624679565,3.0570931434631348,10.136834144592285,3.0552128277509687,10.158594184046787,0.0,0,two_ankles,accepted,3.0570931434631348,10.136834144592285,0.02207235065896731
22,0.7333333333333333,detected,4,2,0.89337557554245,ankle_midpoint,1120.244873046875,790.088134765625,0.9956990480422974,0.9881365299224854,4.063907623291016,8.579339981079102,4.0467622296028525,8.665624926303957,0.0,0,two_ankles,accepted,4.063907623291016,8.579339981079102,0.12653865437976486
23,0.7666666666666667,detected,1,3,0.8525592684745789,ankle_midpoint,953.2425537109375,650.7044677734375,0.8836628794670105,0.8817010521888733,2.9533591270446777,3.909607410430908,2.929895436048098,3.8049463289128624,0.0,0,two_ankles,accepted,2.9533591270446777,3.909607410430908,0.1297364979889604
23,0.7666666666666667,detected,2,5,0.45048990845680237,ankle_midpoint,1004.7730712890625,601.029052734375,0.8852090835571289,0.8619879484176636,3.398726463317871,1.6107375621795654,3.400994583667321,1.6619093414437998,0.0,0,two_ankles,accepted,3.398726463317871,1.6107375621795654,0.17784838145695522
23,0.7666666666666667,detected,3,1,0.9083787798881531,ankle_midpoint,966.8171997070312,850.5919189453125,0.9850892424583435,0.9874314069747925,3.067457914352417,10.108489990234375,3.0607231167216207,10.136047296831203,0.0,0,two_ankles,accepted,3.067457914352417,10.108489990234375,0.03017978730628083
23,0.7666666666666667,detected,4,2,0.9020825028419495,ankle_midpoint,1120.2470703125,783.8098754882812,0.9973650574684143,0.992480993270874,4.072773456573486,8.407791137695312,4.058467281739638,8.549599721430068,0.0,0,two_ankles,accepted,4.072773456573486,8.407791137695312,0.17177778862853124
24,0.8,detected,1,3,0.861611545085907,ankle_midpoint,954.054931640625,650.1568603515625,0.887891411781311,0.8833491802215576,2.959820508956909,3.886422872543335,2.943361718857063,3.8416107735465754,0.0,0,two_ankles,accepted,2.959820508956909,3.886422872543335,0.02406807539617638
24,0.8,detected,2,5,0.41399890184402466,ankle_midpoint,1011.1688842773438,612.3394165039062,0.9177654981613159,0.8628875613212585,3.447458505630493,2.168027400970459,3.400024220104456,1.6276515300094512,0.0,0,two_ankles,corrected_motion_outlier,3.3988382201942877,1.5857808715896913,0.5594164605797182
24,0.8,detected,3,1,0.9088335037231445,ankle_midpoint,968.4108276367188,849.5396728515625,0.9861443042755127,0.988471508026123,3.0769898891448975,10.084122657775879,3.0680431643120953,10.112681209256309,0.0,0,two_ankles,accepted,3.0769898891448975,10.084122657775879,0.0261653479737488
24,0.8,detected,4,2,0.902535617351532,ankle_midpoint,1121.114501953125,780.078369140625,0.997755229473114,0.9937241673469543,4.083835124969482,8.304227828979492,4.069882811193068,8.439182369827309,0.0,0,two_ankles,accepted,4.083835124969482,8.304227828979492,0.10415238556975678
25,0.8333333333333334,detected,1,3,0.8443538546562195,ankle_midpoint,956.7443237304688,649.5325927734375,0.8570763468742371,0.8497844338417053,2.9815075397491455,3.85956072807312,2.9605273382585002,3.849688253083521,0.0,0,two_ankles,accepted,2.9815075397491455,3.85956072807312,0.03452393532206461
25,0.8333333333333334,detected,2,5,0.4004303812980652,ankle_midpoint,1010.722900390625,605.302978515625,0.845012903213501,0.8332121968269348,3.448509693145752,1.823303461074829,3.4218426829730397,1.7156948989888714,0.0,0,two_ankles,accepted,3.448509693145752,1.823303461074829,0.10915886512927736
25,0.8333333333333334,detected,3,1,0.9089444279670715,ankle_midpoint,967.1868896484375,849.6823120117188,0.9930009841918945,0.9921139478683472,3.0696582794189453,10.087562561035156,3.068769966110178,10.101377817556791,0.0,0,two_ankles,accepted,3.0696582794189453,10.087562561035156,0.008098483537481757
25,0.8333333333333334,detected,4,2,0.9122647047042847,ankle_midpoint,1122.16748046875,776.2328491210938,0.9982345104217529,0.9941167831420898,4.096415042877197,8.196305274963379,4.0818223154509266,8.329887677138542,0.0,0,two_ankles,accepted,4.096415042877197,8.196305274963379,0.10865326502192989
26,0.8666666666666667,detected,1,3,0.8352862000465393,ankle_midpoint,965.2039794921875,647.37353515625,0.8559606075286865,0.8576456308364868,3.0500335693359375,3.766371250152588,3.0008051422433475,3.812195601764601,0.0,0,two_ankles,accepted,3.0500335693359375,3.766371250152588,0.11567236284450688
26,0.8666666666666667,detected,2,5,0.369972825050354,ankle_midpoint,1015.2492065429688,598.2044677734375,0.862296462059021,0.8468517661094666,3.4940402507781982,1.4647150039672852,3.437795955786058,1.7735584844680163,0.0,0,two_ankles,corrected_motion_outlier,3.457294400335302,1.8442806444980822,0.3614674442451082
26,0.8666666666666667,detected,3,1,0.9047689437866211,ankle_midpoint,969.6294555664062,847.4256591796875,0.9926382303237915,0.9919187426567078,3.0843052864074707,10.035225868225098,3.07576086024396,10.07160944035753,0.0,0,two_ankles,accepted,3.0843052864074707,10.035225868225098,0.05434762394085275
26,0.8666666666666667,detected,4,2,0.9093871116638184,ankle_midpoint,1120.5267333984375,773.4444580078125,0.9958242177963257,0.9865875840187073,4.08960485458374,8.117669105529785,4.085324458060693,8.234389319914602,0.0,0,two_ankles,accepted,4.08960485458374,8.117669105529785,0.0789305125270399
27,0.9,detected,1,3,0.8417782187461853,ankle_midpoint,967.7154541015625,647.7470703125,0.8668619990348816,0.8747761249542236,3.070496082305908,3.781690835952759,3.0321660652715,3.798468457149272,0.0,0,two_ankles,accepted,3.070496082305908,3.781690835952759,0.025561771185405306
27,0.9,detected,2,5,0.31304916739463806,ankle_midpoint,1021.3826904296875,592.7828979492188,0.8416645526885986,0.8001354932785034,3.5538341999053955,1.1833890676498413,3.4505233740685153,1.81482318902201,0.03749251812139842,0,two_ankles,corrected_motion_outlier,3.4660791075248523,1.865257827921335,0.3242621172125385
27,0.9,detected,3,1,0.9052125215530396,ankle_midpoint,972.5667114257812,847.5936279296875,0.9951584935188293,0.9949786067008972,3.1019484996795654,10.038718223571777,3.0875452979899825,10.05680839280394,0.0,0,two_ankles,accepted,3.1019484996795654,10.038718223571777,0.01798553642325137
27,0.9,detected,4,2,0.910167932510376,ankle_midpoint,1118.267578125,772.438232421875,0.9958236217498779,0.98697829246521,4.076009273529053,8.089396476745605,4.081132625021455,8.169142540488554,0.0,0,two_ankles,accepted,4.076009273529053,8.089396476745605,0.03137166496350813
28,0.9333333333333333,detected,1,3,0.8606349229812622,ankle_midpoint,972.9212646484375,645.840087890625,0.938843846321106,0.9464695453643799,3.1129863262176514,3.699373960494995,3.068535182697268,3.7538759336548475,0.0,0,two_ankles,accepted,3.1129863262176514,3.699373960494995,0.09263632555757165
28,0.9333333333333333,detected,3,1,0.9042415022850037,ankle_midpoint,974.4051513671875,845.5415649414062,0.9944962859153748,0.99403315782547,3.1130831241607666,9.990925788879395,3.0990373197668353,10.027161221037895,0.0,0,two_ankles,accepted,3.1130831241607666,9.990925788879395,0.049072361632216566
28,0.9333333333333333,detected,4,2,0.8994629383087158,ankle_midpoint,1113.761962890625,770.228759765625,0.9966457486152649,0.9912198185920715,4.049063205718994,8.02695369720459,4.066701386335348,8.10515756101077,0.0,0,two_ankles,accepted,4.049063205718994,8.02695369720459,0.06800875890083685
28,0.9333333333333333,predicted,2,,,motion_prediction,,,,,,,3.474863814714402,1.886235011344588,,1,,motion_prediction,3.474863814714402,1.886235011344588,
29,0.9666666666666667,detected,1,3,0.7701169848442078,ankle_midpoint,975.3318481445312,644.8929443359375,0.937617838382721,0.944994330406189,3.1327667236328125,3.6583170890808105,3.0974393761182633,3.7108744535965306,0.0,0,two_ankles,accepted,3.1327667236328125,3.6583170890808105,0.045573356385311355
29,0.9666666666666667,detected,3,1,0.906884491443634,ankle_midpoint,975.6275634765625,844.7675170898438,0.99332195520401,0.9923037886619568,3.120488166809082,9.972760200500488,3.108690200935847,10.002680761796062,0.0,0,two_ankles,accepted,3.120488166809082,9.972760200500488,0.01961691254441494
29,0.9666666666666667,detected,4,2,0.8864594101905823,ankle_midpoint,1107.899658203125,770.0498657226562,0.9952216744422913,0.9893961548805237,4.010064125061035,8.022744178771973,4.041214618761908,8.068071539003311,0.0,0,two_ankles,accepted,4.010064125061035,8.022744178771973,0.03922560818649641
29,0.9666666666666667,predicted,2,,,motion_prediction,,,,,,,3.483648521903952,1.9072121947678409,,2,,motion_prediction,3.483648521903952,1.9072121947678409,
30,1.0,detected,1,3,0.7712724804878235,ankle_midpoint,974.4403076171875,647.1868896484375,0.9299235939979553,0.940325915813446,3.125283718109131,3.7564492225646973,3.1099693300141538,3.7313830996322057,0.0,0,two_ankles,accepted,3.125283718109131,3.7564492225646973,0.0984170259343718
30,1.0,detected,3,1,0.9069359302520752,ankle_midpoint,976.8079223632812,845.3829956054688,0.9928935170173645,0.9919182658195496,3.127566337585449,9.986921310424805,3.1171844624281677,9.995589008678998,0.0,0,two_ankles,accepted,3.127566337585449,9.986921310424805,0.015831536117129983
30,1.0,detected,4,2,0.8792328834533691,ankle_midpoint,1104.6331787109375,767.0012817382812,0.9935656189918518,0.9882556200027466,3.9922590255737305,7.935421943664551,4.019184601827228,8.008379221100869,0.0,0,two_ankles,accepted,3.9922590255737305,7.935421943664551,0.08911898962571714
30,1.0,predicted,2,,,motion_prediction,,,,,,,3.4924332290935025,1.928189378191094,,3,,motion_prediction,3.4924332290935025,1.928189378191094,
31,1.0333333333333334,detected,1,3,0.7915219068527222,ankle_midpoint,973.9759521484375,651.6875,0.9035285115242004,0.9571990370750427,3.1211647987365723,3.9463953971862793,3.115007290939242,3.8281386335315393,0.0,0,two_ankles,accepted,3.1211647987365723,3.9463953971862793,0.1899908280685417
31,1.0333333333333334,detected,3,1,0.9069496989250183,ankle_midpoint,981.3648681640625,847.6693115234375,0.9927030801773071,0.9899362325668335,3.154794692993164,10.039300918579102,3.1341090661824165,10.015259368134044,0.0,0,two_ankles,accepted,3.154794692993164,10.039300918579102,0.05903394522312157
31,1.0333333333333334,detected,4,2,0.8673816919326782,ankle_midpoint,1098.79052734375,763.4639892578125,0.989918053150177,0.9869623780250549,3.957524061203003,7.833447456359863,3.991437358546327,7.929659926967417,0.0,0,two_ankles,accepted,3.957524061203003,7.833447456359863,0.10772796206598166
31,1.0333333333333334,predicted,2,,,motion_prediction,,,,,,,3.5012179362830524,1.949166561614347,,4,,motion_prediction,3.5012179362830524,1.949166561614347,
32,1.0666666666666667,detected,1,3,0.7938954830169678,ankle_midpoint,971.5623779296875,647.5941162109375,0.906133234500885,0.9676992297172546,3.101816415786743,3.774371385574341,3.1090713971206174,3.8039433719508002,0.0,0,two_ankles,accepted,3.101816415786743,3.774371385574341,0.17310869560434444
32,1.0666666666666667,detected,3,1,0.9123133420944214,ankle_midpoint,987.1161499023438,848.4515380859375,0.9950157999992371,0.9918842315673828,3.189230442047119,10.056595802307129,3.158913685321533,10.033860763511932,0.0,0,two_ankles,accepted,3.189230442047119,10.056595802307129,0.038534838991138305
32,1.0666666666666667,detected,4,2,0.8817619681358337,ankle_midpoint,1094.3359375,765.4143676757812,0.9972885847091675,0.9964430928230286,3.9249792098999023,7.891022682189941,3.9615311916554363,7.9122731668175525,0.0,0,two_ankles,accepted,3.9249792098999023,7.891022682189941,0.06613678232062264
32,1.0666666666666667,predicted,2,,,motion_prediction,,,,,,,3.5100026434726024,1.9701437450375998,,5,,motion_prediction,3.5100026434726024,1.9701437450375998,
33,1.1,detected,1,3,0.8060051202774048,ankle_midpoint,967.2164916992188,647.1302490234375,0.899943470954895,0.9639477729797363,3.066420316696167,3.755596876144409,3.089878410929615,3.7821874488379246,0.0,0,two_ankles,accepted,3.066420316696167,3.755596876144409,0.040067019294732664
33,1.1,detected,3,1,0.9116445779800415,ankle_midpoint,989.744873046875,849.3701171875,0.9950224161148071,0.9908080697059631,3.204854965209961,10.077404975891113,3.1795872612713256,10.053455659082564,0.0,0,two_ankles,accepted,3.204854965209961,10.077404975891113,0.026022056592717127
33,1.1,detected,4,2,0.8888576030731201,ankle_midpoint,1091.350341796875,763.4767456054688,0.9921045303344727,0.9890074729919434,3.907214641571045,7.8350067138671875,3.9370887441174602,7.8775032629898885,0.0,0,two_ankles,accepted,3.907214641571045,7.8350067138671875,0.05876536901140342
33,1.1,predicted,2,,,motion_prediction,,,,,,,3.5187873506621528,1.9911209284608529,,6,,motion_prediction,3.5187873506621528,1.9911209284608529,
34,1.1333333333333333,detected,1,3,0.7725668549537659,ankle_midpoint,976.6488037109375,649.5026245117188,0.8783696293830872,0.9540302753448486,3.1430177688598633,3.8540384769439697,3.1137911219982266,3.8145204114856446,0.0,0,two_ankles,accepted,3.1430177688598633,3.8540384769439697,0.12473138516808743
34,1.1333333333333333,detected,3,1,0.9193013310432434,ankle_midpoint,993.5113525390625,853.0491943359375,0.9933400750160217,0.9892715215682983,3.226722002029419,10.16114616394043,3.200797894612468,10.101916386268604,0.0,0,two_ankles,accepted,3.226722002029419,10.16114616394043,0.08654914138900804
34,1.1333333333333333,detected,4,2,0.9015634655952454,ankle_midpoint,1087.805419921875,765.0953369140625,0.9844750165939331,0.9815152883529663,3.8813390731811523,7.8827805519104,3.912001392196122,7.879878043004119,0.0,0,two_ankles,accepted,3.8813390731811523,7.8827805519104,0.05433124921147261
34,1.1333333333333333,predicted,2,,,motion_prediction,,,,,,,3.5275720578517027,2.012098111884106,,7,,motion_prediction,3.5275720578517027,2.012098111884106,
35,1.1666666666666667,detected,1,3,0.7948287129402161,ankle_midpoint,979.9132080078125,655.4512939453125,0.8815509676933289,0.9504457712173462,3.168569803237915,4.101611614227295,3.1384415285560863,3.9437114527193877,0.0,0,two_ankles,accepted,3.168569803237915,4.101611614227295,0.24888825758794914
35,1.1666666666666667,detected,3,1,0.9205615520477295,ankle_midpoint,997.6202392578125,854.3192138671875,0.992207944393158,0.9879438877105713,3.250950336456299,10.189499855041504,3.2233664934421924,10.141328947216408,0.0,0,two_ankles,accepted,3.250950336456299,10.189499855041504,0.037295361483110315
35,1.1666666666666667,detected,4,2,0.894871711730957,ankle_midpoint,1082.2044677734375,764.0460815429688,0.9697033762931824,0.9663419723510742,3.8447537422180176,7.853095054626465,3.881739949705975,7.867825698234174,0.0,0,two_ankles,accepted,3.8447537422180176,7.853095054626465,0.04711385348999434
35,1.1666666666666667,predicted,2,,,motion_prediction,,,,,,,3.5363567650412526,2.0330752953073588,,8,,motion_prediction,3.5363567650412526,2.0330752953073588,
36,1.2,detected,1,3,0.8062189817428589,ankle_midpoint,977.5560302734375,654.3135986328125,0.8875802755355835,0.9555201530456543,3.149779796600342,4.055027961730957,3.1435437491760014,3.993803881774594,0.0,0,two_ankles,accepted,3.149779796600342,4.055027961730957,0.050230479087299315
36,1.2,detected,3,1,0.9198839068412781,ankle_midpoint,998.6878662109375,854.8170166015625,0.9922033548355103,0.9876833558082581,3.2571938037872314,10.20065975189209,3.2385887830974602,10.168027809320467,0.0,0,two_ankles,accepted,3.2571938037872314,10.20065975189209,0.012787657409711162
36,1.2,detected,4,2,0.8784255385398865,ankle_midpoint,1084.09619140625,757.713134765625,0.9675909280776978,0.9619231820106506,3.864858865737915,7.666221618652344,3.8741434619203483,7.777103862422351,0.0,0,two_ankles,accepted,3.864858865737915,7.666221618652344,0.18795184772841225
36,1.2,predicted,2,,,motion_prediction,,,,,,,3.545141472230803,2.0540524787306116,,9,,motion_prediction,3.545141472230803,2.0540524787306116,
37,1.2333333333333334,detected,1,3,0.8042493462562561,ankle_midpoint,976.5615234375,655.3714599609375,0.851965069770813,0.9513543844223022,3.1416614055633545,4.0990190505981445,3.1426966945503105,4.041150707745192,0.0,0,two_ankles,accepted,3.1416614055633545,4.0990190505981445,0.04473392641776735
37,1.2333333333333334,detected,2,7,0.47190648317337036,ankle_midpoint,1064.36279296875,614.9239501953125,0.93864506483078,0.8553270697593689,3.9058620929718018,2.2797553539276123,3.6554257975749946,2.0240426632295314,0.4071504588226965,0,two_ankles,accepted,3.9058620929718018,2.2797553539276123,0.053846460481241344
37,1.2333333333333334,detected,3,1,0.9007872939109802,ankle_midpoint,998.0462646484375,855.7452392578125,0.9905142784118652,0.9832109212875366,3.2531652450561523,10.221773147583008,3.2451481909788717,10.192213211538611,0.0,0,two_ankles,accepted,3.2531652450561523,10.221773147583008,0.021494296058513458
37,1.2333333333333334,detected,4,2,0.843878984451294,ankle_midpoint,1060.697265625,752.9281005859375,0.9552380442619324,0.9697931408882141,3.7098546028137207,7.52672815322876,3.8002134753223658,7.664434793285235,0.0,0,two_ankles,accepted,3.7098546028137207,7.52672815322876,0.20852997007757276
38,1.2666666666666666,detected,1,3,0.7944333553314209,ankle_midpoint,972.3526611328125,653.68798828125,0.8308833837509155,0.9469190239906311,3.1079413890838623,4.030158996582031,3.1270568070904092,4.03620443772177,0.0,0,two_ankles,accepted,3.1079413890838623,4.030158996582031,0.076672984489188
38,1.2666666666666666,detected,2,7,0.25780630111694336,ankle_midpoint,1061.539794921875,611.7576904296875,0.9420556426048279,0.9249889254570007,3.8862557411193848,2.127788782119751,3.7592992721699705,2.0707284167301303,0.0,0,two_ankles,accepted,3.8862557411193848,2.127788782119751,0.15322613347596634
38,1.2666666666666666,detected,3,1,0.915464460849762,ankle_midpoint,997.4722290039062,854.404296875,0.9876422882080078,0.9772534966468811,3.2500498294830322,10.191452026367188,3.247353928305744,10.191870678211473,0.0,0,two_ankles,accepted,3.2500498294830322,10.191452026367188,0.030480751401133602
38,1.2666666666666666,detected,4,2,0.8370218873023987,ankle_midpoint,1050.418701171875,745.54736328125,0.9351092576980591,0.9684391021728516,3.6455624103546143,7.303369998931885,3.730620496086878,7.501955635826228,0.0,0,two_ankles,accepted,3.6455624103546143,7.303369998931885,0.23242708771162066
39,1.3,detected,1,3,0.7832781076431274,ankle_midpoint,965.525146484375,651.36083984375,0.7625641822814941,0.9211245775222778,3.052837371826172,3.934516191482544,3.093658061221503,3.9904447269141183,0.0,0,two_ankles,accepted,3.052837371826172,3.934516191482544,0.11038115276275366
39,1.3,detected,3,1,0.9154884815216064,ankle_midpoint,997.3546752929688,854.0784912109375,0.9856071472167969,0.9766443371772766,3.2494218349456787,10.184065818786621,3.248284486293715,10.18835849147029,0.0,0,two_ankles,accepted,3.2494218349456787,10.184065818786621,0.007412856369994126
39,1.3,detected,4,2,0.8522520661354065,ankle_midpoint,1055.2056884765625,748.443603515625,0.915648877620697,0.9617050886154175,3.67616868019104,7.391482353210449,3.7061171789337513,7.452242658649128,0.0,0,two_ankles,accepted,3.67616868019104,7.391482353210449,0.0932766354979175
39,1.3,predicted,2,,,motion_prediction,,,,,,,3.891775696005326,2.092116909118658,,1,,motion_prediction,3.891775696005326,2.092116909118658,
40,1.3333333333333333,detected,1,3,0.7845433950424194,ankle_midpoint,983.188232421875,655.7574462890625,0.79123455286026,0.8691105246543884,3.194810390472412,4.113560676574707,3.1391766093844122,4.045846904261383,0.0,0,two_ankles,accepted,3.194810390472412,4.113560676574707,0.22850222245186913
40,1.3333333333333333,detected,3,1,0.9212338328361511,ankle_midpoint,995.128173828125,852.1401977539062,0.9844600558280945,0.9741910099983215,3.236553430557251,10.140195846557617,3.2430055112123064,10.166685301259587,0.0,0,two_ankles,accepted,3.236553430557251,10.140195846557617,0.04571838027399571
40,1.3333333333333333,detected,4,2,0.6839175820350647,ankle_midpoint,1051.856689453125,751.5255126953125,0.9265717267990112,0.960479736328125,3.6503725051879883,7.485790729522705,3.681032075748158,7.467339290542238,0.0,0,two_ankles,accepted,3.6503725051879883,7.485790729522705,0.09777275943452826
40,1.3333333333333333,predicted,2,,,motion_prediction,,,,,,,3.8972956508912673,2.056445036117565,,2,,motion_prediction,3.8972956508912673,2.056445036117565,
41,1.3666666666666667,detected,1,3,0.6309088468551636,ankle_midpoint,1039.6544189453125,661.8173828125,0.7458163499832153,0.7342852354049683,3.6422336101531982,4.349284648895264,3.1788997824734775,4.096104919017751,0.0,0,two_ankles,corrected_motion_outlier,3.227450327360113,4.157531381497757,0.5057206033336031
41,1.3666666666666667,detected,3,1,0.9142909049987793,ankle_midpoint,988.5068359375,853.213134765625,0.9843458533287048,0.9839993119239807,3.196843147277832,10.165536880493164,3.222232447441793,10.166168511914698,0.0,0,two_ankles,accepted,3.196843147277832,10.165536880493164,0.047107054663332946
41,1.3666666666666667,detected,4,2,0.8176385760307312,ankle_midpoint,1057.0362548828125,754.95849609375,0.7218579053878784,0.6881203651428223,3.682889461517334,7.588367938995361,3.6818678993442875,7.5218021823461445,0.0,0,two_ankles,accepted,3.682889461517334,7.588367938995361,0.10760778945839272
41,1.3666666666666667,predicted,2,,,motion_prediction,,,,,,,3.9028156057772083,2.0207731631164716,,3,,motion_prediction,3.9028156057772083,2.0207731631164716,
42,1.4,detected,1,3,0.6782324314117432,ankle_midpoint,1058.22021484375,651.765380859375,0.9322881698608398,0.9254647493362427,3.80241060256958,3.9317357540130615,3.215435499271929,4.143533644349126,0.0,0,two_ankles,corrected_motion_outlier,3.260090264247814,4.201502086420805,0.31711130546113925
42,1.4,detected,3,1,0.9165894389152527,ankle_midpoint,986.4263916015625,852.4915771484375,0.9846834540367126,0.9865798354148865,3.1845343112945557,10.149360656738281,3.2052682861755364,10.15860497708531,0.0,0,two_ankles,accepted,3.1845343112945557,10.149360656738281,0.020326771957967997
42,1.4,detected,4,2,0.8159692883491516,ankle_midpoint,1049.54736328125,753.9691162109375,0.5565873384475708,0.5436453223228455,3.632460117340088,7.559890270233154,3.6596343974423977,7.5389418218953,0.0,0,two_ankles,accepted,3.632460117340088,7.559890270233154,0.05791456096938944
42,1.4,predicted,2,,,motion_prediction,,,,,,,3.9083355606631494,1.9851012901153786,,4,,motion_prediction,3.9083355606631494,1.9851012901153786,
43,1.4333333333333333,detected,1,3,0.6902486085891724,ankle_midpoint,1058.2763671875,647.1168212890625,0.9542298913002014,0.9357922077178955,3.8088512420654297,3.7353973388671875,3.4824725835290042,3.9598723068822537,0.07564309140916925,0,two_ankles,accepted,3.8088512420654297,3.7353973388671875,0.24038249090683458
43,1.4333333333333333,detected,3,1,0.9181678295135498,ankle_midpoint,985.8239135742188,855.4154052734375,0.9728758335113525,0.9726614952087402,3.1805522441864014,10.215901374816895,3.1941460672804256,10.184388356064524,0.0,0,two_ankles,accepted,3.1805522441864014,10.215901374816895,0.06665976313242747
43,1.4333333333333333,detected,4,2,0.7794991135597229,ankle_midpoint,1018.9366455078125,770.1827392578125,0.6274558901786804,0.6568554639816284,3.4145922660827637,8.040515899658203,3.6373612283182712,7.553078055864198,0.0,0,two_ankles,corrected_motion_outlier,3.6101384660554503,7.570355675159518,0.5277001006932895
43,1.4333333333333333,predicted,2,,,motion_prediction,,,,,,,3.9138555155490904,1.9494294171142856,,5,,motion_prediction,3.9138555155490904,1.9494294171142856,
44,1.4666666666666666,detected,1,3,0.8160253167152405,ankle_midpoint,1048.51171875,648.410888671875,0.9208425879478455,0.9107441306114197,3.727707862854004,3.7924742698669434,3.592828459225254,3.884543190225364,0.0,0,two_ankles,accepted,3.727707862854004,3.7924742698669434,0.09920697577388465
44,1.4666666666666666,detected,3,1,0.9187740087509155,ankle_midpoint,984.827392578125,857.4998779296875,0.990044355392456,0.989185094833374,3.1743688583374023,10.263106346130371,3.1852463232560657,10.219811451594156,0.0,0,two_ankles,accepted,3.1743688583374023,10.263106346130371,0.04760823014210617
44,1.4666666666666666,detected,4,2,0.6722049713134766,ankle_midpoint,1020.29443359375,773.7832641601562,0.29772111773490906,0.32654449343681335,3.4218738079071045,8.142889022827148,3.615066242221915,7.565562416763957,0.0,0,two_ankles,corrected_motion_outlier,3.5878168147708127,7.580821080085882,0.3099331134481912
44,1.4666666666666666,predicted,2,,,motion_prediction,,,,,,,3.919375470435032,1.9137575441131927,,6,,motion_prediction,3.919375470435032,1.9137575441131927,
45,1.5,detected,1,3,0.829478919506073,ankle_midpoint,1047.47216796875,647.72314453125,0.9095177054405212,0.9022300243377686,3.7200307846069336,3.763514518737793,3.65006950564701,3.8300802880559575,0.0,0,two_ankles,accepted,3.7200307846069336,3.763514518737793,0.029960052000521754
45,1.5,detected,3,1,0.9229266047477722,ankle_midpoint,983.3178100585938,858.5361938476562,0.971828281879425,0.969351589679718,3.1653008460998535,10.286611557006836,3.17627085853577,10.249871499029862,0.0,0,two_ankles,accepted,3.1653008460998535,10.286611557006836,0.025193725097480454
45,1.5,detected,4,2,0.6763965487480164,bbox_bottom,993.7008056640625,714.1453857421875,0.08672533929347992,0.09005023539066315,3.2606489658355713,6.2970805168151855,3.592759256790832,7.577138247475687,0.6796241169364073,0,bbox_fallback,corrected_motion_outlier,3.565495163486175,7.591286485012246,0.43880291775980523
45,1.5,predicted,2,,,motion_prediction,,,,,,,3.924895425320973,1.8780856711120995,,7,,motion_prediction,3.924895425320973,1.8780856711120995,
46,1.5333333333333334,detected,1,3,0.845781683921814,ankle_midpoint,1047.28173828125,647.54443359375,0.9088943004608154,0.9064579010009766,3.718682289123535,3.755960702896118,3.6809452582114464,3.7967264747340304,0.0,0,two_ankles,accepted,3.718682289123535,3.755960702896118,0.007673237506990333
46,1.5333333333333334,detected,3,1,0.9237820506095886,ankle_midpoint,984.184814453125,861.5751953125,0.9854254722595215,0.9838141202926636,3.170079231262207,10.35449504852295,3.173484626262667,10.296952096301752,0.0,0,two_ankles,accepted,3.170079231262207,10.35449504852295,0.06805146130082751
46,1.5333333333333334,predicted,2,,,motion_prediction,,,,,,,3.930415380206914,1.8424137981110065,,8,,motion_prediction,3.930415380206914,1.8424137981110065,
46,1.5333333333333334,predicted,4,,,motion_prediction,,,,,,,3.5431735122015375,7.60175188993861,,1,,motion_prediction,3.5431735122015375,7.60175188993861,
47,1.5666666666666667,detected,1,3,0.8690477609634399,ankle_midpoint,1046.3370361328125,648.9759521484375,0.9329320788383484,0.9325608015060425,3.709378957748413,3.8168649673461914,3.6937404230030815,3.805788796409503,0.0,0,two_ankles,accepted,3.709378957748413,3.8168649673461914,0.0616107247391214
47,1.5666666666666667,detected,3,1,0.9235515594482422,ankle_midpoint,983.2115478515625,862.1705932617188,0.9857398867607117,0.9840027689933777,3.1642723083496094,10.367879867553711,3.169339083201791,10.328869593365134,0.0,0,two_ankles,accepted,3.1642723083496094,10.367879867553711,0.014590193082995603
47,1.5666666666666667,detected,4,2,0.7665302157402039,ankle_midpoint,973.9029541015625,734.0526123046875,0.2624583840370178,0.2639968991279602,3.1153390407562256,6.955781936645508,3.3779201595752593,7.297527907602107,0.12158799033900325,0,two_ankles,accepted,3.1153390407562256,6.955781936645508,0.15904226942008795
47,1.5666666666666667,predicted,2,,,motion_prediction,,,,,,,3.935935335092855,1.8067419251099133,,9,,motion_prediction,3.935935335092855,1.8067419251099133,
48,1.6,detected,1,3,0.8847510814666748,ankle_midpoint,1044.2554931640625,651.3643798828125,0.9723902940750122,0.9713575839996338,3.689870834350586,3.9179017543792725,3.6919991081094587,3.856239627495899,0.0,0,two_ankles,accepted,3.689870834350586,3.9179017543792725,0.1029028629945398
48,1.6,detected,3,1,0.9236579537391663,ankle_midpoint,982.8765869140625,862.07861328125,0.9864647388458252,0.9853845238685608,3.1623075008392334,10.365875244140625,3.16617487113864,10.345522136214106,0.0,0,two_ankles,accepted,3.1623075008392334,10.365875244140625,0.00280695272156874
48,1.6,detected,4,2,0.7299093008041382,ankle_midpoint,966.598876953125,734.2071533203125,0.4176255762577057,0.393356055021286,3.0637919902801514,6.961958408355713,3.236562483392461,7.14652163294123,0.0,0,two_ankles,accepted,3.0637919902801514,6.961958408355713,0.05191577039368584
48,1.6,predicted,2,,,motion_prediction,,,,,,,3.9414552899787965,1.7710700521088203,,10,,motion_prediction,3.9414552899787965,1.7710700521088203,
49,1.6333333333333333,detected,1,3,0.8758489489555359,ankle_midpoint,1039.947998046875,652.8058471679688,0.9769242405891418,0.9786885976791382,3.653540849685669,3.979114294052124,3.6746928918187534,3.9115332274462005,0.0,0,two_ankles,accepted,3.653540849685669,3.979114294052124,0.07118175889196283
49,1.6333333333333333,detected,2,5,0.36700883507728577,ankle_midpoint,1007.5636596679688,600.9456787109375,0.3850870430469513,0.4978705048561096,3.423565149307251,1.6058350801467896,3.6082189168817473,1.861526415267627,0.5392074969284635,0,two_ankles,accepted,3.423565149307251,1.6058350801467896,0.06340987296713824
49,1.6333333333333333,detected,3,1,0.9224274754524231,ankle_midpoint,982.4182739257812,860.7896118164062,0.974367082118988,0.9727046489715576,3.159738779067993,10.337197303771973,3.1632786297068494,10.341775961615147,0.0,0,two_ankles,accepted,3.159738779067993,10.337197303771973,0.02879275247915738
49,1.6333333333333333,detected,4,2,0.6688299775123596,ankle_midpoint,963.9820556640625,725.0980834960938,0.4365411102771759,0.4376172423362732,3.044844627380371,6.667864799499512,3.1502894481870207,6.931126057892458,0.0,0,two_ankles,accepted,3.044844627380371,6.667864799499512,0.2947033310482259
50,1.6666666666666667,detected,1,3,0.8369605541229248,ankle_midpoint,1038.9515380859375,652.8817138671875,0.9770207405090332,0.9786784052848816,3.6454198360443115,3.9824905395507812,3.661520016720255,3.9434640178932616,0.0,0,two_ankles,accepted,3.6454198360443115,3.9824905395507812,0.008794878977582155
50,1.6666666666666667,detected,2,5,0.4368106722831726,ankle_midpoint,1004.0418090820312,618.7547607421875,0.5570592880249023,0.6626359224319458,3.381838798522949,2.4761695861816406,3.520114420258234,1.7285578636049084,0.2606428495755059,0,two_ankles,corrected_motion_outlier,3.4124311466072723,1.5660407449060303,0.8713341728319295
50,1.6666666666666667,detected,3,1,0.9228438138961792,ankle_midpoint,982.8255615234375,860.612060546875,0.981573224067688,0.9802591800689697,3.162163019180298,10.333178520202637,3.1627766049699018,10.337907112979519,0.0,0,two_ankles,accepted,3.162163019180298,10.333178520202637,0.0046933529058948405
50,1.6666666666666667,predicted,4,,,motion_prediction,,,,,,,3.0050621570581297,6.551344741575961,,1,,motion_prediction,3.0050621570581297,6.551344741575961,
51,1.7,detected,1,3,0.8791717886924744,ankle_midpoint,1037.7286376953125,655.31298828125,0.983174741268158,0.9847903847694397,3.6331756114959717,4.083726406097412,3.648765034369328,4.00658209258513,0.0,0,two_ankles,accepted,3.6331756114959717,4.083726406097412,0.10197363242641413
51,1.7,detected,2,5,0.5497118830680847,ankle_midpoint,1003.09228515625,615.196044921875,0.620099663734436,0.710395336151123,3.3756625652313232,2.3073244094848633,3.466646645900311,1.6375177093320716,0.1314985434574203,0,two_ankles,corrected_motion_outlier,3.401297143907293,1.526246409665271,0.35156149417147914
51,1.7,detected,3,1,0.9093964099884033,ankle_midpoint,983.14306640625,859.9607543945312,0.9668790698051453,0.9707300066947937,3.164109706878662,10.318573951721191,3.163376500828844,10.329207190413271,0.0,0,two_ankles,accepted,3.164109706878662,10.318573951721191,0.014733737255842068
51,1.7,detected,4,2,0.69379723072052,ankle_midpoint,947.8172607421875,768.4498291015625,0.46436911821365356,0.25832927227020264,2.938699245452881,8.001954078674316,3.0670350555340113,6.707790439484437,0.9173547972940029,0,two_ankles,corrected_motion_outlier,2.9652796867358884,6.43482468365241,0.6691526445650654
52,1.7333333333333334,detected,1,3,0.8877834677696228,ankle_midpoint,1032.770263671875,654.4083251953125,0.9853278994560242,0.9826027154922485,3.594136953353882,4.047301292419434,3.624182397912377,4.024905732510566,0.0,0,two_ankles,accepted,3.594136953353882,4.047301292419434,0.05339293713581053
52,1.7333333333333334,detected,2,5,0.6212702989578247,ankle_midpoint,1005.1007690429688,614.3255004882812,0.6028631329536438,0.7463071346282959,3.3935387134552,2.2651426792144775,3.433748076300011,1.9199489457791543,0.12869792119676504,0,two_ankles,accepted,3.3935387134552,2.2651426792144775,0.21999699418107624
52,1.7333333333333334,detected,3,1,0.9036118388175964,ankle_midpoint,978.313232421875,862.2850341796875,0.9848778247833252,0.9877190589904785,3.1353890895843506,10.37105655670166,3.150782165768822,10.348039405243046,0.0,0,two_ankles,accepted,3.1353890895843506,10.37105655670166,0.05982723195420485
52,1.7333333333333334,detected,4,2,0.8193602561950684,ankle_midpoint,940.2060546875,767.8184814453125,0.5838207602500916,0.47322478890419006,2.887519598007202,7.984979152679443,3.003343027929848,6.532521823294427,1.0171071586091216,0,two_ankles,corrected_motion_outlier,2.925497216413647,6.318304625728859,0.44215901918501094
53,1.7666666666666666,detected,1,3,0.8880481123924255,ankle_midpoint,1030.880126953125,654.9351196289062,0.9804589748382568,0.9816663861274719,3.578458547592163,4.069532871246338,3.603606665268281,4.0449879449416635,0.0,0,two_ankles,accepted,3.578458547592163,4.069532871246338,0.027203961188877534
53,1.7666666666666666,detected,2,5,0.6178711652755737,ankle_midpoint,998.468994140625,610.4979248046875,0.44517648220062256,0.6432437300682068,3.3379955291748047,2.081730604171753,3.3906594300936685,1.9927506920558238,0.0,0,two_ankles,accepted,3.3379955291748047,2.081730604171753,0.19163776921965048
53,1.7666666666666666,detected,3,1,0.9154890775680542,ankle_midpoint,973.0545654296875,864.56201171875,0.9824566841125488,0.9800904393196106,3.104322671890259,10.422232627868652,3.129875393523469,10.38142635542457,0.0,0,two_ankles,accepted,3.104322671890259,10.422232627868652,0.059867458342849574
53,1.7666666666666666,detected,4,2,0.7943925261497498,ankle_midpoint,929.1483764648438,769.423095703125,0.7143068313598633,0.6192976236343384,2.813983917236328,8.032837867736816,2.950410301102549,6.383690058324325,1.1824577755021535,0,two_ankles,corrected_motion_outlier,2.8857147460914057,6.2017845678053085,0.3460895968262205
54,1.8,detected,1,3,0.8569700121879578,ankle_midpoint,1028.776123046875,651.412841796875,0.9744195938110352,0.9755986332893372,3.5645358562469482,3.9232304096221924,3.5860248012086817,3.9901970540479015,0.0,0,two_ankles,accepted,3.5645358562469482,3.9232304096221924,0.14696343630841888
54,1.8,detected,2,5,0.408392995595932,ankle_midpoint,994.5582275390625,605.3031005859375,0.3670320510864258,0.5568878054618835,3.3061366081237793,1.8272638320922852,3.3526241602072187,1.9182816050722316,0.0,0,two_ankles,accepted,3.3061366081237793,1.8272638320922852,0.25645336602017776
54,1.8,detected,3,1,0.9143588542938232,ankle_midpoint,970.6305541992188,868.286865234375,0.9725661873817444,0.9763468503952026,3.090027093887329,10.504518508911133,3.1119436586872062,10.436817824493524,0.0,0,two_ankles,accepted,3.090027093887329,10.504518508911133,0.08351843969672262
54,1.8,detected,4,2,0.8231545090675354,ankle_midpoint,932.042724609375,773.6663818359375,0.5305719375610352,0.4190393388271332,2.8348639011383057,8.153303146362305,2.903395189702526,6.249398561525171,1.418068255859387,0,two_ankles,corrected_motion_outlier,2.8459322757691643,6.085264509881759,0.3000412630105141
55,1.8333333333333333,detected,1,3,0.8705736994743347,ankle_midpoint,1028.018798828125,647.74072265625,0.970640242099762,0.9695437550544739,3.5615341663360596,3.7684483528137207,3.575004015516002,3.8904101384925207,0.0,0,two_ankles,accepted,3.5615341663360596,3.7684483528137207,0.154811159972988
55,1.8333333333333333,detected,2,5,0.7182442545890808,ankle_midpoint,992.7332763671875,607.4851684570312,0.6865997314453125,0.7797672152519226,3.2891845703125,1.9356091022491455,3.3240763447545953,1.926078978801843,0.0,0,two_ankles,accepted,3.2891845703125,1.9356091022491455,0.10966343579934971
55,1.8333333333333333,detected,3,1,0.9173828959465027,ankle_midpoint,966.114990234375,872.4671020507812,0.980983555316925,0.9818679094314575,3.063702344894409,10.596161842346191,3.0902350674804477,10.508522632527225,0.0,0,two_ankles,accepted,3.063702344894409,10.596161842346191,0.09534932077697023
55,1.8333333333333333,detected,4,2,0.7803489565849304,ankle_midpoint,928.2784423828125,777.5849609375,0.6362253427505493,0.5709760785102844,2.8113582134246826,8.264235496520996,2.8619785503774966,7.156075182273293,2.2954969534246006,0,two_ankles,accepted,2.8113582134246826,8.264235496520996,0.2688925491618222
56,1.8666666666666667,detected,1,3,0.873388946056366,ankle_midpoint,1028.2294921875,646.747802734375,0.9804100394248962,0.9815815687179565,3.564105987548828,3.72615909576416,3.5700999029307736,3.8164971692647587,0.0,0,two_ankles,accepted,3.564105987548828,3.72615909576416,0.042367387530437284
56,1.8666666666666667,detected,2,5,0.6765664219856262,ankle_midpoint,989.748779296875,615.501953125,0.7454020380973816,0.84404456615448,3.26023530960083,2.325108051300049,3.297420205885402,1.9154851327859763,0.0,0,two_ankles,corrected_motion_outlier,3.2648404806008324,1.902537098766583,0.3905732850663374
56,1.8666666666666667,detected,3,1,0.9151589870452881,ankle_midpoint,961.537841796875,877.02197265625,0.987450361251831,0.9879494905471802,3.037320137023926,10.694869995117188,3.0664233487750128,10.592378945692708,0.0,0,two_ankles,accepted,3.037320137023926,10.694869995117188,0.10217299210448767
56,1.8666666666666667,detected,4,2,0.8192952275276184,ankle_midpoint,929.080810546875,773.8671875,0.6968011856079102,0.6503416895866394,2.815246105194092,8.159449577331543,2.8409489500449645,7.607593660049506,0.0,0,two_ankles,accepted,2.815246105194092,8.159449577331543,0.1048580209749795
57,1.9,detected,1,3,0.8756737112998962,ankle_midpoint,1031.3470458984375,647.0992431640625,0.9895067811012268,0.9897052645683289,3.589226722717285,3.7404561042785645,3.578706971834704,3.7822786900209713,0.0,0,two_ankles,accepted,3.589226722717285,3.7404561042785645,0.028904252072397635
57,1.9,detected,2,5,0.659084141254425,ankle_midpoint,988.8682250976562,613.8475341796875,0.6501798033714294,0.7737186551094055,3.2531723976135254,2.2460520267486572,3.2775086921630576,2.0642402350691826,0.0,0,two_ankles,accepted,3.2531723976135254,2.2460520267486572,0.15626234827551252
57,1.9,detected,3,1,0.9170440435409546,ankle_midpoint,956.955078125,882.73388671875,0.9872610569000244,0.988588809967041,3.0113070011138916,10.816911697387695,3.041620992327508,10.693418683955453,0.0,0,two_ankles,accepted,3.0113070011138916,10.816911697387695,0.12478325341550116
57,1.9,detected,4,2,0.8707258701324463,ankle_midpoint,927.4918212890625,772.4805908203125,0.7211231589317322,0.663851261138916,2.8041298389434814,8.12037181854248,2.8243803500492977,7.838343831371345,0.0,0,two_ankles,accepted,2.8041298389434814,8.12037181854248,0.04062810120262342
58,1.9333333333333333,detected,1,3,0.8975518941879272,ankle_midpoint,1037.955078125,648.2210083007812,0.9910029172897339,0.9925079941749573,3.6419951915740967,3.7866930961608887,3.607186670717431,3.7842651727839343,0.0,0,two_ankles,accepted,3.6419951915740967,3.7866930961608887,0.07015960892007882
58,1.9333333333333333,detected,2,5,0.7050662040710449,ankle_midpoint,989.3414916992188,612.1722412109375,0.6782835721969604,0.7773875594139099,3.257838249206543,2.1651668548583984,3.268656992832626,2.1096572139743297,0.0,0,two_ankles,accepted,3.257838249206543,2.1651668548583984,0.08101963467459462
58,1.9333333333333333,detected,3,1,0.918096661567688,ankle_midpoint,954.8165283203125,892.2476196289062,0.9627529382705688,0.9796843528747559,2.999974012374878,11.015674591064453,3.022879851348825,10.838433842154505,0.0,0,two_ankles,accepted,2.999974012374878,11.015674591064453,0.19908572157871277
58,1.9333333333333333,detected,4,2,0.8959977626800537,ankle_midpoint,926.1822509765625,769.720703125,0.8365596532821655,0.7785528302192688,2.7942631244659424,8.04183292388916,2.810827598536788,7.929913923004362,0.0,0,two_ankles,accepted,2.7942631244659424,8.04183292388916,0.0791562380861207
59,1.9666666666666666,detected,1,3,0.8941494822502136,ankle_midpoint,1043.05029296875,647.169677734375,0.9914559721946716,0.9941551089286804,3.6845993995666504,3.7409307956695557,3.64202239869958,3.764764703082464,0.0,0,two_ankles,accepted,3.6845993995666504,3.7409307956695557,0.06252444869754419
59,1.9666666666666666,detected,2,5,0.7742131948471069,ankle_midpoint,988.989013671875,616.17919921875,0.8386595249176025,0.8638023138046265,3.253451108932495,2.357593059539795,3.2618143450775676,2.2212283444787895,0.0,0,two_ankles,accepted,3.253451108932495,2.357593059539795,0.19247620956334024
59,1.9666666666666666,detected,3,1,0.9180734753608704,ankle_midpoint,951.7674560546875,892.1217041015625,0.9607819318771362,0.9821925759315491,2.982658624649048,11.013447761535645,3.0047802993339254,10.917190105876019,0.0,0,two_ankles,accepted,2.982658624649048,11.013447761535645,0.017457990200656
59,1.9666666666666666,detected,4,2,0.897202730178833,ankle_midpoint,935.7750244140625,769.4481201171875,0.8796495199203491,0.8524770140647888,2.8583290576934814,8.032514572143555,2.8322032551573004,7.976084215116998,0.0,0,two_ankles,accepted,2.8583290576934814,8.032514572143555,0.0647400608554728
60,2.0,detected,1,3,0.9008552432060242,ankle_midpoint,1047.82958984375,641.5828247070312,0.9896650910377502,0.9932140111923218,3.730046272277832,3.4996871948242188,3.681633141809794,3.645479824366254,0.0,0,two_ankles,accepted,3.730046272277832,3.4996871948242188,0.2454870529947569
60,2.0,detected,2,5,0.7866750359535217,ankle_midpoint,985.903564453125,614.4842529296875,0.8163582682609558,0.8243573307991028,3.227309226989746,2.2773208618164062,3.2462870419380483,2.246469977280717,0.0,0,two_ankles,accepted,3.227309226989746,2.2773208618164062,0.08442170170549415
60,2.0,detected,3,1,0.9210675358772278,ankle_midpoint,949.7943115234375,891.6941528320312,0.9677248001098633,0.985382080078125,2.9714043140411377,11.004864692687988,2.989761105952171,10.956643669941407,0.0,0,two_ankles,accepted,2.9714043140411377,11.004864692687988,0.014153747846522003
60,2.0,detected,4,2,0.8998005986213684,ankle_midpoint,936.358154296875,768.5807495117188,0.897375226020813,0.8922728896141052,2.861955165863037,8.007521629333496,2.8455916149748823,7.990231051514423,0.0,0,two_ankles,accepted,2.861955165863037,8.007521629333496,0.025254620384479707
61,2.033333333333333,detected,1,3,0.8940886855125427,ankle_midpoint,1057.5185546875,638.6627197265625,0.9852531552314758,0.9907145500183105,3.8137195110321045,3.3700623512268066,3.7410720079598336,3.5215419614535026,0.0,0,two_ankles,accepted,3.8137195110321045,3.3700623512268066,0.15428483710748453
61,2.033333333333333,detected,2,5,0.8215868473052979,ankle_midpoint,975.8514404296875,612.7386474609375,0.9003151655197144,0.8987733721733093,3.140533685684204,2.195755958557129,3.1986980316238185,2.2236486688551027,0.0,0,two_ankles,accepted,3.140533685684204,2.195755958557129,0.11909167902320085
61,2.033333333333333,detected,3,1,0.9172227382659912,ankle_midpoint,948.174072265625,892.1210327148438,0.9773547053337097,0.9909570217132568,2.9622669219970703,11.013870239257812,2.977388723172376,10.98239562613379,0.0,0,two_ankles,accepted,2.9622669219970703,11.013870239257812,0.012829333668911206
61,2.033333333333333,detected,4,2,0.9081277847290039,ankle_midpoint,943.7744750976562,764.5870361328125,0.9021463394165039,0.8977836966514587,2.9106550216674805,7.890867233276367,2.8748701479865515,7.945517333307299,0.0,0,two_ankles,accepted,2.9106550216674805,7.890867233276367,0.12641172443577797
62,2.066666666666667,detected,1,3,0.8804545998573303,ankle_midpoint,1067.0189208984375,633.7799072265625,0.9744713306427002,0.9822477698326111,3.899644374847412,3.1516988277435303,3.8124295730592443,3.3551125512840154,0.0,0,two_ankles,accepted,3.899644374847412,3.1516988277435303,0.23466084166240977
62,2.066666666666667,detected,2,5,0.8378440141677856,ankle_midpoint,973.6624755859375,604.1895141601562,0.9252555966377258,0.9201962947845459,3.122227430343628,1.7769768238067627,3.1543132141932855,2.2019760293253476,0.0,0,two_ankles,corrected_motion_outlier,3.1000651040004117,2.1754872476778693,0.41917905802515915
62,2.066666666666667,detected,3,1,0.9114685654640198,ankle_midpoint,951.9324951171875,891.695556640625,0.9863945245742798,0.9938827753067017,2.9835445880889893,11.004633903503418,2.9801588623848523,10.992402850950123,0.0,0,two_ankles,accepted,2.9835445880889893,11.004633903503418,0.023195882662384374
62,2.066666666666667,detected,4,2,0.9012365341186523,ankle_midpoint,954.4935302734375,765.2340698242188,0.9383022785186768,0.9378777146339417,2.9829864501953125,7.907970428466797,2.923522483980494,7.9286212261290725,0.0,0,two_ankles,accepted,2.9829864501953125,7.907970428466797,0.0743260037846702
63,2.1,detected,1,3,0.8654582500457764,ankle_midpoint,1073.2169189453125,631.380615234375,0.9858942031860352,0.9917619228363037,3.955272912979126,3.0426151752471924,3.8767090760231913,3.214488732067445,0.0,0,two_ankles,accepted,3.955272912979126,3.0426151752471924,0.12244908124038067
63,2.1,detected,2,5,0.8489476442337036,ankle_midpoint,966.2684936523438,606.05517578125,0.9115921854972839,0.9008116126060486,3.057070016860962,1.8714576959609985,3.11055377539374,2.0532427793113905,0.0,0,two_ankles,accepted,3.057070016860962,1.8714576959609985,0.16743323082374104
63,2.1,detected,3,1,0.9131650328636169,ankle_midpoint,957.109130859375,891.27685546875,0.9898627996444702,0.9943002462387085,3.0129024982452393,10.995355606079102,2.9948934985220266,10.993731590758163,0.0,0,two_ankles,accepted,3.0129024982452393,10.995355606079102,0.030789181409003444
63,2.1,detected,4,2,0.8951500058174133,ankle_midpoint,956.6298828125,765.69580078125,0.9396547675132751,0.9363796710968018,2.997426748275757,7.921029567718506,2.9567794029133623,7.9252049798443185,0.0,0,two_ankles,accepted,2.997426748275757,7.921029567718506,0.019469548701693387
64,2.1333333333333333,detected,1,3,0.8383346796035767,ankle_midpoint,1082.41162109375,628.8011474609375,0.983849048614502,0.9920405745506287,4.03698205947876,2.923680305480957,3.9488319185781973,3.0836249401035256,0.0,0,two_ankles,accepted,4.03698205947876,2.923680305480957,0.14429791359548474
64,2.1333333333333333,detected,2,5,0.7710916996002197,ankle_midpoint,954.453369140625,603.7025146484375,0.7396077513694763,0.7232126593589783,2.952638626098633,1.7573959827423096,3.0394919582109416,1.9201117208553042,0.0,0,two_ankles,accepted,2.952638626098633,1.7573959827423096,0.15464795439622447
64,2.1333333333333333,detected,3,1,0.9009943604469299,ankle_midpoint,972.0447387695312,893.18359375,0.9794044494628906,0.9838979840278625,3.097712993621826,11.032862663269043,3.041162271316937,11.01134057338806,0.0,0,two_ankles,accepted,3.097712993621826,11.032862663269043,0.09273402539020727
64,2.1333333333333333,detected,4,2,0.9002088904380798,ankle_midpoint,956.659423828125,769.5445556640625,0.962418794631958,0.9615873098373413,2.998084783554077,8.032000541687012,2.975366824201684,7.97326298267353,0.0,0,two_ankles,accepted,2.998084783554077,8.032000541687012,0.11097292495895708
65,2.1666666666666665,detected,1,3,0.8521580696105957,ankle_midpoint,1087.84326171875,627.5647583007812,0.957253098487854,0.9862567782402039,4.085086345672607,2.866032361984253,4.010146410770682,2.9857082799498533,0.0,0,two_ankles,accepted,4.085086345672607,2.866032361984253,0.07508200676339699
65,2.1666666666666665,detected,2,5,0.8502635359764099,ankle_midpoint,940.9393310546875,604.24267578125,0.6569315791130066,0.6843329668045044,2.833580493927002,1.7876542806625366,2.946831799283169,1.860505872768559,0.0,0,two_ankles,accepted,2.833580493927002,1.7876542806625366,0.12284300317570691
65,2.1666666666666665,detected,3,1,0.8988914489746094,ankle_midpoint,991.2518920898438,889.4963989257812,0.9933406710624695,0.9956120252609253,3.2071754932403564,10.95430850982666,3.1158682211824758,10.98567614478543,0.0,0,two_ankles,accepted,3.2071754932403564,10.95430850982666,0.1347323043883172
65,2.1666666666666665,detected,4,2,0.9103543758392334,ankle_midpoint,946.29736328125,775.1217041015625,0.9769928455352783,0.9782155156135559,2.929971694946289,8.192224502563477,2.9549390160367563,8.071795666624006,0.0,0,two_ankles,accepted,2.929971694946289,8.192224502563477,0.1741008629462684
66,2.2,detected,1,3,0.8630058169364929,ankle_midpoint,1091.557373046875,629.967041015625,0.9588724970817566,0.9871180057525635,4.111913681030273,2.974560260772705,4.055941682387498,2.9806916713201366,0.0,0,two_ankles,accepted,4.111913681030273,2.974560260772705,0.11179450227014381
66,2.2,detected,2,5,0.8231222629547119,ankle_midpoint,934.9473876953125,597.4088134765625,0.820616602897644,0.8411927819252014,2.7767586708068848,1.4441670179367065,2.85864774176023,1.8075164264703583,0.0,0,two_ankles,corrected_motion_outlier,2.750867227009971,1.7427515476614464,0.3481554526897106
66,2.2,detected,3,1,0.8797925114631653,ankle_midpoint,1002.16064453125,889.473876953125,0.9922946691513062,0.9954819679260254,3.2693099975585938,10.952508926391602,3.1849170205517288,10.970750896508207,0.0,0,two_ankles,accepted,3.2693099975585938,10.952508926391602,0.062160559259170016
66,2.2,detected,4,2,0.9108644723892212,ankle_midpoint,946.8720703125,777.0244140625,0.9914221167564392,0.9924206137657166,2.934185743331909,8.245657920837402,2.9456000433195753,8.150033681020036,0.0,0,two_ankles,accepted,2.934185743331909,8.245657920837402,0.05359933201293327
67,2.2333333333333334,detected,1,3,0.8644477725028992,ankle_midpoint,1095.319580078125,631.147705078125,0.9779185652732849,0.9948692321777344,4.1412811279296875,3.0271124839782715,4.094344432881483,3.0015810370162974,0.0,0,two_ankles,accepted,4.1412811279296875,3.0271124839782715,0.06020118853675214
67,2.2333333333333334,detected,2,5,0.8223335146903992,ankle_midpoint,928.5224609375,599.4583740234375,0.904599130153656,0.9168637990951538,2.7207822799682617,1.5501855611801147,2.7966082839538444,1.6917175370897488,0.0,0,two_ankles,accepted,2.7207822799682617,1.5501855611801147,0.13144849733346414
67,2.2333333333333334,detected,3,1,0.9014172554016113,ankle_midpoint,1025.642822265625,890.252685546875,0.9762498140335083,0.9876318573951721,3.4027576446533203,10.965808868408203,3.282945301397445,10.968526983863207,0.0,0,two_ankles,accepted,3.4027576446533203,10.965808868408203,0.13410877291498735
67,2.2333333333333334,detected,4,2,0.9194452166557312,ankle_midpoint,946.388427734375,781.5427856445312,0.9930075407028198,0.9933579564094543,2.9319469928741455,8.371660232543945,2.939456170619132,8.249765629205795,0.0,0,two_ankles,accepted,2.9319469928741455,8.371660232543945,0.1260221986754911
68,2.2666666666666666,detected,1,3,0.8729526400566101,ankle_midpoint,1100.1842041015625,629.3712158203125,0.9844980835914612,0.9958600401878357,4.185745716094971,2.9455606937408447,4.135475010327553,2.976371882542344,0.0,0,two_ankles,accepted,4.185745716094971,2.9455606937408447,0.09288591977063852
68,2.2666666666666666,detected,2,5,0.8375247120857239,ankle_midpoint,919.6946411132812,600.6901245117188,0.9196699857711792,0.937250554561615,2.643266201019287,1.6147232055664062,2.727604346633294,1.6570700879042448,0.0,0,two_ankles,accepted,2.643266201019287,1.6147232055664062,0.10086550470083956
68,2.2666666666666666,detected,3,1,0.8926487565040588,ankle_midpoint,1050.225830078125,894.9151611328125,0.9835011959075928,0.993178129196167,3.5400121212005615,11.058968544006348,3.3986253703088476,11.009225685927621,0.0,0,two_ankles,accepted,3.5400121212005615,11.058968544006348,0.16588404531421552
68,2.2666666666666666,detected,4,2,0.924253523349762,ankle_midpoint,945.6193237304688,783.01318359375,0.9928994178771973,0.9928802847862244,2.927211046218872,8.412405967712402,2.933945864639015,8.32295378153377,0.0,0,two_ankles,accepted,2.927211046218872,8.412405967712402,0.04102004540635751
69,2.3,detected,1,3,0.855046808719635,ankle_midpoint,1102.88037109375,627.953125,0.9859591126441956,0.9961375594139099,4.211420059204102,2.8803460597991943,4.169650282322,2.933160262307927,0.0,0,two_ankles,accepted,4.211420059204102,2.8803460597991943,0.070086520631494
69,2.3,detected,2,5,0.8568658828735352,ankle_midpoint,912.20849609375,600.9493408203125,0.9295843243598938,0.9388466477394104,2.577064275741577,1.6296592950820923,2.6598613147320216,1.6447352311342764,0.0,0,two_ankles,accepted,2.577064275741577,1.6296592950820923,0.06786590956066292
69,2.3,detected,3,1,0.8702249526977539,ankle_midpoint,1061.529296875,899.616455078125,0.9868124127388,0.9949640035629272,3.600959300994873,11.153457641601562,3.4896756391175594,11.074130065980896,0.0,0,two_ankles,accepted,3.600959300994873,11.153457641601562,0.11243997638401643
69,2.3,detected,4,2,0.9266234636306763,ankle_midpoint,945.3867797851562,784.6334838867188,0.9929597973823547,0.992501974105835,2.9260411262512207,8.457014083862305,2.9303887323645075,8.38328091758161,0.0,0,two_ankles,accepted,2.9260411262512207,8.457014083862305,0.04462345503402765
70,2.3333333333333335,detected,1,3,0.8545258641242981,ankle_midpoint,1105.4874267578125,622.1796875,0.9822989106178284,0.9949022531509399,4.245863437652588,2.6132054328918457,4.203946202220765,2.789180589070691,0.0,0,two_ankles,accepted,4.245863437652588,2.6132054328918457,0.26935192752864584
70,2.3333333333333335,detected,2,5,0.8399394750595093,ankle_midpoint,902.31787109375,600.603515625,0.9563947319984436,0.9688183069229126,2.4889235496520996,1.6146596670150757,2.582939320446057,1.6312012272806362,0.0,0,two_ankles,accepted,2.4889235496520996,1.6146596670150757,0.08940792156027977
70,2.3333333333333335,detected,3,1,0.8774803876876831,ankle_midpoint,1087.1287841796875,906.6314697265625,0.9859762191772461,0.9964704513549805,3.739346742630005,11.291419982910156,3.6020276356981604,11.171910528599064,0.0,0,two_ankles,accepted,3.739346742630005,11.291419982910156,0.19540903669397158
70,2.3333333333333335,detected,4,2,0.9235954880714417,ankle_midpoint,944.6746826171875,787.677734375,0.9932804703712463,0.9928162097930908,2.9220638275146484,8.540308952331543,2.926642525182071,8.45394353321908,0.0,0,two_ankles,accepted,2.9220638275146484,8.540308952331543,0.08338977166624001
71,2.3666666666666667,detected,1,3,0.8802051544189453,ankle_midpoint,1109.0,615.9847412109375,0.9908756017684937,0.9963240623474121,4.289836883544922,2.3199169635772705,4.242597008816636,2.578011957598652,0.0,0,two_ankles,accepted,4.289836883544922,2.3199169635772705,0.29656667071087495
71,2.3666666666666667,detected,2,5,0.8328720331192017,ankle_midpoint,894.04541015625,602.5326538085938,0.943671464920044,0.9657478928565979,2.41796612739563,1.7137436866760254,2.508701383573365,1.6683453340085614,0.0,0,two_ankles,accepted,2.41796612739563,1.7137436866760254,0.12187123830278583
71,2.3666666666666667,detected,3,1,0.9002689719200134,ankle_midpoint,1110.113037109375,914.7183227539062,0.9817696213722229,0.9947354197502136,3.859933853149414,11.448360443115234,3.7180854335512246,11.29631299013134,0.0,0,two_ankles,accepted,3.859933853149414,11.448360443115234,0.19791806201759837
71,2.3666666666666667,detected,4,2,0.9263343811035156,ankle_midpoint,943.697998046875,790.6904296875,0.992569625377655,0.9924341440200806,2.916396379470825,8.622074127197266,2.9220317596120107,8.529602300509264,0.0,0,two_ankles,accepted,2.916396379470825,8.622074127197266,0.08196135545579783
72,2.4,detected,1,3,0.8896003365516663,ankle_midpoint,1111.134765625,616.6445922851562,0.9897103905677795,0.9939578771591187,4.306757926940918,2.3508894443511963,4.271469421972563,2.475806826637297,0.0,0,two_ankles,accepted,4.306757926940918,2.3508894443511963,0.035293289374899374
72,2.4,detected,2,5,0.8497084975242615,ankle_midpoint,892.717041015625,602.5462646484375,0.956842303276062,0.9729814529418945,2.4062371253967285,1.7147530317306519,2.4625924673938786,1.6892287979835023,0.0,0,two_ankles,accepted,2.4062371253967285,1.7147530317306519,0.011772351733172568
72,2.4,detected,3,1,0.9138744473457336,ankle_midpoint,1119.48974609375,918.6282958984375,0.9856012463569641,0.9951502680778503,3.9078543186187744,11.523358345031738,3.8034814318316217,11.398483399836522,0.0,0,two_ankles,accepted,3.9078543186187744,11.523358345031738,0.089000316306616
72,2.4,detected,4,2,0.927990198135376,ankle_midpoint,943.4248046875,791.4520263671875,0.9926538467407227,0.9930593967437744,2.9148008823394775,8.642637252807617,2.918777864839371,8.580468029043523,0.0,0,two_ankles,accepted,2.9148008823394775,8.642637252807617,0.02062493020505124
73,2.433333333333333,detected,1,3,0.8920899033546448,ankle_midpoint,1115.1488037109375,612.4246826171875,0.9794570803642273,0.9891608357429504,4.351510047912598,2.1472578048706055,4.307487703645579,2.3279597668422856,0.0,0,two_ankles,accepted,4.351510047912598,2.1472578048706055,0.2084912394538849
73,2.433333333333333,detected,2,5,0.8397054672241211,ankle_midpoint,892.1996459960938,603.4640502929688,0.9785664081573486,0.9853979349136353,2.4028608798980713,1.760786533355713,2.4357132530207655,1.7214297789009971,0.0,0,two_ankles,accepted,2.4028608798980713,1.760786533355713,0.04615714793541408
73,2.433333333333333,detected,3,1,0.9126739501953125,ankle_midpoint,1136.504638671875,927.16796875,0.9888758063316345,0.9949448704719543,3.99211049079895,11.685150146484375,3.88836450836692,11.527483435828056,0.0,0,two_ankles,accepted,3.99211049079895,11.685150146484375,0.18241625357337227
73,2.433333333333333,detected,4,2,0.9233168959617615,ankle_midpoint,944.3656005859375,795.3050537109375,0.9947500824928284,0.9955363273620605,2.9217591285705566,8.745648384094238,2.920119433518405,8.654799188816344,0.0,0,two_ankles,accepted,2.9217591285705566,8.745648384094238,0.10324587332945474
74,2.466666666666667,detected,1,3,0.8756216764450073,ankle_midpoint,1120.851806640625,607.0716552734375,0.9882676005363464,0.99233478307724,4.4146952629089355,1.884043574333191,4.3557311053140895,2.1281974802131933,0.0,0,two_ankles,accepted,4.4146952629089355,1.884043574333191,0.270691895984229
74,2.466666666666667,detected,2,5,0.8183324933052063,ankle_midpoint,890.7840576171875,604.0404052734375,0.9676291346549988,0.9786158800125122,2.3911304473876953,1.7898790836334229,2.415650990485884,1.7522319660305887,0.0,0,two_ankles,accepted,2.3911304473876953,1.7898790836334229,0.031368447977889624
74,2.466666666666667,detected,3,1,0.9241119623184204,ankle_midpoint,1149.679443359375,933.0447998046875,0.972586452960968,0.9886019825935364,4.057040691375732,11.794445037841797,3.964268790720886,11.647616156734241,0.0,0,two_ankles,accepted,4.057040691375732,11.794445037841797,0.12712711836493354
74,2.466666666666667,detected,4,2,0.9274665117263794,ankle_midpoint,946.0280151367188,798.2457885742188,0.994113028049469,0.995271623134613,2.9330832958221436,8.823381423950195,2.9259531715550873,8.730661194626578,0.0,0,two_ankles,accepted,2.9330832958221436,8.823381423950195,0.07855356293122367
75,2.5,detected,1,3,0.9051077365875244,ankle_midpoint,1123.009033203125,606.9136962890625,0.9896811842918396,0.9939663410186768,4.4340691566467285,1.8757094144821167,4.390983228413777,2.014577850634209,0.0,0,two_ankles,accepted,4.4340691566467285,1.8757094144821167,0.02109042386929554
75,2.5,detected,2,5,0.8276978731155396,ankle_midpoint,889.7844848632812,602.8654174804688,0.9796317219734192,0.9860345125198364,2.3807365894317627,1.731456995010376,2.3999395100115297,1.742883229071493,0.0,0,two_ankles,accepted,2.3807365894317627,1.731456995010376,0.059339470188798
75,2.5,detected,3,1,0.9312425851821899,ankle_midpoint,1150.38525390625,936.6862182617188,0.969952404499054,0.9878617525100708,4.05665922164917,11.862249374389648,4.005844484638613,11.744201104679174,0.0,0,two_ankles,accepted,4.05665922164917,11.862249374389648,0.06780540962081567
75,2.5,detected,4,2,0.9256477952003479,ankle_midpoint,947.1939697265625,798.7166748046875,0.9931647181510925,0.9947128891944885,2.940661668777466,8.835637092590332,2.9325719953051577,8.777900348710267,0.0,0,two_ankles,accepted,2.940661668777466,8.835637092590332,0.01440948126987195
76,2.533333333333333,detected,1,3,0.9072135090827942,ankle_midpoint,1127.203125,604.8677978515625,0.9910396933555603,0.993775486946106,4.476431846618652,1.773113489151001,4.429435106605972,1.9059188879667652,0.0,0,two_ankles,accepted,4.476431846618652,1.773113489151001,0.1109978441061141
76,2.533333333333333,detected,2,5,0.8478553295135498,ankle_midpoint,888.31005859375,603.6138916015625,0.9808319211006165,0.9867132902145386,2.3687338829040527,1.7692211866378784,2.3858969778131653,1.7547353099763665,0.0,0,two_ankles,accepted,2.3687338829040527,1.7692211866378784,0.03962573826781095
76,2.533333333333333,detected,3,1,0.9188258647918701,ankle_midpoint,1154.969482421875,939.593994140625,0.9801362752914429,0.9922743439674377,4.077938079833984,11.91553020477295,4.03828660247653,11.821299199721373,0.0,0,two_ankles,accepted,4.077938079833984,11.91553020477295,0.05737278703343174
76,2.533333333333333,detected,4,2,0.9174661636352539,ankle_midpoint,951.1002197265625,800.86962890625,0.972383975982666,0.979981005191803,2.9660704135894775,8.89167594909668,2.9476462835331017,8.829099368884155,0.0,0,two_ankles,accepted,2.9660704135894775,8.89167594909668,0.061530136936796716
77,2.566666666666667,detected,1,3,0.9010748863220215,ankle_midpoint,1133.1820068359375,606.223876953125,0.9910227060317993,0.9938405752182007,4.525442600250244,1.8390679359436035,4.472638478745894,1.8758359595563425,0.0,0,two_ankles,accepted,4.525442600250244,1.8390679359436035,0.08217081612868907
77,2.566666666666667,detected,2,5,0.8325827717781067,ankle_midpoint,888.2987060546875,604.015625,0.9799665808677673,0.9856789708137512,2.3691835403442383,1.7892541885375977,2.3783759309521484,1.7702688053289206,0.0,0,two_ankles,accepted,2.3691835403442383,1.7892541885375977,0.02003804773244312
77,2.566666666666667,detected,3,1,0.918239176273346,ankle_midpoint,1158.9658203125,938.6254272460938,0.9717555642127991,0.9910585284233093,4.100548267364502,11.89720630645752,4.066304351676118,11.855457397752641,0.0,0,two_ankles,accepted,4.100548267364502,11.89720630645752,0.0291030209710157
77,2.566666666666667,detected,4,2,0.9167221188545227,ankle_midpoint,955.0570068359375,801.4208984375,0.974919855594635,0.9803659319877625,2.9914538860321045,8.905538558959961,2.967359704657653,8.863497004418267,0.0,0,two_ankles,accepted,2.9914538860321045,8.905538558959961,0.028922182239021047
78,2.6,detected,1,3,0.8987864851951599,ankle_midpoint,1135.1483154296875,605.434326171875,0.9920807480812073,0.9940920472145081,4.544981002807617,1.7993743419647217,4.505192614573669,1.8414282316401134,0.0,0,two_ankles,accepted,4.544981002807617,1.7993743419647217,0.04424172891574521
78,2.6,detected,2,5,0.8188316226005554,ankle_midpoint,888.1856079101562,603.7975463867188,0.979722797870636,0.9857854247093201,2.367887496948242,1.7784124612808228,2.373656135650391,1.7739334505072768,0.0,0,two_ankles,accepted,2.367887496948242,1.7784124612808228,0.010918918371093399
78,2.6,detected,3,1,0.9226083755493164,ankle_midpoint,1160.478759765625,937.6427612304688,0.9761571288108826,0.994858980178833,4.109865665435791,11.878856658935547,4.085906942867971,11.865987065284948,0.0,0,two_ankles,accepted,4.109865665435791,11.878856658935547,0.02057968588194432
78,2.6,detected,4,2,0.9145318865776062,ankle_midpoint,958.431640625,803.9878540039062,0.9887915849685669,0.9893708229064941,3.01326584815979,8.972003936767578,2.9880174692336148,8.912325123975458,0.0,0,two_ankles,accepted,3.01326584815979,8.972003936767578,0.06995289943218136
79,2.6333333333333333,detected,1,3,0.9035061001777649,ankle_midpoint,1138.074951171875,606.832763671875,0.9854148626327515,0.9876953363418579,4.5667924880981445,1.8680332899093628,4.532912557659683,1.8534005078612759,0.0,0,two_ankles,accepted,4.5667924880981445,1.8680332899093628,0.07204021115629679
79,2.6333333333333333,detected,2,5,0.8311131000518799,ankle_midpoint,888.4775390625,602.3026123046875,0.9811338186264038,0.9870460033416748,2.368415355682373,1.70358407497406,2.371297784664783,1.7422762315173292,0.0,0,two_ankles,accepted,2.368415355682373,1.70358407497406,0.07483024810941968
79,2.6333333333333333,detected,3,1,0.8923485279083252,ankle_midpoint,1163.9197998046875,932.7965087890625,0.9658902287483215,0.9867185950279236,4.13438081741333,11.788188934326172,4.107720186413383,11.8309779063535,0.0,0,two_ankles,accepted,4.13438081741333,11.788188934326172,0.09392352720337595
79,2.6333333333333333,detected,4,2,0.9140475392341614,ankle_midpoint,962.561279296875,803.2425537109375,0.9894220232963562,0.9889111518859863,3.0395336151123047,8.952011108398438,3.0111997348790256,8.9301838169658,0.0,0,two_ankles,accepted,3.0395336151123047,8.952011108398438,0.033010737145200725
80,2.6666666666666665,detected,1,3,0.8852174282073975,ankle_midpoint,1138.76513671875,607.863037109375,0.9850850701332092,0.9871777296066284,4.569918155670166,1.9187391996383667,4.5495650767644005,1.8828029191609668,0.0,0,two_ankles,accepted,4.569918155670166,1.9187391996383667,0.050802156245740984
80,2.6666666666666665,detected,2,5,0.8238555788993835,ankle_midpoint,889.510498046875,601.7272338867188,0.9819715619087219,0.9884519577026367,2.376772403717041,1.674440860748291,2.373761363238299,1.7117503146712623,0.0,0,two_ankles,accepted,2.376772403717041,1.674440860748291,0.030317770156507468
80,2.6666666666666665,detected,3,1,0.9011315107345581,ankle_midpoint,1167.626953125,927.5926513671875,0.9826305508613586,0.992743730545044,4.161085605621338,11.689664840698242,4.131734625056963,11.767387026808635,0.0,0,two_ankles,accepted,4.161085605621338,11.689664840698242,0.10207910039983507
80,2.6666666666666665,detected,4,2,0.9146822094917297,ankle_midpoint,965.1126708984375,805.6963500976562,0.9867413640022278,0.9887567162513733,3.0558853149414062,9.015338897705078,3.031308245907097,8.968503603298476,0.0,0,two_ankles,accepted,3.0558853149414062,9.015338897705078,0.0654047932935141
81,2.7,detected,1,3,0.8668965101242065,ankle_midpoint,1137.6455078125,608.470947265625,0.9828322529792786,0.9844261407852173,4.5583672523498535,1.9489350318908691,4.553526055777855,1.912562369889423,0.0,0,two_ankles,accepted,4.5583672523498535,1.9489350318908691,0.032329733264233294
81,2.7,detected,2,5,0.8196818828582764,ankle_midpoint,889.7684326171875,603.35205078125,0.9826421737670898,0.9887905120849609,2.3812503814697266,1.7557908296585083,2.3771314214424417,1.731568546415523,0.0,0,two_ankles,accepted,2.3812503814697266,1.7557908296585083,0.08147312272428783
81,2.7,detected,3,1,0.8871797919273376,ankle_midpoint,1174.107421875,921.7135009765625,0.9843220114707947,0.9932368397712708,4.204226493835449,11.576613426208496,4.164355966007282,11.681538906538574,0.0,0,two_ankles,accepted,4.204226493835449,11.576613426208496,0.12100313448020601
81,2.7,detected,4,2,0.915068507194519,ankle_midpoint,968.2139892578125,808.7191162109375,0.9890605211257935,0.9904395341873169,3.075612783432007,9.092766761779785,3.0512452877933063,9.024422024615067,0.0,0,two_ankles,accepted,3.075612783432007,9.092766761779785,0.07990148401762602
82,2.7333333333333334,detected,1,3,0.800714373588562,ankle_midpoint,1136.69580078125,607.4961547851562,0.9723002314567566,0.9836992025375366,4.552786350250244,1.9011493921279907,4.553193188290431,1.9074265298967785,0.0,0,two_ankles,accepted,4.552786350250244,1.9011493921279907,0.048110433751869366
82,2.7333333333333334,detected,2,5,0.8335687518119812,ankle_midpoint,885.7071533203125,600.8583984375,0.9878111481666565,0.9919771552085876,2.3418502807617188,1.6316388845443726,2.3612549081361163,1.6866001985735055,0.0,0,two_ankles,accepted,2.3418502807617188,1.6316388845443726,0.13025388060025134
82,2.7333333333333334,detected,3,1,0.8627210855484009,ankle_midpoint,1184.93017578125,901.68115234375,0.9852264523506165,0.9936416745185852,4.292646408081055,11.180475234985352,4.196636021954934,11.603427479995343,0.0,0,two_ankles,corrected_motion_outlier,4.236089423668729,11.507957958664727,0.4058861266177311
82,2.7333333333333334,detected,4,2,0.9185376167297363,ankle_midpoint,975.9369506835938,813.7608642578125,0.9893997311592102,0.9900726079940796,3.1241848468780518,9.220125198364258,3.084068089381442,9.112488452802204,0.0,0,two_ankles,accepted,3.1241848468780518,9.220125198364258,0.1363063341031801
83,2.7666666666666666,detected,1,3,0.7810911536216736,ankle_midpoint,1139.211669921875,604.6390991210938,0.9654992818832397,0.9825233221054077,4.5831193923950195,1.758760929107666,4.566659980137496,1.840527009541678,0.0,0,two_ankles,accepted,4.5831193923950195,1.758760929107666,0.1455835425006793
83,2.7666666666666666,detected,2,5,0.8458447456359863,ankle_midpoint,882.6171875,600.822998046875,0.9824145436286926,0.9891430735588074,2.3143880367279053,1.6306191682815552,2.3401648160024218,1.6614087349421278,0.0,0,two_ankles,accepted,2.3143880367279053,1.6306191682815552,0.0274811693461064
83,2.7666666666666666,detected,3,1,0.8930503129959106,ankle_midpoint,1193.0421142578125,877.4668579101562,0.9927014112472534,0.9956101775169373,4.376725196838379,10.675456047058105,4.228728371151118,11.529571235001871,0.12155228050660549,0,two_ankles,corrected_motion_outlier,4.26795235350201,11.439302491120959,0.45875931176786316
83,2.7666666666666666,detected,4,2,0.9178479313850403,ankle_midpoint,982.17333984375,818.6602172851562,0.9908135533332825,0.9912915229797363,3.162827730178833,9.342395782470703,3.1195099277402685,9.21594675115303,0.0,0,two_ankles,accepted,3.162827730178833,9.342395782470703,0.12823169720287225
84,2.8,detected,1,3,0.8127216696739197,ankle_midpoint,1140.007080078125,603.9564208984375,0.9676552414894104,0.9809939861297607,4.592135429382324,1.7244571447372437,4.578123932297669,1.7882955703796826,0.0,0,two_ankles,accepted,4.592135429382324,1.7244571447372437,0.03546883907162567
84,2.8,detected,2,5,0.853270947933197,ankle_midpoint,881.9190673828125,600.498291015625,0.9852633476257324,0.9911509156227112,2.3077096939086914,1.6144055128097534,2.3255600110602432,1.6402572849825594,0.0,0,two_ankles,accepted,2.3077096939086914,1.6144055128097534,0.01753518994961938
84,2.8,detected,3,1,0.9076541066169739,ankle_midpoint,1197.8514404296875,859.65673828125,0.9880719184875488,0.993453860282898,4.435072898864746,10.283963203430176,4.260717481633995,11.458055339860767,0.44506910627961116,0,two_ankles,corrected_motion_outlier,4.29981528333529,11.370647023577192,0.43770038727216026
84,2.8,detected,4,2,0.9184874892234802,ankle_midpoint,984.9205932617188,820.43701171875,0.9923416376113892,0.9928688406944275,3.1797399520874023,9.386268615722656,3.1466134386964786,9.292591590209362,0.0,0,two_ankles,accepted,3.1797399520874023,9.386268615722656,0.047019663412644463
85,2.8333333333333335,detected,1,3,0.8440139293670654,ankle_midpoint,1140.068359375,603.0202026367188,0.9829734563827515,0.9898259043693542,4.595415115356445,1.6775197982788086,4.585904964674119,1.7384464729342892,0.0,0,two_ankles,accepted,4.595415115356445,1.6775197982788086,0.04705178883579255
85,2.8333333333333335,detected,2,5,0.8742178678512573,ankle_midpoint,881.61279296875,601.8760375976562,0.9870949387550354,0.9924290776252747,2.307053804397583,1.6838685274124146,2.3172322180620464,1.6598823440759944,0.0,0,two_ankles,accepted,2.307053804397583,1.6838685274124146,0.0694661110811617
85,2.8333333333333335,detected,3,1,0.903910219669342,ankle_midpoint,1215.3145751953125,828.8818969726562,0.9856202602386475,0.9909517765045166,4.598971843719482,9.561960220336914,4.292649810824554,11.387826637138463,1.11044168723047,0,two_ankles,corrected_motion_outlier,4.33167821316857,11.301991556033423,0.5132404060954106
85,2.8333333333333335,detected,4,2,0.922715425491333,ankle_midpoint,989.5538330078125,822.9268798828125,0.9900446534156799,0.9916467070579529,3.208167552947998,9.447286605834961,3.1743127901096626,9.362204347240883,0.0,0,two_ankles,accepted,3.208167552947998,9.447286605834961,0.06731510683371641
86,2.8666666666666667,detected,1,3,0.8587625622749329,ankle_midpoint,1142.58544921875,601.1217651367188,0.9884699583053589,0.9914975762367249,4.623384952545166,1.581223964691162,4.60277095921609,1.6676963442248822,0.0,0,two_ankles,accepted,4.623384952545166,1.581223964691162,0.10027561696994564
86,2.8666666666666667,detected,2,5,0.8677256107330322,ankle_midpoint,882.298583984375,602.0703125,0.986711323261261,0.9921405911445618,2.313412666320801,1.6934537887573242,2.315513419778486,1.674989494182593,0.0,0,two_ankles,accepted,2.313412666320801,1.6934537887573242,0.011502710985188158
86,2.8666666666666667,detected,3,1,0.8666471838951111,ankle_midpoint,1220.89208984375,812.9757690429688,0.9850709438323975,0.994012176990509,4.667383670806885,9.165284156799316,4.324550910304338,11.3183058902465,1.4402533515990572,0,two_ankles,corrected_motion_outlier,4.363541143001851,11.233336088489654,0.49108139513076887
86,2.8666666666666667,detected,4,2,0.9242796897888184,ankle_midpoint,993.87109375,825.7996826171875,0.9916806817054749,0.9935243129730225,3.2343695163726807,9.517325401306152,3.2013383169280205,9.432008821570253,0.0,0,two_ankles,accepted,3.2343695163726807,9.517325401306152,0.07477951429612115
87,2.9,detected,1,3,0.8662810325622559,ankle_midpoint,1142.630126953125,600.5811767578125,0.9885798096656799,0.9922985434532166,4.62540340423584,1.5538400411605835,4.612955559474978,1.6164610078459478,0.0,0,two_ankles,accepted,4.62540340423584,1.5538400411605835,0.027458212162414383
87,2.9,detected,2,5,0.8715718388557434,ankle_midpoint,882.3033447265625,602.250732421875,0.9856745600700378,0.9912291765213013,2.3137218952178955,1.7025048732757568,2.3147072337262204,1.6873714147745167,0.0,0,two_ankles,accepted,2.3137218952178955,1.7025048732757568,0.009056365356510802
87,2.9,detected,3,1,0.9138501286506653,ankle_midpoint,1220.553955078125,812.147705078125,0.9837717413902283,0.9900415539741516,4.667059421539307,9.144247055053711,4.356434833443195,11.249174519061224,1.3886143388741683,0,two_ankles,corrected_motion_outlier,4.395404072835131,11.164680620945887,0.4126681637860438
87,2.9,detected,4,2,0.9241480231285095,ankle_midpoint,995.258544921875,828.24853515625,0.9926706552505493,0.9942560791969299,3.2424118518829346,9.576918601989746,3.219821407657732,9.497218222759026,0.0,0,two_ankles,accepted,3.2424118518829346,9.576918601989746,0.06013342438423551
88,2.933333333333333,detected,1,3,0.877515435218811,ankle_midpoint,1143.8297119140625,598.1929321289062,0.9874671101570129,0.993058443069458,4.643336296081543,1.4319192171096802,4.626626890947932,1.5334172020146273,0.0,0,two_ankles,accepted,4.643336296081543,1.4319192171096802,0.12323260910652266
88,2.933333333333333,detected,2,5,0.8699424266815186,ankle_midpoint,882.1322021484375,602.454833984375,0.9857885241508484,0.9915254712104797,2.3125102519989014,1.7127799987792969,2.313718591948927,1.698805277576668,0.0,0,two_ankles,accepted,2.3125102519989014,1.7127799987792969,0.010346317383670067
88,2.933333333333333,detected,3,1,0.9123439192771912,ankle_midpoint,1232.50830078125,826.7066650390625,0.9947131276130676,0.9841575026512146,4.709856033325195,9.506440162658691,4.3883093095945425,11.180257304514626,0.9645082852200922,0,two_ankles,corrected_motion_outlier,4.427267002668411,11.096025153402119,0.3044325122866553
88,2.933333333333333,detected,4,2,0.9229671955108643,ankle_midpoint,996.8782958984375,832.5703125,0.9928390383720398,0.9935698509216309,3.251396417617798,9.681253433227539,3.234030162139762,9.580034067469857,0.0,0,two_ankles,accepted,3.251396417617798,9.681253433227539,0.10472095984502251
89,2.966666666666667,detected,1,3,0.8704813718795776,ankle_midpoint,1146.145263671875,595.566162109375,0.9878078103065491,0.9921547770500183,4.67221212387085,1.296249270439148,4.647140245763245,1.4266916328056616,0.0,0,two_ankles,accepted,4.67221212387085,1.296249270439148,0.1387088600634536
89,2.966666666666667,detected,2,5,0.870438814163208,ankle_midpoint,882.44580078125,601.607666015625,0.9842566847801208,0.9909085631370544,2.3140311241149902,1.6701756715774536,2.3138592314236552,1.6859219548770215,0.0,0,two_ankles,accepted,2.3140311241149902,1.6701756715774536,0.04263146429944928
89,2.966666666666667,detected,3,1,0.910250186920166,ankle_midpoint,1246.54833984375,851.472412109375,0.9954684972763062,0.9939547181129456,4.741215705871582,10.091821670532227,4.547117187919211,10.690461269222547,0.327150179101625,0,two_ankles,accepted,4.741215705871582,10.091821670532227,0.19736403435210964
89,2.966666666666667,detected,4,2,0.922134518623352,ankle_midpoint,997.7916259765625,836.1611328125,0.976061224937439,0.9841506481170654,3.2561450004577637,9.767087936401367,3.2439818393828626,9.664208308489037,0.0,0,two_ankles,accepted,3.2561450004577637,9.767087936401367,0.08596575465896829
90,3.0,detected,1,3,0.8822551369667053,ankle_midpoint,1147.14208984375,595.22705078125,0.9874703288078308,0.991253674030304,4.682240962982178,1.2784556150436401,4.662935568511765,1.359985424812752,0.0,0,two_ankles,accepted,4.682240962982178,1.2784556150436401,0.020425273223508882
90,3.0,detected,2,5,0.8682644963264465,ankle_midpoint,882.5526123046875,601.2963256835938,0.9839476346969604,0.9911098480224609,2.314516544342041,1.6544852256774902,2.314155022236929,1.6717754267372325,0.0,0,two_ankles,accepted,2.314516544342041,1.6544852256774902,0.015697952902735682
90,3.0,detected,3,1,0.910445511341095,ankle_midpoint,1251.822021484375,860.521240234375,0.990900993347168,0.9899099469184875,4.753026008605957,10.296367645263672,4.639776157228248,10.513119138441054,0.0,0,two_ankles,accepted,4.753026008605957,10.296367645263672,0.20488664922223374
90,3.0,detected,4,2,0.9210212230682373,ankle_midpoint,997.5929565429688,836.2340087890625,0.9912370443344116,0.9884443879127502,3.254916191101074,9.768850326538086,3.248902297656058,9.71129721661111,0.0,0,two_ankles,accepted,3.254916191101074,9.768850326538086,0.002148485845680879
91,3.033333333333333,detected,1,3,0.8888404965400696,ankle_midpoint,1150.137939453125,594.9390258789062,0.9852710962295532,0.9886190891265869,4.710119247436523,1.2627793550491333,4.684168224027907,1.3162426934191238,0.0,0,two_ankles,accepted,4.710119247436523,1.2627793550491333,0.03198349373556286
91,3.033333333333333,detected,2,5,0.8758473992347717,ankle_midpoint,885.0723876953125,598.8784790039062,0.9911313652992249,0.9947997331619263,2.3333582878112793,1.5315653085708618,2.322796491745387,1.6086808735623657,0.0,0,two_ankles,accepted,2.3333582878112793,1.5315653085708618,0.12435560831124982
91,3.033333333333333,detected,3,1,0.8985766172409058,ankle_midpoint,1266.5316162109375,874.6483154296875,0.9788658022880554,0.9779075384140015,4.808582782745361,10.605525970458984,4.705528436386208,10.415743142266257,0.0,0,two_ankles,corrected_motion_outlier,4.785892333134827,10.296728035830391,0.31411053021245144
91,3.033333333333333,detected,4,2,0.9209233522415161,ankle_midpoint,998.5919189453125,837.332275390625,0.9928391575813293,0.9897744655609131,3.2607438564300537,9.79483699798584,3.2542309991043563,9.748890118229738,0.0,0,two_ankles,accepted,3.2607438564300537,9.79483699798584,0.026632100482690015
92,3.066666666666667,detected,1,3,0.8860282301902771,ankle_midpoint,1149.72412109375,595.2618408203125,0.9883915781974792,0.9906784892082214,4.7053632736206055,1.2796028852462769,4.6937059963446215,1.2997547797413427,0.0,0,two_ankles,accepted,4.7053632736206055,1.2796028852462769,0.017482861757501213
92,3.066666666666667,detected,2,5,0.8713967800140381,ankle_midpoint,885.0045166015625,597.835693359375,0.9919424057006836,0.9951637983322144,2.3312366008758545,1.4784817695617676,2.3265945408540976,1.5500912767620965,0.0,0,two_ankles,accepted,2.3312366008758545,1.4784817695617676,0.053125922760757595
92,3.066666666666667,detected,3,1,0.9035546779632568,ankle_midpoint,1281.4727783203125,882.1600952148438,0.9769434332847595,0.9828613996505737,4.878337860107422,10.764578819274902,4.7832926770607544,10.572719196920147,0.0,0,two_ankles,accepted,4.878337860107422,10.764578819274902,0.24234518955185594
92,3.066666666666667,detected,4,2,0.918387234210968,ankle_midpoint,1001.27294921875,835.6025390625,0.9872761368751526,0.9888049364089966,3.2775282859802246,9.753296852111816,3.2647147781984973,9.750873148476675,0.0,0,two_ankles,accepted,3.2775282859802246,9.753296852111816,0.044802910559022795
93,3.1,detected,1,3,0.8720628619194031,ankle_midpoint,1153.401611328125,595.2408447265625,0.9871230125427246,0.9905545115470886,4.738520622253418,1.2775853872299194,4.71387257800358,1.2897785531112023,0.0,0,two_ankles,accepted,4.738520622253418,1.2775853872299194,0.033218670452079796
93,3.1,detected,2,5,0.8575611114501953,ankle_midpoint,885.548828125,596.593994140625,0.9909695982933044,0.995726466178894,2.3342907428741455,1.4148331880569458,2.3300578317631193,1.4892251368447789,0.0,0,two_ankles,accepted,2.3342907428741455,1.4148331880569458,0.06372181503160175
93,3.1,detected,3,1,0.9036068320274353,ankle_midpoint,1286.8375244140625,891.8397216796875,0.990068256855011,0.9926417469978333,4.887263774871826,10.966878890991211,4.830079671075737,10.750091059252126,0.0,0,two_ankles,accepted,4.887263774871826,10.966878890991211,0.20249689126207596
93,3.1,detected,4,2,0.9192765355110168,ankle_midpoint,1003.1351318359375,834.0645751953125,0.9868337512016296,0.988716721534729,3.2893266677856445,9.716270446777344,3.275790128512714,9.735301932711977,0.0,0,two_ankles,accepted,3.2893266677856445,9.716270446777344,0.03886073217554102
94,3.1333333333333333,detected,1,3,0.8596571683883667,ankle_midpoint,1154.006591796875,593.75439453125,0.9830852150917053,0.9898548126220703,4.748833656311035,1.2002605199813843,4.7296050632419355,1.2494954382027843,0.0,0,two_ankles,accepted,4.748833656311035,1.2002605199813843,0.07800957483845913
94,3.1333333333333333,detected,2,5,0.8537659049034119,ankle_midpoint,888.856689453125,594.0771484375,0.9605614542961121,0.979031503200531,2.3603436946868896,1.2843103408813477,2.343686470078816,1.397013478661235,0.0,0,two_ankles,accepted,2.3603436946868896,1.2843103408813477,0.13309759551915923
94,3.1333333333333333,detected,3,1,0.9013702869415283,ankle_midpoint,1302.3662109375,896.75537109375,0.9697787165641785,0.9752970337867737,4.964158058166504,11.06622314453125,4.890414945266582,10.892350497627731,0.0,0,two_ankles,accepted,4.964158058166504,11.06622314453125,0.1256264761697538
94,3.1333333333333333,detected,4,2,0.9191134572029114,ankle_midpoint,1005.114501953125,831.6884765625,0.9862685799598694,0.990696907043457,3.3021419048309326,9.658888816833496,3.2876484278559124,9.70091603056666,0.0,0,two_ankles,accepted,3.3021419048309326,9.658888816833496,0.05879525283166659
95,3.1666666666666665,detected,1,3,0.868248701095581,ankle_midpoint,1153.926513671875,595.48779296875,0.9788137674331665,0.9878045320510864,4.742438316345215,1.2902296781539917,4.735380027138412,1.2678258461808278,0.0,0,two_ankles,accepted,4.742438316345215,1.2902296781539917,0.09019617395192588
95,3.1666666666666665,detected,2,5,0.8447387218475342,ankle_midpoint,889.1080932617188,593.6786499023438,0.9590015411376953,0.9798847436904907,2.3620424270629883,1.263594388961792,2.3519466507216933,1.3369748882964858,0.0,0,two_ankles,accepted,2.3620424270629883,1.263594388961792,0.020785484252692978
95,3.1666666666666665,detected,3,1,0.9025279879570007,ankle_midpoint,1318.040283203125,918.49462890625,0.98876953125,0.9891112446784973,5.001306533813477,11.497781753540039,4.944855007941824,11.022573179680856,0.0,0,two_ankles,corrected_motion_outlier,5.011392862322674,11.181734235523564,0.43315452468200605
95,3.1666666666666665,detected,4,2,0.9159420728683472,ankle_midpoint,1006.9398803710938,827.53369140625,0.9878681898117065,0.9923444390296936,3.3146536350250244,9.557892799377441,3.2998007710820128,9.636555576531512,0.0,0,two_ankles,accepted,3.3146536350250244,9.557892799377441,0.10176806441331904
96,3.2,detected,1,3,0.8635236620903015,ankle_midpoint,1151.5531005859375,597.47607421875,0.977614164352417,0.9844425320625305,4.714715480804443,1.3932509422302246,4.726080981288126,1.3242671394030565,0.0,0,two_ankles,accepted,4.714715480804443,1.3932509422302246,0.1066861587193277
96,3.2,detected,2,5,0.8456816673278809,ankle_midpoint,888.802490234375,594.209716796875,0.9551792740821838,0.9790260791778564,2.36004376411438,1.2911871671676636,2.3555903517484023,1.316370413788516,0.0,0,two_ankles,accepted,2.36004376411438,1.2911871671676636,0.027665069360125628
96,3.2,detected,3,1,0.9020053148269653,ankle_midpoint,1329.36962890625,927.4524536132812,0.9874902367591858,0.9872463941574097,5.042613506317139,11.668580055236816,4.996052704283483,11.146175645756617,0.0,0,two_ankles,corrected_motion_outlier,5.058627666478843,11.29724532651588,0.3037223671460791
96,3.2,detected,4,2,0.9111018776893616,ankle_midpoint,1008.1787109375,824.8658447265625,0.9878551363945007,0.9925488233566284,3.3231749534606934,9.49243450164795,3.3103191531524194,9.571701092833909,0.0,0,two_ankles,accepted,3.3231749534606934,9.49243450164795,0.06601061739996766
97,3.2333333333333334,detected,1,3,0.8594565391540527,ankle_midpoint,1154.393310546875,596.4252319335938,0.9782229661941528,0.9826676249504089,4.743577003479004,1.3385027647018433,4.733954191274021,1.3306731707875106,0.0,0,two_ankles,accepted,4.743577003479004,1.3385027647018433,0.06188982496156645
97,3.2333333333333334,detected,2,5,0.8675646185874939,ankle_midpoint,886.2593994140625,598.1181640625,0.9804306626319885,0.9918363690376282,2.342839241027832,1.4925732612609863,2.3498523519241457,1.3956616951511278,0.0,0,two_ankles,accepted,2.342839241027832,1.4925732612609863,0.20211965393993778
97,3.2333333333333334,detected,3,1,0.9225891828536987,ankle_midpoint,1352.57275390625,945.75439453125,0.9896978735923767,0.9949093461036682,5.124640941619873,12.006513595581055,5.045467099141671,11.266136993044828,0.0,0,two_ankles,corrected_motion_outlier,5.105862470635013,11.412756417508193,0.3179624171042429
97,3.2333333333333334,detected,4,2,0.9094274640083313,ankle_midpoint,1010.07861328125,824.7245483398438,0.9866748452186584,0.9915659427642822,3.334990978240967,9.488698959350586,3.321421474442266,9.534350132766413,0.0,0,two_ankles,accepted,3.334990978240967,9.488698959350586,0.01239244600002058
98,3.2666666666666666,detected,1,3,0.8577255010604858,ankle_midpoint,1152.093505859375,596.75439453125,0.983337938785553,0.9865639209747314,4.721872329711914,1.3560315370559692,4.728517353571073,1.342084435608317,0.0,0,two_ankles,accepted,4.721872329711914,1.3560315370559692,0.027898937678316162
98,3.2666666666666666,detected,2,5,0.840215802192688,ankle_midpoint,885.964111328125,599.3092041015625,0.9776127934455872,0.9913030862808228,2.341916561126709,1.5532138347625732,2.346281246065299,1.4665601579762784,0.0,0,two_ankles,accepted,2.341916561126709,1.5532138347625732,0.060647592638136114
98,3.2666666666666666,detected,3,1,0.9190640449523926,ankle_midpoint,1369.3558349609375,963.8587646484375,0.9841640591621399,0.9864961504936218,5.170178413391113,12.327648162841797,5.093900678183951,11.384095724999884,0.14956312810870398,0,two_ankles,corrected_motion_outlier,5.1530972747911825,11.528267508500509,0.31953457007679914
98,3.2666666666666666,detected,4,2,0.9102030396461487,ankle_midpoint,1012.8133544921875,829.1338500976562,0.9871153831481934,0.9901280999183655,3.3503170013427734,9.596017837524414,3.3344244615474947,9.562100599907513,0.0,0,two_ankles,accepted,3.3503170013427734,9.596017837524414,0.10840769620560191
99,3.3,detected,1,3,0.8641374111175537,ankle_midpoint,1151.4793701171875,596.19189453125,0.9846674203872681,0.9878121018409729,4.718165874481201,1.3272095918655396,4.723859187980631,1.3353907559240672,0.0,0,two_ankles,accepted,4.718165874481201,1.3272095918655396,0.02905928999369069
99,3.3,detected,2,5,0.8508085608482361,ankle_midpoint,885.25341796875,600.1431884765625,0.9807478189468384,0.9918762445449829,2.336796522140503,1.5956335067749023,2.342013120299141,1.524643164935659,0.0,0,two_ankles,accepted,2.336796522140503,1.5956335067749023,0.04272754817274035
99,3.3,detected,3,1,0.9279195666313171,ankle_midpoint,1386.335205078125,979.3863525390625,0.9875453114509583,0.9921947717666626,5.221047401428223,12.592464447021484,5.141794808527482,11.500953018521708,0.29891198848294753,0,two_ankles,corrected_motion_outlier,5.200332078947352,11.643778599492823,0.30954189688044004
99,3.3,detected,4,2,0.9122167825698853,ankle_midpoint,1014.521240234375,830.7598266601562,0.9869877099990845,0.9894490242004395,3.3602206707000732,9.635176658630371,3.3460327556661555,9.5949848263328,0.0,0,two_ankles,accepted,3.3602206707000732,9.635176658630371,0.04039178056420718
100,3.3333333333333335,detected,1,3,0.8415591716766357,ankle_midpoint,1151.47900390625,594.970703125,0.9823947548866272,0.9861518740653992,4.722091197967529,1.2640811204910278,4.723063592474736,1.3033014199791997,0.0,0,two_ankles,accepted,4.722091197967529,1.2640811204910278,0.06325039179763921
100,3.3333333333333335,detected,2,5,0.8327134847640991,ankle_midpoint,883.6434326171875,598.7634887695312,0.9765535593032837,0.9921503067016602,2.3204638957977295,1.5260767936706543,2.3323159692735063,1.5252882978664069,0.0,0,two_ankles,accepted,2.3204638957977295,1.5260767936706543,0.07144852007648114
100,3.3333333333333335,detected,3,1,0.9275797009468079,ankle_midpoint,1389.54931640625,988.266845703125,0.9867124557495117,0.9902366995811462,5.216309070587158,12.740499496459961,5.175326226454337,12.058748933593922,0.33170756041932226,0,two_ankles,accepted,5.216309070587158,12.740499496459961,0.2821928731526086
100,3.3333333333333335,detected,4,2,0.9150252342224121,ankle_midpoint,1014.8717651367188,836.009521484375,0.9855133891105652,0.9864934086799622,3.360395908355713,9.761155128479004,3.3524961743764568,9.669761462298592,0.0,0,two_ankles,accepted,3.360395908355713,9.761155128479004,0.125978591727479
101,3.3666666666666667,detected,1,3,0.8397181630134583,ankle_midpoint,1150.184814453125,594.6740112304688,0.9838215112686157,0.986971914768219,4.711390495300293,1.2490262985229492,4.717810698746237,1.278877615323887,0.0,0,two_ankles,accepted,4.711390495300293,1.2490262985229492,0.018470319490012647
101,3.3666666666666667,detected,2,5,0.7831563949584961,ankle_midpoint,882.6514892578125,597.8607177734375,0.9702045917510986,0.9909345507621765,2.3102786540985107,1.4803471565246582,2.3223991774447583,1.5050647842626201,0.0,0,two_ankles,accepted,2.3102786540985107,1.4803471565246582,0.04685017462054939
101,3.3666666666666667,detected,3,1,0.9315431118011475,ankle_midpoint,1380.662109375,981.232421875,0.9898871779441833,0.9903530478477478,5.187547206878662,12.624137878417969,5.1808256676452835,12.313173958764743,0.0,0,two_ankles,accepted,5.187547206878662,12.624137878417969,0.11986355141299872
101,3.3666666666666667,detected,4,2,0.917559802532196,ankle_midpoint,1013.9615478515625,836.6109619140625,0.9826623201370239,0.9830805659294128,3.354621171951294,9.775605201721191,3.353452423285134,9.71739114503876,0.0,0,two_ankles,accepted,3.354621171951294,9.775605201721191,0.015561240221945827
102,3.4,detected,1,3,0.8146560788154602,ankle_midpoint,1149.15576171875,594.7260131835938,0.9841966032981873,0.9880010485649109,4.7019548416137695,1.2519845962524414,4.710675563036627,1.2667757567417366,0.0,0,two_ankles,accepted,4.7019548416137695,1.2519845962524414,0.009888533053406959
102,3.4,detected,2,5,0.8083423376083374,ankle_midpoint,881.76953125,597.6769409179688,0.9667065739631653,0.9898667335510254,2.302131414413452,1.4711885452270508,2.3132786840806707,1.489820476696614,0.0,0,two_ankles,accepted,2.302131414413452,1.4711885452270508,0.012257963753676871
102,3.4,detected,3,1,0.9277442693710327,ankle_midpoint,1373.631591796875,974.9556884765625,0.9888927340507507,0.9891316890716553,5.16614294052124,12.518665313720703,5.174218440439464,12.405645068494927,0.0,0,two_ankles,accepted,5.16614294052124,12.518665313720703,0.10762250936545917
102,3.4,detected,4,2,0.9163352847099304,ankle_midpoint,1013.4534912109375,834.228515625,0.9835383296012878,0.984760582447052,3.352389335632324,9.718791007995605,3.3529740338413694,9.71802108336934,0.0,0,two_ankles,accepted,3.352389335632324,9.718791007995605,0.05685801352529897
103,3.433333333333333,detected,1,3,0.8367933630943298,ankle_midpoint,1146.36962890625,593.32958984375,0.9854189157485962,0.989133894443512,4.681253910064697,1.180068016052246,4.697435819199259,1.227757273431466,0.0,0,two_ankles,accepted,4.681253910064697,1.180068016052246,0.07483664259365529
103,3.433333333333333,detected,2,5,0.833291232585907,ankle_midpoint,882.8472900390625,596.3695068359375,0.9511294364929199,0.9860252737998962,2.3097894191741943,1.4039969444274902,2.3117085148727563,1.4511998871755085,0.0,0,two_ankles,accepted,2.3097894191741943,1.4039969444274902,0.06762659428747729
103,3.433333333333333,detected,3,1,0.9328476190567017,ankle_midpoint,1362.001220703125,970.1103515625,0.9778735637664795,0.9722785949707031,5.117217063903809,12.436882019042969,5.148567820998419,12.419701696241546,0.0,0,two_ankles,accepted,5.117217063903809,12.436882019042969,0.09530083258361009
103,3.433333333333333,detected,4,2,0.9134933948516846,ankle_midpoint,1010.9512329101562,825.6591186523438,0.9906574487686157,0.9927505254745483,3.3400673866271973,9.51151180267334,3.347166042594992,9.625091907056142,0.0,0,two_ankles,accepted,3.3400673866271973,9.51151180267334,0.20764512849165256
104,3.466666666666667,detected,1,3,0.8452630639076233,ankle_midpoint,1142.524169921875,592.8067626953125,0.9803202152252197,0.9868769645690918,4.648139953613281,1.153755784034729,4.67525267968557,1.1944566032029345,0.0,0,two_ankles,accepted,4.648139953613281,1.153755784034729,0.042295007573115856
104,3.466666666666667,detected,2,5,0.8289373517036438,ankle_midpoint,882.5736083984375,596.1688232421875,0.9578672647476196,0.9885927438735962,2.307037591934204,1.3937634229660034,2.309606599550408,1.4253534782812314,0.0,0,two_ankles,accepted,2.307037591934204,1.3937634229660034,0.010597052168478909
104,3.466666666666667,detected,3,1,0.9276062846183777,ankle_midpoint,1352.554443359375,973.4915771484375,0.9791969656944275,0.9817094206809998,5.060609340667725,12.495892524719238,5.108986504849607,12.453987569056508,0.0,0,two_ankles,accepted,5.060609340667725,12.495892524719238,0.08177208637513245
104,3.466666666666667,detected,4,2,0.9157038331031799,ankle_midpoint,1008.5946655273438,819.6944580078125,0.9915805459022522,0.9935497641563416,3.327486038208008,9.364470481872559,3.3383100406208497,9.50781226572353,0.0,0,two_ankles,accepted,3.327486038208008,9.364470481872559,0.14757859042179292
105,3.5,detected,1,3,0.8544309139251709,ankle_midpoint,1141.580810546875,593.3582763671875,0.978592574596405,0.9863781929016113,4.6379170417785645,1.1827833652496338,4.658451642627417,1.1892036461239492,0.0,0,two_ankles,accepted,4.6379170417785645,1.1827833652496338,0.030775126280297955
105,3.5,detected,2,5,0.8330800533294678,ankle_midpoint,882.5380859375,596.4722290039062,0.9738419055938721,0.9915754199028015,2.3071775436401367,1.4093449115753174,2.308513524390786,1.4181496232635702,0.0,0,two_ankles,accepted,2.3071775436401367,1.4093449115753174,0.015582117114249087
105,3.5,detected,3,1,0.9220483899116516,ankle_midpoint,1344.2314453125,972.3235473632812,0.9688712954521179,0.9666017889976501,5.020135402679443,12.476778984069824,5.069003508873034,12.464243705812502,0.0,0,two_ankles,accepted,5.020135402679443,12.476778984069824,0.044760106036916845
105,3.5,detected,4,2,0.9189799427986145,ankle_midpoint,1007.065185546875,818.94287109375,0.9927322268486023,0.9945559501647949,3.318190813064575,9.345947265625,3.3292563882205264,9.43497301567919,0.0,0,two_ankles,accepted,3.318190813064575,9.345947265625,0.020724641145769464
106,3.533333333333333,detected,1,3,0.8421626687049866,ankle_midpoint,1141.001953125,594.2267456054688,0.9785361886024475,0.9859080910682678,4.630038261413574,1.2281346321105957,4.6456656210811875,1.2067225898179403,0.0,0,two_ankles,accepted,4.630038261413574,1.2281346321105957,0.046030561434050946
106,3.533333333333333,detected,2,5,0.804944634437561,ankle_midpoint,887.333251953125,594.110595703125,0.9837843179702759,0.9941607117652893,2.3466975688934326,1.2864279747009277,2.3256963444169774,1.3588748814103813,0.0,0,two_ankles,accepted,2.3466975688934326,1.2864279747009277,0.12911392553324305
106,3.533333333333333,detected,3,1,0.9180006980895996,ankle_midpoint,1332.184326171875,974.6075439453125,0.9796479940414429,0.9868844747543335,4.952946662902832,12.51707935333252,5.0167779281864435,12.48801974719651,0.0,0,two_ankles,accepted,4.952946662902832,12.51707935333252,0.07834823875160686
106,3.533333333333333,detected,4,2,0.917593240737915,ankle_midpoint,1001.9097290039062,819.4017333984375,0.9943838119506836,0.9957019686698914,3.285874366760254,9.35811710357666,3.3097344785634037,9.400387855233053,0.0,0,two_ankles,accepted,3.285874366760254,9.35811710357666,0.03453198021413989
107,3.566666666666667,detected,1,3,0.8472355604171753,ankle_midpoint,1141.6580810546875,593.4927368164062,0.9828193783760071,0.9892784953117371,4.63820219039917,1.1897724866867065,4.64230707727428,1.1990950434088852,0.0,0,two_ankles,accepted,4.63820219039917,1.1897724866867065,0.03922121795668092
107,3.566666666666667,detected,2,5,0.798230767250061,ankle_midpoint,891.6408081054688,593.4388427734375,0.9833481907844543,0.9945766925811768,2.38450026512146,1.250508189201355,2.3521581087339944,1.3101098699163196,0.0,0,two_ankles,accepted,2.38450026512146,1.250508189201355,0.05214666655160069
107,3.566666666666667,detected,3,1,0.9272555112838745,ankle_midpoint,1319.421875,967.9679565429688,0.9829565286636353,0.9891411066055298,4.900670528411865,12.40440845489502,4.964529598287884,12.450394665660841,0.0,0,two_ankles,accepted,4.900670528411865,12.40440845489502,0.12420759071824511
107,3.566666666666667,detected,4,2,0.9219818711280823,ankle_midpoint,996.07275390625,823.4873657226562,0.9850355386734009,0.9920241832733154,3.2485151290893555,9.460203170776367,3.282185771300082,9.427304747227545,0.0,0,two_ankles,accepted,3.2485151290893555,9.460203170776367,0.108707303138537
108,3.6,detected,1,3,0.8465195298194885,ankle_midpoint,1142.215087890625,593.4100341796875,0.9828788042068481,0.9891527891159058,4.6434855461120605,1.1853201389312744,4.642837388251282,1.1928963363939604,0.0,0,two_ankles,accepted,4.6434855461120605,1.1853201389312744,0.006909214725584632
108,3.6,detected,2,5,0.7086538672447205,ankle_midpoint,891.6629638671875,594.9024658203125,0.9761469960212708,0.9909206628799438,2.386692523956299,1.3262708187103271,2.3676985955840317,1.317382296873623,0.0,0,two_ankles,accepted,2.386692523956299,1.3262708187103271,0.07579434034881964
108,3.6,detected,3,1,0.92183518409729,ankle_midpoint,1309.6826171875,959.3653564453125,0.9874740839004517,0.9924572706222534,4.867458820343018,12.25516128540039,4.920847748212694,12.36253964454364,0.0,0,two_ankles,accepted,4.867458820343018,12.25516128540039,0.1528977931659213
108,3.6,detected,4,2,0.9267582893371582,ankle_midpoint,993.7140502929688,825.2574462890625,0.9846535325050354,0.9925515651702881,3.233511209487915,9.504055976867676,3.260282218484607,9.461842800565604,0.0,0,two_ankles,accepted,3.233511209487915,9.504055976867676,0.046348529701473816
109,3.6333333333333333,detected,1,3,0.8455015420913696,ankle_midpoint,1143.42138671875,592.726806640625,0.9704051613807678,0.9824495315551758,4.656499862670898,1.1493481397628784,4.64898550174011,1.1732996479099735,0.0,0,two_ankles,accepted,4.656499862670898,1.1493481397628784,0.03825385156640733
109,3.6333333333333333,detected,2,5,0.681656002998352,ankle_midpoint,893.800537109375,596.6445922851562,0.9742445349693298,0.9896969199180603,2.4081690311431885,1.4153549671173096,2.3859102915856525,1.361469998483282,0.0,0,two_ankles,accepted,2.4081690311431885,1.4153549671173096,0.09163637846590071
109,3.6333333333333333,detected,3,1,0.9252992868423462,ankle_midpoint,1283.115478515625,948.6661376953125,0.9830542206764221,0.9869166612625122,4.74838399887085,12.066986083984375,4.843239061008864,12.229540542291971,0.0,0,two_ankles,accepted,4.74838399887085,12.066986083984375,0.22268524768512782
109,3.6333333333333333,detected,4,2,0.9312672019004822,ankle_midpoint,992.7413330078125,828.911865234375,0.9659938812255859,0.9852445721626282,3.226762533187866,9.593392372131348,3.2451983601010737,9.52104010777019,0.0,0,two_ankles,accepted,3.226762533187866,9.593392372131348,0.08959093788162871
110,3.6666666666666665,detected,1,3,0.858033299446106,ankle_midpoint,1143.51220703125,592.7731323242188,0.9722123742103577,0.9821687340736389,4.657176971435547,1.1517462730407715,4.652671663103057,1.1636006292188328,0.0,0,two_ankles,accepted,4.657176971435547,1.1517462730407715,0.0024918907475453005
110,3.6666666666666665,detected,2,5,0.8062022924423218,ankle_midpoint,899.7054443359375,595.8504638671875,0.987206220626831,0.9960682392120361,2.4600274562835693,1.3730897903442383,2.4192630156997152,1.3666989048207125,0.0,0,two_ankles,accepted,2.4600274562835693,1.3730897903442383,0.06690023487028615
110,3.6666666666666665,detected,3,1,0.9240862131118774,ankle_midpoint,1252.162353515625,938.3859252929688,0.9922377467155457,0.9949020147323608,4.601988792419434,11.882373809814453,4.7346764401436205,12.07331551267709,0.0,0,two_ankles,accepted,4.601988792419434,11.882373809814453,0.23561249594650774
110,3.6666666666666665,detected,4,2,0.9328226447105408,ankle_midpoint,989.3134765625,830.7142333984375,0.9897958636283875,0.9954497218132019,3.2053451538085938,9.63753604888916,3.227264417269458,9.573463281273728,0.0,0,two_ankles,accepted,3.2053451538085938,9.63753604888916,0.04906493999969755
111,3.7,detected,1,3,0.848529040813446,ankle_midpoint,1143.7109375,592.9661865234375,0.9715638756752014,0.9821938276290894,4.658372402191162,1.1617810726165771,4.655236995692704,1.1627818287478178,0.0,0,two_ankles,accepted,4.658372402191162,1.1617810726165771,0.010105753668977903
111,3.7,detected,2,5,0.8200693130493164,ankle_midpoint,898.956787109375,594.496337890625,0.9669926166534424,0.9899589419364929,2.451657295227051,1.30344557762146,2.4338404414870163,1.338234907581049,0.0,0,two_ankles,accepted,2.451657295227051,1.30344557762146,0.0701453915940859
111,3.7,detected,3,1,0.9237984418869019,ankle_midpoint,1239.0345458984375,934.533447265625,0.9780848026275635,0.9822854995727539,4.537965774536133,11.81222152709961,4.6461566406202515,11.955823219167225,0.0,0,two_ankles,accepted,4.537965774536133,11.81222152709961,0.09497520512738478
111,3.7,detected,4,2,0.9351447224617004,ankle_midpoint,989.3385620117188,830.2858276367188,0.9878690838813782,0.9953725934028625,3.2055718898773193,9.627171516418457,3.217502779942996,9.597631987088857,0.0,0,two_ankles,accepted,3.2055718898773193,9.627171516418457,0.010367012230200201
112,3.7333333333333334,detected,1,3,0.8265133500099182,ankle_midpoint,1143.7099609375,592.6703491210938,0.969167172908783,0.9842656850814819,4.659285068511963,1.1463230848312378,4.657058628461371,1.1553753939853568,0.0,0,two_ankles,accepted,4.659285068511963,1.1463230848312378,0.01548490704475893
112,3.7333333333333334,detected,2,5,0.821304440498352,ankle_midpoint,898.189697265625,594.538330078125,0.9642229080200195,0.9875877499580383,2.4448189735412598,1.305810570716858,2.4387807809114257,1.3236439559921631,0.0,0,two_ankles,accepted,2.4448189735412598,1.305810570716858,0.007235733260675082
112,3.7333333333333334,detected,3,1,0.9218663573265076,ankle_midpoint,1205.936279296875,930.7882080078125,0.9914430975914001,0.9941974878311157,4.364824295043945,11.74571704864502,4.519557085110914,11.861275442432234,0.0,0,two_ankles,accepted,4.364824295043945,11.74571704864502,0.18547457393200986
112,3.7333333333333334,detected,4,2,0.9301074147224426,ankle_midpoint,988.353271484375,831.067626953125,0.988415002822876,0.9959955215454102,3.1993889808654785,9.646204948425293,3.2093515703581135,9.619489819690253,0.0,0,two_ankles,accepted,3.1993889808654785,9.646204948425293,0.02001249354297333
113,3.7666666666666666,detected,1,3,0.8285288214683533,ankle_midpoint,1140.8646240234375,592.4531860351562,0.9858524799346924,0.99237060546875,4.634221076965332,1.1356909275054932,4.646781730288154,1.1465173840694183,0.0,0,two_ankles,accepted,4.634221076965332,1.1356909275054932,0.027225841431422617
113,3.7666666666666666,detected,2,5,0.8492354154586792,ankle_midpoint,897.589599609375,594.1981811523438,0.9671603441238403,0.9888566136360168,2.4390015602111816,1.2883657217025757,2.4388801315963162,1.307768750561849,0.0,0,two_ankles,accepted,2.4390015602111816,1.2883657217025757,0.018389264666758002
113,3.7666666666666666,detected,3,1,0.9219558238983154,ankle_midpoint,1176.0078125,930.764404296875,0.9907662868499756,0.9952722191810608,4.202488422393799,11.748656272888184,4.376876186888212,11.810596816137412,0.0,0,two_ankles,accepted,4.202488422393799,11.748656272888184,0.16236247900372852
113,3.7666666666666666,detected,4,2,0.9317992925643921,ankle_midpoint,987.8018798828125,831.8783569335938,0.9883572459220886,0.9961070418357849,3.195876121520996,9.665837287902832,3.2032876183814105,9.640346180385915,0.0,0,two_ankles,accepted,3.195876121520996,9.665837287902832,0.019944145359865793
114,3.8,detected,1,3,0.8293744921684265,ankle_midpoint,1142.91259765625,593.766357421875,0.9597153663635254,0.9776139259338379,4.648683071136475,1.2037047147750854,4.647637333669898,1.1722516828869685,0.0,0,two_ankles,accepted,4.648683071136475,1.2037047147750854,0.06953434068256861
114,3.8,detected,2,5,0.8462555408477783,ankle_midpoint,897.455322265625,594.146240234375,0.9333260655403137,0.9691888689994812,2.4377293586730957,1.2857105731964111,2.438362283780867,1.297842570747402,0.0,0,two_ankles,accepted,2.4377293586730957,1.2857105731964111,0.002944199440135819
114,3.8,detected,3,1,0.9253879189491272,ankle_midpoint,1164.52734375,933.936279296875,0.9868929982185364,0.9934695959091187,4.136246204376221,11.809447288513184,4.268592694757816,11.81007952870651,0.0,0,two_ankles,accepted,4.136246204376221,11.809447288513184,0.08990872609823446
114,3.8,detected,4,2,0.9353005886077881,ankle_midpoint,988.317626953125,832.1707763671875,0.98826664686203,0.9963487386703491,3.198992967605591,9.672809600830078,3.201355025532292,9.654954719585788,0.0,0,two_ankles,accepted,3.198992967605591,9.672809600830078,0.007637268953657222
115,3.8333333333333335,detected,1,3,0.8327093124389648,ankle_midpoint,1142.333251953125,594.3084716796875,0.9531940221786499,0.9733620285987854,4.641788482666016,1.2320425510406494,4.645005350718151,1.1991575735561248,0.0,0,two_ankles,accepted,4.641788482666016,1.2320425510406494,0.029164504357024452
115,3.8333333333333335,detected,2,5,0.8564845323562622,ankle_midpoint,895.386962890625,594.2791748046875,0.9708661437034607,0.9877831339836121,2.419309616088867,1.293115258216858,2.4297885833194672,1.295715280108657,0.0,0,two_ankles,accepted,2.419309616088867,1.293115258216858,0.0198523620035821
115,3.8333333333333335,detected,3,1,0.9243689179420471,ankle_midpoint,1149.857421875,938.79931640625,0.993174135684967,0.9956696033477783,4.051403045654297,11.901434898376465,4.1708573526612325,11.85118944505799,0.0,0,two_ankles,accepted,4.051403045654297,11.901434898376465,0.1251402491218265
115,3.8333333333333335,detected,4,2,0.9362118244171143,ankle_midpoint,989.2858276367188,832.0787353515625,0.9891285300254822,0.9963105320930481,3.2049455642700195,9.67046070098877,3.2029707679642696,9.66193241121713,0.0,0,two_ankles,accepted,3.2049455642700195,9.67046070098877,0.006399276327356661
116,3.8666666666666667,detected,1,3,0.8380212783813477,ankle_midpoint,1141.72900390625,594.1487426757812,0.9525255560874939,0.9731448888778687,4.636831283569336,1.2238961458206177,4.641327020501184,1.2102899310751467,0.0,0,two_ankles,accepted,4.636831283569336,1.2238961458206177,0.009536128191938395
116,3.8666666666666667,detected,2,5,0.8707813024520874,ankle_midpoint,893.9381103515625,594.5128173828125,0.9718129634857178,0.9887774586677551,2.4065983295440674,1.3055667877197266,2.4193529691205375,1.3001484585336385,0.0,0,two_ankles,accepted,2.4065983295440674,1.3055667877197266,0.017793745884012648
116,3.8666666666666667,detected,3,1,0.9307385683059692,ankle_midpoint,1150.12548828125,935.6324462890625,0.9730525016784668,0.9823694825172424,4.056469917297363,11.842693328857422,4.1193830067474915,11.847366192767735,0.0,0,two_ankles,accepted,4.056469917297363,11.842693328857422,0.058959691127140994
116,3.8666666666666667,detected,4,2,0.9348896741867065,ankle_midpoint,990.4810791015625,831.4140625,0.9890655279159546,0.9956799745559692,3.2123939990997314,9.654275894165039,3.2072112219752276,9.658486978543689,0.0,0,two_ankles,accepted,3.2123939990997314,9.654275894165039,0.017816485437199388
117,3.9,detected,1,3,0.8302009701728821,ankle_midpoint,1141.909912109375,594.0396728515625,0.9512836933135986,0.9736637473106384,4.638796806335449,1.2181798219680786,4.640188424126604,1.2138403819769663,0.0,0,two_ankles,accepted,4.638796806335449,1.2181798219680786,0.006044802571731903
117,3.9,detected,2,5,0.8677912354469299,ankle_midpoint,892.5859375,594.2701416015625,0.9756609797477722,0.989692747592926,2.3941268920898438,1.2933567762374878,2.4080012344567256,1.2970922015003707,0.0,0,two_ankles,accepted,2.3941268920898438,1.2933567762374878,0.017453398883054687
117,3.9,detected,3,1,0.9322093725204468,ankle_midpoint,1149.4127197265625,932.385009765625,0.9792478084564209,0.9877332448959351,4.056358814239502,11.782112121582031,4.091022120118897,11.818001860734169,0.0,0,two_ankles,accepted,4.056358814239502,11.782112121582031,0.060581309154171537
117,3.9,detected,4,2,0.9350557923316956,ankle_midpoint,991.8499755859375,830.229248046875,0.9897374510765076,0.995064914226532,3.221021890640259,9.625456809997559,3.2134260228744917,9.64362340269793,0.0,0,two_ankles,accepted,3.221021890640259,9.625456809997559,0.030082887572296425
118,3.933333333333333,detected,1,3,0.840120792388916,ankle_midpoint,1141.373046875,594.5450439453125,0.9480643272399902,0.970551073551178,4.632411479949951,1.2445693016052246,4.636688799247111,1.2276683958096826,0.0,0,two_ankles,accepted,4.632411479949951,1.2445693016052246,0.027151004190797082
118,3.933333333333333,detected,2,5,0.8787819147109985,ankle_midpoint,892.1716918945312,595.335205078125,0.9859575629234314,0.9923526644706726,2.391841411590576,1.3484612703323364,2.4007293141669583,1.3202082824747554,0.0,0,two_ankles,accepted,2.391841411590576,1.3484612703323364,0.05515186932971303
118,3.933333333333333,detected,3,1,0.9293071031570435,ankle_midpoint,1155.484375,925.5394287109375,0.9694743156433105,0.9758191704750061,4.097457408905029,11.652009010314941,4.093918000072657,11.743305078045516,0.0,0,two_ankles,accepted,4.097457408905029,11.652009010314941,0.13644014821473213
118,3.933333333333333,detected,4,2,0.9338655471801758,ankle_midpoint,993.4766845703125,828.6473388671875,0.9910876154899597,0.9955440163612366,3.2313456535339355,9.58686351776123,3.2214898566712415,9.618081454476416,0.0,0,two_ankles,accepted,3.2313456535339355,9.58686351776123,0.03995024763281802
119,3.966666666666667,detected,1,3,0.8301796317100525,ankle_midpoint,1140.15673828125,594.12353515625,0.9469262957572937,0.9687817096710205,4.622731685638428,1.2229852676391602,4.630408098123203,1.2255609881329477,0.0,0,two_ankles,accepted,4.622731685638428,1.2229852676391602,0.02365520957763058
119,3.966666666666667,detected,2,5,0.8741083741188049,ankle_midpoint,890.2884521484375,595.9747314453125,0.989959716796875,0.9930537343025208,2.3758349418640137,1.3818501234054565,2.389526846630633,1.347947110893571,0.0,0,two_ankles,accepted,2.3758349418640137,1.3818501234054565,0.03702732211010897
119,3.966666666666667,detected,3,1,0.9279299974441528,ankle_midpoint,1160.11767578125,911.6045532226562,0.9945052266120911,0.9947531223297119,4.140347003936768,11.38139533996582,4.114811051811507,11.580445695909654,0.0,0,two_ankles,accepted,4.140347003936768,11.38139533996582,0.27399137932024303
119,3.966666666666667,detected,4,2,0.935261607170105,ankle_midpoint,996.8175048828125,827.350341796875,0.991040050983429,0.9953022003173828,3.2522313594818115,9.554821014404297,3.235323532935998,9.589614256443962,0.0,0,two_ankles,accepted,3.2522313594818115,9.554821014404297,0.03824832982393143
120,4.0,detected,1,3,0.811543881893158,ankle_midpoint,1139.763916015625,595.7587280273438,0.9433956146240234,0.9713999629020691,4.614254951477051,1.3078120946884155,4.623139182132435,1.2625739860829084,0.0,0,two_ankles,accepted,4.614254951477051,1.3078120946884155,0.0852493144212136
120,4.0,detected,2,5,0.8692617416381836,ankle_midpoint,890.4881591796875,596.2801513671875,0.9910579919815063,0.9932178854942322,2.378042459487915,1.3974896669387817,2.38435887241641,1.3702412611139159,0.0,0,two_ankles,accepted,2.378042459487915,1.3974896669387817,0.01579457045919923
120,4.0,detected,3,1,0.924282431602478,ankle_midpoint,1160.36181640625,896.4627075195312,0.9943763017654419,0.9951897859573364,4.1615400314331055,11.077364921569824,4.1293969309234235,11.429939154108643,0.0,0,two_ankles,corrected_motion_outlier,4.1472241165046535,11.245986714129629,0.30476817373949167
120,4.0,detected,4,2,0.9320581555366516,ankle_midpoint,999.0653076171875,826.9498901367188,0.9920153617858887,0.9956911206245422,3.2662062644958496,9.544736862182617,3.2492207621379317,9.569419429026357,0.0,0,two_ankles,accepted,3.2662062644958496,9.544736862182617,0.01723334257134681
121,4.033333333333333,detected,1,3,0.8278724551200867,ankle_midpoint,1140.8017578125,602.1124267578125,0.9603456854820251,0.9817466735839844,4.604589939117432,1.6316790580749512,4.616211468070732,1.2964996634781842,0.0,0,two_ankles,corrected_motion_outlier,4.607744261995317,1.3379643802946324,0.32401114554460503
121,4.033333333333333,detected,2,5,0.8783538937568665,ankle_midpoint,890.2052001953125,596.4647216796875,0.990646481513977,0.9921107888221741,2.3757636547088623,1.4070333242416382,2.3804910244480135,1.3867976895213912,0.0,0,two_ankles,accepted,2.3757636547088623,1.4070333242416382,0.009811949140481658
121,4.033333333333333,detected,3,1,0.9260656237602234,ankle_midpoint,1155.541015625,875.468017578125,0.9945515990257263,0.9951124787330627,4.162324905395508,10.637176513671875,4.140513865090526,11.2862266744918,0.0,0,two_ankles,corrected_motion_outlier,4.154101229072539,11.110578088293437,0.37227163790801593
121,4.033333333333333,detected,4,2,0.9291054606437683,ankle_midpoint,1004.4332275390625,825.1149291992188,0.9906347393989563,0.994144856929779,3.299903154373169,9.499070167541504,3.2720278386437887,9.537762261358175,0.0,0,two_ankles,accepted,3.299903154373169,9.499070167541504,0.0567532147710495
122,4.066666666666666,detected,1,3,0.8111458420753479,ankle_midpoint,1141.2640380859375,602.789306640625,0.9413670897483826,0.9669538736343384,4.606692314147949,1.665626049041748,4.61192784880548,1.462606536981788,0.0,0,two_ankles,accepted,4.606692314147949,1.665626049041748,0.17894693306490353
122,4.066666666666666,detected,2,5,0.8702476620674133,ankle_midpoint,889.8726806640625,596.8776245117188,0.9899170994758606,0.9908688068389893,2.3733580112457275,1.4282828569412231,2.3772811685069852,1.4054660148603157,0.0,0,two_ankles,accepted,2.3733580112457275,1.4282828569412231,0.02138526970656329
122,4.066666666666666,detected,3,1,0.920394778251648,ankle_midpoint,1148.8289794921875,854.0028076171875,0.9923502802848816,0.9933731555938721,4.152533054351807,10.162508964538574,4.149722879537981,11.146250929076249,0.16270437906707902,0,two_ankles,corrected_motion_outlier,4.160978341640426,10.975169462457243,0.406315763364582
122,4.066666666666666,detected,4,2,0.9265453219413757,ankle_midpoint,1008.408447265625,827.528564453125,0.9921625256538391,0.9928027987480164,3.3237180709838867,9.557564735412598,3.295288443196833,9.546673374682666,0.0,0,two_ankles,accepted,3.3237180709838867,9.557564735412598,0.0631566680850204
123,4.1,detected,1,3,0.8290413022041321,ankle_midpoint,1137.6192626953125,600.594970703125,0.9498405456542969,0.9708039164543152,4.580749034881592,1.5557856559753418,4.597897382539731,1.5045371405288872,0.0,0,two_ankles,accepted,4.580749034881592,1.5557856559753418,0.11286259649713379
123,4.1,detected,2,5,0.8679049611091614,ankle_midpoint,889.7586669921875,597.08935546875,0.9902399778366089,0.9911030530929565,2.3726308345794678,1.4391518831253052,2.3751885182396024,1.420624655579561,0.0,0,two_ankles,accepted,2.3726308345794678,1.4391518831253052,0.010893324382125664
123,4.1,detected,3,1,0.9142076969146729,ankle_midpoint,1148.11962890625,846.9619140625,0.9868029952049255,0.9896845817565918,4.158186435699463,10.000789642333984,4.15788253813963,11.00833038747141,0.18902690943878098,0,two_ankles,corrected_motion_outlier,4.167855454208312,10.839760836621052,0.34518023712793006
123,4.1,detected,4,2,0.9240679144859314,ankle_midpoint,1010.7730712890625,829.283203125,0.9917739033699036,0.9918841123580933,3.337700605392456,9.599924087524414,3.3143739161848638,9.570636195461454,0.0,0,two_ankles,accepted,3.337700605392456,9.599924087524414,0.04460746551665618
124,4.133333333333334,detected,1,3,0.8357526063919067,ankle_midpoint,1134.14208984375,597.311767578125,0.9335111975669861,0.967462956905365,4.559225559234619,1.3891942501068115,4.580495062052431,1.4526328398389532,0.0,0,two_ankles,accepted,4.559225559234619,1.3891942501068115,0.1679760593453103
124,4.133333333333334,detected,2,5,0.8733993768692017,ankle_midpoint,889.7484741210938,596.716796875,0.9912543892860413,0.9921432733535767,2.372025489807129,1.4200738668441772,2.3737651554449894,1.4203768006486386,0.0,0,two_ankles,accepted,2.372025489807129,1.4200738668441772,0.01908761764905145
124,4.133333333333334,detected,3,1,0.9099878072738647,ankle_midpoint,1148.01123046875,827.652587890625,0.991536021232605,0.9927634596824646,4.1855878829956055,9.541284561157227,4.165465051026086,10.871540207962465,0.5131183067515405,0,two_ankles,corrected_motion_outlier,4.174732566776198,10.70435221078486,0.36813336797555235
124,4.133333333333334,detected,4,2,0.9225025177001953,ankle_midpoint,1012.6336059570312,832.7489013671875,0.9914295077323914,0.9903592467308044,3.347904920578003,9.683393478393555,3.3294628681617766,9.621376972780899,0.0,0,two_ankles,accepted,3.347904920578003,9.683393478393555,0.08409082744551488
125,4.166666666666667,detected,1,3,0.7938804626464844,ankle_midpoint,1134.6669921875,593.8247680664062,0.9121949672698975,0.955564558506012,4.574112415313721,1.208841323852539,4.5776228710200115,1.342926657645067,0.0,0,two_ankles,accepted,4.574112415313721,1.208841323852539,0.18096628551307264
125,4.166666666666667,detected,2,5,0.874813437461853,ankle_midpoint,889.3251953125,595.8672485351562,0.9909465312957764,0.9922043085098267,2.367058277130127,1.3765666484832764,2.3707470602033016,1.4006622321742257,0.0,0,two_ankles,accepted,2.367058277130127,1.3765666484832764,0.04378985329139251
125,4.166666666666667,detected,3,1,0.9049398899078369,ankle_midpoint,1151.211669921875,816.6083984375,0.9927685260772705,0.9959877133369446,4.2223711013793945,9.267091751098633,4.172730133769186,10.735371727606257,0.6524898044994597,0,two_ankles,corrected_motion_outlier,4.181609679344084,10.568943584948668,0.3526490078462478
125,4.166666666666667,detected,4,2,0.9222180843353271,ankle_midpoint,1010.996337890625,834.831787109375,0.9869722723960876,0.9881537556648254,3.3371527194976807,9.733563423156738,3.332923301262934,9.671860875450028,0.0,0,two_ankles,accepted,3.3371527194976807,9.733563423156738,0.051309192018707296
126,4.2,detected,1,3,0.8123436570167542,ankle_midpoint,1134.0238037109375,591.9303588867188,0.9170271158218384,0.9555268287658691,4.573879718780518,1.1100554466247559,4.57593845251224,1.238134612685927,0.0,0,two_ankles,accepted,4.573879718780518,1.1100554466247559,0.0987861512932821
126,4.2,detected,2,5,0.8839545845985413,ankle_midpoint,888.7762451171875,595.6297607421875,0.99105304479599,0.9925959706306458,2.3618075847625732,1.3644870519638062,2.366724296254974,1.384383401079537,0.0,0,two_ankles,accepted,2.3618075847625732,1.3644870519638062,0.013171424464038949
126,4.2,detected,3,1,0.8944330215454102,ankle_midpoint,1152.5594482421875,812.50537109375,0.9925236105918884,0.9964615702629089,4.237322807312012,9.163079261779785,4.179820629933439,10.599545181784055,0.6213939732770671,0,two_ankles,corrected_motion_outlier,4.18848679191197,10.433534959112476,0.31720496589966407
126,4.2,detected,4,2,0.9211949706077576,ankle_midpoint,1010.3713989257812,834.2033081054688,0.9864169359207153,0.9886337518692017,3.3335466384887695,9.718607902526855,3.33320380301456,9.692897037634602,0.0,0,two_ankles,accepted,3.3335466384887695,9.718607902526855,0.015384128755106021
127,4.233333333333333,detected,1,3,0.8129589557647705,ankle_midpoint,1131.91943359375,592.6049194335938,0.9097048044204712,0.9400885105133057,4.552862167358398,1.1459112167358398,4.565554124193012,1.1966340845083878,0.0,0,two_ankles,accepted,4.552862167358398,1.1459112167358398,0.04156168569777128
127,4.233333333333333,detected,2,5,0.8783857226371765,ankle_midpoint,888.5499877929688,592.924072265625,0.9871047735214233,0.9898942112922668,2.3559491634368896,1.2245415449142456,2.361875486486836,1.3124545658051558,0.0,0,two_ankles,accepted,2.3559491634368896,1.2245415449142456,0.14006807646208264
127,4.233333333333333,detected,3,1,0.9014113545417786,ankle_midpoint,1154.363525390625,807.0429077148438,0.9951790571212769,0.9964032173156738,4.257554054260254,9.02276611328125,4.214800670880506,9.889994600957793,0.6268756029760639,0,two_ankles,accepted,4.257554054260254,9.02276611328125,0.2951924510387298
127,4.233333333333333,detected,4,2,0.9194958806037903,ankle_midpoint,1009.4188232421875,831.37353515625,0.9867883920669556,0.9896290898323059,3.328662157058716,9.650701522827148,3.33116006233443,9.673909055971247,0.0,0,two_ankles,accepted,3.328662157058716,9.650701522827148,0.06808182255757643
128,4.266666666666667,detected,1,3,0.8218883275985718,ankle_midpoint,1124.9886474609375,598.6812744140625,0.9092807769775391,0.9314090609550476,4.473487377166748,1.4615955352783203,4.555548866435551,1.1513405019094853,0.0,0,two_ankles,corrected_motion_outlier,4.543320218065321,1.0959816787330487,0.3255102859996882
128,4.266666666666667,detected,2,5,0.8602691292762756,ankle_midpoint,885.880859375,591.4185791015625,0.9877699017524719,0.9906774759292603,2.329681634902954,1.1466760635375977,2.3473882532740893,1.2378542397847547,0.0,0,two_ankles,accepted,2.329681634902954,1.1466760635375977,0.08217673785992133
128,4.266666666666667,detected,3,1,0.9029731750488281,ankle_midpoint,1161.291748046875,806.6166381835938,0.9961479902267456,0.99680495262146,4.302304744720459,9.010744094848633,4.254177504108485,9.494331873208672,0.0,0,two_ankles,accepted,4.302304744720459,9.010744094848633,0.046337384732624665
128,4.266666666666667,detected,4,2,0.9153213500976562,ankle_midpoint,1007.424072265625,825.7533569335938,0.9955644607543945,0.9962009787559509,3.3182144165039062,9.514309883117676,3.325334521710695,9.602089428187142,0.0,0,two_ankles,accepted,3.3182144165039062,9.514309883117676,0.1367912082896383
129,4.3,detected,1,3,0.8127979636192322,ankle_midpoint,1122.496826171875,598.82861328125,0.947226881980896,0.9634881615638733,4.450829982757568,1.469738245010376,4.508425368780459,1.294619486304886,0.0,0,two_ankles,accepted,4.450829982757568,1.469738245010376,0.16976050110047322
129,4.3,detected,2,5,0.8343085646629333,ankle_midpoint,884.41455078125,591.253173828125,0.9760347604751587,0.9829798936843872,2.316183090209961,1.1383928060531616,2.3333459298952315,1.1930965946055379,0.0,0,two_ankles,accepted,2.316183090209961,1.1383928060531616,0.01583739446317479
129,4.3,detected,3,1,0.9102790951728821,ankle_midpoint,1163.976806640625,807.8809814453125,0.9964125752449036,0.9951346516609192,4.317208290100098,9.043004035949707,4.2825413578047105,9.291234346442138,0.0,0,two_ankles,accepted,4.317208290100098,9.043004035949707,0.035536171216490484
129,4.3,detected,4,2,0.9139991998672485,ankle_midpoint,1007.9818115234375,823.323974609375,0.9882383942604065,0.9903590083122253,3.322462320327759,9.454513549804688,3.324042031088374,9.535680282915038,0.0,0,two_ankles,accepted,3.322462320327759,9.454513549804688,0.059947027987838505
130,4.333333333333333,detected,1,3,0.7684653997421265,ankle_midpoint,1122.4085693359375,599.36328125,0.9451780915260315,0.9621299505233765,4.448615550994873,1.4970099925994873,4.481510950776946,1.3856952141374568,0.0,0,two_ankles,accepted,4.448615550994873,1.4970099925994873,0.02736150442859152
130,4.333333333333333,detected,2,5,0.8039976358413696,ankle_midpoint,880.3844604492188,591.8037109375,0.9870030283927917,0.9906185269355774,2.280625104904175,1.1682153940200806,2.309621558649256,1.1819000543420821,0.0,0,two_ankles,accepted,2.280625104904175,1.1682153940200806,0.04640858834365813
130,4.333333333333333,detected,3,1,0.9083101749420166,ankle_midpoint,1172.94384765625,811.5474853515625,0.9963453412055969,0.9933492541313171,4.367591857910156,9.135753631591797,4.320814082852161,9.221268024759485,0.0,0,two_ankles,accepted,4.367591857910156,9.135753631591797,0.10555089481876477
130,4.333333333333333,detected,4,2,0.9152635335922241,ankle_midpoint,1004.2366943359375,820.135986328125,0.9837146401405334,0.9873170256614685,3.3001723289489746,9.376073837280273,3.3133006651256443,9.463857382379395,0.0,0,two_ankles,accepted,3.3001723289489746,9.376073837280273,0.08154527709548232
131,4.366666666666666,detected,1,3,0.7669820785522461,ankle_midpoint,1121.0517578125,599.9090576171875,0.9543755650520325,0.9671907424926758,4.435069561004639,1.525105595588684,4.460612325379408,1.4484298857905094,0.0,0,two_ankles,accepted,4.435069561004639,1.525105595588684,0.03119065167870163
131,4.366666666666666,detected,2,5,0.8159566521644592,ankle_midpoint,879.193603515625,593.3153076171875,0.9888895750045776,0.9922013282775879,2.2722790241241455,1.2472527027130127,2.292817418112956,1.2113087461090009,0.0,0,two_ankles,accepted,2.2722790241241455,1.2472527027130127,0.07947674647221424
131,4.366666666666666,detected,3,1,0.9082289934158325,ankle_midpoint,1181.792236328125,818.4736328125,0.9911754131317139,0.9870722889900208,4.410778999328613,9.309589385986328,4.361298295266565,9.261012637311566,0.0,0,two_ankles,accepted,4.410778999328613,9.309589385986328,0.17912006780317385
131,4.366666666666666,detected,4,2,0.9134993553161621,ankle_midpoint,998.9573974609375,817.7620849609375,0.9949589371681213,0.9955556988716125,3.2678751945495605,9.317573547363281,3.292859203366407,9.398029656622143,0.0,0,two_ankles,accepted,3.2678751945495605,9.317573547363281,0.06682356478657775
132,4.4,detected,1,3,0.7363564968109131,ankle_midpoint,1121.3560791015625,598.6995849609375,0.9618557095527649,0.9720215201377869,4.440983295440674,1.4634391069412231,4.451779261906978,1.4551840353083305,0.0,0,two_ankles,accepted,4.440983295440674,1.4634391069412231,0.06194939932789806
132,4.4,detected,2,5,0.7935575246810913,ankle_midpoint,881.5089111328125,593.3699340820312,0.9680787920951843,0.9799273014068604,2.2932052612304688,1.2495017051696777,2.292991947515837,1.2284955776863056,0.0,0,two_ankles,accepted,2.2932052612304688,1.2495017051696777,0.021046743488723978
132,4.4,detected,3,1,0.9073342084884644,ankle_midpoint,1185.802490234375,823.349365234375,0.9945079684257507,0.9934645295143127,4.426905155181885,9.430322647094727,4.3908213822284585,9.337202141713988,0.0,0,two_ankles,accepted,4.426905155181885,9.430322647094727,0.1218054729495876
132,4.4,detected,4,2,0.9097962379455566,ankle_midpoint,996.2127075195312,817.8824462890625,0.9918184280395508,0.9931473135948181,3.2506842613220215,9.32097339630127,3.273880479446434,9.36335433947775,0.0,0,two_ankles,accepted,3.2506842613220215,9.32097339630127,0.01752390247732641
133,4.433333333333334,detected,1,3,0.7676868438720703,ankle_midpoint,1120.527587890625,598.1004638671875,0.9600310325622559,0.9666309356689453,4.435163974761963,1.4330297708511353,4.444302382691721,1.4452146163025927,0.0,0,two_ankles,accepted,4.435163974761963,1.4330297708511353,0.030961140395689476
133,4.433333333333334,detected,2,5,0.713640570640564,ankle_midpoint,880.5259399414062,594.439697265625,0.9658553004264832,0.977715015411377,2.2860260009765625,1.3051782846450806,2.2898572715731635,1.2630027958177543,0.0,0,two_ankles,accepted,2.2860260009765625,1.3051782846450806,0.05613753895455487
133,4.433333333333334,detected,3,1,0.9028857946395874,ankle_midpoint,1192.035400390625,834.0789794921875,0.9869976043701172,0.98671954870224,4.445773601531982,9.690839767456055,4.415549880915044,9.496339073297918,0.0,0,two_ankles,accepted,4.445773601531982,9.690839767456055,0.2611995181255609
133,4.433333333333334,detected,4,2,0.9131882190704346,ankle_midpoint,993.2470092773438,820.5308227539062,0.9944721460342407,0.9940295219421387,3.231592893600464,9.387432098388672,3.254851065815748,9.374189330987665,0.0,0,two_ankles,accepted,3.231592893600464,9.387432098388672,0.06914650681431296
134,4.466666666666667,detected,1,3,0.8348230719566345,ankle_midpoint,1120.9130859375,599.9498291015625,0.9594628810882568,0.9619021415710449,4.4337263107299805,1.5272114276885986,4.439543150308938,1.4821131814262956,0.0,0,two_ankles,accepted,4.4337263107299805,1.5272114276885986,0.09419262902434865
134,4.466666666666667,detected,2,5,0.7699297666549683,ankle_midpoint,879.4615478515625,595.4089965820312,0.9875019788742065,0.992253839969635,2.277989625930786,1.3554679155349731,2.284516831034094,1.3046120996905028,0.0,0,two_ankles,accepted,2.277989625930786,1.3554679155349731,0.050927696776096355
134,4.466666666666667,detected,3,1,0.9092922806739807,ankle_midpoint,1198.42822265625,847.3124389648438,0.9863422513008118,0.9890850186347961,4.460519790649414,10.00223159790039,4.440388896124755,9.64703337131257,0.0,0,two_ankles,corrected_motion_outlier,4.470747692492179,9.831215291108258,0.31174079322565584
134,4.466666666666667,detected,4,2,0.9154407382011414,ankle_midpoint,991.3037109375,823.5955810546875,0.994146466255188,0.9940364360809326,3.2189059257507324,9.463534355163574,3.238675752786491,9.414394591866824,0.0,0,two_ankles,accepted,3.2189059257507324,9.463534355163574,0.07715252840609496
135,4.5,detected,1,3,0.8505683541297913,ankle_midpoint,1118.812255859375,597.2880249023438,0.9749993681907654,0.981919527053833,4.42194938659668,1.3918286561965942,4.431625956638422,1.44148514507293,0.0,0,two_ankles,accepted,4.42194938659668,1.3918286561965942,0.1358940423966327
135,4.5,detected,2,5,0.776032030582428,ankle_midpoint,878.4610595703125,595.375732421875,0.9875050783157349,0.9930328130722046,2.268967866897583,1.3540067672729492,2.277519797172664,1.3268397001026038,0.0,0,two_ankles,accepted,2.268967866897583,1.3540067672729492,0.009139315636129311
135,4.5,detected,3,1,0.9088878631591797,ankle_midpoint,1202.0186767578125,855.013671875,0.9864777326583862,0.989939272403717,4.4680938720703125,10.178540229797363,4.452856135300257,9.88621145763073,0.0,0,two_ankles,accepted,4.4680938720703125,10.178540229797363,0.24410547691767917
135,4.5,detected,4,2,0.9129225611686707,ankle_midpoint,990.6279296875,826.0742797851562,0.9935656189918518,0.9933191537857056,3.214261054992676,9.52449893951416,3.2276891387792745,9.463941548308124,0.0,0,two_ankles,accepted,3.214261054992676,9.52449893951416,0.06114127386143306
136,4.533333333333333,detected,1,3,0.8258005380630493,ankle_midpoint,1117.7275390625,595.5155029296875,0.9820220470428467,0.9879345893859863,4.416863918304443,1.3008147478103638,4.424983039388132,1.3781834663047752,0.0,0,two_ankles,accepted,4.416863918304443,1.3008147478103638,0.09115587478318934
136,4.533333333333333,detected,2,5,0.7444369196891785,ankle_midpoint,879.130859375,592.774658203125,0.9578369855880737,0.982102632522583,2.270854949951172,1.2191619873046875,2.2745206159229925,1.2783847293435415,0.0,0,two_ankles,accepted,2.270854949951172,1.2191619873046875,0.13485798369818547
136,4.533333333333333,detected,3,1,0.9095665216445923,ankle_midpoint,1211.408447265625,869.9600830078125,0.9851072430610657,0.9912900924682617,4.4965291023254395,10.510540962219238,4.468775759757533,10.097225657183362,0.0,0,two_ankles,corrected_motion_outlier,4.488233078538649,10.355131901081023,0.3332162190655244
136,4.533333333333333,detected,4,2,0.9116322994232178,ankle_midpoint,990.9111328125,827.5891723632812,0.9932239055633545,0.9935758709907532,3.215733051300049,9.561461448669434,3.2223088994136235,9.507825503470713,0.0,0,two_ankles,accepted,3.215733051300049,9.561461448669434,0.036991807960447036
137,4.566666666666666,detected,1,3,0.7393981218338013,ankle_midpoint,1118.5804443359375,594.88623046875,0.95476233959198,0.9728037118911743,4.426192760467529,1.2680377960205078,4.425527413873861,1.328617914676855,0.0,0,two_ankles,accepted,4.426192760467529,1.2680377960205078,0.03407867169856113
137,4.566666666666666,detected,2,5,0.7615625858306885,ankle_midpoint,876.68994140625,592.7423095703125,0.9643713235855103,0.9870432019233704,2.248807191848755,1.2180991172790527,2.2629495750895856,1.2512562039145216,0.0,0,two_ankles,accepted,2.248807191848755,1.2180991172790527,0.022073362454190955
137,4.566666666666666,detected,3,1,0.9180427193641663,ankle_midpoint,1221.25732421875,887.3143310546875,0.9870012998580933,0.990803599357605,4.522189617156982,10.880653381347656,4.486594196119786,10.292749719014958,0.0,0,two_ankles,corrected_motion_outlier,4.508372285006984,10.531723572364685,0.35209701334162385
137,4.566666666666666,detected,4,2,0.9139395356178284,ankle_midpoint,990.1368408203125,823.7582397460938,0.9930614829063416,0.9938586354255676,3.2116384506225586,9.467703819274902,3.2175071974576444,9.489770745582598,0.0,0,two_ankles,accepted,3.2116384506225586,9.467703819274902,0.09384699688530461
138,4.6,detected,1,3,0.7375631332397461,ankle_midpoint,1118.331787109375,597.2547607421875,0.9535531401634216,0.9771825671195984,4.417732238769531,1.390242099761963,4.422019585076913,1.3563487979651536,0.0,0,two_ankles,accepted,4.417732238769531,1.390242099761963,0.12249682559289489
138,4.6,detected,2,5,0.7878667712211609,ankle_midpoint,876.0846557617188,592.7786865234375,0.9671734571456909,0.9883050918579102,2.243412494659424,1.2201461791992188,2.254157888896013,1.2372566927926356,0.0,0,two_ankles,accepted,2.243412494659424,1.2201461791992188,0.005770027752928937
138,4.6,detected,3,1,0.9212064146995544,ankle_midpoint,1225.6982421875,894.3422241210938,0.9872259497642517,0.9913330674171448,4.534834861755371,11.025970458984375,4.5083024956557995,10.622699052001197,0.0,0,two_ankles,accepted,4.534834861755371,11.025970458984375,0.28335144119471384
138,4.6,detected,4,2,0.9118929505348206,ankle_midpoint,989.079345703125,820.177490234375,0.9924161434173584,0.9932938814163208,3.2056925296783447,9.379233360290527,3.2121905969569595,9.440028922201167,0.0,0,two_ankles,accepted,3.2056925296783447,9.379233360290527,0.0886700405367045
139,4.633333333333334,detected,1,3,0.7898456454277039,ankle_midpoint,1118.33984375,596.79443359375,0.9534335732460022,0.9761249423027039,4.419009208679199,1.3665903806686401,4.420664915697942,1.3609575101817226,0.0,0,two_ankles,accepted,4.419009208679199,1.3665903806686401,0.023686166178164957
139,4.633333333333334,detected,2,5,0.8190600872039795,ankle_midpoint,873.5147705078125,596.8138427734375,0.9865541458129883,0.9926194548606873,2.227025032043457,1.4291210174560547,2.241948103312363,1.3235956388911743,0.0,0,two_ankles,accepted,2.227025032043457,1.4291210174560547,0.2096163923825149
139,4.633333333333334,detected,3,1,0.9220647811889648,ankle_midpoint,1228.114990234375,899.598876953125,0.9647804498672485,0.9746081233024597,4.539051055908203,11.133133888244629,4.522139347769381,10.852394728310742,0.0,0,two_ankles,accepted,4.539051055908203,11.133133888244629,0.10724633729853816
139,4.633333333333334,detected,4,2,0.9130533337593079,ankle_midpoint,986.0009765625,814.7152099609375,0.9892278909683228,0.9904286861419678,3.1873106956481934,9.242813110351562,3.200994641368015,9.351281806868846,0.0,0,two_ankles,accepted,3.1873106956481934,9.242813110351562,0.13765310172938955
140,4.666666666666667,detected,1,3,0.8213275074958801,ankle_midpoint,1117.080810546875,595.7607421875,0.9724143147468567,0.9907838106155396,4.410409927368164,1.3136459589004517,4.416050170949542,1.3396673121051508,0.0,0,two_ankles,accepted,4.410409927368164,1.3136459589004517,0.05363822737035731
140,4.666666666666667,detected,2,5,0.8428035378456116,ankle_midpoint,874.0140380859375,596.03759765625,0.975911557674408,0.9881167411804199,2.230201244354248,1.3891758918762207,2.2366620167812115,1.3531067527344454,0.0,0,two_ankles,accepted,2.230201244354248,1.3891758918762207,0.04007120390295165
140,4.666666666666667,detected,3,1,0.916283130645752,ankle_midpoint,1216.8203125,892.5882568359375,0.9907662868499756,0.9933997392654419,4.487540245056152,10.990883827209473,4.506569751548429,10.91471482281517,0.0,0,two_ankles,accepted,4.487540245056152,10.990883827209473,0.1512892709320176
140,4.666666666666667,detected,4,2,0.9206730723381042,ankle_midpoint,980.715087890625,815.91162109375,0.989654541015625,0.9923468828201294,3.154001474380493,9.273712158203125,3.1798477162236303,9.316375464969273,0.0,0,two_ankles,accepted,3.154001474380493,9.273712158203125,0.045434077294402714
141,4.7,detected,1,3,0.8163584470748901,ankle_midpoint,1119.4007568359375,594.5253295898438,0.9455570578575134,0.9788892269134521,4.434536457061768,1.2491189241409302,4.424368999700044,1.2989205375212516,0.0,0,two_ankles,accepted,4.434536457061768,1.2491189241409302,0.06888996770149355
141,4.7,detected,2,5,0.8611248135566711,ankle_midpoint,873.50390625,597.5130615234375,0.9862073659896851,0.9935883283615112,2.2280900478363037,1.4648888111114502,2.232804630756003,1.4034086790040976,0.0,0,two_ankles,accepted,2.2280900478363037,1.4648888111114502,0.0757423480614231
141,4.7,detected,3,1,0.9234581589698792,ankle_midpoint,1210.6541748046875,891.5911865234375,0.9914699196815491,0.9938702583312988,4.454195499420166,10.97100830078125,4.483001338090711,10.940046887899907,0.0,0,two_ankles,accepted,4.454195499420166,10.97100830078125,0.038818920803232106
141,4.7,detected,4,2,0.9251695871353149,ankle_midpoint,980.087890625,816.16357421875,0.9913902282714844,0.9941965341567993,3.150045871734619,9.280137062072754,3.1664368862035754,9.30006818366584,0.0,0,two_ankles,accepted,3.150045871734619,9.280137062072754,0.0075449441367062536
142,4.733333333333333,detected,1,3,0.8078354597091675,ankle_midpoint,1116.071533203125,594.9228515625,0.974745512008667,0.9916715025901794,4.403515815734863,1.2705703973770142,4.414985066915713,1.286162974456345,0.0,0,two_ankles,accepted,4.403515815734863,1.2705703973770142,0.03771532702139636
142,4.733333333333333,detected,2,5,0.8686754107475281,ankle_midpoint,871.4532470703125,597.6839599609375,0.9849549531936646,0.9929004907608032,2.2100729942321777,1.4741286039352417,2.2225753943202817,1.4352326452231126,0.0,0,two_ankles,accepted,2.2100729942321777,1.4741286039352417,0.020248160212733842
142,4.733333333333333,detected,3,1,0.9236854910850525,ankle_midpoint,1199.260498046875,891.6009521484375,0.980797290802002,0.9829347729682922,4.389350891113281,10.972597122192383,4.440858636950868,10.954694493331523,0.0,0,two_ankles,accepted,4.389350891113281,10.972597122192383,0.06486407002300876
142,4.733333333333333,detected,4,2,0.9251751899719238,ankle_midpoint,975.8442993164062,820.0147705078125,0.9916571378707886,0.9948018789291382,3.123225688934326,9.377044677734375,3.1469918474324134,9.33470760599668,0.0,0,two_ankles,accepted,3.123225688934326,9.377044677734375,0.10055052550166807
143,4.766666666666667,detected,1,3,0.789351761341095,ankle_midpoint,1114.770751953125,594.0805053710938,0.972315788269043,0.990997314453125,4.393982887268066,1.2271958589553833,4.405534086074272,1.2596277724809122,0.0,0,two_ankles,accepted,4.393982887268066,1.2271958589553833,0.04440976591294529
143,4.766666666666667,detected,2,5,0.8890277743339539,ankle_midpoint,869.82568359375,596.9306640625,0.9834564328193665,0.9924218058586121,2.194249153137207,1.4360285997390747,2.209828585787898,1.4355908247552955,0.0,0,two_ankles,accepted,2.194249153137207,1.4360285997390747,0.04125535440093596
143,4.766666666666667,detected,3,1,0.9161449670791626,ankle_midpoint,1181.0323486328125,893.6652221679688,0.9728365540504456,0.9745222926139832,4.282566070556641,11.017446517944336,4.3696269820734654,10.982932904407289,0.0,0,two_ankles,accepted,4.282566070556641,11.017446517944336,0.11582083664276152
143,4.766666666666667,detected,4,2,0.9255215525627136,ankle_midpoint,972.4240112304688,824.7063598632812,0.9901138544082642,0.9934176206588745,3.1017649173736572,9.493487358093262,3.1266397289059733,9.406158494440142,0.0,0,two_ankles,accepted,3.1017649173736572,9.493487358093262,0.11840381127793598
144,4.8,detected,1,3,0.801901638507843,ankle_midpoint,1114.19921875,595.6290283203125,0.9736522436141968,0.990949809551239,4.384856224060059,1.3075720071792603,4.396229048167877,1.2812026780951689,0.0,0,two_ankles,accepted,4.384856224060059,1.3075720071792603,0.08089265222885847
144,4.8,detected,2,5,0.888297975063324,ankle_midpoint,868.7293090820312,596.5275268554688,0.9814019799232483,0.9915186762809753,2.183746337890625,1.4156497716903687,2.1980915742341254,1.4266173508760787,0.0,0,two_ankles,accepted,2.183746337890625,1.4156497716903687,0.022926093447043362
144,4.8,detected,3,1,0.9173036813735962,ankle_midpoint,1174.809814453125,895.0430908203125,0.9738520979881287,0.9806486964225769,4.245270729064941,11.04653263092041,4.31366666821963,11.011552781338192,0.0,0,two_ankles,accepted,4.245270729064941,11.04653263092041,0.047296347269524044
144,4.8,detected,4,2,0.9248312711715698,ankle_midpoint,971.8156127929688,824.5157470703125,0.9891011118888855,0.9927589893341064,3.0980019569396973,9.488889694213867,3.1137527315211493,9.443387534338319,0.0,0,two_ankles,accepted,3.0980019569396973,9.488889694213867,0.005941244345710527
145,4.833333333333333,detected,1,3,0.8366789221763611,ankle_midpoint,1113.95556640625,595.431396484375,0.9765069484710693,0.9869131445884705,4.383171558380127,1.2974210977554321,4.390353177763389,1.2885009669422876,0.0,0,two_ankles,accepted,4.383171558380127,1.2974210977554321,0.010289755127499496
145,4.833333333333333,detected,2,5,0.8811968564987183,ankle_midpoint,867.4303588867188,597.29833984375,0.9813566207885742,0.9895612597465515,2.173492670059204,1.4554378986358643,2.187022067355411,1.4395865973679824,0.0,0,two_ankles,accepted,2.173492670059204,1.4554378986358643,0.0410881095918027
145,4.833333333333333,detected,3,1,0.9180688261985779,ankle_midpoint,1165.937744140625,898.6586303710938,0.9753633737564087,0.982674777507782,4.190057277679443,11.121484756469727,4.258042442476547,11.061022170147384,0.0,0,two_ankles,accepted,4.190057277679443,11.121484756469727,0.09309321316970022
145,4.833333333333333,detected,4,2,0.9294977188110352,ankle_midpoint,972.6198120117188,821.8554077148438,0.9852972626686096,0.987916111946106,3.1030690670013428,9.423169136047363,3.1089450824872364,9.43428925510739,0.0,0,two_ankles,accepted,3.1030690670013428,9.423169136047363,0.06591560793995344
146,4.866666666666666,detected,1,3,0.7755535244941711,ankle_midpoint,1114.9775390625,596.7335205078125,0.9650903940200806,0.9828258156776428,4.3890156745910645,1.3643041849136353,4.389751301335843,1.3226124150293943,0.0,0,two_ankles,accepted,4.3890156745910645,1.3643041849136353,0.06713792551232678
146,4.866666666666666,detected,2,5,0.8819035291671753,ankle_midpoint,867.2354125976562,597.0645141601562,0.9829148054122925,0.9876349568367004,2.171337604522705,1.4435285329818726,2.1799640590806932,1.4413604683942332,0.0,0,two_ankles,accepted,2.171337604522705,1.4435285329818726,0.012102780579151345
146,4.866666666666666,detected,3,1,0.925772488117218,ankle_midpoint,1161.46875,897.6546630859375,0.9545885324478149,0.9643635749816895,4.166200637817383,11.10157299041748,4.216713630379923,11.079270039268927,0.0,0,two_ankles,accepted,4.166200637817383,11.10157299041748,0.031074389661382512
146,4.866666666666666,detected,4,2,0.926631510257721,ankle_midpoint,975.7830810546875,819.0820922851562,0.9880127906799316,0.9901143312454224,3.122899293899536,9.353822708129883,3.115224477622771,9.39807930896751,0.0,0,two_ankles,accepted,3.122899293899536,9.353822708129883,0.07212603526985346
147,4.9,detected,1,3,0.7983434200286865,ankle_midpoint,1114.53271484375,597.1064453125,0.9656250476837158,0.9826329946517944,4.384075164794922,1.3835822343826294,4.3871970398924285,1.35004883373835,0.0,0,two_ankles,accepted,4.384075164794922,1.3835822343826294,0.019901050936439665
147,4.9,detected,2,5,0.8800243139266968,ankle_midpoint,867.3846435546875,597.253662109375,0.9841030836105347,0.9881930947303772,2.1730055809020996,1.4531652927398682,2.1768327439003263,1.446672639349769,0.0,0,two_ankles,accepted,2.1730055809020996,1.4531652927398682,0.00978004518576175
147,4.9,detected,3,1,0.9322739839553833,ankle_midpoint,1161.349853515625,897.99169921875,0.9656985402107239,0.9729623794555664,4.165078639984131,11.108457565307617,4.193477884701816,11.092404425986338,0.0,0,two_ankles,accepted,4.165078639984131,11.108457565307617,0.006975403253986331
147,4.9,detected,4,2,0.9251459240913391,ankle_midpoint,976.662841796875,816.1195678710938,0.987305223941803,0.9888518452644348,3.1285884380340576,9.279516220092773,3.1212382598078503,9.344725918973879,0.0,0,two_ankles,accepted,3.1285884380340576,9.279516220092773,0.07452395940496209
148,4.933333333333334,detected,1,3,0.888455331325531,ankle_midpoint,1112.55908203125,597.0919799804688,0.9792957305908203,0.9832074642181396,4.366425514221191,1.3833357095718384,4.377849853340372,1.3650279278634199,0.0,0,two_ankles,accepted,4.366425514221191,1.3833357095718384,0.017651372180573378
148,4.933333333333334,detected,2,5,0.8671421408653259,ankle_midpoint,868.5784301757812,598.2791748046875,0.9859828352928162,0.9895617365837097,2.185455560684204,1.505193829536438,2.1807130114530713,1.47300717493377,0.0,0,two_ankles,accepted,2.185455560684204,1.505193829536438,0.05349738907429811
148,4.933333333333334,detected,3,1,0.9216136932373047,ankle_midpoint,1153.03369140625,896.650146484375,0.9790047407150269,0.9867693185806274,4.119869709014893,11.082080841064453,4.160354205642701,11.08775881277149,0.0,0,two_ankles,accepted,4.119869709014893,11.082080841064453,0.052340987965276996
148,4.933333333333334,detected,4,2,0.9249894618988037,ankle_midpoint,979.7978515625,806.708740234375,0.9805922508239746,0.9875463843345642,3.1491312980651855,9.039371490478516,3.1337901270236515,9.207316426150967,0.0,0,two_ankles,accepted,3.1491312980651855,9.039371490478516,0.24102178378678452
149,4.966666666666667,detected,1,3,0.8756077885627747,ankle_midpoint,1112.683837890625,594.7752685546875,0.9868778586387634,0.9899132251739502,4.373403072357178,1.2637819051742554,4.375848801897934,1.3194672176532958,0.0,0,two_ankles,accepted,4.373403072357178,1.2637819051742554,0.11975724806238913
149,4.966666666666667,detected,2,5,0.8676487803459167,ankle_midpoint,867.9801635742188,598.3026123046875,0.9884113073348999,0.9909177422523499,2.180164098739624,1.5065367221832275,2.1804660007320202,1.4880954711960261,0.0,0,two_ankles,accepted,2.180164098739624,1.5065367221832275,0.005459206001951257
149,4.966666666666667,detected,3,1,0.9192355275154114,ankle_midpoint,1137.33349609375,891.7256469726562,0.9779735207557678,0.9890701770782471,4.036950588226318,10.982715606689453,4.104822577805329,11.040489370034575,0.0,0,two_ankles,accepted,4.036950588226318,10.982715606689453,0.1294180450893493
149,4.966666666666667,detected,4,2,0.908170759677887,ankle_midpoint,984.9091796875,791.851806640625,0.9881167411804199,0.9941978454589844,3.183727264404297,8.647199630737305,3.1449392420647397,9.081542654619117,0.0,0,two_ankles,corrected_motion_outlier,3.1585659382260696,8.927819156080188,0.393694867200243
150,5.0,detected,1,3,0.8346694111824036,ankle_midpoint,1113.110595703125,591.8735961914062,0.9684702157974243,0.9783791303634644,4.384681224822998,1.112428903579712,4.379823392214213,1.226299976320183,0.0,0,two_ankles,accepted,4.384681224822998,1.112428903579712,0.1517726187911382
150,5.0,detected,2,5,0.8524565696716309,ankle_midpoint,868.2745361328125,598.479248046875,0.9881995916366577,0.9910378456115723,2.183095932006836,1.5154542922973633,2.1816494698056874,1.500406940691628,0.0,0,two_ankles,accepted,2.183095932006836,1.5154542922973633,0.009387156281177885
150,5.0,detected,3,1,0.9150258898735046,ankle_midpoint,1131.0654296875,888.30908203125,0.9956274032592773,0.9971235394477844,4.005235195159912,10.912501335144043,4.060008255614892,10.982894754333836,0.0,0,two_ankles,accepted,4.005235195159912,10.912501335144043,0.0770448576220973
150,5.0,detected,4,2,0.8992655277252197,ankle_midpoint,984.4297485351562,784.1036376953125,0.9855172038078308,0.9939828515052795,3.1817426681518555,8.436531066894531,3.155316843409736,8.962168529797353,0.0,0,two_ankles,corrected_motion_outlier,3.168000578386953,8.816266821681863,0.30186092731829645
151,5.033333333333333,detected,1,3,0.7831955552101135,ankle_midpoint,1110.3941650390625,588.092041015625,0.9473583698272705,0.9606766104698181,4.369722843170166,0.9134042859077454,4.375278145144392,1.0854969156345862,0.0,0,two_ankles,accepted,4.369722843170166,0.9134042859077454,0.1995859504603073
151,5.033333333333333,detected,2,5,0.8337439298629761,ankle_midpoint,870.0191650390625,598.1781005859375,0.9832723140716553,0.9898521304130554,2.1981241703033447,1.4996857643127441,2.189063085029633,1.5000824113211304,0.0,0,two_ankles,accepted,2.1981241703033447,1.4996857643127441,0.02178289285421866
151,5.033333333333333,detected,3,1,0.9112600684165955,ankle_midpoint,1115.179443359375,876.5025634765625,0.9909108281135559,0.9945995807647705,3.926999807357788,10.664501190185547,4.000154453899196,10.839617650467106,0.0,0,two_ankles,accepted,3.926999807357788,10.664501190185547,0.26004777984821137
151,5.033333333333333,detected,4,2,0.8803196549415588,ankle_midpoint,989.5269775390625,765.828125,0.9776009321212769,0.9910717606544495,3.2187938690185547,7.9196553230285645,3.1652701122218816,8.846314210666135,0.13614784191618334,0,two_ankles,corrected_motion_outlier,3.177435218547837,8.704714487283535,0.37396036174983993
152,5.066666666666666,detected,1,3,0.7482357025146484,ankle_midpoint,1102.944580078125,587.95947265625,0.9620294570922852,0.9649838805198669,4.302096843719482,0.9082781076431274,4.3423465595031825,1.0057484520384299,0.0,0,two_ankles,accepted,4.302096843719482,0.9082781076431274,0.06782000814880886
152,5.066666666666666,detected,2,5,0.8089215755462646,ankle_midpoint,876.5478515625,595.4348754882812,0.991908848285675,0.9955463409423828,2.2519116401672363,1.3575352430343628,2.217344934841555,1.4359361855920851,0.0,0,two_ankles,accepted,2.2519116401672363,1.3575352430343628,0.1519863895685222
152,5.066666666666666,detected,3,1,0.8841632008552551,ankle_midpoint,1096.9024658203125,860.735107421875,0.9846742153167725,0.9941673278808594,3.836188554763794,10.321192741394043,3.941930776253215,10.708202116746023,0.0,0,two_ankles,corrected_motion_outlier,3.870768503574794,10.547583131086917,0.35511600162386214
152,5.066666666666666,detected,4,2,0.8778038620948792,ankle_midpoint,982.6236572265625,745.2518310546875,0.9954244494438171,0.9983219504356384,3.1752376556396484,7.305532932281494,3.1749899981409593,8.732395784664718,0.6376817611121032,0,two_ankles,corrected_motion_outlier,3.1868698587087207,8.593162152885208,0.4335087720995773
153,5.1,detected,1,3,0.8014898300170898,ankle_midpoint,1102.0955810546875,592.333251953125,0.9624575972557068,0.9637954831123352,4.283868312835693,1.1393159627914429,4.316031348502813,1.0658538318772859,0.0,0,two_ankles,accepted,4.283868312835693,1.1393159627914429,0.23175584102610064
153,5.1,detected,2,5,0.8281362056732178,ankle_midpoint,878.270263671875,594.3211669921875,0.9794349670410156,0.9876410365104675,2.2655768394470215,1.2996190786361694,2.2390492919140152,1.3745934874619232,0.0,0,two_ankles,accepted,2.2655768394470215,1.2996190786361694,0.05950646830349454
153,5.1,detected,3,1,0.8486015796661377,ankle_midpoint,1091.18896484375,856.292724609375,0.9753216505050659,0.9928169250488281,3.8065812587738037,10.222015380859375,3.88102349338748,10.48941808559703,0.0,0,two_ankles,accepted,3.8065812587738037,10.222015380859375,0.22928929232418963
153,5.1,detected,4,2,0.8864302635192871,ankle_midpoint,988.897705078125,733.49462890625,0.9849691390991211,0.9931683540344238,3.2213025093078613,6.935400485992432,3.18458152346885,8.619542099884693,0.8964113942993327,0,two_ankles,corrected_motion_outlier,3.1963044988696048,8.481609818486882,0.42104169254126916
154,5.133333333333334,detected,1,3,0.7738619446754456,ankle_midpoint,1100.6181640625,592.8884887695312,0.9556518793106079,0.9559482336044312,4.269203186035156,1.1687095165252686,4.294958675392368,1.112138889968878,0.0,0,two_ankles,accepted,4.269203186035156,1.1687095165252686,0.03284884998259649
154,5.133333333333334,detected,2,5,0.8192867040634155,ankle_midpoint,877.451416015625,598.7891235351562,0.9892009496688843,0.9931793212890625,2.2653565406799316,1.5289242267608643,2.2508875538586777,1.4440423201464467,0.0,0,two_ankles,accepted,2.2653565406799316,1.5289242267608643,0.22930525394773452
154,5.133333333333334,detected,3,1,0.8396046757698059,ankle_midpoint,1078.7086181640625,846.311767578125,0.986652672290802,0.9880114197731018,3.740952491760254,9.994933128356934,3.8179915426552284,10.266899854838988,0.0,0,two_ankles,accepted,3.740952491760254,9.994933128356934,0.23637572730993628
154,5.133333333333334,detected,4,2,0.8825291395187378,ankle_midpoint,996.5199584960938,728.6290283203125,0.988482654094696,0.9949365854263306,3.2766377925872803,6.777390956878662,3.1941024504715876,8.507274022776432,0.9442437975325438,0,two_ankles,corrected_motion_outlier,3.2057391390304883,8.370057484088555,0.37759523598285005
155,5.166666666666667,detected,1,3,0.7093005776405334,ankle_midpoint,1099.777587890625,590.345703125,0.9372257590293884,0.9368083477020264,4.2675628662109375,1.0355182886123657,4.282630561260724,1.0776596193584476,0.0,0,two_ankles,accepted,4.2675628662109375,1.0355182886123657,0.13320132822938574
155,5.166666666666667,detected,2,5,0.7916511297225952,ankle_midpoint,882.001220703125,595.6807861328125,0.9632782936096191,0.9819303154945374,2.30117130279541,1.3688197135925293,2.2735152408802075,1.410192147197184,0.0,0,two_ankles,accepted,2.30117130279541,1.3688197135925293,0.16406142850242972
155,5.166666666666667,detected,3,1,0.8959025740623474,ankle_midpoint,1063.16357421875,844.89453125,0.9883984923362732,0.9948955178260803,3.6483967304229736,9.964044570922852,3.741673877150714,10.130614977076728,0.0,0,two_ankles,accepted,3.6483967304229736,9.964044570922852,0.09757393062228338
155,5.166666666666667,detected,4,2,0.8647027611732483,ankle_midpoint,996.91845703125,728.1318359375,0.97967129945755,0.988517165184021,3.2796294689178467,6.761175632476807,3.203584548395491,8.39532802988764,0.8487161902964458,0,two_ankles,corrected_motion_outlier,3.2151737791913724,8.258505149690228,0.3259900505559488
156,5.2,detected,1,3,0.5385414958000183,ankle_midpoint,1099.3212890625,588.4489135742188,0.9311680197715759,0.9273598790168762,4.267884731292725,0.9352442622184753,4.275994937775125,1.01357270864546,0.0,0,two_ankles,accepted,4.267884731292725,0.9352442622184753,0.10027454296267573
156,5.2,detected,2,5,0.8075674176216125,ankle_midpoint,880.787353515625,594.73486328125,0.9529120922088623,0.9773208498954773,2.2888317108154297,1.3203645944595337,2.280407652351058,1.3697697484652416,0.0,0,two_ankles,accepted,2.2888317108154297,1.3203645944595337,0.05000164097732389
156,5.2,detected,3,1,0.8980364799499512,ankle_midpoint,1057.72802734375,848.413330078125,0.9839826822280884,0.9937340617179871,3.6131317615509033,10.046365737915039,3.6838299251307998,10.092702819453969,0.0,0,two_ankles,accepted,3.6131317615509033,10.046365737915039,0.0895566444464268
156,5.2,detected,4,2,0.8549701571464539,ankle_midpoint,991.1412353515625,732.9151611328125,0.9898213148117065,0.9941231608390808,3.237294912338257,6.916478633880615,3.2187542121697357,7.72984580168448,0.5805395801127472,0,two_ankles,accepted,3.237294912338257,6.916478633880615,0.26559034784196095
157,5.233333333333333,detected,1,3,0.7717239260673523,ankle_midpoint,1098.13720703125,588.291015625,0.9614450335502625,0.9645520448684692,4.257462978363037,0.9271594285964966,4.267655556039686,0.9746867326234265,0.0,0,two_ankles,accepted,4.257462978363037,0.9271594285964966,0.013190051888545707
157,5.233333333333333,detected,2,5,0.7686724662780762,ankle_midpoint,880.7708740234375,593.0914306640625,0.9531189799308777,0.9803996086120605,2.286128044128418,1.2352206707000732,2.28298182865087,1.309222663470916,0.0,0,two_ankles,accepted,2.286128044128418,1.2352206707000732,0.08518683916375387
157,5.233333333333333,detected,3,1,0.9067826271057129,ankle_midpoint,1047.9576416015625,847.4246215820312,0.9917140603065491,0.9968615770339966,3.555079936981201,10.024810791015625,3.6258924304634803,10.062151406656714,0.0,0,two_ankles,accepted,3.555079936981201,10.024810791015625,0.061924389958303454
157,5.233333333333333,detected,4,2,0.83176189661026,ankle_midpoint,987.7041015625,740.4411010742188,0.9845322966575623,0.9898245930671692,3.211454153060913,7.155269622802734,3.2154691855707656,7.471286521187695,0.0,0,two_ankles,accepted,3.211454153060913,7.155269622802734,0.240185097852538
158,5.266666666666667,detected,1,3,0.7841624617576599,ankle_midpoint,1100.060546875,590.1898193359375,0.9693277478218079,0.9844017624855042,4.2704997062683105,1.0272234678268433,4.268935423642567,0.9983282634649641,0.0,0,two_ankles,accepted,4.2704997062683105,1.0272234678268433,0.10090970330730585
158,5.266666666666667,detected,2,5,0.7880915999412537,ankle_midpoint,881.8187866210938,596.1156005859375,0.9836158156394958,0.9938979744911194,2.300199508666992,1.3912196159362793,2.290729784658125,1.3461212920803296,0.0,0,two_ankles,accepted,2.300199508666992,1.3912196159362793,0.15663229880541615
158,5.266666666666667,detected,3,1,0.9040241241455078,ankle_midpoint,1037.390380859375,850.081787109375,0.9911562204360962,0.9956212639808655,3.4901175498962402,10.08747673034668,3.564793734208222,10.073547802317199,0.0,0,two_ankles,accepted,3.4901175498962402,10.08747673034668,0.09026146291756924
158,5.266666666666667,detected,4,2,0.8176193237304688,ankle_midpoint,987.9284057617188,761.2071533203125,0.9338406324386597,0.9351378083229065,3.2089157104492188,7.784996032714844,3.212514481067139,7.3183132155679385,0.0036501908023524043,0,two_ankles,corrected_motion_outlier,3.2089031755627064,7.1313458420326805,0.6297315261535561
159,5.3,detected,1,3,0.7903781533241272,ankle_midpoint,1101.950439453125,592.04736328125,0.9734435677528381,0.9872593879699707,4.283234596252441,1.124387502670288,4.275370051317011,1.0550549211073599,0.0,0,two_ankles,accepted,4.283234596252441,1.124387502670288,0.09799503604757782
159,5.3,detected,2,5,0.7794178128242493,ankle_midpoint,883.3980102539062,596.1031494140625,0.9800329804420471,0.9927863478660583,2.314319133758545,1.3901827335357666,2.3013449917533144,1.3659489407352763,0.0,0,two_ankles,accepted,2.314319133758545,1.3901827335357666,0.014157645914434311
159,5.3,detected,3,1,0.9060516953468323,ankle_midpoint,1032.697509765625,852.3204956054688,0.9907823204994202,0.9958407282829285,3.4608871936798096,10.139378547668457,3.518035790970437,10.103171637725264,0.0,0,two_ankles,accepted,3.4608871936798096,10.139378547668457,0.05956687305745177
159,5.3,detected,4,2,0.8260346055030823,ankle_midpoint,977.170654296875,770.0491943359375,0.9614160656929016,0.9416583180427551,3.135298013687134,8.043242454528809,3.2097414537159517,7.223412196130548,0.2885139879460539,0,two_ankles,corrected_motion_outlier,3.2063521980645002,7.107422061262626,0.44561628882030935
160,5.333333333333333,detected,1,3,0.6751587390899658,ankle_midpoint,1100.840576171875,590.0787353515625,0.9889838099479675,0.9927969574928284,4.277848243713379,1.02116060256958,4.276485237895376,1.0398024777653592,0.0,0,two_ankles,accepted,4.277848243713379,1.02116060256958,0.10336733380559168
160,5.333333333333333,detected,2,5,0.6079661846160889,ankle_midpoint,875.0280151367188,588.002685546875,0.8987658023834229,0.9692119359970093,2.225869655609131,0.9695239067077637,2.311794005303283,1.3828429800774735,0.0,0,two_ankles,corrected_motion_outlier,2.324565021864356,1.4034912503846035,0.42985713763204564
160,5.333333333333333,detected,3,1,0.9020192623138428,ankle_midpoint,1027.344970703125,856.487548828125,0.986331582069397,0.9940093755722046,3.427027940750122,10.234739303588867,3.4770822583712953,10.162377087363886,0.0,0,two_ankles,accepted,3.427027940750122,10.234739303588867,0.10119349178019599
160,5.333333333333333,detected,4,2,0.8244979381561279,ankle_midpoint,973.3867797851562,783.62744140625,0.9603011608123779,0.9299945831298828,3.109398126602173,8.425106048583984,3.2070683487986056,7.1604509340934595,0.6949250341759646,0,two_ankles,corrected_motion_outlier,3.2038012205662936,7.083498280492572,0.4246436389331448
161,5.366666666666666,detected,1,3,0.8577600717544556,ankle_midpoint,1098.011474609375,589.3362426757812,0.9888759255409241,0.994544506072998,4.253875732421875,0.9826396703720093,4.2663109604323015,1.0140792144383517,0.0,0,two_ankles,accepted,4.253875732421875,0.9826396703720093,0.0453711749350965
161,5.366666666666666,detected,2,5,0.5101429224014282,ankle_midpoint,871.572509765625,587.9837646484375,0.8210713863372803,0.944319486618042,2.1944057941436768,0.9694129228591919,2.2589693102814605,1.1967994543292468,0.0,0,two_ankles,accepted,2.1944057941436768,0.9694129228591919,0.21876153832106277
161,5.366666666666666,detected,3,1,0.9074950814247131,ankle_midpoint,1013.576171875,857.7099609375,0.9895398020744324,0.9951139092445374,3.3448173999786377,10.2641019821167,3.4175630720945995,10.208153290002652,0.0,0,two_ankles,accepted,3.3448173999786377,10.2641019821167,0.08729684933758322
161,5.366666666666666,detected,4,2,0.6165444850921631,ankle_midpoint,983.4171142578125,817.8662719726562,0.9128307700157166,0.6805107593536377,3.1706933975219727,9.32237434387207,3.2044502012198723,7.115056538626536,2.263006154541558,0,two_ankles,corrected_motion_outlier,3.2012502430680874,7.059574499722517,0.541872004678752
162,5.4,detected,1,3,0.8346396684646606,ankle_midpoint,1098.4541015625,589.5277099609375,0.9879130721092224,0.9922378659248352,4.257454872131348,0.9926577806472778,4.2623257206968725,1.0044395692323684,0.0,0,two_ankles,accepted,4.257454872131348,0.9926577806472778,0.010638269339858125
162,5.4,detected,2,5,0.532232940196991,ankle_midpoint,871.40185546875,592.1974487304688,0.8071674704551697,0.9326493144035339,2.2002131938934326,1.191057562828064,2.232529057906848,1.1942156031537146,0.0,0,two_ankles,accepted,2.2002131938934326,1.191057562828064,0.22172070791602752
162,5.4,detected,3,1,0.9055969715118408,ankle_midpoint,1009.4869995117188,859.4906005859375,0.99140864610672,0.9966087341308594,3.320012331008911,10.304636001586914,3.3736652386060397,10.25157051021557,0.0,0,two_ankles,accepted,3.320012331008911,10.304636001586914,0.04752155490937399
162,5.4,detected,4,2,0.561353325843811,ankle_midpoint,985.6559448242188,832.3274536132812,0.8983197808265686,0.6463208198547363,3.182650327682495,9.676945686340332,3.201862280177376,7.079323919773204,2.6413437249165046,0,two_ankles,corrected_motion_outlier,3.1986992655698807,7.035650718952463,0.5043681127817223
163,5.433333333333334,detected,1,3,0.8561478853225708,ankle_midpoint,1095.376708984375,588.5299072265625,0.9886530041694641,0.9922278523445129,4.231750011444092,0.9405663013458252,4.248566651533121,0.9756965986834241,0.0,0,two_ankles,accepted,4.231750011444092,0.9405663013458252,0.05808839883113409
163,5.433333333333334,detected,2,5,0.7150352597236633,ankle_midpoint,875.2883911132812,596.8282470703125,0.9216859936714172,0.9730764627456665,2.242903709411621,1.4294136762619019,2.237197651083996,1.3000547360523989,0.0,0,two_ankles,accepted,2.242903709411621,1.4294136762619019,0.24214895607145054
163,5.433333333333334,detected,3,1,0.9170677661895752,ankle_midpoint,997.369873046875,871.5366821289062,0.9916287660598755,0.995064914226532,3.245734453201294,10.572026252746582,3.3160963851739043,10.395775594354527,0.0,0,two_ankles,accepted,3.245734453201294,10.572026252746582,0.2775153140762391
163,5.433333333333334,predicted,4,,,motion_prediction,,,,,,,3.1961482880716745,7.011726938182409,,1,,motion_prediction,3.1961482880716745,7.011726938182409,
164,5.466666666666667,detected,1,3,0.8313503265380859,ankle_midpoint,1092.56640625,587.98046875,0.9887446165084839,0.9961748123168945,4.2073750495910645,0.9120837450027466,4.230030430659196,0.9470708145271192,0.0,0,two_ankles,accepted,4.2073750495910645,0.9120837450027466,0.03748859534809468
164,5.466666666666667,detected,2,5,0.7895885109901428,ankle_midpoint,879.1058349609375,599.2769775390625,0.92604660987854,0.9742592573165894,2.2808477878570557,1.5532864332199097,2.256840212631873,1.4140089997777787,0.0,0,two_ankles,accepted,2.2808477878570557,1.5532864332199097,0.12955390000092998
164,5.466666666666667,detected,3,1,0.9126162528991699,ankle_midpoint,986.1629638671875,886.9522705078125,0.9877448678016663,0.9942779541015625,3.1785080432891846,10.901927947998047,3.25926170009672,10.528589255019138,0.0,0,two_ankles,corrected_motion_outlier,3.1897970850023833,10.690917062498109,0.33668162812880265
164,5.466666666666667,predicted,4,,,motion_prediction,,,,,,,3.193597310573468,6.987803157412355,,2,,motion_prediction,3.193597310573468,6.987803157412355,
165,5.5,detected,1,3,0.815353512763977,ankle_midpoint,1091.5380859375,587.5554809570312,0.9911076426506042,0.9956380724906921,4.198942184448242,0.8897135257720947,4.216040719864267,0.9212600345873583,0.0,0,two_ankles,accepted,4.198942184448242,0.8897135257720947,0.023906901157290397
165,5.5,detected,2,5,0.8202905654907227,ankle_midpoint,882.592529296875,596.8781127929688,0.9363548159599304,0.9764650464057922,2.3082761764526367,1.4301347732543945,2.279986396351217,1.421265597842256,0.0,0,two_ankles,accepted,2.3082761764526367,1.4301347732543945,0.12616912400905408
165,5.5,detected,3,1,0.9217709898948669,ankle_midpoint,979.2574462890625,891.1046142578125,0.9916245341300964,0.9949448704719543,3.1387505531311035,10.989100456237793,3.2050316839621926,10.735819295567534,0.0,0,two_ankles,accepted,3.1387505531311035,10.989100456237793,0.21528843796872635
165,5.5,predicted,4,,,motion_prediction,,,,,,,3.1910463330752616,6.963879376642301,,3,,motion_prediction,3.1910463330752616,6.963879376642301,
166,5.533333333333333,detected,1,3,0.8648449182510376,ankle_midpoint,1089.81201171875,589.0592041015625,0.9863438606262207,0.991148829460144,4.17988920211792,0.9700816869735718,4.199772536878411,0.9432297781611544,0.0,0,two_ankles,accepted,4.17988920211792,0.9700816869735718,0.0825957472911661
166,5.533333333333333,detected,2,5,0.8624020218849182,ankle_midpoint,887.23828125,594.6810302734375,0.9832776188850403,0.994707465171814,2.3466644287109375,1.3159538507461548,2.309991510913091,1.3738753116490106,0.0,0,two_ankles,accepted,2.3466644287109375,1.3159538507461548,0.12046136715262526
166,5.533333333333333,detected,3,1,0.9324999451637268,ankle_midpoint,974.900634765625,899.7684936523438,0.9783784747123718,0.9854246973991394,3.113621711730957,11.166909217834473,3.163897196458137,10.929809760587657,0.0,0,two_ankles,accepted,3.113621711730957,11.166909217834473,0.17957565082899907
166,5.533333333333333,detected,4,25,0.6630872488021851,bbox_bottom,993.4577026367188,708.9005126953125,0.10948053747415543,0.10060940682888031,3.260388135910034,6.1175103187561035,3.2281989152570727,6.6465077993155095,0.8255814955015985,0,bbox_fallback,accepted,3.260388135910034,6.1175103187561035,0.11543470752504599
167,5.566666666666666,detected,1,3,0.7307891845703125,ankle_midpoint,1088.5142822265625,590.56884765625,0.9867185950279236,0.9867444038391113,4.164824485778809,1.0501714944839478,4.18404591388359,0.9913535505064115,0.0,0,two_ankles,accepted,4.164824485778809,1.0501714944839478,0.08149431235016935
167,5.566666666666666,detected,2,5,0.8530517220497131,ankle_midpoint,890.1365966796875,594.3878173828125,0.978278398513794,0.9909477829933167,2.3722803592681885,1.3000644445419312,2.338021492672885,1.3406604214508249,0.0,0,two_ankles,accepted,2.3722803592681885,1.3000644445419312,0.030143807454213956
167,5.566666666666666,detected,3,1,0.9211885333061218,ankle_midpoint,972.816650390625,903.8404541015625,0.9750387072563171,0.9860230684280396,3.101792097091675,11.24917984008789,3.135949901743229,11.073526296362763,0.0,0,two_ankles,accepted,3.101792097091675,11.24917984008789,0.08311675564215985
167,5.566666666666666,detected,4,2,0.8921601176261902,ankle_midpoint,1031.3033447265625,823.708251953125,0.869829535484314,0.9237951636314392,3.46701979637146,9.460736274719238,3.24279424833254,6.38330043936772,3.4053935982463104,0,two_ankles,corrected_motion_outlier,3.2606329887581103,6.061602554987088,3.349605414930341
168,5.6,detected,1,3,0.8504417538642883,ankle_midpoint,1088.380859375,589.5123901367188,0.9913188815116882,0.9939894676208496,4.165885925292969,0.9944431185722351,4.1758739190178105,0.9927438561360322,0.0,0,two_ankles,accepted,4.165885925292969,0.9944431185722351,0.05573848343469147
168,5.6,detected,2,5,0.8618289828300476,ankle_midpoint,889.6966552734375,594.0626220703125,0.9788693785667419,0.9903755784034729,2.3678741455078125,1.283345341682434,2.3514551864486024,1.3148686355550492,0.0,0,two_ankles,accepted,2.3678741455078125,1.283345341682434,0.017289971663613846
168,5.6,detected,3,1,0.9179445505142212,ankle_midpoint,970.2722778320312,903.5753784179688,0.9728445410728455,0.9853073358535767,3.0875604152679443,11.24416732788086,3.114174632829351,11.150314760545907,0.0,0,two_ankles,accepted,3.0875604152679443,11.24416732788086,0.01508860650151423
168,5.6,detected,4,2,0.9010356664657593,ankle_midpoint,1023.996337890625,830.52099609375,0.8924248814582825,0.938839316368103,3.418555498123169,9.62809944152832,3.250931865305681,6.213377897700379,3.6258347582252,0,two_ankles,corrected_motion_outlier,3.2608778416061863,6.0056947912180725,1.7570751907215059
169,5.633333333333334,detected,1,3,0.8375706672668457,ankle_midpoint,1089.068603515625,589.9390869140625,0.9916565418243408,0.9926388263702393,4.171216011047363,1.01681649684906,4.17377786043111,1.003576544456895,0.0,0,two_ankles,accepted,4.171216011047363,1.01681649684906,0.022999518900774906
169,5.633333333333334,detected,2,5,0.8733590841293335,ankle_midpoint,888.6072998046875,594.3220825195312,0.9795249104499817,0.9895728230476379,2.3584485054016113,1.2970510721206665,2.354602179977457,1.3068507320095772,0.0,0,two_ankles,accepted,2.3584485054016113,1.2970510721206665,0.01663399345488385
169,5.633333333333334,detected,3,1,0.9255022406578064,ankle_midpoint,963.8773803710938,905.617431640625,0.9751133918762207,0.9861393570899963,3.051842451095581,11.285776138305664,3.0861251510491545,11.211272380537798,0.0,0,two_ankles,accepted,3.051842451095581,11.285776138305664,0.054836721907728606
169,5.633333333333334,detected,4,2,0.879663348197937,ankle_midpoint,1020.7549438476562,832.643310546875,0.8485155701637268,0.9600796103477478,3.3977231979370117,9.679743766784668,3.255517738422543,6.094762006087285,3.7324572301456955,0,two_ankles,corrected_motion_outlier,3.2611226944542624,5.949787027449058,1.1882932698957325
170,5.666666666666667,detected,1,3,0.8537076115608215,ankle_midpoint,1092.313232421875,591.6024780273438,0.9903087019920349,0.9928956627845764,4.197011470794678,1.103532075881958,4.184232985094716,1.0485565335981735,0.0,0,two_ankles,accepted,4.197011470794678,1.103532075881958,0.09047097540419298
170,5.666666666666667,detected,2,5,0.8652225732803345,ankle_midpoint,887.8482666015625,594.1942138671875,0.9832051396369934,0.9872052669525146,2.3514461517333984,1.2906262874603271,2.3531819672676306,1.299549731962415,0.0,0,two_ankles,accepted,2.3514461517333984,1.2906262874603271,0.009503200241311682
170,5.666666666666667,detected,3,1,0.9285812377929688,ankle_midpoint,962.0390014648438,905.802978515625,0.9781007766723633,0.9862228035926819,3.0415892601013184,11.289695739746094,3.066084000122628,11.246562892181531,0.0,0,two_ankles,accepted,3.0415892601013184,11.289695739746094,0.010976848410024078
170,5.666666666666667,detected,4,2,0.8654845952987671,ankle_midpoint,1016.69140625,831.55078125,0.8383948802947998,0.963519811630249,3.373244524002075,9.65398120880127,3.258150152418451,6.004364772004026,3.7617659543916218,0,two_ankles,corrected_motion_outlier,3.2613675473023385,5.893879263680042,0.884567794196339
171,5.7,detected,1,3,0.8457168340682983,ankle_midpoint,1093.81884765625,591.4139404296875,0.9891207218170166,0.9924086332321167,4.211068153381348,1.0932519435882568,4.1963088108237,1.068669468093711,0.0,0,two_ankles,accepted,4.211068153381348,1.0932519435882568,0.017414690503089254
171,5.7,detected,2,5,0.8662682175636292,ankle_midpoint,887.6444702148438,594.1921997070312,0.9820619225502014,0.9858464598655701,2.349611759185791,1.2905735969543457,2.351575373630803,1.295510471208784,0.0,0,two_ankles,accepted,2.349611759185791,1.2905735969543457,0.0018351491242234862
171,5.7,detected,3,1,0.9283612370491028,ankle_midpoint,961.7832641601562,905.6151123046875,0.9779707789421082,0.9862500429153442,3.0401532649993896,11.285978317260742,3.054415169317171,11.264299833467177,0.0,0,two_ankles,accepted,3.0401532649993896,11.285978317260742,0.003985136367473594
171,5.7,detected,4,2,0.8572288751602173,ankle_midpoint,1018.39990234375,831.0630493164062,0.8288447260856628,0.9616015553474426,3.3839313983917236,9.641972541809082,3.2597081638978347,5.929487799562176,3.8059671391240686,0,two_ankles,corrected_motion_outlier,3.2616124001504145,5.837971499911027,0.70532536887403
172,5.733333333333333,detected,1,3,0.8327187299728394,ankle_midpoint,1096.294189453125,590.63525390625,0.9800829291343689,0.9866898059844971,4.2352728843688965,1.0516715049743652,4.213842643919039,1.0610203846900055,0.0,0,two_ankles,accepted,4.2352728843688965,1.0516715049743652,0.04811238798379493
172,5.733333333333333,detected,2,5,0.8459996581077576,ankle_midpoint,888.05322265625,594.4764404296875,0.9841832518577576,0.9880551695823669,2.3536901473999023,1.3051743507385254,2.352527021826898,1.2998592169971677,0.0,0,two_ankles,accepted,2.3536901473999023,1.3051743507385254,0.01515965901632486
172,5.733333333333333,detected,3,1,0.9236765503883362,ankle_midpoint,964.4521484375,906.3973999023438,0.9763861298561096,0.9858489036560059,3.0550739765167236,11.301257133483887,3.0547116325569696,11.280930618474699,0.0,0,two_ankles,accepted,3.0550739765167236,11.301257133483887,0.021355792126824223
172,5.733333333333333,detected,4,2,0.8588064908981323,ankle_midpoint,1023.9595947265625,830.194091796875,0.8139141798019409,0.9583520889282227,3.418478488922119,9.620192527770996,3.26067525399313,5.863146971023102,3.841323057577118,0,two_ankles,corrected_motion_outlier,3.2618572529984906,5.782063736142011,0.5843746709343086
173,5.766666666666667,detected,1,3,0.7895197868347168,ankle_midpoint,1096.534912109375,589.915283203125,0.9819960594177246,0.9874065518379211,4.239109992980957,1.0136380195617676,4.2252129509969025,1.0396983203822985,0.0,0,two_ankles,accepted,4.239109992980957,1.0136380195617676,0.038226553796164096
173,5.766666666666667,detected,2,5,0.8408225178718567,ankle_midpoint,886.4673461914062,597.0807495117188,0.9888344407081604,0.9916790127754211,2.3432064056396484,1.4395369291305542,2.3483327445426356,1.3627141874571915,0.0,0,two_ankles,accepted,2.3432064056396484,1.4395369291305542,0.1347709587168162
173,5.766666666666667,detected,3,1,0.923363447189331,ankle_midpoint,964.3335571289062,904.4490966796875,0.9525424838066101,0.9798112511634827,3.0543534755706787,11.262375831604004,3.0545504619131387,11.272580964382886,0.0,0,two_ankles,accepted,3.0543534755706787,11.262375831604004,0.03888797703002601
173,5.766666666666667,detected,4,2,0.8587305545806885,ankle_midpoint,1027.523681640625,827.8380126953125,0.8214967250823975,0.9530244469642639,3.4415438175201416,9.562466621398926,3.261317337327177,5.801501021630555,3.840505008943236,0,two_ankles,corrected_motion_outlier,3.2621021058465667,5.726155972372997,0.49281658856128846
174,5.8,detected,1,3,0.733295202255249,ankle_midpoint,1096.31201171875,590.4913940429688,0.9787928462028503,0.9846071600914001,4.235764026641846,1.044088363647461,4.229960935037127,1.0416738398516217,0.0,0,two_ankles,accepted,4.235764026641846,1.044088363647461,0.03063362442936824
174,5.8,detected,2,5,0.824695348739624,ankle_midpoint,887.0963134765625,595.914306640625,0.9547075033187866,0.9715988039970398,2.3471603393554688,1.379547357559204,2.3478051622084104,1.3702891140030973,0.0,0,two_ankles,accepted,2.3471603393554688,1.379547357559204,0.060119732943046546
174,5.8,detected,3,1,0.9236491918563843,ankle_midpoint,964.8765869140625,906.937744140625,0.9487866759300232,0.9796097874641418,3.05745530128479,11.311962127685547,3.055857639630382,11.290302487869084,0.0,0,two_ankles,accepted,3.05745530128479,11.311962127685547,0.04968321730571769
174,5.8,detected,4,2,0.8730716705322266,ankle_midpoint,1035.404052734375,827.9510498046875,0.8623764514923096,0.9615186452865601,3.490103244781494,9.564132690429688,3.2617806669425367,5.742437255768597,3.9005396144194107,0,two_ankles,corrected_motion_outlier,3.2623469586946428,5.670248208603981,0.4317836336813531
175,5.833333333333333,detected,1,3,0.6619051694869995,ankle_midpoint,1097.582763671875,588.8102416992188,0.9750245213508606,0.9834305047988892,4.2511982917785645,0.954875648021698,4.239517745570774,1.002614653528156,0.0,0,two_ankles,accepted,4.2511982917785645,0.954875648021698,0.09053797639462557
175,5.833333333333333,detected,2,5,0.8248606324195862,ankle_midpoint,887.346923828125,595.5576171875,0.9784860610961914,0.9857497215270996,2.348895311355591,1.3611335754394531,2.348295729324642,1.3661691216494574,0.0,0,two_ankles,accepted,2.348895311355591,1.3611335754394531,0.018495337244691386
175,5.833333333333333,detected,3,1,0.9287645816802979,ankle_midpoint,965.004638671875,911.19384765625,0.9483582377433777,0.9797238111495972,3.0582778453826904,11.39616584777832,3.056946732218921,11.337940999828241,0.0,0,two_ankles,accepted,3.0582778453826904,11.39616584777832,0.08420773750823096
175,5.833333333333333,detected,4,2,0.8936205506324768,ankle_midpoint,1039.78955078125,828.22900390625,0.901996910572052,0.9641976356506348,3.5169951915740967,9.570296287536621,3.2621456820126187,5.684793690848464,3.9641276101024743,0,two_ankles,corrected_motion_outlier,3.262591811542719,5.614340444834966,0.38470091200064227
176,5.866666666666666,detected,1,3,0.4501875340938568,ankle_midpoint,1105.53466796875,585.8914794921875,0.9328015446662903,0.9506517648696899,4.33087682723999,0.7970620393753052,4.280629332321921,0.9101159771593732,0.0,0,two_ankles,accepted,4.33087682723999,0.7970620393753052,0.1767874545528458
176,5.866666666666666,detected,2,5,0.8562615513801575,ankle_midpoint,889.2896728515625,594.2802734375,0.9915487170219421,0.9958232641220093,2.364521026611328,1.294715166091919,2.355597113103651,1.3340148416485653,0.0,0,two_ankles,accepted,2.364521026611328,1.294715166091919,0.06823172339542653
176,5.866666666666666,detected,3,1,0.9239721298217773,ankle_midpoint,969.052490234375,913.4111328125,0.9739567041397095,0.9868301749229431,3.0807173252105713,11.439226150512695,3.0676434990651638,11.383519317636246,0.0,0,two_ankles,accepted,3.0807173252105713,11.439226150512695,0.04855635825020133
176,5.866666666666666,detected,4,2,0.8975930213928223,ankle_midpoint,1038.4124755859375,826.375244140625,0.8583860993385315,0.9481076598167419,3.5095760822296143,9.525239944458008,3.262456624082798,5.627931236446333,3.974473575860761,0,two_ankles,corrected_motion_outlier,3.262836664390795,5.55843268106595,0.34168283296761354
177,5.9,detected,1,3,0.6126082539558411,ankle_midpoint,1106.01220703125,588.2110595703125,0.9350074529647827,0.9445230960845947,4.329457759857178,0.9208701848983765,4.302602124712787,0.9149553706419247,0.0,0,two_ankles,accepted,4.329457759857178,0.9208701848983765,0.12381627780747957
177,5.9,detected,2,5,0.8713713884353638,ankle_midpoint,890.9037475585938,592.9044189453125,0.9913880228996277,0.9968265295028687,2.3771286010742188,1.2229208946228027,2.3652862826904064,1.2840225654869721,0.0,0,two_ankles,accepted,2.3771286010742188,1.2229208946228027,0.07289285527140836
177,5.9,detected,3,1,0.9259047508239746,ankle_midpoint,967.3253173828125,910.4220581054688,0.9704199433326721,0.9882274270057678,3.0711371898651123,11.380685806274414,3.069215659925141,11.382244237523423,0.0,0,two_ankles,accepted,3.0711371898651123,11.380685806274414,0.059319060147424635
177,5.9,detected,4,2,0.89898681640625,ankle_midpoint,1032.663330078125,820.2845458984375,0.8855572938919067,0.9613234996795654,3.4773027896881104,9.375778198242188,3.3591373986051885,7.314462369254468,3.8791728154237903,0,two_ankles,accepted,3.4773027896881104,9.375778198242188,0.29686184478398164
178,5.933333333333334,detected,1,3,0.6555357575416565,ankle_midpoint,1109.870361328125,588.6322021484375,0.936939537525177,0.9439785480499268,4.363564968109131,0.9422515630722046,4.330035404241142,0.9272386572355507,0.0,0,two_ankles,accepted,4.363564968109131,0.9422515630722046,0.040254999532410296
178,5.933333333333334,detected,2,5,0.856194257736206,ankle_midpoint,895.4448852539062,592.8824462890625,0.9893753528594971,0.9968423843383789,2.4180173873901367,1.220623254776001,2.3890152798052853,1.2554928756670352,0.0,0,two_ankles,accepted,2.4180173873901367,1.220623254776001,0.040953290408151724
178,5.933333333333334,detected,3,1,0.928292989730835,ankle_midpoint,969.2446899414062,908.6717529296875,0.9729113578796387,0.9884889721870422,3.081794261932373,11.345865249633789,3.0748760308283956,11.36587369297309,0.0,0,two_ankles,accepted,3.081794261932373,11.345865249633789,0.03641489186870892
178,5.933333333333334,detected,4,2,0.8922191858291626,ankle_midpoint,1040.6986083984375,813.4697265625,0.9282016754150391,0.9621282815933228,3.531585216522217,9.203531265258789,3.4367389166678515,8.164543372456414,0.0,0,two_ankles,accepted,3.531585216522217,9.203531265258789,0.18059786207258233
179,5.966666666666667,detected,1,3,0.6106795072555542,ankle_midpoint,1113.2750244140625,590.4575805664062,0.9245770573616028,0.933811604976654,4.389833927154541,1.0379481315612793,4.356944739552172,0.9770579206821286,0.0,0,two_ankles,accepted,4.389833927154541,1.0379481315612793,0.09923654281520292
179,5.966666666666667,detected,2,5,0.8479713797569275,ankle_midpoint,899.1575927734375,592.9292602539062,0.9839921593666077,0.9955589771270752,2.451531171798706,1.222115159034729,2.417147431202325,1.2404729031824975,0.0,0,two_ankles,accepted,2.451531171798706,1.222115159034729,0.033546974881519136
179,5.966666666666667,detected,3,1,0.9304778575897217,ankle_midpoint,970.6815795898438,905.451904296875,0.975404679775238,0.9881667494773865,3.089826822280884,11.28166675567627,3.0816038869820153,11.32798057118952,0.0,0,two_ankles,accepted,3.089826822280884,11.28166675567627,0.06469906222014457
179,5.966666666666667,detected,4,2,0.8959413170814514,ankle_midpoint,1044.715087890625,812.59814453125,0.9603920578956604,0.9831475615501404,3.5574307441711426,9.180841445922852,3.4910502390443328,8.621877505516311,0.0,0,two_ankles,accepted,3.5574307441711426,9.180841445922852,0.034392138650407744
180,6.0,detected,1,3,0.6542484760284424,ankle_midpoint,1113.161376953125,595.2874145507812,0.8541787266731262,0.877158522605896,4.376397609710693,1.2901769876480103,4.365698531123507,1.1179615008167754,0.0,0,two_ankles,accepted,4.376397609710693,1.2901769876480103,0.2525864811688715
180,6.0,detected,2,5,0.8262892365455627,ankle_midpoint,900.9407958984375,592.7673950195312,0.9705462455749512,0.9897893071174622,2.4674041271209717,1.2132375240325928,2.4397629443657163,1.2282169825650404,0.0,0,two_ankles,accepted,2.4674041271209717,1.2132375240325928,0.018186894014476332
180,6.0,detected,3,1,0.9295337796211243,ankle_midpoint,971.2147216796875,904.2127685546875,0.9751488566398621,0.9879453182220459,3.0928239822387695,11.256828308105469,3.0866529298475545,11.295962052801698,0.0,0,two_ankles,accepted,3.0928239822387695,11.256828308105469,0.025018621975252214
180,6.0,detected,4,2,0.8898924589157104,ankle_midpoint,1048.11767578125,812.754150390625,0.9488564133644104,0.9793621301651001,3.5787603855133057,9.184318542480469,3.5305198049553708,8.874975972150182,0.0,0,two_ankles,accepted,3.5787603855133057,9.184318542480469,0.02161119617828467
181,6.033333333333333,detected,1,3,0.476053923368454,ankle_midpoint,1116.6473388671875,603.966552734375,0.8510779142379761,0.8734595775604248,4.385512351989746,1.730711579322815,4.376011412948111,1.2457425779913858,0.0,0,two_ankles,corrected_motion_outlier,4.388616046289295,1.4019194500936871,0.4406288744384558
181,6.033333333333333,detected,2,5,0.7721408605575562,ankle_midpoint,909.6209716796875,590.457763671875,0.9812963604927063,0.9932176470756531,2.5432112216949463,1.0902206897735596,2.4863146691638702,1.1661186508088741,0.0,0,two_ankles,accepted,2.5432112216949463,1.0902206897735596,0.14449864047409572
181,6.033333333333333,detected,3,1,0.9271122217178345,ankle_midpoint,972.482421875,901.8226318359375,0.9756243228912354,0.9869733452796936,3.099973201751709,11.2086763381958,3.0926470522044243,11.256683481229045,0.0,0,two_ankles,accepted,3.099973201751709,11.2086763381958,0.04867980634540121
181,6.033333333333333,detected,4,2,0.865654468536377,ankle_midpoint,1053.776611328125,812.1617431640625,0.9656463861465454,0.9837735891342163,3.614842176437378,9.168452262878418,3.5684648721222745,9.007040302977888,0.0,0,two_ankles,accepted,3.614842176437378,9.168452262878418,0.03941617009171384
182,6.066666666666666,detected,1,3,0.49709945917129517,ankle_midpoint,1116.619873046875,603.4632568359375,0.7981153130531311,0.8224108815193176,4.386538028717041,1.7055250406265259,4.38074839004413,1.4526446861771989,0.0,0,two_ankles,accepted,4.386538028717041,1.7055250406265259,0.2077359099979275
182,6.066666666666666,detected,2,5,0.7461130023002625,ankle_midpoint,909.1239624023438,591.4407958984375,0.9728599786758423,0.9883798360824585,2.539759397506714,1.1419013738632202,2.51036479691815,1.15522087618333,0.0,0,two_ankles,accepted,2.539759397506714,1.1419013738632202,0.05179583186127788
182,6.066666666666666,detected,3,1,0.9275904893875122,ankle_midpoint,973.2049560546875,901.3294677734375,0.967036247253418,0.9844712018966675,3.1040403842926025,11.198651313781738,3.0977740516441044,11.230569005877758,0.0,0,two_ankles,accepted,3.1040403842926025,11.198651313781738,0.010818645401504687
182,6.066666666666666,detected,4,2,0.9014559388160706,ankle_midpoint,1066.6160888671875,812.97216796875,0.9431875348091125,0.9667164087295532,3.6951043605804443,9.187214851379395,3.625452641928451,9.088118849758567,0.0,0,two_ankles,accepted,3.6951043605804443,9.187214851379395,0.08242604522038212
183,6.1,detected,1,3,0.6609120965003967,ankle_midpoint,1119.0186767578125,603.3359375,0.8074118494987488,0.834088921546936,4.408097743988037,1.6985527276992798,4.393055599318888,1.5633033048621354,0.0,0,two_ankles,accepted,4.408097743988037,1.6985527276992798,0.022659092438177333
183,6.1,detected,2,5,0.7603211998939514,ankle_midpoint,908.7749633789062,593.5096435546875,0.9718745946884155,0.9898595213890076,2.5388119220733643,1.2498358488082886,2.5231660032379963,1.1977976138645614,0.0,0,two_ankles,accepted,2.5388119220733643,1.2498358488082886,0.10793863345144032
183,6.1,detected,3,1,0.927302896976471,ankle_midpoint,973.3898315429688,902.978271484375,0.9714069366455078,0.9794707894325256,3.1050257682800293,11.231812477111816,3.101037324130271,11.231128567933084,0.0,0,two_ankles,accepted,3.1050257682800293,11.231812477111816,0.03317580044259362
183,6.1,detected,4,2,0.9032860398292542,ankle_midpoint,1070.291015625,811.5584716796875,0.9378353357315063,0.9635515213012695,3.7194931507110596,9.150729179382324,3.667770870880625,9.11629349808926,0.0,0,two_ankles,accepted,3.7194931507110596,9.150729179382324,0.043886414129124245
184,6.133333333333334,detected,1,3,0.7733166217803955,ankle_midpoint,1122.644287109375,604.8851318359375,0.9032783508300781,0.9208216667175293,4.436140060424805,1.775095820426941,4.4124436068165505,1.658609936866298,0.0,0,two_ankles,accepted,4.436140060424805,1.775095820426941,0.08151819769508607
184,6.133333333333334,detected,2,5,0.7813248038291931,ankle_midpoint,908.89208984375,593.7177734375,0.96344393491745,0.98899906873703,2.5400869846343994,1.260607123374939,2.530780444866378,1.2260618931442313,0.0,0,two_ankles,accepted,2.5400869846343994,1.260607123374939,0.010846480550147274
184,6.133333333333334,detected,3,1,0.9279513955116272,ankle_midpoint,975.0755615234375,905.0596923828125,0.9697995185852051,0.9776684045791626,3.114377498626709,11.27331256866455,3.107040402653668,11.250111368262244,0.0,0,two_ankles,accepted,3.114377498626709,11.27331256866455,0.0425407153132425
184,6.133333333333334,detected,4,2,0.9090355038642883,ankle_midpoint,1078.4478759765625,815.409912109375,0.9457188248634338,0.9551846385002136,3.767319917678833,9.247217178344727,3.7125679419398185,9.17520915420422,0.0,0,two_ankles,accepted,3.767319917678833,9.247217178344727,0.1076909168981222
185,6.166666666666667,detected,1,3,0.7760030627250671,ankle_midpoint,1122.37060546875,603.6603393554688,0.9154647588729858,0.9249463081359863,4.436924934387207,1.713979959487915,4.423460204223346,1.6835264470460258,0.0,0,two_ankles,accepted,4.436924934387207,1.713979959487915,0.061120900561552644
185,6.166666666666667,detected,2,5,0.7620503902435303,ankle_midpoint,908.7404174804688,594.9796142578125,0.9601594805717468,0.9861050248146057,2.5400593280792236,1.3259401321411133,2.5349559423121586,1.2710071006928283,0.0,0,two_ankles,accepted,2.5400593280792236,1.3259401321411133,0.06533301461991521
185,6.166666666666667,detected,3,1,0.9288581609725952,ankle_midpoint,977.1804809570312,905.1639404296875,0.9733645915985107,0.9858712553977966,3.1261303424835205,11.275146484375,3.115630875577102,11.261377170512986,0.0,0,two_ankles,accepted,3.1261303424835205,11.275146484375,0.011895065596945014
185,6.166666666666667,detected,4,2,0.8811359405517578,ankle_midpoint,1071.810791015625,820.8895263671875,0.9544165730476379,0.9535211324691772,3.720841407775879,9.385324478149414,3.716291001566046,9.269761049979557,0.0,0,two_ankles,accepted,3.720841407775879,9.385324478149414,0.14571848936267778
186,6.2,detected,1,3,0.7893524765968323,ankle_midpoint,1122.247314453125,609.9173583984375,0.9537480473518372,0.9559212923049927,4.419650554656982,2.0235722064971924,4.435149231166827,1.7129355579133723,0.0,0,two_ankles,corrected_motion_outlier,4.449435819653303,1.7488800267512403,0.3100738034780065
186,6.2,detected,2,5,0.7456501722335815,ankle_midpoint,908.3939819335938,595.2064208984375,0.9583412408828735,0.9865332841873169,2.5371906757354736,1.3377294540405273,2.5359615723526505,1.301032159699293,0.0,0,two_ankles,accepted,2.5371906757354736,1.3377294540405273,0.01213331270170296
186,6.2,detected,3,1,0.9279886484146118,ankle_midpoint,976.091064453125,904.819091796875,0.9730587601661682,0.9860390424728394,3.1200623512268066,11.268383026123047,3.117625039619469,11.264529805537514,0.0,0,two_ankles,accepted,3.1200623512268066,11.268383026123047,0.00908652218494341
186,6.2,detected,4,2,0.8878232836723328,ankle_midpoint,1077.61474609375,820.8560791015625,0.9512301683425903,0.9606561660766602,3.7570343017578125,9.383679389953613,3.734625486652341,9.321024302967883,0.0,0,two_ankles,accepted,3.7570343017578125,9.383679389953613,0.03623026207412041
187,6.233333333333333,detected,1,3,0.7588989734649658,ankle_midpoint,1118.752685546875,611.427978515625,0.9145148396492004,0.9345096349716187,4.385336399078369,2.0980451107025146,4.412733456727021,1.8862348566684863,0.0,0,two_ankles,accepted,4.385336399078369,2.0980451107025146,0.19375720460979282
187,6.233333333333333,detected,2,5,0.7757647633552551,ankle_midpoint,908.6512451171875,594.91455078125,0.960975170135498,0.987431526184082,2.5391900539398193,1.3226038217544556,2.5374143890668766,1.3107394076241161,0.0,0,two_ankles,accepted,2.5391900539398193,1.3226038217544556,0.015257203716850267
187,6.233333333333333,detected,3,1,0.9283573031425476,ankle_midpoint,975.876953125,902.35791015625,0.9652783870697021,0.9849171042442322,3.1189849376678467,11.219046592712402,3.118236993741239,11.244062359766215,0.0,0,two_ankles,accepted,3.1189849376678467,11.219046592712402,0.04934819633644165
187,6.233333333333333,detected,4,2,0.9020102620124817,ankle_midpoint,1081.125732421875,821.2044677734375,0.9567393064498901,0.9667373299598694,3.778580665588379,9.391839981079102,3.754405317173558,9.352891358117933,0.0,0,two_ankles,accepted,3.778580665588379,9.391839981079102,0.02303998788707447
188,6.266666666666667,detected,1,3,0.8003702163696289,ankle_midpoint,1119.565185546875,613.1611938476562,0.9082863926887512,0.9353196620941162,4.388106346130371,2.1818103790283203,4.401651256958528,2.019243841730412,0.0,0,two_ankles,accepted,4.388106346130371,2.1818103790283203,0.08381105407024253
188,6.266666666666667,detected,2,5,0.8107210993766785,ankle_midpoint,909.031494140625,593.985595703125,0.9575011134147644,0.9871661067008972,2.5416243076324463,1.2744574546813965,2.5393088524213834,1.2944125287998922,0.0,0,two_ankles,accepted,2.5416243076324463,1.2744574546813965,0.04820786505720634
188,6.266666666666667,detected,3,1,0.92795330286026,ankle_midpoint,975.484375,899.3515014648438,0.9770558476448059,0.9854090809822083,3.1169230937957764,11.158392906188965,3.1176457387657814,11.205511105656452,0.0,0,two_ankles,accepted,3.1169230937957764,11.158392906188965,0.060688721267103805
188,6.266666666666667,detected,4,2,0.9064382910728455,ankle_midpoint,1082.7423095703125,833.4161376953125,0.973141610622406,0.9711270332336426,3.7770702838897705,9.689847946166992,3.7646045521958538,9.50452182274001,0.0,0,two_ankles,accepted,3.7770702838897705,9.689847946166992,0.29801179256650384
189,6.3,detected,1,3,0.7822160124778748,ankle_midpoint,1122.5123291015625,613.9970092773438,0.9150203466415405,0.9388279318809509,4.411603927612305,2.2213995456695557,4.406129958752728,2.1102139085030265,0.0,0,two_ankles,accepted,4.411603927612305,2.2213995456695557,0.04603735929489886
189,6.3,detected,2,5,0.8152664303779602,ankle_midpoint,910.0383911132812,594.2199096679688,0.9597928524017334,0.9870614409446716,2.550922393798828,1.2863389253616333,2.5445349460412334,1.2907794072526757,0.0,0,two_ankles,accepted,2.550922393798828,1.2863389253616333,0.015087204906237219
189,6.3,detected,3,1,0.9302932024002075,ankle_midpoint,976.122314453125,896.2515869140625,0.977728545665741,0.9845705628395081,3.12066912651062,11.095255851745605,3.119006263250959,11.155896241396572,0.0,0,two_ankles,accepted,3.12066912651062,11.095255851745605,0.06324808617566546
189,6.3,detected,4,2,0.9139338731765747,ankle_midpoint,1084.2528076171875,832.614501953125,0.9731366038322449,0.9692846536636353,3.787083148956299,9.670363426208496,3.774719920738054,9.57915054430083,0.0,0,two_ankles,accepted,3.787083148956299,9.670363426208496,0.021906710954717412
190,6.333333333333333,detected,1,3,0.7452492117881775,ankle_midpoint,1120.6650390625,615.0731201171875,0.8789801001548767,0.9224698543548584,4.392903804779053,2.273529291152954,4.400178189464574,2.1837058306954944,0.0,0,two_ankles,accepted,4.392903804779053,2.273529291152954,0.055382352407085514
190,6.333333333333333,detected,2,5,0.7962390184402466,ankle_midpoint,914.457763671875,594.7802734375,0.9839082360267639,0.9950921535491943,2.591186285018921,1.3142017126083374,2.565528048581193,1.3013194446627236,0.0,0,two_ankles,accepted,2.591186285018921,1.3142017126083374,0.048964434535063925
190,6.333333333333333,detected,3,1,0.929440438747406,ankle_midpoint,974.9329833984375,894.8324584960938,0.9914814233779907,0.9941956400871277,3.114013671875,11.066370010375977,3.116759597131778,11.115609437437305,0.0,0,two_ankles,accepted,3.114013671875,11.066370010375977,0.029642653525589813
190,6.333333333333333,detected,4,2,0.9103547930717468,ankle_midpoint,1084.584716796875,827.855224609375,0.979192852973938,0.9786331057548523,3.793668270111084,9.555001258850098,3.783246677955918,9.568283365848,0.0,0,two_ankles,accepted,3.793668270111084,9.555001258850098,0.11554996096169971
191,6.366666666666666,detected,1,3,0.7538474798202515,ankle_midpoint,1126.2396240234375,609.9359130859375,0.903615415096283,0.932322084903717,4.454506874084473,2.023515224456787,4.424626097543529,2.1116200578880764,0.0,0,two_ankles,accepted,4.454506874084473,2.023515224456787,0.2574916924753181
191,6.366666666666666,detected,2,5,0.7782095074653625,ankle_midpoint,917.7340087890625,593.3446044921875,0.984706461429596,0.9950602650642395,2.6193113327026367,1.238990068435669,2.589730526435843,1.2732712253605492,0.0,0,two_ankles,accepted,2.6193113327026367,1.238990068435669,0.08029825481520368
191,6.366666666666666,detected,3,1,0.9303368330001831,ankle_midpoint,977.634033203125,894.6381225585938,0.9765170812606812,0.9830392599105835,3.129305362701416,11.062060356140137,3.1224051916381153,11.09151235085358,0.0,0,two_ankles,accepted,3.129305362701416,11.062060356140137,0.01588738266559939
191,6.366666666666666,detected,4,2,0.9062688946723938,ankle_midpoint,1084.900634765625,829.7376708984375,0.9686182737350464,0.979741096496582,3.793807029724121,9.60074520111084,3.7879988362516097,9.582891191716278,0.0,0,two_ankles,accepted,3.793807029724121,9.60074520111084,0.045744152716870004
192,6.4,detected,1,3,0.8131637573242188,ankle_midpoint,1128.956298828125,606.490234375,0.9406082630157471,0.963017463684082,4.487511157989502,1.853300929069519,4.452924374744217,1.9953764499197257,0.0,0,two_ankles,accepted,4.487511157989502,1.853300929069519,0.17338451231372404
192,6.4,detected,2,5,0.8227481245994568,ankle_midpoint,919.15478515625,591.7304077148438,0.985213577747345,0.9958479404449463,2.6306819915771484,1.1544910669326782,2.6081586857494305,1.2198201540680074,0.0,0,two_ankles,accepted,2.6306819915771484,1.1544910669326782,0.08526061891778021
192,6.4,detected,3,1,0.9326838254928589,ankle_midpoint,979.7703247070312,896.0198974609375,0.9745251536369324,0.9816884398460388,3.141287326812744,11.090084075927734,3.1309021524666987,11.09086962713695,0.0,0,two_ankles,accepted,3.141287326812744,11.090084075927734,0.030477800686712086
192,6.4,detected,4,2,0.9090673327445984,ankle_midpoint,1084.7362060546875,826.2174072265625,0.9691234827041626,0.9743805527687073,3.796184778213501,9.514952659606934,3.7916825101344607,9.552318852267074,0.0,0,two_ankles,accepted,3.796184778213501,9.514952659606934,0.08582548494228404
193,6.433333333333334,detected,1,3,0.8265959620475769,ankle_midpoint,1137.647216796875,605.1986083984375,0.9775067567825317,0.9863362312316895,4.567695617675781,1.7870317697525024,4.504571434063422,1.9016213438444751,0.0,0,two_ankles,accepted,4.567695617675781,1.7870317697525024,0.10402475211104652
193,6.433333333333334,detected,2,5,0.8359476327896118,ankle_midpoint,925.8265380859375,590.8203125,0.967755138874054,0.9875149726867676,2.6902596950531006,1.1051084995269775,2.645104139936082,1.168199909524544,0.0,0,two_ankles,accepted,2.6902596950531006,1.1051084995269775,0.07738307770467037
193,6.433333333333334,detected,3,1,0.9258840084075928,ankle_midpoint,982.2439575195312,897.874267578125,0.960588812828064,0.9765112996101379,3.1550872325897217,11.12759017944336,3.141785438522059,11.107393875674834,0.0,0,two_ankles,accepted,3.1550872325897217,11.12759017944336,0.03996429907277539
193,6.433333333333334,detected,4,2,0.9089305996894836,ankle_midpoint,1082.907470703125,827.11181640625,0.9682592749595642,0.9720208644866943,3.7840209007263184,9.537086486816406,3.788234785900797,9.545464287814273,0.0,0,two_ankles,accepted,3.7840209007263184,9.537086486816406,0.025256013590073557
194,6.466666666666667,detected,1,3,0.7215953469276428,ankle_midpoint,1140.3638916015625,609.738037109375,0.9671021103858948,0.9772645235061646,4.5785722732543945,2.0104260444641113,4.53787181169936,1.9505834591233113,0.0,0,two_ankles,accepted,4.5785722732543945,2.0104260444641113,0.22365890013702017
194,6.466666666666667,detected,2,5,0.8544368147850037,ankle_midpoint,929.549560546875,590.5053100585938,0.9710872173309326,0.9886631369590759,2.7237370014190674,1.0876113176345825,2.6804889276034256,1.1319350431740614,0.0,0,two_ankles,accepted,2.7237370014190674,1.0876113176345825,0.03777408391604431
194,6.466666666666667,detected,3,1,0.9226046204566956,ankle_midpoint,981.355712890625,900.23486328125,0.9674439430236816,0.9800775051116943,3.149876356124878,11.175573348999023,3.1454263514433274,11.13807463867072,0.0,0,two_ankles,accepted,3.149876356124878,11.175573348999023,0.04826528560093133
194,6.466666666666667,detected,4,2,0.9148670434951782,ankle_midpoint,1088.077880859375,827.3047485351562,0.9755767583847046,0.979766845703125,3.815776824951172,9.541084289550781,3.800628703473466,9.543493288595702,0.0,0,two_ankles,accepted,3.815776824951172,9.541084289550781,0.03200657979349894
195,6.5,detected,1,3,0.532907247543335,ankle_midpoint,1143.2718505859375,612.820068359375,0.9661453366279602,0.9799336194992065,4.595098972320557,2.159656286239624,4.563624033978899,2.0446662313256523,0.0,0,two_ankles,accepted,4.595098972320557,2.159656286239624,0.1501425883698608
195,6.5,detected,2,5,0.8424633145332336,ankle_midpoint,931.1964721679688,591.08984375,0.9750960469245911,0.9873916506767273,2.739046812057495,1.117873191833496,2.706839975607757,1.125607210070807,0.0,0,two_ankles,accepted,2.739046812057495,1.117873191833496,0.03391417597134547
195,6.5,detected,3,1,0.925265908241272,ankle_midpoint,981.8067626953125,900.39990234375,0.9669061303138733,0.9803353548049927,3.1523962020874023,11.178855895996094,3.148562784233161,11.156426204467138,0.0,0,two_ankles,accepted,3.1523962020874023,11.178855895996094,0.004138204739114042
195,6.5,detected,4,2,0.9154101610183716,ankle_midpoint,1088.2117919921875,827.3666381835938,0.9733363389968872,0.9799787998199463,3.816542625427246,9.542576789855957,3.807789968352667,9.543080864162818,0.0,0,two_ankles,accepted,3.816542625427246,9.542576789855957,0.0016775003815514618
196,6.533333333333333,detected,1,3,0.7178769707679749,ankle_midpoint,1145.54150390625,619.4874267578125,0.947422444820404,0.9698693156242371,4.595664978027344,2.4775521755218506,4.589945405049754,2.1273429641629136,0.0,0,two_ankles,corrected_motion_outlier,4.622115969691911,2.2283923042973437,0.3178963931613534
196,6.533333333333333,detected,2,5,0.8604099154472351,ankle_midpoint,932.9523315429688,593.4573364257812,0.9801115393638611,0.9866853952407837,2.7564423084259033,1.2409828901290894,2.729161025375923,1.177526266097034,0.0,0,two_ankles,accepted,2.7564423084259033,1.2409828901290894,0.12433262286437659
196,6.533333333333333,detected,3,1,0.9253812432289124,ankle_midpoint,981.67919921875,900.7545166015625,0.9659976959228516,0.9806649684906006,3.1516480445861816,11.186036109924316,3.1499511513920204,11.169750661922869,0.0,0,two_ankles,accepted,3.1516480445861816,11.186036109924316,0.007219086625167718
196,6.533333333333333,detected,4,2,0.9130390286445618,ankle_midpoint,1083.927490234375,826.9466552734375,0.9679529070854187,0.9728013277053833,3.7904818058013916,9.532909393310547,3.800001295204593,9.538503702279296,0.0,0,two_ankles,accepted,3.7904818058013916,9.532909393310547,0.027796130585704387
197,6.566666666666666,detected,1,3,0.728569507598877,ankle_midpoint,1148.89404296875,621.6494750976562,0.9215121269226074,0.9604437351226807,4.618227481842041,2.5783321857452393,4.602672339606283,2.3302881138749605,0.0,0,two_ankles,accepted,4.618227481842041,2.5783321857452393,0.20965712292903466
197,6.566666666666666,detected,2,5,0.8381127715110779,ankle_midpoint,932.7673950195312,594.046142578125,0.9779036641120911,0.9851410388946533,2.7551522254943848,1.2715809345245361,2.740857065429231,1.2198508668894101,0.0,0,two_ankles,accepted,2.7551522254943848,1.2715809345245361,0.030625228730507915
197,6.566666666666666,detected,3,1,0.9218437671661377,ankle_midpoint,981.133544921875,901.068359375,0.963735044002533,0.9789587259292603,3.14855694770813,11.192437171936035,3.14932375973427,11.179959591428794,0.0,0,two_ankles,accepted,3.14855694770813,11.192437171936035,0.007108338398484572
197,6.566666666666666,detected,4,2,0.9144202470779419,ankle_midpoint,1082.8780517578125,825.723388671875,0.9683961868286133,0.9767439365386963,3.7851603031158447,9.503103256225586,3.7933228487646566,9.522573501555128,0.0,0,two_ankles,accepted,3.7851603031158447,9.503103256225586,0.030277453637315117
198,6.6,detected,1,3,0.7684112191200256,ankle_midpoint,1149.927978515625,623.0224609375,0.9164692759513855,0.9567469358444214,4.6231184005737305,2.6421666145324707,4.611873067041635,2.4706334391708404,0.0,0,two_ankles,accepted,4.6231184005737305,2.6421666145324707,0.06402152282343894
198,6.6,detected,2,5,0.8627254962921143,ankle_midpoint,932.6114501953125,595.54638671875,0.9760621190071106,0.9826869368553162,2.7547059059143066,1.349144458770752,2.747089043647515,1.278032983236014,0.0,0,two_ankles,accepted,2.7547059059143066,1.349144458770752,0.07756480835186064
198,6.6,detected,3,1,0.9219428896903992,ankle_midpoint,980.6951293945312,900.8814697265625,0.9656758904457092,0.9796975255012512,3.146111011505127,11.18871784210205,3.147878023031156,11.183900804231762,0.0,0,two_ankles,accepted,3.146111011505127,11.18871784210205,0.00445151865357505
198,6.6,detected,4,2,0.9186373949050903,ankle_midpoint,1081.941162109375,824.1226806640625,0.968772828578949,0.9769816994667053,3.7808773517608643,9.463890075683594,3.78772237511295,9.496165959912938,0.0,0,two_ankles,accepted,3.7808773517608643,9.463890075683594,0.039446383871376646
199,6.633333333333334,detected,1,3,0.8189951181411743,ankle_midpoint,1149.408935546875,625.055419921875,0.951746940612793,0.9775043725967407,4.612888813018799,2.7365622520446777,4.612330152731358,2.5903014049640674,0.0,0,two_ankles,accepted,4.612888813018799,2.7365622520446777,0.09494830616119489
199,6.633333333333334,detected,2,5,0.868364155292511,ankle_midpoint,932.2283935546875,595.8106689453125,0.9741496443748474,0.9816322326660156,2.7514402866363525,1.3628504276275635,2.749047102992492,1.3162008332122115,0.0,0,two_ankles,accepted,2.7514402866363525,1.3628504276275635,0.014089636317961967
199,6.633333333333334,detected,3,1,0.9147508144378662,ankle_midpoint,979.9700927734375,899.0465087890625,0.9650663733482361,0.9800078868865967,3.142181158065796,11.15167236328125,3.1453144337967442,11.169398005804032,0.0,0,two_ankles,accepted,3.142181158065796,11.15167236328125,0.037253338764693576
199,6.633333333333334,detected,4,2,0.9212306141853333,ankle_midpoint,1078.0550537109375,821.365478515625,0.9645451903343201,0.9751874208450317,3.7593071460723877,9.39626693725586,3.7749355220446974,9.451211399717252,0.0,0,two_ankles,accepted,3.7593071460723877,9.39626693725586,0.07098001566821265
200,6.666666666666667,detected,1,3,0.8104178309440613,ankle_midpoint,1150.392333984375,625.8359375,0.9582192897796631,0.9817757606506348,4.619020462036133,2.772343158721924,4.615340791918507,2.672220194155103,0.0,0,two_ankles,accepted,4.619020462036133,2.772343158721924,0.03630248479536307
200,6.666666666666667,detected,2,5,0.8720718026161194,ankle_midpoint,931.7711181640625,594.181396484375,0.9712122678756714,0.9780987501144409,2.74627947807312,1.2788411378860474,2.7478016717787748,1.2993889703154378,0.0,0,two_ankles,accepted,2.74627947807312,1.2788411378860474,0.08416765832491918
200,6.666666666666667,detected,3,1,0.9172869920730591,ankle_midpoint,979.7156982421875,896.99072265625,0.9619979858398438,0.9782993793487549,3.1409051418304443,11.109903335571289,3.1433302524119098,11.142625404199299,0.0,0,two_ankles,accepted,3.1409051418304443,11.109903335571289,0.04178851389159904
200,6.666666666666667,detected,4,2,0.9243975281715393,ankle_midpoint,1072.5130615234375,816.1659545898438,0.9551242589950562,0.9712836742401123,3.729391098022461,9.267107009887695,3.754440531234691,9.36836442429395,0.0,0,two_ankles,accepted,3.729391098022461,9.267107009887695,0.13257924712667116
201,6.7,detected,1,3,0.7790678143501282,ankle_midpoint,1149.255859375,625.8162841796875,0.9633896946907043,0.9854868650436401,4.609429836273193,2.7716989517211914,4.6126808618781165,2.716985635059843,0.0,0,two_ankles,accepted,4.609429836273193,2.7716989517211914,0.009612237262185668
201,6.7,detected,2,5,0.8791114687919617,ankle_midpoint,928.569580078125,591.69140625,0.9852525591850281,0.985857367515564,2.7157139778137207,1.150047779083252,2.7333622094945005,1.2321854342609542,0.0,0,two_ankles,accepted,2.7157139778137207,1.150047779083252,0.13237061259136387
201,6.7,detected,3,1,0.9157459139823914,ankle_midpoint,978.76171875,895.8720092773438,0.9761732220649719,0.9853583574295044,3.1356003284454346,11.087182998657227,3.139851786626996,11.117676321705368,0.0,0,two_ankles,accepted,3.1356003284454346,11.087182998657227,0.023331411327613464
201,6.7,detected,4,2,0.9187251925468445,ankle_midpoint,1070.0772705078125,813.323974609375,0.9812927842140198,0.9852485060691833,3.716594934463501,9.195649147033691,3.737410012687656,9.290642549526835,0.0,0,two_ankles,accepted,3.716594934463501,9.195649147033691,0.07259454501193106
202,6.733333333333333,detected,1,3,0.7590370774269104,ankle_midpoint,1149.263916015625,624.614501953125,0.9654232263565063,0.9871132969856262,4.61290979385376,2.7162091732025146,4.612783881267156,2.7166362272240456,0.0,0,two_ankles,accepted,4.61290979385376,2.7162091732025146,0.05559879157692496
202,6.733333333333333,detected,2,5,0.8752233386039734,ankle_midpoint,927.1702880859375,592.5706787109375,0.9843713641166687,0.9838269948959351,2.703721761703491,1.1963154077529907,2.7200240079885463,1.2160439223323707,0.0,0,two_ankles,accepted,2.703721761703491,1.1963154077529907,0.0477965135753151
202,6.733333333333333,detected,3,1,0.9145926237106323,ankle_midpoint,971.042724609375,892.697265625,0.9881269335746765,0.9907622933387756,3.092041015625,11.022972106933594,3.118336939676098,11.07505942505807,0.0,0,two_ankles,accepted,3.092041015625,11.022972106933594,0.07759157395834017
202,6.733333333333333,detected,4,2,0.9150885939598083,ankle_midpoint,1064.0848388671875,803.6132202148438,0.9746501445770264,0.9797587394714355,3.6869778633117676,8.946887969970703,3.714715545468507,9.135952988726576,0.0,0,two_ankles,accepted,3.6869778633117676,8.946887969970703,0.2505180514800685
203,6.766666666666667,detected,1,3,0.7485154867172241,ankle_midpoint,1147.850341796875,624.0703125,0.9647340774536133,0.9891512393951416,4.602421760559082,2.691328763961792,4.608120926948523,2.7052478687560315,0.0,0,two_ankles,accepted,4.602421760559082,2.691328763961792,0.027000622333126067
203,6.766666666666667,detected,2,5,0.8825384974479675,ankle_midpoint,926.7534790039062,590.392822265625,0.9855285286903381,0.9851089715957642,2.6983277797698975,1.0824154615402222,2.7102607052901546,1.155911114975904,0.0,0,two_ankles,accepted,2.6983277797698975,1.0824154615402222,0.11402759660876619
203,6.766666666666667,detected,3,1,0.9249281287193298,ankle_midpoint,964.906982421875,891.7474365234375,0.9611151218414307,0.9597370028495789,3.0572164058685303,11.004129409790039,3.090832699462693,11.043140918187458,0.0,0,two_ankles,accepted,3.0572164058685303,11.004129409790039,0.03959546287561405
203,6.766666666666667,detected,4,2,0.9120915532112122,ankle_midpoint,1056.0299072265625,797.9972534179688,0.9716929793357849,0.978484034538269,3.639972448348999,8.800613403320312,3.6810811517647286,8.985050175293757,0.0,0,two_ankles,accepted,3.639972448348999,8.800613403320312,0.15364165413253542
204,6.8,detected,1,3,0.7057381272315979,ankle_midpoint,1146.7783203125,623.5782470703125,0.9636070728302002,0.9878612160682678,4.594677925109863,2.6687405109405518,4.602071576121126,2.6888195577390657,0.0,0,two_ankles,accepted,4.594677925109863,2.6687405109405518,0.023878780580593843
204,6.8,detected,2,5,0.8792704939842224,ankle_midpoint,926.0025024414062,590.8896484375,0.9823073148727417,0.9821884036064148,2.6919054985046387,1.1087019443511963,2.7020008622366722,1.1346669881947857,0.0,0,two_ankles,accepted,2.6919054985046387,1.1087019443511963,0.02705965401149342
204,6.8,detected,3,1,0.9250442385673523,ankle_midpoint,962.606689453125,894.636962890625,0.9722791910171509,0.9682968258857727,3.044280767440796,11.063852310180664,3.0698843300528393,11.052461044584401,0.0,0,two_ankles,accepted,3.044280767440796,11.063852310180664,0.061107737420081215
204,6.8,detected,4,2,0.9074657559394836,ankle_midpoint,1052.53173828125,798.9891967773438,0.9665016531944275,0.9742703437805176,3.616732597351074,8.827340126037598,3.652124302278584,8.914080653128487,0.0,0,two_ankles,accepted,3.616732597351074,8.827340126037598,0.03541762811951688
205,6.833333333333333,detected,1,3,0.5913063883781433,ankle_midpoint,1144.54443359375,621.8399658203125,0.9731320142745972,0.9917355179786682,4.5804877281188965,2.588253974914551,4.592358844520123,2.643565045468034,0.0,0,two_ankles,accepted,4.5804877281188965,2.588253974914551,0.08172786655790787
205,6.833333333333333,detected,2,5,0.874000608921051,ankle_midpoint,924.57470703125,591.9102783203125,0.9878645539283752,0.9891179203987122,2.6797900199890137,1.1625103950500488,2.6920059832252257,1.1471965212796542,0.0,0,two_ankles,accepted,2.6797900199890137,1.1625103950500488,0.05515554538098064
205,6.833333333333333,detected,3,1,0.9222673177719116,ankle_midpoint,959.6906127929688,895.179931640625,0.9714003205299377,0.9699922204017639,3.027817487716675,11.075326919555664,3.0509542510015653,11.06275068832147,0.0,0,two_ankles,accepted,3.027817487716675,11.075326919555664,0.020067541941740014
205,6.833333333333333,detected,4,2,0.8999065160751343,ankle_midpoint,1047.3372802734375,799.2520141601562,0.9596676826477051,0.969226062297821,3.583195924758911,8.83503532409668,3.621106532394731,8.878510255064175,0.0,0,two_ankles,accepted,3.583195924758911,8.83503532409668,0.03440820369799102
206,6.866666666666666,detected,1,3,0.6391725540161133,ankle_midpoint,1144.7218017578125,621.4189453125,0.9830828905105591,0.9909526109695435,4.583185195922852,2.568514108657837,4.588230702651352,2.6097921239034454,0.0,0,two_ankles,accepted,4.583185195922852,2.568514108657837,0.019923319311458243
206,6.866666666666666,detected,2,5,0.8805962800979614,ankle_midpoint,920.5841674804688,592.1920166015625,0.9719874858856201,0.977927029132843,2.643991708755493,1.1782422065734863,2.670399559713846,1.1611670796618787,0.0,0,two_ankles,accepted,2.643991708755493,1.1782422065734863,0.03910254443103366
206,6.866666666666666,detected,3,1,0.9244542717933655,ankle_midpoint,954.9285888671875,899.595947265625,0.9784367680549622,0.9801923632621765,3.001319646835327,11.16580581665039,3.028618679126758,11.109125496069485,0.0,0,two_ankles,accepted,3.001319646835327,11.16580581665039,0.09427919383857362
206,6.866666666666666,detected,4,2,0.898853600025177,ankle_midpoint,1040.7847900390625,803.0399169921875,0.9585867524147034,0.966060996055603,3.5387065410614014,8.935336112976074,3.584026536294733,8.90408189112453,0.0,0,two_ankles,accepted,3.5387065410614014,8.935336112976074,0.10972489923264055
207,6.9,detected,1,3,0.5941116213798523,ankle_midpoint,1144.1007080078125,621.4107666015625,0.9690675139427185,0.9824658632278442,4.577892780303955,2.5682759284973145,4.583578637595023,2.591109835970687,0.0,0,two_ankles,accepted,4.577892780303955,2.5682759284973145,0.005297772444339787
207,6.9,detected,2,5,0.8895610570907593,ankle_midpoint,919.360107421875,593.7673950195312,0.9897968173027039,0.990661084651947,2.6343250274658203,1.2605266571044922,2.6541660202022346,1.2058788895110548,0.0,0,two_ankles,accepted,2.6343250274658203,1.2605266571044922,0.08285032001353804
207,6.9,detected,3,1,0.9261966943740845,ankle_midpoint,952.806396484375,902.751708984375,0.9796414375305176,0.9830535054206848,2.989733934402466,11.22970962524414,3.0111205440008266,11.16338835419808,0.0,0,two_ankles,accepted,2.989733934402466,11.22970962524414,0.06494555785705126
207,6.9,detected,4,2,0.8980536460876465,ankle_midpoint,1039.8955078125,804.1551513671875,0.956451416015625,0.9669050574302673,3.5323259830474854,8.964512825012207,3.5607612873334715,8.931275811373986,0.0,0,two_ankles,accepted,3.5323259830474854,8.964512825012207,0.029866235882822015
208,6.933333333333334,detected,1,3,0.5956391096115112,ankle_midpoint,1144.9732666015625,621.2329711914062,0.9658800959587097,0.9832078218460083,4.585859775543213,2.559744119644165,4.584605149671709,2.5769952636237523,0.0,0,two_ankles,accepted,4.585859775543213,2.559744119644165,0.011673250423469693
208,6.933333333333334,detected,2,5,0.8956905007362366,ankle_midpoint,916.2699584960938,593.9617919921875,0.9918223023414612,0.9926043748855591,2.606700897216797,1.2713897228240967,2.6328067148587877,1.2353587645019237,0.0,0,two_ankles,accepted,2.606700897216797,1.2713897228240967,0.029683307916124474
208,6.933333333333334,detected,3,1,0.9241324663162231,ankle_midpoint,950.185546875,910.7938232421875,0.9744735956192017,0.9781167507171631,2.976069688796997,11.390024185180664,2.9953476591591035,11.265374478140243,0.0,0,two_ankles,accepted,2.976069688796997,11.390024185180664,0.16089583504742358
208,6.933333333333334,detected,4,2,0.9080254435539246,ankle_midpoint,1041.47021484375,804.1793823242188,0.9368640780448914,0.9485446214675903,3.5423471927642822,8.964914321899414,3.5524749447773365,8.94641314111043,0.0,0,two_ankles,accepted,3.5423471927642822,8.964914321899414,0.010029249420493092
209,6.966666666666667,detected,1,3,0.6295077204704285,ankle_midpoint,1145.80615234375,622.6432495117188,0.9609507322311401,0.9795013070106506,4.589015007019043,2.6254591941833496,4.586589585478009,2.598804032375571,0.0,0,two_ankles,accepted,4.589015007019043,2.6254591941833496,0.06579077828508076
209,6.966666666666667,detected,2,5,0.8781689405441284,ankle_midpoint,913.1768188476562,595.062744140625,0.9924910664558411,0.9938011765480042,2.579960584640503,1.3291101455688477,2.6090259562605596,1.2775468859820394,0.0,0,two_ankles,accepted,2.579960584640503,1.3291101455688477,0.06361361111044295
209,6.966666666666667,detected,3,1,0.9233163595199585,ankle_midpoint,948.5525512695312,917.9632568359375,0.9830600619316101,0.9881447553634644,2.9679789543151855,11.530248641967773,2.9830317419793406,11.384567851862633,0.0,0,two_ankles,accepted,2.9679789543151855,11.530248641967773,0.14045767428551234
209,6.966666666666667,detected,4,2,0.9106824994087219,ankle_midpoint,1040.0716552734375,808.6411743164062,0.826852560043335,0.8243672847747803,3.530632495880127,9.080425262451172,3.5426458427735925,9.006718595713764,0.0,0,two_ankles,accepted,3.530632495880127,9.080425262451172,0.11610345175850442
210,7.0,detected,1,3,0.6302950382232666,ankle_midpoint,1145.9951171875,622.6878051757812,0.9725896120071411,0.9882916808128357,4.590503215789795,2.6274919509887695,4.5883507191183135,2.6117135957515103,0.0,0,two_ankles,accepted,4.590503215789795,2.6274919509887695,0.002519298627658906
210,7.0,detected,2,5,0.8718611001968384,ankle_midpoint,912.234619140625,595.3685302734375,0.9915519952774048,0.9929439425468445,2.5718088150024414,1.3451182842254639,2.5922782426944067,1.3079540151915805,0.0,0,two_ankles,accepted,2.5718088150024414,1.3451182842254639,0.01796418246070419
210,7.0,detected,3,1,0.9240148663520813,ankle_midpoint,949.197265625,918.0352783203125,0.9652378559112549,0.9674978852272034,2.9715332984924316,11.53156852722168,2.9778574424102318,11.450718155774204,0.0,0,two_ankles,accepted,2.9715332984924316,11.53156852722168,0.0037914983336146115
210,7.0,detected,4,2,0.9025980234146118,ankle_midpoint,1038.88525390625,807.4036254882812,0.8370997309684753,0.8441080451011658,3.5238780975341797,9.048757553100586,3.534200357415857,9.025636126537833,0.0,0,two_ankles,accepted,3.5238780975341797,9.048757553100586,0.03238002026758049
211,7.033333333333333,detected,1,3,0.7192371487617493,ankle_midpoint,1146.607666015625,621.8859252929688,0.9730839133262634,0.9869738817214966,4.5980000495910645,2.5899221897125244,4.592692917831052,2.601907463033967,0.0,0,two_ankles,accepted,4.5980000495910645,2.5899221897125244,0.03831043564615136
211,7.033333333333333,detected,2,5,0.8757561445236206,ankle_midpoint,910.91015625,596.3909912109375,0.990848183631897,0.9921941757202148,2.5609679222106934,1.398045301437378,2.5781885984767356,1.3484950940021894,0.0,0,two_ankles,accepted,2.5609679222106934,1.398045301437378,0.05402586517097549
211,7.033333333333333,detected,3,1,0.9279946088790894,ankle_midpoint,945.9668579101562,917.4507446289062,0.9471708536148071,0.953559935092926,2.953684091567993,11.520617485046387,2.9669794345312246,11.482172853946688,0.0,0,two_ankles,accepted,2.953684091567993,11.520617485046387,0.02094085749334224
211,7.033333333333333,detected,4,2,0.9092938899993896,ankle_midpoint,1042.02294921875,810.61279296875,0.9467001557350159,0.9699550867080688,3.5417323112487793,9.130647659301758,3.5375897366406726,9.0728913162816,0.0,0,two_ankles,accepted,3.5417323112487793,9.130647659301758,0.08381385590107286
212,7.066666666666666,detected,1,3,0.7545189261436462,ankle_midpoint,1148.4287109375,620.6654052734375,0.9727095365524292,0.9909732341766357,4.617069721221924,2.5323143005371094,4.603662479356944,2.5705905399103814,0.0,0,two_ankles,accepted,4.617069721221924,2.5323143005371094,0.060682133048828336
212,7.066666666666666,detected,2,5,0.877709150314331,ankle_midpoint,909.1992797851562,597.1536865234375,0.9884569644927979,0.988494336605072,2.5464484691619873,1.43756902217865,2.563905540285099,1.3885783616815968,0.0,0,two_ankles,accepted,2.5464484691619873,1.43756902217865,0.04210628240616395
212,7.066666666666666,detected,3,1,0.9240971207618713,ankle_midpoint,946.949951171875,918.1574096679688,0.9790590405464172,0.9866918921470642,2.9591948986053467,11.534192085266113,2.96347639336458,11.50558150804043,0.0,0,two_ankles,accepted,2.9591948986053467,11.534192085266113,0.014650555120142905
212,7.066666666666666,detected,4,2,0.9141436219215393,ankle_midpoint,1043.207275390625,813.635498046875,0.9427514672279358,0.9700438976287842,3.5472640991210938,9.20737361907959,3.5419431997568624,9.133408352540696,0.0,0,two_ankles,accepted,3.5472640991210938,9.20737361907959,0.0769251167103033
213,7.1,detected,1,3,0.7794322371482849,ankle_midpoint,1149.7958984375,620.5008544921875,0.9725163578987122,0.9916101098060608,4.629262924194336,2.5242650508880615,4.6151826795337705,2.5497440698503375,0.0,0,two_ankles,accepted,4.629262924194336,2.5242650508880615,0.014610428420793705
213,7.1,detected,2,5,0.8742551803588867,ankle_midpoint,908.5108642578125,596.5501708984375,0.9884735941886902,0.9890859127044678,2.5396599769592285,1.4068171977996826,2.5529950367884577,1.3967858379347355,0.0,0,two_ankles,accepted,2.5396599769592285,1.4068171977996826,0.0314921947317389
213,7.1,detected,3,1,0.9222121834754944,ankle_midpoint,948.6322631835938,919.44970703125,0.9833312630653381,0.9888293147087097,2.9686148166656494,11.558971405029297,2.965788683850062,11.52960696168542,0.0,0,two_ankles,accepted,2.9686148166656494,11.558971405029297,0.026509423686472678
213,7.1,detected,4,2,0.9118655920028687,ankle_midpoint,1045.2279052734375,813.48486328125,0.9304882287979126,0.9697595238685608,3.560075283050537,9.203269004821777,3.550102637239016,9.164845646067183,0.0,0,two_ankles,accepted,3.560075283050537,9.203269004821777,0.013452668578370072
214,7.133333333333334,detected,1,3,0.8661402463912964,ankle_midpoint,1148.399658203125,622.8299560546875,0.9774410128593445,0.993989109992981,4.610626697540283,2.633557081222534,4.613132487636701,2.587459924967826,0.0,0,two_ankles,accepted,4.610626697540283,2.633557081222534,0.11086954874325283
214,7.133333333333334,detected,2,5,0.8636326193809509,ankle_midpoint,907.046630859375,596.4818115234375,0.9891633987426758,0.9904831647872925,2.526484489440918,1.4036778211593628,2.5410652904820648,1.399887230385818,0.0,0,two_ankles,accepted,2.526484489440918,1.4036778211593628,0.013544340406049413
214,7.133333333333334,detected,3,1,0.9273484945297241,ankle_midpoint,955.444091796875,918.4157104492188,0.9682422876358032,0.9876262545585632,3.0059139728546143,11.5382080078125,2.983845063902111,11.533477432442607,0.0,0,two_ankles,accepted,3.0059139728546143,11.5382080078125,0.042688941382883726
214,7.133333333333334,detected,4,2,0.906909704208374,ankle_midpoint,1055.4794921875,808.4539794921875,0.9145646095275879,0.9416667222976685,3.628378391265869,9.073397636413574,3.5853267265511004,9.12369404172306,0.0,0,two_ankles,accepted,3.628378391265869,9.073397636413574,0.14673747620868563
215,7.166666666666667,detected,1,3,0.8624594807624817,ankle_midpoint,1148.73974609375,622.8824462890625,0.9785498976707458,0.9940939545631409,4.61337947845459,2.635922908782959,4.6132436335047515,2.609268267684636,0.0,0,two_ankles,accepted,4.61337947845459,2.635922908782959,0.003629730404291273
215,7.166666666666667,detected,2,5,0.8618415594100952,ankle_midpoint,905.429931640625,596.4881591796875,0.9888394474983215,0.9904215335845947,2.51202392578125,1.4044097661972046,2.5279966763666986,1.4019223715009421,0.0,0,two_ankles,accepted,2.51202392578125,1.4044097661972046,0.014479076106358828
215,7.166666666666667,detected,3,1,0.9010584354400635,ankle_midpoint,963.1754150390625,915.4893798828125,0.9666034579277039,0.9715867638587952,3.04829740524292,11.48050308227539,3.012848617505475,11.50963897486736,0.0,0,two_ankles,accepted,3.04829740524292,11.48050308227539,0.07159758216767809
215,7.166666666666667,detected,4,2,0.8921623229980469,ankle_midpoint,1050.992919921875,812.5059814453125,0.9239904284477234,0.957513689994812,3.597047805786133,9.177602767944336,3.5906012122068653,9.147952968522635,0.0,0,two_ankles,accepted,3.597047805786133,9.177602767944336,0.10881321162361864
216,7.2,detected,1,3,0.8708943128585815,ankle_midpoint,1149.380615234375,620.8402099609375,0.9856973886489868,0.9931318163871765,4.624722480773926,2.5402979850769043,4.61840911477588,2.5782316405111567,0.0,0,two_ankles,accepted,4.624722480773926,2.5402979850769043,0.09629532561555229
216,7.2,detected,2,5,0.8644034266471863,ankle_midpoint,904.18798828125,596.863525390625,0.9889435768127441,0.9904072880744934,2.5013341903686523,1.4239678382873535,2.5159985576675776,1.4118428315548273,0.0,0,two_ankles,accepted,2.5013341903686523,1.4239678382873535,0.022288755619702207
216,7.2,detected,3,1,0.9102664589881897,ankle_midpoint,966.6372680664062,918.6927490234375,0.9784190654754639,0.984652042388916,3.0674376487731934,11.542272567749023,3.0374136815759485,11.52432409166411,0.0,0,two_ankles,accepted,3.0674376487731934,11.542272567749023,0.06466697965790198
216,7.2,detected,4,2,0.8582713007926941,ankle_midpoint,1044.29443359375,812.7537231445312,0.8376793265342712,0.8871884346008301,3.5546789169311523,9.184852600097656,3.5744361793327943,9.164557802731395,0.0,0,two_ankles,accepted,3.5546789169311523,9.184852600097656,0.042984681097537586
217,7.233333333333333,detected,1,3,0.889910876750946,ankle_midpoint,1147.97705078125,622.347900390625,0.9902937412261963,0.9938072562217712,4.608391284942627,2.611180067062378,4.613901091350916,2.5930584324592063,0.0,0,two_ankles,accepted,4.608391284942627,2.611180067062378,0.07273910574014254
217,7.233333333333333,detected,2,5,0.8567165732383728,ankle_midpoint,902.9987182617188,595.6265869140625,0.9839465618133545,0.9863515496253967,2.489274740219116,1.360739827156067,2.50397283981577,1.3888464795753852,0.0,0,two_ankles,accepted,2.489274740219116,1.360739827156067,0.0643677848735472
217,7.233333333333333,detected,3,1,0.9138150215148926,ankle_midpoint,982.5145874023438,919.56982421875,0.9831398129463196,0.9908133149147034,3.1546030044555664,11.557381629943848,3.0901488768717766,11.539199983889993,0.0,0,two_ankles,accepted,3.1546030044555664,11.557381629943848,0.08846515128366463
217,7.233333333333333,detected,4,2,0.853437066078186,bbox_bottom,1020.9276123046875,754.334228515625,0.12730097770690918,0.1293613314628601,3.4361650943756104,7.575518608093262,3.5608936921856205,9.180965573184036,0.9790964948687891,0,bbox_fallback,corrected_motion_outlier,3.5443417634501855,9.201019514848378,1.6136918615267064
218,7.266666666666667,detected,1,3,0.9079831838607788,ankle_midpoint,1147.7093505859375,621.148681640625,0.9918348789215088,0.9944249391555786,4.609522819519043,2.5551557540893555,4.6119308690265735,2.576002227192774,0.0,0,two_ankles,accepted,4.609522819519043,2.5551557540893555,0.05603573872625218
218,7.266666666666667,detected,2,5,0.8678479790687561,ankle_midpoint,901.95556640625,596.0386962890625,0.9849921464920044,0.987641453742981,2.48040771484375,1.3822015523910522,2.4933685335783613,1.3858562623424355,0.0,0,two_ankles,accepted,2.48040771484375,1.3822015523910522,0.023221321863093742
218,7.266666666666667,detected,3,1,0.921487033367157,ankle_midpoint,1001.3189697265625,920.66748046875,0.9915083646774292,0.9939780235290527,3.2576022148132324,11.576369285583496,3.165502878945432,11.555926169652071,0.0,0,two_ankles,accepted,3.2576022148132324,11.576369285583496,0.10473475259431612
218,7.266666666666667,detected,4,2,0.8108981251716614,ankle_midpoint,1016.7882080078125,785.30859375,0.3657391667366028,0.37344035506248474,3.393289804458618,8.464707374572754,3.54879360518824,9.197264958570816,0.11552294854121159,0,two_ankles,corrected_motion_outlier,3.5340046099692186,9.217186429599101,0.3690039266291704
219,7.3,detected,1,3,0.9125849008560181,ankle_midpoint,1146.4046630859375,620.8004150390625,0.9917457699775696,0.9944333434104919,4.599340438842773,2.5391252040863037,4.606265175443864,2.559407566794863,0.0,0,two_ankles,accepted,4.599340438842773,2.5391252040863037,0.01899103498066416
219,7.3,detected,2,5,0.8676431179046631,ankle_midpoint,901.9393310546875,596.7443237304688,0.984816312789917,0.9874836206436157,2.4810879230499268,1.4184237718582153,2.487842258840566,1.4005116416245365,0.0,0,two_ankles,accepted,2.4810879230499268,1.4184237718582153,0.036228605636031294
219,7.3,detected,3,1,0.9036844372749329,ankle_midpoint,1013.201904296875,917.3563232421875,0.9809069037437439,0.9908660054206848,3.323728561401367,11.511000633239746,3.236704436050603,11.535709678266524,0.0,0,two_ankles,accepted,3.323728561401367,11.511000633239746,0.09298254902040584
219,7.3,detected,4,2,0.47706761956214905,ankle_midpoint,1015.1590576171875,803.8426513671875,0.5945814847946167,0.555915355682373,3.374807119369507,8.959980964660645,3.47049968656981,9.09048716131124,0.0,0,two_ankles,accepted,3.374807119369507,8.959980964660645,0.09598675602057116
220,7.333333333333333,detected,1,3,0.9163589477539062,ankle_midpoint,1147.132080078125,619.9418334960938,0.9844608902931213,0.9870877265930176,4.608024597167969,2.49859356880188,4.607056915219712,2.5320412676980206,0.0,0,two_ankles,accepted,4.608024597167969,2.49859356880188,0.041451514624276514
220,7.333333333333333,detected,2,5,0.8687782287597656,ankle_midpoint,901.3467407226562,598.4658203125,0.9838328957557678,0.986163318157196,2.4778103828430176,1.506514310836792,2.483327914641669,1.4482128427700516,0.0,0,two_ankles,accepted,2.4778103828430176,1.506514310836792,0.08815149078344643
220,7.333333333333333,detected,3,1,0.9096608757972717,ankle_midpoint,1036.653076171875,916.0745849609375,0.9848769903182983,0.991743266582489,3.4534239768981934,11.483366012573242,3.3342282294320187,11.512155028704548,0.0,0,two_ankles,accepted,3.4534239768981934,11.483366012573242,0.13260683640097876
220,7.333333333333333,detected,4,2,0.8811817765235901,ankle_midpoint,1003.0465087890625,808.3966064453125,0.9081019163131714,0.86737060546875,3.296217679977417,9.079474449157715,3.3920727836032336,9.085531440842153,0.0,0,two_ankles,accepted,3.296217679977417,9.079474449157715,0.14302095238535698
221,7.366666666666666,detected,1,3,0.9206761121749878,ankle_midpoint,1146.413330078125,617.4044189453125,0.9898058772087097,0.9926736950874329,4.6091203689575195,2.3787176609039307,4.607985469401726,2.4630456446406805,0.0,0,two_ankles,accepted,4.6091203689575195,2.3787176609039307,0.11988091595484404
221,7.366666666666666,detected,2,5,0.8665500283241272,ankle_midpoint,900.9825439453125,599.0289916992188,0.9839932322502136,0.9861288070678711,2.4752261638641357,1.5352466106414795,2.4796821267917792,1.4873780383121944,0.0,0,two_ankles,accepted,2.4752261638641357,1.5352466106414795,0.028848279667898023
221,7.366666666666666,detected,3,1,0.890415608882904,ankle_midpoint,1055.61279296875,916.2677001953125,0.9821304678916931,0.9913927316665649,3.557880401611328,11.484923362731934,3.434871706912708,11.499900779016873,0.0,0,two_ankles,accepted,3.557880401611328,11.484923362731934,0.10446803340432693
221,7.366666666666666,detected,4,2,0.8773751258850098,ankle_midpoint,998.4030151367188,808.7940063476562,0.917978048324585,0.9101848006248474,3.2667019367218018,9.09034538269043,3.3356559025065895,9.08769771467388,0.0,0,two_ankles,accepted,3.2667019367218018,9.09034538269043,0.03145403465064697
222,7.4,detected,1,3,0.9108374714851379,ankle_midpoint,1144.130615234375,617.4300537109375,0.9924730062484741,0.9944528937339783,4.5893659591674805,2.380474805831909,4.599606689796316,2.4258887671767333,0.0,0,two_ankles,accepted,4.5893659591674805,2.380474805831909,0.01983240440417429
222,7.4,detected,2,5,0.8587655425071716,ankle_midpoint,901.1502685546875,599.032958984375,0.9842931628227234,0.9869235157966614,2.476724147796631,1.5354063510894775,2.4783510362439625,1.5089907790619719,0.0,0,two_ankles,accepted,2.476724147796631,1.5354063510894775,0.0015064769738499665
222,7.4,detected,3,1,0.891089916229248,ankle_midpoint,1066.991455078125,916.3795166015625,0.9797253012657166,0.9903616905212402,3.620556592941284,11.48577880859375,3.5184299056255677,11.493545892326468,0.0,0,two_ankles,accepted,3.620556592941284,11.48577880859375,0.0626820289018452
222,7.4,detected,4,2,0.8737048506736755,ankle_midpoint,1003.1141967773438,810.2591552734375,0.9533464312553406,0.9197849631309509,3.296088218688965,9.127190589904785,3.3178504447886583,9.105469508527788,0.0,0,two_ankles,accepted,3.296088218688965,9.127190589904785,0.04712879016612252
223,7.433333333333334,detected,1,3,0.9048558473587036,ankle_midpoint,1139.809814453125,614.9862060546875,0.9926987290382385,0.9947112798690796,4.558912754058838,2.2648119926452637,4.581294418714451,2.3534042186375723,0.0,0,two_ankles,accepted,4.558912754058838,2.2648119926452637,0.1196046991369399
223,7.433333333333334,detected,2,5,0.866233766078949,ankle_midpoint,901.325439453125,598.98193359375,0.9835101366043091,0.9866454005241394,2.478224277496338,1.5327703952789307,2.4782939948075313,1.5196916063596033,0.0,0,two_ankles,accepted,2.478224277496338,1.5327703952789307,0.0030329279831705436
223,7.433333333333334,detected,3,1,0.8803082704544067,ankle_midpoint,1087.373291015625,922.772705078125,0.9890617728233337,0.9970566034317017,3.7279629707336426,11.606921195983887,3.6127197849242014,11.544564778972306,0.0,0,two_ankles,accepted,3.7279629707336426,11.606921195983887,0.1618999938636712
223,7.433333333333334,detected,4,2,0.8994587659835815,ankle_midpoint,1004.9305419921875,824.1882934570312,0.9959630370140076,0.9947537183761597,3.303262710571289,9.47623062133789,3.301010753452399,9.128168067483612,0.0,0,two_ankles,corrected_motion_outlier,3.2804289084858596,9.15591075065184,0.34911375921981763
224,7.466666666666667,detected,1,3,0.905375063419342,ankle_midpoint,1136.539306640625,614.3421020507812,0.9922491312026978,0.9936686158180237,4.532354831695557,2.2346584796905518,4.559271604555949,2.299968636111413,0.0,0,two_ankles,accepted,4.532354831695557,2.2346584796905518,0.04018155775681243
224,7.466666666666667,detected,2,5,0.8740164637565613,ankle_midpoint,901.2904052734375,598.7315673828125,0.9816311001777649,0.9854934811592102,2.4776194095611572,1.5200514793395996,2.477990431446663,1.5198535492006018,0.0,0,two_ankles,accepted,2.4776194095611572,1.5200514793395996,0.012733290536651525
224,7.466666666666667,detected,3,1,0.8739543557167053,ankle_midpoint,1105.275146484375,932.2169799804688,0.9837502837181091,0.9949100613594055,3.817617177963257,11.783941268920898,3.7049236117917763,11.652284199449173,0.0,0,two_ankles,accepted,3.817617177963257,11.783941268920898,0.1984287859575711
224,7.466666666666667,detected,4,2,0.9125959873199463,ankle_midpoint,1000.8592529296875,823.5751953125,0.9948204755783081,0.9956458210945129,3.2781898975372314,9.461700439453125,3.2907413682905737,9.278257634869894,0.0,0,two_ankles,accepted,3.2781898975372314,9.461700439453125,0.16749417105149028
225,7.5,detected,1,3,0.9074058532714844,ankle_midpoint,1133.6756591796875,613.2445068359375,0.9931578040122986,0.9942500591278076,4.510494709014893,2.1824605464935303,4.537322001562474,2.247089995783366,0.0,0,two_ankles,accepted,4.510494709014893,2.1824605464935303,0.056590539789388834
225,7.5,detected,2,5,0.8822629451751709,ankle_midpoint,901.392578125,599.0018920898438,0.9795729517936707,0.9842506647109985,2.4788455963134766,1.5337677001953125,2.4783752556367293,1.5261149171482216,0.0,0,two_ankles,accepted,2.4788455963134766,1.5337677001953125,0.013770920394594426
225,7.5,detected,3,1,0.8849593997001648,ankle_midpoint,1115.215087890625,935.743896484375,0.9740234017372131,0.9925277233123779,3.868133783340454,11.848681449890137,3.778368188988681,11.740662962147608,0.0,0,two_ankles,accepted,3.868133783340454,11.848681449890137,0.08211710206019936
225,7.5,detected,4,2,0.9113987684249878,ankle_midpoint,1000.7294921875,823.9730834960938,0.993990421295166,0.9951019287109375,3.277278184890747,9.471518516540527,3.284682935760652,9.36522503162168,0.0,0,two_ankles,accepted,3.277278184890747,9.471518516540527,0.009860317319637053
226,7.533333333333333,detected,1,3,0.9020189046859741,ankle_midpoint,1129.41357421875,611.0785522460938,0.9852234125137329,0.9880319833755493,4.479207515716553,2.078486680984497,4.51117048293181,2.1712185041238747,0.0,0,two_ankles,accepted,4.479207515716553,2.078486680984497,0.10857924835519081
226,7.533333333333333,detected,2,5,0.87611323595047,ankle_midpoint,901.7974853515625,598.302490234375,0.9786311388015747,0.9845587611198425,2.481638193130493,1.498083472251892,2.479843577508923,1.5135007669448735,0.0,0,two_ankles,accepted,2.481638193130493,1.498083472251892,0.03579333347008067
226,7.533333333333333,detected,3,1,0.9108403921127319,ankle_midpoint,1129.3515625,942.1849365234375,0.9665905237197876,0.9862164258956909,3.9378364086151123,11.965994834899902,3.850128887820575,11.842062304886142,0.0,0,two_ankles,accepted,3.9378364086151123,11.965994834899902,0.13645836827629487
226,7.533333333333333,detected,4,2,0.9053376913070679,ankle_midpoint,1000.8295288085938,826.16943359375,0.9923416376113892,0.9943565726280212,3.2773098945617676,9.525413513183594,3.281365067221154,9.437309848324542,0.0,0,two_ankles,accepted,3.2773098945617676,9.525413513183594,0.053895005971419795
227,7.566666666666666,detected,1,3,0.8928155899047852,ankle_midpoint,1125.18701171875,611.2857666015625,0.9822245240211487,0.9871856570243835,4.441797256469727,2.0895845890045166,4.479952531023873,2.134483242320164,0.0,0,two_ankles,accepted,4.441797256469727,2.0895845890045166,0.03902167422517334
227,7.566666666666666,detected,2,5,0.8887140154838562,ankle_midpoint,901.8638916015625,598.5445556640625,0.9770914912223816,0.9833914041519165,2.482511520385742,1.5103932619094849,2.4810441518034922,1.5121023896789487,0.0,0,two_ankles,accepted,2.482511520385742,1.5103932619094849,0.01234073020161039
227,7.566666666666666,detected,3,1,0.9107220768928528,ankle_midpoint,1138.470703125,952.3117065429688,0.9448698163032532,0.9797699451446533,3.976029872894287,12.148365020751953,3.9067843311037453,11.979898527025757,0.0,0,two_ankles,accepted,3.976029872894287,12.148365020751953,0.18632666315199267
227,7.566666666666666,detected,4,2,0.9037982821464539,ankle_midpoint,1001.33056640625,826.2918701171875,0.9906980395317078,0.9935722351074219,3.28037428855896,9.528339385986328,3.280919216823167,9.478273140272346,0.0,0,two_ankles,accepted,3.28037428855896,9.528339385986328,0.00423689063203305
228,7.6,detected,1,3,0.8923661112785339,ankle_midpoint,1124.128662109375,611.255126953125,0.9873389005661011,0.9910981059074402,4.432647228240967,2.0883491039276123,4.458665144771565,2.1137228800435155,0.0,0,two_ankles,accepted,4.432647228240967,2.0883491039276123,0.00923306232852101
228,7.6,detected,2,5,0.8892220854759216,ankle_midpoint,901.429931640625,598.4227294921875,0.9776192903518677,0.9839181900024414,2.478501558303833,1.504299521446228,2.479899984728646,1.5085910989742244,0.0,0,two_ankles,accepted,2.478501558303833,1.504299521446228,0.0072947562489697375
228,7.6,detected,3,1,0.9171285629272461,ankle_midpoint,1143.6968994140625,955.8941650390625,0.989068329334259,0.9970767498016357,3.999863386154175,12.211650848388672,3.9486699058764385,12.084187071639068,0.0,0,two_ankles,accepted,3.999863386154175,12.211650848388672,0.06762493869848399
228,7.6,detected,4,2,0.904037594795227,ankle_midpoint,1001.2739868164062,825.966796875,0.9907135963439941,0.9933891296386719,3.2801125049591064,9.520391464233398,3.2805561964843397,9.49722638605482,0.0,0,two_ankles,accepted,3.2801125049591064,9.520391464233398,0.007952231815273318
229,7.633333333333334,detected,1,3,0.892206072807312,ankle_midpoint,1121.7049560546875,609.3707275390625,0.9936420321464539,0.9955896139144897,4.41630220413208,1.9969539642333984,4.439601821483797,2.061176867928963,0.0,0,two_ankles,accepted,4.41630220413208,1.9969539642333984,0.0928452011298643
229,7.633333333333334,detected,2,5,0.8892161250114441,ankle_midpoint,900.4534912109375,598.705078125,0.9798052906990051,0.9854031801223755,2.4701318740844727,1.5189130306243896,2.475504334938768,1.5132359682167988,0.0,0,two_ankles,accepted,2.4701318740844727,1.5189130306243896,0.016840613540842972
229,7.633333333333334,detected,3,1,0.9197211265563965,ankle_midpoint,1150.0927734375,956.0089721679688,0.9833149909973145,0.9940734505653381,4.033423900604248,12.212996482849121,3.9868092035039533,12.142151306683592,0.0,0,two_ankles,accepted,4.033423900604248,12.212996482849121,0.03358748073694607
229,7.633333333333334,detected,4,2,0.9047646522521973,ankle_midpoint,996.5167846679688,825.1795043945312,0.9744412302970886,0.9843906760215759,3.2508771419525146,9.501754760742188,3.267200621945019,9.499264154664136,0.0,0,two_ankles,accepted,3.2508771419525146,9.501754760742188,0.03467034997150317
230,7.666666666666667,detected,1,3,0.8963152170181274,ankle_midpoint,1118.88134765625,607.265625,0.9926379919052124,0.9948891401290894,4.396884441375732,1.894105315208435,4.420379000435169,1.9859946692047257,0.0,0,two_ankles,accepted,4.396884441375732,1.894105315208435,0.10466563006413282
230,7.666666666666667,detected,2,5,0.8851962089538574,ankle_midpoint,898.638916015625,599.720703125,0.9824057221412659,0.9872424602508545,2.455198287963867,1.5709223747253418,2.466366613800063,1.5391948511456433,0.0,0,two_ankles,accepted,2.455198287963867,1.5709223747253418,0.05411084797185114
230,7.666666666666667,detected,3,1,0.9112343192100525,ankle_midpoint,1154.978759765625,963.3045654296875,0.9819025993347168,0.9935966730117798,4.051011085510254,12.340876579284668,4.015700050406789,12.231577679354078,0.0,0,two_ankles,accepted,4.051011085510254,12.340876579284668,0.12908380276890982
230,7.666666666666667,detected,4,2,0.9002319574356079,ankle_midpoint,995.5040283203125,826.4610595703125,0.9947681427001953,0.9969208240509033,3.2443220615386963,9.533285140991211,3.256905269762174,9.51457359851132,0.0,0,two_ankles,accepted,3.2443220615386963,9.533285140991211,0.03220456423986563
231,7.7,detected,1,3,0.8963983654975891,ankle_midpoint,1117.40283203125,605.74462890625,0.9922893643379211,0.994606077671051,4.387706279754639,1.8191412687301636,4.40567627612893,1.9109106389911727,0.0,0,two_ankles,accepted,4.387706279754639,1.8191412687301636,0.07552381687348281
231,7.7,detected,2,5,0.8842177987098694,ankle_midpoint,897.4550170898438,600.5834350585938,0.9829484820365906,0.9876975417137146,2.445732831954956,1.614851713180542,2.457081411969765,1.573240439061348,0.0,0,two_ankles,accepted,2.445732831954956,1.614851713180542,0.04493753035679823
231,7.7,detected,3,1,0.9104246497154236,ankle_midpoint,1156.266845703125,962.704345703125,0.9899565577507019,0.9970664381980896,4.058407783508301,12.330254554748535,4.03491853030247,12.275982273281585,0.0,0,two_ankles,accepted,4.058407783508301,12.330254554748535,0.012943668201886131
231,7.7,detected,4,2,0.8965007662773132,ankle_midpoint,994.31005859375,827.3602294921875,0.9946690201759338,0.9971237778663635,3.236752986907959,9.555408477783203,3.2478367424777774,9.532949294183668,0.0,0,two_ankles,accepted,3.236752986907959,9.555408477783203,0.023382320705558426
232,7.733333333333333,detected,1,3,0.8921608924865723,ankle_midpoint,1114.74951171875,603.675537109375,0.9898108243942261,0.9926959276199341,4.369454383850098,1.7166175842285156,4.389376424603456,1.823478764347977,0.0,0,two_ankles,accepted,4.369454383850098,1.7166175842285156,0.10413566914320783
232,7.733333333333333,detected,2,5,0.8795333504676819,ankle_midpoint,895.6522827148438,602.643310546875,0.9883560538291931,0.991521954536438,2.432314157485962,1.7188916206359863,2.445936147452054,1.6387834707699354,0.0,0,two_ankles,accepted,2.432314157485962,1.7188916206359863,0.10490168334131848
232,7.733333333333333,detected,3,1,0.9112147092819214,ankle_midpoint,1158.1396484375,970.1494140625,0.9770283102989197,0.9900490045547485,4.059872627258301,12.459091186523438,4.046147873932593,12.35838128424042,0.0,0,two_ankles,accepted,4.059872627258301,12.459091186523438,0.12884495897905238
232,7.733333333333333,detected,4,2,0.8943578600883484,ankle_midpoint,990.9893798828125,827.3642578125,0.9946547746658325,0.9983988404273987,3.216257333755493,9.5559663772583,3.2336260085527497,9.543306981567254,0.0,0,two_ankles,accepted,3.216257333755493,9.5559663772583,0.0205032448644232
233,7.766666666666667,detected,1,3,0.8908270001411438,ankle_midpoint,1114.021240234375,600.7044677734375,0.985980749130249,0.9888291954994202,4.370412826538086,1.5672006607055664,4.38084280547404,1.7081536177088923,0.0,0,two_ankles,accepted,4.370412826538086,1.5672006607055664,0.1494199974817595
233,7.766666666666667,detected,2,5,0.8824052214622498,ankle_midpoint,894.5106811523438,603.0445556640625,0.9893189072608948,0.9925324320793152,2.422729730606079,1.739255666732788,2.4354932598713654,1.6839959589532192,0.0,0,two_ankles,accepted,2.422729730606079,1.739255666732788,0.022506790354212818
233,7.766666666666667,detected,3,1,0.910391628742218,ankle_midpoint,1161.43359375,970.664306640625,0.9854239821434021,0.9930643439292908,4.076362609863281,12.467588424682617,4.059744505101403,12.407524497439407,0.0,0,two_ankles,accepted,4.076362609863281,12.467588424682617,0.0185505413033253
233,7.766666666666667,detected,4,2,0.9035255908966064,ankle_midpoint,990.1058959960938,827.89892578125,0.9945884943008423,0.9988871216773987,3.210710048675537,9.569119453430176,3.2233138266080044,9.55492259390557,0.0,0,two_ankles,accepted,3.210710048675537,9.569119453430176,0.014275005588140726
234,7.8,detected,1,3,0.8921875357627869,ankle_midpoint,1113.597900390625,600.9469604492188,0.985760509967804,0.98770672082901,4.366040229797363,1.5795801877975464,4.374181646419536,1.6502955742487866,0.0,0,two_ankles,accepted,4.366040229797363,1.5795801877975464,0.013129062924597654
234,7.8,detected,2,5,0.8730821013450623,ankle_midpoint,893.7640380859375,603.3055419921875,0.9897783398628235,0.9927815794944763,2.4164674282073975,1.7524852752685547,2.42693163562258,1.7148161512951203,0.0,0,two_ankles,accepted,2.4164674282073975,1.7524852752685547,0.014636904500001439
234,7.8,detected,3,1,0.9064280986785889,ankle_midpoint,1161.3408203125,972.6763305664062,0.9816259145736694,0.9922217726707458,4.07362174987793,12.502058982849121,4.06598926525084,12.45006501587378,0.0,0,two_ankles,accepted,4.07362174987793,12.502058982849121,0.03457935357651485
234,7.8,detected,4,2,0.9051433801651001,ankle_midpoint,988.5726318359375,827.3265380859375,0.9948870539665222,0.998916745185852,3.201347827911377,9.555379867553711,3.213429127194522,9.555128367047235,0.0,0,two_ankles,accepted,3.201347827911377,9.555379867553711,0.016626105908889903
235,7.833333333333333,detected,1,3,0.8889651894569397,ankle_midpoint,1114.450439453125,603.40087890625,0.9833180904388428,0.9850201606750488,4.367491245269775,1.7029337882995605,4.371170965902144,1.673982770571635,0.0,0,two_ankles,accepted,4.367491245269775,1.7029337882995605,0.12336213439589835
235,7.833333333333333,detected,2,5,0.8721043467521667,ankle_midpoint,892.5508422851562,603.6349487304688,0.9917728304862976,0.9942988157272339,2.4061827659606934,1.7692303657531738,2.417594644274731,1.7393025478012445,0.0,0,two_ankles,accepted,2.4061827659606934,1.7692303657531738,0.01965126797096979
235,7.833333333333333,detected,3,1,0.9080408215522766,ankle_midpoint,1159.9208984375,976.5596313476562,0.9810880422592163,0.9890773296356201,4.06198263168335,12.568279266357422,4.064186280145469,12.503261428591419,0.0,0,two_ankles,accepted,4.06198263168335,12.568279266357422,0.06723537030661121
235,7.833333333333333,detected,4,2,0.9090953469276428,ankle_midpoint,985.4423828125,828.4981689453125,0.9921899437904358,0.9984947443008423,3.181866407394409,9.584345817565918,3.1992259032844714,9.568276219780643,0.0,0,two_ankles,accepted,3.181866407394409,9.584345817565918,0.0349077642576635
236,7.866666666666666,detected,1,3,0.882689893245697,ankle_midpoint,1115.3096923828125,605.3668212890625,0.9825993776321411,0.9846174716949463,4.3701982498168945,1.8008755445480347,4.370733243663782,1.7310845188610149,0.0,0,two_ankles,accepted,4.3701982498168945,1.8008755445480347,0.09797915845042579
236,7.866666666666666,detected,2,5,0.8647685647010803,ankle_midpoint,891.3809814453125,604.070068359375,0.991139829158783,0.993462324142456,2.396432399749756,1.7912102937698364,2.4080716342384925,1.762661033487111,0.0,0,two_ankles,accepted,2.396432399749756,1.7912102937698364,0.02404551677267638
236,7.866666666666666,detected,3,1,0.9166361689567566,ankle_midpoint,1159.11328125,978.3941650390625,0.9772300124168396,0.9867480993270874,4.055816650390625,12.599376678466797,4.06041994675579,12.546513291035339,0.0,0,two_ankles,accepted,4.055816650390625,12.599376678466797,0.03170281320644167
236,7.866666666666666,detected,4,2,0.9116193056106567,ankle_midpoint,983.645263671875,831.28955078125,0.9913932085037231,0.9982810020446777,3.170450448989868,9.65220832824707,3.1862769488519005,9.606045668590536,0.0,0,two_ankles,accepted,3.170450448989868,9.65220832824707,0.06881601893631836
237,7.9,detected,1,3,0.8812615275382996,ankle_midpoint,1115.85888671875,604.8260498046875,0.9822649955749512,0.9842080473899841,4.37639045715332,1.7738158702850342,4.373278989734075,1.7503136270018236,0.0,0,two_ankles,accepted,4.37639045715332,1.7738158702850342,0.027759131883345636
237,7.9,detected,2,5,0.870217502117157,ankle_midpoint,890.693603515625,604.1226806640625,0.9928324222564697,0.9942628741264343,2.390442132949829,1.793999433517456,2.400138358658594,1.7767633135007663,0.0,0,two_ankles,accepted,2.390442132949829,1.793999433517456,0.006607767918598265
237,7.9,detected,3,1,0.9155954122543335,ankle_midpoint,1158.71875,978.4788818359375,0.9794836044311523,0.9923399686813354,4.053698539733887,12.600846290588379,4.057395313595934,12.570963140834207,0.0,0,two_ankles,accepted,4.053698539733887,12.600846290588379,0.002578013293621488
237,7.9,detected,4,2,0.9112022519111633,ankle_midpoint,983.1409912109375,831.9613647460938,0.9903424978256226,0.9981479644775391,3.1672754287719727,9.668475151062012,3.1777262648159335,9.634138935702701,0.0,0,two_ankles,accepted,3.1672754287719727,9.668475151062012,0.01657378284751986
238,7.933333333333334,detected,1,3,0.8816463947296143,ankle_midpoint,1117.14892578125,605.4324951171875,0.9781463146209717,0.9815188646316528,4.3862528800964355,1.8036912679672241,4.379117240397138,1.7743335654362538,0.0,0,two_ankles,accepted,4.3862528800964355,1.8036912679672241,0.031461194716314984
238,7.933333333333334,detected,2,5,0.8714028000831604,ankle_midpoint,890.63671875,604.320068359375,0.9926425814628601,0.9946621060371399,2.390202522277832,1.803839921951294,2.395667232287251,1.788947787303504,0.0,0,two_ankles,accepted,2.390202522277832,1.803839921951294,0.00984340519792984
238,7.933333333333334,detected,3,1,0.9257281422615051,ankle_midpoint,1164.787353515625,976.61083984375,0.9816737174987793,0.9948269724845886,4.086963653564453,12.568638801574707,4.070701066581768,12.569917188167434,0.0,0,two_ankles,accepted,4.086963653564453,12.568638801574707,0.046302161361283505
238,7.933333333333334,detected,4,2,0.9150511622428894,ankle_midpoint,982.3782958984375,832.535888671875,0.9890540838241577,0.9978984594345093,3.1625335216522217,9.682408332824707,3.1708895303922633,9.655860164407605,0.0,0,two_ankles,accepted,3.1625335216522217,9.682408332824707,0.014717990255624246
239,7.966666666666667,detected,1,3,0.8782460689544678,ankle_midpoint,1118.27685546875,604.3524169921875,0.9783089756965637,0.9828383922576904,4.398939609527588,1.7495932579040527,4.38803730650584,1.7632004270467634,0.0,0,two_ankles,accepted,4.398939609527588,1.7495932579040527,0.05556570701839633
239,7.966666666666667,detected,2,5,0.8703092336654663,ankle_midpoint,890.578125,604.3826904296875,0.9925978183746338,0.9949710369110107,2.3897690773010254,1.806970238685608,2.39301306254345,1.7970578904254508,0.0,0,two_ankles,accepted,2.3897690773010254,1.806970238685608,0.0031601831284033136
239,7.966666666666667,detected,3,1,0.9161426424980164,ankle_midpoint,1173.487060546875,978.5821533203125,0.9889481067657471,0.9963029623031616,4.129401206970215,12.601051330566406,4.09711612975657,12.583927552246973,0.0,0,two_ankles,accepted,4.129401206970215,12.601051330566406,0.0533996065032751
239,7.966666666666667,detected,4,2,0.9118053317070007,ankle_midpoint,981.388427734375,835.1888427734375,0.9757787585258484,0.9945687055587769,3.1561942100524902,9.746124267578125,3.1642766362393657,9.69647901083434,0.0,0,two_ankles,accepted,3.1561942100524902,9.746124267578125,0.06403051782595784
240,8.0,detected,1,3,0.8735975623130798,ankle_midpoint,1116.6611328125,601.2943115234375,0.9819028377532959,0.9858270287513733,4.392401218414307,1.5963820219039917,4.3900010668646505,1.6881321447325162,0.0,0,two_ankles,accepted,4.392401218414307,1.5963820219039917,0.15335068762485754
240,8.0,detected,2,5,0.8600181341171265,ankle_midpoint,890.439697265625,604.37353515625,0.9925574064254761,0.9948764443397522,2.3885374069213867,1.8065485954284668,2.3909990175135216,1.801328707676808,0.0,0,two_ankles,accepted,2.3885374069213867,1.8065485954284668,0.0013018429092528166
240,8.0,detected,3,1,0.9087812304496765,ankle_midpoint,1180.264892578125,984.1277465820312,0.9880515336990356,0.9957761168479919,4.157503128051758,12.693305969238281,4.124290278989404,12.633147839893063,0.0,0,two_ankles,accepted,4.157503128051758,12.693305969238281,0.09643980674468133
240,8.0,detected,4,2,0.9095920324325562,ankle_midpoint,980.8685302734375,835.6168212890625,0.9723324775695801,0.9938004612922668,3.152977228164673,9.756410598754883,3.159191902605754,9.723448225398585,0.0,0,two_ankles,accepted,3.152977228164673,9.756410598754883,0.010777642671033627
241,8.033333333333333,detected,1,3,0.8772172331809998,ankle_midpoint,1118.6773681640625,601.8554077148438,0.9740241765975952,0.9816699028015137,4.408876895904541,1.6242027282714844,4.398495189932602,1.659363907325052,0.0,0,two_ankles,accepted,4.408876895904541,1.6242027282714844,0.032333259216300224
241,8.033333333333333,detected,2,5,0.8474739193916321,ankle_midpoint,890.9404296875,604.7757568359375,0.9928690791130066,0.9950639605522156,2.3934803009033203,1.8264226913452148,2.392115595038931,1.8126210003275913,0.0,0,two_ankles,accepted,2.3934803009033203,1.8264226913452148,0.02047954807667241
241,8.033333333333333,detected,3,1,0.9163732528686523,ankle_midpoint,1185.554931640625,993.7230834960938,0.9808463454246521,0.9932032823562622,4.172817707061768,12.850931167602539,4.146127621621968,12.731150337362328,0.0,0,two_ankles,accepted,4.172817707061768,12.850931167602539,0.1583674192806887
241,8.033333333333333,detected,4,2,0.9020298719406128,ankle_midpoint,980.1597290039062,836.6384887695312,0.9720510244369507,0.9934695959091187,3.14855694770813,9.780843734741211,3.1544061729018233,9.749276204602769,0.0,0,two_ankles,accepted,3.14855694770813,9.780843734741211,0.024829760640024266
242,8.066666666666666,detected,1,3,0.8804776072502136,ankle_midpoint,1119.345947265625,600.385009765625,0.9753537774085999,0.9848899245262146,4.41862678527832,1.5496878623962402,4.407554407838175,1.6100096871070866,0.0,0,two_ankles,accepted,4.41862678527832,1.5496878623962402,0.07515002048706679
242,8.066666666666666,detected,2,5,0.8479062914848328,ankle_midpoint,891.5460205078125,605.3154296875,0.9928336143493652,0.9947161078453064,2.399517774581909,1.8530563116073608,2.3954465758332715,1.8308168904034878,0.0,0,two_ankles,accepted,2.399517774581909,1.8530563116073608,0.02730935401447363
242,8.066666666666666,detected,3,1,0.9249545335769653,ankle_midpoint,1187.1943359375,997.113525390625,0.9769688248634338,0.9917769432067871,4.176996231079102,12.905858993530273,4.1600184958776785,12.809769232637905,0.0,0,two_ankles,accepted,4.176996231079102,12.905858993530273,0.05508653305582886
242,8.066666666666666,detected,4,2,0.9054800271987915,ankle_midpoint,979.6705322265625,836.771728515625,0.972469687461853,0.9927176237106323,3.1455633640289307,9.784079551696777,3.1504269089090218,9.764937710795074,0.0,0,two_ankles,accepted,3.1455633640289307,9.784079551696777,0.004408180419889705
243,8.1,detected,1,3,0.8862267136573792,ankle_midpoint,1119.25390625,600.1031494140625,0.9751289486885071,0.9850583076477051,4.418540000915527,1.5354102849960327,4.412497924722984,1.5764399561571123,0.0,0,two_ankles,accepted,4.418540000915527,1.5354102849960327,0.014277841151397571
243,8.1,detected,2,5,0.8586202263832092,ankle_midpoint,891.5703125,605.26220703125,0.9930504560470581,0.994744062423706,2.3996617794036865,1.8504116535186768,2.3973434174399584,1.8396345338053228,0.0,0,two_ankles,accepted,2.3996617794036865,1.8504116535186768,0.00264857580498223
243,8.1,detected,3,1,0.928035318851471,ankle_midpoint,1188.3543701171875,996.0123901367188,0.9772651791572571,0.9907392263412476,4.184165954589844,12.887893676757812,4.170884852298153,12.844925232491864,0.0,0,two_ankles,accepted,4.184165954589844,12.887893676757812,0.019343152327254098
243,8.1,detected,4,2,0.907451331615448,ankle_midpoint,979.308837890625,836.35302734375,0.9708086252212524,0.9920955300331116,3.143394947052002,9.774166107177734,3.147262526073363,9.769090489167272,0.0,0,two_ankles,accepted,3.143394947052002,9.774166107177734,0.010147828064072417
244,8.133333333333333,detected,1,3,0.8814461827278137,ankle_midpoint,1119.0460205078125,599.88232421875,0.9743382334709167,0.985084593296051,4.417262077331543,1.5242472887039185,4.414641793396836,1.5529532558031751,0.0,0,two_ankles,accepted,4.417262077331543,1.5242472887039185,0.01123590561122067
244,8.133333333333333,detected,2,5,0.8661608695983887,ankle_midpoint,892.690673828125,605.5155029296875,0.9931907057762146,0.9944103360176086,2.4098427295684814,1.8626916408538818,2.4029681078977942,1.8500102319771745,0.0,0,two_ankles,accepted,2.4098427295684814,1.8626916408538818,0.0159514837933916
244,8.133333333333333,detected,3,1,0.9223954081535339,ankle_midpoint,1192.064453125,993.4423217773438,0.9805317521095276,0.99216228723526,4.206031322479248,12.84568977355957,4.186700763879646,12.845269275972333,0.0,0,two_ankles,accepted,4.206031322479248,12.84568977355957,0.04753171318294334
244,8.133333333333333,detected,4,2,0.9043858051300049,ankle_midpoint,977.3289184570312,836.32373046875,0.9681655168533325,0.9921092391014099,3.1313247680664062,9.773736953735352,3.140090534970233,9.771181398222907,0.0,0,two_ankles,accepted,3.1313247680664062,9.773736953735352,0.012077805819826096
245,8.166666666666666,detected,1,3,0.8901358246803284,ankle_midpoint,1119.257080078125,600.0972900390625,0.9738469123840332,0.9825550317764282,4.418583869934082,1.5351120233535767,4.416415727838597,1.544924701200856,0.0,0,two_ankles,accepted,4.418583869934082,1.5351120233535767,0.010944843292236328
245,8.166666666666666,detected,2,5,0.8633435964584351,ankle_midpoint,892.8777465820312,605.06787109375,0.9922564029693604,0.9939413070678711,2.4109129905700684,1.8404523134231567,2.4065433051003176,1.8457091686278666,0.0,0,two_ankles,accepted,2.4109129905700684,1.8404523134231567,0.02226506553285931
245,8.166666666666666,detected,3,1,0.9252960085868835,ankle_midpoint,1193.5732421875,989.1546020507812,0.9646768569946289,0.9773660898208618,4.219034671783447,12.775222778320312,4.201251022436357,12.813748352028924,0.0,0,two_ankles,accepted,4.219034671783447,12.775222778320312,0.07165671295263691
245,8.166666666666666,detected,4,2,0.9057512283325195,ankle_midpoint,974.3642578125,835.64599609375,0.9651287794113159,0.9897482991218567,3.113278865814209,9.757989883422852,3.1280252838500227,9.765245216562882,0.0,0,two_ankles,accepted,3.113278865814209,9.757989883422852,0.023950465789263416
246,8.2,detected,1,3,0.888126015663147,ankle_midpoint,1118.962158203125,600.6978759765625,0.9741337895393372,0.981858491897583,4.414398193359375,1.565638542175293,4.415507837322948,1.554245929639353,0.0,0,two_ankles,accepted,4.414398193359375,1.565638542175293,0.030812144355118344
246,8.2,detected,2,5,0.8584801554679871,ankle_midpoint,892.7400512695312,605.12841796875,0.9920909404754639,0.9938672184944153,2.4097793102264404,1.8434901237487793,2.407999507407073,1.8447105984322776,0.0,0,two_ankles,accepted,2.4097793102264404,1.8434901237487793,0.00324245627510802
246,8.2,detected,3,1,0.9217407703399658,ankle_midpoint,1195.1552734375,989.6370849609375,0.9642440676689148,0.9780135154724121,4.226450443267822,12.78300666809082,4.2125907618105165,12.799914594256776,0.0,0,two_ankles,accepted,4.226450443267822,12.78300666809082,0.01075093515318019
246,8.2,detected,4,2,0.9003022909164429,ankle_midpoint,972.890869140625,836.16259765625,0.9646552205085754,0.9901386499404907,3.1042697429656982,9.770502090454102,3.117335290452077,9.767610809813931,0.0,0,two_ankles,accepted,3.1042697429656982,9.770502090454102,0.015418158751693415
247,8.233333333333333,detected,1,3,0.8904883861541748,ankle_midpoint,1117.073486328125,599.0814819335938,0.9749253988265991,0.979804277420044,4.401739120483398,1.4839881658554077,4.409311914745151,1.5226299359365778,0.0,0,two_ankles,accepted,4.401739120483398,1.4839881658554077,0.08262588020262274
247,8.233333333333333,detected,2,5,0.8547307848930359,ankle_midpoint,892.9971923828125,605.0684814453125,0.9910717606544495,0.9933263063430786,2.4119648933410645,1.8404533863067627,2.409783931077369,1.842794852975796,0.0,0,two_ankles,accepted,2.4119648933410645,1.8404533863067627,0.0037414633290565845
247,8.233333333333333,detected,3,1,0.9202790856361389,ankle_midpoint,1200.384765625,992.95654296875,0.984876275062561,0.9941200613975525,4.2486796379089355,12.836912155151367,4.228830756054805,12.816563496659343,0.0,0,two_ankles,accepted,4.2486796379089355,12.836912155151367,0.058308992699473775
247,8.233333333333333,detected,4,2,0.8866149187088013,ankle_midpoint,969.8282470703125,836.422607421875,0.950093686580658,0.9880924224853516,3.085590362548828,9.777108192443848,3.103050072895615,9.771884631997395,0.0,0,two_ankles,accepted,3.085590362548828,9.777108192443848,0.019813122829505654
248,8.266666666666667,detected,1,3,0.894115149974823,ankle_midpoint,1118.078857421875,599.114990234375,0.9836912155151367,0.9874812960624695,4.410627365112305,1.4854445457458496,4.409903867410371,1.5058965103507502,0.0,0,two_ankles,accepted,4.410627365112305,1.4854445457458496,0.009006771617431207
248,8.266666666666667,detected,2,5,0.8557215929031372,ankle_midpoint,893.7871704101562,605.4356079101562,0.9897087216377258,0.9922616481781006,2.419382333755493,1.858465552330017,2.414103212282525,1.8498466676851955,0.0,0,two_ankles,accepted,2.419382333755493,1.858465552330017,0.019479644430812397
248,8.266666666666667,detected,3,1,0.9139196276664734,ankle_midpoint,1204.047607421875,992.601806640625,0.9821062088012695,0.9922871589660645,4.267654895782471,12.830740928649902,4.246301618932255,12.822943341055096,0.0,0,two_ankles,accepted,4.267654895782471,12.830740928649902,0.019953557274319283
248,8.266666666666667,detected,4,2,0.8752366900444031,ankle_midpoint,964.11572265625,834.7717895507812,0.9787236452102661,0.9953077435493469,3.0507030487060547,9.738510131835938,3.079493912010313,9.75686610692474,0.0,0,two_ankles,accepted,3.0507030487060547,9.738510131835938,0.05202821301809314
249,8.3,detected,1,3,0.9012174010276794,ankle_midpoint,1118.242431640625,599.014404296875,0.982379674911499,0.9868031144142151,4.41234827041626,1.4802769422531128,4.411003848763022,1.4943677047068136,0.0,0,two_ankles,accepted,4.41234827041626,1.4802769422531128,0.0054466173835993345
249,8.3,detected,2,5,0.8586596846580505,ankle_midpoint,893.9344482421875,605.354736328125,0.9893590211868286,0.9919542670249939,2.4205751419067383,1.8544214963912964,2.417015580613421,1.8519053406029409,0.0,0,two_ankles,accepted,2.4205751419067383,1.8544214963912964,0.004216299292173052
249,8.3,detected,3,1,0.9118613004684448,ankle_midpoint,1206.185791015625,992.354736328125,0.9826549887657166,0.992366373538971,4.278791427612305,12.826481819152832,4.260922032838277,12.824535656199078,0.0,0,two_ankles,accepted,4.278791427612305,12.826481819152832,0.011923185602218058
249,8.3,detected,4,2,0.8726149201393127,ankle_midpoint,960.7977294921875,834.4464111328125,0.9809397459030151,0.9957312941551208,3.0304110050201416,9.731181144714355,3.057406603864736,9.745307873930066,0.0,0,two_ankles,accepted,3.0304110050201416,9.731181144714355,0.02157501075733962
250,8.333333333333334,detected,1,3,0.8929166197776794,ankle_midpoint,1119.959716796875,599.1261596679688,0.9878973960876465,0.9908255934715271,4.427387714385986,1.4855438470840454,4.418376588293356,1.490396968776568,0.0,0,two_ankles,accepted,4.427387714385986,1.4855438470840454,0.015935029382359044
250,8.333333333333334,detected,2,5,0.8521049618721008,ankle_midpoint,893.6910400390625,604.3338623046875,0.9861885905265808,0.9892309308052063,2.4171359539031982,1.803777813911438,2.4170697485938213,1.8302479535917646,0.0,0,two_ankles,accepted,2.4171359539031982,1.803777813911438,0.050760324952116
250,8.333333333333334,detected,3,1,0.8976420164108276,ankle_midpoint,1210.766845703125,997.4922485351562,0.9861774444580078,0.9937489032745361,4.295069217681885,12.909610748291016,4.2762882660179,12.862819447640451,0.0,0,two_ankles,accepted,4.295069217681885,12.909610748291016,0.08470764610830872
250,8.333333333333334,detected,4,2,0.8658931255340576,ankle_midpoint,954.4205322265625,835.5157470703125,0.98087078332901,0.9956151247024536,2.991560459136963,9.757593154907227,3.027775838737238,9.75083625036979,0.0,0,two_ankles,accepted,2.991560459136963,9.757593154907227,0.04697828432211314
251,8.366666666666667,detected,1,3,0.8991323113441467,ankle_midpoint,1121.783447265625,598.382568359375,0.9904068112373352,0.9926919341087341,4.445645332336426,1.4471404552459717,4.430647523112738,1.4709315376877996,0.0,0,two_ankles,accepted,4.445645332336426,1.4471404552459717,0.04252247779578275
251,8.366666666666667,detected,2,5,0.8528706431388855,ankle_midpoint,892.8512573242188,604.1793823242188,0.9851906895637512,0.9883049726486206,2.409536361694336,1.7962939739227295,2.413679724489053,1.8149686627406991,0.0,0,two_ankles,accepted,2.409536361694336,1.7962939739227295,0.010665911246470833
251,8.366666666666667,detected,3,1,0.8889641761779785,ankle_midpoint,1214.613525390625,1000.0582885742188,0.9883588552474976,0.9955180287361145,4.310946941375732,12.9506254196167,4.291884669928924,12.902332135029763,0.0,0,two_ankles,accepted,4.310946941375732,12.9506254196167,0.043980738666512
251,8.366666666666667,detected,4,2,0.8729487657546997,ankle_midpoint,950.1907348632812,840.0213623046875,0.9616294503211975,0.9919730424880981,2.9664247035980225,9.86499309539795,3.0001678279245914,9.802206830632462,0.0,0,two_ankles,accepted,2.9664247035980225,9.86499309539795,0.11030210072307844
252,8.4,detected,1,3,0.8953715562820435,ankle_midpoint,1122.77978515625,600.3411254882812,0.9912522435188293,0.9933183193206787,4.4493207931518555,1.5466077327728271,4.439050494630341,1.5049858254760622,0.0,0,two_ankles,accepted,4.4493207931518555,1.5466077327728271,0.0995351611784009
252,8.4,detected,2,5,0.8588136434555054,ankle_midpoint,892.5823974609375,604.443603515625,0.9849416017532349,0.98833829164505,2.407508134841919,1.8095093965530396,2.4109025091478427,1.8125119929562525,0.0,0,two_ankles,accepted,2.407508134841919,1.8095093965530396,0.013370157047042364
252,8.4,detected,3,1,0.8777428865432739,ankle_midpoint,1221.17333984375,998.28955078125,0.9763150215148926,0.9912012815475464,4.346294403076172,12.9214506149292,4.316369049845186,12.91093545098451,0.0,0,two_ankles,accepted,4.346294403076172,12.9214506149292,0.045832436954822794
252,8.4,detected,4,2,0.8754096627235413,ankle_midpoint,946.733642578125,838.32763671875,0.9593866467475891,0.9915556311607361,2.945152521133423,9.82545280456543,2.9754109398685658,9.812667518902298,0.0,0,two_ankles,accepted,2.945152521133423,9.82545280456543,0.04489922433547652
253,8.433333333333334,detected,1,3,0.8909039497375488,ankle_midpoint,1125.993408203125,603.0557861328125,0.9927557110786438,0.9944471120834351,4.470605850219727,1.6827796697616577,4.453250404645565,1.5849930554045804,0.0,0,two_ankles,accepted,4.470605850219727,1.6827796697616577,0.1378254333483939
253,8.433333333333334,detected,2,5,0.8398400545120239,ankle_midpoint,891.5210571289062,604.2048950195312,0.9825146794319153,0.9871194362640381,2.3978443145751953,1.797890305519104,2.4050263215901513,1.8059322336095358,0.0,0,two_ankles,accepted,2.3978443145751953,1.797890305519104,0.015112666826289126
253,8.433333333333334,detected,3,1,0.8740717172622681,ankle_midpoint,1225.77880859375,1000.2660522460938,0.9796789884567261,0.9934536218643188,4.366647243499756,12.95284652709961,4.338994236989742,12.929795435236304,0.0,0,two_ankles,accepted,4.366647243499756,12.95284652709961,0.03741579097546894
253,8.433333333333334,detected,4,2,0.8843607306480408,ankle_midpoint,937.9231567382812,836.6343994140625,0.9521539807319641,0.9898942112922668,2.8911666870117188,9.78647232055664,2.937501026082985,9.800879679646751,0.0,0,two_ankles,accepted,2.8911666870117188,9.78647232055664,0.06658789994717967
254,8.466666666666667,detected,1,3,0.8921005725860596,ankle_midpoint,1128.88427734375,604.9069213867188,0.993180513381958,0.9946762323379517,4.4911675453186035,1.7746509313583374,4.470313117948432,1.6703390995837712,0.0,0,two_ankles,accepted,4.4911675453186035,1.7746509313583374,0.09414410237877215
254,8.466666666666667,detected,2,5,0.8510422110557556,ankle_midpoint,891.6368408203125,604.734130859375,0.9791968464851379,0.9851497411727905,2.39955735206604,1.8241841793060303,2.402565285304301,1.8141456091729584,0.0,0,two_ankles,accepted,2.39955735206604,1.8241841793060303,0.026349616622786905
254,8.466666666666667,detected,3,1,0.8757742643356323,ankle_midpoint,1226.516357421875,1001.8456420898438,0.9781007766723633,0.9934247732162476,4.368118762969971,12.978135108947754,4.352100273680845,12.951548288406457,0.0,0,two_ankles,accepted,4.368118762969971,12.978135108947754,0.025331358855014596
254,8.466666666666667,detected,4,2,0.9010728597640991,ankle_midpoint,932.3683471679688,832.2603759765625,0.9840144515037537,0.9928313493728638,2.8560233116149902,9.682621002197266,2.9008360545723875,9.747663274794483,0.0,0,two_ankles,accepted,2.8560233116149902,9.682621002197266,0.1096364590784272
255,8.5,detected,1,3,0.8936827778816223,ankle_midpoint,1130.095703125,605.83056640625,0.9929936528205872,0.9944896697998047,4.499337196350098,1.8203045129776,4.483373953229181,1.7378235356109943,0.0,0,two_ankles,accepted,4.499337196350098,1.8203045129776,0.046378795937832125
255,8.5,detected,2,5,0.8458559513092041,ankle_midpoint,892.2552490234375,604.7471923828125,0.9765620827674866,0.9834095239639282,2.405019760131836,1.8246817588806152,2.4036697989766918,1.818886876541404,0.0,0,two_ankles,accepted,2.405019760131836,1.8246817588806152,0.005485023911553736
255,8.5,detected,3,1,0.8710842728614807,ankle_midpoint,1226.7587890625,1002.318115234375,0.9795228242874146,0.9937372207641602,4.3686676025390625,12.98568058013916,4.359555571667043,12.966907819686174,0.0,0,two_ankles,accepted,4.3686676025390625,12.98568058013916,0.0075654054995712245
255,8.5,detected,4,2,0.9058264493942261,ankle_midpoint,932.322021484375,832.7242431640625,0.9622856974601746,0.9801795482635498,2.8558781147003174,9.693778991699219,2.880604981629956,9.723415347401614,0.0,0,two_ankles,accepted,2.8558781147003174,9.693778991699219,0.011158934172658546
256,8.533333333333333,detected,1,3,0.8984264731407166,ankle_midpoint,1130.544677734375,605.697509765625,0.9891611933708191,0.9917027354240417,4.503658294677734,1.8135851621627808,4.492501906881031,1.7719162675592983,0.0,0,two_ankles,accepted,4.503658294677734,1.8135851621627808,0.00798884009914569
256,8.533333333333333,detected,2,5,0.8566358089447021,ankle_midpoint,893.3165893554688,605.6342163085938,0.9702022075653076,0.979526162147522,2.415497303009033,1.8684183359146118,2.4089921757912456,1.8411760332593476,0.0,0,two_ankles,accepted,2.415497303009033,1.8684183359146118,0.044974071145430276
256,8.533333333333333,detected,3,1,0.8704412579536438,ankle_midpoint,1225.55859375,1004.9025268554688,0.9777123928070068,0.9927816987037659,4.3590545654296875,13.027066230773926,4.359330118860234,12.993979104675663,0.0,0,two_ankles,accepted,4.3590545654296875,13.027066230773926,0.04248744003736984
256,8.533333333333333,detected,4,2,0.9167813658714294,ankle_midpoint,930.1187744140625,834.47021484375,0.9555835127830505,0.9730011820793152,2.8429362773895264,9.735928535461426,2.8636540647217625,9.72904628202853,0.0,0,two_ankles,accepted,2.8429362773895264,9.735928535461426,0.04409166806031711
257,8.566666666666666,detected,1,3,0.8938146829605103,ankle_midpoint,1131.65576171875,605.9993896484375,0.9922997355461121,0.9941881895065308,4.512620449066162,1.8283042907714844,4.501555250864341,1.797290878004782,0.0,0,two_ankles,accepted,4.512620449066162,1.8283042907714844,0.017232903361928648
257,8.566666666666666,detected,2,5,0.8394410014152527,ankle_midpoint,894.8197021484375,606.143310546875,0.9607197642326355,0.9790318012237549,2.4293453693389893,1.8932355642318726,2.41815111288773,1.864602822196984,0.0,0,two_ankles,accepted,2.4293453693389893,1.8932355642318726,0.028419425793458793
257,8.566666666666666,detected,3,1,0.8763865232467651,ankle_midpoint,1224.84033203125,1006.091064453125,0.9816685318946838,0.9941074848175049,4.353823184967041,13.046036720275879,4.356851998608297,13.01740503169576,0.0,0,two_ankles,accepted,4.353823184967041,13.046036720275879,0.01967858769039773
257,8.566666666666666,detected,4,2,0.9171366691589355,ankle_midpoint,929.60888671875,834.8828125,0.9685572981834412,0.9788303971290588,2.8399527072906494,9.745858192443848,2.852988453877762,9.736611641715424,0.0,0,two_ankles,accepted,2.8399527072906494,9.745858192443848,0.010368209986466908
258,8.6,detected,1,3,0.8959103226661682,ankle_midpoint,1132.12646484375,605.86279296875,0.9918856620788574,0.9938522577285767,4.517144680023193,1.8214081525802612,4.508570493985824,1.8081436515637477,0.0,0,two_ankles,accepted,4.517144680023193,1.8214081525802612,0.008247750463308546
258,8.6,detected,2,5,0.8366724252700806,ankle_midpoint,893.2684326171875,605.9403076171875,0.9608421921730042,0.9804812073707581,2.415464162826538,1.8835774660110474,2.416941985360194,1.8731414119133127,0.0,0,two_ankles,accepted,2.415464162826538,1.8835774660110474,0.01691055160201534
258,8.6,detected,3,1,0.8740087747573853,ankle_midpoint,1225.5830078125,1006.3793334960938,0.9817852973937988,0.9940016865730286,4.357123374938965,13.05053997039795,4.3569741179570975,13.032315754111746,0.0,0,two_ankles,accepted,4.357123374938965,13.05053997039795,0.005583056108683924
258,8.6,detected,4,2,0.9171019792556763,ankle_midpoint,930.0570068359375,835.553466796875,0.9703646302223206,0.9795063734054565,2.842900514602661,9.761802673339844,2.8484488812039666,9.747947605946415,0.0,0,two_ankles,accepted,2.842900514602661,9.761802673339844,0.01621468590480661
259,8.633333333333333,detected,1,3,0.8928079009056091,ankle_midpoint,1133.7802734375,606.8795776367188,0.981847882270813,0.9874580502510071,4.528885841369629,1.8713963031768799,4.517712400308537,1.8366073447896571,0.0,0,two_ankles,accepted,4.528885841369629,1.8713963031768799,0.051348515751024955
259,8.633333333333333,detected,2,5,0.8379372358322144,ankle_midpoint,895.2557983398438,605.1812133789062,0.9504503011703491,0.9770143628120422,2.431980848312378,1.845494270324707,2.423709473688677,1.8607001981984403,0.0,0,two_ankles,accepted,2.431980848312378,1.845494270324707,0.041510609404370874
259,8.633333333333333,detected,3,1,0.8716954588890076,ankle_midpoint,1226.994140625,1007.0035400390625,0.9827106595039368,0.9938161373138428,4.36328125,13.06029987335205,4.359812327376404,13.044908607769884,0.0,0,two_ankles,accepted,4.36328125,13.06029987335205,0.011540152986022288
259,8.633333333333333,detected,4,2,0.9180036187171936,ankle_midpoint,931.0859375,835.1342163085938,0.9943722486495972,0.9956080317497253,2.8490498065948486,9.751660346984863,2.848719297629864,9.749618339413718,0.0,0,two_ankles,accepted,2.8490498065948486,9.751660346984863,0.01186088427968643
260,8.666666666666666,detected,1,3,0.8898684978485107,ankle_midpoint,1134.736083984375,605.0973510742188,0.9889877438545227,0.991844117641449,4.542293071746826,1.782703161239624,4.5287737024557675,1.8123504621921422,0.0,0,two_ankles,accepted,4.542293071746826,1.782703161239624,0.0897007650641256
260,8.666666666666666,detected,2,5,0.8480982780456543,ankle_midpoint,897.5935668945312,604.1072998046875,0.9434983730316162,0.9716867804527283,2.4512531757354736,1.791541337966919,2.4361041396097356,1.829578711094256,0.0,0,two_ankles,accepted,2.4512531757354736,1.791541337966919,0.05729172291271282
260,8.666666666666666,detected,3,1,0.8742623329162598,ankle_midpoint,1228.232421875,1005.0541381835938,0.9824152588844299,0.9931243062019348,4.372179985046387,13.029212951660156,4.3653777733278964,13.037845562520506,0.0,0,two_ankles,accepted,4.372179985046387,13.029212951660156,0.03233549420843563
260,8.666666666666666,detected,4,2,0.9157048463821411,ankle_midpoint,931.4129638671875,835.9212646484375,0.9940031170845032,0.9951863884925842,2.851285457611084,9.770383834838867,2.8498740696214133,9.758962812355037,0.0,0,two_ankles,accepted,2.851285457611084,9.770383834838867,0.01885648781945954
261,8.7,detected,1,3,0.8893989324569702,ankle_midpoint,1135.796630859375,603.2086181640625,0.9897322058677673,0.9928395748138428,4.5570244789123535,1.6880303621292114,4.541486551861231,1.7564064171638236,0.0,0,two_ankles,accepted,4.5570244789123535,1.6880303621292114,0.09581207256122315
261,8.7,detected,2,5,0.8587822318077087,ankle_midpoint,899.2581787109375,604.4183349609375,0.9376254081726074,0.9684094786643982,2.466296672821045,1.8066169023513794,2.449690779554825,1.8192458971599619,0.0,0,two_ankles,accepted,2.466296672821045,1.8066169023513794,0.021297404679293773
261,8.7,detected,3,1,0.8770923614501953,ankle_midpoint,1228.581787109375,1004.386962890625,0.9822304844856262,0.9927095174789429,4.374863147735596,13.018550872802734,4.369646191811361,13.029162952147509,0.0,0,two_ankles,accepted,4.374863147735596,13.018550872802734,0.010994511702601701
261,8.7,detected,4,2,0.9157615303993225,ankle_midpoint,931.0376586914062,835.631591796875,0.9937782287597656,0.9950467348098755,2.848907709121704,9.763531684875488,2.849439207396544,9.761018804989241,0.0,0,two_ankles,accepted,2.848907709121704,9.763531684875488,0.0072529750447235
262,8.733333333333333,detected,1,3,0.9005447626113892,ankle_midpoint,1137.45458984375,603.9122314453125,0.9785600304603577,0.9854835271835327,4.569684982299805,1.7228745222091675,4.554175845558589,1.7413170644342284,0.0,0,two_ankles,accepted,4.569684982299805,1.7228745222091675,0.03707295291315848
262,8.733333333333333,detected,2,5,0.8586902022361755,ankle_midpoint,901.7315673828125,604.0616455078125,0.9368625283241272,0.9583365321159363,2.487685203552246,1.7882521152496338,2.466788270353665,1.8052986953003143,0.0,0,two_ankles,accepted,2.487685203552246,1.7882521152496338,0.028191038507511187
262,8.733333333333333,detected,3,1,0.8811053037643433,ankle_midpoint,1229.790771484375,1002.810302734375,0.98162442445755,0.9923579096794128,4.383135795593262,12.993253707885742,4.3757165135132166,13.013003792229714,0.0,0,two_ankles,accepted,4.383135795593262,12.993253707885742,0.02661547022719017
262,8.733333333333333,detected,4,2,0.9149539470672607,ankle_midpoint,930.30908203125,835.2311401367188,0.9924710988998413,0.9943271279335022,2.8443377017974854,9.754079818725586,2.847143529876968,9.757896261170597,0.0,0,two_ankles,accepted,2.8443377017974854,9.754079818725586,0.010498701855900223
263,8.766666666666667,detected,1,3,0.8980079293251038,ankle_midpoint,1139.8658447265625,604.3958129882812,0.9809007048606873,0.9871028065681458,4.589606285095215,1.7464553117752075,4.570119543350071,1.743629275737669,0.0,0,two_ankles,accepted,4.589606285095215,1.7464553117752075,0.030869271802624033
263,8.766666666666667,detected,2,5,0.8592156767845154,ankle_midpoint,904.32177734375,604.16064453125,0.9445596933364868,0.9623450636863708,2.510633945465088,1.7925482988357544,2.4865188241538054,1.7995610168912624,0.0,0,two_ankles,accepted,2.510633945465088,1.7925482988357544,0.023347418460889287
263,8.766666666666667,detected,3,1,0.8863053321838379,ankle_midpoint,1230.955810546875,1003.1641845703125,0.9809985756874084,0.9927587509155273,4.388455867767334,12.998795509338379,4.38144922292757,13.006610064928614,0.0,0,two_ankles,accepted,4.388455867767334,12.998795509338379,0.0076821046125254274
263,8.766666666666667,detected,4,2,0.9066506028175354,ankle_midpoint,929.1834106445312,836.528564453125,0.990380048751831,0.9933372735977173,2.8378841876983643,9.785140991210938,2.8429768258965966,9.77015638968875,0.0,0,two_ankles,accepted,2.8378841876983643,9.785140991210938,0.03172450599130451
264,8.8,detected,1,3,0.8978395462036133,ankle_midpoint,1140.826416015625,604.94189453125,0.9824424982070923,0.9880368709564209,4.596498966217041,1.773464322090149,4.5819902836402076,1.757055046596285,0.0,0,two_ankles,accepted,4.596498966217041,1.773464322090149,0.027874642441469814
264,8.8,detected,2,5,0.8601663708686829,ankle_midpoint,905.4058227539062,603.1344604492188,0.9456290602684021,0.9642866253852844,2.5190844535827637,1.7410709857940674,2.501173357396837,1.7732405028975249,0.0,0,two_ankles,accepted,2.5190844535827637,1.7410709857940674,0.05216631907120478
264,8.8,detected,3,1,0.8881645202636719,ankle_midpoint,1231.66748046875,1003.6806640625,0.9821512699127197,0.9932200908660889,4.391274452209473,13.006975173950195,4.385870576104426,13.006774363988328,0.0,0,two_ankles,accepted,4.391274452209473,13.006975173950195,0.008651666395514093
264,8.8,detected,4,2,0.8991093039512634,ankle_midpoint,927.6854858398438,836.602294921875,0.9887309670448303,0.9919746518135071,2.8287813663482666,9.787096977233887,2.836588869099848,9.777779654084062,0.0,0,two_ankles,accepted,2.8287813663482666,9.787096977233887,0.009310598146938059
265,8.833333333333334,detected,1,3,0.8981583714485168,ankle_midpoint,1143.323974609375,606.065673828125,0.9815961718559265,0.9873024225234985,4.615226745605469,1.8287413120269775,4.596946691524575,1.789313866040097,0.0,0,two_ankles,accepted,4.615226745605469,1.8287413120269775,0.05836330471535921
265,8.833333333333334,detected,2,5,0.8669561743736267,ankle_midpoint,908.64990234375,603.5045776367188,0.9423779845237732,0.9596479535102844,2.5481224060058594,1.75876784324646,2.5223004292708975,1.7667278060545457,0.0,0,two_ankles,accepted,2.5481224060058594,1.75876784324646,0.03400560901698824
265,8.833333333333334,detected,3,1,0.8940112590789795,ankle_midpoint,1234.219482421875,1005.906982421875,0.9846659898757935,0.9943268895149231,4.400817394256592,13.042180061340332,4.392596644272901,13.02270692779673,0.0,0,two_ankles,accepted,4.400817394256592,13.042180061340332,0.036475359341161834
265,8.833333333333334,detected,4,2,0.8967185020446777,ankle_midpoint,922.4284057617188,844.443115234375,0.9128201603889465,0.940521776676178,2.799669027328491,9.972301483154297,2.8199749403027377,9.865314477165668,0.0,0,two_ankles,accepted,2.799669027328491,9.972301483154297,0.1874786315728424
266,8.866666666666667,detected,1,3,0.8992183804512024,ankle_midpoint,1145.595703125,607.9292602539062,0.9881019592285156,0.9911816120147705,4.629690170288086,1.9203424453735352,4.611681256968155,1.8482767267401443,0.0,0,two_ankles,accepted,4.629690170288086,1.9203424453735352,0.09273596003667385
266,8.866666666666667,detected,2,5,0.8651022911071777,ankle_midpoint,909.863525390625,606.16015625,0.9338279366493225,0.9511595368385315,2.5614874362945557,1.8904023170471191,2.5399345824315436,1.8223813360012038,0.0,0,two_ankles,accepted,2.5614874362945557,1.8904023170471191,0.13231121920454894
266,8.866666666666667,detected,3,1,0.8987671136856079,ankle_midpoint,1236.937255859375,1008.8629150390625,0.9846243858337402,0.9940512776374817,4.410086154937744,13.088726997375488,4.400466924072081,13.052415959107172,0.0,0,two_ankles,accepted,4.410086154937744,13.088726997375488,0.047460796230419516
266,8.866666666666667,detected,4,2,0.8929858207702637,ankle_midpoint,920.6903076171875,845.78955078125,0.926567554473877,0.9604543447494507,2.7897026538848877,10.003830909729004,2.8063524114147054,9.92764687181917,0.0,0,two_ankles,accepted,2.7897026538848877,10.003830909729004,0.03306710358872103
267,8.9,detected,1,3,0.8990256786346436,ankle_midpoint,1147.571044921875,609.1864624023438,0.9877771139144897,0.990871012210846,4.6432671546936035,1.981663703918457,4.6258949109446075,1.908300866470385,0.0,0,two_ankles,accepted,4.6432671546936035,1.981663703918457,0.06280629948564731
267,8.9,detected,2,5,0.8701127171516418,ankle_midpoint,911.5140991210938,607.987060546875,0.9292379021644592,0.9460978507995605,2.577742338180542,1.9799879789352417,2.556948072518593,1.893304325321521,0.0,0,two_ankles,accepted,2.577742338180542,1.9799879789352417,0.0910484082851318
267,8.9,detected,3,1,0.9002607464790344,ankle_midpoint,1237.8487548828125,1009.7962646484375,0.9838624596595764,0.9937160611152649,4.413265705108643,13.103358268737793,4.406226375538534,13.075339998440953,0.0,0,two_ankles,accepted,4.413265705108643,13.103358268737793,0.014972763304302167
267,8.9,detected,4,2,0.8963605165481567,ankle_midpoint,919.525634765625,847.537353515625,0.9380093216896057,0.9696232080459595,2.783372402191162,10.044447898864746,2.7960114072641113,9.98020733398968,0.0,0,two_ankles,accepted,2.783372402191162,10.044447898864746,0.04110732164662294
268,8.933333333333334,detected,1,3,0.9008838534355164,ankle_midpoint,1150.2694091796875,610.28955078125,0.9876156449317932,0.9908220767974854,4.663562297821045,2.03499436378479,4.642845235039005,1.9653129402618674,0.0,0,two_ankles,accepted,4.663562297821045,2.03499436378479,0.057061827138130045
268,8.933333333333334,detected,2,5,0.8711803555488586,ankle_midpoint,912.2579345703125,609.2020263671875,0.9510815739631653,0.956940233707428,2.585399866104126,2.039306879043579,2.569751379632083,1.9590054744964474,0.0,0,two_ankles,accepted,2.585399866104126,2.039306879043579,0.05981111639121427
268,8.933333333333334,detected,3,1,0.9022937417030334,ankle_midpoint,1238.1461181640625,1011.127197265625,0.9863944053649902,0.9932249188423157,4.412820339202881,13.124268531799316,4.4091936591874905,13.097357838452218,0.0,0,two_ankles,accepted,4.412820339202881,13.124268531799316,0.020915005428928928
268,8.933333333333334,detected,4,2,0.8858866095542908,ankle_midpoint,911.71435546875,846.1121215820312,0.9568390846252441,0.9854627847671509,2.735826015472412,10.012505531311035,2.768927980957847,9.994741522784292,0.0,0,two_ankles,accepted,2.735826015472412,10.012505531311035,0.05727978469709267
269,8.966666666666667,detected,1,3,0.9041248559951782,ankle_midpoint,1151.196533203125,610.34521484375,0.9881866574287415,0.9906975626945496,4.6714959144592285,2.0374889373779297,4.655738040778106,1.9977921389640954,0.0,0,two_ankles,accepted,4.6714959144592285,2.0374889373779297,0.008316560008396092
269,8.966666666666667,detected,2,5,0.8638821840286255,ankle_midpoint,910.4743041992188,609.4086303710938,0.9638965725898743,0.9680410623550415,2.5700249671936035,2.0498273372650146,2.5698744940347673,1.9998753127423026,0.0,0,two_ankles,accepted,2.5700249671936035,2.0498273372650146,0.01862974926556328
269,8.966666666666667,detected,3,1,0.9017957448959351,ankle_midpoint,1237.3143310546875,1013.0419311523438,0.985628604888916,0.9918981790542603,4.405953407287598,13.154370307922363,4.407735545832539,13.123013449713785,0.0,0,two_ankles,accepted,4.405953407287598,13.154370307922363,0.03087509805152317
269,8.966666666666667,detected,4,2,0.8975350856781006,ankle_midpoint,906.4721069335938,837.6282348632812,0.9861046671867371,0.9969443678855896,2.7000646591186523,9.814326286315918,2.7379394861302098,9.913554666373525,0.0,0,two_ankles,accepted,2.7000646591186523,9.814326286315918,0.20137995867289096
270,9.0,detected,1,3,0.9047528505325317,ankle_midpoint,1151.116455078125,610.259521484375,0.9881572127342224,0.9905057549476624,4.671056270599365,2.0333235263824463,4.662631244197673,2.0137812633023535,0.0,0,two_ankles,accepted,4.671056270599365,2.0333235263824463,0.004188548135668191
270,9.0,detected,2,5,0.8496491312980652,ankle_midpoint,911.1737670898438,609.4512939453125,0.9730726480484009,0.9768280982971191,2.576171636581421,2.051741361618042,2.572708208180762,2.0232150347363853,0.0,0,two_ankles,accepted,2.576171636581421,2.051741361618042,0.006437781744289959
270,9.0,detected,3,1,0.9004141092300415,ankle_midpoint,1236.8800048828125,1013.3409423828125,0.9849327206611633,0.9917004704475403,4.403378486633301,13.159090042114258,4.405774869192882,13.139247916293998,0.0,0,two_ankles,accepted,4.403378486633301,13.159090042114258,0.005376440013434816
270,9.0,detected,4,2,0.8997724056243896,ankle_midpoint,903.4778442382812,835.7022705078125,0.9924995303153992,0.9986059069633484,2.680830478668213,9.768959045410156,2.7122404327723117,9.84848663694001,0.0,0,two_ankles,accepted,2.680830478668213,9.768959045410156,0.049276163050723486
271,9.033333333333333,detected,1,3,0.902519941329956,ankle_midpoint,1150.7138671875,610.769775390625,0.98687344789505,0.9887534379959106,4.665994644165039,2.0583181381225586,4.664144774182988,2.033822856971446,0.0,0,two_ankles,accepted,4.665994644165039,2.0583181381225586,0.0255019740059398
271,9.033333333333333,detected,2,5,0.8450894355773926,ankle_midpoint,910.31103515625,608.95361328125,0.9795857071876526,0.9830206632614136,2.5681564807891846,2.027634382247925,2.570659930854552,2.025203741116578,0.0,0,two_ankles,accepted,2.5681564807891846,2.027634382247925,0.025404510952291036
271,9.033333333333333,detected,3,1,0.8974083662033081,ankle_midpoint,1236.306640625,1013.8762817382812,0.9834741950035095,0.99140864610672,4.399781703948975,13.167511940002441,4.403077944833123,13.151966726962797,0.0,0,two_ankles,accepted,4.399781703948975,13.167511940002441,0.009157795024855047
271,9.033333333333333,detected,4,2,0.9036083221435547,ankle_midpoint,897.965576171875,835.3636474609375,0.9931568503379822,0.9989067316055298,2.6470186710357666,9.761635780334473,2.6828906399908665,9.809403751467519,0.0,0,two_ankles,accepted,2.6470186710357666,9.761635780334473,0.034595787991347736
272,9.066666666666666,detected,1,3,0.9003037214279175,ankle_midpoint,1150.9068603515625,611.0090942382812,0.9872223734855652,0.9894918203353882,4.666956424713135,2.069932460784912,4.665410016921554,2.050072178687506,0.0,0,two_ankles,accepted,4.666956424713135,2.069932460784912,0.011654077086065362
272,9.066666666666666,detected,2,5,0.838692307472229,ankle_midpoint,911.7573852539062,609.07861328125,0.9739423990249634,0.9817309379577637,2.580911636352539,2.0333964824676514,2.5752731983286465,2.028890474724561,0.0,0,two_ankles,accepted,2.580911636352539,2.0333964824676514,0.013996277804743157
272,9.066666666666666,detected,3,1,0.8888088464736938,ankle_midpoint,1236.269287109375,1014.154052734375,0.9837586283683777,0.9903112649917603,4.399202346801758,13.171852111816406,4.401333925719009,13.160915150146923,0.0,0,two_ankles,accepted,4.399202346801758,13.171852111816406,0.004378669441595936
272,9.066666666666666,detected,4,2,0.9021039009094238,ankle_midpoint,894.3648071289062,834.8258056640625,0.9853408932685852,0.997525155544281,2.6247243881225586,9.749290466308594,2.656715826650128,9.782352773146004,0.0,0,two_ankles,accepted,2.6247243881225586,9.749290466308594,0.02548414858322171
273,9.1,detected,1,3,0.8999358415603638,ankle_midpoint,1150.94677734375,611.03662109375,0.9876115918159485,0.9899190664291382,4.667221546173096,2.071263313293457,4.666225205084748,2.059608189260184,0.0,0,two_ankles,accepted,4.667221546173096,2.071263313293457,0.0013570032380330309
273,9.1,detected,2,5,0.8421127796173096,ankle_midpoint,911.8200073242188,610.9713134765625,0.9799432158470154,0.9858093857765198,2.58324933052063,2.125565767288208,2.578862457815039,2.0723943563782026,0.0,0,two_ankles,accepted,2.58324933052063,2.125565767288208,0.09219892558135598
273,9.1,detected,3,1,0.8897947072982788,ankle_midpoint,1238.210693359375,1014.2529296875,0.9869874715805054,0.9937908053398132,4.408649921417236,13.17320442199707,4.404626123783212,13.16644532247949,0.0,0,two_ankles,accepted,4.408649921417236,13.17320442199707,0.00954386760908604
273,9.1,detected,4,2,0.8988410830497742,ankle_midpoint,890.8086547851562,835.17529296875,0.9885255694389343,0.9980248212814331,2.6032350063323975,9.758115768432617,2.6326494575071493,9.77144612102498,0.0,0,two_ankles,accepted,2.6032350063323975,9.758115768432617,0.023231002718427835
274,9.133333333333333,detected,1,3,0.9022266268730164,ankle_midpoint,1151.421875,610.77001953125,0.9876466989517212,0.9895746111869812,4.672175884246826,2.058159351348877,4.668903010707684,2.058956212200096,0.0,0,two_ankles,accepted,4.672175884246826,2.058159351348877,0.014009257096427998
274,9.133333333333333,detected,2,5,0.8415142893791199,ankle_midpoint,911.3436279296875,611.14404296875,0.9677222967147827,0.9729578495025635,2.5792675018310547,2.1340599060058594,2.5790447276222466,2.100143853710648,0.0,0,two_ankles,accepted,2.5792675018310547,2.1340599060058594,0.00938111679214304
274,9.133333333333333,detected,3,1,0.8912180066108704,ankle_midpoint,1238.7489013671875,1013.87451171875,0.9884971380233765,0.994225800037384,4.411850929260254,13.167243957519531,4.4078772862478806,13.16680470824751,0.0,0,two_ankles,accepted,4.411850929260254,13.167243957519531,0.00676561807960404
274,9.133333333333333,detected,4,2,0.9071826338768005,ankle_midpoint,885.9239501953125,834.3204345703125,0.9915133118629456,0.9964566826820374,2.572850465774536,9.738363265991211,2.6057399112274737,9.756558836259785,0.0,0,two_ankles,accepted,2.572850465774536,9.738363265991211,0.03624060785376095
275,9.166666666666666,detected,1,3,0.907189667224884,ankle_midpoint,1151.664306640625,610.5804443359375,0.9865217804908752,0.988476037979126,4.674868583679199,2.048856258392334,4.671587518544866,2.0544112329866033,0.0,0,two_ankles,accepted,4.674868583679199,2.048856258392334,0.009684945471771202
275,9.166666666666666,detected,2,5,0.8424848318099976,ankle_midpoint,910.6231689453125,611.19677734375,0.9681645035743713,0.9769432544708252,2.573050022125244,2.1367900371551514,2.5763471101485953,2.1166346362606747,0.0,0,two_ankles,accepted,2.573050022125244,2.1367900371551514,0.006790483781329606
275,9.166666666666666,detected,3,1,0.8941530585289001,ankle_midpoint,1239.536376953125,1014.10888671875,0.9874346852302551,0.9922133088111877,4.415404319763184,13.17082691192627,4.411264451329767,13.168614699902953,0.0,0,two_ankles,accepted,4.415404319763184,13.17082691192627,0.0050462011798060695
275,9.166666666666666,detected,4,2,0.9094666838645935,ankle_midpoint,887.400146484375,837.4034423828125,0.9904571175575256,0.9964603781700134,2.5839061737060547,9.811575889587402,2.5959147293428355,9.781316510257213,0.0,0,two_ankles,accepted,2.5839061737060547,9.811575889587402,0.07404266966894593
276,9.2,detected,1,3,0.9062061309814453,ankle_midpoint,1151.7310791015625,610.5015258789062,0.9866173267364502,0.9884483218193054,4.675692081451416,2.044989824295044,4.673434571852814,2.050171599075402,0.0,0,two_ankles,accepted,4.675692081451416,2.044989824295044,0.003953158384068752
276,9.2,detected,2,5,0.8378211259841919,ankle_midpoint,909.3006591796875,611.3798828125,0.963954746723175,0.9739837050437927,2.561725378036499,2.145982265472412,2.569767330698152,2.1298410694059564,0.0,0,two_ankles,accepted,2.561725378036499,2.145982265472412,0.01458576789796821
276,9.2,detected,3,1,0.8967676162719727,ankle_midpoint,1240.7874755859375,1014.8933715820312,0.9871719479560852,0.9921587705612183,4.420450687408447,13.182939529418945,4.415398257565173,13.17506087318515,0.0,0,two_ankles,accepted,4.420450687408447,13.182939529418945,0.013121788328388754
276,9.2,detected,4,2,0.9145136475563049,ankle_midpoint,886.5687255859375,838.0267333984375,0.9904959201812744,0.9963498115539551,2.5792620182037354,9.826457023620605,2.5884210093302404,9.801629741270741,0.0,0,two_ankles,accepted,2.5792620182037354,9.826457023620605,0.015588981058551558
277,9.233333333333333,detected,1,3,0.9048381447792053,ankle_midpoint,1152.285400390625,610.8234252929688,0.9860012531280518,0.9881460666656494,4.679553508758545,2.0605545043945312,4.676188093460393,2.05484390646901,0.0,0,two_ankles,accepted,4.679553508758545,2.0605545043945312,0.016036517310426754
277,9.233333333333333,detected,2,5,0.8263077139854431,ankle_midpoint,907.045654296875,610.884521484375,0.955981433391571,0.9683080911636353,2.5416100025177,2.122499465942383,2.557096533016949,2.1265373478473486,0.0,0,two_ankles,accepted,2.5416100025177,2.122499465942383,0.030920384959276227
277,9.233333333333333,detected,3,1,0.90388423204422,ankle_midpoint,1243.279296875,1015.0747680664062,0.9882271885871887,0.9927748441696167,4.432485103607178,13.185522079467773,4.423087338284075,13.179768416012331,0.0,0,two_ankles,accepted,4.432485103607178,13.185522079467773,0.01230840111464395
277,9.233333333333333,detected,4,2,0.9179255962371826,ankle_midpoint,884.65576171875,839.5381469726562,0.9884821176528931,0.9958059787750244,2.568657636642456,9.862425804138184,2.5795274916207376,9.82898796956109,0.0,0,two_ankles,accepted,2.568657636642456,9.862425804138184,0.037499414398346385
278,9.266666666666667,detected,1,3,0.9054995179176331,ankle_midpoint,1152.5830078125,610.9697265625,0.9854480624198914,0.987748384475708,4.681705474853516,2.0676114559173584,4.678670915087299,2.060589303720767,0.0,0,two_ankles,accepted,4.681705474853516,2.0676114559173584,0.007377772215881693
278,9.266666666666667,detected,2,5,0.8128987550735474,ankle_midpoint,905.8888549804688,613.0718383789062,0.9251257181167603,0.940205991268158,2.533809185028076,2.228513479232788,2.546617226421956,2.172426606970797,0.0,0,two_ankles,accepted,2.533809185028076,2.228513479232788,0.10630062919590198
278,9.266666666666667,detected,3,1,0.906712532043457,ankle_midpoint,1245.92578125,1017.1848754882812,0.9875200986862183,0.9888672232627869,4.44244909286499,13.218060493469238,4.431800127845487,13.19699985086794,0.0,0,two_ankles,accepted,4.44244909286499,13.218060493469238,0.03402983202515884
278,9.266666666666667,detected,4,2,0.9146642684936523,ankle_midpoint,882.7153930664062,840.49951171875,0.9866287708282471,0.9950767159461975,2.5575504302978516,9.885326385498047,2.5696378140254392,9.854340256732723,0.0,0,two_ankles,accepted,2.5575504302978516,9.885326385498047,0.025452046271397116
279,9.3,detected,1,3,0.9037766456604004,ankle_midpoint,1152.5126953125,611.2088623046875,0.9853875041007996,0.9876837134361267,4.680363178253174,2.0792717933654785,4.679432433511943,2.068996424060887,0.0,0,two_ankles,accepted,4.680363178253174,2.0792717933654785,0.011737343377754674
279,9.3,detected,2,5,0.81744384765625,ankle_midpoint,905.9202880859375,613.0462646484375,0.9289782047271729,0.9405131340026855,2.534055233001709,2.2272748947143555,2.540964329382845,2.1971083364553987,0.0,0,two_ankles,accepted,2.534055233001709,2.2272748947143555,0.0012627870820648157
279,9.3,detected,3,1,0.9090942144393921,ankle_midpoint,1247.6162109375,1017.2913818359375,0.9874433875083923,0.988792359828949,4.450614929199219,13.219547271728516,4.440266788454666,13.207146190255198,0.0,0,two_ankles,accepted,4.450614929199219,13.219547271728516,0.008300083892929418
279,9.3,detected,4,2,0.9175950288772583,ankle_midpoint,881.5162353515625,840.7430419921875,0.9863985180854797,0.9950354099273682,2.550455331802368,9.891213417053223,2.5610056970250574,9.870933178876948,0.0,0,two_ankles,accepted,2.550455331802368,9.891213417053223,0.009219412301890297
280,9.333333333333334,detected,1,3,0.9036206007003784,ankle_midpoint,1151.82421875,611.12109375,0.9866961240768433,0.9887940287590027,4.674623012542725,2.075165271759033,4.677268194075795,2.071772405525053,0.0,0,two_ankles,accepted,4.674623012542725,2.075165271759033,0.007057834093234211
280,9.333333333333334,detected,2,5,0.8226357698440552,ankle_midpoint,906.7783203125,616.8131103515625,0.9405587911605835,0.9526682496070862,2.5453007221221924,2.407144069671631,2.5429157061155516,2.291624416402703,0.0,0,two_ankles,accepted,2.5453007221221924,2.407144069671631,0.18022036823114598
280,9.333333333333334,detected,3,1,0.9123411178588867,ankle_midpoint,1251.057861328125,1017.4861450195312,0.9910933375358582,0.9935592412948608,4.467267990112305,13.222229957580566,4.452417329200603,13.213933885551615,0.0,0,two_ankles,accepted,4.467267990112305,13.222229957580566,0.016867757442995915
280,9.333333333333334,detected,4,2,0.9093392491340637,ankle_midpoint,880.270263671875,841.082763671875,0.9863632321357727,0.9949254989624023,2.543149471282959,9.899362564086914,2.5529703954411134,9.883726402221434,0.0,0,two_ankles,accepted,2.543149471282959,9.899362564086914,0.010944596625996922
281,9.366666666666667,detected,1,3,0.900769054889679,ankle_midpoint,1151.519287109375,610.8008422851562,0.9881911277770996,0.9899604320526123,4.672933101654053,2.059638500213623,4.675317402486011,2.0663121481349096,0.0,0,two_ankles,accepted,4.672933101654053,2.059638500213623,0.015618464503113303
281,9.366666666666667,detected,2,5,0.8350479006767273,ankle_midpoint,905.3365478515625,619.5667724609375,0.9526494145393372,0.962091863155365,2.5357048511505127,2.5375146865844727,2.5396708213812844,2.4022750379844995,0.0,0,two_ankles,accepted,2.5357048511505127,2.5375146865844727,0.13072328979160552
281,9.366666666666667,detected,3,1,0.9142739772796631,ankle_midpoint,1252.8623046875,1018.5875244140625,0.9917138814926147,0.993407130241394,4.4745001792907715,13.239105224609375,4.46235461174118,13.225260988127609,0.0,0,two_ankles,accepted,4.4745001792907715,13.239105224609375,0.018359716708237266
281,9.366666666666667,detected,4,2,0.9041929244995117,ankle_midpoint,876.9042358398438,840.6100463867188,0.98515784740448,0.99505615234375,2.522423267364502,9.888707160949707,2.5392241878066386,9.885967743649157,0.0,0,two_ankles,accepted,2.522423267364502,9.888707160949707,0.02330478802490735
282,9.4,detected,1,3,0.8983898162841797,ankle_midpoint,1151.70947265625,610.6864013671875,0.9881969094276428,0.9899182915687561,4.674941062927246,2.054013252258301,4.675148049684568,2.060777644990436,0.0,0,two_ankles,accepted,4.674941062927246,2.054013252258301,0.0059728823053448515
282,9.4,detected,2,5,0.835277795791626,ankle_midpoint,904.1578979492188,619.44140625,0.9541496634483337,0.9631087779998779,2.525482654571533,2.5318994522094727,2.5332861463168967,2.4606060243857373,0.0,0,two_ankles,accepted,2.525482654571533,2.5318994522094727,0.011662939594522543
282,9.4,detected,3,1,0.9151092767715454,ankle_midpoint,1253.4736328125,1019.1119995117188,0.9918901920318604,0.9933672547340393,4.476719856262207,13.247150421142578,4.468818971775642,13.235111232984345,0.0,0,two_ankles,accepted,4.476719856262207,13.247150421142578,0.008345786548635476
282,9.4,detected,4,2,0.900446891784668,ankle_midpoint,874.5985717773438,840.3107299804688,0.9815688133239746,0.9940932393074036,2.508230209350586,9.881977081298828,2.5252768975014153,9.88417194559151,0.0,0,two_ankles,accepted,2.508230209350586,9.881977081298828,0.01570786006728988
283,9.433333333333334,detected,1,3,0.8959082961082458,ankle_midpoint,1152.1871337890625,610.779296875,0.9817134737968445,0.9841694831848145,4.678829669952393,2.058427333831787,4.676804778805089,2.0597200049690443,0.0,0,two_ankles,accepted,4.678829669952393,2.058427333831787,0.005882633826221902
283,9.433333333333334,detected,2,5,0.861548900604248,ankle_midpoint,903.42529296875,618.0589599609375,0.973921537399292,0.9787302613258362,2.517756462097168,2.4669294357299805,2.526297788418019,2.4634515594906468,0.0,0,two_ankles,accepted,2.517756462097168,2.4669294357299805,0.0654278006010933
283,9.433333333333334,detected,3,1,0.9166995882987976,ankle_midpoint,1253.4512939453125,1020.430908203125,0.9923180341720581,0.9939262270927429,4.47463846206665,13.267495155334473,4.4714377424065965,13.249683998041903,0.0,0,two_ankles,accepted,4.47463846206665,13.267495155334473,0.020450926901637963
283,9.433333333333334,detected,4,2,0.8824896812438965,ankle_midpoint,865.7568359375,837.4202880859375,0.9904187321662903,0.9971655011177063,2.4522523880004883,9.814902305603027,2.492415868225998,9.853000607596693,0.0,0,two_ankles,accepted,2.4522523880004883,9.814902305603027,0.08736442077725598
284,9.466666666666667,detected,1,3,0.892865002155304,ankle_midpoint,1152.556396484375,610.887939453125,0.9785955548286438,0.9814127683639526,4.681722640991211,2.0636332035064697,4.679017816788844,2.061480944310886,0.0,0,two_ankles,accepted,4.681722640991211,2.0636332035064697,0.005955699833035734
284,9.466666666666667,detected,2,5,0.8682116270065308,ankle_midpoint,903.4952392578125,616.3365478515625,0.97923743724823,0.9827378392219543,2.5165393352508545,2.3852779865264893,2.5219064844927948,2.428273451656776,0.0,0,two_ankles,accepted,2.5165393352508545,2.3852779865264893,0.08166052017217575
284,9.466666666666667,detected,3,1,0.9180946350097656,ankle_midpoint,1253.33544921875,1021.0260009765625,0.9911421537399292,0.992965579032898,4.473182201385498,13.276666641235352,4.472222748947102,13.261826187478956,0.0,0,two_ankles,accepted,4.473182201385498,13.276666641235352,0.009286379746784581
284,9.466666666666667,detected,4,2,0.8560709953308105,ankle_midpoint,859.39794921875,837.661376953125,0.992551326751709,0.9973087310791016,2.4137864112854004,9.821475982666016,2.4570326126027293,9.838814526377888,0.0,0,two_ankles,accepted,2.4137864112854004,9.821475982666016,0.03902364148531172
285,9.5,detected,1,3,0.8951963782310486,ankle_midpoint,1152.730712890625,610.8984375,0.9779819846153259,0.9807310104370117,4.6832122802734375,2.0641028881073,4.680905325356911,2.062660819019272,0.0,0,two_ankles,accepted,4.6832122802734375,2.0641028881073,0.001561931117370218
285,9.5,detected,2,5,0.8748611807823181,ankle_midpoint,904.8653564453125,615.214599609375,0.9807681441307068,0.9832503199577332,2.527176856994629,2.3314929008483887,2.5242781521186206,2.384722203793002,0.0,0,two_ankles,accepted,2.527176856994629,2.3314929008483887,0.054826930520045475
285,9.5,detected,3,1,0.9192702174186707,ankle_midpoint,1252.16015625,1022.020751953125,0.9889777302742004,0.9904340505599976,4.465944290161133,13.292065620422363,4.469397442493416,13.27543393230349,0.0,0,two_ankles,accepted,4.465944290161133,13.292065620422363,0.01701516731900725
285,9.5,detected,4,2,0.8469371199607849,ankle_midpoint,854.8590087890625,837.5668334960938,0.9889812469482422,0.9962446093559265,2.3861005306243896,9.819849014282227,2.4251131757124766,9.830280045934842,0.0,0,two_ankles,accepted,2.3861005306243896,9.819849014282227,0.02773364408255031
286,9.533333333333333,detected,1,3,0.8954744935035706,ankle_midpoint,1152.8260498046875,609.9461669921875,0.9865654110908508,0.9887807369232178,4.6869587898254395,2.017596483230591,4.683629384367749,2.0423818679143655,0.0,0,two_ankles,accepted,4.6869587898254395,2.017596483230591,0.046657068364607125
286,9.533333333333333,detected,2,5,0.8802933692932129,ankle_midpoint,905.2598876953125,614.52734375,0.9833295345306396,0.986064076423645,2.5298709869384766,2.29853892326355,2.526794927787556,2.3459397275547484,0.0,0,two_ankles,accepted,2.5298709869384766,2.29853892326355,0.03306392255641183
286,9.533333333333333,detected,3,1,0.9202132821083069,ankle_midpoint,1251.607177734375,1022.009033203125,0.9885280132293701,0.9895217418670654,4.463253021240234,13.291938781738281,4.466632452929485,13.282861114549146,0.0,0,two_ankles,accepted,4.463253021240234,13.291938781738281,0.002694256197241365
286,9.533333333333333,detected,4,2,0.8466992974281311,ankle_midpoint,844.2325439453125,842.5732421875,0.9646503329277039,0.9853450655937195,2.3264880180358887,9.939115524291992,2.3807318547580123,9.879256011195562,0.0,0,two_ankles,accepted,2.3264880180358887,9.939115524291992,0.13333473691061798
287,9.566666666666666,detected,1,3,0.8952177166938782,ankle_midpoint,1152.074951171875,610.0709228515625,0.9867781400680542,0.989018976688385,4.680009365081787,2.0238771438598633,4.682000375689066,2.0340547420898396,0.0,0,two_ankles,accepted,4.680009365081787,2.0238771438598633,0.009367027394418177
287,9.566666666666666,detected,2,5,0.8921945095062256,ankle_midpoint,906.068359375,613.7810668945312,0.9849053025245667,0.9879646301269531,2.5360941886901855,2.2625675201416016,2.530979595193739,2.3084222342188325,0.0,0,two_ankles,accepted,2.5360941886901855,2.2625675201416016,0.03650575410266416
287,9.566666666666666,detected,3,1,0.9213353395462036,ankle_midpoint,1251.4814453125,1022.0343627929688,0.9885462522506714,0.9890899062156677,4.462599754333496,13.292340278625488,4.46481773856129,13.287126738383499,0.0,0,two_ankles,accepted,4.462599754333496,13.292340278625488,0.0007667838038693422
287,9.566666666666666,detected,4,2,0.8622354865074158,ankle_midpoint,839.9053344726562,836.8475341796875,0.9857916831970215,0.9941726326942444,2.294421672821045,9.804813385009766,2.341892272886377,9.845756829411954,0.0,0,two_ankles,accepted,2.294421672821045,9.804813385009766,0.1380772070662646
288,9.6,detected,1,3,0.8958189487457275,ankle_midpoint,1151.8304443359375,610.0169067382812,0.9865152835845947,0.9887356162071228,4.678035736083984,2.0212957859039307,4.680216287866779,2.028313211806181,0.0,0,two_ankles,accepted,4.678035736083984,2.0212957859039307,0.003249403070969258
288,9.6,detected,2,5,0.8911492228507996,ankle_midpoint,906.6685180664062,613.2481689453125,0.9864598512649536,0.9889840483665466,2.5407469272613525,2.236813545227051,2.535374894624165,2.276198324172531,0.0,0,two_ankles,accepted,2.5407469272613525,2.236813545227051,0.026170884587857095
288,9.6,detected,3,1,0.9213176369667053,ankle_midpoint,1251.2734375,1022.1842041015625,0.9884810447692871,0.9886228442192078,4.461359977722168,13.294659614562988,4.463261746183686,13.29051653266427,0.0,0,two_ankles,accepted,4.461359977722168,13.294659614562988,0.002629898332060624
288,9.6,detected,4,2,0.8403899669647217,ankle_midpoint,835.9811401367188,835.9367065429688,0.9765498638153076,0.9905638694763184,2.2695584297180176,9.783699989318848,2.3093420434606156,9.817831251370057,0.0,0,two_ankles,accepted,2.2695584297180176,9.783699989318848,0.03261834353859053
289,9.633333333333333,detected,1,3,0.8979638814926147,ankle_midpoint,1151.39013671875,610.1098022460938,0.9887149930000305,0.9908855557441711,4.673903465270996,2.02594256401062,4.677375517698676,2.027246420298179,0.0,0,two_ankles,accepted,4.673903465270996,2.02594256401062,0.006218376704951482
289,9.633333333333333,detected,2,5,0.8930426836013794,ankle_midpoint,908.9588623046875,612.29443359375,0.9886668920516968,0.9908542633056641,2.5596554279327393,2.1902997493743896,2.5463011346130235,2.2375439655133675,0.0,0,two_ankles,accepted,2.5596554279327393,2.1902997493743896,0.050210204164720024
289,9.633333333333333,detected,3,1,0.9224876165390015,ankle_midpoint,1250.521728515625,1022.4360961914062,0.9882069230079651,0.988467276096344,4.457307815551758,13.298596382141113,4.460582477399319,13.29415246492885,0.0,0,two_ankles,accepted,4.457307815551758,13.298596382141113,0.005649615670068126
289,9.633333333333333,detected,4,2,0.8054415583610535,ankle_midpoint,827.3309326171875,834.4453125,0.9829668998718262,0.9960163235664368,2.215136766433716,9.749321937561035,2.2669496687985107,9.787002060155999,0.0,0,two_ankles,accepted,2.215136766433716,9.749321937561035,0.06437055132040391
290,9.666666666666666,detected,1,3,0.8910760879516602,ankle_midpoint,1151.3922119140625,610.001708984375,0.9893549680709839,0.9914599657058716,4.67425012588501,2.020658493041992,4.675969091382527,2.024281853032895,0.0,0,two_ankles,accepted,4.67425012588501,2.020658493041992,0.005295430065896899
290,9.666666666666666,detected,2,5,0.8925880789756775,ankle_midpoint,909.927001953125,613.9028930664062,0.9817264676094055,0.984872579574585,2.5696141719818115,2.2674975395202637,2.5567920014289784,2.251023073816471,0.0,0,two_ankles,accepted,2.5696141719818115,2.2674975395202637,0.07783749344911703
290,9.666666666666666,detected,3,1,0.9227750897407532,ankle_midpoint,1249.599365234375,1022.1248779296875,0.9884594082832336,0.9889243245124817,4.453248500823975,13.293911933898926,4.4572821879404145,13.294044225965385,0.0,0,two_ankles,accepted,4.453248500823975,13.293911933898926,0.0061985555892426405
290,9.666666666666666,detected,4,2,0.8637041449546814,ankle_midpoint,821.0191650390625,834.4274291992188,0.9870254397392273,0.9969704151153564,2.1765830516815186,9.74975299835205,2.2262846910958647,9.770239982344222,0.0,0,two_ankles,accepted,2.1765830516815186,9.74975299835205,0.03855612447587729
291,9.7,detected,1,3,0.8827431797981262,ankle_midpoint,1151.18408203125,609.6497192382812,0.9898964166641235,0.9924828410148621,4.673500061035156,2.003488302230835,4.67485802772621,2.0149247551719682,0.0,0,two_ankles,accepted,4.673500061035156,2.003488302230835,0.01718656596794525
291,9.7,detected,2,5,0.8899444937705994,ankle_midpoint,910.55908203125,615.198486328125,0.9829119443893433,0.9856842756271362,2.5763161182403564,2.3293745517730713,2.5655778539940988,2.286281238896941,0.0,0,two_ankles,accepted,2.5763161182403564,2.3293745517730713,0.06223890044808414
291,9.7,detected,3,1,0.9220951199531555,ankle_midpoint,1249.2403564453125,1021.9445190429688,0.9885748028755188,0.9890539646148682,4.451754570007324,13.291178703308105,4.4547947598705235,13.29275474076961,0.0,0,two_ankles,accepted,4.451754570007324,13.291178703308105,0.0031148641619713783
291,9.7,detected,4,2,0.8869848847389221,ankle_midpoint,817.8541259765625,834.30419921875,0.987547755241394,0.9974424839019775,2.1571097373962402,9.74724006652832,2.1951559619310337,9.759890020227067,0.0,0,two_ankles,accepted,2.1571097373962402,9.74724006652832,0.01963478534652065
292,9.733333333333333,detected,1,3,0.8883925080299377,ankle_midpoint,1150.642822265625,608.7899169921875,0.9910456538200378,0.9929938912391663,4.671375751495361,1.9614579677581787,4.673291003422328,1.9908647008357632,0.0,0,two_ankles,accepted,4.671375751495361,1.9614579677581787,0.04208398397139011
292,9.733333333333333,detected,2,5,0.8908987045288086,ankle_midpoint,910.240234375,617.18310546875,0.9830852150917053,0.9857670068740845,2.575448751449585,2.4238791465759277,2.5700197578490678,2.348200297352485,0.0,0,two_ankles,accepted,2.575448751449585,2.4238791465759277,0.09450857508185072
292,9.733333333333333,detected,3,1,0.9212313294410706,ankle_midpoint,1248.224853515625,1021.60498046875,0.9889755249023438,0.9892163276672363,4.4472761154174805,13.286062240600586,4.451411369866655,13.28974311569355,0.0,0,two_ankles,accepted,4.4472761154174805,13.286062240600586,0.006799613676579769
292,9.733333333333333,detected,4,2,0.8966995477676392,ankle_midpoint,813.2277221679688,835.8458251953125,0.989837110042572,0.9962990880012512,2.1308133602142334,9.784623146057129,2.166201791158474,9.771019926850595,0.0,0,two_ankles,accepted,2.1308133602142334,9.784623146057129,0.045705514852757076
293,9.766666666666667,detected,1,3,0.8901088833808899,ankle_midpoint,1150.529541015625,609.0867919921875,0.9906755685806274,0.991883397102356,4.669480323791504,1.9760586023330688,4.6715761975884575,1.9842019565095508,0.0,0,two_ankles,accepted,4.669480323791504,1.9760586023330688,0.014723151027209749
293,9.766666666666667,detected,2,5,0.8883328437805176,ankle_midpoint,910.0296630859375,618.9814453125,0.9880317449569702,0.990629255771637,2.5753397941589355,2.5088882446289062,2.5724137741885085,2.420509873626875,0.0,0,two_ankles,accepted,2.5753397941589355,2.5088882446289062,0.0850091678789535
293,9.766666666666667,detected,3,1,0.9209567308425903,ankle_midpoint,1247.588623046875,1020.9882202148438,0.9892731308937073,0.9893073439598083,4.445058822631836,13.276642799377441,4.4485527236109865,13.283847973351302,0.0,0,two_ankles,accepted,4.445058822631836,13.276642799377441,0.009676893109544294
293,9.766666666666667,detected,4,2,0.8940441608428955,ankle_midpoint,809.8702392578125,836.5572509765625,0.9955167174339294,0.9981071949005127,2.1112735271453857,9.80198860168457,2.1414840723525845,9.784955830525885,0.0,0,two_ankles,accepted,2.1112735271453857,9.80198860168457,0.026141234200149556
294,9.8,detected,1,3,0.8925614953041077,ankle_midpoint,1150.1943359375,609.17626953125,0.9912691116333008,0.9921465516090393,4.66627311706543,1.9805288314819336,4.669189811353095,1.982549050247123,0.0,0,two_ankles,accepted,4.66627311706543,1.9805288314819336,0.005501738236878936
294,9.8,detected,2,5,0.8870295882225037,ankle_midpoint,909.8524169921875,619.3128662109375,0.9877986907958984,0.9907304644584656,2.5741336345672607,2.524524688720703,2.5731877113589467,2.4673165404190973,0.0,0,two_ankles,accepted,2.5741336345672607,2.524524688720703,0.015682895293805878
294,9.8,detected,3,1,0.9207304120063782,ankle_midpoint,1247.156494140625,1020.757568359375,0.9894391894340515,0.9893587827682495,4.4432759284973145,13.273136138916016,4.446178165809835,13.279027647855424,0.0,0,two_ankles,accepted,4.4432759284973145,13.273136138916016,0.003933875835183158
294,9.8,detected,4,2,0.8949475288391113,ankle_midpoint,808.8452758789062,836.5673828125,0.9955759048461914,0.9981260895729065,2.1050477027893066,9.8023681640625,2.1250877060491096,9.792791380617363,0.0,0,two_ankles,accepted,2.1050477027893066,9.8023681640625,0.00623738378741339
295,9.833333333333334,detected,1,3,0.8928877115249634,ankle_midpoint,1148.1231689453125,609.0860595703125,0.9921557307243347,0.9929734468460083,4.648403644561768,1.9766054153442383,4.659836036296998,1.979874414540825,0.0,0,two_ankles,accepted,4.648403644561768,1.9766054153442383,0.018295115242836384
295,9.833333333333334,detected,2,5,0.8871752023696899,ankle_midpoint,909.141845703125,622.62060546875,0.9858481884002686,0.989421546459198,2.571190357208252,2.679281711578369,2.572288901991134,2.56270086744077,0.0,0,two_ankles,accepted,2.571190357208252,2.679281711578369,0.15478500898142628
295,9.833333333333334,detected,3,1,0.9202335476875305,ankle_midpoint,1246.866455078125,1020.1262817382812,0.9896799921989441,0.9893486499786377,4.442774295806885,13.263442039489746,4.444646424308508,13.27201412409087,0.0,0,two_ankles,accepted,4.442774295806885,13.263442039489746,0.00970706953938762
295,9.833333333333334,detected,4,2,0.9014427661895752,ankle_midpoint,807.6448974609375,838.8319091796875,0.9930290579795837,0.9967708587646484,2.1006877422332764,9.85614013671875,2.1141077223319846,9.821298320862986,0.0,0,two_ankles,accepted,2.1006877422332764,9.85614013671875,0.05394844112108002
296,9.866666666666667,detected,1,3,0.8888606429100037,ankle_midpoint,1143.775390625,610.2511596679688,0.9872912764549255,0.9890622496604919,4.6069207191467285,2.0346860885620117,4.636024143579377,2.004539667850359,0.0,0,two_ankles,accepted,4.6069207191467285,2.0346860885620117,0.07137364851553743
296,9.866666666666667,detected,2,5,0.8850454092025757,ankle_midpoint,909.1041259765625,623.7620239257812,0.9857132434844971,0.9892548322677612,2.571945905685425,2.7321956157684326,2.572134553653565,2.6389735041882183,0.0,0,two_ankles,accepted,2.571945905685425,2.7321956157684326,0.052919298088094244
296,9.866666666666667,detected,3,1,0.9194831252098083,ankle_midpoint,1246.9864501953125,1020.3471069335938,0.9902750253677368,0.9897492527961731,4.44304084777832,13.26683235168457,4.443923914869924,13.269682326508036,0.0,0,two_ankles,accepted,4.44304084777832,13.26683235168457,0.0034007744311921055
296,9.866666666666667,detected,4,2,0.9039608240127563,ankle_midpoint,807.0604858398438,839.28515625,0.9915642738342285,0.9956101775169373,2.097731113433838,9.866909980773926,2.1067382483278188,9.84182356782291,0.0,0,two_ankles,accepted,2.097731113433838,9.866909980773926,0.01116831208511269
297,9.9,detected,1,3,0.8921903371810913,ankle_midpoint,1141.222412109375,610.67822265625,0.9845244288444519,0.9871505498886108,4.583384990692139,2.0561413764953613,4.61233652478012,2.02776043674061,0.0,0,two_ankles,accepted,4.583384990692139,2.0561413764953613,0.03184744721623897
297,9.9,detected,2,5,0.8839620351791382,ankle_midpoint,909.4332275390625,624.3563842773438,0.9861679673194885,0.989551842212677,2.5752980709075928,2.75957989692688,2.5735581364178777,2.693246380920616,0.0,0,two_ankles,accepted,2.5752980709075928,2.75957989692688,0.02758869091206762
297,9.9,detected,3,1,0.9191638231277466,ankle_midpoint,1246.9627685546875,1020.6546020507812,0.990900993347168,0.9903627038002014,4.442476272583008,13.271570205688477,4.4432724758408115,13.270531872139234,0.0,0,two_ankles,accepted,4.442476272583008,13.271570205688477,0.004771373566751259
297,9.9,detected,4,2,0.9053187966346741,ankle_midpoint,806.5462646484375,838.9932861328125,0.991600513458252,0.995435893535614,2.094231367111206,9.860095977783203,2.101110151780343,9.850046152305042,0.0,0,two_ankles,accepted,2.094231367111206,9.860095977783203,0.007660212861295198
298,9.933333333333334,detected,1,3,0.8866251707077026,ankle_midpoint,1137.235107421875,613.035400390625,0.980773389339447,0.9815493226051331,4.5420026779174805,2.1715099811553955,4.580686293691932,2.0924477317272636,0.0,0,two_ankles,accepted,4.5420026779174805,2.1715099811553955,0.12256594450247141
298,9.933333333333334,detected,2,5,0.8844524621963501,ankle_midpoint,910.592041015625,624.87158203125,0.9900632500648499,0.9925218224525452,2.585604429244995,2.783067464828491,2.5789789681900808,2.73366586867916,0.0,0,two_ankles,accepted,2.585604429244995,2.783067464828491,0.025649305411877054
298,9.933333333333334,detected,3,1,0.9186738133430481,ankle_midpoint,1247.0618896484375,1020.9000244140625,0.9916309714317322,0.9911487102508545,4.4426045417785645,13.275337219238281,4.442971905512801,13.272694278333805,0.0,0,two_ankles,accepted,4.4426045417785645,13.275337219238281,0.003769196740811079
298,9.933333333333334,detected,4,2,0.9097577929496765,ankle_midpoint,805.26416015625,838.9110107421875,0.9886773824691772,0.9933241009712219,2.0863444805145264,9.858327865600586,2.0944655997107255,9.853772923288037,0.0,0,two_ankles,accepted,2.0863444805145264,9.858327865600586,0.008082648135308441
