frame,time_sec,status,player_id,raw_track_id,person_conf,ground_method,ground_pixel_x,ground_pixel_y,left_ankle_conf,right_ankle_conf,raw_x_m,raw_y_m,stable_x_m,stable_y_m,match_cost,missing_frames,ground_quality,ground_status,corrected_x_m,corrected_y_m,ground_speed_m_per_frame
0,0.0,detected,1,3,0.8866807222366333,ankle_midpoint,860.0941162109375,633.4376220703125,0.9574464559555054,0.9601144194602966,2.1719422340393066,3.182802200317383,2.1719422340393066,3.182802200317383,0.0,0,two_ankles,accepted,2.1719422340393066,3.182802200317383,
0,0.0,detected,2,5,0.6941937208175659,ankle_midpoint,971.1182861328125,611.3851318359375,0.3187999129295349,0.26265236735343933,3.099499464035034,2.1314120292663574,3.099499464035034,2.1314120292663574,0.0,0,two_ankles,accepted,3.099499464035034,2.1314120292663574,
0,0.0,detected,3,1,0.9196937680244446,ankle_midpoint,897.8413696289062,859.0936279296875,0.9887086749076843,0.9810861349105835,2.659531831741333,10.31019115447998,2.659531831741333,10.31019115447998,0.0,0,two_ankles,accepted,2.659531831741333,10.31019115447998,
0,0.0,detected,4,2,0.8938518166542053,ankle_midpoint,981.5811157226562,777.0909423828125,0.9887986779212952,0.9906358122825623,3.163923501968384,8.242167472839355,3.163923501968384,8.242167472839355,0.0,0,two_ankles,accepted,3.163923501968384,8.242167472839355,
1,0.03333333333333333,detected,1,3,0.8961573243141174,ankle_midpoint,859.35302734375,632.1950073242188,0.9774405360221863,0.9778042435646057,2.163686990737915,3.1274192333221436,2.1682273745536804,3.1578798651695257,0.0,0,two_ankles,accepted,2.163686990737915,3.1274192333221436,0.055994839719039576
1,0.03333333333333333,detected,2,5,0.7121703624725342,ankle_midpoint,971.4437866210938,612.829345703125,0.3107752799987793,0.25462204217910767,3.102269172668457,2.2011845111846924,3.1007458329200746,2.1628096461296082,0.0,0,two_ankles,accepted,3.102269172668457,2.2011845111846924,0.06982743385631779
1,0.03333333333333333,detected,3,1,0.92009437084198,ankle_midpoint,897.931396484375,858.0494384765625,0.9890402555465698,0.9803968667984009,2.6594979763031006,10.286750793457031,2.6595165967941288,10.299642992019653,0.0,0,two_ankles,accepted,2.6594979763031006,10.286750793457031,0.023440385472020184
1,0.03333333333333333,detected,4,2,0.8920732140541077,ankle_midpoint,980.04248046875,777.6004638671875,0.9869289398193359,0.9888790845870972,3.153683662414551,8.256690979003906,3.159315574169159,8.248703050613404,0.0,0,two_ankles,accepted,3.153683662414551,8.256690979003906,0.017770383940702787
2,0.06666666666666667,detected,1,3,0.8909111022949219,ankle_midpoint,863.1885375976562,633.643798828125,0.9093770980834961,0.9156002998352051,2.198086977005005,3.1913018226623535,2.1816641956567766,3.1729197460412983,0.0,0,two_ankles,accepted,2.198086977005005,3.1913018226623535,0.07255580111876567
2,0.06666666666666667,detected,2,5,0.6264206171035767,ankle_midpoint,973.1273193359375,609.7547607421875,0.3270764648914337,0.26507189869880676,3.117100477218628,2.05161190032959,3.1081054228544236,2.1127706605196,0.0,0,two_ankles,accepted,3.117100477218628,2.05161190032959,0.15030613265157167
2,0.06666666666666667,detected,3,1,0.9145861268043518,ankle_midpoint,898.376953125,857.3837890625,0.9899459481239319,0.9801605343818665,2.6617774963378906,10.271723747253418,2.6605340015888217,10.287079331874848,0.0,0,two_ankles,accepted,2.6617774963378906,10.271723747253418,0.015198958161483882
2,0.06666666666666667,detected,4,2,0.8953615427017212,ankle_midpoint,979.6801147460938,778.900390625,0.9953012466430664,0.9940133690834045,3.1511518955230713,8.293099403381348,3.1556419187784197,8.26868140935898,0.0,0,two_ankles,accepted,3.1511518955230713,8.293099403381348,0.03649634514907844
3,0.1,detected,1,3,0.8826621174812317,ankle_midpoint,863.0853271484375,631.99658203125,0.8809409737586975,0.9004502296447754,2.1945717334747314,3.1176860332489014,2.1874725876748564,3.14806457528472,0.0,0,two_ankles,accepted,2.1945717334747314,3.1176860332489014,0.07369967020308071
3,0.1,detected,2,5,0.6928070783615112,ankle_midpoint,972.65625,607.840576171875,0.34933385252952576,0.29053404927253723,3.1131114959716797,1.9579689502716064,3.110358155757189,2.043109890908003,0.0,0,two_ankles,accepted,3.1131114959716797,1.9579689502716064,0.09372787241237517
3,0.1,detected,3,1,0.915535032749176,ankle_midpoint,898.421142578125,856.8394775390625,0.988403856754303,0.9803134799003601,2.661745071411133,10.259458541870117,2.6610789830088617,10.27464997637272,0.0,0,two_ankles,accepted,2.661745071411133,10.259458541870117,0.012265248243326579
3,0.1,detected,4,2,0.9059669375419617,ankle_midpoint,975.0410766601562,773.5770263671875,0.9707427024841309,0.9571742415428162,3.1208431720733643,8.144083976745605,3.1399824827611447,8.212612564682962,0.0,0,two_ankles,accepted,3.1208431720733643,8.144083976745605,0.15206648576390225
4,0.13333333333333333,detected,1,3,0.8672625422477722,ankle_midpoint,861.355224609375,632.6527099609375,0.9580045938491821,0.9658922553062439,2.181177854537964,3.1474597454071045,2.1846399577632547,3.1477924018397934,0.0,0,two_ankles,accepted,2.181177854537964,3.1474597454071045,0.032647663448588764
4,0.13333333333333333,detected,2,5,0.5757231116294861,ankle_midpoint,970.721923828125,604.5033569335938,0.32954511046409607,0.2721794545650482,3.0962719917297363,1.7933344841003418,3.104019381944836,1.9307109578445556,0.0,0,two_ankles,accepted,3.0962719917297363,1.7933344841003418,0.1654934329652138
4,0.13333333333333333,detected,3,1,0.9162827730178833,ankle_midpoint,898.2874755859375,857.60888671875,0.9872153997421265,0.9803967475891113,2.6613688468933105,10.276800155639648,2.6612094217568636,10.275617557042839,0.0,0,two_ankles,accepted,2.6613688468933105,10.276800155639648,0.01734569436544431
4,0.13333333333333333,detected,4,2,0.9021987915039062,ankle_midpoint,973.0142822265625,774.5573120117188,0.9697384238243103,0.9545354247093201,3.1073191165924072,8.172144889831543,3.125283967985213,8.194402110999825,0.0,0,two_ankles,accepted,3.1073191165924072,8.172144889831543,0.031149878328310406
5,0.16666666666666666,detected,1,3,0.8269709348678589,ankle_midpoint,863.77880859375,634.0733642578125,0.9357126951217651,0.9659478664398193,2.2036943435668945,3.210301160812378,2.193214431374893,3.1759213433774565,0.0,0,two_ankles,accepted,2.2036943435668945,3.210301160812378,0.06675354498697499
5,0.16666666666666666,detected,2,5,0.4400192201137543,ankle_midpoint,966.269287109375,605.4583129882812,0.4053148925304413,0.3894084095954895,3.057051658630371,1.841883897781372,3.082883906453327,1.8907387808161231,0.0,0,two_ankles,accepted,3.057051658630371,1.841883897781372,0.0624121790774603
5,0.16666666666666666,detected,3,1,0.9168558716773987,ankle_midpoint,898.3274536132812,858.644775390625,0.9849627017974854,0.9802399277687073,2.6621646881103516,10.300065040588379,2.6616392916159333,10.286618924638333,0.0,0,two_ankles,accepted,2.6621646881103516,10.300065040588379,0.02327849296927116
5,0.16666666666666666,detected,4,2,0.8885154128074646,ankle_midpoint,970.581298828125,778.231689453125,0.9609019756317139,0.9324672818183899,3.0910933017730713,8.275816917419434,3.1098981681897495,8.231038773888649,0.0,0,two_ankles,accepted,3.0910933017730713,8.275816917419434,0.1049341048979584
6,0.2,detected,1,3,0.7950730919837952,ankle_midpoint,863.5060424804688,633.7133178710938,0.9420363903045654,0.9668971300125122,2.200845956802368,3.194329023361206,2.196648617817257,3.184204799370144,0.0,0,two_ankles,accepted,2.200845956802368,3.194329023361206,0.01622413270161016
6,0.2,detected,2,5,0.5555405020713806,ankle_midpoint,968.936279296875,601.2644653320312,0.31094592809677124,0.2584575414657593,3.0805342197418213,1.6314966678619385,3.08182654743315,1.7740798299867402,0.0,0,two_ankles,accepted,3.0805342197418213,1.6314966678619385,0.21169368717447765
6,0.2,detected,3,1,0.9201507568359375,ankle_midpoint,898.33984375,858.4132080078125,0.9827112555503845,0.9806309938430786,2.6621131896972656,10.294867515563965,2.661852545752533,10.290330790554869,0.0,0,two_ankles,accepted,2.6621131896972656,10.294867515563965,0.005197780147905524
6,0.2,detected,4,2,0.8823836445808411,ankle_midpoint,966.8541870117188,779.48974609375,0.9597752094268799,0.9241887331008911,3.066488027572632,8.311504364013672,3.0903636049120466,8.26724828944491,0.0,0,two_ankles,accepted,3.066488027572632,8.311504364013672,0.043347587740212495
7,0.23333333333333334,detected,1,3,0.8083758354187012,ankle_midpoint,862.6004638671875,635.2945556640625,0.9252939820289612,0.9510321021080017,2.1958394050598145,3.2647883892059326,2.196284472076408,3.220467414796249,0.0,0,two_ankles,accepted,2.1958394050598145,3.2647883892059326,0.07063701434511432
7,0.23333333333333334,detected,2,5,0.5684869289398193,ankle_midpoint,968.0240478515625,600.87158203125,0.30033981800079346,0.24494288861751556,3.072434902191162,1.611899971961975,3.0776003070742552,1.701098893875596,0.0,0,two_ankles,accepted,3.072434902191162,1.611899971961975,0.021204467335494595
7,0.23333333333333334,detected,3,1,0.9196752309799194,ankle_midpoint,897.9334716796875,859.3123779296875,0.9817444682121277,0.9804696440696716,2.6601948738098145,10.315079689025879,2.66110659337831,10.301467794866824,0.0,0,two_ankles,accepted,2.6601948738098145,10.315079689025879,0.020303002041534415
7,0.23333333333333334,detected,4,2,0.8743705749511719,ankle_midpoint,964.871337890625,775.7960205078125,0.9476991295814514,0.9124034643173218,3.0532710552215576,8.208351135253906,3.0736719575513267,8.240744570058958,0.0,0,two_ankles,accepted,3.0532710552215576,8.208351135253906,0.10399652379620003
8,0.26666666666666666,detected,1,3,0.6676011681556702,ankle_midpoint,862.0814208984375,634.7491455078125,0.8571763634681702,0.8828482627868652,2.1906440258026123,3.2407164573669434,2.1937462712532,3.229579483953062,0.0,0,two_ankles,accepted,2.1906440258026123,3.2407164573669434,0.024626202875943158
8,0.26666666666666666,detected,2,5,0.7045744061470032,ankle_midpoint,963.94580078125,608.6912841796875,0.4662780165672302,0.393022358417511,3.0368661880493164,2.00182843208313,3.0732578116609215,1.6279068279896562,0.0,0,two_ankles,corrected_motion_outlier,3.0679503172668463,1.5384498585735078,0.3915473629564619
8,0.26666666666666666,detected,3,1,0.9124390482902527,ankle_midpoint,897.418212890625,858.744873046875,0.9808632135391235,0.9798992872238159,2.656838893890381,10.302428245544434,2.659186128608742,10.301899997671748,0.0,0,two_ankles,accepted,2.656838893890381,10.302428245544434,0.013088988631053455
8,0.26666666666666666,detected,4,2,0.8797924518585205,ankle_midpoint,968.853271484375,775.78759765625,0.9639831185340881,0.9396164417266846,3.0796756744384766,8.207497596740723,3.0763736301505444,8.225783432065752,0.0,0,two_ankles,accepted,3.0796756744384766,8.207497596740723,0.0264184110798506
9,0.3,detected,1,3,0.558280885219574,ankle_midpoint,858.566650390625,640.512939453125,0.6224661469459534,0.7007330656051636,2.1709113121032715,3.494697332382202,2.1834705396357323,3.3488825157461752,0.0,0,two_ankles,accepted,2.1709113121032715,3.494697332382202,0.2547462754653278
9,0.3,detected,2,5,0.780142605304718,ankle_midpoint,961.9840087890625,610.5889892578125,0.5092287063598633,0.424712210893631,3.0199227333068848,2.0949387550354004,3.0492570264016052,1.838071195160241,0.0,0,two_ankles,accepted,3.0199227333068848,2.0949387550354004,0.2429423768272975
9,0.3,detected,3,1,0.9132018089294434,ankle_midpoint,898.729248046875,858.3042602539062,0.9932611584663391,0.9924140572547913,2.6643598079681396,10.292370796203613,2.661514284320471,10.297611857011088,0.0,0,two_ankles,accepted,2.6643598079681396,10.292370796203613,0.012558520446620982
9,0.3,detected,4,2,0.8219748735427856,ankle_midpoint,971.385009765625,767.8802490234375,0.9630441665649414,0.9494965076446533,3.096663236618042,7.981844425201416,3.0855039530609183,8.116010878976802,0.0,0,two_ankles,accepted,3.096663236618042,7.981844425201416,0.22629169470962107
10,0.3333333333333333,detected,1,3,0.6144857406616211,ankle_midpoint,858.58154296875,638.93310546875,0.730180561542511,0.744502604007721,2.168445348739624,3.4258177280426025,2.1767092037324836,3.3835033612795677,0.0,0,two_ankles,accepted,2.168445348739624,3.4258177280426025,0.06892373226466078
10,0.3333333333333333,detected,2,5,0.7581036686897278,ankle_midpoint,958.174072265625,611.690673828125,0.48519161343574524,0.40009355545043945,2.9869143962860107,2.1493237018585205,3.021202842849588,1.978134823174467,0.0,0,two_ankles,accepted,2.9869143962860107,2.1493237018585205,0.0636181794288174
10,0.3333333333333333,detected,3,1,0.9133991003036499,ankle_midpoint,899.879638671875,856.5638427734375,0.9936151504516602,0.9929559230804443,2.670250177383423,10.25305461883545,2.6654454361988,10.277561099832052,0.0,0,two_ankles,accepted,2.670250177383423,10.25305461883545,0.039754977734787374
10,0.3333333333333333,detected,4,2,0.7926825881004333,ankle_midpoint,967.5709838867188,766.2578735351562,0.9442191123962402,0.9419838190078735,3.071058511734009,7.935583591461182,3.0790035044638095,8.034818599594773,0.0,0,two_ankles,accepted,3.071058511734009,7.935583591461182,0.05287406429175495
11,0.36666666666666664,detected,1,3,0.665476381778717,ankle_midpoint,858.5838012695312,642.6068725585938,0.8316380381584167,0.8464669585227966,2.1744608879089355,3.5853824615478516,2.175697461611887,3.474348956400296,0.0,0,two_ankles,accepted,2.1744608879089355,3.5853824615478516,0.1596780851904815
11,0.36666666666666664,detected,2,5,0.6446114778518677,ankle_midpoint,959.5789794921875,620.9375610351562,0.7968244552612305,0.7298183441162109,3.0005152225494385,2.589118480682373,2.9970336304616914,2.074496292607521,0.0,0,two_ankles,corrected_motion_outlier,2.967493481987595,2.192271421914587,0.44000503401185004
11,0.36666666666666664,detected,3,1,0.9143770933151245,ankle_midpoint,903.1698608398438,852.92529296875,0.9951308965682983,0.9949418902397156,2.6879286766052246,10.170166969299316,2.675562894381691,10.229233741092322,0.0,0,two_ankles,accepted,2.6879286766052246,10.170166969299316,0.08475194263472681
11,0.36666666666666664,detected,4,2,0.7734353542327881,ankle_midpoint,966.5677490234375,766.1622314453125,0.9105744361877441,0.9570581316947937,3.0643107891082764,7.9329729080200195,3.0723917825538196,7.988988038386134,0.0,0,two_ankles,accepted,3.0643107891082764,7.9329729080200195,0.007235152290296264
12,0.4,detected,1,3,0.2980765700340271,ankle_midpoint,865.1419067382812,634.26904296875,0.5435260534286499,0.6186404228210449,2.215360403060913,3.2187016010284424,2.174346498480548,3.560640489105883,0.0,0,two_ankles,corrected_motion_outlier,2.1726953213200217,3.6661079179682665,0.3689547720397735
12,0.4,detected,2,5,0.82741779088974,ankle_midpoint,965.448974609375,625.5548095703125,0.941369354724884,0.9282563328742981,3.0509278774261475,2.8019051551818848,2.9750011522140607,2.146821574820931,0.0,0,two_ankles,corrected_motion_outlier,2.948072567689179,2.2352191419706537,0.32785678237201105
12,0.4,detected,3,1,0.9151244163513184,ankle_midpoint,912.147216796875,847.89501953125,0.9817638993263245,0.9846475124359131,2.7392265796661377,10.053682327270508,2.704211552759692,10.150235604872506,0.0,0,two_ankles,accepted,2.7392265796661377,10.053682327270508,0.12727979685333615
12,0.4,detected,4,2,0.40079450607299805,ankle_midpoint,966.2523193359375,766.1144409179688,0.6742545366287231,0.7174031734466553,3.0621883869171143,7.931638717651367,3.0678002545173024,7.96318084405549,0.0,0,two_ankles,accepted,3.0621883869171143,7.931638717651367,0.002506921418962788
13,0.43333333333333335,detected,1,3,0.4454883635044098,ankle_midpoint,868.08642578125,641.7345581054688,0.6261650919914246,0.6687588691711426,2.2511367797851562,3.545607805252075,2.2089021250676217,3.55387578137167,0.0,0,two_ankles,accepted,2.2511367797851562,3.545607805252075,0.04318916437736736
13,0.43333333333333335,detected,2,5,0.8174281716346741,ankle_midpoint,966.6932373046875,620.7864990234375,0.9386781454086304,0.9271003603935242,3.0613129138946533,2.580392599105835,3.0138414449703275,2.3419285357491377,0.0,0,two_ankles,accepted,3.0613129138946533,2.580392599105835,0.14581401151862344
13,0.43333333333333335,detected,3,1,0.9150529503822327,ankle_midpoint,914.3360595703125,850.17431640625,0.9909612536430359,0.9913440942764282,2.7533371448516846,10.105829238891602,2.7263180692010893,10.1302527401811,0.0,0,two_ankles,accepted,2.7533371448516846,10.105829238891602,0.054022295781221016
13,0.43333333333333335,detected,4,2,0.4639420807361603,ankle_midpoint,969.1356201171875,767.4615478515625,0.7535459995269775,0.8176066279411316,3.081575393676758,7.970125675201416,3.0739990671390576,7.966306018071157,0.0,0,two_ankles,accepted,3.081575393676758,7.970125675201416,0.04309410554307544
14,0.4666666666666667,detected,1,3,0.5005635023117065,ankle_midpoint,863.8900146484375,654.2483520507812,0.5477640628814697,0.6872835755348206,2.2356011867523193,4.076301574707031,2.2334295179485073,3.5706351339375315,0.0,0,two_ankles,corrected_motion_outlier,2.263407442580701,3.591118787073584,0.5309211161643431
14,0.4666666666666667,detected,2,5,0.8411173224449158,ankle_midpoint,962.955078125,614.6292114257812,0.9472788572311401,0.9406100511550903,3.028773784637451,2.2897191047668457,3.0205609978205334,2.3184342918071064,0.0,0,two_ankles,accepted,3.028773784637451,2.2897191047668457,0.29248910277830065
14,0.4666666666666667,detected,3,1,0.8897523880004883,ankle_midpoint,926.1707763671875,849.517333984375,0.9917888045310974,0.9924461245536804,2.8239400386810303,10.08918571472168,2.770247955467063,10.111772578724361,0.0,0,two_ankles,accepted,2.8239400386810303,10.08918571472168,0.0725380969827072
14,0.4666666666666667,detected,4,2,0.3439735174179077,ankle_midpoint,947.3645629882812,766.8441162109375,0.7086958289146423,0.7532477378845215,2.9353272914886475,7.955735206604004,3.011596768096373,7.961549152910939,0.0,0,two_ankles,accepted,2.9353272914886475,7.955735206604004,0.14695439081591632
15,0.5,detected,1,3,0.48002105951309204,ankle_midpoint,864.4974365234375,645.4305419921875,0.6432793736457825,0.7635301947593689,2.2272939682006836,3.70532488822937,2.230668520561987,3.631245523368859,0.0,0,two_ankles,accepted,2.2272939682006836,3.70532488822937,0.08074346143655964
15,0.5,detected,2,5,0.824390709400177,ankle_midpoint,962.01953125,615.53173828125,0.9711881875991821,0.9679461121559143,3.020782709121704,2.3330979347229004,3.0206607679060604,2.325032931119214,0.0,0,two_ankles,accepted,3.020782709121704,2.3330979347229004,0.04410873129273477
15,0.5,detected,3,1,0.8899905681610107,ankle_midpoint,930.5186767578125,852.4600830078125,0.9942829608917236,0.9959035515785217,2.8508622646331787,10.15597915649414,2.8065243945918157,10.131665538720762,0.0,0,two_ankles,accepted,2.8508622646331787,10.15597915649414,0.07201506865948032
15,0.5,predicted,4,,,motion_prediction,,,,,,,2.8865820617404894,7.946076262645392,,1,,motion_prediction,2.8865820617404894,7.946076262645392,
16,0.5333333333333333,detected,1,3,0.5576375722885132,ankle_midpoint,862.3543701171875,637.735595703125,0.49690482020378113,0.6512391567230225,2.1977014541625977,3.3725130558013916,2.23086151945482,3.6904709200233428,0.0,0,two_ankles,corrected_motion_outlier,2.231097406990505,3.7628575159343773,0.33412487589397344
16,0.5333333333333333,detected,2,5,0.8543030023574829,ankle_midpoint,963.4766845703125,614.0213012695312,0.9575104117393494,0.9541879892349243,3.0332319736480713,2.2604427337646484,3.0263178104899655,2.29596734230966,0.0,0,two_ankles,accepted,3.0332319736480713,2.2604427337646484,0.07371405845245152
16,0.5333333333333333,detected,3,1,0.9062615633010864,ankle_midpoint,937.3265380859375,852.912109375,0.9899152517318726,0.9936472773551941,2.8915963172912598,10.165389060974121,2.8448067598065654,10.146841123734774,0.0,0,two_ankles,accepted,2.8915963172912598,10.165389060974121,0.04180680983133821
16,0.5333333333333333,predicted,4,,,motion_prediction,,,,,,,2.8378368319923313,7.936417318686781,,2,,motion_prediction,2.8378368319923313,7.936417318686781,
17,0.5666666666666667,detected,1,3,0.6893888115882874,ankle_midpoint,855.8648681640625,647.6294555664062,0.6578787565231323,0.7616675496101379,2.160423994064331,3.800746202468872,2.1991646330291,3.740094797123831,0.0,0,two_ankles,accepted,2.160423994064331,3.800746202468872,0.05825980744087264
17,0.5666666666666667,detected,2,5,0.8646969199180603,ankle_midpoint,963.635009765625,614.0780029296875,0.9441142678260803,0.9396530389785767,3.0346076488494873,2.263126850128174,3.0300482377517506,2.2811891208279915,0.0,0,two_ankles,accepted,3.0346076488494873,2.263126850128174,0.0030161171914790982
17,0.5666666666666667,detected,3,1,0.9106941819190979,ankle_midpoint,939.9818115234375,862.0813598632812,0.9917569756507874,0.9957038760185242,2.9094595909118652,10.371459007263184,2.8739005338039503,10.24791917132256,0.0,0,two_ankles,accepted,2.9094595909118652,10.371459007263184,0.20684274052531243
17,0.5666666666666667,predicted,4,,,motion_prediction,,,,,,,2.7890916022441727,7.926758374728169,,3,,motion_prediction,2.7890916022441727,7.926758374728169,
18,0.6,detected,1,3,0.622195303440094,ankle_midpoint,861.6090087890625,638.0732421875,0.7743569612503052,0.8973975777626038,2.1920735836029053,3.387495756149292,2.1775778408777393,3.791730651629175,0.0,0,two_ankles,corrected_motion_outlier,2.151193983803853,3.8548411404690395,0.4144606469874943
18,0.6,detected,2,5,0.8426827788352966,ankle_midpoint,966.6513671875,610.1138305664062,0.9713332653045654,0.968890905380249,3.060581922531128,2.0706827640533447,3.0437883959024705,2.1864612602794007,0.0,0,two_ankles,accepted,3.060581922531128,2.0706827640533447,0.1941890551974158
18,0.6,detected,3,1,0.9069512486457825,ankle_midpoint,944.6575927734375,866.3436279296875,0.9763115048408508,0.9834399223327637,2.937793254852295,10.465165138244629,2.9026522582757055,10.345679856437492,0.0,0,two_ankles,accepted,2.937793254852295,10.465165138244629,0.09789604433173482
18,0.6,predicted,4,,,motion_prediction,,,,,,,2.7403463724960146,7.917099430769557,,4,,motion_prediction,2.7403463724960146,7.917099430769557,
19,0.6333333333333333,detected,1,3,0.6328427791595459,ankle_midpoint,858.9970703125,639.8555908203125,0.7728187441825867,0.9008951783180237,2.17338490486145,3.465991735458374,2.1756910196704093,3.6451481393523144,0.0,0,two_ankles,accepted,2.17338490486145,3.465991735458374,0.1675026405703605
19,0.6333333333333333,detected,2,5,0.846061110496521,ankle_midpoint,966.9191284179688,608.81103515625,0.9497070908546448,0.9434967637062073,3.0628767013549805,2.006974935531616,3.0523781333561004,2.1056924141428977,0.0,0,two_ankles,accepted,3.0628767013549805,2.006974935531616,0.06374914450252935
19,0.6333333333333333,detected,3,1,0.9113287329673767,ankle_midpoint,939.292724609375,870.1089477539062,0.9881414175033569,0.9936469197273254,2.9071764945983887,10.54830551147461,2.904688164620913,10.436861401204196,0.0,0,two_ankles,accepted,2.9071764945983887,10.54830551147461,0.0885985760002136
19,0.6333333333333333,detected,4,12,0.37844517827033997,ankle_midpoint,885.23046875,791.122802734375,0.7398188710212708,0.3890017569065094,2.5373849868774414,8.642467498779297,2.798201466547854,8.2679624085517,0.7510308456079349,0,two_ankles,accepted,2.5373849868774414,8.642467498779297,0.1587399532462587
20,0.6666666666666666,detected,1,3,0.6989691257476807,ankle_midpoint,857.9652709960938,646.2057495117188,0.8035635352134705,0.9212850332260132,2.1752171516418457,3.7398040294647217,2.1754777790575557,3.687743289902898,0.0,0,two_ankles,accepted,2.1752171516418457,3.7398040294647217,0.273818424283836
20,0.6666666666666666,detected,2,5,0.855657160282135,ankle_midpoint,968.9718017578125,611.9721069335938,0.941037654876709,0.9388009309768677,3.0808181762695312,2.1603615283966064,3.065176152667145,2.130293515557067,0.0,0,two_ankles,accepted,3.0808181762695312,2.1603615283966064,0.15443232625600034
20,0.6666666666666666,detected,3,1,0.9058621525764465,ankle_midpoint,939.2924194335938,869.6173095703125,0.9840171933174133,0.9901208877563477,2.907066822052002,10.53758430480957,2.9057585604649034,10.482186707826616,0.0,0,two_ankles,accepted,2.907066822052002,10.53758430480957,0.010721767597831477
20,0.6666666666666666,detected,4,12,0.40238937735557556,ankle_midpoint,902.6101684570312,792.9964599609375,0.9315203428268433,0.7966464161872864,2.6511919498443604,8.690193176269531,2.732047184031282,8.457966254024724,0.0,0,two_ankles,accepted,2.6511919498443604,8.690193176269531,0.1234089344887781
21,0.7,detected,1,3,0.725829541683197,ankle_midpoint,855.6323852539062,649.38720703125,0.8051077127456665,0.9223090410232544,2.1613993644714355,3.8750569820404053,2.169142492493802,3.7720344513647763,0.0,0,two_ankles,accepted,2.1613993644714355,3.8750569820404053,0.13595695062308094
21,0.7,detected,2,5,0.8631638884544373,ankle_midpoint,970.1423950195312,614.8350830078125,0.9643387198448181,0.9650698304176331,3.090930700302124,2.297870635986328,3.0767656991028858,2.2057032197502346,0.0,0,two_ankles,accepted,3.090930700302124,2.297870635986328,0.1378804475349258
21,0.7,detected,3,1,0.9066336750984192,ankle_midpoint,942.140869140625,870.8069458007812,0.9894752502441406,0.984135091304779,2.923928737640381,10.563143730163574,2.9139351401938685,10.518617367878246,0.0,0,two_ankles,accepted,2.923928737640381,10.563143730163574,0.03062039225314583
21,0.7,detected,4,12,0.6459701061248779,ankle_midpoint,899.0064086914062,785.2711181640625,0.7610480785369873,0.38267388939857483,2.622911214828491,8.481521606445312,2.6829359978900262,8.468566162613989,0.0,0,two_ankles,accepted,2.622911214828491,8.481521606445312,0.21057925829943844
22,0.7333333333333333,detected,1,3,0.6610602736473083,ankle_midpoint,859.1622924804688,649.158935546875,0.8292209506034851,0.9262505173683167,2.1896538734436035,3.8646841049194336,2.178372613921213,3.813726795464372,0.0,0,two_ankles,accepted,2.1896538734436035,3.8646841049194336,0.03009840289824525
22,0.7333333333333333,detected,2,5,0.862417995929718,ankle_midpoint,970.46923828125,614.5011596679688,0.9704523086547852,0.9715823531150818,3.0937657356262207,2.281798839569092,3.0844157155383867,2.2399462486687205,0.0,0,two_ankles,accepted,3.0937657356262207,2.281798839569092,0.01631992847306527
22,0.7333333333333333,detected,3,1,0.9098700881004333,ankle_midpoint,942.574951171875,870.4520263671875,0.9911541938781738,0.9847390651702881,2.926389694213867,10.555363655090332,2.9195396895028685,10.535153197123686,0.0,0,two_ankles,accepted,2.926389694213867,10.555363655090332,0.008160016875097134
22,0.7333333333333333,detected,4,12,0.8114817142486572,ankle_midpoint,897.6666870117188,782.2369384765625,0.8056159019470215,0.5069583654403687,2.6121294498443604,8.398290634155273,2.651073051269477,8.436942174807568,0.0,0,two_ankles,accepted,2.6121294498443604,8.398290634155273,0.0839264035004377
23,0.7666666666666667,detected,1,3,0.6754732728004456,ankle_midpoint,861.28466796875,650.51025390625,0.8881652355194092,0.95374596118927,2.208949089050293,3.9210569858551025,2.1921320277292993,3.8620253811402008,0.0,0,two_ankles,accepted,2.208949089050293,3.9210569858551025,0.059583613941214905
23,0.7666666666666667,detected,2,5,0.8673394322395325,ankle_midpoint,970.0828857421875,614.5908203125,0.9682283997535706,0.9670600891113281,3.090421438217163,2.286187171936035,3.0871182907438364,2.260754664139012,0.0,0,two_ankles,accepted,3.090421438217163,2.286187171936035,0.005517407554548803
23,0.7666666666666667,detected,3,1,0.9136786460876465,ankle_midpoint,942.8076171875,871.1673583984375,0.9949246644973755,0.9917955994606018,2.927884340286255,10.57089614868164,2.9232947823553923,10.551237525324765,0.0,0,two_ankles,accepted,2.927884340286255,10.57089614868164,0.015604240578949893
23,0.7666666666666667,detected,4,12,0.8432210087776184,ankle_midpoint,895.1642456054688,782.7637939453125,0.8862667679786682,0.6660761833190918,2.596064329147339,8.41321086883545,2.626319126314515,8.426263087120116,0.0,0,two_ankles,accepted,2.596064329147339,8.41321086883545,0.021924906064140576
24,0.8,detected,1,3,0.6349478363990784,ankle_midpoint,859.5706787109375,648.1751098632812,0.8622184991836548,0.9185083508491516,2.191418409347534,3.8230533599853516,2.191810899457505,3.844487971620519,0.0,0,two_ankles,accepted,2.191418409347534,3.8230533599853516,0.09955920557366275
24,0.8,detected,2,5,0.8668075203895569,ankle_midpoint,970.0509033203125,616.3582763671875,0.9735891819000244,0.9719798564910889,3.090108633041382,2.3705954551696777,3.088463944777732,2.310183020102812,0.0,0,two_ankles,accepted,3.090108633041382,2.3705954551696777,0.08440886283755292
24,0.8,detected,3,1,0.9147726893424988,ankle_midpoint,944.272216796875,870.91455078125,0.9956366419792175,0.9916946291923523,2.936370611190796,10.565214157104492,2.929178905331324,10.557527009625643,0.0,0,two_ankles,accepted,2.936370611190796,10.565214157104492,0.010212826354542858
24,0.8,detected,4,12,0.8605594635009766,ankle_midpoint,889.6953125,784.6085205078125,0.9360243678092957,0.6852948665618896,2.561553955078125,8.464774131774902,2.5971747992581395,8.44359305721477,0.0,0,two_ankles,accepted,2.561553955078125,8.464774131774902,0.06204624084793735
25,0.8333333333333334,detected,1,3,0.6043497920036316,ankle_midpoint,860.4749755859375,657.7083740234375,0.7766658067703247,0.8344728350639343,2.2134125232696533,4.219412803649902,2.1919877267447294,3.836813216795905,0.0,0,two_ankles,corrected_motion_outlier,2.1922038489846702,3.827432960899154,0.3969692048878494
25,0.8333333333333334,detected,2,5,0.865336537361145,ankle_midpoint,968.4251098632812,616.0469970703125,0.9740328788757324,0.972732663154602,3.0760910511016846,2.356156349182129,3.082896142623511,2.330871018188505,0.0,0,two_ankles,accepted,3.0760910511016846,2.356156349182129,0.02012412445687502
25,0.8333333333333334,detected,3,1,0.9131588935852051,ankle_midpoint,945.4447021484375,870.65380859375,0.9956205487251282,0.991664707660675,2.9431581497192383,10.559392929077148,2.9354695653058855,10.55836667337882,0.0,0,two_ankles,accepted,2.9431581497192383,10.559392929077148,0.008941888783776176
25,0.8333333333333334,detected,4,12,0.8701747059822083,ankle_midpoint,883.6881103515625,782.98828125,0.948674201965332,0.7109575867652893,2.5209572315216064,8.42114543914795,2.5628768937767,8.4334916290847,0.0,0,two_ankles,accepted,2.5209572315216064,8.42114543914795,0.059594939247066464
26,0.8666666666666667,detected,1,3,0.6095400452613831,ankle_midpoint,860.3084106445312,672.3687133789062,0.7611494660377502,0.870582103729248,2.233713388442993,4.804166793823242,2.1924384295894144,3.8345629220535784,0.3232066608971389,0,two_ankles,corrected_motion_outlier,2.1929892886218063,3.8318125618129564,0.49101233062772015
26,0.8666666666666667,detected,2,5,0.8588560819625854,ankle_midpoint,966.85205078125,609.908935546875,0.9757048487663269,0.9726709723472595,3.0623257160186768,2.0606460571289062,3.073639450651336,2.209269785711686,0.0,0,two_ankles,accepted,3.0623257160186768,2.0606460571289062,0.29583072382585357
26,0.8666666666666667,detected,3,1,0.9167840480804443,ankle_midpoint,947.3043212890625,869.6201171875,0.9957045912742615,0.9913619160652161,2.953833818435669,10.536628723144531,2.943733479214288,10.548584595773391,0.0,0,two_ankles,accepted,2.953833818435669,10.536628723144531,0.0251431695353943
26,0.8666666666666667,detected,4,12,0.8443345427513123,ankle_midpoint,883.8006591796875,775.0487060546875,0.9309448599815369,0.7776728868484497,2.515282392501831,8.199850082397461,2.541459368203009,8.328352933075443,0.0,0,two_ankles,accepted,2.515282392501831,8.199850082397461,0.2213681068203508
27,0.9,detected,1,3,0.3192708194255829,ankle_midpoint,863.7325439453125,683.0254516601562,0.6619418263435364,0.7923961281776428,2.2749710083007812,5.2105560302734375,2.193039763990702,3.8352960803565104,0.726760282805433,0,two_ankles,corrected_motion_outlier,2.193774728258942,3.8361921627267592,0.4633386926366801
27,0.9,detected,2,5,0.8663054704666138,ankle_midpoint,965.4149169921875,608.2463989257812,0.9723162651062012,0.9683336019515991,3.0496909618377686,1.979657769203186,3.0628626306852307,2.105944378282861,0.0,0,two_ankles,accepted,3.0496909618377686,1.979657769203186,0.08196791929987815
27,0.9,detected,3,1,0.920882523059845,ankle_midpoint,951.4262084960938,866.139404296875,0.9917962551116943,0.9845755100250244,2.977442979812622,10.459805488586426,2.958902754483539,10.508633997539258,0.0,0,two_ankles,accepted,2.977442979812622,10.459805488586426,0.0803691599364626
27,0.9,detected,4,12,0.8590542674064636,ankle_midpoint,888.1990356445312,769.765380859375,0.980338990688324,0.9043663144111633,2.5403335094451904,8.049070358276367,2.540952731761991,8.202675774415859,0.0,0,two_ankles,accepted,2.5403335094451904,8.049070358276367,0.1528466017487566
28,0.9333333333333333,detected,1,3,0.3865772783756256,ankle_midpoint,876.326416015625,674.4677124023438,0.8570825457572937,0.9142920970916748,2.3610644340515137,4.882314205169678,2.2686508655180675,4.306454236522436,0.40496492127985195,0,two_ankles,accepted,2.3610644340515137,4.882314205169678,0.2681899177633357
28,0.9333333333333333,detected,2,5,0.843712568283081,ankle_midpoint,964.6973876953125,607.8428344726562,0.9606833457946777,0.9556981325149536,3.043381929397583,1.9600105285644531,3.0540963151057894,2.040274145909578,0.0,0,two_ankles,accepted,3.043381929397583,1.9600105285644531,0.020635356915924462
28,0.9333333333333333,detected,3,1,0.9220680594444275,ankle_midpoint,952.9747924804688,863.8543701171875,0.9922069907188416,0.9860674738883972,2.98625111579895,10.40914535522461,2.971209517075474,10.463864108497667,0.0,0,two_ankles,accepted,2.98625111579895,10.40914535522461,0.05142015530694819
28,0.9333333333333333,detected,4,12,0.8597066402435303,ankle_midpoint,886.5238647460938,770.8045043945312,0.9791617393493652,0.9309245944023132,2.5299689769744873,8.079036712646484,2.5360100421076144,8.147038196619642,0.0,0,two_ankles,accepted,2.5299689769744873,8.079036712646484,0.03170813661462466
29,0.9666666666666667,detected,1,3,0.502180814743042,ankle_midpoint,878.3004150390625,668.217529296875,0.8090131282806396,0.8629124164581299,2.3688604831695557,4.637933254241943,2.313745193461237,4.455619794496215,0.0,0,two_ankles,accepted,2.3688604831695557,4.637933254241943,0.24450527102333527
29,0.9666666666666667,detected,2,5,0.8420963287353516,ankle_midpoint,962.712158203125,604.21728515625,0.9559341669082642,0.9481165409088135,3.0256175994873047,1.781048059463501,3.0412808930774715,1.9236224070088435,0.0,0,two_ankles,accepted,3.0256175994873047,1.781048059463501,0.17984197720184925
29,0.9666666666666667,detected,3,1,0.9264483451843262,ankle_midpoint,953.85498046875,862.9227294921875,0.993502676486969,0.9893196821212769,2.9913220405578613,10.388373374938965,2.9802601526425483,10.429893278396252,0.0,0,two_ankles,accepted,2.9913220405578613,10.388373374938965,0.02138198874982734
29,0.9666666666666667,detected,4,12,0.8874577283859253,ankle_midpoint,873.0235595703125,769.4241943359375,0.9761631488800049,0.8543200492858887,2.4385790824890137,8.041679382324219,2.4921661102792445,8.099626730186701,0.0,0,two_ankles,accepted,2.4385790824890137,8.041679382324219,0.09873035471866223
30,1.0,detected,1,3,0.5398044586181641,ankle_midpoint,880.9269409179688,666.2825927734375,0.7311180233955383,0.782335638999939,2.3871748447418213,4.5608015060424805,2.3467885365375003,4.502951564692035,0.0,0,two_ankles,accepted,2.3871748447418213,4.5608015060424805,0.07927624120822724
30,1.0,detected,2,5,0.8320934772491455,ankle_midpoint,961.7385864257812,605.664306640625,0.9308059215545654,0.9151538610458374,3.017202138900757,1.8532047271728516,3.03044545369795,1.8919344510826472,0.0,0,two_ankles,accepted,3.017202138900757,1.8532047271728516,0.07264574778885119
30,1.0,detected,3,1,0.9266624450683594,ankle_midpoint,954.80419921875,863.6417236328125,0.9932751655578613,0.9867525100708008,2.9969868659973145,10.404199600219727,2.987787173652193,10.418331123216817,0.0,0,two_ankles,accepted,2.9969868659973145,10.404199600219727,0.016809510816704235
30,1.0,detected,4,12,0.884698748588562,ankle_midpoint,859.3045043945312,778.7633056640625,0.9304366111755371,0.6556928753852844,2.3567001819610596,8.307769775390625,2.4312064425360616,8.193291100528468,0.0,0,two_ankles,accepted,2.3567001819610596,8.307769775390625,0.27840303811902123
31,1.0333333333333334,detected,1,3,0.5548902153968811,ankle_midpoint,883.6781005859375,659.7578125,0.7769778370857239,0.8062728643417358,2.4012274742126465,4.298129558563232,2.3712860584913162,4.410781661934074,0.0,0,two_ankles,accepted,2.4012274742126465,4.298129558563232,0.26304757818232266
31,1.0333333333333334,detected,2,5,0.8183349370956421,ankle_midpoint,963.7125244140625,609.22998046875,0.9338411092758179,0.9067493081092834,3.0348715782165527,2.028249979019165,3.0324372097313215,1.9532764386540804,0.0,0,two_ankles,accepted,3.0348715782165527,2.028249979019165,0.17593478700835122
31,1.0333333333333334,detected,3,1,0.9262877106666565,ankle_midpoint,955.8924560546875,864.1363525390625,0.9930711388587952,0.9861736297607422,3.003436803817749,10.41501522064209,2.9948295072266937,10.41683896705819,0.0,0,two_ankles,accepted,3.003436803817749,10.41501522064209,0.012592829031163488
31,1.0333333333333334,detected,4,12,0.8763332366943359,ankle_midpoint,853.2962646484375,784.1890869140625,0.9435843229293823,0.7467756271362305,2.322981357574463,8.458786010742188,2.382505154303342,8.312763810124643,0.0,0,two_ankles,accepted,2.322981357574463,8.458786010742188,0.15473481333485578
32,1.0666666666666667,detected,1,3,0.6473966836929321,ankle_midpoint,883.1180419921875,658.358154296875,0.7749925255775452,0.8028455972671509,2.3951027393341064,4.2412428855896,2.3820035648705717,4.334489212579061,0.0,0,two_ankles,accepted,2.3951027393341064,4.2412428855896,0.0572154344503426
32,1.0666666666666667,detected,2,5,0.7942644357681274,ankle_midpoint,963.0791015625,608.9063110351562,0.9428117275238037,0.9084333777427673,3.029306173324585,2.012568473815918,3.03102824334829,1.9799578544769076,0.0,0,two_ankles,accepted,3.029306173324585,2.012568473815918,0.016639811809362623
32,1.0666666666666667,detected,3,1,0.9268065690994263,ankle_midpoint,956.595458984375,866.32373046875,0.9919121265411377,0.9843130111694336,3.007770538330078,10.463203430175781,3.000652971223217,10.437702975461107,0.0,0,two_ankles,accepted,3.007770538330078,10.463203430175781,0.04838269104634735
32,1.0666666666666667,detected,4,12,0.8921856880187988,ankle_midpoint,840.853515625,785.9669189453125,0.9773449897766113,0.905687689781189,2.2436745166778564,8.5093412399292,2.3200313673718735,8.401223653536693,0.0,0,two_ankles,accepted,2.2436745166778564,8.5093412399292,0.09405001972966795
33,1.1,detected,1,3,0.7570672631263733,ankle_midpoint,882.8140869140625,662.830078125,0.7428061962127686,0.7209068536758423,2.3979878425598145,4.422461986541748,2.3891964898307307,4.37407696086227,0.0,0,two_ankles,accepted,2.3979878425598145,4.422461986541748,0.1812420656760675
33,1.1,detected,2,5,0.7144594192504883,ankle_midpoint,966.7921142578125,610.0056762695312,0.9660243988037109,0.9160007834434509,3.0618059635162354,2.0653774738311768,3.0448782174238653,2.018396683186329,0.0,0,two_ankles,accepted,3.0618059635162354,2.0653774738311768,0.06200828045602376
33,1.1,detected,3,1,0.9278513789176941,ankle_midpoint,956.88916015625,870.74951171875,0.9911454319953918,0.9816581010818481,3.009885549545288,10.560027122497559,3.0048076314681493,10.492748841627511,0.0,0,two_ankles,accepted,3.009885549545288,10.560027122497559,0.09684678965904171
33,1.1,detected,4,12,0.8942460417747498,ankle_midpoint,838.3736572265625,782.98291015625,0.9922717809677124,0.959900975227356,2.223848342895508,8.42789077758789,2.276749006357509,8.413223859359732,0.0,0,two_ankles,accepted,2.223848342895508,8.42789077758789,0.08382872408942425
34,1.1333333333333333,detected,1,3,0.7762638926506042,ankle_midpoint,883.102783203125,664.3142700195312,0.8030717372894287,0.7751578688621521,2.402013063430786,4.481909275054932,2.394963947950756,4.422601502248968,0.0,0,two_ankles,accepted,2.402013063430786,4.481909275054932,0.0595834080481286
34,1.1333333333333333,detected,2,5,0.6314364671707153,ankle_midpoint,967.7130737304688,610.3818359375,0.9656623005867004,0.938644528388977,3.06984806060791,2.0834805965423584,3.0561146468566855,2.047684444196542,0.0,0,two_ankles,accepted,3.06984806060791,2.0834805965423584,0.01980904787030474
34,1.1333333333333333,detected,3,1,0.9278370141983032,ankle_midpoint,956.1974487304688,871.95703125,0.9909589290618896,0.9822951555252075,3.0059659481048584,10.586353302001953,3.0053288739546686,10.534870848796011,0.0,0,two_ankles,accepted,3.0059659481048584,10.586353302001953,0.026616367196697244
34,1.1333333333333333,detected,4,12,0.8948343992233276,ankle_midpoint,840.6463623046875,782.5313720703125,0.9877731204032898,0.9405872821807861,2.2382025718688965,8.415102005004883,2.2594031108376336,8.414069024900051,0.0,0,two_ankles,accepted,2.2382025718688965,8.415102005004883,0.01922489515186918
35,1.1666666666666667,detected,1,3,0.6922030448913574,ankle_midpoint,884.4140625,659.6231689453125,0.7944682836532593,0.7914681434631348,2.4069302082061768,4.292505264282227,2.4003487650656954,4.364058195163935,0.0,0,two_ankles,accepted,2.4069302082061768,4.292505264282227,0.1894678273732222
35,1.1666666666666667,detected,2,5,0.4907897710800171,ankle_midpoint,963.994140625,606.7000732421875,0.9115209579467773,0.8714678883552551,3.0371286869049072,1.9038889408111572,3.0475709648783855,1.9829764676731192,0.0,0,two_ankles,accepted,3.0371286869049072,1.9038889408111572,0.18254785735195864
35,1.1666666666666667,detected,3,1,0.927915632724762,ankle_midpoint,954.7435302734375,872.5511474609375,0.9899305105209351,0.9818468689918518,2.997565269470215,10.599416732788086,3.0018352519366647,10.563916496592444,0.0,0,two_ankles,accepted,2.997565269470215,10.599416732788086,0.015531407709111215
35,1.1666666666666667,detected,4,12,0.8930359482765198,ankle_midpoint,830.4614868164062,783.2705078125,0.9598612189292908,0.9086984395980835,2.1723580360412598,8.437009811401367,2.2202328271792657,8.424392378825644,0.0,0,two_ankles,accepted,2.1723580360412598,8.437009811401367,0.06939347865226801
36,1.2,detected,1,3,0.7886836528778076,ankle_midpoint,887.376220703125,659.706787109375,0.7843811511993408,0.7551459074020386,2.430616617202759,4.295288562774658,2.413969298527374,4.333111860588761,0.0,0,two_ankles,accepted,2.430616617202759,4.295288562774658,0.023849375707790225
36,1.2,detected,2,5,0.7278565764427185,ankle_midpoint,959.3963012695312,611.9100341796875,0.9284143447875977,0.8808881640434265,2.99757719039917,2.1596508026123047,3.0250737663627385,2.0624799183957525,0.0,0,two_ankles,accepted,2.99757719039917,2.1596508026123047,0.258801952905755
36,1.2,detected,3,1,0.9284952282905579,ankle_midpoint,954.4869384765625,872.3629150390625,0.9892122745513916,0.9827934503555298,2.9960532188415527,10.595370292663574,2.9992333370438646,10.578070704824453,0.0,0,two_ankles,accepted,2.9960532188415527,10.595370292663574,0.004319719294687549
36,1.2,detected,4,12,0.8960140347480774,ankle_midpoint,829.6409912109375,783.205322265625,0.9535364508628845,0.9080368876457214,2.1668970584869385,8.435340881347656,2.1962317312677184,8.42931920496055,0.0,0,two_ankles,accepted,2.1668970584869385,8.435340881347656,0.005710306766976755
37,1.2333333333333334,detected,1,3,0.778451681137085,ankle_midpoint,890.4970703125,658.5443115234375,0.7202526330947876,0.6771319508552551,2.4542059898376465,4.247303009033203,2.4320758096169968,4.2944978773887605,0.0,0,two_ankles,accepted,2.4542059898376465,4.247303009033203,0.05347028959320926
37,1.2333333333333334,detected,2,5,0.5637670755386353,ankle_midpoint,959.27490234375,616.478759765625,0.8367334604263306,0.7055844068527222,2.9972336292266846,2.378872871398926,3.0125457046515143,2.204856747247181,0.0,0,two_ankles,accepted,2.9972336292266846,2.378872871398926,0.21922233799812754
37,1.2333333333333334,detected,3,1,0.928774356842041,ankle_midpoint,954.5135498046875,872.264892578125,0.9883518815040588,0.9809193015098572,2.9961977005004883,10.593242645263672,2.9978673005993453,10.584898078022103,0.0,0,two_ankles,accepted,2.9961977005004883,10.593242645263672,0.0021325473987885875
37,1.2333333333333334,detected,4,12,0.899964451789856,ankle_midpoint,837.2387084960938,784.14599609375,0.9722885489463806,0.9015255570411682,2.2178430557250977,8.460039138793945,2.205956827273539,8.443143175185579,0.0,0,two_ankles,accepted,2.2178430557250977,8.460039138793945,0.05661712245843739
38,1.2666666666666666,detected,2,5,0.7961364388465881,ankle_midpoint,896.839599609375,661.6716918945312,0.5601455569267273,0.5211535096168518,2.507934331893921,4.3729095458984375,3.000515416075096,2.3350579079606164,1.2885417058262356,0,two_ankles,corrected_motion_outlier,2.9858117300372515,2.4941926599437036,2.0531916767850507
38,1.2666666666666666,detected,3,1,0.9260932207107544,ankle_midpoint,954.9365844726562,872.6907958984375,0.9873457551002502,0.9801188707351685,2.9987025260925293,10.6024169921875,2.9982431520712782,10.592781589396532,0.0,0,two_ankles,accepted,2.9987025260925293,10.6024169921875,0.009510141572305756
38,1.2666666666666666,detected,4,12,0.8792782425880432,ankle_midpoint,844.9041748046875,786.1790771484375,0.9610969424247742,0.8732371926307678,2.270360231399536,8.514520645141602,2.234938359130238,8.475263036665789,0.0,0,two_ankles,accepted,2.270360231399536,8.514520645141602,0.07567224243227856
38,1.2666666666666666,predicted,1,,,motion_prediction,,,,,,,2.4699866211414485,4.208855144960663,,1,,motion_prediction,2.4699866211414485,4.208855144960663,
39,1.3,detected,2,5,0.8343944549560547,ankle_midpoint,902.7882080078125,652.6044311523438,0.6693354249000549,0.6418681144714355,2.546781301498413,3.999795913696289,2.988758902722821,2.458562451198156,0.804557378724741,0,two_ankles,corrected_motion_outlier,2.974389830847818,2.6095124484884815,0.8411745967108074
39,1.3,detected,3,1,0.9257228374481201,ankle_midpoint,955.797607421875,872.6285400390625,0.9872161746025085,0.9810753464698792,3.0037033557891846,10.600959777832031,3.000700243744336,10.596461774192507,0.0,0,two_ankles,accepted,3.0037033557891846,10.600959777832031,0.005208816692180047
39,1.3,detected,4,12,0.8909925818443298,ankle_midpoint,846.2418212890625,783.7767333984375,0.9577160477638245,0.8579773902893066,2.2763397693634033,8.448532104492188,2.2535689937351626,8.46323411718767,0.0,0,two_ankles,accepted,2.2763397693634033,8.448532104492188,0.0662589040907009
39,1.3,predicted,1,,,motion_prediction,,,,,,,2.4857672524452505,4.170407280888123,,2,,motion_prediction,2.4857672524452505,4.170407280888123,
40,1.3333333333333333,detected,2,5,0.8340680599212646,ankle_midpoint,913.4620361328125,648.1094970703125,0.6216737627983093,0.6242930293083191,2.6293022632598877,3.808710813522339,2.977152965743825,2.5783838548239526,0.48407475363831687,0,two_ankles,corrected_motion_outlier,2.962967931658385,2.7248322370332594,0.4921393243108105
40,1.3333333333333333,detected,3,1,0.9260180592536926,ankle_midpoint,955.0732421875,872.2987060546875,0.9888929724693298,0.983299970626831,2.999457359313965,10.593904495239258,3.000140945750669,10.595310998663546,0.0,0,two_ankles,accepted,2.999457359313965,10.593904495239258,0.008234409422142564
40,1.3333333333333333,detected,4,12,0.8979631066322327,ankle_midpoint,846.5474853515625,785.400390625,0.9376496076583862,0.7572694420814514,2.2801971435546875,8.492998123168945,2.265551661153949,8.476627919879244,0.0,0,two_ankles,accepted,2.2801971435546875,8.492998123168945,0.044633016396086876
40,1.3333333333333333,predicted,1,,,motion_prediction,,,,,,,2.5015478837490526,4.131959416815583,,3,,motion_prediction,2.5015478837490526,4.131959416815583,
41,1.3666666666666667,detected,2,5,0.8233347535133362,ankle_midpoint,890.8851318359375,647.2556762695312,0.67165607213974,0.6394118666648865,2.4448206424713135,3.7773611545562744,2.965629845770132,2.696179531663291,0.4154255357876516,0,two_ankles,corrected_motion_outlier,2.9515460324689515,2.8401520255780373,0.37590969544429637
41,1.3666666666666667,detected,3,1,0.9227495193481445,ankle_midpoint,952.041015625,870.8408203125,0.9925580024719238,0.9896887540817261,2.981635808944702,10.562627792358398,2.9918136341879844,10.58060355582623,0.0,0,two_ankles,accepted,2.981635808944702,10.562627792358398,0.03599777494042825
41,1.3666666666666667,detected,4,12,0.9013056755065918,ankle_midpoint,851.5927734375,777.8662719726562,0.9422497153282166,0.7084471583366394,2.304832696914673,8.283913612365723,2.2832281272462747,8.38990648149816,0.0,0,two_ankles,accepted,2.304832696914673,8.283913612365723,0.21053086032022864
41,1.3666666666666667,predicted,1,,,motion_prediction,,,,,,,2.5173285150528546,4.093511552743044,,4,,motion_prediction,2.5173285150528546,4.093511552743044,
42,1.4,detected,1,3,0.8105334043502808,ankle_midpoint,904.6932373046875,645.2935791015625,0.6169815063476562,0.569815993309021,2.555399179458618,3.690774917602539,2.4875713260457264,4.022822545484962,0.0,0,two_ankles,accepted,2.555399179458618,3.690774917602539,0.11313064627714693
42,1.4,detected,2,5,0.7074512839317322,ankle_midpoint,820.6051025390625,612.7503662109375,0.8890239596366882,0.9248659610748291,1.7941747903823853,2.23337459564209,2.438475070845646,2.4879173104537506,0.7044830340111209,0,two_ankles,accepted,1.7941747903823853,2.23337459564209,0.2423650402157544
42,1.4,detected,3,1,0.9167026877403259,ankle_midpoint,946.718017578125,868.602294921875,0.9943239688873291,0.993444561958313,2.9502439498901367,10.514463424682617,2.9731072762539528,10.550840496811604,0.0,0,two_ankles,accepted,2.9502439498901367,10.514463424682617,0.057491348292673945
42,1.4,detected,4,12,0.8784418702125549,ankle_midpoint,864.433837890625,773.907958984375,0.9360341429710388,0.7594207525253296,2.385683536529541,8.170645713806152,2.3293330614237444,8.291239136036758,0.0,0,two_ankles,accepted,2.385683536529541,8.170645713806152,0.13916348339464002
43,1.4333333333333333,detected,1,3,0.8452932834625244,ankle_midpoint,905.0972900390625,645.5343017578125,0.7855848073959351,0.7485761046409607,2.5589237213134766,3.7009775638580322,2.519679903916214,3.8779923037528437,0.0,0,two_ankles,accepted,2.5589237213134766,3.7009775638580322,0.010794275607995998
43,1.4333333333333333,detected,2,5,0.7340693473815918,ankle_midpoint,815.776123046875,616.976806640625,0.884912371635437,0.8998901844024658,1.7628685235977173,2.4363393783569336,2.134452124584078,2.464707241010183,0.0,0,two_ankles,accepted,1.7628685235977173,2.4363393783569336,0.20536500520409154
43,1.4333333333333333,detected,3,1,0.9116761088371277,ankle_midpoint,945.2517700195312,864.269287109375,0.9874234795570374,0.9833902716636658,2.940908908843994,10.419320106506348,2.9586180109194715,10.49165632117424,0.0,0,two_ankles,accepted,2.940908908843994,10.419320106506348,0.09560017774525331
43,1.4333333333333333,detected,4,12,0.8330842852592468,ankle_midpoint,864.7255249023438,771.950927734375,0.9444848895072937,0.6735569834709167,2.3856518268585205,8.115103721618652,2.354676505869394,8.21197819954861,0.0,0,two_ankles,accepted,2.3856518268585205,8.115103721618652,0.05554200123923828
44,1.4666666666666666,detected,1,3,0.8744776844978333,ankle_midpoint,918.3284912109375,643.689453125,0.9333418011665344,0.9217489957809448,2.6656200885772705,3.619013786315918,2.5853529870136898,3.7614519709062275,0.0,0,two_ankles,accepted,2.6656200885772705,3.619013786315918,0.13454432584194545
44,1.4666666666666666,detected,2,5,0.7728712558746338,ankle_midpoint,807.906005859375,615.5155029296875,0.8205073475837708,0.7776413559913635,1.691419005393982,2.3687856197357178,1.9350872209485348,2.421542511436674,0.0,0,two_ankles,accepted,1.691419005393982,2.3687856197357178,0.09832875446887039
44,1.4666666666666666,detected,3,1,0.9184369444847107,ankle_midpoint,929.5758056640625,857.8942260742188,0.9817189574241638,0.9649857878684998,2.846881628036499,10.279156684875488,2.908336638622134,10.396031484839803,0.0,0,two_ankles,accepted,2.846881628036499,10.279156684875488,0.16878066921102547
44,1.4666666666666666,detected,4,12,0.7341152429580688,ankle_midpoint,864.2371826171875,764.8035278320312,0.8584754467010498,0.5966389179229736,2.375075101852417,7.909782409667969,2.3638558740617546,8.075990094102321,0.0,0,two_ankles,accepted,2.375075101852417,7.909782409667969,0.20559355109780234
45,1.5,detected,1,3,0.8693132996559143,ankle_midpoint,926.6356201171875,639.4630126953125,0.9406726360321045,0.9333190321922302,2.7310616970062256,3.433983325958252,2.650921906510331,3.6140910806796387,0.0,0,two_ankles,accepted,2.7310616970062256,3.433983325958252,0.19626226171614986
45,1.5,detected,2,5,0.8086761832237244,ankle_midpoint,825.0807495117188,614.3417358398438,0.8645730018615723,0.8454087376594543,1.8366974592208862,2.3086843490600586,1.890811828171093,2.370756338367197,0.0,0,two_ankles,accepted,1.8366974592208862,2.3086843490600586,0.15721956584078464
45,1.5,detected,3,1,0.9070953130722046,ankle_midpoint,912.4324951171875,860.6441650390625,0.9578406810760498,0.969590961933136,2.7464990615844727,10.34298324584961,2.835509728955187,10.372159777294216,0.0,0,two_ankles,accepted,2.7464990615844727,10.34298324584961,0.11895583017775416
45,1.5,detected,4,12,0.5499972701072693,ankle_midpoint,864.2322998046875,768.1063232421875,0.7598755359649658,0.48348310589790344,2.378445625305176,8.005230903625488,2.370421262121294,8.044148458387747,0.0,0,two_ankles,accepted,2.378445625305176,8.005230903625488,0.09550798619541843
46,1.5333333333333334,detected,1,3,0.8643150329589844,ankle_midpoint,932.6769409179688,643.2293701171875,0.9672991633415222,0.9677055478096008,2.7829630374908447,3.5960803031921387,2.7103404154515625,3.605986230810264,0.0,0,two_ankles,accepted,2.7829630374908447,3.5960803031921387,0.170203346537204
46,1.5333333333333334,detected,2,5,0.8130433559417725,ankle_midpoint,827.8629150390625,616.6473388671875,0.8716726303100586,0.8666905164718628,1.8660120964050293,2.417875051498413,1.8796519488763646,2.3919597592762445,0.0,0,two_ankles,accepted,1.8660120964050293,2.417875051498413,0.1130573193217459
46,1.5333333333333334,detected,3,1,0.8943923711776733,ankle_midpoint,903.46533203125,860.82421875,0.9646896123886108,0.971196174621582,2.6936559677124023,10.34815788269043,2.771675536395934,10.361358924722513,0.0,0,two_ankles,accepted,2.6936559677124023,10.34815788269043,0.05309585140485846
46,1.5333333333333334,detected,4,12,0.5747700333595276,ankle_midpoint,862.9323120117188,773.0817260742188,0.8111897110939026,0.4658961892127991,2.3748645782470703,8.14748764038086,2.3724207543778935,8.090651090284648,0.0,0,two_ankles,accepted,2.3748645782470703,8.14748764038086,0.1423018026952551
47,1.5666666666666667,detected,1,3,0.8839355111122131,ankle_midpoint,942.896728515625,639.9189453125,0.9726696014404297,0.9777632355690002,2.8655283451080322,3.4503066539764404,2.7801749837969743,3.5359304212350438,0.0,0,two_ankles,accepted,2.8655283451080322,3.4503066539764404,0.16753204716585493
47,1.5666666666666667,detected,2,5,0.784439206123352,ankle_midpoint,822.8689575195312,616.9879150390625,0.8849000930786133,0.886264443397522,1.823860764503479,2.4351963996887207,1.8545459159085662,2.411416247461859,0.0,0,two_ankles,accepted,1.823860764503479,2.4351963996887207,0.04557152492735485
47,1.5666666666666667,detected,3,1,0.9129220843315125,ankle_midpoint,887.8701171875,867.25244140625,0.9678996205329895,0.9646763801574707,2.605553150177002,10.4923734664917,2.696920462597415,10.420315468518648,0.0,0,two_ankles,accepted,2.605553150177002,10.4923734664917,0.16899775462655428
47,1.5666666666666667,detected,4,12,0.3688357174396515,ankle_midpoint,856.6815185546875,782.5158081054688,0.4501732587814331,0.3574950695037842,2.343377113342285,8.4122314453125,2.3593511159118696,8.235362250047181,0.0,0,two_ankles,accepted,2.343377113342285,8.4122314453125,0.2666097198074606
48,1.6,detected,1,3,0.8810835480690002,ankle_midpoint,954.33935546875,638.6871337890625,0.9849318861961365,0.9880246520042419,2.95969820022583,3.393928289413452,2.8609604311899597,3.472029461915328,0.0,0,two_ankles,accepted,2.95969820022583,3.393928289413452,0.10975646497452554
48,1.6,detected,2,5,0.6758047342300415,ankle_midpoint,824.0690307617188,618.8564453125,0.9275566339492798,0.9359935522079468,1.83853018283844,2.5231266021728516,1.8473388360270095,2.461685907081806,0.0,0,two_ankles,accepted,1.83853018283844,2.5231266021728516,0.08914545609949136
48,1.6,detected,3,1,0.8890964388847351,ankle_midpoint,871.71826171875,872.8455810546875,0.9924312829971313,0.9790474772453308,2.5150692462921143,10.616250991821289,2.61508741526003,10.508486454004839,0.0,0,two_ankles,accepted,2.5150692462921143,10.616250991821289,0.15340462230334773
48,1.6,predicted,4,,,motion_prediction,,,,,,,2.3354733007397406,8.518657182206457,,1,,motion_prediction,2.3354733007397406,8.518657182206457,
49,1.6333333333333333,detected,1,3,0.878176748752594,ankle_midpoint,956.3082275390625,639.023681640625,0.9870582222938538,0.9868530035018921,2.9760475158691406,3.408233404159546,2.9127496192955915,3.443321235925226,0.0,0,two_ankles,accepted,2.9760475158691406,3.408233404159546,0.021724097907703965
49,1.6333333333333333,detected,2,5,0.7131756544113159,ankle_midpoint,823.59765625,618.2904052734375,0.9222674369812012,0.9328729510307312,1.8331724405288696,2.496579885482788,1.8409639580528467,2.477388197362248,0.0,0,two_ankles,accepted,1.8331724405288696,2.496579885482788,0.027081978688387128
49,1.6333333333333333,detected,3,1,0.8961405754089355,ankle_midpoint,873.3419189453125,873.57080078125,0.9878624677658081,0.9742162823677063,2.525012493133545,10.631715774536133,2.574553700303112,10.563939648243922,0.0,0,two_ankles,accepted,2.525012493133545,10.631715774536133,0.018385528607221247
49,1.6333333333333333,predicted,4,,,motion_prediction,,,,,,,2.3275694881371964,8.625082919100413,,2,,motion_prediction,2.3275694881371964,8.625082919100413,
50,1.6666666666666667,detected,1,3,0.8570725917816162,ankle_midpoint,964.6602172851562,636.8857421875,0.9867732524871826,0.9874095320701599,3.044964075088501,3.3124377727508545,2.972246124402401,3.384423677496759,0.0,0,two_ankles,accepted,3.044964075088501,3.3124377727508545,0.11800972473328401
50,1.6666666666666667,detected,2,5,0.7582585215568542,ankle_midpoint,820.0667724609375,621.0379028320312,0.9380013346672058,0.9457014203071594,1.809432864189148,2.626265287399292,1.8267749658141823,2.5443828878789176,0.0,0,two_ankles,accepted,1.809432864189148,2.626265287399292,0.1318403237064997
50,1.6666666666666667,detected,3,1,0.9103163480758667,ankle_midpoint,867.943359375,876.6265258789062,0.991260826587677,0.9646718502044678,2.495936393737793,10.698099136352539,2.5391759123487185,10.6243114178928,0.0,0,two_ankles,accepted,2.495936393737793,10.698099136352539,0.07247185855295524
50,1.6666666666666667,detected,4,12,0.7912443280220032,ankle_midpoint,923.2694091796875,755.8638916015625,0.8644005656242371,0.8629060983657837,2.768495559692383,7.637159824371338,2.543466115613101,7.966171158493053,0.5328134384541533,0,two_ankles,accepted,2.768495559692383,7.637159824371338,0.29466774340215823
51,1.7,detected,1,3,0.8779496550559998,ankle_midpoint,970.5076293945312,637.274169921875,0.9856159687042236,0.9836041331291199,3.0934882164001465,3.3282649517059326,3.0268050658013865,3.3591522508908875,0.0,0,two_ankles,accepted,3.0934882164001465,3.3282649517059326,0.05104010074156016
51,1.7,detected,2,5,0.7834636569023132,ankle_midpoint,816.311767578125,617.5780029296875,0.8910216689109802,0.9020406007766724,1.7689518928527832,2.464660882949829,1.8007545829815528,2.5085079856608283,0.0,0,two_ankles,accepted,1.7689518928527832,2.464660882949829,0.16659739667174023
51,1.7,detected,3,1,0.9154170155525208,ankle_midpoint,866.9732055664062,877.1578369140625,0.9937106370925903,0.9704185128211975,2.4907217025756836,10.709592819213867,2.5173715179508527,10.662688048487281,0.0,0,two_ankles,accepted,2.4907217025756836,10.709592819213867,0.012621321231668637
51,1.7,detected,4,12,0.8285120129585266,ankle_midpoint,906.9156494140625,755.0867919921875,0.9302543997764587,0.8356494903564453,2.656395196914673,7.616598606109619,2.5942842021988084,7.808863509920508,0.0,0,two_ankles,accepted,2.656395196914673,7.616598606109619,0.11397041296450679
52,1.7333333333333334,detected,1,3,0.880992591381073,ankle_midpoint,973.4862060546875,637.734375,0.9613250494003296,0.9516416788101196,3.118162155151367,3.3478641510009766,3.067915756008878,3.354072605940428,0.0,0,two_ankles,accepted,3.118162155151367,3.3478641510009766,0.031510821419090965
52,1.7333333333333334,detected,2,5,0.8492661714553833,ankle_midpoint,814.8055419921875,617.202880859375,0.8466988801956177,0.855241596698761,1.7550885677337646,2.447272539138794,1.7802048761200482,2.480952034725913,0.0,0,two_ankles,accepted,1.7550885677337646,2.447272539138794,0.022238396611410083
52,1.7333333333333334,detected,3,1,0.9211602210998535,ankle_midpoint,867.3712768554688,876.4351806640625,0.9942522644996643,0.9798340201377869,2.4924867153167725,10.694070816040039,2.506173356765517,10.676810293886023,0.0,0,two_ankles,accepted,2.4924867153167725,10.694070816040039,0.015622030998066047
52,1.7333333333333334,detected,4,12,0.8512773513793945,ankle_midpoint,897.7476196289062,747.298828125,0.9289448261260986,0.7912713885307312,2.5880532264709473,7.3824896812438965,2.591480263121271,7.616995287016033,0.0,0,two_ankles,accepted,2.5880532264709473,7.3824896812438965,0.24388032644294136
53,1.7666666666666666,detected,1,3,0.8870707154273987,ankle_midpoint,972.0897827148438,638.5331420898438,0.969525158405304,0.9604368209838867,3.1065495014190674,3.383256673812866,3.0853009414434633,3.3672054364830255,0.0,0,two_ankles,accepted,3.1065495014190674,3.383256673812866,0.0372489516321792
53,1.7666666666666666,detected,2,5,0.8546599745750427,ankle_midpoint,816.0596923828125,617.91162109375,0.8744327425956726,0.8765644431114197,1.7676085233688354,2.480478525161743,1.7745365173820025,2.4807389554220367,0.0,0,two_ankles,accepted,1.7676085233688354,2.480478525161743,0.0354878401267313
53,1.7666666666666666,detected,3,1,0.9137151837348938,ankle_midpoint,860.8187255859375,871.5018310546875,0.991631805896759,0.9841136336326599,2.4506754875183105,10.588518142700195,2.4811993156042744,10.637078825852402,0.0,0,two_ankles,accepted,2.4506754875183105,10.588518142700195,0.11353213474255928
53,1.7666666666666666,detected,4,12,0.8565298318862915,ankle_midpoint,899.150146484375,750.0372314453125,0.8796964883804321,0.6424500942230225,2.599729537963867,7.465728759765625,2.5951924368004393,7.54892534975335,0.0,0,two_ankles,accepted,2.599729537963867,7.465728759765625,0.08405403287901289
54,1.8,detected,1,3,0.8861230611801147,ankle_midpoint,973.2664794921875,636.7512817382812,0.9732087850570679,0.9642457365989685,3.1164071559906006,3.304593086242676,3.0992987379896753,3.3390298788748685,0.0,0,two_ankles,accepted,3.1164071559906006,3.304593086242676,0.07927883300771202
54,1.8,detected,2,5,0.7867060303688049,ankle_midpoint,812.1472778320312,620.7435302734375,0.9207262396812439,0.9181423187255859,1.7411445379257202,2.6143646240234375,1.7595101266266755,2.5408705062926673,0.0,0,two_ankles,accepted,1.7411445379257202,2.6143646240234375,0.13647648146818853
54,1.8,detected,3,1,0.9148516654968262,ankle_midpoint,848.198486328125,867.78125,0.9895241856575012,0.9762256145477295,2.373903751373291,10.509014129638672,2.432916311700332,10.579449712556224,0.0,0,two_ankles,accepted,2.373903751373291,10.509014129638672,0.11052053005486079
54,1.8,detected,4,12,0.8132647275924683,ankle_midpoint,883.277587890625,745.2003173828125,0.8434744477272034,0.5837316513061523,2.4861674308776855,7.320460796356201,2.5461311841352003,7.446116300724633,0.0,0,two_ankles,accepted,2.4861674308776855,7.320460796356201,0.1843885391204537
55,1.8333333333333333,detected,1,3,0.8834402561187744,ankle_midpoint,972.18115234375,636.8831787109375,0.9878588318824768,0.9836128950119019,3.107389450073242,3.310655117034912,3.1029395584272805,3.3262612360468884,0.0,0,two_ankles,accepted,3.107389450073242,3.310655117034912,0.010865874899794405
55,1.8333333333333333,detected,2,5,0.8070665597915649,ankle_midpoint,811.8984375,622.5902099609375,0.821940004825592,0.8205399513244629,1.7436202764511108,2.700376272201538,1.7523596940476716,2.6126481009516596,0.0,0,two_ankles,accepted,1.7436202764511108,2.700376272201538,0.08604727133128312
55,1.8333333333333333,detected,3,1,0.9112626314163208,ankle_midpoint,842.5672607421875,862.38916015625,0.9942864775657654,0.9837814569473267,2.335864305496216,10.390829086303711,2.3892429089084795,10.494570430742593,0.0,0,two_ankles,accepted,2.335864305496216,10.390829086303711,0.1241559660697847
55,1.8333333333333333,detected,4,12,0.850832462310791,ankle_midpoint,877.997802734375,743.4171142578125,0.9210360050201416,0.7121749520301819,2.447859764099121,7.266277313232422,2.501909045118965,7.365188756353138,0.0,0,two_ankles,accepted,2.447859764099121,7.266277313232422,0.06635757061136587
56,1.8666666666666667,detected,1,3,0.8901148438453674,ankle_midpoint,980.282470703125,634.608154296875,0.9856831431388855,0.982998788356781,3.1750328540802,3.208051919937134,3.1353815414710944,3.273067043797499,0.0,0,two_ankles,accepted,3.1750328540802,3.208051919937134,0.12289445130002448
56,1.8666666666666667,detected,2,5,0.821864664554596,ankle_midpoint,809.9844970703125,608.412109375,0.9196282625198364,0.9276719093322754,1.6907581090927124,2.0253865718841553,1.7447319481457446,2.6795389776516685,0.08726127289504382,0,two_ankles,corrected_motion_outlier,1.7354091475989448,2.7612944936183457,0.6770565000591735
56,1.8666666666666667,detected,3,1,0.9097325801849365,ankle_midpoint,824.088623046875,864.044921875,0.9943291544914246,0.9897996187210083,2.228907585144043,10.429882049560547,2.3170920132144834,10.465460659210674,0.0,0,two_ankles,accepted,2.228907585144043,10.429882049560547,0.11386340047457165
56,1.8666666666666667,detected,4,12,0.8986749649047852,ankle_midpoint,880.6380615234375,757.51708984375,0.9809452295303345,0.8949916362762451,2.4790613651275635,7.693251609802246,2.45691815533816,7.290998413287877,0.0,0,two_ankles,corrected_motion_outlier,2.401929290050509,7.200321327319225,0.4281128237252819
57,1.9,detected,1,3,0.9050244092941284,ankle_midpoint,992.890869140625,633.7504272460938,0.9787291288375854,0.9758586883544922,3.280454397201538,3.167003870010376,3.200664326549794,3.225338615593294,0.0,0,two_ankles,accepted,3.280454397201538,3.167003870010376,0.11313109279448204
57,1.9,detected,2,5,0.8182377815246582,ankle_midpoint,806.955322265625,607.036376953125,0.9369305372238159,0.9479603171348572,1.660574197769165,1.958632469177246,1.73684167991621,2.7437421594742366,0.21614639326020468,0,two_ankles,corrected_motion_outlier,1.7271980187467788,2.8222127150351537,0.37318913452477004
57,1.9,detected,3,1,0.9142543077468872,ankle_midpoint,806.8095703125,863.42333984375,0.9946998357772827,0.98811274766922,2.1266727447509766,10.418347358703613,2.231403342405905,10.444259673982497,0.0,0,two_ankles,accepted,2.1266727447509766,10.418347358703613,0.10288348596038525
57,1.9,detected,4,12,0.8921319842338562,ankle_midpoint,886.84619140625,757.5645141601562,0.9777768850326538,0.8958001732826233,2.521353006362915,7.693656921386719,2.4859138382993002,7.4721947419323556,0.0,0,two_ankles,accepted,2.521353006362915,7.693656921386719,0.21682630497968014
58,1.9333333333333333,detected,1,3,0.8953390717506409,ankle_midpoint,1000.5140380859375,633.7386474609375,0.9786325097084045,0.9752578139305115,3.3441162109375,3.164769172668457,3.265217674524262,3.1980823662771174,0.0,0,two_ankles,accepted,3.3441162109375,3.164769172668457,0.06370102354250118
58,1.9333333333333333,detected,2,5,0.8177975416183472,ankle_midpoint,804.4161987304688,608.9466552734375,0.9677612781524658,0.9749971032142639,1.6435863971710205,2.0528578758239746,1.694876802680875,2.432844231831619,0.18368974415397776,0,two_ankles,accepted,1.6435863971710205,2.0528578758239746,0.21839995183434427
58,1.9333333333333333,detected,3,1,0.9147163033485413,ankle_midpoint,796.4754028320312,862.8833618164062,0.9956678152084351,0.9904391765594482,2.0652384757995605,10.407712936401367,2.1566291524330503,10.42781364207099,0.0,0,two_ankles,accepted,2.0652384757995605,10.407712936401367,0.062347897633339866
58,1.9333333333333333,detected,4,12,0.8855334520339966,ankle_midpoint,887.9588623046875,757.9868774414062,0.9891901016235352,0.9491403698921204,2.529270887374878,7.7060041427612305,2.5054245103833104,7.57740897230535,0.0,0,two_ankles,accepted,2.529270887374878,7.7060041427612305,0.014667880398707972
59,1.9666666666666666,detected,1,3,0.8889867663383484,ankle_midpoint,1015.4973754882812,629.97900390625,0.9842517971992493,0.9760117530822754,3.471942186355591,2.992356061935425,3.35824370484836,3.1055055293233558,0.0,0,two_ankles,accepted,3.471942186355591,2.992356061935425,0.2146293566691826
59,1.9666666666666666,detected,2,5,0.797541618347168,ankle_midpoint,798.0767822265625,606.9244384765625,0.9742000699043274,0.9827955365180969,1.5825042724609375,1.9552812576293945,1.6443091640819032,2.217940893440618,0.0,0,two_ankles,accepted,1.5825042724609375,1.9552812576293945,0.11511829731797195
59,1.9666666666666666,detected,3,1,0.9005889892578125,ankle_midpoint,780.2921142578125,864.27880859375,0.9922093152999878,0.9856793284416199,1.9720624685287476,10.440656661987305,2.073574144676114,10.433593001033334,0.0,0,two_ankles,accepted,1.9720624685287476,10.440656661987305,0.09882842398021001
59,1.9666666666666666,detected,4,12,0.898883581161499,ankle_midpoint,887.6971435546875,759.9134521484375,0.9947134852409363,0.959265410900116,2.5290653705596924,7.7629852294921875,2.5160628974626826,7.6609182880394275,0.0,0,two_ankles,accepted,2.5290653705596924,7.7629852294921875,0.05698145735414435
60,2.0,detected,1,3,0.8931601047515869,ankle_midpoint,1026.5810546875,628.16162109375,0.9870131611824036,0.980795681476593,3.5667879581451416,2.9072704315185547,3.4520886188319118,3.0162997353111956,0.0,0,two_ankles,accepted,3.5667879581451416,2.9072704315185547,0.12741775751358897
60,2.0,detected,2,5,0.7977915406227112,ankle_midpoint,792.9085693359375,606.360595703125,0.9746178388595581,0.9867255687713623,1.5355745553970337,1.9287681579589844,1.595378590173712,2.087813162473883,0.0,0,two_ankles,accepted,1.5355745553970337,1.9287681579589844,0.05390123187674997
60,2.0,detected,3,1,0.8937406539916992,ankle_midpoint,757.58251953125,866.9993286132812,0.9868016242980957,0.9760421514511108,1.8430975675582886,10.503409385681152,1.969859684973093,10.465010374124853,0.0,0,two_ankles,accepted,1.8430975675582886,10.503409385681152,0.14342193002925557
60,2.0,detected,4,12,0.9057202339172363,ankle_midpoint,886.5582275390625,761.3888549804688,0.9871625304222107,0.9600436687469482,2.5225577354431152,7.806553363800049,2.518985574553877,7.726454072131707,0.0,0,two_ankles,accepted,2.5225577354431152,7.806553363800049,0.044051465831211015
61,2.033333333333333,detected,1,3,0.8942713737487793,ankle_midpoint,1029.514892578125,626.8702392578125,0.9870312809944153,0.9820684790611267,3.592768669128418,2.847588539123535,3.5153946414653396,2.9403796970267484,0.0,0,two_ankles,accepted,3.592768669128418,2.847588539123535,0.06509167091915238
61,2.033333333333333,detected,2,5,0.8338937759399414,ankle_midpoint,791.0588989257812,608.056396484375,0.9783884882926941,0.9861271381378174,1.5244098901748657,2.0125486850738525,1.5634426751742314,2.053944147643869,0.0,0,two_ankles,accepted,1.5244098901748657,2.0125486850738525,0.08452115991376506
61,2.033333333333333,detected,3,1,0.89212965965271,ankle_midpoint,745.282470703125,863.3497314453125,0.9958131909370422,0.9904549717903137,1.765044927597046,10.424606323242188,1.877693044153872,10.446828551227654,0.0,0,two_ankles,accepted,1.765044927597046,10.424606323242188,0.1109150001337906
61,2.033333333333333,detected,4,12,0.9055225849151611,ankle_midpoint,884.829833984375,761.2888793945312,0.9914460182189941,0.9724168181419373,2.510777235031128,7.803895950317383,2.51529182176864,7.761302917315261,0.0,0,two_ankles,accepted,2.510777235031128,7.803895950317383,0.012076507623261295
62,2.066666666666667,detected,1,3,0.899065375328064,ankle_midpoint,1036.8846435546875,622.5648193359375,0.9865244626998901,0.9823601245880127,3.6597301959991455,2.647083044052124,3.5803456410055525,2.8083962031881677,0.0,0,two_ankles,accepted,3.6597301959991455,2.647083044052124,0.21139134238348278
62,2.066666666666667,detected,2,5,0.8575071096420288,ankle_midpoint,786.542236328125,611.1141357421875,0.969433605670929,0.979367196559906,1.4941965341567993,2.1625306606292725,1.532281911716387,2.1028080784873007,0.0,0,two_ankles,accepted,1.4941965341567993,2.1625306606292725,0.15299490146204547
62,2.066666666666667,detected,3,1,0.9097266793251038,ankle_midpoint,725.68115234375,862.62255859375,0.9960499405860901,0.9918516278266907,1.648569107055664,10.411019325256348,1.7745872724596785,10.430714399540566,0.0,0,two_ankles,accepted,1.648569107055664,10.411019325256348,0.11726560998457904
62,2.066666666666667,detected,4,12,0.9113171696662903,ankle_midpoint,884.3524169921875,765.02490234375,0.966242253780365,0.9401394128799438,2.510685920715332,7.91301965713501,2.5132191662946517,7.829575450234148,0.0,0,two_ankles,accepted,2.510685920715332,7.91301965713501,0.10912374502336177
63,2.1,detected,1,3,0.9064599871635437,ankle_midpoint,1043.781005859375,621.9906005859375,0.9886037111282349,0.983200192451477,3.7192301750183105,2.618722915649414,3.6428436813112937,2.7230432237957287,0.0,0,two_ankles,accepted,3.7192301750183105,2.618722915649414,0.06591315791478418
63,2.1,detected,2,5,0.8568044304847717,ankle_midpoint,788.990966796875,613.3040771484375,0.9658366441726685,0.9766498804092407,1.5219454765319824,2.267524003982544,1.5276305158834051,2.17693024496016,0.0,0,two_ankles,accepted,1.5219454765319824,2.267524003982544,0.10859836992993582
63,2.1,detected,3,1,0.9233402609825134,ankle_midpoint,707.0834350585938,863.1527709960938,0.9943084120750427,0.9881176352500916,1.5402870178222656,10.425145149230957,1.6691521578728428,10.428208236901243,0.0,0,two_ankles,accepted,1.5402870178222656,10.425145149230957,0.10919958677445309
63,2.1,detected,4,12,0.9099915623664856,ankle_midpoint,884.676513671875,768.3389892578125,0.9642264246940613,0.9434059262275696,2.515613317489624,8.008703231811523,2.5142965343323898,7.910182951943968,0.0,0,two_ankles,accepted,2.515613317489624,8.008703231811523,0.09581036322782245
64,2.1333333333333333,detected,1,3,0.9054451584815979,ankle_midpoint,1046.623779296875,620.9884033203125,0.9876118302345276,0.9800761342048645,3.7447445392608643,2.5712172985076904,3.6886990673886006,2.654721557416112,0.0,0,two_ankles,accepted,3.7447445392608643,2.5712172985076904,0.05392370946733663
64,2.1333333333333333,detected,2,5,0.8423004150390625,ankle_midpoint,789.5516357421875,613.2319946289062,0.9673653244972229,0.9765139222145081,1.5265847444534302,2.2639291286468506,1.5271599187399165,2.216079742619171,0.0,0,two_ankles,accepted,1.5265847444534302,2.2639291286468506,0.00586906598413671
64,2.1333333333333333,detected,3,1,0.9294841289520264,ankle_midpoint,699.2325439453125,862.9873046875,0.9940288066864014,0.9880431890487671,1.4938337802886963,10.422490119934082,1.590258887959977,10.425635084266021,0.0,0,two_ankles,accepted,1.4938337802886963,10.422490119934082,0.046529049613305874
64,2.1333333333333333,detected,4,12,0.9100298881530762,ankle_midpoint,884.8258666992188,770.0216674804688,0.9583982825279236,0.9374975562095642,2.5179953575134277,8.056933403015137,2.515961004763857,7.976220654925994,0.0,0,two_ankles,accepted,2.5179953575134277,8.056933403015137,0.04828895866556713
65,2.1666666666666665,detected,1,3,0.8982934951782227,ankle_midpoint,1050.7474365234375,622.5482177734375,0.9689396023750305,0.948855459690094,3.7779862880706787,2.643094539642334,3.7288783166955364,2.649489399417912,0.0,0,two_ankles,accepted,3.7779862880706787,2.643094539642334,0.07919186610418077
65,2.1666666666666665,detected,2,5,0.8326299786567688,ankle_midpoint,788.586181640625,612.858154296875,0.972618043422699,0.977088987827301,1.517126202583313,2.246192693710327,1.522644746469445,2.2296305706101913,0.0,0,two_ankles,accepted,1.517126202583313,2.246192693710327,0.020100874074683646
65,2.1666666666666665,detected,3,1,0.9272476434707642,ankle_midpoint,682.9320678710938,862.042724609375,0.997313916683197,0.9901720881462097,1.3960317373275757,10.40365219116211,1.5028566701753965,10.41574278236926,0.0,0,two_ankles,accepted,1.3960317373275757,10.40365219116211,0.09959973477769303
65,2.1666666666666665,detected,4,12,0.9089301228523254,ankle_midpoint,886.5238647460938,770.9791870117188,0.9620320796966553,0.949685275554657,2.530108690261841,8.084020614624023,2.52232746323795,8.024730636790107,0.0,0,two_ankles,accepted,2.530108690261841,8.084020614624023,0.029672375419207413
66,2.2,detected,1,3,0.8965690732002258,ankle_midpoint,1055.717041015625,628.9468994140625,0.9667397737503052,0.9514175057411194,3.8116564750671387,2.9363882541656494,3.7661284879627575,2.778593884054394,0.0,0,two_ankles,accepted,3.8116564750671387,2.9363882541656494,0.2952200610921633
66,2.2,detected,2,5,0.8372364044189453,ankle_midpoint,789.910400390625,612.5792846679688,0.9839703440666199,0.9867219924926758,1.5277742147445679,2.2324583530426025,1.5249530071932504,2.2309030727047765,0.0,0,two_ankles,accepted,1.5277742147445679,2.2324583530426025,0.017378500411811888
66,2.2,detected,3,1,0.9219401478767395,ankle_midpoint,672.26171875,861.874755859375,0.9959679841995239,0.9890758991241455,1.3329002857208252,10.401296615600586,1.4263762971708396,10.409242007323357,0.0,0,two_ankles,accepted,1.3329002857208252,10.401296615600586,0.06317538221650523
66,2.2,detected,4,12,0.9091071486473083,ankle_midpoint,888.0203247070312,772.6943359375,0.980412483215332,0.9696547985076904,2.541438579559326,8.132594108581543,2.5309274655825695,8.073269199096254,0.0,0,two_ankles,accepted,2.541438579559326,8.132594108581543,0.04987735665344004
67,2.2333333333333334,detected,1,3,0.898892343044281,ankle_midpoint,1058.05322265625,625.9442138671875,0.9683955311775208,0.9564821720123291,3.835526943206787,2.7985455989837646,3.797357792822571,2.7875721557726107,0.0,0,two_ankles,accepted,3.835526943206787,2.7985455989837646,0.13989423446589197
67,2.2333333333333334,detected,2,5,0.8424318432807922,ankle_midpoint,789.23291015625,611.6019897460938,0.9743549823760986,0.9830917716026306,1.5190175771713257,2.1854820251464844,1.5222820636833845,2.2104636013035455,0.0,0,two_ankles,accepted,1.5190175771713257,2.1854820251464844,0.04778550077369417
67,2.2333333333333334,detected,3,1,0.9145182371139526,ankle_midpoint,666.3092041015625,859.9722290039062,0.9948148131370544,0.98503577709198,1.2935194969177246,10.35974407196045,1.3665907370569381,10.386967936410048,0.0,0,two_ankles,accepted,1.2935194969177246,10.35974407196045,0.057249108374889814
67,2.2333333333333334,detected,4,12,0.9204356074333191,ankle_midpoint,889.38525390625,776.0718383789062,0.9797848463058472,0.9724457859992981,2.5531070232391357,8.227787017822266,2.5409082665280245,8.14280221752296,0.0,0,two_ankles,accepted,2.5531070232391357,8.227787017822266,0.09590538330887036
68,2.2666666666666666,detected,1,3,0.8984944820404053,ankle_midpoint,1060.8544921875,623.5035400390625,0.9824851155281067,0.9725232124328613,3.8628103733062744,2.6851584911346436,3.8268114540402376,2.741486006685526,0.0,0,two_ankles,accepted,3.8628103733062744,2.6851584911346436,0.1166234186790193
68,2.2666666666666666,detected,2,5,0.8248786330223083,ankle_midpoint,788.3984375,614.7691650390625,0.971416175365448,0.977593183517456,1.5211350917816162,2.337811231613159,1.521765926327589,2.2677700349428718,0.0,0,two_ankles,accepted,1.5211350917816162,2.337811231613159,0.15234392344590458
68,2.2666666666666666,detected,3,1,0.9002730846405029,ankle_midpoint,655.2586669921875,862.2640380859375,0.9955328702926636,0.97402024269104,1.2338151931762695,10.41211223602295,1.3068417423106373,10.398282871235853,0.0,0,two_ankles,accepted,1.2338151931762695,10.41211223602295,0.07941680233130041
68,2.2666666666666666,detected,4,12,0.894892156124115,ankle_midpoint,895.7445068359375,786.697265625,0.9636102914810181,0.9613739848136902,2.60255765914917,8.520980834960938,2.5686504932075405,8.31298259537005,0.0,0,two_ankles,accepted,2.60255765914917,8.520980834960938,0.29733479412986924
69,2.3,detected,1,3,0.8922688961029053,ankle_midpoint,1062.692626953125,619.5899658203125,0.9822688102722168,0.9736316800117493,3.884316921234131,2.5017952919006348,3.85268891427749,2.633625185032325,0.0,0,two_ankles,accepted,3.884316921234131,2.5017952919006348,0.18462013551371906
69,2.3,detected,2,5,0.8014630675315857,ankle_midpoint,787.07421875,614.77490234375,0.9742867350578308,0.9923322200775146,1.509726881980896,2.3383989334106445,1.5163483563715772,2.29955303925337,0.0,0,two_ankles,accepted,1.509726881980896,2.3383989334106445,0.011423337702266194
69,2.3,detected,3,1,0.9023240208625793,ankle_midpoint,642.3846435546875,861.9718627929688,0.9979262351989746,0.9852674007415771,1.1574184894561768,10.407288551330566,1.2396012785261301,10.402335427278476,0.0,0,two_ankles,accepted,1.1574184894561768,10.407288551330566,0.07654883587166539
69,2.3,detected,4,12,0.9032820463180542,ankle_midpoint,898.40625,789.7695922851562,0.9645493030548096,0.9711276292800903,2.621924877166748,8.60399055480957,2.5926239659891843,8.443936177117834,0.0,0,two_ankles,accepted,2.621924877166748,8.60399055480957,0.08523909151961269
70,2.3333333333333335,detected,1,3,0.8978065848350525,ankle_midpoint,1061.9150390625,616.9829711914062,0.9863538146018982,0.9819669723510742,3.8815605640411377,2.378622055053711,3.8656811566711315,2.5188737765419487,0.0,0,two_ankles,accepted,3.8815605640411377,2.378622055053711,0.12320407371643098
70,2.3333333333333335,detected,2,5,0.778671383857727,ankle_midpoint,786.6558837890625,615.452880859375,0.9799445867538452,0.9926942586898804,1.508125901222229,2.370826244354248,1.5126482515543707,2.331625981548765,0.0,0,two_ankles,accepted,1.508125901222229,2.370826244354248,0.03246680819579852
70,2.3333333333333335,detected,3,1,0.9080058932304382,ankle_midpoint,643.798095703125,864.2865600585938,0.9975119829177856,0.987180769443512,1.1714056730270386,10.458287239074707,1.208913256051539,10.42751374258678,0.0,0,two_ankles,accepted,1.1714056730270386,10.458287239074707,0.05288201448384267
70,2.3333333333333335,detected,4,12,0.9126196503639221,ankle_midpoint,898.3260498046875,796.388427734375,0.977130651473999,0.9788103103637695,2.6256628036499023,8.781250953674316,2.6074914429365075,8.595727826568252,0.0,0,two_ankles,accepted,2.6256628036499023,8.781250953674316,0.17729980569668524
71,2.3666666666666667,detected,1,3,0.9032655358314514,ankle_midpoint,1064.560546875,615.0970458984375,0.984594464302063,0.9761330485343933,3.9073028564453125,2.2880005836486816,3.884410921569513,2.414980839739979,0.0,0,two_ankles,accepted,3.9073028564453125,2.2880005836486816,0.09420677628405813
71,2.3666666666666667,detected,2,5,0.7948591709136963,ankle_midpoint,775.7059936523438,609.7493286132812,0.9874191880226135,0.9922967553138733,1.3956997394561768,2.098895788192749,1.4600214211101834,2.226897394538558,0.0,0,two_ankles,accepted,1.3956997394561768,2.098895788192749,0.29425467683224255
71,2.3666666666666667,detected,3,1,0.9054750800132751,ankle_midpoint,636.275634765625,865.25390625,0.9958800077438354,0.9787663221359253,1.1297218799591064,10.480545997619629,1.1732771368099444,10.451378257351562,0.0,0,two_ankles,accepted,1.1297218799591064,10.480545997619629,0.0472545335019966
71,2.3666666666666667,detected,4,12,0.9094420671463013,ankle_midpoint,899.8238525390625,799.3070068359375,0.9720474481582642,0.9779880046844482,2.637115001678467,8.858145713806152,2.6208220443703896,8.713815875825308,0.0,0,two_ankles,accepted,2.637115001678467,8.858145713806152,0.0777428901920815
72,2.4,detected,1,3,0.9031072854995728,ankle_midpoint,1066.3878173828125,614.8074951171875,0.9858664870262146,0.9789189696311951,3.9235727787017822,2.2736921310424805,3.9020337572790345,2.3514009208261046,0.0,0,two_ankles,accepted,3.9235727787017822,2.2736921310424805,0.021666614553627755
72,2.4,detected,2,5,0.8986474275588989,ankle_midpoint,762.960205078125,607.798095703125,0.9741626381874084,0.9797549247741699,1.278016209602356,2.0066919326782227,1.3781190759316613,2.1278049367014074,0.0,0,two_ankles,accepted,1.278016209602356,2.0066919326782227,0.1495023885113505
72,2.4,detected,3,1,0.8974720239639282,ankle_midpoint,637.2340087890625,858.2701416015625,0.9716856479644775,0.8544974327087402,1.1178010702133179,10.325471878051758,1.1483129068414626,10.394720386666652,0.0,0,two_ankles,accepted,1.1178010702133179,10.325471878051758,0.1555316310746649
72,2.4,detected,4,12,0.9063107967376709,ankle_midpoint,901.3443603515625,798.6641235351562,0.9657369256019592,0.978933572769165,2.646470785140991,8.84099006652832,2.6323639777171604,8.771044261641663,0.0,0,two_ankles,accepted,2.646470785140991,8.84099006652832,0.01954090370783887
73,2.433333333333333,detected,1,3,0.8937006592750549,ankle_midpoint,1068.472900390625,613.779052734375,0.9865462779998779,0.9787179231643677,3.9433000087738037,2.2237915992736816,3.9206035704516804,2.2939767261275144,0.0,0,two_ankles,accepted,3.9433000087738037,2.2237915992736816,0.053658425965763944
73,2.433333333333333,detected,2,5,0.8898348808288574,ankle_midpoint,757.7567138671875,607.2379150390625,0.9892218112945557,0.9918392300605774,1.230560541152954,1.9804710149765015,1.3117177352812432,2.0615046719251997,0.0,0,two_ankles,accepted,1.230560541152954,1.9804710149765015,0.05421786599544463
73,2.433333333333333,detected,3,1,0.9046829342842102,ankle_midpoint,640.0051879882812,862.9876098632812,0.9856820702552795,0.9305036067962646,1.145951271057129,10.430088996887207,1.1472501707385125,10.410636261265903,0.0,0,two_ankles,accepted,1.145951271057129,10.430088996887207,0.10833824514444289
73,2.433333333333333,detected,4,12,0.9042050838470459,ankle_midpoint,903.3975830078125,801.2454833984375,0.9728135466575623,0.978910505771637,2.66115403175354,8.908495903015137,2.6453195020335314,8.832897500259726,0.0,0,two_ankles,accepted,2.66115403175354,8.908495903015137,0.06908426514677361
74,2.466666666666667,detected,1,3,0.886576235294342,ankle_midpoint,1073.9715576171875,609.611572265625,0.989557683467865,0.9828560948371887,3.998239517211914,2.0202791690826416,3.955539746493786,2.170812825457322,0.0,0,two_ankles,accepted,3.998239517211914,2.0202791690826416,0.21079767273308342
74,2.466666666666667,detected,2,5,0.8899203538894653,ankle_midpoint,748.9549560546875,617.807373046875,0.971390426158905,0.9778532385826111,1.1917084455490112,2.491302013397217,1.2477329851470493,1.9972399214313854,0.0,0,two_ankles,corrected_motion_outlier,1.1695294016497009,1.918694115272279,0.5123063480773226
74,2.466666666666667,detected,3,1,0.9131332039833069,ankle_midpoint,654.689208984375,868.6083984375,0.9944302439689636,0.9788752794265747,1.2454168796539307,10.551657676696777,1.1914251897504506,10.474095898209796,0.0,0,two_ankles,accepted,1.2454168796539307,10.551657676696777,0.15707434928776243
74,2.466666666666667,detected,4,12,0.9094690680503845,ankle_midpoint,901.1199951171875,800.38232421875,0.9649845957756042,0.9734505414962769,2.646074056625366,8.886210441589355,2.645659051599857,8.85688832385806,0.0,0,two_ankles,accepted,2.646074056625366,8.886210441589355,0.0269081296419191
75,2.5,detected,1,3,0.8946248888969421,ankle_midpoint,1074.327880859375,607.0369873046875,0.9894459843635559,0.9852619767189026,4.005904674530029,1.8936623334884644,3.9782039641100955,2.046095104071336,0.0,0,two_ankles,accepted,4.005904674530029,1.8936623334884644,0.1268486408779943
75,2.5,detected,2,5,0.8982405066490173,ankle_midpoint,737.9976806640625,621.1763305664062,0.9798178672790527,0.9844282269477844,1.1101903915405273,2.651780843734741,1.1850773597967788,1.9340947037928875,0.1448654292924002,0,two_ankles,corrected_motion_outlier,1.1084982621464479,1.8569172155680567,0.34100801277430975
75,2.5,detected,3,1,0.9147225022315979,ankle_midpoint,668.5225830078125,871.5078125,0.9898041486740112,0.9858068227767944,1.33253812789917,10.612905502319336,1.2549260119173744,10.53656022005909,0.0,0,two_ankles,accepted,1.33253812789917,10.612905502319336,0.10649604705950334
75,2.5,detected,4,12,0.9046330451965332,ankle_midpoint,900.9130859375,796.2869873046875,0.9653812646865845,0.9739860892295837,2.6422488689422607,8.778177261352539,2.6441244694039385,8.821468345730576,0.0,0,two_ankles,accepted,2.6422488689422607,8.778177261352539,0.10810087924199063
76,2.533333333333333,detected,1,3,0.9001045227050781,ankle_midpoint,1074.48046875,605.2922973632812,0.9899174571037292,0.9856389164924622,4.010358810424805,1.807167887687683,3.992673644951715,1.9385778566986924,0.0,0,two_ankles,accepted,4.010358810424805,1.807167887687683,0.0866090554212053
76,2.533333333333333,detected,2,5,0.8850013017654419,ankle_midpoint,733.60595703125,621.2261962890625,0.9880512952804565,0.9908547401428223,1.0729601383209229,2.6551222801208496,1.1346246101326436,2.2585571131404705,0.2103597344690763,0,two_ankles,accepted,1.0729601383209229,2.6551222801208496,0.230938235257272
76,2.533333333333333,detected,3,1,0.9153614044189453,ankle_midpoint,676.0184326171875,871.613037109375,0.9910199046134949,0.9864388704299927,1.376319169998169,10.614238739013672,1.309552933053732,10.571515553588654,0.0,0,two_ankles,accepted,1.376319169998169,10.614238739013672,0.04380133750649001
76,2.533333333333333,detected,4,12,0.9083334803581238,ankle_midpoint,901.0289306640625,793.6605834960938,0.9864844679832458,0.9821686148643494,2.6413779258728027,8.708200454711914,2.6428885248149276,8.77049779477218,0.0,0,two_ankles,accepted,2.6413779258728027,8.708200454711914,0.06998222638248698
77,2.566666666666667,detected,1,3,0.9031476378440857,ankle_midpoint,1073.9981689453125,604.456787109375,0.9887862205505371,0.9844377636909485,4.007598876953125,1.7656773328781128,3.99938999935235,1.8607726209794317,0.0,0,two_ankles,accepted,4.007598876953125,1.7656773328781128,0.04158224826983332
77,2.566666666666667,detected,2,5,0.8687491416931152,ankle_midpoint,731.0130004882812,615.618896484375,0.9535142183303833,0.9555994272232056,1.0294681787490845,2.3918704986572266,1.087304216010042,2.318548136623011,0.0,0,two_ankles,accepted,1.0294681787490845,2.3918704986572266,0.2668202597089838
77,2.566666666666667,detected,3,1,0.9237348437309265,ankle_midpoint,692.9141235351562,871.9056396484375,0.9885680675506592,0.9843958616256714,1.4750815629959106,10.618441581726074,1.3840408165277125,10.592632266250494,0.0,0,two_ankles,accepted,1.4750815629959106,10.618441581726074,0.09885177872706981
77,2.566666666666667,detected,4,12,0.9123433828353882,ankle_midpoint,901.474609375,789.616943359375,0.9873679280281067,0.9822567105293274,2.641761302947998,8.599403381347656,2.6423812749748095,8.693505308731144,0.0,0,two_ankles,accepted,2.641761302947998,8.599403381347656,0.10879774883061452
78,2.6,detected,1,3,0.9024509191513062,ankle_midpoint,1073.482177734375,605.47119140625,0.9886051416397095,0.9842993021011353,4.001241207122803,1.8163038492202759,4.000223042849054,1.8407616736878119,0.0,0,two_ankles,accepted,4.001241207122803,1.8163038492202759,0.05102415234587142
78,2.6,detected,2,5,0.8205671310424805,ankle_midpoint,739.47607421875,630.9630737304688,0.844208836555481,0.852550208568573,1.1578092575073242,3.0991313457489014,1.0374463564653476,2.321358185324673,0.14527991814016805,0,two_ankles,corrected_motion_outlier,0.9765089725773876,2.324792689293371,0.7188110588504201
78,2.6,detected,3,1,0.9226469993591309,ankle_midpoint,709.21728515625,871.003662109375,0.9906606078147888,0.9865837693214417,1.5680524110794067,10.596848487854004,1.466846034075975,10.594529565972074,0.0,0,two_ankles,accepted,1.5680524110794067,10.596848487854004,0.09544548337314107
78,2.6,detected,4,12,0.9063331484794617,ankle_midpoint,898.527587890625,786.2440795898438,0.9522255063056946,0.932945966720581,2.6204183101654053,8.508195877075195,2.6324979408105778,8.610116064485968,0.0,0,two_ankles,accepted,2.6204183101654053,8.508195877075195,0.09367140533016886
79,2.6333333333333333,detected,1,3,0.9037531614303589,ankle_midpoint,1073.603759765625,605.732177734375,0.9889366626739502,0.984918475151062,4.00184965133667,1.8292349576950073,4.000955016668481,1.8355746514910498,0.0,0,two_ankles,accepted,4.00184965133667,1.8292349576950073,0.01294541504729222
79,2.6333333333333333,detected,2,5,0.7872825264930725,ankle_midpoint,738.2034912109375,632.2108154296875,0.8228105902671814,0.842742919921875,1.1515600681304932,3.1553456783294678,0.986192890938502,2.292718697896852,0.27613700278564146,0,two_ankles,corrected_motion_outlier,0.9235497664056906,2.2577148799295155,0.38658788762333307
79,2.6333333333333333,detected,3,1,0.9205836057662964,ankle_midpoint,717.7761840820312,869.831298828125,0.9864336252212524,0.9841138124465942,1.6156500577926636,10.570302963256836,1.5338078447484849,10.583627594750219,0.0,0,two_ankles,accepted,1.6156500577926636,10.570302963256836,0.05449954906950019
79,2.6333333333333333,detected,4,12,0.9138146042823792,ankle_midpoint,896.260498046875,786.1749267578125,0.9558118581771851,0.9342350959777832,2.6055715084075928,8.5066499710083,2.6203810462292347,8.563556322421018,0.0,0,two_ankles,accepted,2.6055715084075928,8.5066499710083,0.01492706762909064
80,2.6666666666666665,detected,1,3,0.9051432609558105,ankle_midpoint,1073.73583984375,605.8800048828125,0.9898810982704163,0.9863876104354858,4.002750873565674,1.8365381956100464,4.001763152272218,1.8360082463445981,0.0,0,two_ankles,accepted,4.002750873565674,1.8365381956100464,0.007358633402318319
80,2.6666666666666665,detected,2,5,0.8678341507911682,ankle_midpoint,723.9346923828125,640.1700439453125,0.9413201212882996,0.9646969437599182,1.0617461204528809,3.509321689605713,0.9341718421214733,2.2467819655978154,0.6824674752861349,0,two_ankles,corrected_motion_outlier,0.8705905602339937,2.1906370705656597,0.37263909105979387
80,2.6666666666666665,detected,3,1,0.9250792860984802,ankle_midpoint,733.5775756835938,868.079345703125,0.9799158573150635,0.9731980562210083,1.7046314477920532,10.530099868774414,1.6106784661180908,10.559540118061108,0.0,0,two_ankles,accepted,1.7046314477920532,10.530099868774414,0.09764208402213678
80,2.6666666666666665,detected,4,12,0.9154886603355408,ankle_midpoint,893.3603515625,789.8121948242188,0.9712783694267273,0.9556382894515991,2.5891788005828857,8.6058988571167,2.606340035688378,8.582610463034076,0.0,0,two_ankles,accepted,2.5891788005828857,8.6058988571167,0.10059354981102941
81,2.7,detected,1,3,0.8988252878189087,ankle_midpoint,1071.67431640625,605.1421508789062,0.9901012182235718,0.9873669147491455,3.9858832359313965,1.8003877401351929,3.9946171899188485,1.819979018550366,0.0,0,two_ankles,accepted,3.9858832359313965,1.8003877401351929,0.039892012112710686
81,2.7,detected,2,5,0.82005774974823,ankle_midpoint,718.4364624023438,642.679443359375,0.9771019816398621,0.9910202622413635,1.0257763862609863,3.619037628173828,0.881728622494844,2.19133174861961,0.8598940030711778,0,two_ankles,corrected_motion_outlier,0.8176313540622968,2.123559261201804,0.3067931706681424
81,2.7,detected,3,1,0.9266470670700073,ankle_midpoint,755.6144409179688,866.99169921875,0.9803352355957031,0.9802237749099731,1.8315765857696533,10.50349235534668,1.7100826199612942,10.534318624839615,0.0,0,two_ankles,accepted,1.8315765857696533,10.50349235534668,0.12970361531953914
81,2.7,detected,4,12,0.9137521982192993,ankle_midpoint,891.994873046875,787.2442016601562,0.9740565419197083,0.9686148762702942,2.578486204147339,8.53644847869873,2.5938058114949105,8.56183757008317,0.0,0,two_ankles,accepted,2.578486204147339,8.53644847869873,0.07026867496212327
82,2.7333333333333334,detected,1,3,0.8907216191291809,ankle_midpoint,1070.7047119140625,604.3648071289062,0.988349199295044,0.9827903509140015,3.9786782264709473,1.7618972063064575,3.987444656367293,1.7938422030406072,0.0,0,two_ankles,accepted,3.9786782264709473,1.7618972063064575,0.03915907756505742
82,2.7333333333333334,detected,2,5,0.8346068263053894,ankle_midpoint,716.9627685546875,643.6934814453125,0.9623277187347412,0.9860294461250305,1.0174496173858643,3.6629300117492676,0.9428030701958032,2.853550967027956,0.976214446106534,0,two_ankles,accepted,1.0174496173858643,3.6629300117492676,0.25422326657007754
82,2.7333333333333334,detected,3,1,0.9281343221664429,ankle_midpoint,766.2313232421875,870.6311645507812,0.966175377368927,0.9569509625434875,1.8991522789001465,10.581563949584961,1.7951639664837777,10.55557902097502,0.0,0,two_ankles,accepted,1.8991522789001465,10.581563949584961,0.10325525714932587
82,2.7333333333333334,detected,4,12,0.914573073387146,ankle_midpoint,890.1658935546875,787.7508544921875,0.963306188583374,0.9592460989952087,2.5669333934783936,8.550506591796875,2.581713223387478,8.556738629854337,0.0,0,two_ankles,accepted,2.5669333934783936,8.550506591796875,0.018196097884786162
83,2.7666666666666666,detected,1,3,0.8908209800720215,ankle_midpoint,1062.94580078125,600.6497802734375,0.991152822971344,0.989051103591919,3.916152000427246,1.5771251916885376,3.955362961194272,1.696319547932176,0.0,0,two_ankles,accepted,3.916152000427246,1.5771251916885376,0.19506467217113618
83,2.7666666666666666,detected,2,5,0.8348051309585571,ankle_midpoint,714.7340087890625,659.4962768554688,0.9404070973396301,0.9646304845809937,1.0563616752624512,4.322565078735352,0.9605248639431679,3.2381896525760183,0.0,0,two_ankles,corrected_motion_outlier,0.9821848340788358,3.708303601579204,0.6607817868600241
83,2.7666666666666666,detected,3,1,0.9175705313682556,ankle_midpoint,782.3338623046875,879.2031860351562,0.9769951105117798,0.9749197363853455,2.0046117305755615,10.763752937316895,1.8894154603250806,10.649257283328865,0.0,0,two_ankles,accepted,2.0046117305755615,10.763752937316895,0.210510149870418
83,2.7666666666666666,detected,4,12,0.9093077778816223,ankle_midpoint,890.5498046875,788.4814453125,0.9414399862289429,0.9184710383415222,2.5699634552001953,8.570287704467773,2.576425827703201,8.562835713430383,0.0,0,two_ankles,accepted,2.5699634552001953,8.570287704467773,0.020011838809482426
84,2.8,detected,1,3,0.8976833820343018,ankle_midpoint,1056.725341796875,597.9344482421875,0.9847842454910278,0.9789283275604248,3.864969491958618,1.440529465675354,3.9146859000382284,1.5812140109166062,0.0,0,two_ankles,accepted,3.864969491958618,1.440529465675354,0.145869947344235
84,2.8,detected,2,5,0.8650860786437988,ankle_midpoint,712.8917236328125,658.5618286132812,0.9452083706855774,0.9848452806472778,1.0383987426757812,4.284980297088623,0.9544026980160558,3.4701590450509237,0.0,0,two_ankles,corrected_motion_outlier,0.9469200507718074,3.753677191409141,0.3112014714542599
84,2.8,detected,3,1,0.9198147058486938,ankle_midpoint,787.165771484375,886.324462890625,0.9723531007766724,0.9690834283828735,2.0417368412017822,10.91321086883545,1.9579600817195963,10.768036396806828,0.0,0,two_ankles,accepted,2.0417368412017822,10.91321086883545,0.1539998283531969
84,2.8,detected,4,12,0.9011946320533752,ankle_midpoint,894.2508544921875,783.9981689453125,0.9537326693534851,0.8700498342514038,2.590935468673706,8.447327613830566,2.5829551661399286,8.510857068610466,0.0,0,two_ankles,accepted,2.590935468673706,8.447327613830566,0.124735757658513
85,2.8333333333333335,detected,1,3,0.8916557431221008,ankle_midpoint,1053.4869384765625,597.7268676757812,0.9840137362480164,0.9745995998382568,3.836324453353882,1.4307208061218262,3.879423249030273,1.5134920687589553,0.0,0,two_ankles,accepted,3.836324453353882,1.4307208061218262,0.030277847329423
85,2.8333333333333335,detected,2,5,0.8497516512870789,ankle_midpoint,710.5383911132812,658.2265625,0.9448791742324829,0.9837456941604614,1.0184544324874878,4.271818161010742,0.9832259785282003,3.830905647232842,0.0,0,two_ankles,accepted,1.0184544324874878,4.271818161010742,0.2029629927856177
85,2.8333333333333335,detected,3,1,0.9167394638061523,ankle_midpoint,795.0078125,889.1044311523438,0.985039472579956,0.9861576557159424,2.089933395385742,10.970113754272461,2.0173480728693622,10.858971207666364,0.0,0,two_ankles,accepted,2.089933395385742,10.970113754272461,0.07457108156829341
85,2.8333333333333335,detected,4,12,0.8957580327987671,ankle_midpoint,895.356201171875,786.6832275390625,0.9563460946083069,0.858572244644165,2.6000149250030518,8.520657539367676,2.5906320576283344,8.51526728045121,0.0,0,two_ankles,accepted,2.6000149250030518,8.520657539367676,0.07388988094803307
86,2.8666666666666667,detected,1,3,0.8818289637565613,ankle_midpoint,1044.0677490234375,596.533203125,0.9876583218574524,0.9840699434280396,3.75365948677063,1.3718541860580444,3.822829556013434,1.4497550215435455,0.0,0,two_ankles,accepted,3.75365948677063,1.3718541860580444,0.10148288357128897
86,2.8666666666666667,detected,2,5,0.8663254976272583,ankle_midpoint,707.0380859375,654.4053955078125,0.9483452439308167,0.9875258207321167,0.9765676259994507,4.1158270835876465,0.980229719890263,3.959120293592504,0.0,0,two_ankles,accepted,0.9765676259994507,4.1158270835876465,0.16151693655274826
86,2.8666666666666667,detected,3,1,0.9193741679191589,ankle_midpoint,796.1195068359375,885.8102416992188,0.9850482940673828,0.9746593236923218,2.092216968536377,10.901366233825684,2.051039075919519,10.878048969438058,0.0,0,two_ankles,accepted,2.092216968536377,10.901366233825684,0.06878543649577554
86,2.8666666666666667,detected,4,12,0.9003472924232483,ankle_midpoint,893.7236938476562,784.8335571289062,0.9262769818305969,0.7460430264472961,2.5880701541900635,8.47033405303955,2.5894792010811125,8.495047328115964,0.0,0,two_ankles,accepted,2.5880701541900635,8.47033405303955,0.051721666891079605
87,2.9,detected,1,3,0.8730940222740173,ankle_midpoint,1034.3106689453125,598.1634521484375,0.9872453808784485,0.9835943579673767,3.6643435955047607,1.4578490257263184,3.7515108737845315,1.4533973234257933,0.0,0,two_ankles,accepted,3.6643435955047607,1.4578490257263184,0.12398564788792571
87,2.9,detected,2,5,0.8422799706459045,ankle_midpoint,702.7171020507812,651.7720947265625,0.9699666500091553,0.969565749168396,0.9319931268692017,4.007513999938965,0.9585232530307854,3.9808974614484116,0.0,0,two_ankles,accepted,0.9319931268692017,4.007513999938965,0.11712647037368998
87,2.9,detected,3,1,0.9135837554931641,ankle_midpoint,794.1195068359375,885.5923461914062,0.9866445660591125,0.96986985206604,2.0805206298828125,10.897053718566895,2.0643057752030014,10.886601106546035,0.0,0,two_ankles,accepted,2.0805206298828125,10.897053718566895,0.012466038895982735
87,2.9,detected,4,12,0.9085522890090942,ankle_midpoint,888.9613037109375,790.8684692382812,0.8908464312553406,0.7064651846885681,2.5613837242126465,8.63506031036377,2.576836236490303,8.558053170127478,0.0,0,two_ankles,accepted,2.5613837242126465,8.63506031036377,0.16687392066163098
88,2.933333333333333,detected,1,3,0.8711806535720825,ankle_midpoint,1030.51123046875,600.0496826171875,0.9794883728027344,0.9749305844306946,3.628382444381714,1.5547906160354614,3.6961030805532635,1.499024305100144,0.0,0,two_ankles,accepted,3.628382444381714,1.5547906160354614,0.1033966939595283
88,2.933333333333333,detected,2,5,0.8681926131248474,ankle_midpoint,701.7197265625,650.1556396484375,0.9681202173233032,0.9717883467674255,0.9178011417388916,3.9401767253875732,0.9401983029494332,3.9625731302210347,0.0,0,two_ankles,accepted,0.9178011417388916,3.9401767253875732,0.0688165749361913
88,2.933333333333333,detected,3,1,0.9149734973907471,ankle_midpoint,791.7899169921875,885.1904907226562,0.9863088726997375,0.9652407169342041,2.066701889038086,10.88892650604248,2.0653840264287897,10.887647536319436,0.0,0,two_ankles,accepted,2.066701889038086,10.88892650604248,0.016031505916497893
88,2.933333333333333,detected,4,12,0.9144095778465271,ankle_midpoint,887.7020874023438,791.2481689453125,0.9284499287605286,0.7549847364425659,2.5535004138946533,8.64547348022461,2.5663351163222607,8.597392309671188,0.0,0,two_ankles,accepted,2.5535004138946533,8.64547348022461,0.013060654199559867
89,2.966666666666667,detected,1,3,0.8752793073654175,ankle_midpoint,1023.6224365234375,598.078369140625,0.975957453250885,0.9734013080596924,3.5689451694488525,1.4561787843704224,3.638882020556279,1.4797438207717692,0.0,0,two_ankles,accepted,3.5689451694488525,1.4561787843704224,0.115139406789242
89,2.966666666666667,detected,2,5,0.8589369058609009,ankle_midpoint,701.4365234375,649.4324951171875,0.9407746195793152,0.9501206874847412,0.9127447009086609,3.909893274307251,0.9278441820310857,3.9388671950598324,0.0,0,two_ankles,accepted,0.9127447009086609,3.909893274307251,0.030702687230988367
89,2.966666666666667,detected,3,1,0.9069131016731262,ankle_midpoint,786.6627197265625,884.5745849609375,0.9908964037895203,0.9691268801689148,2.0365898609161377,10.876646995544434,2.0524266519480965,10.882697292970686,0.0,0,two_ankles,accepted,2.0365898609161377,10.876646995544434,0.03251954205840921
89,2.966666666666667,detected,4,12,0.9073171615600586,ankle_midpoint,883.2440185546875,790.422607421875,0.9418652653694153,0.8736065626144409,2.5239574909210205,8.623894691467285,2.5472651848917027,8.609318381479433,0.0,0,two_ankles,accepted,2.5239574909210205,8.623894691467285,0.03658453801893941
90,3.0,detected,1,3,0.8872702717781067,ankle_midpoint,1021.0640869140625,600.1138916015625,0.9875002503395081,0.9827374815940857,3.5442440509796143,1.5603960752487183,3.5962949342467803,1.5160373352863963,0.0,0,two_ankles,accepted,3.5442440509796143,1.5603960752487183,0.10710457026496434
90,3.0,detected,2,5,0.8813061118125916,ankle_midpoint,698.8076171875,648.262939453125,0.9489524960517883,0.958398163318634,0.886938214302063,3.861215829849243,0.9094364965530255,3.9039240807150675,0.0,0,two_ankles,accepted,0.886938214302063,3.861215829849243,0.05509508462593512
90,3.0,detected,3,1,0.9119197130203247,ankle_midpoint,775.3797607421875,886.0079956054688,0.9856243133544922,0.9380429983139038,1.9740248918533325,10.908044815063477,2.017145859905453,10.894103677912442,0.0,0,two_ankles,accepted,1.9740248918533325,10.908044815063477,0.07000141730265298
90,3.0,detected,4,12,0.906238853931427,ankle_midpoint,878.9998779296875,793.734619140625,0.9618863463401794,0.9261050820350647,2.4991416931152344,8.713452339172363,2.525609613592292,8.656178662441253,0.0,0,two_ankles,accepted,2.4991416931152344,8.713452339172363,0.09293221230124969
91,3.033333333333333,detected,1,3,0.8875515460968018,ankle_midpoint,1020.6412353515625,599.699462890625,0.9866098761558533,0.982264518737793,3.5408527851104736,1.5394797325134277,3.571345967135443,1.5265864140385605,0.0,0,two_ankles,accepted,3.5408527851104736,1.5394797325134277,0.021189480352649965
91,3.033333333333333,detected,2,5,0.9005986452102661,ankle_midpoint,697.8778076171875,645.7283325195312,0.9687999486923218,0.9756683111190796,0.8694713711738586,3.7540056705474854,0.8914521901324004,3.8364607961396553,0.0,0,two_ankles,accepted,0.8694713711738586,3.7540056705474854,0.10862370305956977
91,3.033333333333333,detected,3,1,0.9159750938415527,ankle_midpoint,772.5489501953125,886.152587890625,0.9885231852531433,0.9489343166351318,1.9580631256103516,10.911413192749023,1.9905586294726572,10.901892959588904,0.0,0,two_ankles,accepted,1.9580631256103516,10.911413192749023,0.01631330591351908
91,3.033333333333333,detected,4,12,0.9057976007461548,ankle_midpoint,878.9273681640625,795.4420166015625,0.9625840187072754,0.9296650886535645,2.500068187713623,8.758979797363281,2.5141159719468913,8.702439173156165,0.0,0,two_ankles,accepted,2.500068187713623,8.758979797363281,0.04553688440777023
92,3.066666666666667,detected,1,3,0.8974015116691589,ankle_midpoint,1019.9153442382812,599.8994750976562,0.9846104383468628,0.9793694615364075,3.5342113971710205,1.5498101711273193,3.554635410651453,1.537037104728502,0.0,0,two_ankles,accepted,3.5342113971710205,1.5498101711273193,0.012281123552741259
92,3.066666666666667,detected,2,5,0.905802309513092,ankle_midpoint,699.918701171875,646.8714599609375,0.9725125432014465,0.9764470458030701,0.8905481696128845,3.8021292686462402,0.8910453808986183,3.821011608767619,0.0,0,two_ankles,accepted,0.8905481696128845,3.8021292686462402,0.05253676928028415
92,3.066666666666667,detected,3,1,0.9187449216842651,ankle_midpoint,773.3592529296875,886.82373046875,0.9888843297958374,0.9428837895393372,1.9636229276657104,10.925322532653809,1.9784375636595315,10.912436267468113,0.0,0,two_ankles,accepted,1.9636229276657104,10.925322532653809,0.01497935697824248
92,3.066666666666667,detected,4,12,0.9070260524749756,ankle_midpoint,882.270263671875,794.412109375,0.9670957922935486,0.9346752762794495,2.520796537399292,8.731054306030273,2.517122226400472,8.715315982949514,0.0,0,two_ankles,accepted,2.520796537399292,8.731054306030273,0.034777831256150325
93,3.1,detected,1,3,0.8956586122512817,ankle_midpoint,1016.752197265625,597.4769897460938,0.9805999398231506,0.9704289436340332,3.508071184158325,1.42714262008667,3.5336815087295457,1.4875845866396777,0.0,0,two_ankles,accepted,3.508071184158325,1.42714262008667,0.1254218434510489
93,3.1,detected,2,5,0.9126518964767456,ankle_midpoint,704.0694580078125,649.576416015625,0.9665018916130066,0.9720906019210815,0.9345948696136475,3.915376901626587,0.9106426508203815,3.8634759905541545,0.0,0,two_ankles,accepted,0.9345948696136475,3.915376901626587,0.121511884836869
93,3.1,detected,3,1,0.9154568910598755,ankle_midpoint,770.7906494140625,884.4609375,0.9852468967437744,0.9281527996063232,1.9456334114074707,10.876215934753418,1.963675695146104,10.896137117746502,0.0,0,two_ankles,accepted,1.9456334114074707,10.876215934753418,0.05229799855210638
93,3.1,detected,4,12,0.9064258933067322,ankle_midpoint,884.8141479492188,794.0966796875,0.9884576201438904,0.9603425860404968,2.5369694232940674,8.722259521484375,2.52605346500259,8.718440575290202,0.0,0,two_ankles,accepted,2.5369694232940674,8.722259521484375,0.018409521269555022
94,3.1333333333333333,detected,1,3,0.8943822383880615,ankle_midpoint,1014.24365234375,596.197998046875,0.9888684749603271,0.9849126935005188,3.4866526126861572,1.3621222972869873,3.512518505510021,1.431126556430967,0.0,0,two_ankles,accepted,3.4866526126861572,1.3621222972869873,0.06845726828382283
94,3.1333333333333333,detected,2,5,0.9128589630126953,ankle_midpoint,704.00634765625,650.205810546875,0.9671398997306824,0.972765326499939,0.9364694952964783,3.9417922496795654,0.922264730834625,3.8987183071605895,0.0,0,two_ankles,accepted,0.9364694952964783,3.9417922496795654,0.026481783063281913
94,3.1333333333333333,detected,3,1,0.9202716946601868,ankle_midpoint,771.0228271484375,884.2418212890625,0.9822942018508911,0.9367353320121765,1.9466514587402344,10.871588706970215,1.9560147887634627,10.885090332897175,0.0,0,two_ankles,accepted,1.9466514587402344,10.871588706970215,0.004737895875744224
94,3.1333333333333333,detected,4,12,0.9037169218063354,ankle_midpoint,887.1422119140625,795.2894897460938,0.9896479249000549,0.9568108916282654,2.5528829097747803,8.753706932067871,2.5381267151500757,8.734310435840154,0.0,0,two_ankles,accepted,2.5528829097747803,8.753706932067871,0.035244555386312
95,3.1666666666666665,detected,1,3,0.9030143022537231,ankle_midpoint,1009.8448486328125,595.1046752929688,0.9729657173156738,0.9621302485466003,3.448003053665161,1.3068538904190063,3.4834865521798344,1.3752038567255847,0.0,0,two_ankles,accepted,3.448003053665161,1.3068538904190063,0.06744171713592519
95,3.1666666666666665,detected,2,5,0.9047194719314575,ankle_midpoint,702.4154052734375,650.6866455078125,0.9671453833580017,0.9727661609649658,0.9254435300827026,3.9622609615325928,0.92369519049626,3.9273125016279913,0.0,0,two_ankles,accepted,0.9254435300827026,3.9622609615325928,0.02324951771150646
95,3.1666666666666665,detected,3,1,0.9211306571960449,ankle_midpoint,770.8082275390625,881.7578125,0.9883168339729309,0.95191890001297,1.9418913125991821,10.819314002990723,1.9496592244895365,10.855490984439271,0.0,0,two_ankles,accepted,1.9418913125991821,10.819314002990723,0.052490986535096776
95,3.1666666666666665,detected,4,12,0.9138718843460083,ankle_midpoint,897.104248046875,795.488037109375,0.9936483502388,0.94106125831604,2.617215633392334,8.757513999938965,2.5737167283590923,8.74475203968462,0.0,0,two_ankles,accepted,2.617215633392334,8.757513999938965,0.06444527208281199
96,3.2,detected,1,3,0.9011505842208862,ankle_midpoint,1004.9729614257812,592.74462890625,0.9906128644943237,0.9866531491279602,3.405742883682251,1.185572862625122,3.4485019013559217,1.2898699093803767,0.0,0,two_ankles,accepted,3.405742883682251,1.185572862625122,0.12843289948344774
96,3.2,detected,2,5,0.9020674824714661,ankle_midpoint,697.9073486328125,651.952392578125,0.992362380027771,0.9935939908027649,0.8939307928085327,4.016043186187744,0.9103012115367828,3.9672413096798804,0.0,0,two_ankles,accepted,0.8939307928085327,4.016043186187744,0.06233442306918409
96,3.2,detected,3,1,0.9193015098571777,ankle_midpoint,770.072998046875,879.2587890625,0.9875181317329407,0.939597487449646,1.9340819120407104,10.766458511352539,1.9426494338875648,10.815426371550242,0.0,0,two_ankles,accepted,1.9340819120407104,10.766458511352539,0.053429296583398456
96,3.2,detected,4,12,0.9090092182159424,ankle_midpoint,910.7598876953125,796.67626953125,0.988733172416687,0.943581759929657,2.7058329582214355,8.787049293518066,2.633169031797147,8.763785803909672,0.0,0,two_ankles,accepted,2.7058329582214355,8.787049293518066,0.0934096559605602
97,3.2333333333333334,detected,1,3,0.8981196284294128,ankle_midpoint,1002.0177001953125,592.3800048828125,0.9872942566871643,0.9811511635780334,3.3792850971221924,1.1672966480255127,3.4173543394507435,1.234711941770688,0.0,0,two_ankles,accepted,3.3792850971221924,1.1672966480255127,0.032156406667234946
97,3.2333333333333334,detected,2,5,0.9116698503494263,ankle_midpoint,697.5794677734375,649.041015625,0.9616678953170776,0.966922402381897,0.8800138831138611,3.8942580223083496,0.896671913746468,3.934398830362692,0.0,0,two_ankles,accepted,0.8800138831138611,3.8942580223083496,0.12257775702214749
97,3.2333333333333334,detected,3,1,0.9161415696144104,ankle_midpoint,770.4588623046875,878.2305908203125,0.9835221767425537,0.9288994073867798,1.9348235130310059,10.744528770446777,1.9391277695021132,10.783522451053683,0.0,0,two_ankles,accepted,1.9348235130310059,10.744528770446777,0.021942276732888177
97,3.2333333333333334,detected,4,12,0.9068799018859863,ankle_midpoint,917.2415771484375,796.1395874023438,0.9884223341941833,0.9474191069602966,2.7472827434539795,8.771851539611816,2.6845202020427217,8.767415384975637,0.0,0,two_ankles,accepted,2.7472827434539795,8.771851539611816,0.044148119094916775
98,3.2666666666666666,detected,1,3,0.9079474210739136,ankle_midpoint,994.34521484375,590.4449462890625,0.9869998097419739,0.9822049736976624,3.3108737468719482,1.0678201913833618,3.3694380727902855,1.1596106540963913,0.0,0,two_ankles,accepted,3.3108737468719482,1.0678201913833618,0.12072977374756942
98,3.2666666666666666,detected,2,5,0.896155834197998,ankle_midpoint,700.3869018554688,650.5048828125,0.9934940934181213,0.9950646758079529,0.9083701372146606,3.9550869464874268,0.9019361143071547,3.9437084826188227,0.0,0,two_ankles,accepted,0.9083701372146606,3.9550869464874268,0.0671135989454673
98,3.2666666666666666,detected,3,1,0.9130898118019104,ankle_midpoint,758.284423828125,876.2681884765625,0.9744430780410767,0.9375097155570984,1.8616222143173218,10.704130172729492,1.9042502696689572,10.747795925807797,0.0,0,two_ankles,accepted,1.8616222143173218,10.704130172729492,0.08360907146292826
98,3.2666666666666666,detected,4,12,0.8977118134498596,ankle_midpoint,925.329833984375,791.0675048828125,0.9945302605628967,0.9598861336708069,2.7973508834838867,8.63498592376709,2.735294008691246,8.707822127431792,0.0,0,two_ankles,accepted,2.7973508834838867,8.63498592376709,0.14573611579361742
99,3.3,detected,1,3,0.8924753665924072,ankle_midpoint,986.314697265625,587.5626220703125,0.9741638898849487,0.9668698310852051,3.238985538482666,0.9173645973205566,3.3107344323518566,1.0505999285472658,0.0,0,two_ankles,accepted,3.238985538482666,0.9173645973205566,0.16674771449771802
99,3.3,detected,2,5,0.8971976637840271,ankle_midpoint,709.5928955078125,648.6846923828125,0.9788015484809875,0.9788072109222412,0.9759608507156372,3.8766889572143555,0.935247245690972,3.913549696186813,0.0,0,two_ankles,accepted,0.9759608507156372,3.8766889572143555,0.10351207308150917
99,3.3,detected,3,1,0.9153550267219543,ankle_midpoint,755.876708984375,874.2640380859375,0.9842098951339722,0.9670518636703491,1.8445825576782227,10.661412239074707,1.8773997992731266,10.708923266777907,0.0,0,two_ankles,accepted,1.8445825576782227,10.661412239074707,0.04599099644618521
99,3.3,detected,4,12,0.8930209279060364,ankle_midpoint,933.60986328125,796.7757568359375,0.9969045519828796,0.9795811772346497,2.85288143157959,8.786314010620117,2.788208348991001,8.743143474866539,0.0,0,two_ankles,accepted,2.85288143157959,8.786314010620117,0.1611950112205914
100,3.3333333333333335,detected,1,3,0.8804142475128174,ankle_midpoint,983.4249267578125,585.525634765625,0.9743688106536865,0.9671192765235901,3.2131831645965576,0.8092731237411499,3.266836361861972,0.9420028663845137,0.0,0,two_ankles,accepted,3.2131831645965576,0.8092731237411499,0.11112843541923063
100,3.3333333333333335,detected,2,5,0.8950386047363281,ankle_midpoint,714.5028076171875,644.8544921875,0.9637615084648132,0.9634191393852234,1.001649260520935,3.7131550312042236,0.9651281523644555,3.823372096944648,0.0,0,two_ankles,accepted,1.001649260520935,3.7131550312042236,0.16553923811173046
100,3.3333333333333335,detected,3,1,0.9142100811004639,ankle_midpoint,756.9720458984375,872.208251953125,0.9859297871589661,0.9626709818840027,1.8477239608764648,10.616918563842773,1.864045671994629,10.667521150457098,0.0,0,two_ankles,accepted,1.8477239608764648,10.616918563842773,0.04460443419323585
100,3.3333333333333335,detected,4,12,0.8981360793113708,ankle_midpoint,935.9742431640625,797.1092529296875,0.9955807328224182,0.9707425832748413,2.868192434310913,8.794803619384766,2.8242011873849613,8.766390539899742,0.0,0,two_ankles,accepted,2.868192434310913,8.794803619384766,0.0175071488716862
101,3.3666666666666667,detected,1,3,0.8749492168426514,ankle_midpoint,976.3515625,580.9797973632812,0.9792405366897583,0.9704207181930542,3.1490731239318848,0.5650292038917542,3.2138429047934327,0.772364718262772,0.0,0,two_ankles,accepted,3.1490731239318848,0.5650292038917542,0.2525177017506378
101,3.3666666666666667,detected,2,5,0.9039638042449951,ankle_midpoint,725.6822509765625,644.6961669921875,0.9756061434745789,0.9792013168334961,1.0923010110855103,3.703972101211548,1.0223559387889303,3.769642098864753,0.0,0,two_ankles,accepted,1.0923010110855103,3.703972101211548,0.09111567419315045
101,3.3666666666666667,detected,3,1,0.9236471652984619,ankle_midpoint,750.1708984375,870.1964721679688,0.9887745380401611,0.9711017608642578,1.804962396621704,10.57414722442627,1.837458198076813,10.625502883743227,0.0,0,two_ankles,accepted,1.804962396621704,10.57414722442627,0.06048089659550206
101,3.3666666666666667,detected,4,12,0.9048452973365784,ankle_midpoint,942.009033203125,800.556884765625,0.9951927661895752,0.9723499417304993,2.907832622528076,8.884803771972656,2.8618353331993633,8.819676494332553,0.0,0,two_ankles,accepted,2.907832622528076,8.884803771972656,0.09834313391251934
102,3.4,detected,1,3,0.8667176961898804,ankle_midpoint,969.2349853515625,582.9923095703125,0.9695064425468445,0.9606318473815918,3.083326578140259,0.6764013171195984,3.1551105577995044,0.7291811877483438,0.0,0,two_ankles,accepted,3.083326578140259,0.6764013171195984,0.12933041362481654
102,3.4,detected,2,5,0.9024177193641663,ankle_midpoint,742.3857421875,640.2623901367188,0.9718965291976929,0.9720511436462402,1.2138868570327759,3.5092878341674805,1.1085448519986607,3.6524826797509804,0.0,0,two_ankles,accepted,1.2138868570327759,3.5092878341674805,0.2295323109481494
102,3.4,detected,3,1,0.9246289134025574,ankle_midpoint,736.8480224609375,871.9580078125,0.9892923831939697,0.9699307680130005,1.7304013967514038,10.614039421081543,1.7892826374803787,10.62034432554547,0.0,0,two_ankles,accepted,1.7304013967514038,10.614039421081543,0.08456198942575753
102,3.4,detected,4,12,0.9059382081031799,ankle_midpoint,947.655517578125,804.291259765625,0.9923284649848938,0.9711969494819641,2.9446749687194824,8.981451988220215,2.8991131691834173,8.892475466582002,0.0,0,two_ankles,accepted,2.9446749687194824,8.981451988220215,0.10343227821488936
103,3.433333333333333,detected,1,3,0.8637993931770325,ankle_midpoint,966.0064697265625,582.9996948242188,0.9716506600379944,0.9638076424598694,3.0536303520202637,0.6776501536369324,3.1094444651988464,0.7059922223982087,0.0,0,two_ankles,accepted,3.0536303520202637,0.6776501536369324,0.02972247362547248
103,3.433333333333333,detected,2,5,0.9056984186172485,ankle_midpoint,751.0475463867188,639.9942626953125,0.9712987542152405,0.9716165661811829,1.284297227859497,3.495734930038452,1.187633421136037,3.581946192380343,0.0,0,two_ankles,accepted,1.284297227859497,3.495734930038452,0.07170286974931354
103,3.433333333333333,detected,3,1,0.9235392808914185,ankle_midpoint,734.8787841796875,870.85595703125,0.9917791485786438,0.9738175868988037,1.7170542478561401,10.590404510498047,1.7567798621494715,10.60687140877413,0.0,0,two_ankles,accepted,1.7170542478561401,10.590404510498047,0.02714323823574103
103,3.433333333333333,detected,4,12,0.9109084606170654,ankle_midpoint,951.3724365234375,805.8582763671875,0.9925641417503357,0.9691990613937378,2.968583583831787,9.021514892578125,2.9303748557751836,8.950543208280259,0.0,0,two_ankles,accepted,2.968583583831787,9.021514892578125,0.046654669457401376
104,3.466666666666667,detected,1,3,0.8942458033561707,ankle_midpoint,959.4505615234375,583.767578125,0.9827441573143005,0.9774788618087769,2.993464231491089,0.7209086418151855,3.0572533600303555,0.7127046111358484,0.0,0,two_ankles,accepted,2.993464231491089,0.7209086418151855,0.07410302867629136
104,3.466666666666667,detected,2,5,0.8949275612831116,ankle_midpoint,770.9640502929688,635.527587890625,0.9824758768081665,0.9847943186759949,1.4350740909576416,3.2954978942871094,1.2989817225557592,3.453044458238388,0.0,0,two_ankles,accepted,1.4350740909576416,3.2954978942871094,0.250656204655303
104,3.466666666666667,detected,3,1,0.9273265600204468,ankle_midpoint,724.03466796875,866.8154296875,0.9954257607460022,0.9777341485023499,1.646606206893921,10.503646850585938,1.7072017172844738,10.560420357589443,0.0,0,two_ankles,accepted,1.646606206893921,10.503646850585938,0.11175785443913887
104,3.466666666666667,detected,4,12,0.9158841967582703,ankle_midpoint,956.7884521484375,806.7255859375,0.9962641596794128,0.9769301414489746,3.0030879974365234,9.043129920959473,2.963095769522787,8.992207228985905,0.0,0,two_ankles,accepted,3.0030879974365234,9.043129920959473,0.04071564822194506
105,3.5,detected,1,3,0.8901866674423218,ankle_midpoint,954.4082641601562,583.8402099609375,0.9894747734069824,0.9846683144569397,2.947181463241577,0.7261523008346558,3.007721006475405,0.7187560715003117,0.0,0,two_ankles,accepted,2.947181463241577,0.7261523008346558,0.04657886427072349
105,3.5,detected,2,5,0.8807628154754639,ankle_midpoint,789.2634887695312,637.093017578125,0.9865989685058594,0.9868952631950378,1.5912328958511353,3.3604519367218018,1.4304947505386785,3.4113778235559247,0.0,0,two_ankles,accepted,1.5912328958511353,3.3604519367218018,0.1691289448154042
105,3.5,detected,3,1,0.9200561046600342,ankle_midpoint,712.881591796875,865.5576171875,0.9956905245780945,0.9764145612716675,1.578979253768921,10.477450370788574,1.649501608702475,10.523083863529052,0.0,0,two_ankles,accepted,1.578979253768921,10.477450370788574,0.07252351579139424
105,3.5,detected,4,12,0.9151883125305176,ankle_midpoint,963.2288818359375,813.1561279296875,0.9956652522087097,0.9813308119773865,3.0442748069763184,9.206620216369629,2.999626336376876,9.08869307330858,0.0,0,two_ankles,accepted,3.0442748069763184,9.206620216369629,0.16859842814619447
106,3.533333333333333,detected,1,3,0.883895993232727,ankle_midpoint,952.353271484375,584.3720703125,0.9890377521514893,0.9838740825653076,2.9284753799438477,0.7553730010986328,2.9720604745362045,0.7352336898195563,0.0,0,two_ankles,accepted,2.9284753799438477,0.7553730010986328,0.034695343725906255
106,3.533333333333333,detected,2,5,0.8909704685211182,ankle_midpoint,798.0052490234375,638.801025390625,0.9844964742660522,0.9862972497940063,1.6679794788360596,3.433392286300659,1.5373628782725,3.421284331791055,0.0,0,two_ankles,accepted,1.6679794788360596,3.433392286300659,0.1058788581188322
106,3.533333333333333,detected,3,1,0.9141900539398193,ankle_midpoint,708.9841918945312,865.068359375,0.9957791566848755,0.9783571362495422,1.555200457572937,10.467182159423828,1.607066090694183,10.497928096681703,0.0,0,two_ankles,accepted,1.555200457572937,10.467182159423828,0.02590110640805212
106,3.533333333333333,detected,4,12,0.9047820568084717,ankle_midpoint,967.9033203125,816.4146728515625,0.9936107993125916,0.9811006784439087,3.0737061500549316,9.288171768188477,3.032962252532001,9.178458486004534,0.0,0,two_ankles,accepted,3.0737061500549316,9.288171768188477,0.08669982444891819
107,3.566666666666667,detected,1,3,0.880554735660553,ankle_midpoint,948.8287353515625,581.933837890625,0.9825326204299927,0.9743708372116089,2.895253896713257,0.6243095397949219,2.9374975145158784,0.6853178223084708,0.0,0,two_ankles,accepted,2.895253896713257,0.6243095397949219,0.13520834973088666
107,3.566666666666667,detected,2,5,0.9113287329673767,ankle_midpoint,813.53076171875,638.697021484375,0.9859447479248047,0.9856353998184204,1.7959176301956177,3.425424098968506,1.653712516637903,3.423147227020908,0.0,0,two_ankles,accepted,1.7959176301956177,3.425424098968506,0.1281860467549471
107,3.566666666666667,detected,3,1,0.9132558107376099,ankle_midpoint,700.0323486328125,863.603271484375,0.9961917400360107,0.9850945472717285,1.499781847000122,10.436010360717773,1.5587881810318556,10.470065115497935,0.0,0,two_ankles,accepted,1.499781847000122,10.436010360717773,0.06358382996007797
107,3.566666666666667,detected,4,12,0.9139251112937927,ankle_midpoint,977.661376953125,819.8980712890625,0.9872482419013977,0.9775882959365845,3.1345598697662354,9.373886108398438,3.078681180287407,9.26640091608179,0.0,0,two_ankles,accepted,3.1345598697662354,9.373886108398438,0.10511956678150286
108,3.6,detected,1,3,0.8636900782585144,ankle_midpoint,947.9732055664062,582.4842529296875,0.9834813475608826,0.9751070737838745,2.8875818252563477,0.6544427275657654,2.9150354543490895,0.6714240296742534,0.0,0,two_ankles,accepted,2.8875818252563477,0.6544427275657654,0.031094528227211184
108,3.6,detected,2,5,0.912420928478241,ankle_midpoint,821.864990234375,637.9417114257812,0.987193763256073,0.9858556389808655,1.8630900382995605,3.3905084133148193,1.747932401385649,3.4084597608531686,0.0,0,two_ankles,accepted,1.8630900382995605,3.3905084133148193,0.0757049371913728
108,3.6,detected,3,1,0.911685585975647,ankle_midpoint,690.374267578125,861.105224609375,0.9961845278739929,0.9846353530883789,1.4378259181976318,10.38187313079834,1.5043551627564549,10.430378722383118,0.0,0,two_ankles,accepted,1.4378259181976318,10.38187313079834,0.082276222428651
108,3.6,detected,4,12,0.9101183414459229,ankle_midpoint,986.685791015625,818.3143310546875,0.9907057881355286,0.9828784465789795,3.191059112548828,9.333118438720703,3.129251249805047,9.296423801269302,0.0,0,two_ankles,accepted,3.191059112548828,9.333118438720703,0.06967185461834086
109,3.6333333333333333,detected,1,3,0.8799442648887634,ankle_midpoint,947.0572509765625,581.3825073242188,0.9812356233596802,0.9740242958068848,2.8787059783935547,0.5947535037994385,2.898687190169099,0.6369222930305867,0.0,0,two_ankles,accepted,2.8787059783935547,0.5947535037994385,0.060345539117306723
109,3.6333333333333333,detected,2,5,0.9108386635780334,ankle_midpoint,826.9461669921875,638.71484375,0.9864755272865295,0.9846545457839966,1.9067524671554565,3.423246383666992,1.8194014309820625,3.4151137411193897,0.0,0,two_ankles,accepted,1.9067524671554565,3.423246383666992,0.05457272575541676
109,3.6333333333333333,detected,3,1,0.908536434173584,ankle_midpoint,684.767578125,858.5888671875,0.9964974522590637,0.9861873388290405,1.3993691205978394,10.326457023620605,1.4571114437850778,10.383613957939989,0.0,0,two_ankles,accepted,1.3993691205978394,10.326457023620605,0.06745272578899646
109,3.6333333333333333,detected,4,12,0.9121040105819702,ankle_midpoint,992.852294921875,816.6119384765625,0.9932379722595215,0.9861425757408142,3.2299365997314453,9.289596557617188,3.174559657271926,9.293351541625851,0.0,0,two_ankles,accepted,3.2299365997314453,9.289596557617188,0.058357631415463684
110,3.6666666666666665,detected,1,3,0.840482771396637,ankle_midpoint,943.3040161132812,582.8524169921875,0.9818108081817627,0.9726179242134094,2.8447751998901367,0.6756381392478943,2.874426794543566,0.6543444238283751,0.0,0,two_ankles,accepted,2.8447751998901367,0.6756381392478943,0.08771329421175336
110,3.6666666666666665,detected,2,5,0.9045361876487732,ankle_midpoint,830.268310546875,639.631591796875,0.9890688061714172,0.9866660237312317,1.9360827207565308,3.4625442028045654,1.8719080113805733,3.436457448877719,0.0,0,two_ankles,accepted,1.9360827207565308,3.4625442028045654,0.049036541122643884
110,3.6666666666666665,detected,3,1,0.9040543437004089,ankle_midpoint,674.19677734375,854.2355346679688,0.9950300455093384,0.9841316342353821,1.3270740509033203,10.229851722717285,1.398594616988287,10.314420952089772,0.0,0,two_ankles,accepted,1.3270740509033203,10.229851722717285,0.12066134950661055
110,3.6666666666666665,detected,4,12,0.9227311611175537,ankle_midpoint,1002.5967407226562,818.6728515625,0.9941816926002502,0.9896038770675659,3.290370225906372,9.339835166931152,3.226674413157427,9.314269173013237,0.0,0,two_ankles,accepted,3.290370225906372,9.339835166931152,0.07858842814595536
111,3.7,detected,1,3,0.8206019401550293,ankle_midpoint,934.6585693359375,579.775146484375,0.9894633293151855,0.9780732989311218,2.763306140899658,0.5101345777511597,2.8244225004038075,0.5894499930936282,0.0,0,two_ankles,accepted,2.763306140899658,0.5101345777511597,0.18446852425521673
111,3.7,detected,2,5,0.9083550572395325,ankle_midpoint,831.9198608398438,639.8668212890625,0.9861264824867249,0.9839476346969604,1.9501800537109375,3.4724314212799072,1.9071304304292371,3.452645736458704,0.0,0,two_ankles,accepted,1.9501800537109375,3.4724314212799072,0.017218939735260775
111,3.7,detected,3,1,0.8989030122756958,ankle_midpoint,666.7424926757812,858.562744140625,0.996044397354126,0.9823134541511536,1.2928292751312256,10.328204154968262,1.3510002131526095,10.320623393385095,0.0,0,two_ankles,accepted,1.2928292751312256,10.328204154968262,0.10414367766390806
111,3.7,detected,4,12,0.918278157711029,ankle_midpoint,1010.997314453125,825.8242797851562,0.9946802258491516,0.9915547966957092,3.340294361114502,9.515552520751953,3.2778033897381107,9.404846679495659,0.0,0,two_ankles,accepted,3.340294361114502,9.515552520751953,0.18267185801339003
112,3.7333333333333334,detected,1,3,0.8063691258430481,ankle_midpoint,927.6588745117188,580.0816650390625,0.9866654276847839,0.9755649566650391,2.698768377304077,0.5287969708442688,2.767878145008929,0.5621561330814165,0.0,0,two_ankles,accepted,2.698768377304077,0.5287969708442688,0.06718190117792763
112,3.7333333333333334,detected,2,5,0.910729169845581,ankle_midpoint,834.5176391601562,638.7864990234375,0.9876545071601868,0.9851381778717041,1.9694339036941528,3.424710988998413,1.9351669933984494,3.4400751001015735,0.0,0,two_ankles,accepted,1.9694339036941528,3.424710988998413,0.05145823934326581
112,3.7333333333333334,detected,3,1,0.8943721652030945,ankle_midpoint,663.8809204101562,857.56494140625,0.9970951080322266,0.9860002398490906,1.2735998630523682,10.306217193603516,1.3161700556075009,10.314140603483384,0.0,0,two_ankles,accepted,1.2735998630523682,10.306217193603516,0.029209531987920402
112,3.7333333333333334,detected,4,12,0.9179334044456482,ankle_midpoint,1016.11181640625,827.9203491210938,0.9926379919052124,0.9888827204704285,3.371105909347534,9.566049575805664,3.319789523562352,9.477387982835161,0.0,0,two_ankles,accepted,3.371105909347534,9.566049575805664,0.05915491588713473
113,3.7666666666666666,detected,1,3,0.7047155499458313,ankle_midpoint,914.1307983398438,577.4951782226562,0.9883660674095154,0.9592304229736328,2.5710227489471436,0.3899696469306946,2.679293216781126,0.4846722143135917,0.0,0,two_ankles,accepted,2.5710227489471436,0.3899696469306946,0.18865834577169455
113,3.7666666666666666,detected,2,5,0.8960154056549072,ankle_midpoint,839.6273803710938,638.61376953125,0.9858992099761963,0.9831908345222473,2.011303424835205,3.4160284996032715,1.9694283875449896,3.4292541298773376,0.0,0,two_ankles,accepted,2.011303424835205,3.4160284996032715,0.042760290254835354
113,3.7666666666666666,detected,3,1,0.9089516997337341,ankle_midpoint,657.635498046875,852.4385986328125,0.9914267063140869,0.9855933785438538,1.224370002746582,10.191256523132324,1.2748600318200873,10.258842767325408,0.0,0,two_ankles,accepted,1.224370002746582,10.191256523132324,0.12505812608908337
113,3.7666666666666666,detected,4,12,0.9220413565635681,ankle_midpoint,1024.221923828125,833.1910400390625,0.9890007972717285,0.984624981880188,3.4187264442443848,9.692436218261719,3.364311137869267,9.574159688777112,0.0,0,two_ankles,accepted,3.4187264442443848,9.692436218261719,0.1350603521955158
114,3.8,detected,1,3,0.35522064566612244,ankle_midpoint,900.6407470703125,572.5399780273438,0.9471167325973511,0.813468873500824,2.439213275909424,0.11657997965812683,2.5953141178061463,0.4120632148547388,0.0,0,two_ankles,corrected_motion_outlier,2.4926729968367267,0.3233188821828074,0.3035055969070203
114,3.8,detected,2,5,0.8931921720504761,ankle_midpoint,845.0648193359375,635.67578125,0.9926862716674805,0.9915302991867065,2.0507750511169434,3.2855682373046875,2.006034386152369,3.364595478219645,0.0,0,two_ankles,accepted,2.0507750511169434,3.2855682373046875,0.13630073118050595
114,3.8,detected,3,1,0.9202225804328918,ankle_midpoint,649.4234619140625,845.8134155273438,0.9882907867431641,0.9828187823295593,1.1589244604110718,10.040419578552246,1.2226890246860305,10.160552332377486,0.0,0,two_ankles,accepted,1.1589244604110718,10.040419578552246,0.16442293897702542
114,3.8,detected,4,12,0.9178510904312134,ankle_midpoint,1036.2923583984375,836.7592163085938,0.9914621710777283,0.98267662525177,3.4907050132751465,9.776103973388672,3.421188381801913,9.665034616852314,0.0,0,two_ankles,accepted,3.4907050132751465,9.776103973388672,0.11036850840570385
115,3.8333333333333335,detected,1,3,0.3764706552028656,ankle_midpoint,888.7542724609375,577.2152099609375,0.9237896800041199,0.6974120140075684,2.3347761631011963,0.38125982880592346,2.4780720381889187,0.39820169113277193,0.0,0,two_ankles,accepted,2.3347761631011963,0.38125982880592346,0.11820354294143759
115,3.8333333333333335,detected,2,5,0.868703305721283,ankle_midpoint,846.6192626953125,635.2855834960938,0.9838706254959106,0.9853394031524658,2.062967538833618,3.2679507732391357,2.031654304858931,3.3211053609784162,0.0,0,two_ankles,accepted,2.062967538833618,3.2679507732391357,0.02142502734706011
115,3.8333333333333335,detected,3,1,0.9210766553878784,ankle_midpoint,649.9063720703125,847.249755859375,0.9942392110824585,0.9920429587364197,1.1654325723648071,10.073513984680176,1.19692362114148,10.121385075913697,0.0,0,two_ankles,accepted,1.1654325723648071,10.073513984680176,0.03372825578298859
115,3.8333333333333335,detected,4,12,0.9134299159049988,ankle_midpoint,1040.55322265625,835.583740234375,0.9916025996208191,0.9840661287307739,3.517369031906128,9.74750804901123,3.46446967434881,9.702147661323828,0.0,0,two_ankles,accepted,3.517369031906128,9.74750804901123,0.0390985521541869
116,3.8666666666666667,detected,2,5,0.8817338943481445,ankle_midpoint,850.1150512695312,629.8533935546875,0.9849457740783691,0.9805067777633667,2.0821914672851562,3.0241448879241943,2.0543960279507325,3.187473148104017,0.0,0,two_ankles,accepted,2.0821914672851562,3.0241448879241943,0.24456260781099023
116,3.8666666666666667,detected,3,1,0.9166380763053894,ankle_midpoint,645.6331787109375,846.202880859375,0.9957882761955261,0.9946085214614868,1.1371573209762573,10.049924850463867,1.17002878606713,10.089227974461274,0.0,0,two_ankles,accepted,1.1371573209762573,10.049924850463867,0.03682305112508615
116,3.8666666666666667,detected,4,12,0.9218306541442871,ankle_midpoint,1048.1607666015625,840.7954711914062,0.9953012466430664,0.9896285533905029,3.560486078262329,9.870046615600586,3.5076770561098938,9.777702190748368,0.0,0,two_ankles,accepted,3.560486078262329,9.870046615600586,0.12990296373931084
116,3.8666666666666667,predicted,1,,,motion_prediction,,,,,,,2.2425056717063843,0.33641261354796187,,1,,motion_prediction,2.2425056717063843,0.33641261354796187,
117,3.9,detected,2,5,0.894594669342041,ankle_midpoint,851.614501953125,626.9560546875,0.9827802181243896,0.9809364080429077,2.0895209312438965,2.8921897411346436,2.0702022344326565,3.0545956149677993,0.0,0,two_ankles,accepted,2.0895209312438965,2.8921897411346436,0.13215854798753793
117,3.9,detected,3,1,0.9226185083389282,ankle_midpoint,638.080810546875,846.6295166015625,0.9926149845123291,0.989219605922699,1.092943549156189,10.060776710510254,1.1353404294572065,10.076424905683314,0.0,0,two_ankles,accepted,1.092943549156189,10.060776710510254,0.04552604183347631
117,3.9,detected,4,12,0.921238899230957,ankle_midpoint,1057.489013671875,844.4873046875,0.9892832040786743,0.9779972434043884,3.6144495010375977,9.95530891418457,3.555724656327361,9.857625216294661,0.0,0,two_ankles,accepted,3.6144495010375977,9.95530891418457,0.10090446252493929
117,3.9,predicted,1,,,motion_prediction,,,,,,,2.1502351803115727,0.2915653982900003,,2,,motion_prediction,2.1502351803115727,0.2915653982900003,
118,3.933333333333333,detected,2,5,0.8937622904777527,ankle_midpoint,853.0870361328125,625.2670288085938,0.9820117950439453,0.9782337546348572,2.0988969802856445,2.81447434425354,2.083114870066501,2.9465410431463828,0.0,0,two_ankles,accepted,2.0988969802856445,2.81447434425354,0.0782789448576097
118,3.933333333333333,detected,3,1,0.91866135597229,ankle_midpoint,635.689697265625,847.0283203125,0.9908925294876099,0.9882558584213257,1.0796475410461426,10.070291519165039,1.1102786296722278,10.07366488175009,0.0,0,two_ankles,accepted,1.0796475410461426,10.070291519165039,0.01634978334411786
118,3.933333333333333,detected,4,12,0.9287023544311523,ankle_midpoint,1058.6796875,848.27490234375,0.9851816296577454,0.9693491458892822,3.6189444065093994,10.043044090270996,3.5841735439092783,9.94106370958401,0.0,0,two_ankles,accepted,3.6189444065093994,10.043044090270996,0.08785024358598315
118,3.933333333333333,predicted,1,,,motion_prediction,,,,,,,2.057964688916761,0.24671818303203863,,3,,motion_prediction,2.057964688916761,0.24671818303203863,
119,3.966666666666667,detected,2,5,0.9074053168296814,ankle_midpoint,856.632080078125,622.7685546875,0.9880190491676331,0.986666738986969,2.1245017051696777,2.6983017921447754,2.1017389458629308,2.8348333801956596,0.0,0,two_ankles,accepted,2.1245017051696777,2.6983017921447754,0.11896076580053891
119,3.966666666666667,detected,3,1,0.9189683794975281,ankle_midpoint,631.315185546875,849.356201171875,0.99013352394104,0.990713357925415,1.0595852136611938,10.12436580657959,1.0874665924672624,10.096480297923367,0.0,0,two_ankles,accepted,1.0595852136611938,10.12436580657959,0.05767603956143581
119,3.966666666666667,detected,4,12,0.9281500577926636,ankle_midpoint,1064.3970947265625,853.999267578125,0.9891146421432495,0.9747752547264099,3.649010419845581,10.17348861694336,3.613350138080615,10.045654917895718,0.0,0,two_ankles,accepted,3.649010419845581,10.17348861694336,0.13386463198585483
119,3.966666666666667,predicted,1,,,motion_prediction,,,,,,,1.965694197521949,0.20187096777407704,,4,,motion_prediction,1.965694197521949,0.20187096777407704,
120,4.0,detected,2,5,0.9049302935600281,ankle_midpoint,857.1610717773438,621.6837768554688,0.9906062483787537,0.9901800155639648,2.127082347869873,2.647758722305298,2.113143476766055,2.750649784144997,0.0,0,two_ankles,accepted,2.127082347869873,2.647758722305298,0.050608908559110176
120,4.0,detected,3,1,0.9227325916290283,ankle_midpoint,627.2457885742188,850.453369140625,0.9898890852928162,0.9922215342521667,1.038191318511963,10.150001525878906,1.0652927191873776,10.12056485050336,0.0,0,two_ankles,accepted,1.038191318511963,10.150001525878906,0.03338995138735053
120,4.0,detected,4,12,0.9344156384468079,ankle_midpoint,1064.5179443359375,858.9240112304688,0.9797770380973816,0.9515377283096313,3.646099805831909,10.284793853759766,3.6280874885686973,10.15326743903454,0.0,0,two_ankles,accepted,3.646099805831909,10.284793853759766,0.1113432863566226
120,4.0,predicted,1,,,motion_prediction,,,,,,,1.8734237061271373,0.15702375251611544,,5,,motion_prediction,1.8734237061271373,0.15702375251611544,
121,4.033333333333333,detected,2,5,0.9096370935440063,ankle_midpoint,857.3076171875,621.398193359375,0.9903587698936462,0.9898821711540222,2.1278254985809326,2.6344168186187744,2.11975038658275,2.698344949658197,0.0,0,two_ankles,accepted,2.1278254985809326,2.6344168186187744,0.01336258459130628
121,4.033333333333333,detected,3,1,0.9238142967224121,ankle_midpoint,627.8851318359375,850.41162109375,0.9896668195724487,0.991955578327179,1.0418956279754639,10.148963928222656,1.0547640281420165,10.133344435477044,0.0,0,two_ankles,accepted,1.0418956279754639,10.148963928222656,0.003846884128439325
121,4.033333333333333,detected,4,12,0.9341884851455688,ankle_midpoint,1065.1934814453125,861.2296142578125,0.9760836362838745,0.9486702084541321,3.6484055519104004,10.33633804321289,3.637230617072464,10.235649210914797,0.0,0,two_ankles,accepted,3.6484055519104004,10.33633804321289,0.051595735592761156
121,4.033333333333333,predicted,1,,,motion_prediction,,,,,,,1.7811532147323255,0.1121765372581538,,6,,motion_prediction,1.7811532147323255,0.1121765372581538,
122,4.066666666666666,detected,2,5,0.9018409252166748,ankle_midpoint,857.7314453125,621.84716796875,0.9905141592025757,0.9898355603218079,2.132232427597046,2.655233860015869,2.125367305039183,2.67894495931915,0.0,0,two_ankles,accepted,2.132232427597046,2.655233860015869,0.021278398339194066
122,4.066666666666666,detected,3,1,0.9268596172332764,ankle_midpoint,630.2747802734375,850.4486083984375,0.9902669787406921,0.9914650321006775,1.056254506111145,10.149494171142578,1.0554347432281244,10.140611816526535,0.0,0,two_ankles,accepted,1.056254506111145,10.149494171142578,0.014368665173545854
122,4.066666666666666,detected,4,12,0.9229421019554138,ankle_midpoint,1068.12744140625,862.947265625,0.9959902167320251,0.9854589700698853,3.6644387245178223,10.374226570129395,3.6494742654228753,10.298009022561367,0.0,0,two_ankles,accepted,3.6644387245178223,10.374226570129395,0.04114125782911874
122,4.066666666666666,predicted,1,,,motion_prediction,,,,,,,1.6888827233375137,0.0673293220001922,,7,,motion_prediction,1.6888827233375137,0.0673293220001922,
123,4.1,detected,2,5,0.8668141961097717,ankle_midpoint,857.450439453125,623.7891235351562,0.990059494972229,0.9870043396949768,2.1332576274871826,2.745363473892212,2.128917950140783,2.7088332908770276,0.0,0,two_ankles,accepted,2.1332576274871826,2.745363473892212,0.09013544437297337
123,4.1,detected,3,1,0.9273385405540466,ankle_midpoint,631.7283935546875,851.470458984375,0.9905695915222168,0.9908701777458191,1.0676109790802002,10.172616958618164,1.0609140493615585,10.15501413046777,0.0,0,two_ankles,accepted,1.0676109790802002,10.172616958618164,0.025761070997495326
123,4.1,detected,4,12,0.9152711033821106,ankle_midpoint,1073.487060546875,864.635009765625,0.9959269165992737,0.9870694875717163,3.6946890354156494,10.41097640991211,3.669820911919624,10.348844346869202,0.0,0,two_ankles,accepted,3.6946890354156494,10.41097640991211,0.0475986557947849
123,4.1,predicted,1,,,motion_prediction,,,,,,,1.5966122319427019,0.022482106742230612,,8,,motion_prediction,1.5966122319427019,0.022482106742230612,
124,4.133333333333334,detected,2,5,0.8691791892051697,ankle_midpoint,857.0615234375,624.5943603515625,0.9911888837814331,0.9901178479194641,2.131371021270752,2.7826085090637207,2.130021832149269,2.7420321390610396,0.0,0,two_ankles,accepted,2.131371021270752,2.7826085090637207,0.037292786540332454
124,4.133333333333334,detected,3,1,0.9273512363433838,ankle_midpoint,632.98876953125,852.2257080078125,0.9904476404190063,0.9901739358901978,1.0770927667617798,10.189642906188965,1.068194472191658,10.170597079542308,0.0,0,two_ankles,accepted,1.0770927667617798,10.189642906188965,0.01948812942080926
124,4.133333333333334,detected,4,12,0.9141996502876282,ankle_midpoint,1076.984130859375,865.263916015625,0.9946013689041138,0.9834660291671753,3.7147417068481445,10.4244384765625,3.690035269637458,10.382861705231186,0.0,0,two_ankles,accepted,3.7147417068481445,10.4244384765625,0.02415236779446614
124,4.133333333333334,predicted,1,,,motion_prediction,,,,,,,1.50434174054789,-0.02236510851573098,,9,,motion_prediction,1.50434174054789,-0.02236510851573098,
125,4.166666666666667,detected,2,5,0.8450766801834106,ankle_midpoint,858.490966796875,623.9515380859375,0.9927845001220703,0.9890991449356079,2.1423747539520264,2.752626895904541,2.13558064696051,2.7467997796406154,0.0,0,two_ankles,accepted,2.1423747539520264,2.752626895904541,0.03193711415497091
125,4.166666666666667,detected,3,1,0.9283304810523987,ankle_midpoint,635.168212890625,856.5994873046875,0.9910354614257812,0.9904488921165466,1.1013293266296387,10.288256645202637,1.0831051566887493,10.223543884089455,0.0,0,two_ankles,accepted,1.1013293266296387,10.288256645202637,0.1015484138550913
125,4.166666666666667,detected,4,12,0.9157782196998596,ankle_midpoint,1081.38623046875,866.7177734375,0.9950631260871887,0.9821451902389526,3.7393791675567627,10.455946922302246,3.7122400237011455,10.415750052913165,0.0,0,two_ankles,accepted,3.7393791675567627,10.455946922302246,0.03999733269985922
125,4.166666666666667,predicted,1,,,motion_prediction,,,,,,,1.4120712491530782,-0.06721232377369257,,10,,motion_prediction,1.4120712491530782,-0.06721232377369257,
126,4.2,detected,2,5,0.8760809302330017,ankle_midpoint,857.625,625.5486450195312,0.985683262348175,0.9847212433815002,2.1378121376037598,2.826368808746338,2.1365848177499727,2.7826058427381906,0.0,0,two_ankles,accepted,2.1378121376037598,2.826368808746338,0.07388292886390357
126,4.2,detected,3,1,0.9274665117263794,ankle_midpoint,636.3673095703125,859.1806030273438,0.9920411705970764,0.9913751482963562,1.1149903535842896,10.345942497253418,1.0974534952917425,10.278623260013239,0.0,0,two_ankles,accepted,1.1149903535842896,10.345942497253418,0.059281372995910964
126,4.2,detected,4,12,0.9171460866928101,ankle_midpoint,1085.94140625,867.0314331054688,0.9943408966064453,0.9824002981185913,3.765821695327759,10.46226978302002,3.7363517759331213,10.43668393146125,0.0,0,two_ankles,accepted,3.765821695327759,10.46226978302002,0.0271879723881032
126,4.2,predicted,1,,,motion_prediction,,,,,,,1.3198007577582664,-0.11205953903165422,,11,,motion_prediction,1.3198007577582664,-0.11205953903165422,
127,4.233333333333333,detected,2,5,0.8746952414512634,ankle_midpoint,857.2840576171875,625.3523559570312,0.9837684035301208,0.9829704761505127,2.1345839500427246,2.817431926727295,2.1356844272817113,2.798277580533288,0.0,0,two_ankles,accepted,2.1345839500427246,2.817431926727295,0.009502055311958336
127,4.233333333333333,detected,3,1,0.9264600276947021,ankle_midpoint,637.51171875,859.2879028320312,0.9839693307876587,0.9810464978218079,1.1220142841339111,10.348191261291504,1.1085058502707184,10.309928860588458,0.0,0,two_ankles,accepted,1.1220142841339111,10.348191261291504,0.007375129833765363
127,4.233333333333333,detected,4,12,0.9164629578590393,ankle_midpoint,1087.5546875,868.4664916992188,0.9947082996368408,0.9831339120864868,3.774005651473999,10.49358081817627,3.7532960199265166,10.46228753048301,0.0,0,two_ankles,accepted,3.774005651473999,10.49358081817627,0.032362911809037005
127,4.233333333333333,predicted,1,,,motion_prediction,,,,,,,1.2275302663634546,-0.15690675428961587,,12,,motion_prediction,1.2275302663634546,-0.15690675428961587,
128,4.266666666666667,detected,2,5,0.8733135461807251,ankle_midpoint,857.1434326171875,624.5440063476562,0.9829382300376892,0.9834172129631042,2.131977081298828,2.7802696228027344,2.134016121589414,2.790173999554539,0.0,0,two_ankles,accepted,2.131977081298828,2.7802696228027344,0.03725362529512145
128,4.266666666666667,detected,3,1,0.9293719530105591,ankle_midpoint,637.8426513671875,860.330322265625,0.985688328742981,0.9834926128387451,1.1265920400619507,10.371393203735352,1.116644635676773,10.33758781500456,0.0,0,two_ankles,accepted,1.1265920400619507,10.371393203735352,0.023649227947320408
128,4.266666666666667,detected,4,12,0.9169317483901978,ankle_midpoint,1089.4501953125,870.549560546875,0.9950763583183289,0.9857083559036255,3.78322696685791,10.538886070251465,3.766764946045644,10.496756873378816,0.0,0,two_ankles,accepted,3.78322696685791,10.538886070251465,0.046234170512798704
129,4.3,detected,2,5,0.8777443766593933,ankle_midpoint,858.8998413085938,624.544921875,0.9852895140647888,0.9871042370796204,2.146871328353882,2.779907703399658,2.139800964633425,2.785554166284843,0.0,0,two_ankles,accepted,2.146871328353882,2.779907703399658,0.014898643595686795
129,4.3,detected,3,1,0.9271173477172852,ankle_midpoint,638.9468994140625,863.189208984375,0.9841841459274292,0.9825760126113892,1.1402385234832764,10.434682846069336,1.1272618851896996,10.381280578983711,0.0,0,two_ankles,accepted,1.1402385234832764,10.434682846069336,0.06474415291385148
129,4.3,detected,4,12,0.9141044020652771,ankle_midpoint,1091.9755859375,872.7535400390625,0.9862958788871765,0.9651022553443909,3.7959563732147217,10.586494445800781,3.779901088271729,10.5371387809687,0.0,0,two_ankles,accepted,3.7959563732147217,10.586494445800781,0.049280779302295755
130,4.333333333333333,detected,1,14,0.35521596670150757,ankle_midpoint,772.3521728515625,567.10107421875,0.9391378164291382,0.8778916597366333,1.2151778936386108,-0.15848173201084137,1.2151778936386108,-0.15848173201084137,0.2960046471896018,0,two_ankles,accepted,1.2151778936386108,-0.15848173201084137,0.08286055856964447
130,4.333333333333333,detected,2,5,0.8777623772621155,ankle_midpoint,859.5679321289062,623.059814453125,0.9860061407089233,0.9872761368751526,2.149979829788208,2.7111263275146484,2.1443814539530774,2.7520616388382555,0.0,0,two_ankles,accepted,2.149979829788208,2.7111263275146484,0.06885158276904178
130,4.333333333333333,detected,3,1,0.9248331785202026,ankle_midpoint,638.88427734375,864.7487182617188,0.9830217361450195,0.9805243015289307,1.1437444686889648,10.469097137451172,1.1346790477643691,10.420798030294069,0.0,0,two_ankles,accepted,1.1437444686889648,10.469097137451172,0.03459241395305042
130,4.333333333333333,detected,4,12,0.9159792065620422,ankle_midpoint,1093.265380859375,873.9237060546875,0.9864826798439026,0.9667207598686218,3.802389621734619,10.611669540405273,3.79002092833003,10.57067762271516,0.0,0,two_ankles,accepted,3.802389621734619,10.611669540405273,0.025984073484807853
131,4.366666666666666,detected,1,14,0.5425416231155396,ankle_midpoint,776.23681640625,563.0708618164062,0.9667959213256836,0.9356616139411926,1.2366098165512085,-0.3937746286392212,1.2248222589492799,-0.2643635354936123,0.0,0,two_ankles,accepted,1.2366098165512085,-0.3937746286392212,0.23626695605502043
131,4.366666666666666,detected,2,5,0.8764123320579529,ankle_midpoint,860.719970703125,621.159912109375,0.9858182072639465,0.9865368604660034,2.1565189361572266,2.622509002685547,2.149843320944945,2.6937629525695366,0.0,0,two_ankles,accepted,2.1565189361572266,2.622509002685547,0.08885825888442694
131,4.366666666666666,detected,3,1,0.9224163293838501,ankle_midpoint,638.5672607421875,867.1582641601562,0.9887491464614868,0.9863365888595581,1.147847294807434,10.522027015686035,1.1406047589337485,10.466351073720453,0.0,0,two_ankles,accepted,1.147847294807434,10.522027015686035,0.053088654080847134
131,4.366666666666666,detected,4,12,0.9170157313346863,ankle_midpoint,1096.2518310546875,874.5822143554688,0.9975506663322449,0.9923060536384583,3.8191301822662354,10.625519752502441,3.803120092601323,10.595356581119436,0.0,0,two_ankles,accepted,3.8191301822662354,10.625519752502441,0.021727281055144574
132,4.4,detected,1,14,0.598196804523468,ankle_midpoint,776.1258544921875,557.98193359375,0.9899729490280151,0.9760838150978088,1.2157390117645264,-0.6951829195022583,1.2083180023633613,-0.3718674715816005,0.0,0,two_ankles,corrected_motion_outlier,1.1881461332027938,-0.5032611712446972,0.3021300188551627
132,4.4,detected,2,5,0.8822834491729736,ankle_midpoint,862.1967163085938,619.9681396484375,0.9866268038749695,0.9864673018455505,2.167093515396118,2.5664236545562744,2.157605908447973,2.6364602684635687,0.0,0,two_ankles,accepted,2.167093515396118,2.5664236545562744,0.057073531526104844
132,4.4,detected,3,1,0.9258721470832825,ankle_midpoint,640.1569213867188,869.799560546875,0.9897039532661438,0.9893325567245483,1.16359281539917,10.57943058013916,1.1509493843431882,10.517236851608871,0.0,0,two_ankles,accepted,1.16359281539917,10.57943058013916,0.05952386605916028
132,4.4,detected,4,12,0.9143745303153992,ankle_midpoint,1096.8216552734375,871.1743774414062,0.9979738593101501,0.9930387139320374,3.82566237449646,10.551567077636719,3.813264119454135,10.575651304552213,0.0,0,two_ankles,accepted,3.82566237449646,10.551567077636719,0.07424060651104551
133,4.433333333333334,detected,1,14,0.6379490494728088,ankle_midpoint,771.7137451171875,556.908203125,0.9842393398284912,0.9511271119117737,1.1687896251678467,-0.7583490610122681,1.1905302326253797,-0.545784186825401,0.0,0,two_ankles,accepted,1.1687896251678467,-0.7583490610122681,0.18541446484794893
133,4.433333333333334,detected,2,5,0.8886105418205261,ankle_midpoint,862.3435668945312,618.5477905273438,0.9875312447547913,0.9868708848953247,2.165925979614258,2.499630928039551,2.1613499404728014,2.574887065272761,0.0,0,two_ankles,accepted,2.165925979614258,2.499630928039551,0.0668029299906805
133,4.433333333333334,detected,3,1,0.924814760684967,ankle_midpoint,639.4816284179688,871.2552490234375,0.9862241744995117,0.9845536947250366,1.1632107496261597,10.611098289489746,1.1564669987205254,10.559474498655266,0.0,0,two_ankles,accepted,1.1632107496261597,10.611098289489746,0.03167001404748811
133,4.433333333333334,detected,4,12,0.9141800999641418,ankle_midpoint,1098.3548583984375,872.346923828125,0.9955443739891052,0.9864785075187683,3.833479881286621,10.576866149902344,3.8223612122787536,10.576197984959773,0.0,0,two_ankles,accepted,3.833479881286621,10.576866149902344,0.026479359318448994
134,4.466666666666667,detected,2,5,0.887287437915802,ankle_midpoint,862.5606689453125,616.830810546875,0.990689754486084,0.9903076887130737,2.164846897125244,2.418403387069702,2.1629235709664005,2.5044694100813842,0.0,0,two_ankles,accepted,2.164846897125244,2.418403387069702,0.08123470829040093
134,4.466666666666667,detected,3,1,0.9246209859848022,ankle_midpoint,639.1048583984375,871.55908203125,0.9863005876541138,0.9827219843864441,1.1617615222930908,10.61772346496582,1.15884953432818,10.585686533495016,0.0,0,two_ankles,accepted,1.1617615222930908,10.61772346496582,0.006781829395649016
134,4.466666666666667,detected,4,12,0.9143305420875549,ankle_midpoint,1098.2529296875,873.1500244140625,0.9956602454185486,0.9862254858016968,3.832118034362793,10.5942964553833,3.8267517822165713,10.58434229665036,0.0,0,two_ankles,accepted,3.832118034362793,10.5942964553833,0.017483425757082643
134,4.466666666666667,predicted,1,,,motion_prediction,,,,,,,1.1254196974992887,-0.8933158393711107,,1,,motion_prediction,1.1254196974992887,-0.8933158393711107,
135,4.5,detected,2,5,0.9002257585525513,ankle_midpoint,863.772216796875,615.0361938476562,0.9907028675079346,0.9901922941207886,2.1722099781036377,2.332707643508911,2.1671024541781576,2.4271766151237717,0.0,0,two_ankles,accepted,2.1722099781036377,2.332707643508911,0.08601148426769088
135,4.5,detected,3,1,0.9216684699058533,ankle_midpoint,640.1331176757812,871.7958984375,0.9865127801895142,0.9826840758323669,1.1683086156845093,10.622716903686523,1.1631061209385283,10.602350200081194,0.0,0,two_ankles,accepted,1.1683086156845093,10.622716903686523,0.008234006444822138
135,4.5,detected,4,12,0.9155727028846741,ankle_midpoint,1098.1055908203125,873.5054931640625,0.994983434677124,0.9841392636299133,3.8309216499328613,10.602012634277344,3.828628222688902,10.592293948582505,0.0,0,two_ankles,accepted,3.8309216499328613,10.602012634277344,0.007808377067551043
135,4.5,predicted,1,,,motion_prediction,,,,,,,1.082049769830731,-1.0282826177299533,,2,,motion_prediction,1.082049769830731,-1.0282826177299533,
136,4.533333333333333,detected,2,5,0.9039363265037537,ankle_midpoint,863.9374389648438,613.917236328125,0.9915040135383606,0.9906647205352783,2.1717214584350586,2.279121160507202,2.169181006093763,2.3605516605463155,0.0,0,two_ankles,accepted,2.1717214584350586,2.279121160507202,0.053588709743368844
136,4.533333333333333,detected,3,1,0.9197492599487305,ankle_midpoint,640.4854736328125,872.821533203125,0.9859243035316467,0.9810779690742493,1.172836422920227,10.644824028015137,1.1674847568302926,10.62146342265147,0.0,0,two_ankles,accepted,1.172836422920227,10.644824028015137,0.022566036081788567
136,4.533333333333333,detected,4,12,0.9153792858123779,ankle_midpoint,1097.59912109375,874.51025390625,0.9954347014427185,0.9847425222396851,3.8270230293273926,10.623797416687012,3.8279058856762234,10.606470509229533,0.0,0,two_ankles,accepted,3.8270230293273926,10.623797416687012,0.022130883110756436
136,4.533333333333333,predicted,1,,,motion_prediction,,,,,,,1.038679842162173,-1.1632493960887957,,3,,motion_prediction,1.038679842162173,-1.1632493960887957,
137,4.566666666666666,detected,2,5,0.9031270742416382,ankle_midpoint,864.7421875,611.499267578125,0.9932146072387695,0.9925723671913147,2.174549102783203,2.162440538406372,2.171596649604011,2.271401655583341,0.0,0,two_ankles,accepted,2.174549102783203,2.162440538406372,0.11671487971289826
137,4.566666666666666,detected,3,1,0.9186736941337585,ankle_midpoint,642.147705078125,874.1417236328125,0.9837679266929626,0.979185163974762,1.1856451034545898,10.673044204711914,1.1756569128112264,10.644674774578672,0.0,0,two_ankles,accepted,1.1856451034545898,10.673044204711914,0.030990977232554305
137,4.566666666666666,detected,4,12,0.9166161417961121,ankle_midpoint,1098.9725341796875,875.9132690429688,0.9953247308731079,0.9838051199913025,3.8336589336395264,10.653862953186035,3.83049475725971,10.62779710900996,0.0,0,two_ankles,accepted,3.8336589336395264,10.653862953186035,0.030789149241476393
137,4.566666666666666,predicted,1,,,motion_prediction,,,,,,,0.9953099144936153,-1.2982161744476384,,4,,motion_prediction,0.9953099144936153,-1.2982161744476384,
138,4.6,detected,2,5,0.8965285420417786,ankle_midpoint,864.7032470703125,611.029541015625,0.9829835891723633,0.9813107252120972,2.173403024673462,2.139695882797241,2.172409518385264,2.212134057829596,0.0,0,two_ankles,accepted,2.173403024673462,2.139695882797241,0.02277351210972071
138,4.6,detected,3,1,0.9197083115577698,ankle_midpoint,642.6900024414062,876.0657348632812,0.9828509092330933,0.9778818488121033,1.1933766603469849,10.714240074157715,1.1836307992023176,10.675979159389241,0.0,0,two_ankles,accepted,1.1933766603469849,10.714240074157715,0.04191511220760125
138,4.6,detected,4,12,0.9163002967834473,ankle_midpoint,1099.05517578125,875.1575927734375,0.9931095838546753,0.9771900773048401,3.834860324859619,10.637578964233398,3.832459262679669,10.632198943860509,0.0,0,two_ankles,accepted,3.834860324859619,10.637578964233398,0.01632824660131365
138,4.6,predicted,1,,,motion_prediction,,,,,,,0.9519399868250573,-1.433182952806481,,5,,motion_prediction,0.9519399868250573,-1.433182952806481,
139,4.633333333333334,detected,2,5,0.8954705595970154,ankle_midpoint,865.259765625,611.1041259765625,0.9916537404060364,0.9912181496620178,2.178370952606201,2.1431782245635986,2.1750921637846856,2.181103932859897,0.0,0,two_ankles,accepted,2.178370952606201,2.1431782245635986,0.0060668782848025135
139,4.633333333333334,detected,3,1,0.9207894206047058,ankle_midpoint,642.1996459960938,878.099609375,0.9833387136459351,0.979367196559906,1.1953816413879395,10.757702827453613,1.1889186781858476,10.71275481001821,0.0,0,two_ankles,accepted,1.1953816413879395,10.757702827453613,0.043508974626331035
139,4.633333333333334,detected,4,12,0.9154542088508606,ankle_midpoint,1099.205810546875,875.4522094726562,0.9929377436637878,0.9761190414428711,3.8354525566101074,10.643908500671387,3.8338062449483665,10.637468244425405,0.0,0,two_ankles,accepted,3.8354525566101074,10.643908500671387,0.006357182549377342
139,4.633333333333334,predicted,1,,,motion_prediction,,,,,,,0.9085700591564995,-1.5681497311653234,,6,,motion_prediction,0.9085700591564995,-1.5681497311653234,
140,4.666666666666667,detected,2,5,0.8854441046714783,ankle_midpoint,865.4969482421875,613.998291015625,0.9811129570007324,0.9811276197433472,2.18534779548645,2.282636880874634,2.1797071980504796,2.2267937594665286,0.0,0,two_ankles,accepted,2.18534779548645,2.282636880874634,0.13963306612924858
140,4.666666666666667,detected,3,1,0.9210212230682373,ankle_midpoint,642.5595703125,877.1849365234375,0.9848889112472534,0.9816511869430542,1.1952852010726929,10.738166809082031,1.191783613484928,10.72419020959693,0.0,0,two_ankles,accepted,1.1952852010726929,10.738166809082031,0.019536256410817184
140,4.666666666666667,detected,4,12,0.9155072569847107,ankle_midpoint,1099.255615234375,875.623779296875,0.9904934763908386,0.9758381247520447,3.8355772495269775,10.647597312927246,3.8346031970087417,10.642026325251233,0.0,0,two_ankles,accepted,3.8355772495269775,10.647597312927246,0.0036909191514439745
140,4.666666666666667,predicted,1,,,motion_prediction,,,,,,,0.8652001314879416,-1.703116509524166,,7,,motion_prediction,0.8652001314879416,-1.703116509524166,
141,4.7,detected,2,5,0.8983908891677856,ankle_midpoint,864.802978515625,613.9595336914062,0.9830960035324097,0.9811761975288391,2.1792800426483154,2.2809436321258545,2.179514978119506,2.2511612021632255,0.0,0,two_ankles,accepted,2.1792800426483154,2.2809436321258545,0.006299580607463893
141,4.7,detected,3,1,0.9197925329208374,ankle_midpoint,641.7747192382812,873.32177734375,0.9915025234222412,0.9912283420562744,1.1815165281295776,10.655445098876953,1.1871634250750205,10.693254909772941,0.0,0,two_ankles,accepted,1.1815165281295776,10.655445098876953,0.08385975014193281
141,4.7,detected,4,12,0.9152968525886536,ankle_midpoint,1098.9176025390625,875.3934326171875,0.9883012175559998,0.9724298715591431,3.833836555480957,10.642678260803223,3.8342582083212386,10.64231969624963,0.0,0,two_ankles,accepted,3.833836555480957,10.642678260803223,0.0052179583709254275
141,4.7,predicted,1,,,motion_prediction,,,,,,,0.8218302038193838,-1.8380832878830087,,8,,motion_prediction,0.8218302038193838,-1.8380832878830087,
142,4.733333333333333,detected,2,5,0.8976425528526306,ankle_midpoint,864.84228515625,614.3566284179688,0.9831047654151917,0.9815935492515564,2.1802945137023926,2.2999603748321533,2.1798657691318053,2.273120829864243,0.0,0,two_ankles,accepted,2.1802945137023926,2.2999603748321533,0.019043782572722524
142,4.733333333333333,detected,3,1,0.9204142093658447,ankle_midpoint,642.925537109375,871.55078125,0.9916375279426575,0.9917439818382263,1.1839338541030884,10.617061614990234,1.185710118137651,10.658967927120724,0.0,0,two_ankles,accepted,1.1839338541030884,10.617061614990234,0.038459528080102695
142,4.733333333333333,detected,4,12,0.914318323135376,ankle_midpoint,1098.748291015625,875.343994140625,0.9871485829353333,0.9706366658210754,3.8329014778137207,10.641634941101074,3.833647679592856,10.64201155643278,0.0,0,two_ankles,accepted,3.8329014778137207,10.641634941101074,0.001401030422458855
142,4.733333333333333,predicted,1,,,motion_prediction,,,,,,,0.7784602761508259,-1.9730500662418513,,9,,motion_prediction,0.7784602761508259,-1.9730500662418513,
143,4.766666666666667,detected,2,5,0.8999060392379761,ankle_midpoint,864.906494140625,614.050537109375,0.983373761177063,0.9828786849975586,2.1803300380706787,2.2852818965911865,2.1800746901542984,2.2785933098913675,0.0,0,two_ankles,accepted,2.1803300380706787,2.2852818965911865,0.014678521228355322
143,4.766666666666667,detected,3,1,0.9219899773597717,ankle_midpoint,646.3600463867188,867.0765380859375,0.9914993643760681,0.9922497272491455,1.193169355392456,10.519248008728027,1.1890667749023134,10.596093963844012,0.0,0,two_ankles,accepted,1.193169355392456,10.519248008728027,0.09824864403178285
143,4.766666666666667,detected,4,12,0.9152503609657288,ankle_midpoint,1098.630126953125,874.791748046875,0.9860745072364807,0.9700242877006531,3.83274245262146,10.629743576049805,3.833240327455728,10.636490965260442,0.0,0,two_ankles,accepted,3.83274245262146,10.629743576049805,0.011892428338835092
143,4.766666666666667,predicted,1,,,motion_prediction,,,,,,,0.7350903484822681,-2.108016844600694,,10,,motion_prediction,0.7350903484822681,-2.108016844600694,
144,4.8,detected,2,5,0.9103969931602478,ankle_midpoint,865.39794921875,612.1019287109375,0.9904273748397827,0.9892550706863403,2.181274652481079,2.191417694091797,2.18061467320135,2.239364282781561,0.0,0,two_ankles,accepted,2.181274652481079,2.191417694091797,0.09386895550303498
144,4.8,detected,3,1,0.9211088418960571,ankle_midpoint,648.947998046875,866.45751953125,0.9911096096038818,0.9920099973678589,1.206808090209961,10.50535774230957,1.1970503667907548,10.555262664153513,0.0,0,two_ankles,accepted,1.206808090209961,10.50535774230957,0.019466755985472647
144,4.8,detected,4,12,0.9150946140289307,ankle_midpoint,1098.39453125,871.876953125,0.9953901767730713,0.9881029725074768,3.8341617584228516,10.566652297973633,3.8336549713909336,10.605063564981378,0.0,0,two_ankles,accepted,3.8341617584228516,10.566652297973633,0.06310724045814957
144,4.8,predicted,1,,,motion_prediction,,,,,,,0.6917204208137102,-2.242983622959536,,11,,motion_prediction,0.6917204208137102,-2.242983622959536,
145,4.833333333333333,detected,2,5,0.9111396074295044,ankle_midpoint,865.6869506835938,611.3585205078125,0.9903929829597473,0.9894602298736572,2.18251895904541,2.155400514602661,2.181471601831177,2.201580587101056,0.0,0,two_ankles,accepted,2.18251895904541,2.155400514602661,0.03603866697283153
145,4.833333333333333,detected,3,1,0.9201507568359375,ankle_midpoint,651.1129150390625,868.5201416015625,0.9823565483093262,0.9879817366600037,1.2243552207946777,10.550187110900879,1.2093375510925202,10.55297866518983,0.0,0,two_ankles,accepted,1.2243552207946777,10.550187110900879,0.048141189017851534
145,4.833333333333333,detected,4,12,0.9169974327087402,ankle_midpoint,1098.318603515625,870.7967529296875,0.9955440163612366,0.9886321425437927,3.834756851196289,10.543150901794434,3.8341508173033434,10.577202866547253,0.0,0,two_ankles,accepted,3.834756851196289,10.543150901794434,0.02350892932016848
145,4.833333333333333,predicted,1,,,motion_prediction,,,,,,,0.6483504931451523,-2.3779504013183788,,12,,motion_prediction,0.6483504931451523,-2.3779504013183788,
146,4.866666666666666,detected,2,5,0.9048823714256287,ankle_midpoint,866.3074340820312,610.5013427734375,0.9880117177963257,0.9883114695549011,2.1864593029022217,2.113675594329834,2.1837160673131475,2.1620233403540063,0.0,0,two_ankles,accepted,2.1864593029022217,2.113675594329834,0.04191056288674365
146,4.866666666666666,detected,3,1,0.9263495206832886,ankle_midpoint,654.0457763671875,869.2025146484375,0.9845257997512817,0.9865431785583496,1.2430553436279297,10.564684867858887,1.2245105577334545,10.558246456390906,0.0,0,two_ankles,accepted,1.2430553436279297,10.564684867858887,0.02366177404152476
146,4.866666666666666,detected,4,12,0.9189128279685974,ankle_midpoint,1099.3853759765625,868.427978515625,0.9970447421073914,0.9914673566818237,3.8432862758636475,10.491230964660645,3.8382617736554803,10.53851551069828,0.0,0,two_ankles,accepted,3.8432862758636475,10.491230964660645,0.05261588122546985
147,4.9,detected,2,5,0.8978241682052612,ankle_midpoint,868.1575317382812,608.0846557617188,0.9873728156089783,0.9892964959144592,2.198518753051758,1.9952765703201294,2.1903772758955222,2.086987293838762,0.0,0,two_ankles,accepted,2.198518753051758,1.9952765703201294,0.11901159281498484
147,4.9,detected,3,1,0.9276614785194397,ankle_midpoint,660.2069091796875,873.060302734375,0.9854164719581604,0.9869879484176636,1.287756085395813,10.647494316101074,1.252971045181516,10.598407993260484,0.0,0,two_ankles,accepted,1.287756085395813,10.647494316101074,0.09410399052524031
147,4.9,detected,4,12,0.9176517724990845,ankle_midpoint,1104.605224609375,868.7510986328125,0.9978206157684326,0.9917246699333191,3.8735132217407227,10.497650146484375,3.8541249252938394,10.520126096802024,0.0,0,two_ankles,accepted,3.8735132217407227,10.497650146484375,0.030901038046346353
148,4.933333333333334,detected,2,5,0.8966158628463745,ankle_midpoint,869.4920654296875,608.0665283203125,0.9859536290168762,0.9875675439834595,2.2101612091064453,1.9940645694732666,2.1992800458404376,2.0451720678742893,0.0,0,two_ankles,accepted,2.2101612091064453,1.9940645694732666,0.01170537180264368
148,4.933333333333334,detected,3,1,0.9354944825172424,ankle_midpoint,664.0770874023438,874.997314453125,0.9856497645378113,0.9869604110717773,1.3145294189453125,10.688673973083496,1.2806723133752245,10.63902768418084,0.0,0,two_ankles,accepted,1.3145294189453125,10.688673973083496,0.04911797571707005
148,4.933333333333334,detected,4,12,0.9174594879150391,ankle_midpoint,1107.386962890625,869.2254638671875,0.9977484345436096,0.9899589419364929,3.8892996311187744,10.507683753967285,3.86995354291506,10.514527042526392,0.0,0,two_ankles,accepted,3.8892996311187744,10.507683753967285,0.0187051864511571
149,4.966666666666667,detected,2,5,0.890655517578125,ankle_midpoint,872.71044921875,608.0098266601562,0.9879636764526367,0.9899723529815674,2.2382214069366455,1.9905043840408325,2.216803658333731,2.0205716101492337,0.0,0,two_ankles,accepted,2.2382214069366455,1.9905043840408325,0.028285148445487917
149,4.966666666666667,detected,3,1,0.9385305047035217,ankle_midpoint,667.9539184570312,880.5897216796875,0.9782074093818665,0.9793370962142944,1.349186897277832,10.80734920501709,1.311503876131398,10.714772368557153,0.0,0,two_ankles,accepted,1.349186897277832,10.80734920501709,0.12363232376228044
149,4.966666666666667,detected,4,12,0.9183807373046875,ankle_midpoint,1110.04541015625,874.408447265625,0.9930630326271057,0.9748640656471252,3.8994228839874268,10.620033264160156,3.883214746397625,10.562004842261587,0.0,0,two_ankles,accepted,3.8994228839874268,10.620033264160156,0.11280466607911538
150,5.0,detected,2,5,0.896554172039032,ankle_midpoint,876.9890747070312,609.2252197265625,0.9895994663238525,0.9917678833007812,2.277514934539795,2.048950433731079,2.24412373262646,2.0333420807610643,0.0,0,two_ankles,accepted,2.277514934539795,2.048950433731079,0.0704267139365045
150,5.0,detected,3,1,0.9351646304130554,ankle_midpoint,668.2554931640625,882.3273315429688,0.9745117425918579,0.9701987504959106,1.354681134223938,10.84399700164795,1.330933642273041,10.772923453448012,0.0,0,two_ankles,accepted,1.354681134223938,10.84399700164795,0.03705735605135347
150,5.0,detected,4,12,0.9183771014213562,ankle_midpoint,1108.82666015625,874.985107421875,0.9970180988311768,0.9863300919532776,3.8917489051818848,10.632633209228516,3.887055117850542,10.593787607396706,0.0,0,two_ankles,accepted,3.8917489051818848,10.632633209228516,0.014752917217743121
151,5.033333333333333,detected,2,5,0.89658522605896,ankle_midpoint,878.7943115234375,611.2791748046875,0.9902676939964294,0.9919658899307251,2.296337842941284,2.1484158039093018,2.267620082268131,2.085125256177771,0.0,0,two_ankles,accepted,2.296337842941284,2.1484158039093018,0.101230735181474
151,5.033333333333333,detected,3,1,0.9343623518943787,ankle_midpoint,667.517578125,885.0020751953125,0.9740023612976074,0.9687198400497437,1.3562248945236206,10.900245666503906,1.3423147057858018,10.830218449323166,0.0,0,two_ankles,accepted,1.3562248945236206,10.900245666503906,0.05626984533425209
151,5.033333333333333,detected,4,12,0.9171335697174072,ankle_midpoint,1108.285400390625,875.0489501953125,0.9967629909515381,0.9829181432723999,3.8885412216186523,10.634078025817871,3.8877238645461913,10.61191829568623,0.0,0,two_ankles,accepted,3.8885412216186523,10.634078025817871,0.0035180575348774806
152,5.066666666666666,detected,1,14,0.7917047142982483,ankle_midpoint,668.4252319335938,553.1504516601562,0.9587900042533875,0.9728289842605591,0.14623954892158508,-0.9561560750007629,0.14623954892158508,-0.9561560750007629,2.3748737651526195,0,two_ankles,accepted,0.14623954892158508,-0.9561560750007629,0.05481614379990797
152,5.066666666666666,detected,2,5,0.8937025666236877,ankle_midpoint,883.5415649414062,612.2724609375,0.990047812461853,0.9907267093658447,2.339010715484619,2.1953141689300537,2.2997458672155506,2.134710266916298,0.0,0,two_ankles,accepted,2.339010715484619,2.1953141689300537,0.06340686629001153
152,5.066666666666666,detected,3,1,0.938705563545227,ankle_midpoint,668.3963623046875,884.7083740234375,0.967706024646759,0.9651090502738953,1.3606146574020386,10.893989562988281,1.3505496840131084,10.85891545047247,0.0,0,two_ankles,accepted,1.3606146574020386,10.893989562988281,0.007642568241563296
152,5.066666666666666,detected,4,12,0.915110170841217,ankle_midpoint,1109.966064453125,875.002197265625,0.9948920011520386,0.9790571928024292,3.898345708847046,10.632858276367188,3.8925036944815763,10.621341286992662,0.0,0,two_ankles,accepted,3.898345708847046,10.632858276367188,0.009880068751490308
153,5.1,detected,1,14,0.8564456701278687,ankle_midpoint,663.9371337890625,554.3372192382812,0.9817909002304077,0.9850903749465942,0.11001613736152649,-0.8826493620872498,0.1299390137195587,-0.9230780541896821,0.0,0,two_ankles,accepted,0.11001613736152649,-0.8826493620872498,0.08194737572612702
153,5.1,detected,2,5,0.9046695232391357,ankle_midpoint,885.5201416015625,613.428955078125,0.9897003173828125,0.9902831315994263,2.3577640056610107,2.250544786453247,2.325854029516008,2.186835800707925,0.0,0,two_ankles,accepted,2.3577640056610107,2.250544786453247,0.05832758356415273
153,5.1,detected,3,1,0.9258919358253479,ankle_midpoint,674.0949096679688,885.1142578125,0.9934237003326416,0.9934751391410828,1.3940340280532837,10.901785850524902,1.3701176388311873,10.878207130496065,0.0,0,two_ankles,accepted,1.3940340280532837,10.901785850524902,0.034316707797791106
153,5.1,detected,4,12,0.9052198529243469,ankle_midpoint,1109.498046875,875.7320556640625,0.9896607398986816,0.9712198972702026,3.8948748111724854,10.648642539978027,3.8935706969924855,10.633626850836077,0.0,0,two_ankles,accepted,3.8948748111724854,10.648642539978027,0.016161377057780462
154,5.133333333333334,detected,1,14,0.8421356081962585,ankle_midpoint,661.6947021484375,555.2974243164062,0.9706071019172668,0.9816811680793762,0.09431444853544235,-0.823849618434906,0.11390795938670636,-0.8784252581000329,0.0,0,two_ankles,accepted,0.09431444853544235,-0.823849618434906,0.06086010914854257
154,5.133333333333334,detected,2,5,0.9004623293876648,ankle_midpoint,885.5179443359375,614.551025390625,0.9906243681907654,0.9900965690612793,2.3592731952667236,2.3043582439422607,2.34089265410383,2.239720900163376,0.0,0,two_ankles,accepted,2.3592731952667236,2.3043582439422607,0.053834615817221855
154,5.133333333333334,detected,3,1,0.9223595261573792,ankle_midpoint,676.6463623046875,884.5418701171875,0.9932286739349365,0.9932357668876648,1.4074130058288574,10.889488220214844,1.386900553980139,10.883283620869516,0.0,0,two_ankles,accepted,1.4074130058288574,10.889488220214844,0.018172197378472633
154,5.133333333333334,detected,4,12,0.9088560938835144,ankle_midpoint,1109.5166015625,875.4049072265625,0.9908406734466553,0.9755650758743286,3.895320177078247,10.641594886779785,3.8943579630310783,10.637212467010746,0.0,0,two_ankles,accepted,3.895320177078247,10.641594886779785,0.00706171129349737
155,5.166666666666667,detected,1,14,0.7229757905006409,ankle_midpoint,661.7750244140625,553.3055419921875,0.9802590608596802,0.9910627603530884,0.08242794871330261,-0.9447702765464783,0.09974195458367469,-0.9082805164009333,0.0,0,two_ankles,accepted,0.08242794871330261,-0.9447702765464783,0.12150347499622172
155,5.166666666666667,detected,2,5,0.9005526900291443,ankle_midpoint,886.28564453125,614.4979248046875,0.9925509691238403,0.9940220713615417,2.3658359050750732,2.3016345500946045,2.3521171170408897,2.267582042632429,0.0,0,two_ankles,accepted,2.3658359050750732,2.3016345500946045,0.0071054674866871835
155,5.166666666666667,detected,3,1,0.9257017970085144,ankle_midpoint,685.103271484375,884.6722412109375,0.9881958961486816,0.9884819984436035,1.4560191631317139,10.891180038452148,1.4180039280983476,10.8868370087817,0.0,0,two_ankles,accepted,1.4560191631317139,10.891180038452148,0.04863559166596107
155,5.166666666666667,detected,4,12,0.9080969095230103,ankle_midpoint,1109.6456298828125,875.5943603515625,0.9855453372001648,0.9712749123573303,3.8958730697631836,10.645659446716309,3.8950397610605263,10.64101360787825,0.0,0,two_ankles,accepted,3.8958730697631836,10.645659446716309,0.004101991930592712
156,5.2,detected,1,14,0.8000534176826477,ankle_midpoint,659.2962646484375,553.4093017578125,0.9720221161842346,0.9920234680175781,0.058951135724782944,-0.937728762626648,0.0813860860971734,-0.921532227202505,0.0,0,two_ankles,accepted,0.058951135724782944,-0.937728762626648,0.02451007275348423
156,5.2,detected,2,5,0.905162513256073,ankle_midpoint,886.18701171875,612.4620361328125,0.9925175905227661,0.9955140948295593,2.36222767829895,2.203829765319824,2.356666869607017,2.238893517841757,0.0,0,two_ankles,accepted,2.36222767829895,2.203829765319824,0.09787131972804404
156,5.2,detected,3,1,0.9326749444007874,ankle_midpoint,692.479248046875,887.0598754882812,0.9871537089347839,0.9847940802574158,1.50287926197052,10.940142631530762,1.4561978283408252,10.91082453901878,0.0,0,two_ankles,accepted,1.50287926197052,10.940142631530762,0.06777318337044934
156,5.2,detected,4,12,0.9075132012367249,ankle_midpoint,1109.21875,875.350341796875,0.9854251742362976,0.9718315601348877,3.893648386001587,10.640457153320312,3.894413642284004,10.640763203327179,0.0,0,two_ankles,accepted,3.893648386001587,10.640457153320312,0.00565800975760351
157,5.233333333333333,detected,2,5,0.8980382084846497,ankle_midpoint,891.2205810546875,611.5975341796875,0.973876953125,0.9863410592079163,2.404794692993164,2.1608545780181885,2.3783243901307833,2.203775994921151,0.0,0,two_ankles,accepted,2.404794692993164,2.1608545780181885,0.060488159697482065
157,5.233333333333333,detected,3,1,0.9241500496864319,ankle_midpoint,699.3118286132812,890.2728271484375,0.9824947714805603,0.983439028263092,1.5479458570480347,11.005952835083008,1.4974844412590695,10.953632272247685,0.0,0,two_ankles,accepted,1.5479458570480347,11.005952835083008,0.07976202657573798
157,5.233333333333333,detected,4,12,0.9058651328086853,ankle_midpoint,1108.864990234375,875.0256958007812,0.9878026843070984,0.9725279808044434,3.8919296264648438,10.633502960205078,3.8932958351653824,10.637496093922234,0.0,0,two_ankles,accepted,3.8919296264648438,10.633502960205078,0.007163444438893818
157,5.233333333333333,predicted,1,,,motion_prediction,,,,,,,0.03383184031236538,-0.9633238092507802,,1,,motion_prediction,0.03383184031236538,-0.9633238092507802,
158,5.266666666666667,detected,1,14,0.7909052968025208,ankle_midpoint,661.3336181640625,554.838134765625,0.972825825214386,0.9939485788345337,0.08789696544408798,-0.8515313267707825,0.08431598180328498,-0.89003182200823,0.0,0,two_ankles,accepted,0.08789696544408798,-0.8515313267707825,0.04546388403520163
158,5.266666666666667,detected,2,5,0.8747296929359436,ankle_midpoint,901.041748046875,609.7723388671875,0.9827429056167603,0.9905626773834229,2.4881038665771484,2.0698435306549072,2.4277251545316476,2.1435063860013415,0.0,0,two_ankles,accepted,2.4881038665771484,2.0698435306549072,0.12338326120429734
158,5.266666666666667,detected,3,1,0.9301279187202454,ankle_midpoint,704.1934814453125,891.902587890625,0.9658448696136475,0.9653326869010925,1.578690767288208,11.03896427154541,1.5340272879721821,10.992031671931663,0.0,0,two_ankles,accepted,1.578690767288208,11.03896427154541,0.045111023519618154
158,5.266666666666667,detected,4,12,0.9088069200515747,ankle_midpoint,1108.0401611328125,875.1649169921875,0.9857977032661438,0.9785144925117493,3.8869991302490234,10.636609077453613,3.8904623179530207,10.637096936511355,0.0,0,two_ankles,accepted,3.8869991302490234,10.636609077453613,0.00582732848703984
159,5.3,detected,1,14,0.8488885760307312,ankle_midpoint,665.339111328125,554.2066650390625,0.9749557375907898,0.9883856773376465,0.12282243371009827,-0.8909798264503479,0.10164388516135096,-0.8904584240071831,0.0,0,two_ankles,accepted,0.12282243371009827,-0.8909798264503479,0.0526874981430013
159,5.3,detected,2,5,0.870149552822113,ankle_midpoint,915.9122314453125,609.8009033203125,0.9833337664604187,0.9870588183403015,2.6178388595581055,2.067653179168701,2.513276321793554,2.109372442926653,0.0,0,two_ankles,accepted,2.6178388595581055,2.067653179168701,0.12975348181610424
159,5.3,detected,3,1,0.9235177040100098,ankle_midpoint,710.73095703125,890.5111083984375,0.9790120720863342,0.9787532091140747,1.613202691078186,11.009486198425293,1.569656219369884,10.999886208853798,0.0,0,two_ankles,accepted,1.613202691078186,11.009486198425293,0.04538754981886802
159,5.3,detected,4,12,0.9116811752319336,ankle_midpoint,1108.334716796875,874.9353637695312,0.9883731007575989,0.9755833148956299,3.888943910598755,10.631621360778809,3.8897790346436016,10.63463292743171,0.0,0,two_ankles,accepted,3.888943910598755,10.631621360778809,0.005353455728482892
160,5.333333333333333,detected,1,14,0.8708336353302002,ankle_midpoint,663.707763671875,553.585205078125,0.9837611317634583,0.9905279874801636,0.1030280813574791,-0.9282940626144409,0.10226677344960863,-0.9074844613804491,0.0,0,two_ankles,accepted,0.1030280813574791,-0.9282940626144409,0.042239420043004225
160,5.333333333333333,detected,2,5,0.8872666954994202,ankle_midpoint,925.2052001953125,607.844482421875,0.9810869097709656,0.985393762588501,2.6974825859069824,1.9696685075759888,2.596169140644597,2.0465056720188546,0.0,0,two_ankles,accepted,2.6974825859069824,1.9696685075759888,0.12627002420949518
160,5.333333333333333,detected,3,1,0.9261559247970581,ankle_midpoint,713.9515380859375,891.8388671875,0.980854868888855,0.9803659319877625,1.6338608264923096,11.036470413208008,1.5985482925749757,11.016349100813194,0.0,0,two_ankles,accepted,1.6338608264923096,11.036470413208008,0.033983913933329564
160,5.333333333333333,detected,4,12,0.9136434197425842,ankle_midpoint,1108.123291015625,875.0533447265625,0.9875345230102539,0.9756664037704468,3.8875956535339355,10.63419246673584,3.8887965131442526,10.63443472011857,0.0,0,two_ankles,accepted,3.8875956535339355,10.63419246673584,0.002903167744915342
161,5.366666666666666,detected,1,14,0.8613865971565247,ankle_midpoint,680.4957275390625,552.499755859375,0.9680712819099426,0.9825853109359741,0.2599635124206543,-0.999414324760437,0.17323030598657918,-0.9488528999014437,0.0,0,two_ankles,accepted,0.2599635124206543,-0.999414324760437,0.1722986396078037
161,5.366666666666666,detected,2,5,0.867103099822998,ankle_midpoint,941.9139404296875,609.9271240234375,0.9897497296333313,0.9905354380607605,2.844743013381958,2.0675418376922607,2.7080273833764097,2.0559719465718875,0.0,0,two_ankles,accepted,2.844743013381958,2.0675418376922607,0.17681861397534282
161,5.366666666666666,detected,3,1,0.9267609119415283,ankle_midpoint,719.2659912109375,891.412841796875,0.9871964454650879,0.9862632751464844,1.6632269620895386,11.02705192565918,1.6276536938565291,11.021165371993888,0.0,0,two_ankles,accepted,1.6632269620895386,11.02705192565918,0.030839549731185616
161,5.366666666666666,detected,4,12,0.9155598282814026,ankle_midpoint,1108.243408203125,874.5048828125,0.9894981384277344,0.9745795726776123,3.888855218887329,10.622343063354492,3.8888229307286375,10.628993474574735,0.0,0,two_ankles,accepted,3.888855218887329,10.622343063354492,0.011916159841717578
162,5.4,detected,2,5,0.8844210505485535,ankle_midpoint,953.3601684570312,613.26171875,0.9900074005126953,0.9898406863212585,2.9454526901245117,2.226334810256958,2.814868771413056,2.132635235230169,0.0,0,two_ankles,accepted,2.9454526901245117,2.226334810256958,0.18803629204364344
162,5.4,detected,3,1,0.9318280816078186,ankle_midpoint,727.6368408203125,891.027587890625,0.9916307330131531,0.9902832508087158,1.7100324630737305,11.01809310913086,1.6647241400042698,11.019782853705525,0.0,0,two_ankles,accepted,1.7100324630737305,11.01809310913086,0.047655170925821826
162,5.4,detected,4,12,0.9171441793441772,ankle_midpoint,1106.852783203125,871.4727783203125,0.991355836391449,0.9772550463676453,3.883868932723999,10.556793212890625,3.8865936316265506,10.596503356816886,0.0,0,two_ankles,accepted,3.883868932723999,10.556793212890625,0.06573922684012923
162,5.4,predicted,1,,,motion_prediction,,,,,,,0.3124594690108344,-1.039055133026596,,1,,motion_prediction,0.3124594690108344,-1.039055133026596,
163,5.433333333333334,detected,2,5,0.8933907747268677,ankle_midpoint,957.441162109375,614.978271484375,0.9874684810638428,0.9874979853630066,2.981153726577759,2.3077359199523926,2.889697001237172,2.2114305433551698,0.0,0,two_ankles,accepted,2.981153726577759,2.3077359199523926,0.08888590812656554
163,5.433333333333334,detected,3,1,0.9297507405281067,ankle_midpoint,731.3598022460938,891.986328125,0.9915978908538818,0.9898889660835266,1.7327511310577393,11.037394523620605,1.6953362859783312,11.027708105167312,0.0,0,two_ankles,accepted,1.7327511310577393,11.037394523620605,0.029810777854202438
163,5.433333333333334,detected,4,12,0.916529655456543,ankle_midpoint,1106.0439453125,869.6647338867188,0.9917665123939514,0.9782056212425232,3.8809967041015625,10.517461776733398,3.884075014240306,10.560934645779318,0.0,0,two_ankles,accepted,3.8809967041015625,10.517461776733398,0.03943617080104929
163,5.433333333333334,predicted,1,,,motion_prediction,,,,,,,0.36495542560101446,-1.078695941292755,,2,,motion_prediction,0.36495542560101446,-1.078695941292755,
164,5.466666666666667,detected,2,5,0.8911556005477905,ankle_midpoint,962.977783203125,617.4024658203125,0.9916113018989563,0.989795982837677,3.0292325019836426,2.421860456466675,2.9524879765730843,2.306124004255347,0.0,0,two_ankles,accepted,3.0292325019836426,2.421860456466675,0.12383851775247132
164,5.466666666666667,detected,3,1,0.9353928565979004,ankle_midpoint,738.126708984375,895.0985107421875,0.9926186203956604,0.9911633729934692,1.776113748550415,11.100382804870605,1.731686144135769,11.060411720033795,0.0,0,two_ankles,accepted,1.776113748550415,11.100382804870605,0.07647117215425178
164,5.466666666666667,detected,4,12,0.918091356754303,ankle_midpoint,1104.6375732421875,868.097412109375,0.9913268685340881,0.9787555932998657,3.874366044998169,10.48331069946289,3.8797059780813443,10.526003869936925,0.0,0,two_ankles,accepted,3.874366044998169,10.48331069946289,0.03478881600287097
164,5.466666666666667,predicted,1,,,motion_prediction,,,,,,,0.4174513821911946,-1.1183367495589143,,3,,motion_prediction,0.4174513821911946,-1.1183367495589143,
165,5.5,detected,2,5,0.8748701810836792,ankle_midpoint,962.7291870117188,619.0008544921875,0.9929420948028564,0.9927863478660583,3.027250051498413,2.4974591732025146,2.986130910289482,2.3922248302815725,0.0,0,two_ankles,accepted,3.027250051498413,2.4974591732025146,0.0756247055004655
165,5.5,detected,3,1,0.9352017045021057,ankle_midpoint,742.751953125,895.121337890625,0.9918168187141418,0.991047203540802,1.8022571802139282,11.10029125213623,1.7634431103709407,11.07835750947989,0.0,0,two_ankles,accepted,1.8022571802139282,11.10029125213623,0.026143591969122287
165,5.5,detected,4,12,0.9142904877662659,ankle_midpoint,1100.609619140625,867.8021850585938,0.9880984425544739,0.9734869599342346,3.851069211959839,10.47734260559082,3.866819433326667,10.504106300981178,0.0,0,two_ankles,accepted,3.851069211959839,10.47734260559082,0.024049128343490354
165,5.5,predicted,1,,,motion_prediction,,,,,,,0.4699473387813746,-1.1579775578250733,,4,,motion_prediction,0.4699473387813746,-1.1579775578250733,
166,5.533333333333333,detected,2,5,0.8790282607078552,ankle_midpoint,963.37548828125,619.3062744140625,0.9931538105010986,0.9932905435562134,3.032820224761963,2.511690855026245,3.0071411018020986,2.445984541416675,0.0,0,two_ankles,accepted,3.032820224761963,2.511690855026245,0.015282918494772695
166,5.533333333333333,detected,3,1,0.9375413656234741,ankle_midpoint,745.3677978515625,892.021240234375,0.9874320030212402,0.9873649477958679,1.8121780157089233,11.036415100097656,1.785373817773033,11.059483425257884,0.0,0,two_ankles,accepted,1.8121780157089233,11.036415100097656,0.06464198153037858
166,5.533333333333333,detected,4,12,0.9109141826629639,ankle_midpoint,1097.190185546875,868.6328125,0.9953430891036987,0.9844579100608826,3.8302407264709473,10.496001243591309,3.850359015241593,10.500459025155738,0.0,0,two_ankles,accepted,3.8302407264709473,10.496001243591309,0.02796373687106631
166,5.533333333333333,predicted,1,,,motion_prediction,,,,,,,0.5224432953715548,-1.1976183660912323,,5,,motion_prediction,0.5224432953715548,-1.1976183660912323,
167,5.566666666666666,detected,1,14,0.795979917049408,ankle_midpoint,766.2052001953125,559.028076171875,0.9724268317222595,0.9774452447891235,1.1242330074310303,-0.6298643350601196,0.6011815216365822,-0.805308045722848,0.16893352636372172,0,two_ankles,accepted,1.1242330074310303,-0.6298643350601196,0.15666036821496962
167,5.566666666666666,detected,2,5,0.8704565167427063,ankle_midpoint,968.2256469726562,617.7872314453125,0.9862435460090637,0.9846423268318176,3.0743865966796875,2.438852071762085,3.0374015744970135,2.44277493007211,0.0,0,two_ankles,accepted,3.0743865966796875,2.438852071762085,0.08386448367339956
167,5.566666666666666,detected,3,1,0.9430771470069885,ankle_midpoint,749.730712890625,890.7304077148438,0.9843410849571228,0.9828366637229919,1.8349112272262573,11.009275436401367,1.807665652026984,11.036889830272452,0.0,0,two_ankles,accepted,1.8349112272262573,11.009275436401367,0.0354028282971787
167,5.566666666666666,detected,4,12,0.9125653505325317,ankle_midpoint,1099.0126953125,870.2164306640625,0.9941954016685486,0.9782912731170654,3.839369058609009,10.53040599822998,3.84541353475693,10.513935163039147,0.0,0,two_ankles,accepted,3.839369058609009,10.53040599822998,0.03559513434965488
168,5.6,detected,1,14,0.8553593158721924,ankle_midpoint,776.4380493164062,560.62255859375,0.9602089524269104,0.9626576900482178,1.2290703058242798,-0.5380514860153198,0.8837314745210461,-0.6850425938544604,0.0,0,two_ankles,accepted,1.2290703058242798,-0.5380514860153198,0.1393573047389997
168,5.6,detected,2,5,0.8960753083229065,ankle_midpoint,973.800048828125,615.75439453125,0.9913356304168701,0.9916028380393982,3.1224799156188965,2.3409345149993896,3.075686828001861,2.3969467432893863,0.0,0,two_ankles,accepted,3.1224799156188965,2.3409345149993896,0.10909085776986142
168,5.6,detected,3,1,0.9424905776977539,ankle_midpoint,756.5205688476562,889.9337768554688,0.9848487973213196,0.9828944206237793,1.8722559213638306,10.991983413696289,1.836731273228565,11.016681942813179,0.0,0,two_ankles,accepted,1.8722559213638306,10.991983413696289,0.041153860444213916
168,5.6,detected,4,12,0.913851261138916,ankle_midpoint,1101.9454345703125,873.64501953125,0.9952123165130615,0.9865058064460754,3.853116035461426,10.604548454284668,3.8488796600739534,10.554711144099631,0.0,0,two_ankles,accepted,3.853116035461426,10.604548454284668,0.07540612151809796
169,5.633333333333334,detected,1,14,0.8548564314842224,ankle_midpoint,778.9450073242188,560.43701171875,0.9597345590591431,0.9628922939300537,1.25244140625,-0.5497518181800842,1.0496509437990753,-0.6241617448009912,0.0,0,two_ankles,accepted,1.25244140625,-0.5497518181800842,0.02613629866440388
169,5.633333333333334,detected,2,5,0.8975900411605835,ankle_midpoint,976.3775024414062,615.2494506835938,0.9917210340499878,0.992226243019104,3.144788980484009,2.3162121772766113,3.1067827966188277,2.360616188583638,0.0,0,two_ankles,accepted,3.144788980484009,2.3162121772766113,0.033299975339854175
169,5.633333333333334,detected,3,1,0.9420880079269409,ankle_midpoint,760.1571044921875,889.8339233398438,0.9817588329315186,0.9789391756057739,1.8927699327468872,10.989474296569824,1.86194867001181,11.00443850200367,0.0,0,two_ankles,accepted,1.8927699327468872,10.989474296569824,0.020666889746125242
169,5.633333333333334,detected,4,12,0.9213749766349792,ankle_midpoint,1106.618408203125,874.5633544921875,0.993899941444397,0.9808041453361511,3.879356861114502,10.623809814453125,3.8625944005422004,10.585805545758705,0.0,0,two_ankles,accepted,3.879356861114502,10.623809814453125,0.03255120468575877
170,5.666666666666667,detected,1,14,0.8553087115287781,ankle_midpoint,783.1182861328125,559.137939453125,0.9730358123779297,0.9849943518638611,1.287660002708435,-0.6281298398971558,1.1567550203082873,-0.6259473875942653,0.0,0,two_ankles,accepted,1.287660002708435,-0.6281298398971558,0.08592708434937049
170,5.666666666666667,detected,2,5,0.902302622795105,ankle_midpoint,984.8475341796875,615.474853515625,0.9885271787643433,0.9907922744750977,3.217911958694458,2.324974775314331,3.1567909195528614,2.34457755261245,0.0,0,two_ankles,accepted,3.217911958694458,2.324974775314331,0.0736461340922691
170,5.666666666666667,detected,3,1,0.9417927265167236,ankle_midpoint,765.761962890625,892.045654296875,0.9851374626159668,0.9822820425033569,1.9277808666229248,11.034445762634277,1.8915731584868118,11.017941769287443,0.0,0,two_ankles,accepted,1.9277808666229248,11.034445762634277,0.05699296667886781
170,5.666666666666667,detected,4,12,0.9276925325393677,ankle_midpoint,1112.0819091796875,877.5093383789062,0.9884613752365112,0.979739248752594,3.9079971313476562,10.686492919921875,3.8830256294046555,10.631114864132131,0.0,0,two_ankles,accepted,3.9079971313476562,10.686492919921875,0.06891615768623886
171,5.7,detected,1,14,0.8975550532341003,ankle_midpoint,790.1341552734375,556.6588134765625,0.9796593189239502,0.9811012744903564,1.346225619316101,-0.7786417007446289,1.2420167898618035,-0.694659828511929,0.0,0,two_ankles,accepted,1.346225619316101,-0.7786417007446289,0.1615046491727258
171,5.7,detected,2,5,0.9050178527832031,ankle_midpoint,996.1512451171875,612.9192504882812,0.9902426600456238,0.992618978023529,3.3166909217834473,2.199620246887207,3.228745920556625,2.279346765036091,0.0,0,two_ankles,accepted,3.3166909217834473,2.199620246887207,0.1595964954067681
171,5.7,detected,3,1,0.939990222454071,ankle_midpoint,772.7882690429688,885.355712890625,0.9892100691795349,0.9838353395462036,1.9583152532577515,10.894720077514648,1.9216071011337346,10.962492007989686,0.0,0,two_ankles,accepted,1.9583152532577515,10.894720077514648,0.14302313046956694
171,5.7,detected,4,12,0.9295235276222229,ankle_midpoint,1117.71728515625,880.262451171875,0.984325647354126,0.975433349609375,3.9376258850097656,10.744588851928711,3.9075957444269553,10.682178158640593,0.0,0,two_ankles,accepted,3.9376258850097656,10.744588851928711,0.06521503169755316
172,5.733333333333333,detected,1,14,0.8669546246528625,ankle_midpoint,798.4347534179688,555.8038940429688,0.9739718437194824,0.9780333638191223,1.423653483390808,-0.8326090574264526,1.3237533019498557,-0.7567369815234647,0.0,0,two_ankles,accepted,1.423653483390808,-0.8326090574264526,0.09437981628714104
172,5.733333333333333,detected,2,5,0.8940605521202087,ankle_midpoint,999.1116943359375,612.9189453125,0.9927201271057129,0.994644045829773,3.3423879146575928,2.1988983154296875,3.2798848179020608,2.2431449627132096,0.0,0,two_ankles,accepted,3.3423879146575928,2.1988983154296875,0.025707131847081684
172,5.733333333333333,detected,3,1,0.9443873167037964,ankle_midpoint,776.6572265625,887.52783203125,0.9797974228858948,0.9764496684074402,1.983397126197815,10.939590454101562,1.949412612412571,10.952186308740032,0.0,0,two_ankles,accepted,1.983397126197815,10.939590454101562,0.05140477648266719
172,5.733333333333333,detected,4,12,0.9294717311859131,ankle_midpoint,1120.8001708984375,881.6767578125,0.9803075194358826,0.9706740379333496,3.9538490772247314,10.77425479888916,3.928409744185955,10.723612646752448,0.0,0,two_ankles,accepted,3.9538490772247314,10.77425479888916,0.033812133542619194
173,5.766666666666667,detected,2,5,0.8925245404243469,ankle_midpoint,1009.890625,609.9428100585938,0.9809600114822388,0.9824607968330383,3.4379794597625732,2.051923990249634,3.3510274067392913,2.1570955251046007,0.0,0,two_ankles,accepted,3.4379794597625732,2.051923990249634,0.17532597000356132
173,5.766666666666667,detected,3,1,0.9353451132774353,ankle_midpoint,779.7989501953125,884.4410400390625,0.9886295795440674,0.990810751914978,1.9971439838409424,10.874690055847168,1.9708917295553383,10.917312994938243,0.0,0,two_ankles,accepted,1.9971439838409424,10.874690055847168,0.0663403179721007
173,5.766666666666667,detected,4,12,0.9349657297134399,ankle_midpoint,1124.791015625,882.85107421875,0.9800803661346436,0.9705138206481934,3.9755027294158936,10.798630714416504,3.9496015875394277,10.757370777201274,0.0,0,two_ankles,accepted,3.9755027294158936,10.798630714416504,0.03260469154910099
173,5.766666666666667,predicted,1,,,motion_prediction,,,,,,,1.4878900796523553,-0.8932060609701068,,1,,motion_prediction,1.4878900796523553,-0.8932060609701068,
174,5.8,detected,2,5,0.8999068140983582,ankle_midpoint,1020.3431396484375,610.9789428710938,0.987405002117157,0.9891308546066284,3.528355121612549,2.099869728088379,3.430824878432257,2.131343916447301,0.0,0,two_ankles,accepted,3.528355121612549,2.099869728088379,0.10230617787662095
174,5.8,detected,3,1,0.9355410933494568,ankle_midpoint,780.9156494140625,883.3509521484375,0.9965318441390991,0.9954909682273865,2.002065420150757,10.851649284362793,1.9849198903232768,10.88776432517929,0.0,0,two_ankles,accepted,2.002065420150757,10.851649284362793,0.023560511156312976
174,5.8,detected,4,12,0.9371944069862366,ankle_midpoint,1125.345947265625,884.8594970703125,0.985480010509491,0.9772326350212097,3.976433277130127,10.84092903137207,3.9616758478552425,10.794971991578134,0.0,0,two_ankles,accepted,3.976433277130127,10.84092903137207,0.04230855157438058
174,5.8,predicted,1,,,motion_prediction,,,,,,,1.5521266759139023,-0.953803064513761,,2,,motion_prediction,1.5521266759139023,-0.953803064513761,
175,5.833333333333333,detected,1,14,0.838269054889679,ankle_midpoint,849.9935302734375,555.385498046875,0.9538832902908325,0.9581488966941833,1.923291802406311,-0.8727958798408508,1.5935456271552608,-0.8089634857662885,0.0,0,two_ankles,accepted,1.923291802406311,-0.8727958798408508,0.16708395445417515
175,5.833333333333333,detected,2,5,0.9013278484344482,ankle_midpoint,1025.5269775390625,610.0146484375,0.9881594181060791,0.9899660348892212,3.5744388103485107,2.051659345626831,3.4954511477945713,2.0954858595780896,0.0,0,two_ankles,accepted,3.5744388103485107,2.051659345626831,0.06669293324334853
175,5.833333333333333,detected,3,1,0.9378417134284973,ankle_midpoint,781.6705322265625,881.445556640625,0.9964278340339661,0.9957351684570312,2.0038256645202637,10.811372756958008,1.9934274887119212,10.853388119479714,0.0,0,two_ankles,accepted,2.0038256645202637,10.811372756958008,0.04031497389344051
175,5.833333333333333,detected,4,12,0.9382646083831787,ankle_midpoint,1124.51416015625,886.5960083007812,0.9807064533233643,0.9734958410263062,3.969729423522949,10.877490997314453,3.9652999569057106,10.832105544159479,0.0,0,two_ankles,accepted,3.969729423522949,10.877490997314453,0.037171481094495425
176,5.866666666666666,detected,1,14,0.8511113524436951,ankle_midpoint,871.172607421875,558.5272216796875,0.9876915812492371,0.9891870617866516,2.135535478591919,-0.689689040184021,1.837441060301757,-0.7552899852542683,0.0,0,two_ankles,accepted,2.135535478591919,-0.689689040184021,0.2803132048439623
176,5.866666666666666,detected,2,5,0.8938974142074585,ankle_midpoint,1035.071533203125,611.5069580078125,0.9849263429641724,0.9863448143005371,3.656137228012085,2.121976375579834,3.5677598838924527,2.107406591778875,0.0,0,two_ankles,accepted,3.656137228012085,2.121976375579834,0.10779200411043172
176,5.866666666666666,detected,3,1,0.9372274279594421,ankle_midpoint,783.8043823242188,875.8822021484375,0.9836162328720093,0.9840940833091736,2.0086073875427246,10.692669868469238,2.000258443185783,10.781064906525,0.0,0,two_ankles,accepted,2.0086073875427246,10.692669868469238,0.1187991608162313
176,5.866666666666666,detected,4,12,0.9263671040534973,ankle_midpoint,1130.206787109375,889.382080078125,0.9743481874465942,0.9707518219947815,3.999103307723999,10.934962272644043,3.9805114647739406,10.878391071977532,0.0,0,two_ankles,accepted,3.999103307723999,10.934962272644043,0.06454279635301066
177,5.9,detected,1,14,0.6781111359596252,ankle_midpoint,887.2232666015625,562.625,0.990475594997406,0.9907346963882446,2.2973787784576416,-0.4511437714099884,2.044413033471905,-0.6184241890243424,0.0,0,two_ankles,accepted,2.2973787784576416,-0.4511437714099884,0.28826567427618166
177,5.9,detected,2,5,0.8978209495544434,ankle_midpoint,1045.01611328125,613.739501953125,0.987637996673584,0.9884926080703735,3.7399301528930664,2.227479934692383,3.645236504942729,2.161439596089954,0.0,0,two_ankles,accepted,3.7399301528930664,2.227479934692383,0.13473030559426816
177,5.9,detected,3,1,0.9359098672866821,ankle_midpoint,787.2584838867188,872.273681640625,0.9795897603034973,0.9781031608581543,2.0237720012664795,10.614518165588379,2.0108395443220966,10.70611887310352,0.0,0,two_ankles,accepted,2.0237720012664795,10.614518165588379,0.07960938495283593
177,5.9,detected,4,12,0.9260329008102417,ankle_midpoint,1131.76904296875,887.14208984375,0.975992739200592,0.9687973260879517,4.01060676574707,10.888033866882324,3.994054350211849,10.882730329684689,0.0,0,two_ankles,accepted,4.01060676574707,10.888033866882324,0.04831774843497036
178,5.933333333333334,detected,1,14,0.7889894247055054,ankle_midpoint,891.9915771484375,560.9901733398438,0.9787591695785522,0.9814566373825073,2.3405344486236572,-0.5489888787269592,2.1776676702901936,-0.5871782993905199,0.0,0,two_ankles,accepted,2.3405344486236572,-0.5489888787269592,0.10693959460063175
178,5.933333333333334,detected,2,5,0.8916796445846558,ankle_midpoint,1050.179931640625,614.641845703125,0.9950704574584961,0.9949257373809814,3.7835073471069336,2.2696011066436768,3.707458383916621,2.2101122758391294,0.0,0,two_ankles,accepted,3.7835073471069336,2.2696011066436768,0.060606641402601844
178,5.933333333333334,detected,3,1,0.9304892420768738,ankle_midpoint,790.5405883789062,870.5589599609375,0.9928120970726013,0.9913464188575745,2.0405807495117188,10.576922416687012,2.0242230866574267,10.647980467716092,0.0,0,two_ankles,accepted,2.0405807495117188,10.576922416687012,0.04118220918098598
178,5.933333333333334,detected,4,12,0.924302875995636,ankle_midpoint,1132.900634765625,888.5140380859375,0.9926774501800537,0.9917854070663452,4.015475273132324,10.91655158996582,4.003693765526063,10.897949896811198,0.0,0,two_ankles,accepted,4.015475273132324,10.91655158996582,0.028930310990848987
179,5.966666666666667,detected,1,14,0.8082239627838135,ankle_midpoint,904.80908203125,563.6976318359375,0.9867702722549438,0.9893765449523926,2.4672482013702393,-0.393121600151062,2.307978909276214,-0.4998527847327639,0.0,0,two_ankles,accepted,2.4672482013702393,-0.393121600151062,0.20087554272677963
179,5.966666666666667,detected,2,5,0.8812395334243774,ankle_midpoint,1057.46142578125,616.7564697265625,0.9942179918289185,0.9947054982185364,3.8434953689575195,2.368899345397949,3.768675027185026,2.2815664571405985,0.0,0,two_ankles,accepted,3.8434953689575195,2.368899345397949,0.11601165021344569
179,5.966666666666667,detected,3,1,0.9272136688232422,ankle_midpoint,796.6951293945312,866.63525390625,0.9900617599487305,0.9887112379074097,2.0713884830474854,10.490442276000977,2.0454475150329534,10.57708828144429,0.0,0,two_ankles,accepted,2.0713884830474854,10.490442276000977,0.09180376451261262
179,5.966666666666667,detected,4,12,0.9247648119926453,ankle_midpoint,1140.262939453125,882.322021484375,0.9825921058654785,0.9804465770721436,4.065105438232422,10.785518646240234,4.031329018243925,10.847355834054266,0.0,0,two_ankles,accepted,4.065105438232422,10.785518646240234,0.140117042608155
180,6.0,detected,1,14,0.8414232134819031,ankle_midpoint,910.1863403320312,565.6146240234375,0.9898753762245178,0.9898063540458679,2.520897150039673,-0.2827761173248291,2.403792117619771,-0.4021682843991933,0.0,0,two_ankles,accepted,2.520897150039673,-0.2827761173248291,0.12269610944724361
180,6.0,detected,2,5,0.8867188692092896,ankle_midpoint,1064.1092529296875,615.427978515625,0.9943246245384216,0.995486319065094,3.9028842449188232,2.3039462566375732,3.829069175165235,2.2916373669142374,0.0,0,two_ankles,accepted,3.9028842449188232,2.3039462566375732,0.08801103525956502
180,6.0,detected,3,1,0.9260837435722351,ankle_midpoint,800.4282836914062,864.7869873046875,0.9929596781730652,0.9936729669570923,2.0909011363983154,10.449295997619629,2.0659016446473664,10.519581753723193,0.0,0,two_ankles,accepted,2.0909011363983154,10.449295997619629,0.04553855361586507
180,6.0,detected,4,12,0.9266941547393799,ankle_midpoint,1155.884521484375,880.7625732421875,0.9921057224273682,0.9899514317512512,4.157094478607178,10.750484466552734,4.087923475407389,10.803763718678578,0.0,0,two_ankles,accepted,4.157094478607178,10.750484466552734,0.09843463463357043
181,6.033333333333333,detected,1,14,0.8236487507820129,ankle_midpoint,912.8992919921875,564.9989013671875,0.9882853031158447,0.9899231791496277,2.5460517406463623,-0.3193628489971161,2.4678089479817373,-0.3649058384682585,0.0,0,two_ankles,accepted,2.5460517406463623,-0.3193628489971161,0.04439980138525483
181,6.033333333333333,detected,2,5,0.8934491276741028,ankle_midpoint,1067.745361328125,615.991943359375,0.9947022795677185,0.9954326152801514,3.9334137439727783,2.330031156539917,3.8760242311286293,2.3089145722457936,0.0,0,two_ankles,accepted,3.9334137439727783,2.330031156539917,0.040155601295469814
181,6.033333333333333,detected,3,1,0.9240136742591858,ankle_midpoint,803.994873046875,865.0352783203125,0.9902558922767639,0.9900029897689819,2.1121323108673096,10.454314231872559,2.086705444446341,10.490211368890408,0.0,0,two_ankles,accepted,2.1121323108673096,10.454314231872559,0.021816173916389313
181,6.033333333333333,detected,4,12,0.9239941239356995,ankle_midpoint,1163.368896484375,880.5615844726562,0.9879675507545471,0.9854187965393066,4.200528144836426,10.745278358459473,4.138595576650456,10.777445306579981,0.0,0,two_ankles,accepted,4.200528144836426,10.745278358459473,0.04374456450340371
182,6.066666666666666,detected,1,14,0.8657299280166626,ankle_midpoint,916.7579345703125,563.055419921875,0.9894872903823853,0.9913793802261353,2.58083176612854,-0.43415001034736633,2.518669216147799,-0.3960657158138571,0.0,0,two_ankles,accepted,2.58083176612854,-0.43415001034736633,0.11994057938574966
182,6.066666666666666,detected,2,5,0.8868097066879272,ankle_midpoint,1071.959228515625,615.94140625,0.9782162308692932,0.9803565144538879,3.9698948860168457,2.3266208171844482,3.918266025828327,2.3168823824681883,0.0,0,two_ankles,accepted,3.9698948860168457,2.3266208171844482,0.03664019840774446
182,6.066666666666666,detected,3,1,0.9142130613327026,ankle_midpoint,810.3812866210938,864.9619140625,0.9896661043167114,0.9883919358253479,2.149500608444214,10.45188045501709,2.114963268245384,10.472962457647416,0.0,0,two_ankles,accepted,2.149500608444214,10.45188045501709,0.03744746898761366
182,6.066666666666666,detected,4,12,0.919356644153595,ankle_midpoint,1182.358154296875,876.6939697265625,0.9861050248146057,0.9803652763366699,4.316064834594727,10.660198211669922,4.218456742725378,10.724684113870456,0.0,0,two_ankles,accepted,4.316064834594727,10.660198211669922,0.14348295389361537
183,6.1,detected,1,14,0.8823291659355164,ankle_midpoint,926.70654296875,561.028564453125,0.9804874062538147,0.98164302110672,2.6743834018707275,-0.5565434694290161,2.588740599723117,-0.46828070494067864,0.0,0,two_ankles,accepted,2.6743834018707275,-0.5565434694290161,0.15405215797258542
183,6.1,detected,2,5,0.8948991894721985,ankle_midpoint,1074.875244140625,617.75341796875,0.990847110748291,0.9909495711326599,3.9919681549072266,2.4121510982513428,3.9514319839138325,2.359753304570608,0.0,0,two_ankles,accepted,3.9919681549072266,2.4121510982513428,0.08833265635589724
183,6.1,detected,3,1,0.9099757671356201,ankle_midpoint,814.7635498046875,863.5089111328125,0.9909378290176392,0.9900418519973755,2.1735193729400635,10.419220924377441,2.14131351535799,10.448778767675929,0.0,0,two_ankles,accepted,2.1735193729400635,10.419220924377441,0.04054067080734137
183,6.1,detected,4,12,0.9174254536628723,ankle_midpoint,1197.58544921875,876.2747802734375,0.9901325702667236,0.9878068566322327,4.405032157897949,10.649274826049805,4.302415679553035,10.690749934351164,0.0,0,two_ankles,accepted,4.405032157897949,10.649274826049805,0.08963540020073502
184,6.133333333333334,detected,1,14,0.8761191964149475,ankle_midpoint,933.4690551757812,559.947998046875,0.9862365126609802,0.9867594838142395,2.7386507987976074,-0.6226425170898438,2.656200189306638,-0.5377435204078029,0.0,0,two_ankles,accepted,2.7386507987976074,-0.6226425170898438,0.09219209515693573
184,6.133333333333334,detected,2,5,0.890543520450592,ankle_midpoint,1075.763916015625,618.35302734375,0.9898864030838013,0.989662766456604,3.9985837936401367,2.4403443336486816,3.9726502982906693,2.396019267655741,0.0,0,two_ankles,accepted,3.9985837936401367,2.4403443336486816,0.028959026192435105
184,6.133333333333334,detected,3,1,0.9124385714530945,ankle_midpoint,817.312255859375,861.1995849609375,0.9918422698974609,0.9903802871704102,2.1858489513397217,10.367629051208496,2.1613544615497693,10.412261395265585,0.0,0,two_ankles,accepted,2.1858489513397217,10.367629051208496,0.05304469700727734
184,6.133333333333334,detected,4,12,0.9242637753486633,ankle_midpoint,1206.5721435546875,878.3135986328125,0.9906153678894043,0.9891347885131836,4.453611373901367,10.691911697387695,4.370453742009785,10.691272727717603,0.0,0,two_ankles,accepted,4.453611373901367,10.691911697387695,0.06463623616045863
185,6.166666666666667,detected,2,5,0.8961741924285889,ankle_midpoint,1076.4962158203125,618.452880859375,0.9857180118560791,0.987899124622345,4.0047078132629395,2.4448959827423096,3.987076180028191,2.4180137894446974,0.0,0,two_ankles,accepted,4.0047078132629395,2.4448959827423096,0.0076302769158135345
185,6.166666666666667,detected,3,1,0.9154020547866821,ankle_midpoint,823.3433837890625,858.6007080078125,0.9928455948829651,0.9909425377845764,2.2185189723968506,10.308789253234863,2.187078491430956,10.36569893135176,0.0,0,two_ankles,accepted,2.2185189723968506,10.308789253234863,0.06730120430906991
185,6.166666666666667,detected,4,12,0.9222468733787537,ankle_midpoint,1224.04443359375,885.257080078125,0.9908226728439331,0.9904133677482605,4.54188871383667,10.837128639221191,4.447599479331883,10.756907887894219,0.0,0,two_ankles,accepted,4.54188871383667,10.837128639221191,0.16994366402289313
185,6.166666666666667,predicted,1,,,motion_prediction,,,,,,,2.806841233573289,-0.6782493109531345,,1,,motion_prediction,2.806841233573289,-0.6782493109531345,
186,6.2,detected,2,5,0.888704240322113,ankle_midpoint,1077.9427490234375,618.21630859375,0.9925588369369507,0.993765115737915,4.017561912536621,2.433361291885376,4.000794759656984,2.4249201655430026,0.0,0,two_ankles,accepted,4.017561912536621,2.433361291885376,0.01727069660733725
186,6.2,detected,3,1,0.9223630428314209,ankle_midpoint,826.462158203125,855.9598388671875,0.9946529865264893,0.9932214021682739,2.234081268310547,10.248980522155762,2.2082297410267717,10.313175647213562,0.0,0,two_ankles,accepted,2.234081268310547,10.248980522155762,0.061800237599848575
186,6.2,detected,4,12,0.9272229075431824,ankle_midpoint,1235.838623046875,888.4725341796875,0.9879257678985596,0.9883416295051575,4.60341215133667,10.903079986572266,4.517715181734037,10.82268533229934,0.0,0,two_ankles,accepted,4.60341215133667,10.903079986572266,0.09019264703532351
186,6.2,predicted,1,,,motion_prediction,,,,,,,2.8750316683489707,-0.7338561048164253,,2,,motion_prediction,2.8750316683489707,-0.7338561048164253,
187,6.233333333333333,detected,2,5,0.8806672096252441,ankle_midpoint,1077.9935302734375,617.7847900390625,0.992895781993866,0.9931218028068542,4.018759250640869,2.4129045009613037,4.008878780599733,2.4195131164812382,0.0,0,two_ankles,accepted,4.018759250640869,2.4129045009613037,0.02049180112745314
187,6.233333333333333,detected,3,1,0.9249959588050842,ankle_midpoint,827.256103515625,855.7083740234375,0.9940150380134583,0.9924530386924744,2.2385191917419434,10.243199348449707,2.2218599938485992,10.281686312769828,0.0,0,two_ankles,accepted,2.2385191917419434,10.243199348449707,0.007288150231884359
187,6.233333333333333,detected,4,12,0.924408495426178,ankle_midpoint,1239.129150390625,889.3300170898438,0.9871799349784851,0.9872829914093018,4.620565891265869,10.920560836791992,4.563998001023361,10.866729309321034,0.0,0,two_ankles,accepted,4.620565891265869,10.920560836791992,0.02449144581202012
187,6.233333333333333,predicted,1,,,motion_prediction,,,,,,,2.9432221031246524,-0.7894628986797161,,3,,motion_prediction,2.9432221031246524,-0.7894628986797161,
188,6.266666666666667,detected,2,5,0.8845581412315369,ankle_midpoint,1077.9619140625,616.9856567382812,0.9890182018280029,0.9896730184555054,4.019898891448975,2.3749618530273438,4.013837830481892,2.399465047926986,0.0,0,two_ankles,accepted,4.019898891448975,2.3749618530273438,0.03795975913269123
188,6.266666666666667,detected,3,1,0.9270379543304443,ankle_midpoint,828.4879150390625,853.7698974609375,0.9949266910552979,0.9936833381652832,2.24373197555542,10.199145317077637,2.2317023856166687,10.244542864708343,0.0,0,two_ankles,accepted,2.24373197555542,10.199145317077637,0.044361366020642314
188,6.266666666666667,detected,4,12,0.9210264086723328,ankle_midpoint,1242.6116943359375,889.258056640625,0.988645076751709,0.9879094958305359,4.64058256149292,10.918635368347168,4.598461053234663,10.890087035882795,0.0,0,two_ankles,accepted,4.64058256149292,10.918635368347168,0.02010906551062269
188,6.266666666666667,predicted,1,,,motion_prediction,,,,,,,3.0114125379003345,-0.8450696925430068,,4,,motion_prediction,3.0114125379003345,-0.8450696925430068,
189,6.3,detected,2,5,0.8849453926086426,ankle_midpoint,1076.743896484375,615.9886474609375,0.9893200397491455,0.9886676669120789,4.011144638061523,2.3277430534362793,4.012625893892727,2.3671901504061683,0.0,0,two_ankles,accepted,4.011144638061523,2.3277430534362793,0.04802345247056701
189,6.3,detected,3,1,0.9253912568092346,ankle_midpoint,828.6609497070312,851.6778564453125,0.9960317015647888,0.9954479336738586,2.242486000061035,10.15150260925293,2.236555012116634,10.202674749753408,0.0,0,two_ankles,accepted,2.242486000061035,10.15150260925293,0.04765899772134332
189,6.3,detected,4,12,0.925142228603363,ankle_midpoint,1239.980712890625,893.3864135742188,0.9925690293312073,0.9923926591873169,4.617660045623779,11.004548072814941,4.607100599809765,10.941594502502262,0.0,0,two_ankles,accepted,4.617660045623779,11.004548072814941,0.08891813382397305
189,6.3,predicted,1,,,motion_prediction,,,,,,,3.079602972676016,-0.9006764864062975,,5,,motion_prediction,3.079602972676016,-0.9006764864062975,
190,6.333333333333333,detected,2,5,0.88865065574646,ankle_midpoint,1076.8026123046875,616.2122192382812,0.9887397885322571,0.9885231852531433,4.011259078979492,2.338397741317749,4.012010827181772,2.35423356631638,0.0,0,two_ankles,accepted,4.011259078979492,2.338397741317749,0.010655302462869994
190,6.333333333333333,detected,3,1,0.928212583065033,ankle_midpoint,829.1534423828125,850.6961059570312,0.9941987991333008,0.994513988494873,2.244356632232666,10.12900161743164,2.2400657411688485,10.169521840208613,0.0,0,two_ankles,accepted,2.244356632232666,10.12900161743164,0.022578615937724297
190,6.333333333333333,detected,4,12,0.9268108606338501,ankle_midpoint,1242.5528564453125,892.8824462890625,0.9874864816665649,0.9853274822235107,4.633236885070801,10.993834495544434,4.618861928177232,10.965102499371241,0.0,0,two_ankles,accepted,4.633236885070801,10.993834495544434,0.018905519434530917
190,6.333333333333333,predicted,1,,,motion_prediction,,,,,,,3.147793407451698,-0.9562832802695883,,6,,motion_prediction,3.147793407451698,-0.9562832802695883,
191,6.366666666666666,detected,2,5,0.8916552662849426,ankle_midpoint,1079.640625,615.044677734375,0.9899072647094727,0.9916800856590271,4.037871837615967,2.2819113731384277,4.0236482818771595,2.3216885793863016,0.0,0,two_ankles,accepted,4.037871837615967,2.2819113731384277,0.06244156237902039
191,6.366666666666666,detected,3,1,0.9256564378738403,ankle_midpoint,830.28564453125,848.181884765625,0.9942892789840698,0.994513988494873,2.2483956813812256,10.071128845214844,2.243814214264418,10.125244992461418,0.0,0,two_ankles,accepted,2.2483956813812256,10.071128845214844,0.058013547401290125
191,6.366666666666666,detected,4,12,0.92812180519104,ankle_midpoint,1244.3974609375,892.8596801757812,0.9854751825332642,0.9826750755310059,4.643763065338135,10.99314022064209,4.630067439899639,10.977719473943125,0.0,0,two_ankles,accepted,4.643763065338135,10.99314022064209,0.010549051552648502
191,6.366666666666666,predicted,1,,,motion_prediction,,,,,,,3.2159838422273794,-1.0118900741328791,,7,,motion_prediction,3.2159838422273794,-1.0118900741328791,
192,6.4,detected,2,5,0.8916394114494324,ankle_midpoint,1078.0955810546875,615.8600463867188,0.9814159870147705,0.9833143949508667,4.023049354553223,2.321282148361206,4.023378764581388,2.321505685425009,0.0,0,two_ankles,accepted,4.023049354553223,2.321282148361206,0.04206856244023406
192,6.4,detected,3,1,0.9236094355583191,ankle_midpoint,831.642822265625,845.208251953125,0.9833720326423645,0.9827640056610107,2.2533161640167236,10.002184867858887,2.248090091652956,10.06986793639028,0.0,0,two_ankles,accepted,2.2533161640167236,10.002184867858887,0.06911934000715685
192,6.4,detected,4,12,0.9245392084121704,ankle_midpoint,1243.7890625,891.5538330078125,0.9914530515670776,0.990912914276123,4.64283561706543,10.966198921203613,4.635813119624245,10.972535225210347,0.0,0,two_ankles,accepted,4.64283561706543,10.966198921203613,0.026957258312599246
192,6.4,predicted,1,,,motion_prediction,,,,,,,3.284174277003061,-1.0674968679961698,,8,,motion_prediction,3.284174277003061,-1.0674968679961698,
193,6.433333333333334,detected,2,5,0.8864879012107849,ankle_midpoint,1078.4158935546875,615.2657470703125,0.9882974028587341,0.9873606562614441,4.026878356933594,2.2927892208099365,4.024953581139881,2.3085832763482266,0.0,0,two_ankles,accepted,4.026878356933594,2.2927892208099365,0.028749055283100726
193,6.433333333333334,detected,3,1,0.9235013723373413,ankle_midpoint,833.86669921875,844.5382080078125,0.9928551316261292,0.9933238625526428,2.2659850120544434,9.986319541931152,2.2561428058336253,10.032271158883674,0.0,0,two_ankles,accepted,2.2659850120544434,9.986319541931152,0.020302913027348456
193,6.433333333333334,detected,4,12,0.9256281852722168,ankle_midpoint,1248.8380126953125,890.5820922851562,0.9854564070701599,0.9840429425239563,4.673497200012207,10.945423126220703,4.652770955798829,10.960334780665008,0.0,0,two_ankles,accepted,4.673497200012207,10.945423126220703,0.03703736391772533
193,6.433333333333334,predicted,1,,,motion_prediction,,,,,,,3.352364711778743,-1.1231036618594605,,9,,motion_prediction,3.352364711778743,-1.1231036618594605,
194,6.466666666666667,detected,2,5,0.8886215686798096,ankle_midpoint,1078.45556640625,616.001220703125,0.9892464280128479,0.9878295660018921,4.025907516479492,2.3279380798339844,4.025382852042706,2.3172929379168177,0.0,0,two_ankles,accepted,4.025907516479492,2.3279380798339844,0.0351622641745339
194,6.466666666666667,detected,3,1,0.9194211363792419,ankle_midpoint,836.9705200195312,843.5826416015625,0.9923253059387207,0.993650496006012,2.2836830615997314,9.963653564453125,2.268535920928373,10.001393241389927,0.0,0,two_ankles,accepted,2.2836830615997314,9.963653564453125,0.028757042489482722
194,6.466666666666667,detected,4,12,0.9262255430221558,ankle_midpoint,1254.6729736328125,887.173828125,0.9890885949134827,0.9881030917167664,4.7136735916137695,10.87360668182373,4.680177141915552,10.921307136186435,0.0,0,two_ankles,accepted,4.7136735916137695,10.87360668182373,0.08229060777479752
194,6.466666666666667,predicted,1,,,motion_prediction,,,,,,,3.420555146554425,-1.1787104557227512,,10,,motion_prediction,3.420555146554425,-1.1787104557227512,
195,6.5,detected,2,5,0.8881516456604004,ankle_midpoint,1078.5538330078125,615.4970703125,0.9871532320976257,0.9872899651527405,4.027657508850098,2.3038251399993896,4.026406447606032,2.3112324288539754,0.0,0,two_ankles,accepted,4.027657508850098,2.3038251399993896,0.024176359129611774
195,6.5,detected,3,1,0.9177530407905579,ankle_midpoint,837.8155517578125,841.683349609375,0.9931328892707825,0.9949266910552979,2.286797285079956,9.919145584106445,2.276753534796586,9.964381795612361,0.0,0,two_ankles,accepted,2.286797285079956,9.919145584106445,0.044616798433159764
195,6.5,detected,4,12,0.9222299456596375,ankle_midpoint,1261.2178955078125,883.969482421875,0.98939448595047,0.9892386198043823,4.757847309112549,10.805394172668457,4.715128717154201,10.869146302603346,0.0,0,two_ankles,accepted,4.757847309112549,10.805394172668457,0.08126662121018828
195,6.5,predicted,1,,,motion_prediction,,,,,,,3.4887455813301065,-1.2343172495860422,,11,,motion_prediction,3.4887455813301065,-1.2343172495860422,
196,6.533333333333333,detected,2,5,0.8970352411270142,ankle_midpoint,1078.326904296875,615.9356689453125,0.9791275858879089,0.9825735688209534,4.0249128341674805,2.324838876724243,4.0257343215586845,2.3173553303955963,0.0,0,two_ankles,accepted,4.0249128341674805,2.324838876724243,0.021192224287574373
196,6.533333333333333,detected,3,1,0.9195353388786316,ankle_midpoint,839.029296875,843.3411865234375,0.9784564971923828,0.9878326654434204,2.2958526611328125,9.957747459411621,2.285348141647888,9.96139634432203,0.0,0,two_ankles,accepted,2.2958526611328125,9.957747459411621,0.03964977443233424
196,6.533333333333333,detected,4,12,0.9248579740524292,ankle_midpoint,1263.748046875,888.2968139648438,0.9843640923500061,0.9842394590377808,4.763257026672363,10.895989418029785,4.736786456437374,10.881225704545244,0.0,0,two_ankles,accepted,4.763257026672363,10.895989418029785,0.09075661698276445
196,6.533333333333333,predicted,1,,,motion_prediction,,,,,,,3.556936016105788,-1.2899240434493329,,12,,motion_prediction,3.556936016105788,-1.2899240434493329,
197,6.566666666666666,detected,2,5,0.8823587894439697,ankle_midpoint,1078.161865234375,611.63623046875,0.989370584487915,0.9859235286712646,4.031199932098389,2.1179075241088867,4.028193846301551,2.227603817566577,0.0,0,two_ankles,accepted,4.031199932098389,2.1179075241088867,0.2070268395537492
197,6.566666666666666,detected,3,1,0.9175979495048523,ankle_midpoint,838.20849609375,843.3443603515625,0.9797729253768921,0.9889944195747375,2.290903091430664,9.957930564880371,2.2878478690501374,9.959836743573284,0.0,0,two_ankles,accepted,2.290903091430664,9.957930564880371,0.004952955466094151
197,6.566666666666666,detected,4,12,0.9306867122650146,ankle_midpoint,1267.233642578125,894.7128295898438,0.981496274471283,0.9825389385223389,4.769664287567139,11.028562545776367,4.751581480445768,10.94752728309925,0.0,0,two_ankles,accepted,4.769664287567139,11.028562545776367,0.13272786893748154
198,6.6,detected,2,5,0.9078652858734131,ankle_midpoint,1077.31494140625,610.7660522460938,0.9870918989181519,0.9885985851287842,4.025387763977051,2.075809955596924,4.026931109255527,2.159296579680233,0.0,0,two_ankles,accepted,4.025387763977051,2.075809955596924,0.04249690074452613
198,6.6,detected,3,1,0.9314324259757996,ankle_midpoint,835.1163940429688,847.3941650390625,0.9866428375244141,0.9918600916862488,2.2765302658081055,10.052325248718262,2.282754947591223,10.001456570888525,0.0,0,two_ankles,accepted,2.2765302658081055,10.052325248718262,0.09548263953846169
198,6.6,detected,4,12,0.9258182644844055,ankle_midpoint,1276.008544921875,895.9417724609375,0.9807530045509338,0.9831967353820801,4.81678581237793,11.05273723602295,4.780923429815241,10.994871761914915,0.0,0,two_ankles,accepted,4.81678581237793,11.05273723602295,0.05296086997975186
199,6.633333333333334,detected,2,5,0.8868871331214905,ankle_midpoint,1076.2587890625,610.730224609375,0.9873132109642029,0.9888894557952881,4.016237735748291,2.074319362640381,4.022119091177271,2.1210568320122998,0.0,0,two_ankles,accepted,4.016237735748291,2.074319362640381,0.009270646360917673
199,6.633333333333334,detected,3,1,0.929767906665802,ankle_midpoint,833.5186157226562,851.006103515625,0.9867032766342163,0.9926704168319702,2.2707691192626953,10.135518074035645,2.277361324843386,10.061784247304729,0.0,0,two_ankles,accepted,2.2707691192626953,10.135518074035645,0.08339206793098647
199,6.633333333333334,detected,4,12,0.9216127991676331,ankle_midpoint,1276.599365234375,897.509033203125,0.9774938821792603,0.9790017604827881,4.816769599914551,11.08474063873291,4.797054206359931,11.035312756483014,0.0,0,two_ankles,accepted,4.816769599914551,11.08474063873291,0.03200340681646102
200,6.666666666666667,detected,2,5,0.8838621377944946,ankle_midpoint,1072.1412353515625,610.560302734375,0.9863155484199524,0.988436222076416,3.9806065559387207,2.067033529281616,4.003438450319924,2.096746345783492,0.0,0,two_ankles,accepted,3.9806065559387207,2.067033529281616,0.03636845257023756
200,6.666666666666667,detected,3,1,0.9314798712730408,ankle_midpoint,831.9276733398438,856.72314453125,0.9852816462516785,0.9919012188911438,2.267322063446045,10.265481948852539,2.2728436572145827,10.153448213001244,0.0,0,two_ankles,accepted,2.267322063446045,10.265481948852539,0.13000958022862982
200,6.666666666666667,detected,4,12,0.923995852470398,ankle_midpoint,1273.1685791015625,901.3255615234375,0.9909921884536743,0.9924482107162476,4.789339065551758,11.162741661071777,4.793582392996253,11.09265576354796,0.0,0,two_ankles,accepted,4.789339065551758,11.162741661071777,0.08268369670821947
201,6.7,detected,1,14,0.6900296807289124,ankle_midpoint,1136.527099609375,558.763671875,0.927385687828064,0.9306017756462097,4.702876091003418,-0.7513718008995056,4.702876091003418,-0.7513718008995056,0.4966553807476136,0,two_ankles,accepted,4.702876091003418,-0.7513718008995056,0.1157905313591147
201,6.7,detected,2,5,0.8905271291732788,ankle_midpoint,1069.9808349609375,612.1159057617188,0.9923524260520935,0.9945623278617859,3.9591476917266846,2.1431267261505127,3.9835076089529666,2.1176175169486515,0.0,0,two_ankles,accepted,3.9591476917266846,2.1431267261505127,0.07906109955597154
201,6.7,detected,3,1,0.9343948364257812,ankle_midpoint,831.702392578125,859.7586059570312,0.9740647077560425,0.9763525128364563,2.2691709995269775,10.333626747131348,2.2711909612551606,10.234528553359791,0.0,0,two_ankles,accepted,2.2691709995269775,10.333626747131348,0.06816987675719305
201,6.7,detected,4,12,0.931194007396698,ankle_midpoint,1274.29443359375,900.417724609375,0.9549562931060791,0.9719792008399963,4.7975850105285645,11.144216537475586,4.795383570885793,11.115858111815392,0.0,0,two_ankles,accepted,4.7975850105285645,11.144216537475586,0.02027747057240351
202,6.733333333333333,detected,1,14,0.6666197180747986,ankle_midpoint,1135.723876953125,559.3052978515625,0.9437625408172607,0.936971127986908,4.6932454109191895,-0.7186625003814697,4.698542284965516,-0.7366526156663895,0.0,0,two_ankles,accepted,4.6932454109191895,-0.7186625003814697,0.03409762952558343
202,6.733333333333333,detected,2,5,0.8925275802612305,ankle_midpoint,1069.066162109375,613.04296875,0.9919860363006592,0.9947062134742737,3.949657678604126,2.188171148300171,3.9682751402959884,2.1493666510568357,0.0,0,two_ankles,accepted,3.949657678604126,2.188171148300171,0.046033252284223336
202,6.733333333333333,detected,3,1,0.9329743981361389,ankle_midpoint,832.66015625,860.2910766601562,0.9915185570716858,0.9942664504051208,2.2753798961639404,10.345396041870117,2.2730759819641113,10.284418923189438,0.0,0,two_ankles,accepted,2.2753798961639404,10.345396041870117,0.013306641052366192
202,6.733333333333333,detected,4,12,0.9304380416870117,ankle_midpoint,1275.7998046875,898.8265991210938,0.9513860940933228,0.9693349003791809,4.809442043304443,11.11170482635498,4.801709883474186,11.113989133358206,0.0,0,two_ankles,accepted,4.809442043304443,11.11170482635498,0.03460636626746541
203,6.766666666666667,detected,1,14,0.4975301921367645,ankle_midpoint,1139.3785400390625,557.7349853515625,0.9415051937103271,0.9371145367622375,4.734105587005615,-0.8140836954116821,4.714545770883561,-0.7714966015517712,0.0,0,two_ankles,accepted,4.734105587005615,-0.8140836954116821,0.10380153395209318
203,6.766666666666667,detected,2,5,0.8997662663459778,ankle_midpoint,1068.3526611328125,613.9613037109375,0.9903269410133362,0.9933302998542786,3.9419596195220947,2.2325894832611084,3.9564331559477366,2.1868169255487584,0.0,0,two_ankles,accepted,3.9419596195220947,2.2325894832611084,0.04508046799149812
203,6.766666666666667,detected,3,1,0.9332277774810791,ankle_midpoint,833.6167602539062,860.1380615234375,0.9768772125244141,0.9883542060852051,2.2808680534362793,10.341856956481934,2.2765824141265867,10.310266038171061,0.0,0,two_ankles,accepted,2.2808680534362793,10.341856956481934,0.006530313593601812
203,6.766666666666667,detected,4,12,0.9258145093917847,ankle_midpoint,1277.3577880859375,899.251708984375,0.9746955633163452,0.9776049256324768,4.817324161529541,11.120168685913086,4.808736308599096,11.116769932007903,0.0,0,two_ankles,accepted,4.817324161529541,11.120168685913086,0.011565669298996488
204,6.8,detected,1,14,0.6433809399604797,ankle_midpoint,1144.21826171875,555.6572265625,0.9240138530731201,0.9335665702819824,4.788632392883301,-0.9413283467292786,4.747884750783443,-0.8479208868816496,0.0,0,two_ankles,accepted,4.788632392883301,-0.9413283467292786,0.13843545011361613
204,6.8,detected,2,5,0.8902302980422974,ankle_midpoint,1068.50634765625,614.7094116210938,0.9883741140365601,0.9911019802093506,3.9420714378356934,2.2684853076934814,3.949970382797317,2.223567697513884,0.0,0,two_ankles,accepted,3.9420714378356934,2.2684853076934814,0.035895998593367
204,6.8,detected,3,1,0.9309491515159607,ankle_midpoint,833.1429443359375,859.9483642578125,0.9928429126739502,0.9945922493934631,2.2778751850128174,10.33768081665039,2.2771641610253903,10.32260268848676,0.0,0,two_ankles,accepted,2.2778751850128174,10.33768081665039,0.005137840528155301
204,6.8,detected,4,12,0.9332650303840637,ankle_midpoint,1279.378662109375,897.39794921875,0.9728850722312927,0.9749982357025146,4.832717418670654,11.082136154174805,4.819527808131298,11.101184731983011,0.0,0,two_ankles,accepted,4.832717418670654,11.082136154174805,0.041029572698674376
205,6.833333333333333,detected,2,5,0.8815985918045044,ankle_midpoint,1069.3056640625,613.4644775390625,0.9628320932388306,0.9737473130226135,3.9510416984558105,2.2084426879882812,3.9504524748436394,2.216761443227363,0.0,0,two_ankles,accepted,3.9510416984558105,2.2084426879882812,0.060708992387093035
205,6.833333333333333,detected,3,1,0.9282320737838745,ankle_midpoint,833.595947265625,859.625732421875,0.9932564496994019,0.9949231743812561,2.280217409133911,10.330410957336426,2.2785381226742247,10.326116409469112,0.0,0,two_ankles,accepted,2.280217409133911,10.330410957336426,0.007637857571222101
205,6.833333333333333,detected,4,12,0.9247084259986877,ankle_midpoint,1284.2640380859375,898.6192626953125,0.9915952086448669,0.9921098351478577,4.8576555252075195,11.106465339660645,4.836685280815598,11.103561005437946,0.0,0,two_ankles,accepted,4.8576555252075195,11.106465339660645,0.03483989701546835
205,6.833333333333333,predicted,1,,,motion_prediction,,,,,,,4.838866563439503,-1.0133894100426581,,1,,motion_prediction,4.838866563439503,-1.0133894100426581,
206,6.866666666666666,detected,2,5,0.8893070816993713,ankle_midpoint,1067.341064453125,613.883544921875,0.9859746098518372,0.9885953068733215,3.933314561843872,2.2290899753570557,3.9427404139937443,2.2223092826857247,0.0,0,two_ankles,accepted,3.933314561843872,2.2290899753570557,0.027213266032343142
206,6.866666666666666,detected,3,1,0.9267327785491943,ankle_midpoint,837.3138427734375,858.0526733398438,0.9871763586997986,0.9897567629814148,2.3005993366241455,10.294684410095215,2.288465668951689,10.311972009750859,0.0,0,two_ankles,accepted,2.3005993366241455,10.294684410095215,0.041131607627172176
206,6.866666666666666,detected,4,12,0.9190677404403687,ankle_midpoint,1291.7347412109375,898.962158203125,0.9911017417907715,0.9926860332489014,4.899055004119873,11.112549781799316,4.864751656302522,11.107605954800563,0.0,0,two_ankles,accepted,4.899055004119873,11.112549781799316,0.04184420258952546
206,6.866666666666666,predicted,1,,,motion_prediction,,,,,,,4.889100733995707,-1.0854504733560375,,2,,motion_prediction,4.889100733995707,-1.0854504733560375,
207,6.9,detected,1,14,0.8223859667778015,ankle_midpoint,1145.624755859375,558.5569458007812,0.9618031978607178,0.9714758992195129,4.7917914390563965,-0.7663944959640503,4.767642760506273,-0.8112340109687299,0.0,0,two_ankles,accepted,4.7917914390563965,-0.7663944959640503,0.058320790762314396
207,6.9,detected,2,5,0.8860384225845337,ankle_midpoint,1068.81298828125,613.305908203125,0.9863730669021606,0.9889155626296997,3.947026491165161,2.2009165287017822,3.944669148720882,2.2126825433929507,0.0,0,two_ankles,accepted,3.947026491165161,2.2009165287017822,0.03133305127416679
207,6.9,detected,3,1,0.9235813617706299,ankle_midpoint,836.81005859375,859.3929443359375,0.9935550093650818,0.9952136278152466,2.298969268798828,10.324789047241211,2.293192288882902,10.317739676621517,0.0,0,two_ankles,accepted,2.298969268798828,10.324789047241211,0.030148736272142863
207,6.9,detected,4,12,0.9168720245361328,ankle_midpoint,1296.1766357421875,901.6292114257812,0.9900773763656616,0.9924814701080322,4.918084621429443,11.166132926940918,4.8887514906096365,11.133943092263724,0.0,0,two_ankles,accepted,4.918084621429443,11.166132926940918,0.056861936110324605
208,6.933333333333334,detected,1,14,0.8296430706977844,ankle_midpoint,1151.5179443359375,561.36083984375,0.9587449431419373,0.9689897298812866,4.838506698608398,-0.6005520820617676,4.79953153265223,-0.716427142960597,0.0,0,two_ankles,accepted,4.838506698608398,-0.6005520820617676,0.17229631953105373
208,6.933333333333334,detected,2,5,0.8972283601760864,ankle_midpoint,1069.8182373046875,612.9188232421875,0.9858600497245789,0.9881985783576965,3.9563963413238525,2.181997776031494,3.949946385392219,2.1988743980802954,0.0,0,two_ankles,accepted,3.9563963413238525,2.181997776031494,0.021111923043528318
208,6.933333333333334,detected,3,1,0.9227710366249084,ankle_midpoint,838.22119140625,860.1322021484375,0.9941294193267822,0.9954936504364014,2.3080437183380127,10.341131210327148,2.2998754321377017,10.328265866789053,0.0,0,two_ankles,accepted,2.3080437183380127,10.341131210327148,0.01869256346161717
208,6.933333333333334,detected,4,12,0.9162582159042358,ankle_midpoint,1296.8209228515625,903.4794921875,0.9919895529747009,0.9940244555473328,4.917537689208984,11.203392028808594,4.901705279979343,11.165195113708917,0.0,0,two_ankles,accepted,4.917537689208984,11.203392028808594,0.037263115903526066
209,6.966666666666667,detected,1,14,0.8604797720909119,ankle_midpoint,1163.77978515625,561.5092163085938,0.966162919998169,0.9785504341125488,4.956130504608154,-0.5952188968658447,4.870001070032396,-0.6618834322179585,0.0,0,two_ankles,accepted,4.956130504608154,-0.5952188968658447,0.11774464999396879
209,6.966666666666667,detected,2,5,0.9109751582145691,ankle_midpoint,1073.321533203125,612.5230712890625,0.9874282479286194,0.989535927772522,3.987513303756714,2.162034034729004,3.9668514986562418,2.1822962345722146,0.0,0,two_ankles,accepted,3.987513303756714,2.162034034729004,0.036970479004752664
209,6.966666666666667,detected,3,1,0.9219426512718201,ankle_midpoint,840.4029541015625,860.9556274414062,0.9941997528076172,0.9955328702926636,2.321727991104126,10.359219551086426,2.309709083672593,10.342195024722871,0.0,0,two_ankles,accepted,2.321727991104126,10.359219551086426,0.02268143277134678
209,6.966666666666667,detected,4,12,0.9134029746055603,ankle_midpoint,1298.513427734375,906.125,0.990974485874176,0.9927698969841003,4.921074390411377,11.256281852722168,4.910421379673759,11.206184146264881,0.0,0,two_ankles,accepted,4.921074390411377,11.256281852722168,0.05300794024487173
210,7.0,detected,1,14,0.8053600788116455,ankle_midpoint,1173.78369140625,560.9110107421875,0.9569608569145203,0.9711734652519226,5.055039882659912,-0.6336238384246826,4.953268535714779,-0.6491666150109844,0.0,0,two_ankles,accepted,5.055039882659912,-0.6336238384246826,0.10610374452734128
210,7.0,detected,2,5,0.9026724100112915,ankle_midpoint,1078.450927734375,613.0343627929688,0.989495575428009,0.9914636015892029,4.03118896484375,2.1855130195617676,3.9958033584406207,2.1837437878175137,0.0,0,two_ankles,accepted,4.03118896484375,2.1855130195617676,0.049586551605922236
210,7.0,detected,3,1,0.9229896664619446,ankle_midpoint,842.3550415039062,860.7327880859375,0.9904283285140991,0.9923961758613586,2.3330259323120117,10.354000091552734,2.3202016655603313,10.34750730479631,0.0,0,two_ankles,accepted,2.3330259323120117,10.354000091552734,0.012445329781114072
210,7.0,detected,4,12,0.9104769229888916,ankle_midpoint,1298.4033203125,906.119384765625,0.9913550019264221,0.992027223110199,4.92047119140625,11.256182670593262,4.9149437949533805,11.228683482212654,0.0,0,two_ankles,accepted,4.92047119140625,11.256182670593262,0.000611298727694179
211,7.033333333333333,detected,1,14,0.8085858225822449,ankle_midpoint,1179.9508056640625,562.3897705078125,0.9557815790176392,0.9681136608123779,5.10825252532959,-0.547607421875,5.0230113310414435,-0.6034649780997915,0.0,0,two_ankles,accepted,5.10825252532959,-0.547607421875,0.10114548559347235
211,7.033333333333333,detected,2,5,0.909675657749176,ankle_midpoint,1081.172607421875,613.1129150390625,0.9889249205589294,0.9905063509941101,4.054686546325684,2.1886544227600098,4.022300792988899,2.185953573541637,0.0,0,two_ankles,accepted,4.054686546325684,2.1886544227600098,0.023706639355970192
211,7.033333333333333,detected,3,1,0.9238577485084534,ankle_midpoint,842.2858276367188,860.7381591796875,0.9900021553039551,0.992021918296814,2.332622766494751,10.35412883758545,2.3257911609808204,10.350486994551423,0.0,0,two_ankles,accepted,2.332622766494751,10.35412883758545,0.0004232236018316249
211,7.033333333333333,detected,4,12,0.913318932056427,ankle_midpoint,1298.7889404296875,904.9630126953125,0.9903824925422668,0.9907891154289246,4.925230979919434,11.232972145080566,4.919573028188105,11.230613380503215,0.0,0,two_ankles,accepted,4.925230979919434,11.232972145080566,0.023693545139250784
212,7.066666666666666,detected,1,14,0.81418776512146,ankle_midpoint,1188.075927734375,564.439453125,0.9785138964653015,0.9785372018814087,5.177419662475586,-0.42912977933883667,5.092495080186808,-0.5250141386573619,0.0,0,two_ankles,accepted,5.177419662475586,-0.42912977933883667,0.13718981245668327
212,7.066666666666666,detected,2,5,0.906756579875946,ankle_midpoint,1083.2119140625,614.2867431640625,0.9830764532089233,0.9773458242416382,4.07019567489624,2.2446959018707275,4.043853489847203,2.2123876212897278,0.0,0,two_ankles,accepted,4.07019567489624,2.2446959018707275,0.05814791870682108
212,7.066666666666666,detected,3,1,0.924919068813324,ankle_midpoint,842.9049072265625,860.2646484375,0.9891439080238342,0.9900145530700684,2.3358211517333984,10.343483924865723,2.3303046568194805,10.347335613192858,0.0,0,two_ankles,accepted,2.3358211517333984,10.343483924865723,0.0111150274379056
212,7.066666666666666,detected,4,12,0.91715008020401,ankle_midpoint,1300.464111328125,903.430908203125,0.9925304055213928,0.9936541318893433,4.938090801239014,11.201979637145996,4.927906026061015,11.217728195992468,0.0,0,two_ankles,accepted,4.938090801239014,11.201979637145996,0.033554590631475895
213,7.1,detected,1,14,0.8027500510215759,ankle_midpoint,1197.6064453125,563.608642578125,0.9856141209602356,0.9856827855110168,5.272555351257324,-0.4806438088417053,5.17352220216854,-0.5050474902403165,0.0,0,two_ankles,accepted,5.272555351257324,-0.4806438088417053,0.10818731217475636
213,7.1,detected,2,5,0.9019830822944641,ankle_midpoint,1084.857421875,614.0384521484375,0.9715551137924194,0.9703662991523743,4.084928512573242,2.232367753982544,4.062337250073921,2.221378681001495,0.0,0,two_ankles,accepted,4.084928512573242,2.232367753982544,0.01921040698084801
213,7.1,detected,3,1,0.9272878766059875,ankle_midpoint,842.5589599609375,860.0505981445312,0.9886632561683655,0.9896422028541565,2.333573341369629,10.338748931884766,2.3317755648670477,10.343471606604217,0.0,0,two_ankles,accepted,2.333573341369629,10.338748931884766,0.005241451131240476
213,7.1,detected,4,12,0.9267749786376953,ankle_midpoint,1301.5216064453125,897.077880859375,0.9893274307250977,0.9915292263031006,4.95863151550293,11.072924613952637,4.941732496309877,11.152566584074545,0.0,0,two_ankles,accepted,4.95863151550293,11.072924613952637,0.13067945498015504
214,7.133333333333334,detected,1,14,0.8031037449836731,ankle_midpoint,1199.8206787109375,564.4141235351562,0.9834686517715454,0.9837433695793152,5.290086269378662,-0.4339146018028259,5.2259760324130955,-0.4730376904434458,0.0,0,two_ankles,accepted,5.290086269378662,-0.4339146018028259,0.049909436789644386
214,7.133333333333334,detected,2,5,0.9045597910881042,ankle_midpoint,1084.82470703125,614.166015625,0.9737406373023987,0.9706633687019348,4.084402561187744,2.2385094165802,4.072266640075141,2.2290875120119122,0.0,0,two_ankles,accepted,4.084402561187744,2.2385094165802,0.006164141815642874
214,7.133333333333334,detected,3,1,0.9281385540962219,ankle_midpoint,842.4754028320312,860.5022583007812,0.9879133105278015,0.9889634847640991,2.333514451980591,10.34884262084961,2.3325580640681425,10.345888563014643,0.0,0,two_ankles,accepted,2.333514451980591,10.34884262084961,0.01009386075191994
214,7.133333333333334,detected,4,12,0.9271016120910645,ankle_midpoint,1302.64306640625,895.3636474609375,0.9894366264343262,0.9908464550971985,4.968968391418457,11.037652969360352,4.953988649108738,11.100855457453159,0.0,0,two_ankles,accepted,4.968968391418457,11.037652969360352,0.03675513455202535
215,7.166666666666667,detected,1,14,0.8124391436576843,ankle_midpoint,1211.177978515625,566.146728515625,0.9843107461929321,0.981766402721405,5.390580177307129,-0.33576685190200806,5.300047897615411,-0.4112658130997988,0.0,0,two_ankles,accepted,5.390580177307129,-0.33576685190200806,0.14047066007294426
215,7.166666666666667,detected,2,5,0.9058700203895569,ankle_midpoint,1084.8721923828125,615.0918579101562,0.977410614490509,0.9703359603881836,4.083056926727295,2.2829291820526123,4.07712226906861,2.2533162635302273,0.0,0,two_ankles,accepted,4.083056926727295,2.2829291820526123,0.044440142852214634
215,7.166666666666667,detected,3,1,0.926297664642334,ankle_midpoint,842.8260498046875,860.949462890625,0.9878029227256775,0.9895434379577637,2.3360118865966797,10.358769416809082,2.3341122842059843,10.351684947222141,0.0,0,two_ankles,accepted,2.3360118865966797,10.358769416809082,0.010236134899591819
215,7.166666666666667,detected,4,12,0.927174985408783,ankle_midpoint,1305.198974609375,892.2569580078125,0.9787545800209045,0.980014443397522,4.9907917976379395,10.973283767700195,4.970550065946879,11.043448197064325,0.0,0,two_ankles,accepted,4.9907917976379395,10.973283767700195,0.06796804529620082
216,7.2,detected,1,14,0.8155034184455872,ankle_midpoint,1218.0948486328125,568.8172607421875,0.9796527624130249,0.973370373249054,5.4435038566589355,-0.1829080581665039,5.364603079184997,-0.3085048233798161,0.0,0,two_ankles,accepted,5.4435038566589355,-0.1829080581665039,0.16176132621367273
216,7.2,detected,2,5,0.9089125990867615,ankle_midpoint,1084.896728515625,615.1992797851562,0.9742486476898193,0.9638146758079529,4.083065509796143,2.2880685329437256,4.079796727396,2.2689547847663016,0.0,0,two_ankles,accepted,4.083065509796143,2.2880685329437256,0.005139358058265421
216,7.2,detected,3,1,0.9238483905792236,ankle_midpoint,842.3001098632812,861.3848876953125,0.9895756244659424,0.9921707510948181,2.3333284854888916,10.368535995483398,2.3337595747832927,10.359267918939707,0.0,0,two_ankles,accepted,2.3333284854888916,10.368535995483398,0.010128509293419755
216,7.2,detected,4,12,0.9276516437530518,ankle_midpoint,1307.788818359375,896.9525146484375,0.9796559810638428,0.9778026342391968,4.994373798370361,11.06960391998291,4.981270745537446,11.05521827237769,0.0,0,two_ankles,accepted,4.994373798370361,11.06960391998291,0.09638673386422246
217,7.233333333333333,detected,1,14,0.8065195083618164,ankle_midpoint,1217.4974365234375,569.335693359375,0.9716558456420898,0.9669328927993774,5.435300350189209,-0.15289165079593658,5.396416851136893,-0.23847889571707034,0.0,0,two_ankles,accepted,5.435300350189209,-0.15289165079593658,0.03111723364688278
217,7.233333333333333,detected,2,5,0.9104254245758057,ankle_midpoint,1084.5391845703125,614.9281005859375,0.9733296036720276,0.9658833742141724,4.080484390258789,2.275161027908325,4.080106175684255,2.271747594180212,0.0,0,two_ankles,accepted,4.080484390258789,2.275161027908325,0.013163049202407262
217,7.233333333333333,detected,3,1,0.922581136226654,ankle_midpoint,843.23095703125,861.5303955078125,0.9895690083503723,0.9922488927841187,2.338953733444214,10.371654510498047,2.3360969461807075,10.364841885140962,0.0,0,two_ankles,accepted,2.338953733444214,10.371654510498047,0.00643183880826044
217,7.233333333333333,detected,4,12,0.9255884289741516,ankle_midpoint,1308.0440673828125,897.82080078125,0.9800763726234436,0.9749709367752075,4.993767738342285,11.087320327758789,4.986894392299623,11.069664197299186,0.0,0,two_ankles,accepted,4.993767738342285,11.087320327758789,0.017726771088916737
218,7.266666666666667,detected,1,14,0.8169764280319214,ankle_midpoint,1214.2008056640625,569.3922729492188,0.9766243100166321,0.9767357707023621,5.403748512268066,-0.14872735738754272,5.399716098645921,-0.19809070346878294,0.0,0,two_ankles,accepted,5.403748512268066,-0.14872735738754272,0.0318254586108864
218,7.266666666666667,detected,2,5,0.9078040719032288,ankle_midpoint,1081.93408203125,616.0446166992188,0.9888368844985962,0.9849542379379272,4.055875778198242,2.329185962677002,4.069202496815549,2.297594860003768,0.0,0,two_ankles,accepted,4.055875778198242,2.329185962677002,0.059365624432884324
218,7.266666666666667,detected,3,1,0.9211558699607849,ankle_midpoint,843.993408203125,863.1072998046875,0.9789584875106812,0.9851186275482178,2.344937562942505,10.406577110290527,2.3400752237235167,10.383622736458268,0.0,0,two_ankles,accepted,2.344937562942505,10.406577110290527,0.035431542327852096
218,7.266666666666667,detected,4,12,0.9239131808280945,ankle_midpoint,1305.2662353515625,900.1805419921875,0.9881848096847534,0.985906720161438,4.972567558288574,11.135692596435547,4.980447316994651,11.099376976910548,0.0,0,two_ankles,accepted,4.972567558288574,11.135692596435547,0.052814051267122165
219,7.3,detected,1,14,0.8538929224014282,ankle_midpoint,1215.9443359375,568.2893676757812,0.9820489287376404,0.9692330360412598,5.42564058303833,-0.21277400851249695,5.411382116622506,-0.20469819073845424,0.0,0,two_ankles,accepted,5.42564058303833,-0.21277400851249695,0.06768483052303399
219,7.3,detected,2,5,0.9152607321739197,ankle_midpoint,1080.21826171875,615.438720703125,0.9895393252372742,0.9857388734817505,4.042154788970947,2.3006391525268555,4.057031028285478,2.2989647916391576,0.0,0,two_ankles,accepted,4.042154788970947,2.3006391525268555,0.0316731102849728
219,7.3,detected,3,1,0.9284865856170654,ankle_midpoint,839.7939453125,862.9835205078125,0.9739137291908264,0.9787976145744324,2.3201193809509277,10.404372215270996,2.3310950944758515,10.392960001923996,0.0,0,two_ankles,accepted,2.3201193809509277,10.404372215270996,0.024915933043219513
219,7.3,detected,4,12,0.928478479385376,ankle_midpoint,1305.279296875,902.0105590820312,0.9841958284378052,0.9874016642570496,4.968395233154297,11.172754287719727,4.975023879266492,11.13239676677468,0.0,0,two_ankles,accepted,4.968395233154297,11.172754287719727,0.03729580751062997
220,7.333333333333333,detected,1,14,0.803159773349762,ankle_midpoint,1216.4415283203125,566.72216796875,0.985690176486969,0.9698978662490845,5.438028812408447,-0.30373847484588623,5.42337312972618,-0.24926631858679865,0.0,0,two_ankles,accepted,5.438028812408447,-0.30373847484588623,0.09180415220590486
220,7.333333333333333,detected,2,5,0.9112405180931091,ankle_midpoint,1078.219970703125,615.355712890625,0.9914578795433044,0.9879747629165649,4.025022983551025,2.2971415519714355,4.042627408154974,2.2981443337886827,0.0,0,two_ankles,accepted,4.025022983551025,2.2971415519714355,0.017485192781074455
220,7.333333333333333,detected,3,1,0.9264590740203857,ankle_midpoint,838.108154296875,861.691650390625,0.9762064218521118,0.9812383651733398,2.3089253902435303,10.37590217590332,2.321118727571307,10.385283980214693,0.0,0,two_ankles,accepted,2.3089253902435303,10.37590217590332,0.03059164215197199
220,7.333333333333333,detected,4,12,0.9302808046340942,ankle_midpoint,1305.11962890625,902.45849609375,0.9828830361366272,0.9864012598991394,4.966461658477783,11.181819915771484,4.971170879911574,11.154637183823244,0.0,0,two_ankles,accepted,4.966461658477783,11.181819915771484,0.00926953736722999
221,7.366666666666666,detected,1,14,0.807594895362854,ankle_midpoint,1213.2547607421875,566.3895874023438,0.9809743762016296,0.9650147557258606,5.409237861633301,-0.32220014929771423,5.417012259084384,-0.2820865424067107,0.0,0,two_ankles,accepted,5.409237861633301,-0.32220014929771423,0.034201641336377216
221,7.366666666666666,detected,2,5,0.9074195027351379,ankle_midpoint,1073.2681884765625,614.39404296875,0.9901756644248962,0.9869858622550964,3.983839750289917,2.2522170543670654,4.016172962115698,2.277477058048955,0.0,0,two_ankles,accepted,3.983839750289917,2.2522170543670654,0.06094480442862969
221,7.366666666666666,detected,3,1,0.9250860214233398,ankle_midpoint,832.4808349609375,860.7579345703125,0.9855243563652039,0.9891390204429626,2.2748055458068848,10.355834007263184,2.3002777957773173,10.372031492386514,0.0,0,two_ankles,accepted,2.2748055458068848,10.355834007263184,0.039584026790485276
221,7.366666666666666,detected,4,12,0.9289345741271973,ankle_midpoint,1304.412353515625,903.6593017578125,0.9839451909065247,0.9861248135566711,4.95972204208374,11.206107139587402,4.966018902889049,11.177798663917116,0.0,0,two_ankles,accepted,4.95972204208374,11.206107139587402,0.025204992954241143
222,7.4,detected,1,14,0.8140311241149902,ankle_midpoint,1209.60791015625,566.2442626953125,0.9877117276191711,0.9708930253982544,5.375118255615234,-0.32964566349983215,5.3981599575232675,-0.30348814689861536,0.0,0,two_ankles,accepted,5.375118255615234,-0.32964566349983215,0.03492253135959667
222,7.4,detected,2,5,0.8991606831550598,ankle_midpoint,1064.61181640625,613.2841796875,0.9873917698860168,0.9868438839912415,3.910590887069702,2.2008719444274902,3.968661028345,2.243004756919296,0.0,0,two_ankles,accepted,3.910590887069702,2.2008719444274902,0.08945231286982358
222,7.4,detected,3,1,0.9194039106369019,ankle_midpoint,821.4968872070312,860.6885375976562,0.9935693740844727,0.9955326318740845,2.2099430561065674,10.355703353881836,2.25962716292548,10.364683830059409,0.0,0,two_ankles,accepted,2.2099430561065674,10.355703353881836,0.06486262128861149
222,7.4,detected,4,12,0.9259016513824463,ankle_midpoint,1302.6815185546875,901.2962646484375,0.9902987480163574,0.9889918565750122,4.9554338455200195,11.158617973327637,4.961255627072986,11.16916735315185,0.0,0,two_ankles,accepted,4.9554338455200195,11.158617973327637,0.04768238188069853
223,7.433333333333334,detected,1,14,0.8026763796806335,ankle_midpoint,1203.169921875,563.0635986328125,0.9802881479263306,0.963774561882019,5.328532695770264,-0.5143455266952515,5.366827689734416,-0.39837396780710166,0.0,0,two_ankles,accepted,5.328532695770264,-0.5143455266952515,0.19048426142460156
223,7.433333333333334,detected,2,5,0.8898119926452637,ankle_midpoint,1060.256591796875,613.8475952148438,0.9876030087471008,0.9871203303337097,3.8719382286071777,2.229048490524292,3.9251357684629804,2.2367244370415444,0.0,0,two_ankles,accepted,3.8719382286071777,2.229048490524292,0.04783247595688263
223,7.433333333333334,detected,3,1,0.9176507592201233,ankle_midpoint,815.050048828125,859.8851318359375,0.9927952885627747,0.9949317574501038,2.170977830886841,10.338604927062988,2.2197349635080927,10.352948323711022,0.0,0,two_ankles,accepted,2.170977830886841,10.338604927062988,0.04255167418684609
223,7.433333333333334,detected,4,12,0.9249736070632935,ankle_midpoint,1300.984130859375,902.052734375,0.9847159385681152,0.9856525659561157,4.944153308868408,11.17411994934082,4.953559583880926,11.171396021436887,0.0,0,two_ankles,accepted,4.944153308868408,11.17411994934082,0.01917190046556851
224,7.466666666666667,detected,1,14,0.7835795879364014,ankle_midpoint,1190.9697265625,561.2105712890625,0.9833852052688599,0.9583193063735962,5.219583511352539,-0.6206820011138916,5.300567809462572,-0.49841258279515716,0.0,0,two_ankles,accepted,5.219583511352539,-0.6206820011138916,0.15224115927394102
224,7.466666666666667,detected,2,5,0.8804318904876709,ankle_midpoint,1049.055419921875,612.892822265625,0.9906452894210815,0.9908859729766846,3.776074171066284,2.1857051849365234,3.858058049634467,2.213765773594285,0.0,0,two_ankles,accepted,3.776074171066284,2.1857051849365234,0.1052072225062445
224,7.466666666666667,detected,3,1,0.9232480525970459,ankle_midpoint,803.2933349609375,859.5301513671875,0.9916797280311584,0.992562472820282,2.1011195182800293,10.33219051361084,2.1663580131554645,10.343607309165941,0.0,0,two_ankles,accepted,2.1011195182800293,10.33219051361084,0.07015218129328628
224,7.466666666666667,detected,4,12,0.9346218705177307,ankle_midpoint,1294.84814453125,900.1522216796875,0.9766045212745667,0.9721176028251648,4.913935661315918,11.136366844177246,4.935728818726673,11.155632891670049,0.0,0,two_ankles,accepted,4.913935661315918,11.136366844177246,0.04835703850628586
225,7.5,detected,1,14,0.7535243630409241,ankle_midpoint,1179.7579345703125,559.5748901367188,0.9830070734024048,0.9403489232063293,5.118436336517334,-0.7150960564613342,5.218608646637215,-0.5959201459449368,0.0,0,two_ankles,accepted,5.118436336517334,-0.7150960564613342,0.13836460827933386
225,7.5,detected,2,5,0.8846690654754639,ankle_midpoint,1039.3055419921875,614.1241455078125,0.9869434833526611,0.985284149646759,3.6899681091308594,2.24733567237854,3.782417576407844,2.2288722280471998,0.0,0,two_ankles,accepted,3.6899681091308594,2.24733567237854,0.10588942763263846
225,7.5,detected,3,1,0.9223253130912781,ankle_midpoint,790.509521484375,856.4949340820312,0.9898648858070374,0.990998387336731,2.0214757919311523,10.265724182128906,2.101161013604524,10.308559901999276,0.0,0,two_ankles,accepted,2.0214757919311523,10.265724182128906,0.10373474040745016
225,7.5,detected,4,12,0.9268271923065186,ankle_midpoint,1283.662353515625,897.5974731445312,0.98691326379776,0.986382246017456,4.856493949890137,11.08569622039795,4.9000731277502325,11.124161389597605,0.0,0,two_ankles,accepted,4.856493949890137,11.08569622039795,0.07659675140438904
226,7.533333333333333,detected,1,14,0.6862168908119202,ankle_midpoint,1171.3466796875,561.77197265625,0.9533833861351013,0.871616780757904,5.027989387512207,-0.581771194934845,5.132829980030962,-0.5895531179903954,0.0,0,two_ankles,accepted,5.027989387512207,-0.581771194934845,0.1611091843607731
226,7.533333333333333,detected,2,5,0.8609097599983215,ankle_midpoint,1035.081298828125,613.3688354492188,0.9833317995071411,0.9804302453994751,3.654188632965088,2.212000846862793,3.724714551858604,2.2212801065142167,0.0,0,two_ankles,accepted,3.654188632965088,2.212000846862793,0.050286387908909304
226,7.533333333333333,detected,3,1,0.921605110168457,ankle_midpoint,785.6934814453125,855.307861328125,0.9872597455978394,0.9886085987091064,1.991249680519104,10.2395658493042,2.0517009137160853,10.277512578286492,0.0,0,two_ankles,accepted,1.991249680519104,10.2395658493042,0.039973443525191873
226,7.533333333333333,detected,4,12,0.9261977076530457,ankle_midpoint,1277.1121826171875,896.5352783203125,0.9883663058280945,0.9879655241966248,4.82175874710083,11.064764976501465,4.864831656458001,11.097433003704342,0.0,0,two_ankles,accepted,4.82175874710083,11.064764976501465,0.04055430043618519
227,7.566666666666666,detected,1,14,0.715304970741272,ankle_midpoint,1157.7904052734375,563.226318359375,0.9691064953804016,0.9134634733200073,4.891866683959961,-0.49194854497909546,5.024396496799012,-0.5456310601353105,0.0,0,two_ankles,accepted,4.891866683959961,-0.49194854497909546,0.16308739640893707
227,7.566666666666666,detected,2,5,0.8461713790893555,ankle_midpoint,1026.9808349609375,614.952880859375,0.9843644499778748,0.9792214035987854,3.5823991298675537,2.2900185585021973,3.6606726119626316,2.2522124099088083,0.0,0,two_ankles,accepted,3.5823991298675537,2.2900185585021973,0.1060212058243072
227,7.566666666666666,detected,3,1,0.9211248159408569,ankle_midpoint,776.547607421875,858.4398193359375,0.9918593764305115,0.9922358393669128,1.9415674209594727,10.31124210357666,2.00214084197561,10.292690864667069,0.0,0,two_ankles,accepted,1.9415674209594727,10.31124210357666,0.08721130856420545
227,7.566666666666666,detected,4,12,0.928119421005249,ankle_midpoint,1262.698486328125,892.372314453125,0.9820377826690674,0.9761932492256165,4.748778343200684,10.980841636657715,4.812607665492209,11.044966888533361,0.0,0,two_ankles,accepted,4.748778343200684,10.980841636657715,0.11121720336331997
228,7.6,detected,1,14,0.7209417223930359,ankle_midpoint,1142.1630859375,567.620361328125,0.9562979340553284,0.9361633658409119,4.7266645431518555,-0.23098459839820862,4.9206837406682595,-0.5107037773237834,0.0,0,two_ankles,corrected_motion_outlier,4.793923705397338,-0.4680148761096946,0.30885907586252515
228,7.6,detected,2,5,0.8771645426750183,ankle_midpoint,1020.9060668945312,616.73974609375,0.9889995455741882,0.9855667352676392,3.52834153175354,2.3767356872558594,3.601123625868541,2.3082478847149814,0.0,0,two_ankles,accepted,3.52834153175354,2.3767356872558594,0.1021865173745315
228,7.6,detected,3,1,0.9257305264472961,ankle_midpoint,764.931396484375,862.2308349609375,0.9915806651115417,0.9905509948730469,1.8787593841552734,10.39729118347168,1.9466191859564588,10.339761008129145,0.0,0,two_ankles,accepted,1.8787593841552734,10.39729118347168,0.10653306359049804
228,7.6,detected,4,12,0.9248412847518921,ankle_midpoint,1246.4169921875,888.373046875,0.9923105239868164,0.9899098873138428,4.664050102233887,10.89970588684082,4.745756762025964,10.979599437771718,0.0,0,two_ankles,accepted,4.664050102233887,10.89970588684082,0.11731105964774718
229,7.633333333333334,detected,1,14,0.7439546585083008,ankle_midpoint,1132.6943359375,566.4474487304688,0.9845682382583618,0.9630468487739563,4.640390396118164,-0.2963712215423584,4.794551735620717,-0.41425412722214217,0.0,0,two_ankles,accepted,4.640390396118164,-0.2963712215423584,0.15928811379805488
229,7.633333333333334,detected,2,5,0.8864039778709412,ankle_midpoint,1016.5556640625,617.0628662109375,0.9902807474136353,0.986624002456665,3.4905917644500732,2.393120765686035,3.5513842882302304,2.3464406811519556,0.0,0,two_ankles,accepted,3.4905917644500732,2.393120765686035,0.041152347765697435
229,7.633333333333334,detected,3,1,0.9265695810317993,ankle_midpoint,758.48974609375,863.8310546875,0.9906173348426819,0.9901102185249329,1.8434001207351685,10.433557510375977,1.9001706066068782,10.38196943414022,0.0,0,two_ankles,accepted,1.8434001207351685,10.433557510375977,0.050651001734829504
229,7.633333333333334,detected,4,12,0.9205557107925415,ankle_midpoint,1237.98828125,887.9774780273438,0.990468442440033,0.9885565042495728,4.616642475128174,10.892473220825195,4.687655332921959,10.940392640145784,0.0,0,two_ankles,accepted,4.616642475128174,10.892473220825195,0.047956173382453074
230,7.666666666666667,detected,1,14,0.720596432685852,ankle_midpoint,1111.56005859375,566.04052734375,0.9940250515937805,0.9772646427154541,4.440051078796387,-0.31414860486984253,4.635026440049768,-0.3692066421636073,0.0,0,two_ankles,accepted,4.440051078796387,-0.31414860486984253,0.20112652093378464
230,7.666666666666667,detected,2,5,0.8889344930648804,ankle_midpoint,1006.4935302734375,619.0704956054688,0.9881095290184021,0.9901266098022461,3.402697801589966,2.4904863834381104,3.4844753692421113,2.4112612471807253,0.0,0,two_ankles,accepted,3.402697801589966,2.4904863834381104,0.13116940278699588
230,7.666666666666667,detected,3,1,0.9314771890640259,ankle_midpoint,748.7785034179688,863.995849609375,0.9912928938865662,0.9884666204452515,1.786655068397522,10.438441276550293,1.849088614412668,10.407381763224754,0.0,0,two_ankles,accepted,1.786655068397522,10.438441276550293,0.056954825404417105
230,7.666666666666667,detected,4,12,0.925459086894989,ankle_midpoint,1223.3963623046875,886.0570678710938,0.9939805269241333,0.9927413463592529,4.536713123321533,10.854026794433594,4.619731338601768,10.9015280095753,0.0,0,two_ankles,accepted,4.536713123321533,10.854026794433594,0.08869514633008145
231,7.7,detected,1,14,0.5891963839530945,ankle_midpoint,1117.6080322265625,562.6962890625,0.9765301942825317,0.9128185510635376,4.507693767547607,-0.5118786096572876,4.577726737423796,-0.4334090275357635,0.0,0,two_ankles,accepted,4.507693767547607,-0.5118786096572876,0.20898011420883464
231,7.7,detected,2,5,0.8874353766441345,ankle_midpoint,1004.32763671875,619.55078125,0.9753672480583191,0.9757338166236877,3.383838653564453,2.513612747192383,3.4391888471871654,2.4573194221859715,0.0,0,two_ankles,accepted,3.383838653564453,2.513612747192383,0.029841182361681422
231,7.7,detected,3,1,0.9308149814605713,ankle_midpoint,736.1810913085938,862.9268188476562,0.9913020133972168,0.9888944625854492,1.7108372449874878,10.416412353515625,1.7868754981713368,10.411445528855646,0.0,0,two_ankles,accepted,1.7108372449874878,10.416412353515625,0.07895325070383392
231,7.7,detected,4,12,0.9247021079063416,ankle_midpoint,1209.4466552734375,887.3695068359375,0.9910274147987366,0.9880019426345825,4.45452880859375,10.883257865905762,4.54539020009816,10.893306444924008,0.0,0,two_ankles,accepted,4.45452880859375,10.883257865905762,0.0872279606931534
232,7.733333333333333,detected,1,14,0.6915221810340881,ankle_midpoint,1092.001708984375,564.416259765625,0.982020914554596,0.9392821788787842,4.257458209991455,-0.4035271108150482,4.433605900079243,-0.4199621650114417,0.0,0,two_ankles,accepted,4.257458209991455,-0.4035271108150482,0.2726864161757938
232,7.733333333333333,detected,2,5,0.8823609352111816,ankle_midpoint,998.7896118164062,620.0530395507812,0.991242527961731,0.9916240572929382,3.3361213207244873,2.5385165214538574,3.3928084602789603,2.4938581168565204,0.0,0,two_ankles,accepted,3.3361213207244873,2.5385165214538574,0.0538251040484509
232,7.733333333333333,detected,3,1,0.9340740442276001,ankle_midpoint,733.528076171875,861.7208251953125,0.9925733804702759,0.9921916127204895,1.6930978298187256,10.39000415802002,1.7446755474126618,10.401796911979615,0.0,0,two_ankles,accepted,1.6930978298187256,10.39000415802002,0.03181319914538347
232,7.733333333333333,detected,4,12,0.9196861386299133,ankle_midpoint,1200.399658203125,889.2401123046875,0.9913758635520935,0.9897762537002563,4.399700164794922,10.923425674438477,4.479829684211703,10.90686009820552,0.0,0,two_ankles,accepted,4.399700164794922,10.923425674438477,0.06796788229112051
233,7.766666666666667,detected,1,14,0.5220626592636108,ankle_midpoint,1071.7391357421875,567.0184936523438,0.9882192611694336,0.9431928396224976,4.058245658874512,-0.2462710440158844,4.264693791537114,-0.3418011605634409,0.0,0,two_ankles,accepted,4.058245658874512,-0.2462710440158844,0.25380132203687167
233,7.766666666666667,detected,2,5,0.8719738125801086,ankle_midpoint,996.8096923828125,618.9649658203125,0.9739847183227539,0.9777508974075317,3.3196535110473633,2.487781047821045,3.359888733124742,2.4911234357905565,0.0,0,two_ankles,accepted,3.3196535110473633,2.487781047821045,0.05334113834844352
233,7.766666666666667,detected,3,1,0.938004732131958,ankle_midpoint,730.9363403320312,860.44091796875,0.9863370060920715,0.9842708706855774,1.6755313873291016,10.361859321594238,1.7135606753750598,10.383824996306195,0.0,0,two_ankles,accepted,1.6755313873291016,10.361859321594238,0.03317697573883508
233,7.766666666666667,detected,4,12,0.9279443621635437,ankle_midpoint,1187.533935546875,891.4783325195312,0.983956515789032,0.9755791425704956,4.322824001312256,10.97148609161377,4.409177126906952,10.935941795239234,0.0,0,two_ankles,accepted,4.322824001312256,10.97148609161377,0.09066282706201471
234,7.8,detected,1,14,0.378750741481781,ankle_midpoint,1048.2474365234375,579.0958251953125,0.9801162481307983,0.9472864270210266,3.816256284713745,0.4425549805164337,4.101985124953606,-0.2728799690753468,0.0,0,two_ankles,corrected_motion_outlier,3.9031189769070944,-0.18864295725656507,0.7300959863468072
234,7.8,detected,2,5,0.865899920463562,ankle_midpoint,994.6907958984375,618.2567749023438,0.9749245047569275,0.9781807065010071,3.301765203475952,2.454843521118164,3.3337331447827867,2.47479747418798,0.0,0,two_ankles,accepted,3.301765203475952,2.454843521118164,0.03748162500575975
234,7.8,detected,3,1,0.9308319091796875,ankle_midpoint,722.7638549804688,862.9619140625,0.9904764890670776,0.9877806901931763,1.6320489645004272,10.418910026550293,1.6768804054814752,10.39961325991604,0.0,0,two_ankles,accepted,1.6320489645004272,10.418910026550293,0.07173216873226698
234,7.8,detected,4,12,0.9308027029037476,ankle_midpoint,1177.727294921875,889.32080078125,0.9830030798912048,0.9749976992607117,4.2702155113220215,10.927878379821777,4.346644399893734,10.93231325830138,0.0,0,two_ankles,accepted,4.2702155113220215,10.927878379821777,0.06833217212108836
235,7.833333333333333,detected,2,5,0.8795308470726013,ankle_midpoint,993.34521484375,618.5886840820312,0.9777724146842957,0.9810560345649719,3.290071964263916,2.4708399772644043,3.3140856135492953,2.473016600572371,0.0,0,two_ankles,accepted,3.290071964263916,2.4708399772644043,0.01981460200227313
235,7.833333333333333,detected,3,1,0.9293245077133179,ankle_midpoint,718.5550537109375,864.0657348632812,0.9944063425064087,0.9936556816101074,1.6094000339508057,10.443853378295898,1.6465142382926738,10.419521313186976,0.0,0,two_ankles,accepted,1.6094000339508057,10.443853378295898,0.03369191077019202
235,7.833333333333333,detected,4,12,0.9379410743713379,ankle_midpoint,1171.83349609375,889.1156616210938,0.981914758682251,0.9781370759010315,4.236888885498047,10.92432689666748,4.297254418415674,10.928719395566127,0.0,0,two_ankles,accepted,4.236888885498047,10.92432689666748,0.03351532517232178
235,7.833333333333333,predicted,1,,,motion_prediction,,,,,,,3.747992294939677,-0.13101487049724575,,1,,motion_prediction,3.747992294939677,-0.13101487049724575,
236,7.866666666666666,detected,2,5,0.8854178190231323,ankle_midpoint,987.4112548828125,617.1560668945312,0.9856873154640198,0.9863370060920715,3.23954701423645,2.4044172763824463,3.2805432438585154,2.442146904686905,0.0,0,two_ankles,accepted,3.23954701423645,2.4044172763824463,0.08345505237990078
236,7.866666666666666,detected,3,1,0.9242371916770935,ankle_midpoint,716.7767333984375,863.10546875,0.9927467703819275,0.9933738708496094,1.5971400737762451,10.422855377197266,1.6242958642602812,10.421021641991608,0.0,0,two_ankles,accepted,1.5971400737762451,10.422855377197266,0.024315070915380762
236,7.866666666666666,detected,4,12,0.9267640113830566,ankle_midpoint,1161.965576171875,888.4885864257812,0.991935133934021,0.9901494979858398,4.181445598602295,10.912463188171387,4.245140449499654,10.921404102238494,0.0,0,two_ankles,accepted,4.181445598602295,10.912463188171387,0.05669837423670054
236,7.866666666666666,predicted,1,,,motion_prediction,,,,,,,3.59286561297226,-0.0733867837379264,,2,,motion_prediction,3.59286561297226,-0.0733867837379264,
237,7.9,detected,2,5,0.876873254776001,ankle_midpoint,984.5506591796875,614.731689453125,0.9848087430000305,0.985403299331665,3.215538740158081,2.289499521255493,3.2512912171933204,2.37345558214277,0.0,0,two_ankles,accepted,3.215538740158081,2.289499521255493,0.11739884014606129
237,7.9,detected,3,1,0.9239878058433533,ankle_midpoint,711.854736328125,862.557861328125,0.985268235206604,0.9865490794181824,1.5671606063842773,10.411359786987305,1.5985849982160796,10.416673807239672,0.0,0,two_ankles,accepted,1.5671606063842773,10.411359786987305,0.03210789714978869
237,7.9,detected,4,12,0.9214771389961243,ankle_midpoint,1161.25,888.9816284179688,0.9599955081939697,0.9373906850814819,4.176685810089111,10.922828674316406,4.21433586176491,10.922045159673555,0.0,0,two_ankles,accepted,4.176685810089111,10.922828674316406,0.011406090027385648
237,7.9,predicted,1,,,motion_prediction,,,,,,,3.4377389310048425,-0.015758696978607073,,3,,motion_prediction,3.4377389310048425,-0.015758696978607073,
238,7.933333333333334,detected,2,5,0.8887138962745667,ankle_midpoint,982.8970336914062,613.3511962890625,0.983659029006958,0.9846307635307312,3.2015552520751953,2.2235991954803467,3.2289100328901643,2.3060202081446795,0.0,0,two_ankles,accepted,3.2015552520751953,2.2235991954803467,0.06736758030562359
238,7.933333333333334,detected,3,1,0.9242920875549316,ankle_midpoint,709.7244873046875,860.7744140625,0.9882545471191406,0.988012433052063,1.551135778427124,10.372020721435547,1.5772328493110497,10.396579918627816,0.0,0,two_ankles,accepted,1.551135778427124,10.372020721435547,0.04247772580473042
238,7.933333333333334,detected,4,12,0.9274211525917053,ankle_midpoint,1161.604736328125,886.617431640625,0.9868230819702148,0.981130063533783,4.181954860687256,10.873382568359375,4.199764411279967,10.900146993582176,0.0,0,two_ankles,accepted,4.181954860687256,10.873382568359375,0.049726052412390115
238,7.933333333333334,predicted,1,,,motion_prediction,,,,,,,3.2826122490374248,0.04186938978071225,,4,,motion_prediction,3.2826122490374248,0.04186938978071225,
239,7.966666666666667,detected,2,5,0.8416894674301147,ankle_midpoint,980.231201171875,608.5111694335938,0.9801880121231079,0.9823428988456726,3.1793556213378906,1.9890587329864502,3.2066105476916413,2.1633875443234762,0.0,0,two_ankles,accepted,3.1793556213378906,1.9890587329864502,0.23558873519700288
239,7.966666666666667,detected,3,1,0.9266166687011719,ankle_midpoint,699.931884765625,858.69091796875,0.9907891154289246,0.9914141297340393,1.489171028137207,10.326780319213867,1.5376050297828208,10.36517009889154,0.0,0,two_ankles,accepted,1.489171028137207,10.326780319213867,0.07672238442378553
239,7.966666666666667,detected,4,12,0.9288950562477112,ankle_midpoint,1153.494873046875,884.5267333984375,0.9847018122673035,0.9728848338127136,4.138304710388184,10.830451965332031,4.1721075458786645,10.868784230869611,0.0,0,two_ankles,accepted,4.138304710388184,10.830451965332031,0.06122395199121807
239,7.966666666666667,predicted,1,,,motion_prediction,,,,,,,3.1274855670700075,0.0994974765400316,,5,,motion_prediction,3.1274855670700075,0.0994974765400316,
240,8.0,detected,2,5,0.8113921880722046,ankle_midpoint,973.66748046875,609.9834594726562,0.9907764792442322,0.9898632764816284,3.121797561645508,2.0626375675201416,3.1684447039708816,2.1180500547619756,0.0,0,two_ankles,accepted,3.121797561645508,2.0626375675201416,0.09341721001447346
240,8.0,detected,3,1,0.9243795871734619,ankle_midpoint,693.737060546875,857.0640869140625,0.985754132270813,0.9861654043197632,1.4491511583328247,10.291099548339844,1.4978007876303225,10.331838351143276,0.0,0,two_ankles,accepted,1.4491511583328247,10.291099548339844,0.053616297795766085
240,8.0,detected,4,12,0.9232582449913025,ankle_midpoint,1146.920166015625,879.17333984375,0.9893933534622192,0.9813449382781982,4.10746955871582,10.717737197875977,4.143020451655385,10.800813066022476,0.0,0,two_ankles,accepted,4.10746955871582,10.717737197875977,0.11685643063747127
240,8.0,predicted,1,,,motion_prediction,,,,,,,2.97235888510259,0.1571255632993509,,6,,motion_prediction,2.97235888510259,0.1571255632993509,
241,8.033333333333333,detected,2,5,0.8489423394203186,ankle_midpoint,969.6397705078125,608.8922119140625,0.9927026033401489,0.9893441200256348,3.086667776107788,2.0102920532226562,3.13164508643249,2.069558954069282,0.0,0,two_ankles,accepted,3.086667776107788,2.0102920532226562,0.06304089703513446
241,8.033333333333333,detected,3,1,0.9220485687255859,ankle_midpoint,688.5750732421875,853.2711181640625,0.9867476224899292,0.9872332811355591,1.4104046821594238,10.206117630004883,1.4584725401684182,10.275264026631,0.0,0,two_ankles,accepted,1.4104046821594238,10.206117630004883,0.09339815768924938
241,8.033333333333333,detected,4,12,0.9214681386947632,ankle_midpoint,1140.5693359375,877.847900390625,0.9905569553375244,0.9874676465988159,4.072444438934326,10.690185546875,4.111261245930908,10.751030682406114,0.0,0,two_ankles,accepted,4.072444438934326,10.690185546875,0.04456290484907402
241,8.033333333333333,predicted,1,,,motion_prediction,,,,,,,2.817232203135173,0.21475365005867025,,7,,motion_prediction,2.817232203135173,0.21475365005867025,
242,8.066666666666666,detected,1,16,0.588535726070404,ankle_midpoint,884.8885498046875,568.2843627929688,0.9343322515487671,0.896465539932251,2.2844247817993164,-0.12149537354707718,3.284082970534176,-0.20475690108762548,0.5456939792222614,0,two_ankles,accepted,2.2844247817993164,-0.12149537354707718,0.19757822241819886
242,8.066666666666666,detected,2,5,0.8773525357246399,ankle_midpoint,963.640625,608.9981689453125,0.9856511950492859,0.9782280921936035,3.0342233180999756,2.0169284343719482,3.0878052906828586,2.045875220205482,0.0,0,two_ankles,accepted,3.0342233180999756,2.0169284343719482,0.05286267804880762
242,8.066666666666666,detected,3,1,0.9252773523330688,ankle_midpoint,679.984375,847.0147705078125,0.9929505586624146,0.9934784173965454,1.3451987504959106,10.064115524291992,1.4074993348157898,10.180247200578446,0.0,0,two_ankles,accepted,1.3451987504959106,10.064115524291992,0.15625751678239902
242,8.066666666666666,detected,4,12,0.9274826049804688,ankle_midpoint,1130.8580322265625,875.5948486328125,0.987697184085846,0.9796022176742554,4.0189313888549805,10.6430082321167,4.069712810246741,10.702420579775879,0.0,0,two_ankles,accepted,4.0189313888549805,10.6430082321167,0.0713396492604102
243,8.1,detected,1,16,0.57792067527771,ankle_midpoint,883.9144287109375,566.699462890625,0.9486181735992432,0.9438747763633728,2.2725579738616943,-0.21257996559143066,2.8288967220315593,-0.20827728011433783,0.0,0,two_ankles,accepted,2.2725579738616943,-0.21257996559143066,0.09185436319802512
243,8.1,detected,2,5,0.8836085796356201,ankle_midpoint,953.0960693359375,604.823974609375,0.9895979166030884,0.9877697825431824,2.940953254699707,1.813604712486267,3.0217218744904404,1.9413534917318351,0.0,0,two_ankles,accepted,2.940953254699707,1.813604712486267,0.2236958663188391
243,8.1,detected,3,1,0.9242823123931885,ankle_midpoint,671.6235961914062,848.6220703125,0.9909273386001587,0.9909588098526001,1.2988115549087524,10.102212905883789,1.3585898338576232,10.14513176796585,0.0,0,two_ankles,accepted,1.2988115549087524,10.102212905883789,0.06002651412994305
243,8.1,detected,4,12,0.9218437075614929,ankle_midpoint,1118.950927734375,874.5491333007812,0.9915502071380615,0.9875050783157349,3.9510061740875244,10.621952056884766,4.016294823975094,10.666209744474878,0.0,0,two_ankles,accepted,3.9510061740875244,10.621952056884766,0.07111397413028556
244,8.133333333333333,detected,1,16,0.6048339009284973,ankle_midpoint,887.1800537109375,568.4021606445312,0.9785652756690979,0.954007625579834,2.3063089847564697,-0.11536149680614471,2.5937322402577694,-0.16646517762565094,0.0,0,two_ankles,accepted,2.3063089847564697,-0.11536149680614471,0.10291045335326662
244,8.133333333333333,detected,2,5,0.8775701522827148,ankle_midpoint,958.072265625,605.94140625,0.9871052503585815,0.9830085635185242,2.984999895095825,1.8678258657455444,3.005196983762864,1.9082660600380046,0.0,0,two_ankles,accepted,2.984999895095825,1.8678258657455444,0.06985728302010458
244,8.133333333333333,detected,3,1,0.92326819896698,ankle_midpoint,669.19873046875,847.1331787109375,0.9946565628051758,0.995170533657074,1.280799150466919,10.068273544311523,1.3235840263318064,10.110545567321402,0.0,0,two_ankles,accepted,1.280799150466919,10.068273544311523,0.038423000633854246
244,8.133333333333333,detected,4,12,0.9244653582572937,ankle_midpoint,1113.1165771484375,876.6389770507812,0.9905592203140259,0.9868863224983215,3.914902925491333,10.66769027709961,3.9706684696574017,10.666875984156007,0.0,0,two_ankles,accepted,3.914902925491333,10.66769027709961,0.05827031274688629
245,8.166666666666666,detected,1,16,0.8244385123252869,ankle_midpoint,871.2767333984375,572.7193603515625,0.9934514760971069,0.966738224029541,2.1639556884765625,0.13468794524669647,2.4003327919562265,-0.030946272333094618,0.0,0,two_ankles,accepted,2.1639556884765625,0.13468794524669647,0.28773109743768094
245,8.166666666666666,detected,2,5,0.8826396465301514,ankle_midpoint,952.787841796875,605.0533447265625,0.9897184371948242,0.9847837686538696,2.9382998943328857,1.8250784873962402,2.975093293519374,1.8708316523492106,0.0,0,two_ankles,accepted,2.9382998943328857,1.8250784873962402,0.0633105712104788
245,8.166666666666666,detected,3,1,0.9256628155708313,ankle_midpoint,662.4967651367188,846.6824951171875,0.9945902824401855,0.9954908490180969,1.2395317554473877,10.058765411376953,1.285760504433818,10.0872444971464,0.0,0,two_ankles,accepted,1.2395317554473877,10.058765411376953,0.04234858301761103
245,8.166666666666666,detected,4,12,0.9227035641670227,ankle_midpoint,1102.0113525390625,872.6182861328125,0.9941352605819702,0.9928243160247803,3.854509115219116,10.582293510437012,3.9183967601601735,10.628813870982459,0.0,0,two_ankles,accepted,3.854509115219116,10.582293510437012,0.10459455088876604
246,8.2,detected,1,16,0.7919164896011353,ankle_midpoint,864.581298828125,574.7366943359375,0.9679496884346008,0.9544652700424194,2.105180025100708,0.24980413913726807,2.267514046871243,0.0953914128285686,0.0,0,two_ankles,accepted,2.105180025100708,0.24980413913726807,0.12925291757296403
246,8.2,detected,2,5,0.8901395797729492,ankle_midpoint,948.6292724609375,602.278564453125,0.9849847555160522,0.9823403358459473,2.9007256031036377,1.687536597251892,2.9416278328322925,1.7883488775554173,0.0,0,two_ankles,accepted,2.9007256031036377,1.687536597251892,0.14258190244859367
246,8.2,detected,3,1,0.9204210638999939,ankle_midpoint,658.6926879882812,848.1524658203125,0.9936037659645081,0.9946771860122681,1.2202953100204468,10.09312915802002,1.256301166947801,10.089892594539531,0.0,0,two_ankles,accepted,1.2202953100204468,10.09312915802002,0.03938156822693243
246,8.2,detected,4,12,0.9296714663505554,ankle_midpoint,1098.047607421875,867.4871826171875,0.9908565282821655,0.9871155023574829,3.8363654613494873,10.470747947692871,3.8814826756953646,10.557684205502145,0.0,0,two_ankles,accepted,3.8363654613494873,10.470747947692871,0.11301152482666497
247,8.233333333333333,detected,1,16,0.848960816860199,ankle_midpoint,859.1073608398438,575.3970947265625,0.9881028532981873,0.9842384457588196,2.0554306507110596,0.28816497325897217,2.1720765185991606,0.18213951502225023,0.0,0,two_ankles,accepted,2.0554306507110596,0.28816497325897217,0.06282160334370897
247,8.233333333333333,detected,2,5,0.8866004347801208,ankle_midpoint,945.9740600585938,603.3893432617188,0.9855707883834839,0.9842920303344727,2.8776516914367676,1.7438347339630127,2.9128385692043066,1.7683175129388353,0.0,0,two_ankles,accepted,2.8776516914367676,1.7438347339630127,0.060843122838613
247,8.233333333333333,detected,3,1,0.919019341468811,ankle_midpoint,656.56298828125,848.8316040039062,0.9935870170593262,0.9947433471679688,1.2092068195343018,10.109009742736816,1.2351087106117264,10.09849531122831,0.0,0,two_ankles,accepted,1.2092068195343018,10.109009742736816,0.019368727170588445
247,8.233333333333333,detected,4,12,0.9277113080024719,ankle_midpoint,1095.3123779296875,865.720947265625,0.9921292066574097,0.9892577528953552,3.8220133781433105,10.432188034057617,3.8547214917969406,10.501210928352108,0.0,0,two_ankles,accepted,3.8220133781433105,10.432188034057617,0.041144249074630844
248,8.266666666666667,detected,1,16,0.8889287114143372,ankle_midpoint,851.2994995117188,574.50634765625,0.9922339916229248,0.988389253616333,1.9806119203567505,0.24050204455852509,2.0859174493900765,0.20840265331357394,0.0,0,two_ankles,accepted,1.9806119203567505,0.24050204455852509,0.08871075010467848
248,8.266666666666667,detected,2,5,0.8900460004806519,ankle_midpoint,942.5464477539062,604.3273315429688,0.9860040545463562,0.9860833287239075,2.8477914333343506,1.791476845741272,2.8835673580628267,1.778739212699932,0.0,0,two_ankles,accepted,2.8477914333343506,1.791476845741272,0.056226380184350395
248,8.266666666666667,detected,3,1,0.9179122447967529,ankle_midpoint,654.387451171875,848.974365234375,0.9954419136047363,0.9959316849708557,1.196545124053955,10.112571716308594,1.2177550966607296,10.10482969351444,0.0,0,two_ankles,accepted,1.196545124053955,10.112571716308594,0.013153181674525437
248,8.266666666666667,detected,4,12,0.9253922700881958,ankle_midpoint,1088.4119873046875,857.103515625,0.9929191470146179,0.9889105558395386,3.78932523727417,10.240697860717773,3.825293177261694,10.383980047916658,0.0,0,two_ankles,accepted,3.78932523727417,10.240697860717773,0.19426013754551957
249,8.3,detected,1,16,0.8539343476295471,ankle_midpoint,840.598876953125,571.372314453125,0.9907222986221313,0.9815649390220642,1.8729199171066284,0.06687898188829422,1.9900685598625252,0.14471700117219807,0.0,0,two_ankles,accepted,1.8729199171066284,0.06687898188829422,0.2043099005310688
249,8.3,detected,2,5,0.8842299580574036,ankle_midpoint,940.591552734375,606.4462890625,0.9876107573509216,0.9873462319374084,2.8315646648406982,1.89705491065979,2.860166146112869,1.8319812767818682,0.0,0,two_ankles,accepted,2.8315646648406982,1.89705491065979,0.106817769157034
249,8.3,detected,3,1,0.9164055585861206,ankle_midpoint,653.200439453125,848.962158203125,0.9933462142944336,0.9949465394020081,1.1894162893295288,10.112448692321777,1.2050026333616892,10.108258242977742,0.0,0,two_ankles,accepted,1.1894162893295288,10.112448692321777,0.007129896172422006
249,8.3,detected,4,12,0.9270964860916138,ankle_midpoint,1080.2344970703125,855.0106811523438,0.9928852915763855,0.9891960620880127,3.742560625076294,10.19439697265625,3.7880635287782645,10.298667664049475,0.0,0,two_ankles,accepted,3.742560625076294,10.19439697265625,0.06580806325446338
250,8.333333333333334,detected,1,16,0.835430920124054,ankle_midpoint,833.51806640625,569.796142578125,0.9885008335113525,0.9780962467193604,1.8022119998931885,-0.02081185020506382,1.9055331078763238,0.07022901805243023,0.0,0,two_ankles,accepted,1.8022119998931885,-0.02081185020506382,0.1126467557894509
250,8.333333333333334,detected,2,5,0.870242714881897,ankle_midpoint,941.296142578125,607.2525634765625,0.9883149862289429,0.9874722361564636,2.838124990463257,1.9366503953933716,2.8502476260705434,1.8790823801570449,0.0,0,two_ankles,accepted,2.838124990463257,1.9366503953933716,0.040135274803609955
250,8.333333333333334,detected,3,1,0.9157953262329102,ankle_midpoint,652.2672119140625,849.4158325195312,0.9943736791610718,0.9944185018539429,1.184958577156067,10.12297248840332,1.1959828080691592,10.114879653419253,0.0,0,two_ankles,accepted,1.184958577156067,10.12297248840332,0.011428975535336913
250,8.333333333333334,detected,4,12,0.9269669651985168,ankle_midpoint,1073.8173828125,856.778564453125,0.9928515553474426,0.9897996187210083,3.702918291091919,10.235260963439941,3.7497481718194092,10.270134648775185,0.0,0,two_ankles,accepted,3.702918291091919,10.235260963439941,0.05693312205121329
251,8.366666666666667,detected,1,16,0.7451471090316772,ankle_midpoint,821.8770751953125,566.7932739257812,0.9924840331077576,0.9722818732261658,1.68378746509552,-0.18995340168476105,1.8057475686249624,-0.04685307082930585,0.0,0,two_ankles,accepted,1.68378746509552,-0.18995340168476105,0.20647817046604044
251,8.366666666666667,detected,2,5,0.8638079166412354,ankle_midpoint,941.1674194335938,607.0501708984375,0.9909957051277161,0.9897887110710144,2.836902379989624,1.926710844039917,2.84424226533413,1.9005151889043375,0.0,0,two_ankles,accepted,2.836902379989624,1.926710844039917,0.010014462415836289
251,8.366666666666667,detected,3,1,0.9129906296730042,ankle_midpoint,651.2681884765625,850.2867431640625,0.9927783608436584,0.9948559999465942,1.1811472177505493,10.143035888671875,1.1893067924257847,10.127549959282934,0.0,0,two_ankles,accepted,1.1811472177505493,10.143035888671875,0.02042220582734068
251,8.366666666666667,detected,4,12,0.9279944896697998,ankle_midpoint,1061.11669921875,863.9534912109375,0.9930754899978638,0.9908677339553833,3.6224217414855957,10.397465705871582,3.6924512781691936,10.327433624468565,0.0,0,two_ankles,accepted,3.6224217414855957,10.397465705871582,0.1810802942504737
252,8.4,detected,1,16,0.8373475670814514,ankle_midpoint,809.6098022460938,559.2039794921875,0.9792976379394531,0.9667882323265076,1.5432205200195312,-0.631732165813446,1.709027113005472,-0.1536402147151139,0.0,0,two_ankles,corrected_motion_outlier,1.5908132228038723,-0.2841578350199904,0.4636027852408399
252,8.4,detected,2,5,0.8663565516471863,ankle_midpoint,941.128173828125,606.0670166015625,0.9915978908538818,0.9909490942955017,2.8361001014709473,1.8781752586364746,2.840578291595698,1.890462220283799,0.0,0,two_ankles,accepted,2.8361001014709473,1.8781752586364746,0.04854221566097266
252,8.4,detected,3,1,0.9071415066719055,ankle_midpoint,646.1695556640625,852.8964233398438,0.9895817041397095,0.9946699738502502,1.1572542190551758,10.203157424926758,1.174883134409011,10.161573318822654,0.0,0,two_ankles,accepted,1.1572542190551758,10.203157424926758,0.06469524332054336
252,8.4,detected,4,12,0.9282340407371521,ankle_midpoint,1056.667724609375,867.2819213867188,0.9940168857574463,0.9923050999641418,3.594038724899292,10.471511840820312,3.648165629197738,10.392268821826853,0.0,0,two_ankles,accepted,3.594038724899292,10.471511840820312,0.07929959477439967
253,8.433333333333334,detected,1,16,0.7967205047607422,ankle_midpoint,803.7113037109375,560.2511596679688,0.9840180277824402,0.9767014980316162,1.489871859550476,-0.5677890777587891,1.610407248950724,-0.34000720308476773,0.0,0,two_ankles,accepted,1.489871859550476,-0.5677890777587891,0.2123458618552637
253,8.433333333333334,detected,2,5,0.8694047927856445,ankle_midpoint,941.3760986328125,605.285400390625,0.9918234944343567,0.9911288022994995,2.837916851043701,1.8393899202346802,2.8393806433472997,1.8674796852616957,0.0,0,two_ankles,accepted,2.837916851043701,1.8393899202346802,0.03882786440112064
253,8.433333333333334,detected,3,1,0.9025233387947083,ankle_midpoint,642.3468017578125,854.01416015625,0.9897017478942871,0.9951090216636658,1.1373337507247925,10.228997230529785,1.1579859117511129,10.191914079090864,0.0,0,two_ankles,accepted,1.1373337507247925,10.228997230529785,0.03262699207870758
253,8.433333333333334,detected,4,12,0.9283013343811035,ankle_midpoint,1057.2471923828125,868.4386596679688,0.9936002492904663,0.9915550351142883,3.5966691970825195,10.496827125549316,3.62499223474589,10.439320058501963,0.0,0,two_ankles,accepted,3.5966691970825195,10.496827125549316,0.025451581970818087
254,8.466666666666667,detected,1,16,0.8127137422561646,ankle_midpoint,789.1087646484375,558.4840087890625,0.9832618236541748,0.9806466102600098,1.3430014848709106,-0.6688574552536011,1.490074655114808,-0.48798981656074275,0.0,0,two_ankles,accepted,1.3430014848709106,-0.6688574552536011,0.17828551227721717
254,8.466666666666667,detected,2,5,0.8616191148757935,ankle_midpoint,941.5260620117188,603.5122680664062,0.988608717918396,0.9876158833503723,2.83841609954834,1.7510713338851929,2.8389465986377678,1.8150959271422695,0.0,0,two_ankles,accepted,2.83841609954834,1.7510713338851929,0.08831999741757939
254,8.466666666666667,detected,3,1,0.9172585010528564,ankle_midpoint,637.319580078125,858.4187622070312,0.9883308410644531,0.9960177540779114,1.118682861328125,10.328786849975586,1.1402995390607684,10.253506825988989,0.0,0,two_ankles,accepted,1.118682861328125,10.328786849975586,0.1015176035199042
254,8.466666666666667,detected,4,12,0.924026370048523,ankle_midpoint,1054.6435546875,868.8468017578125,0.9897047877311707,0.985430121421814,3.5811731815338135,10.506098747253418,3.6052736608004556,10.469370468440118,0.0,0,two_ankles,accepted,3.5811731815338135,10.506098747253418,0.01805794747222693
255,8.5,detected,1,16,0.7991974353790283,ankle_midpoint,773.51318359375,560.2191162109375,0.9707412123680115,0.9765034317970276,1.1993814706802368,-0.5611302256584167,1.3592627221192513,-0.5209030006546961,0.0,0,two_ankles,accepted,1.1993814706802368,-0.5611302256584167,0.17953234937576823
255,8.5,detected,2,5,0.8551692962646484,ankle_midpoint,941.3348388671875,602.5709228515625,0.9866080284118652,0.9859143495559692,2.8362860679626465,1.7040042877197266,2.837749359833963,1.7651046894021252,0.0,0,two_ankles,accepted,2.8362860679626465,1.7040042877197266,0.047115219083627195
255,8.5,detected,3,1,0.9085763096809387,ankle_midpoint,634.43603515625,863.808349609375,0.9875124096870422,0.9969758987426758,1.115317463874817,10.448935508728027,1.1290576052270902,10.341449733221557,0.0,0,two_ankles,accepted,1.115317463874817,10.448935508728027,0.12019578237205059
255,8.5,detected,4,12,0.9212217926979065,ankle_midpoint,1057.2236328125,869.609375,0.9869965314865112,0.9786738753318787,3.595759391784668,10.522449493408203,3.6009922397433516,10.493256029675758,0.0,0,two_ankles,accepted,3.595759391784668,10.522449493408203,0.0219112854324057
256,8.533333333333333,detected,1,16,0.80318284034729,ankle_midpoint,765.750732421875,558.3688354492188,0.9754418730735779,0.9786085486412048,1.1171283721923828,-0.6690782904624939,1.2503022646521607,-0.5875818810682052,0.0,0,two_ankles,accepted,1.1171283721923828,-0.6690782904624939,0.13571424724691897
256,8.533333333333333,detected,2,5,0.8458065390586853,ankle_midpoint,941.5355224609375,602.673828125,0.9859601259231567,0.9849958419799805,2.8381097316741943,1.709113597869873,2.8379115271620674,1.7399086982126117,0.0,0,two_ankles,accepted,2.8381097316741943,1.709113597869873,0.005425016086907612
256,8.533333333333333,detected,3,1,0.8977712988853455,ankle_midpoint,634.2232666015625,864.684326171875,0.9851074814796448,0.9958239793777466,1.1162742376327515,10.468274116516113,1.1233050898096377,10.398520705704108,0.0,0,two_ankles,accepted,1.1162742376327515,10.468274116516113,0.019362261417646708
256,8.533333333333333,detected,4,12,0.9222319722175598,ankle_midpoint,1054.604736328125,867.5928955078125,0.9873478412628174,0.9809118509292603,3.5817501544952393,10.478608131408691,3.592333301381701,10.486664475455578,0.0,0,two_ankles,accepted,3.5817501544952393,10.478608131408691,0.04602525123672602
257,8.566666666666666,detected,1,16,0.8513190746307373,ankle_midpoint,750.6683349609375,564.1474609375,0.9847341775894165,0.984961986541748,0.9969717860221863,-0.32367560267448425,1.1412805698210784,-0.6526925611751808,0.0,0,two_ankles,corrected_motion_outlier,1.0080318316942,-0.7322722813059288,0.3657056493018082
257,8.566666666666666,detected,2,5,0.8509070873260498,ankle_midpoint,941.846435546875,602.6046752929688,0.9840900301933289,0.984563946723938,2.8408281803131104,1.7055704593658447,2.839224021080037,1.7244564907315667,0.0,0,two_ankles,accepted,2.8408281803131104,1.7055704593658447,0.004465847451621291
257,8.566666666666666,detected,3,1,0.90257328748703,ankle_midpoint,630.607177734375,867.60400390625,0.9888240694999695,0.9976940751075745,1.102479100227356,10.53278636932373,1.1139333944976109,10.458940254332939,0.0,0,two_ankles,accepted,1.102479100227356,10.53278636932373,0.0659707251616022
257,8.566666666666666,detected,4,12,0.9347500801086426,ankle_midpoint,1052.5928955078125,863.6456298828125,0.9921242594718933,0.9900748133659363,3.572453737258911,10.391732215881348,3.583387497526446,10.443944958647176,0.0,0,two_ankles,accepted,3.572453737258911,10.391732215881348,0.08737189520747542
258,8.6,detected,1,16,0.7855506539344788,ankle_midpoint,741.9766845703125,565.601806640625,0.9848061203956604,0.9845070838928223,0.9206652045249939,-0.23670169711112976,1.0420036554378405,-0.46549667234635783,0.0,0,two_ankles,accepted,0.9206652045249939,-0.23670169711112976,0.23745909896655648
258,8.6,detected,2,5,0.8622898459434509,ankle_midpoint,941.997314453125,601.2944946289062,0.9838688969612122,0.9855148792266846,2.8415613174438477,1.639681100845337,2.8402758044437517,1.6863075652827635,0.0,0,two_ankles,accepted,2.8415613174438477,1.639681100845337,0.06589343712613936
258,8.6,detected,3,1,0.9110367894172668,ankle_midpoint,627.8260498046875,868.1240234375,0.9657109975814819,0.9928210377693176,1.087566614151001,10.5444974899292,1.1020683433416365,10.497441010351256,0.0,0,two_ankles,accepted,1.087566614151001,10.5444974899292,0.01896134454128493
258,8.6,detected,4,12,0.925665020942688,ankle_midpoint,1049.0543212890625,865.177978515625,0.9886283874511719,0.9888954162597656,3.550693988800049,10.426115036010742,3.5686754185995673,10.435921493460782,0.0,0,two_ankles,accepted,3.550693988800049,10.426115036010742,0.04068986327137581
259,8.633333333333333,detected,1,16,0.7954456210136414,ankle_midpoint,736.81298828125,564.1322021484375,0.9829657673835754,0.9816269278526306,0.8648375272750854,-0.3206935524940491,0.9622788977646008,-0.4003352684128189,0.0,0,two_ankles,accepted,0.8648375272750854,-0.3206935524940491,0.10085316711826742
259,8.633333333333333,detected,2,5,0.8706782460212708,ankle_midpoint,941.6312255859375,601.86767578125,0.9832847714424133,0.9861714243888855,2.8385813236236572,1.6686217784881592,2.839513288074709,1.6783489612251916,0.0,0,two_ankles,accepted,2.8385813236236572,1.6686217784881592,0.029093696664296988
259,8.633333333333333,detected,3,1,0.9085860848426819,ankle_midpoint,628.3343505859375,868.8333740234375,0.9780104756355286,0.9933826923370361,1.0923289060592651,10.559901237487793,1.0976855965645695,10.5255481125627,0.0,0,two_ankles,accepted,1.0923289060592651,10.559901237487793,0.016123115799013578
259,8.633333333333333,detected,4,12,0.9245462417602539,ankle_midpoint,1049.66455078125,864.6644287109375,0.9879216551780701,0.9884648323059082,3.5545923709869385,10.414681434631348,3.562338047173885,10.426363466987537,0.0,0,two_ankles,accepted,3.5545923709869385,10.414681434631348,0.012079926497208128
260,8.666666666666666,detected,1,16,0.7636049389839172,ankle_midpoint,730.0445556640625,568.43017578125,0.9666256904602051,0.9679940342903137,0.8205583691596985,-0.07045023143291473,0.8985046598923948,-0.2518870017718621,0.0,0,two_ankles,accepted,0.8205583691596985,-0.07045023143291473,0.25413060338950405
260,8.666666666666666,detected,2,5,0.8725401759147644,ankle_midpoint,940.9588012695312,602.104736328125,0.9802362322807312,0.9831773638725281,2.8327372074127197,1.6807011365890503,2.8364640517768143,1.6794074401389283,0.0,0,two_ankles,accepted,2.8327372074127197,1.6807011365890503,0.013418814642750911
260,8.666666666666666,detected,3,1,0.9169535040855408,ankle_midpoint,628.000244140625,866.4195556640625,0.9720410108566284,0.9942488670349121,1.0842467546463013,10.507192611694336,1.0916381177013488,10.517288137171937,0.0,0,two_ankles,accepted,1.0842467546463013,10.507192611694336,0.05332466975515889
260,8.666666666666666,detected,4,12,0.9200352430343628,ankle_midpoint,1046.325927734375,860.8710327148438,0.9845208525657654,0.9826840758323669,3.5371921062469482,10.330764770507812,3.5510223737567634,10.383344053571662,0.0,0,two_ankles,accepted,3.5371921062469482,10.330764770507812,0.0857016670237164
261,8.7,detected,1,16,0.7623004913330078,ankle_midpoint,727.126953125,565.8651733398438,0.9680045247077942,0.9672282338142395,0.7808248996734619,-0.21732158958911896,0.8455487677938751,-0.23633256628962768,0.0,0,two_ankles,accepted,0.7808248996734619,-0.21732158958911896,0.15215105797877881
261,8.7,detected,2,5,0.8724724650382996,ankle_midpoint,940.7227783203125,601.6558837890625,0.9788787364959717,0.9819812178611755,2.8304309844970703,1.6581937074661255,2.83374917150093,1.6698612604361671,0.0,0,two_ankles,accepted,2.8304309844970703,1.6581937074661255,0.022625274138894983
261,8.7,detected,3,1,0.9170502424240112,ankle_midpoint,630.9892578125,866.4852294921875,0.9919737577438354,0.9973686933517456,1.1018866300582886,10.508251190185547,1.0962499482619719,10.51322151102806,0.0,0,two_ankles,accepted,1.1018866300582886,10.508251190185547,0.01767160980138733
261,8.7,detected,4,12,0.9062684178352356,ankle_midpoint,1041.5892333984375,861.5880737304688,0.9951948523521423,0.9945852160453796,3.5088117122650146,10.347381591796875,3.5320275760854765,10.367160945773009,0.0,0,two_ankles,accepted,3.5088117122650146,10.347381591796875,0.03288716333651191
262,8.733333333333333,detected,1,16,0.7800270915031433,ankle_midpoint,726.1318359375,567.5548095703125,0.9866887927055359,0.9851588606834412,0.7794433236122131,-0.11959347128868103,0.8158013179121273,-0.1837999735392017,0.0,0,two_ankles,accepted,0.7794433236122131,-0.11959347128868103,0.09773788343808866
262,8.733333333333333,detected,2,5,0.8600824475288391,ankle_midpoint,941.0853271484375,601.2379760742188,0.9786585569381714,0.9818388223648071,2.8334455490112305,1.6370587348937988,2.8336125413805657,1.6551001239421015,0.0,0,two_ankles,accepted,2.8334455490112305,1.6370587348937988,0.021348879709320437
262,8.733333333333333,detected,3,1,0.9184772372245789,ankle_midpoint,631.8646240234375,867.6011962890625,0.992052435874939,0.9968365430831909,1.1098121404647827,10.532565116882324,1.1023529347532368,10.521926133662479,0.0,0,two_ankles,accepted,1.1098121404647827,10.532565116882324,0.025573047268945267
262,8.733333333333333,detected,4,12,0.9096485376358032,ankle_midpoint,1038.7977294921875,860.8990478515625,0.993950605392456,0.9938230514526367,3.4927027225494385,10.332362174987793,3.5143313919942596,10.351501498919664,0.0,0,two_ankles,accepted,3.4927027225494385,10.332362174987793,0.02202458696415156
263,8.766666666666667,detected,1,16,0.8458033800125122,ankle_midpoint,725.9406127929688,566.8731689453125,0.9852661490440369,0.9811940789222717,0.7743834853172302,-0.15877287089824677,0.7971632932444237,-0.17253777735077197,0.0,0,two_ankles,accepted,0.7743834853172302,-0.15877287089824677,0.03950477588010613
263,8.766666666666667,detected,2,5,0.7819392681121826,ankle_midpoint,943.00439453125,605.8721313476562,0.949752926826477,0.9625139832496643,2.852504014968872,1.8680728673934937,2.8421137044953038,1.7509378584952282,0.0,0,two_ankles,accepted,2.852504014968872,1.8680728673934937,0.2317989528432886
263,8.766666666666667,detected,3,1,0.918254554271698,ankle_midpoint,633.8247680664062,870.392822265625,0.990774929523468,0.996006429195404,1.128204345703125,10.59311580657959,1.1139860696806865,10.55396148647518,0.0,0,two_ankles,accepted,1.128204345703125,10.59311580657959,0.06328237698082978
263,8.766666666666667,detected,4,12,0.8758787512779236,ankle_midpoint,1030.2943115234375,859.6718139648438,0.9896597266197205,0.9904289245605469,3.443047285079956,10.30600357055664,3.4822535438828233,10.331027431156304,0.0,0,two_ankles,accepted,3.443047285079956,10.30600357055664,0.05621777741821214
264,8.8,detected,1,16,0.8050373196601868,ankle_midpoint,724.1761474609375,564.52099609375,0.980028510093689,0.9775243997573853,0.7462953329086304,-0.2945162355899811,0.7742727110933167,-0.2274280835584161,0.0,0,two_ankles,accepted,0.7462953329086304,-0.2945162355899811,0.1386189213764193
264,8.8,detected,2,5,0.8411644101142883,ankle_midpoint,941.8513793945312,598.549560546875,0.9657345414161682,0.9758484363555908,2.838989496231079,1.5006630420684814,2.849638664373347,1.8358804058951677,0.0,0,two_ankles,corrected_motion_outlier,2.858835837557622,1.9396990749395382,0.36765829510847453
264,8.8,detected,3,1,0.9181154370307922,ankle_midpoint,637.33837890625,868.1441650390625,0.991789698600769,0.9966418743133545,1.1431065797805786,10.543729782104492,1.127090299225638,10.549357219508371,0.0,0,two_ankles,accepted,1.1431065797805786,10.543729782104492,0.051585424239354326
264,8.8,detected,4,12,0.8744555115699768,ankle_midpoint,1022.0023803710938,858.4444580078125,0.9904165267944336,0.9917941689491272,3.394490957260132,10.279532432556152,3.4427603799026123,10.307854681786235,0.0,0,two_ankles,accepted,3.394490957260132,10.279532432556152,0.055303147454617174
265,8.833333333333334,detected,1,16,0.7723365426063538,ankle_midpoint,723.093017578125,564.7718505859375,0.9780450463294983,0.9756461977958679,0.7372052669525146,-0.2796219289302826,0.7575923612299559,-0.25091531397575606,0.0,0,two_ankles,accepted,0.7372052669525146,-0.2796219289302826,0.01744905928580887
265,8.833333333333334,detected,2,5,0.8489402532577515,ankle_midpoint,941.41259765625,598.67578125,0.9811238646507263,0.9860646724700928,2.835136890411377,1.5071992874145508,2.8431128660904608,1.6879739025788902,0.0,0,two_ankles,accepted,2.835136890411377,1.5071992874145508,0.18064561836799006
265,8.833333333333334,detected,3,1,0.9139163494110107,ankle_midpoint,639.803466796875,868.561279296875,0.9914013743400574,0.995244562625885,1.1585086584091187,10.55251693725586,1.1412285608582042,10.550779092494741,0.0,0,two_ankles,accepted,1.1585086584091187,10.55251693725586,0.01773240315732554
265,8.833333333333334,detected,4,12,0.8730463981628418,ankle_midpoint,1020.7022705078125,859.0220336914062,0.9902960658073425,0.9918630123138428,3.3865580558776855,10.29267406463623,3.417469334091395,10.301023404068733,0.0,0,two_ankles,accepted,3.3865580558776855,10.29267406463623,0.015350355633396796
266,8.866666666666667,detected,1,16,0.8161658644676208,ankle_midpoint,717.906005859375,564.3991088867188,0.9727805852890015,0.9702891707420349,0.6859878301620483,-0.2998619079589844,0.7253703222493975,-0.2729412812682088,0.0,0,two_ankles,accepted,0.6859878301620483,-0.2998619079589844,0.055071613218315114
266,8.866666666666667,detected,2,5,0.8718529343605042,ankle_midpoint,943.2451171875,599.245361328125,0.9830701947212219,0.9865415096282959,2.8517255783081055,1.5357043743133545,2.846988586588401,1.6194526148593993,0.0,0,two_ankles,accepted,2.8517255783081055,1.5357043743133545,0.03298066926615374
266,8.866666666666667,detected,3,1,0.913453221321106,ankle_midpoint,652.56884765625,866.4334716796875,0.9655346870422363,0.9863308668136597,1.227921485900879,10.504369735717773,1.180240377127408,10.529894881945106,0.0,0,two_ankles,accepted,1.227921485900879,10.504369735717773,0.08447658632041148
266,8.866666666666667,detected,4,12,0.9055113196372986,ankle_midpoint,1019.6248779296875,857.3197021484375,0.9933207035064697,0.991973876953125,3.380842447280884,10.254523277282715,3.4009872350266654,10.280098347015025,0.0,0,two_ankles,accepted,3.380842447280884,10.254523277282715,0.03857655709527487
267,8.9,detected,1,16,0.8114803433418274,ankle_midpoint,714.646728515625,567.4872436523438,0.9771371483802795,0.9746708273887634,0.6704391241073608,-0.12030573934316635,0.700651283085481,-0.20425528740193974,0.0,0,two_ankles,accepted,0.6704391241073608,-0.12030573934316635,0.18022813306464436
267,8.9,detected,2,5,0.86500084400177,ankle_midpoint,941.3447265625,601.017578125,0.9814580082893372,0.9850912690162659,2.8356425762176514,1.6258817911148071,2.841882881921564,1.622345744174333,0.0,0,two_ankles,accepted,2.8356425762176514,1.6258817911148071,0.09160037913253669
267,8.9,detected,3,1,0.9228883981704712,ankle_midpoint,658.093017578125,868.9987182617188,0.9630301594734192,0.9856672883033752,1.2661664485931396,10.559734344482422,1.2189071092869872,10.543322640086899,0.0,0,two_ankles,accepted,1.2661664485931396,10.559734344482422,0.06728979918973606
267,8.9,detected,4,12,0.9069287180900574,ankle_midpoint,1015.271728515625,856.4715576171875,0.9901109337806702,0.9904809594154358,3.3553152084350586,10.235950469970703,3.3804348230604426,10.260231802345082,0.0,0,two_ankles,accepted,3.3553152084350586,10.235950469970703,0.03156879938389996
268,8.933333333333334,detected,1,16,0.8190940022468567,ankle_midpoint,712.296630859375,568.7158203125,0.9792489409446716,0.9798800349235535,0.6543661952018738,-0.04922036826610565,0.6798229935378578,-0.13448957379081442,0.0,0,two_ankles,accepted,0.6543661952018738,-0.04922036826610565,0.07287982591063359
268,8.933333333333334,detected,2,5,0.8420630097389221,ankle_midpoint,943.3611450195312,600.4254150390625,0.9718976616859436,0.9780318140983582,2.8532774448394775,1.5954763889312744,2.8470104352346253,1.6102545343149566,0.0,0,two_ankles,accepted,2.8532774448394775,1.5954763889312744,0.035149353809870325
268,8.933333333333334,detected,3,1,0.9274531602859497,ankle_midpoint,663.0977783203125,872.621337890625,0.9612442851066589,0.984401524066925,1.3035306930541992,10.63766098022461,1.2569877219822327,10.58577489314887,0.0,0,two_ankles,accepted,1.3035306930541992,10.63766098022461,0.08642133603596623
268,8.933333333333334,detected,4,12,0.9034478068351746,ankle_midpoint,1013.16552734375,854.4363403320312,0.9788550734519958,0.9841514825820923,3.343501329421997,10.1901273727417,3.3638147509231424,10.22868480902356,0.0,0,two_ankles,accepted,3.343501329421997,10.1901273727417,0.047321495929376546
269,8.966666666666667,detected,1,16,0.812794029712677,ankle_midpoint,708.643798828125,569.13916015625,0.9795575737953186,0.9808892607688904,0.6220384240150452,-0.024029333144426346,0.6538199372525921,-0.08478246549993979,0.0,0,two_ankles,accepted,0.6220384240150452,-0.024029333144426346,0.04098381437115909
269,8.966666666666667,detected,2,5,0.8369782567024231,ankle_midpoint,943.4884033203125,602.113525390625,0.9686878323554993,0.9740601778030396,2.8551418781280518,1.6805180311203003,2.8506695845366674,1.6418731078773614,0.0,0,two_ankles,accepted,2.8551418781280518,1.6805180311203003,0.08506207743579891
269,8.966666666666667,detected,3,1,0.9272943735122681,ankle_midpoint,672.5433349609375,883.6964721679688,0.977268636226654,0.9866297245025635,1.3821680545806885,10.872262001037598,1.3133188716515378,10.7146940916988,0.0,0,two_ankles,accepted,1.3821680545806885,10.872262001037598,0.2474297346608607
269,8.966666666666667,detected,4,12,0.9068997502326965,ankle_midpoint,1013.4300537109375,855.932861328125,0.9792263507843018,0.9834859371185303,3.3445608615875244,10.22401237487793,3.3551505007221145,10.226582213658027,0.0,0,two_ankles,accepted,3.3445608615875244,10.22401237487793,0.033901563063996484
270,9.0,detected,1,16,0.8424432277679443,ankle_midpoint,709.123046875,569.1105346679688,0.9837759137153625,0.9858696460723877,0.6264126300811768,-0.02579505182802677,0.6414866490254553,-0.05823812934757894,0.0,0,two_ankles,accepted,0.6264126300811768,-0.02579505182802677,0.0047171433281805245
270,9.0,detected,2,5,0.8523277640342712,ankle_midpoint,942.954345703125,600.2479858398438,0.9821125268936157,0.9832329154014587,2.8495841026306152,1.5866034030914307,2.850181117678944,1.6170017407236927,0.0,0,two_ankles,accepted,2.8495841026306152,1.5866034030914307,0.09407893614556263
270,9.0,detected,3,1,0.9258202314376831,ankle_midpoint,681.3046264648438,889.3215942382812,0.991762638092041,0.9956197142601013,1.4438059329986572,10.988470077514648,1.3720380492577418,10.837893285315932,0.0,0,two_ankles,accepted,1.4438059329986572,10.988470077514648,0.13154294011601073
270,9.0,detected,4,12,0.9107652902603149,ankle_midpoint,1012.220458984375,856.87548828125,0.9789496660232544,0.9860278367996216,3.3370556831359863,10.245468139648438,3.347007832808357,10.235080880353713,0.0,0,two_ankles,accepted,3.3370556831359863,10.245468139648438,0.022730542128968148
271,9.033333333333333,detected,1,16,0.8314128518104553,ankle_midpoint,708.471923828125,568.5008544921875,0.9859647750854492,0.9873641133308411,0.617177426815033,-0.060466568917036057,0.6305474990307652,-0.05924092715383464,0.0,0,two_ankles,accepted,0.617177426815033,-0.060466568917036057,0.035880399616231365
271,9.033333333333333,detected,2,5,0.8588966131210327,ankle_midpoint,942.6055908203125,600.084228515625,0.9820012450218201,0.9828354716300964,2.8464105129241943,1.5784021615982056,2.8484843455393065,1.5996319301172237,0.0,0,two_ankles,accepted,2.8464105129241943,1.5784021615982056,0.008793863408928848
271,9.033333333333333,detected,3,1,0.9308450222015381,ankle_midpoint,684.0111083984375,891.2213745117188,0.9877867102622986,0.9932432770729065,1.462998628616333,11.027383804321289,1.4129703099691078,10.923164018868343,0.0,0,two_ankles,accepted,1.462998628616333,11.027383804321289,0.043389373112026085
271,9.033333333333333,detected,4,12,0.9171845316886902,ankle_midpoint,1010.731201171875,855.698486328125,0.9845012426376343,0.9902176260948181,3.328594446182251,10.219060897827148,3.3387218088266097,10.227871888216761,0.0,0,two_ankles,accepted,3.328594446182251,10.219060897827148,0.02772967636658053
272,9.066666666666666,detected,1,16,0.831021785736084,ankle_midpoint,707.8881225585938,567.94921875,0.9877225160598755,0.9897928237915039,0.6088517904281616,-0.09191370755434036,0.6207844301595937,-0.07394367833406221,0.0,0,two_ankles,accepted,0.6088517904281616,-0.09191370755434036,0.03253058176117103
272,9.066666666666666,detected,2,5,0.8665676712989807,ankle_midpoint,942.906494140625,600.1334228515625,0.9744732975959778,0.9730782508850098,2.849107503890991,1.580817699432373,2.848764766797565,1.591165526309041,0.0,0,two_ankles,accepted,2.849107503890991,1.580817699432373,0.0036205777582146285
272,9.066666666666666,detected,3,1,0.9335308074951172,ankle_midpoint,687.206787109375,892.866455078125,0.9873802661895752,0.9910026788711548,1.4843661785125732,11.060830116271973,1.4450984508136673,10.985113762699978,0.0,0,two_ankles,accepted,1.4843661785125732,11.060830116271973,0.03968914173512393
272,9.066666666666666,detected,4,12,0.9165052175521851,ankle_midpoint,1005.8095703125,850.1829833984375,0.9856051802635193,0.9914705157279968,3.300917863845825,10.09396743774414,3.3217100335852567,10.167614885504083,0.0,0,two_ankles,accepted,3.300917863845825,10.09396743774414,0.12811856604475413
273,9.1,detected,1,16,0.786817193031311,ankle_midpoint,705.7320556640625,568.177734375,0.9895845055580139,0.9923740029335022,0.5896481275558472,-0.07821754366159439,0.6067730939879078,-0.0758669177314517,0.0,0,two_ankles,accepted,0.5896481275558472,-0.07821754366159439,0.023587402847504577
273,9.1,detected,2,5,0.8793449401855469,ankle_midpoint,944.1187744140625,599.2261962890625,0.9799900650978088,0.9784961342811584,2.859497308731079,1.5345131158828735,2.8535944106676467,1.5656719416172655,0.0,0,two_ankles,accepted,2.859497308731079,1.5345131158828735,0.04745590060580133
273,9.1,detected,3,1,0.9310885667800903,ankle_midpoint,688.930908203125,891.7240600585938,0.9928411245346069,0.9951416254043579,1.4918787479400635,11.037140846252441,1.4661495845205457,11.008525950298587,0.0,0,two_ankles,accepted,1.4918787479400635,11.037140846252441,0.02485196598784738
273,9.1,detected,4,12,0.9173725843429565,ankle_midpoint,995.628173828125,841.885498046875,0.9891662001609802,0.9925060868263245,3.241710662841797,9.902724266052246,3.2857103167507002,10.048414106750757,0.0,0,two_ankles,accepted,3.241710662841797,9.902724266052246,0.20019850990830793
274,9.133333333333333,detected,1,16,0.8205328583717346,ankle_midpoint,705.8082885742188,568.01513671875,0.9889783263206482,0.9925311207771301,0.5895319581031799,-0.08755973726511002,0.5990145828397803,-0.08112868652159794,0.0,0,two_ankles,accepted,0.5895319581031799,-0.08755973726511002,0.009342915854662358
274,9.133333333333333,detected,2,5,0.8888249397277832,ankle_midpoint,944.2945556640625,597.8942260742188,0.9769361615180969,0.9750362038612366,2.8604960441589355,1.4666332006454468,2.856700145738727,1.5211045081799472,0.0,0,two_ankles,accepted,2.8604960441589355,1.4666332006454468,0.06788726217115473
274,9.133333333333333,detected,3,1,0.9313647150993347,ankle_midpoint,690.9954833984375,889.0822143554688,0.9932061433792114,0.9952600598335266,1.4984050989151,10.982331275939941,1.4806645659980953,10.996738346837198,0.0,0,two_ankles,accepted,1.4984050989151,10.982331275939941,0.05519675946004659
274,9.133333333333333,detected,4,12,0.9142819046974182,ankle_midpoint,993.575439453125,838.0106201171875,0.9907225370407104,0.9928309917449951,3.230056047439575,9.811612129211426,3.2606658955606944,9.941853216858059,0.0,0,two_ankles,accepted,3.230056047439575,9.811612129211426,0.09185451289879049
275,9.166666666666666,detected,1,16,0.8263518810272217,ankle_midpoint,707.1032104492188,563.3897094726562,0.9884258508682251,0.9924497604370117,0.5778588652610779,-0.3557320237159729,0.5894945099293643,-0.2047001882590667,0.0,0,two_ankles,accepted,0.5778588652610779,-0.3557320237159729,0.2684262213659165
275,9.166666666666666,detected,2,5,0.8781951665878296,ankle_midpoint,949.3574829101562,596.1990966796875,0.9735816121101379,0.9802471399307251,2.905125856399536,1.378516435623169,2.878491715536091,1.4569398755293972,0.0,0,two_ankles,accepted,2.905125856399536,1.378516435623169,0.09877441176044831
275,9.166666666666666,detected,3,1,0.926120936870575,ankle_midpoint,700.125244140625,881.9638671875,0.9926798343658447,0.9948429465293884,1.53666353225708,10.832399368286133,1.5058641008146385,10.92278580648922,0.0,0,two_ankles,accepted,1.53666353225708,10.832399368286133,0.15473617758783145
275,9.166666666666666,detected,4,12,0.9188608527183533,ankle_midpoint,984.3279418945312,826.8111572265625,0.9915545582771301,0.992453396320343,3.1752169132232666,9.543387413024902,3.222213853508852,9.76254360513314,0.0,0,two_ankles,accepted,3.1752169132232666,9.543387413024902,0.2737733168424844
276,9.2,detected,1,16,0.8070873022079468,ankle_midpoint,707.6860961914062,563.7513427734375,0.9865698218345642,0.990851104259491,0.5853027105331421,-0.3347700834274292,0.5876082002010643,-0.2632316410848298,0.0,0,two_ankles,accepted,0.5853027105331421,-0.3347700834274292,0.02224440992912386
276,9.2,detected,2,5,0.8889784812927246,ankle_midpoint,956.658203125,596.0432739257812,0.9731127023696899,0.9804717898368835,2.9705002307891846,1.3686654567718506,2.9198955473999835,1.4172163870885015,0.0,0,two_ankles,accepted,2.9705002307891846,1.3686654567718506,0.06611240890458495
276,9.2,detected,3,1,0.9211815595626831,ankle_midpoint,713.4415893554688,876.7088623046875,0.9723799228668213,0.9804821014404297,1.6033223867416382,10.719159126281738,1.5497203294817885,10.831153800395853,0.0,0,two_ankles,accepted,1.6033223867416382,10.719159126281738,0.13140302618435898
276,9.2,detected,4,12,0.9193484783172607,ankle_midpoint,975.247314453125,817.1358642578125,0.9891294240951538,0.9858998656272888,3.1196627616882324,9.305232048034668,3.1760658621895734,9.556753404438828,0.0,0,two_ankles,accepted,3.1196627616882324,9.305232048034668,0.24454905770910118
277,9.233333333333333,detected,1,16,0.8028720617294312,ankle_midpoint,707.6441650390625,564.5279541015625,0.984140157699585,0.9884082674980164,0.588935375213623,-0.2894993722438812,0.5882054289567158,-0.275052120106403,0.0,0,two_ankles,accepted,0.588935375213623,-0.2894993722438812,0.0454162255559071
277,9.233333333333333,detected,2,5,0.8882083296775818,ankle_midpoint,960.0157470703125,596.072509765625,0.9686592817306519,0.9790782332420349,3.000596046447754,1.3693238496780396,2.95621077197148,1.3956647452537938,0.0,0,two_ankles,accepted,3.000596046447754,1.3693238496780396,0.03010301648296242
277,9.233333333333333,detected,3,1,0.9245213866233826,ankle_midpoint,720.9554443359375,875.04248046875,0.9719504714012146,0.9796215295791626,1.6436914205551147,10.682520866394043,1.5920073204647855,10.76426898009504,0.0,0,two_ankles,accepted,1.6436914205551147,10.682520866394043,0.05451624508925681
277,9.233333333333333,detected,4,12,0.9178102612495422,ankle_midpoint,966.19775390625,819.3846435546875,0.9830394387245178,0.9811897277832031,3.0630900859832764,9.362712860107422,3.12522676289674,9.469435159489695,0.0,0,two_ankles,accepted,3.0630900859832764,9.362712860107422,0.08065055110141144
278,9.266666666666667,detected,1,16,0.7222263813018799,ankle_midpoint,707.1375732421875,566.3785400390625,0.9856443405151367,0.9847412705421448,0.5936880111694336,-0.18209891021251678,0.5906725909524388,-0.23322317565415424,0.0,0,two_ankles,accepted,0.5936880111694336,-0.18209891021251678,0.10750556633532525
278,9.266666666666667,detected,2,5,0.8893221616744995,ankle_midpoint,965.4572143554688,594.0553588867188,0.9763475060462952,0.9783339500427246,3.049245595932007,1.263773798942566,2.9980764427537174,1.3363138194137414,0.0,0,two_ankles,accepted,3.049245595932007,1.263773798942566,0.11622216602387787
278,9.266666666666667,detected,3,1,0.9207544326782227,ankle_midpoint,732.6416015625,879.0771484375,0.9864582419395447,0.9906466007232666,1.7182625532150269,10.76724910736084,1.6488221752023944,10.765610037364649,0.0,0,two_ankles,accepted,1.7182625532150269,10.76724910736084,0.11287040641155593
278,9.266666666666667,detected,4,12,0.9144436717033386,ankle_midpoint,952.8427734375,816.0087890625,0.9852531552314758,0.9831669926643372,2.9793334007263184,9.280102729797363,3.0595747499200505,9.384235566128147,0.0,0,two_ankles,accepted,2.9793334007263184,9.280102729797363,0.11764189710761208
279,9.3,detected,1,16,0.8012655973434448,ankle_midpoint,707.1550903320312,567.9769287109375,0.9876882433891296,0.9888496994972229,0.602064847946167,-0.09012220799922943,0.5957991065996165,-0.16882774020943808,0.0,0,two_ankles,accepted,0.602064847946167,-0.09012220799922943,0.09235737731451545
279,9.3,detected,2,5,0.8873583078384399,ankle_midpoint,973.6114501953125,596.0250854492188,0.9901251792907715,0.9908058047294617,3.122455596923828,1.3634597063064575,3.0540470621302678,1.3485294685154638,0.0,0,two_ankles,accepted,3.122455596923828,1.3634597063064575,0.12368097821486072
279,9.3,detected,3,1,0.9307795763015747,ankle_midpoint,750.9566650390625,881.0776977539062,0.9771554470062256,0.9829471707344055,1.826878547668457,10.807394981384277,1.7289475428121226,10.784413262173482,0.0,0,two_ankles,accepted,1.826878547668457,10.807394981384277,0.1157977782697634
279,9.3,detected,4,12,0.9179480671882629,ankle_midpoint,936.1180419921875,816.2325439453125,0.9857302904129028,0.9835422039031982,2.8746132850646973,9.288093566894531,2.976342090735142,9.34097166647302,0.0,0,two_ankles,accepted,2.8746132850646973,9.288093566894531,0.10502454999521195
280,9.333333333333334,detected,1,16,0.7995049953460693,ankle_midpoint,707.0218505859375,568.7679443359375,0.9884756803512573,0.9901202917098999,0.6048508882522583,-0.0447898805141449,0.5998724083433054,-0.11301070334655616,0.0,0,two_ankles,accepted,0.6048508882522583,-0.0447898805141449,0.04541785921641525
280,9.333333333333334,detected,2,5,0.8790794610977173,ankle_midpoint,978.0548095703125,594.789306640625,0.9709722399711609,0.9740750789642334,3.162489891052246,1.2985893487930298,3.1028463351451583,1.3260564146403686,0.0,0,two_ankles,accepted,3.162489891052246,1.2985893487930298,0.07622931188381941
280,9.333333333333334,detected,3,1,0.9330350160598755,ankle_midpoint,756.3502197265625,883.7882690429688,0.9882954359054565,0.9904730916023254,1.8620023727416992,10.863870620727539,1.7888222162804324,10.820169073522809,0.0,0,two_ankles,accepted,1.8620023727416992,10.863870620727539,0.06650699908284757
280,9.333333333333334,detected,4,12,0.9174844622612,ankle_midpoint,928.494384765625,813.5792236328125,0.9833886623382568,0.979391872882843,2.8259503841400146,9.22227954864502,2.9086658227673348,9.287560213450421,0.0,0,two_ankles,accepted,2.8259503841400146,9.22227954864502,0.08185085781195295
281,9.366666666666667,detected,1,16,0.808857262134552,ankle_midpoint,706.611328125,570.7022705078125,0.9888995885848999,0.9915648698806763,0.6108294725418091,0.06546632945537567,0.6048030872326321,-0.03269603858568684,0.0,0,two_ankles,accepted,0.6108294725418091,0.06546632945537567,0.11041818376947825
281,9.366666666666667,detected,2,5,0.8832413554191589,ankle_midpoint,988.6134643554688,593.8599853515625,0.9858621954917908,0.9852919578552246,3.2577078342437744,1.247765064239502,3.172534009739536,1.2908253069599787,0.0,0,two_ankles,accepted,3.2577078342437744,1.247765064239502,0.10793314878202656
281,9.366666666666667,detected,3,1,0.933234691619873,ankle_midpoint,765.533447265625,889.450439453125,0.9810121059417725,0.9853052496910095,1.9227699041366577,10.980878829956055,1.849098675815734,10.89248846391777,0.0,0,two_ankles,accepted,1.9227699041366577,10.980878829956055,0.13184693359612637
281,9.366666666666667,detected,4,12,0.9224890470504761,ankle_midpoint,923.3173828125,812.296875,0.9753835797309875,0.9667929410934448,2.7929089069366455,9.190513610839844,2.8565752106435247,9.243889242275662,0.0,0,two_ankles,accepted,2.7929089069366455,9.190513610839844,0.045834637779991874
282,9.4,detected,1,16,0.8358080387115479,ankle_midpoint,704.9199829101562,575.3644409179688,0.9852443933486938,0.9927520751953125,0.6185112595558167,0.32782691717147827,0.6109717647780653,0.12953929150503746,0.0,0,two_ankles,accepted,0.6185112595558167,0.32782691717147827,0.2624730230680238
282,9.4,detected,2,5,0.8930968046188354,ankle_midpoint,998.963623046875,590.712158203125,0.9843276143074036,0.9850600361824036,3.352599620819092,1.0806891918182373,3.2535635347253367,1.1962640551461952,0.0,0,two_ankles,accepted,3.352599620819092,1.0806891918182373,0.19214265092576996
282,9.4,detected,3,1,0.9276995062828064,ankle_midpoint,765.29296875,891.603515625,0.9708106517791748,0.9727116823196411,1.9244909286499023,11.025396347045898,1.8830251895911099,10.952297011325427,0.0,0,two_ankles,accepted,1.9244909286499023,11.025396347045898,0.04455077163439169
282,9.4,detected,4,12,0.9228886365890503,ankle_midpoint,922.9486083984375,810.61669921875,0.9746841192245483,0.9683913588523865,2.7899186611175537,9.147807121276855,2.826579763356838,9.2006522878262,0.0,0,two_ankles,accepted,2.7899186611175537,9.147807121276855,0.042811047883136694
283,9.433333333333334,detected,1,16,0.837283194065094,ankle_midpoint,703.899658203125,575.935546875,0.9863114953041077,0.994073212146759,0.6118811368942261,0.3598412871360779,0.6113809822303377,0.23317518953900565,0.0,0,two_ankles,accepted,0.6118811368942261,0.3598412871360779,0.03269370598047879
283,9.433333333333334,detected,2,5,0.8956658840179443,ankle_midpoint,1004.4818725585938,592.6075439453125,0.9861143827438354,0.9883455038070679,3.401397466659546,1.178546667098999,3.320088804095731,1.1882912305249569,0.0,0,two_ankles,accepted,3.401397466659546,1.178546667098999,0.10934950949589858
283,9.433333333333334,detected,3,1,0.9255074262619019,ankle_midpoint,770.420654296875,891.3958740234375,0.9831838011741638,0.9856040477752686,1.9532763957977295,11.020493507385254,1.9146382323840887,10.98298543455235,0.0,0,two_ankles,accepted,1.9532763957977295,11.020493507385254,0.02920001636397872
283,9.433333333333334,detected,4,12,0.9242070913314819,ankle_midpoint,922.3302001953125,810.6287841796875,0.9731552600860596,0.9658033847808838,2.7860212326049805,9.148204803466797,2.8083284245185025,9.17705091986447,0.0,0,two_ankles,accepted,2.7860212326049805,9.148204803466797,0.003917665138167818
284,9.466666666666667,detected,1,16,0.8393875956535339,ankle_midpoint,703.3436889648438,578.2965087890625,0.9847812652587891,0.9939066767692566,0.6185243725776672,0.4904249608516693,0.6145955078866361,0.3489375866297043,0.0,0,two_ankles,accepted,0.6185243725776672,0.4904249608516693,0.13075254651977447
284,9.466666666666667,detected,2,5,0.8853021860122681,ankle_midpoint,1013.4156494140625,593.3253173828125,0.9898681640625,0.9919582605361938,3.481489419937134,1.21367609500885,3.3927190812243624,1.199714419542709,0.0,0,two_ankles,accepted,3.481489419937134,1.21367609500885,0.08745740497575231
284,9.466666666666667,detected,3,1,0.9284358024597168,ankle_midpoint,772.0286865234375,891.0955810546875,0.9908084273338318,0.9951063394546509,1.9619810581207275,11.014103889465332,1.9359425039655762,10.996988739263193,0.0,0,two_ankles,accepted,1.9619810581207275,11.014103889465332,0.01079807220387086
284,9.466666666666667,detected,4,12,0.9168388843536377,ankle_midpoint,922.5706787109375,806.3782348632812,0.9726247191429138,0.9692120552062988,2.7858200073242188,9.039112091064453,2.7981996367810753,9.114978446904463,0.0,0,two_ankles,accepted,2.7858200073242188,9.039112091064453,0.10909289798568055
285,9.5,detected,1,16,0.8557592034339905,ankle_midpoint,702.3275756835938,577.9910888671875,0.9853293299674988,0.9943329095840454,0.6075934767723083,0.47389253973960876,0.6114445938851887,0.4051673155291613,0.0,0,two_ankles,accepted,0.6075934767723083,0.47389253973960876,0.0198193196385274
285,9.5,detected,2,5,0.8744276165962219,ankle_midpoint,1022.3612060546875,596.7958374023438,0.9910956621170044,0.9928765892982483,3.5588762760162354,1.3908089399337769,3.467489818880705,1.2857069537186896,0.0,0,two_ankles,accepted,3.5588762760162354,1.3908089399337769,0.19329969023515203
285,9.5,detected,3,1,0.9289098978042603,ankle_midpoint,780.6377563476562,883.27099609375,0.9817221760749817,0.9899351000785828,2.0003652572631836,10.850001335144043,1.9649327429494996,10.930844407409577,0.0,0,two_ankles,accepted,2.0003652572631836,10.850001335144043,0.16853188149005918
285,9.5,detected,4,12,0.9084393382072449,ankle_midpoint,921.6536865234375,800.7640380859375,0.9810006022453308,0.9840449094772339,2.7776522636413574,8.893216133117676,2.7889533188682023,9.015185405700409,0.0,0,two_ankles,accepted,2.7776522636413574,8.893216133117676,0.14612440789298942
286,9.533333333333333,detected,1,16,0.8721979260444641,ankle_midpoint,702.00048828125,577.595703125,0.9901812672615051,0.9925191402435303,0.6025819182395935,0.45219656825065613,0.6074563898446709,0.426330479253834,0.0,0,two_ankles,accepted,0.6025819182395935,0.45219656825065613,0.022267260670685844
286,9.533333333333333,detected,2,5,0.8564482927322388,ankle_midpoint,1025.384521484375,597.9693603515625,0.9908118844032288,0.9931195974349976,3.5847952365875244,1.4501670598983765,3.520277256848774,1.3597140014995488,0.0,0,two_ankles,accepted,3.5847952365875244,1.4501670598983765,0.06477020088611611
286,9.533333333333333,detected,3,1,0.9276156425476074,ankle_midpoint,785.6193237304688,876.3272705078125,0.9775159358978271,0.9869059920310974,2.019699811935425,10.701979637145996,1.9895779239931661,10.827855260790965,0.0,0,two_ankles,accepted,2.019699811935425,10.701979637145996,0.14927909459331162
286,9.533333333333333,detected,4,12,0.9039860367774963,ankle_midpoint,923.70263671875,798.9202880859375,0.9657981395721436,0.9685875177383423,2.7900149822235107,8.844456672668457,2.789431067378091,8.938357475836032,0.0,0,two_ankles,accepted,2.7900149822235107,8.844456672668457,0.050302304062939764
287,9.566666666666666,detected,1,16,0.8892312049865723,ankle_midpoint,701.2407836914062,576.8427124023438,0.9873234629631042,0.9926122426986694,0.5917459726333618,0.4108182489871979,0.6003867020995819,0.4193499756338478,0.0,0,two_ankles,accepted,0.5917459726333618,0.4108182489871979,0.0427736253110476
287,9.566666666666666,detected,2,5,0.8579239845275879,ankle_midpoint,1033.745361328125,597.966064453125,0.9848582744598389,0.9876176714897156,3.6595165729522705,1.447904109954834,3.5829349490953475,1.3993995503044272,0.0,0,two_ankles,accepted,3.6595165729522705,1.447904109954834,0.07475559544663199
287,9.566666666666666,detected,3,1,0.9248034358024597,ankle_midpoint,801.336669921875,874.773681640625,0.9918782711029053,0.9960379600524902,2.108652353286743,10.66667366027832,2.043161417175276,10.755323540560276,0.0,0,two_ankles,accepted,2.108652353286743,10.66667366027832,0.09570301257243087
287,9.566666666666666,detected,4,12,0.903829038143158,ankle_midpoint,924.709716796875,795.4692993164062,0.9758766293525696,0.9842645525932312,2.795100688934326,8.7529296875,2.791982397078397,8.854914971084817,0.0,0,two_ankles,accepted,2.795100688934326,8.7529296875,0.0916681701943231
288,9.6,detected,1,16,0.8892320394515991,ankle_midpoint,702.2904052734375,577.1484985351562,0.9877298474311829,0.9924010038375854,0.6030246019363403,0.42743900418281555,0.6015737570261233,0.42299003848088335,0.0,0,two_ankles,accepted,0.6030246019363403,0.42743900418281555,0.020086238628141847
288,9.6,detected,2,5,0.85295569896698,ankle_midpoint,1038.9281005859375,597.3720703125,0.9879773259162903,0.9883361458778381,3.7065634727478027,1.4162036180496216,3.638567784738952,1.4069613807897647,0.0,0,two_ankles,accepted,3.7065634727478027,1.4162036180496216,0.05673034432650032
288,9.6,detected,3,1,0.931620180606842,ankle_midpoint,821.444580078125,877.781494140625,0.9784163236618042,0.992391049861908,2.2283735275268555,10.728598594665527,2.1265068668334868,10.74329731490764,0.0,0,two_ankles,accepted,2.2283735275268555,10.728598594665527,0.134788193326757
288,9.6,detected,4,12,0.8993211984634399,ankle_midpoint,922.3531494140625,794.2042236328125,0.9676654934883118,0.983135998249054,2.779378652572632,8.719558715820312,2.7863107120508026,8.79400465621579,0.0,0,two_ankles,accepted,2.779378652572632,8.719558715820312,0.0368890793895015
289,9.633333333333333,detected,1,16,0.8880334496498108,ankle_midpoint,703.4041137695312,577.6666259765625,0.9877929091453552,0.992451012134552,0.6159437298774719,0.45573216676712036,0.6080402448092301,0.43772399620969005,0.0,0,two_ankles,accepted,0.6159437298774719,0.45573216676712036,0.03110316568745427
289,9.633333333333333,detected,2,5,0.8583177328109741,ankle_midpoint,1040.998046875,598.852783203125,0.9894744157791138,0.9911608695983887,3.72322416305542,1.491342306137085,3.6766631549813624,1.444932797196059,0.0,0,two_ankles,accepted,3.72322416305542,1.491342306137085,0.0769636345882355
289,9.633333333333333,detected,3,1,0.9266310334205627,ankle_midpoint,836.9172973632812,883.0634765625,0.9784187078475952,0.9924249649047852,2.322715997695923,10.838688850402832,2.214800975721583,10.786223505880477,0.0,0,two_ankles,accepted,2.322715997695923,10.838688850402832,0.14498402010534306
289,9.633333333333333,detected,4,12,0.8860082030296326,ankle_midpoint,919.5903930664062,794.58642578125,0.9556624293327332,0.9762994647026062,2.7617125511169434,8.730169296264648,2.7752415396305663,8.765278744237776,0.0,0,two_ankles,accepted,2.7617125511169434,8.730169296264648,0.020607657751632105
290,9.666666666666666,detected,1,16,0.8755608201026917,ankle_midpoint,707.33203125,580.3894653320312,0.9858273267745972,0.9934815168380737,0.6656569242477417,0.6039614081382751,0.6339677505565604,0.5125308315775534,0.0,0,two_ankles,accepted,0.6656569242477417,0.6039614081382751,0.156343563001373
290,9.666666666666666,detected,2,5,0.8797711133956909,ankle_midpoint,1043.2568359375,598.52734375,0.9886751174926758,0.9911016225814819,3.7437996864318848,1.4741861820220947,3.7068745941340975,1.4580968203677753,0.0,0,two_ankles,accepted,3.7437996864318848,1.4741861820220947,0.026789638983465244
290,9.666666666666666,detected,3,1,0.9220899343490601,ankle_midpoint,855.1092529296875,886.6619873046875,0.9850281476974487,0.996081531047821,2.429961681365967,10.911931037902832,2.311623293261556,10.842791895290537,0.0,0,two_ankles,accepted,2.429961681365967,10.911931037902832,0.12986937551108918
290,9.666666666666666,detected,4,12,0.872247040271759,ankle_midpoint,920.5164794921875,794.9942626953125,0.9224536418914795,0.9677423238754272,2.76786732673645,8.7409029006958,2.7719231438282144,8.754309614643887,0.0,0,two_ankles,accepted,2.76786732673645,8.7409029006958,0.012373016083838612
291,9.7,detected,1,16,0.8677555918693542,ankle_midpoint,711.411376953125,584.07421875,0.9851672053337097,0.9922875165939331,0.7207648754119873,0.8023200035095215,0.6730264567415025,0.642935958946939,0.0,0,two_ankles,accepted,0.7207648754119873,0.8023200035095215,0.20587136430104772
291,9.7,detected,2,5,0.8686701655387878,ankle_midpoint,1044.2449951171875,597.672607421875,0.9904996752738953,0.9922257661819458,3.7537453174591064,1.430261254310608,3.7279664196303512,1.44557081564205,0.0,0,two_ankles,accepted,3.7537453174591064,1.430261254310608,0.04503681661695215
291,9.7,detected,3,1,0.9005410075187683,ankle_midpoint,867.213134765625,890.8262939453125,0.9807738661766052,0.994442880153656,2.5020639896392822,10.996973991394043,2.3973216066315333,10.912173838537115,0.0,0,two_ankles,accepted,2.5020639896392822,10.996973991394043,0.1114946043396203
291,9.7,detected,4,12,0.8911137580871582,ankle_midpoint,923.8197021484375,796.8720703125,0.899686336517334,0.9172729849815369,2.789935827255249,8.790311813354492,2.78002885137038,8.77051060406366,0.0,0,two_ankles,accepted,2.789935827255249,8.790311813354492,0.05411339358479026
292,9.733333333333333,detected,1,16,0.8625588417053223,ankle_midpoint,713.8868408203125,585.6802978515625,0.9900493621826172,0.9953965544700623,0.750892162322998,0.887688934803009,0.7080660242531756,0.7530747980821706,0.0,0,two_ankles,accepted,0.750892162322998,0.887688934803009,0.09052904421681783
292,9.733333333333333,detected,2,5,0.8657150864601135,ankle_midpoint,1045.70703125,595.91845703125,0.9723683595657349,0.9800666570663452,3.7691824436187744,1.3397959470748901,3.746513630425142,1.3979721247868282,0.0,0,two_ankles,accepted,3.7691824436187744,1.3397959470748901,0.09177296267050725
292,9.733333333333333,detected,3,1,0.8991581797599792,ankle_midpoint,876.9791259765625,896.7843627929688,0.9701149463653564,0.9925240874290466,2.561366081237793,11.11805534362793,2.4711416202043504,11.004820515827982,0.0,0,two_ankles,accepted,2.561366081237793,11.11805534362793,0.13482370684247152
292,9.733333333333333,detected,4,12,0.8981547355651855,ankle_midpoint,923.8116455078125,803.7393798828125,0.848865270614624,0.8760666251182556,2.7926485538482666,8.970576286315918,2.7857077174854292,8.860540161077175,0.0,0,two_ankles,accepted,2.7926485538482666,8.970576286315918,0.18028488316447686
293,9.766666666666667,detected,1,16,0.8742530345916748,ankle_midpoint,716.955322265625,586.5567626953125,0.9912713766098022,0.9947457313537598,0.7828888297080994,0.9336023330688477,0.7417362867078914,0.8343121888261753,0.0,0,two_ankles,accepted,0.7828888297080994,0.9336023330688477,0.05596272745381804
293,9.766666666666667,detected,2,5,0.8707374334335327,ankle_midpoint,1046.7825927734375,596.41162109375,0.9889412522315979,0.9905310273170471,3.7781600952148438,1.3649179935455322,3.760754539580508,1.383097765728245,0.0,0,two_ankles,accepted,3.7781600952148438,1.3649179935455322,0.02667799555914025
293,9.766666666666667,detected,3,1,0.9061875343322754,ankle_midpoint,877.6920166015625,899.1212158203125,0.9734452366828918,0.9925302863121033,2.5668606758117676,11.165436744689941,2.5142151952276883,11.077097818815865,0.0,0,two_ankles,accepted,2.5668606758117676,11.165436744689941,0.047698928039648404
293,9.766666666666667,detected,4,12,0.898544192314148,ankle_midpoint,921.3428955078125,793.922119140625,0.9229165315628052,0.9604076743125916,2.7727341651916504,8.712173461914062,2.779869618953229,8.793775146453775,0.0,0,two_ankles,accepted,2.7727341651916504,8.712173461914062,0.2591690616844976
294,9.8,detected,1,16,0.8859899640083313,ankle_midpoint,716.4754638671875,587.5914306640625,0.9929510354995728,0.9948853850364685,0.7832489013671875,0.9886584281921387,0.7604169633045748,0.9037679965408589,0.0,0,two_ankles,accepted,0.7832489013671875,0.9886584281921387,0.055057272560712155
294,9.8,detected,2,5,0.8740675449371338,ankle_midpoint,1051.0745849609375,596.2674560546875,0.983412504196167,0.9850879311561584,3.816850185394287,1.3564186096191406,3.785997580196709,1.3710921454791483,0.0,0,two_ankles,accepted,3.816850185394287,1.3564186096191406,0.03961265713407349
294,9.8,detected,3,1,0.8926361203193665,ankle_midpoint,882.0302124023438,902.626708984375,0.9345415234565735,0.9826372265815735,2.5933454036712646,11.235618591308594,2.5498237890272977,11.148432166437594,0.0,0,two_ankles,accepted,2.5933454036712646,11.235618591308594,0.0750128815910685
294,9.8,detected,4,12,0.8923020362854004,ankle_midpoint,913.587158203125,791.1402587890625,0.9408882856369019,0.9745274782180786,2.7212374210357666,8.638700485229492,2.753485129890371,8.723991548902848,0.0,0,two_ankles,accepted,2.7212374210357666,8.638700485229492,0.0897228675508533
295,9.833333333333334,detected,1,16,0.8712165355682373,ankle_midpoint,717.8980102539062,586.5940551757812,0.9866873621940613,0.9886617660522461,0.7916408181190491,0.9353420734405518,0.7744676979710883,0.9179763311457207,0.0,0,two_ankles,accepted,0.7916408181190491,0.9353420734405518,0.05397275192879496
295,9.833333333333334,detected,2,5,0.8727807402610779,ankle_midpoint,1054.406005859375,593.5916748046875,0.9766228199005127,0.9777519106864929,3.85076904296875,1.2171149253845215,3.8151447384441273,1.3018023964365661,0.0,0,two_ankles,accepted,3.85076904296875,1.2171149253845215,0.14337365636857832
295,9.833333333333334,detected,3,1,0.8760802149772644,ankle_midpoint,880.960205078125,906.1783447265625,0.9327624440193176,0.9829685091972351,2.5894813537597656,11.306760787963867,2.5676696931569083,11.219680046124418,0.0,0,two_ankles,accepted,2.5894813537597656,11.306760787963867,0.07124705626660062
295,9.833333333333334,detected,4,12,0.8872535824775696,ankle_midpoint,910.5001220703125,790.7293701171875,0.9413934946060181,0.9787110686302185,2.7010014057159424,8.628089904785156,2.7298674540118784,8.680835809049887,0.0,0,two_ankles,accepted,2.7010014057159424,8.628089904785156,0.0228490860515226
296,9.866666666666667,detected,1,16,0.8939494490623474,ankle_midpoint,720.8897705078125,585.8182373046875,0.9841262102127075,0.9868992567062378,0.8153804540634155,0.8932327628135681,0.7928784382126355,0.9068417253962522,0.0,0,two_ankles,accepted,0.8153804540634155,0.8932327628135681,0.048340090569328205
296,9.866666666666667,detected,2,5,0.8931832909584045,ankle_midpoint,1059.17724609375,593.921875,0.9704533815383911,0.9738267660140991,3.893260955810547,1.2330693006515503,3.850297036259016,1.270872503333309,0.0,0,two_ankles,accepted,3.893260955810547,1.2330693006515503,0.0453883767843271
296,9.866666666666667,detected,3,1,0.8837944865226746,ankle_midpoint,880.7837524414062,910.6509399414062,0.9450210928916931,0.9857557415962219,2.591155529022217,11.395341873168945,2.578238319296297,11.298727868294456,0.0,0,two_ankles,accepted,2.591155529022217,11.395341873168945,0.08859690468023539
296,9.866666666666667,detected,4,12,0.8876726627349854,ankle_midpoint,906.3086547851562,793.001708984375,0.9021186232566833,0.9515422582626343,2.6751108169555664,8.689783096313477,2.7052269673365386,8.684862088318503,0.0,0,two_ankles,accepted,2.6751108169555664,8.689783096313477,0.06690569831717565
297,9.9,detected,1,16,0.8910048007965088,ankle_midpoint,722.572021484375,586.5062255859375,0.9823761582374573,0.9864957928657532,0.8337985873222351,0.9294585585594177,0.8112925053119553,0.9170193003196767,0.0,0,two_ankles,accepted,0.8337985873222351,0.9294585585594177,0.040639093372756875
297,9.9,detected,2,5,0.8853996992111206,ankle_midpoint,1067.33642578125,594.029541015625,0.9767658710479736,0.9793198704719543,3.966599941253662,1.236591100692749,3.902633343506607,1.2554458721450572,0.0,0,two_ankles,accepted,3.966599941253662,1.236591100692749,0.07342349665710328
297,9.9,detected,3,1,0.894053041934967,ankle_midpoint,880.09521484375,920.646728515625,0.9671199321746826,0.9882611632347107,2.5932207107543945,11.589920043945312,2.5849803954524413,11.429764347337343,0.0,0,two_ankles,accepted,2.5932207107543945,11.589920043945312,0.19458913001055336
297,9.9,detected,4,12,0.885499894618988,ankle_midpoint,905.4434814453125,796.8624267578125,0.8921156525611877,0.9410439729690552,2.6717379093170166,8.792768478393555,2.690156891227754,8.733419963852278,0.0,0,two_ankles,accepted,2.6717379093170166,8.792768478393555,0.10304060087226716
298,9.933333333333334,detected,1,16,0.8996185064315796,ankle_midpoint,724.9089965820312,585.718505859375,0.9882303476333618,0.9907129406929016,0.8515847325325012,0.8868660926818848,0.8294240075612009,0.9034503568826704,0.0,0,two_ankles,accepted,0.8515847325325012,0.8868660926818848,0.04615696167393909
298,9.933333333333334,detected,2,5,0.8852864503860474,ankle_midpoint,1070.217041015625,595.3331298828125,0.9884821176528931,0.9895380735397339,3.9902210235595703,1.3033993244171143,3.9420477995304406,1.277024925667483,0.0,0,two_ankles,accepted,3.9902210235595703,1.3033993244171143,0.07086109148543598
298,9.933333333333334,detected,3,1,0.8844686150550842,ankle_midpoint,881.762451171875,922.4099731445312,0.9708194136619568,0.9887444972991943,2.603358030319214,11.623556137084961,2.593250331142489,11.516970652723773,0.0,0,two_ankles,accepted,2.603358030319214,11.623556137084961,0.03513049970692665
298,9.933333333333334,detected,4,12,0.870459258556366,ankle_midpoint,904.9075927734375,799.6966552734375,0.9446626305580139,0.965896487236023,2.6699209213256836,8.86764907836914,2.681050704771822,8.793823065384867,0.0,0,two_ankles,accepted,2.6699209213256836,8.86764907836914,0.07490264146253034
299,9.966666666666667,detected,1,16,0.8953748941421509,ankle_midpoint,730.21142578125,585.5802001953125,0.983960747718811,0.9871463775634766,0.8993433713912964,0.878102719783783,0.8608877212847439,0.8920439201881711,0.0,0,two_ankles,accepted,0.8993433713912964,0.878102719783783,0.048555991290426814
299,9.966666666666667,detected,2,5,0.8809300661087036,ankle_midpoint,1075.85791015625,596.92138671875,0.9813774228096008,0.9827043414115906,4.037934303283691,1.3838037252426147,3.985196726219404,1.3250753854762924,0.0,0,two_ankles,accepted,4.037934303283691,1.3838037252426147,0.09349558670942693
299,9.966666666666667,detected,3,1,0.8645601272583008,ankle_midpoint,878.163818359375,926.9527587890625,0.9486216306686401,0.9787710309028625,2.5863587856292725,11.710466384887695,2.590149135661542,11.604043732197539,0.0,0,two_ankles,accepted,2.5863587856292725,11.710466384887695,0.08855713123832093
299,9.966666666666667,detected,4,12,0.9129325151443481,ankle_midpoint,907.718505859375,796.0673217773438,0.9462041854858398,0.935306966304779,2.6859304904937744,8.771340370178223,2.6832466083467006,8.783705852541877,0.0,0,two_ankles,accepted,2.6859304904937744,8.771340370178223,0.0976302902707519
300,10.0,detected,1,16,0.8948675990104675,ankle_midpoint,735.361083984375,585.4647827148438,0.9794960618019104,0.984865665435791,0.9458348155021667,0.8705970644950867,0.8991139136825842,0.8823928351262832,0.0,0,two_ankles,accepted,0.9458348155021667,0.8705970644950867,0.04709340969633561
300,10.0,detected,2,5,0.8943067193031311,ankle_midpoint,1080.269287109375,599.0023803710938,0.9794986844062805,0.9795910120010376,4.073418140411377,1.4891531467437744,4.024896362605792,1.3989103780466594,0.0,0,two_ankles,accepted,4.073418140411377,1.4891531467437744,0.11116475749055146
300,10.0,detected,3,1,0.8735776543617249,ankle_midpoint,879.217041015625,933.2127075195312,0.9477910995483398,0.9793837666511536,2.595679759979248,11.828024864196777,2.5926379166045095,11.704835241597198,0.0,0,two_ankles,accepted,2.595679759979248,11.828024864196777,0.117927420985523
300,10.0,detected,4,12,0.9044488072395325,ankle_midpoint,904.30029296875,801.78759765625,0.971836507320404,0.9733561277389526,2.667235851287842,8.922542572021484,2.676041767670214,8.8461823763077,0.0,0,two_ankles,accepted,2.667235851287842,8.922542572021484,0.15235352105314287
301,10.033333333333333,detected,1,16,0.8849205374717712,ankle_midpoint,738.9774169921875,587.902587890625,0.9779087901115417,0.9835360050201416,0.9890041351318359,0.9993317127227783,0.9395645133347476,0.935015330044706,0.0,0,two_ankles,accepted,0.9890041351318359,0.9993317127227783,0.13577996837382184
301,10.033333333333333,detected,2,5,0.8952573537826538,ankle_midpoint,1082.224609375,600.11669921875,0.9801677465438843,0.9806802272796631,4.088678359985352,1.5453184843063354,4.053598261426593,1.4647940258635137,0.0,0,two_ankles,accepted,4.088678359985352,1.5453184843063354,0.058201541602970856
301,10.033333333333333,detected,3,1,0.8783974647521973,ankle_midpoint,879.7420654296875,936.4945068359375,0.9514032602310181,0.9785868525505066,2.60036563873291,11.888968467712402,2.59611539156229,11.787695193349041,0.0,0,two_ankles,accepted,2.60036563873291,11.888968467712402,0.061123483778035115
301,10.033333333333333,detected,4,12,0.9177256226539612,ankle_midpoint,899.0814208984375,795.831298828125,0.9602296948432922,0.9568139314651489,2.63017201423645,8.76634693145752,2.6554003786250204,8.81025642612512,0.0,0,two_ankles,accepted,2.63017201423645,8.76634693145752,0.16053288182848835
302,10.066666666666666,detected,1,16,0.8819472789764404,ankle_midpoint,746.345458984375,591.0010986328125,0.9775281548500061,0.9836726784706116,1.0682969093322754,1.1604697704315186,0.9974940915336352,1.0364698282187716,0.0,0,two_ankles,accepted,1.0682969093322754,1.1604697704315186,0.17959069486626297
302,10.066666666666666,detected,2,5,0.8971384763717651,ankle_midpoint,1083.93896484375,602.306396484375,0.9829278588294983,0.9819403290748596,4.099605083465576,1.6555111408233643,4.074301331344136,1.5506167275954463,0.0,0,two_ankles,accepted,4.099605083465576,1.6555111408233643,0.110733079232419
302,10.066666666666666,detected,3,1,0.8773967027664185,ankle_midpoint,876.8555297851562,935.0269165039062,0.9835960865020752,0.993312656879425,2.583993911743164,11.862070083618164,2.5906607256436835,11.821163893970148,0.0,0,two_ankles,accepted,2.583993911743164,11.862070083618164,0.03148899032214199
302,10.066666666666666,detected,4,12,0.9010568857192993,ankle_midpoint,881.6483154296875,800.0849609375,0.9565105438232422,0.9538012742996216,2.5212442874908447,8.881258010864258,2.5950301376146414,8.842207139257733,0.0,0,two_ankles,accepted,2.5212442874908447,8.881258010864258,0.15833447452903932
303,10.1,detected,1,16,0.877265989780426,ankle_midpoint,753.4544677734375,590.2366943359375,0.9878761768341064,0.9909043908119202,1.1295353174209595,1.1186140775680542,1.056912643182931,1.0734347404259488,0.0,0,two_ankles,accepted,1.1295353174209595,1.1186140775680542,0.07417574839741672
303,10.1,detected,2,5,0.8973679542541504,ankle_midpoint,1086.6356201171875,600.6640014648438,0.9892258048057556,0.9899625182151794,4.1268463134765625,1.571958303451538,4.097946573303728,1.5602204367306878,0.0,0,two_ankles,accepted,4.1268463134765625,1.571958303451538,0.08788151822422217
303,10.1,detected,3,1,0.8748273253440857,ankle_midpoint,878.2203369140625,935.4716796875,0.974780261516571,0.9888994097709656,2.5915989875793457,11.870176315307617,2.5910829435147313,11.84321948357201,0.0,0,two_ankles,accepted,2.5915989875793457,11.870176315307617,0.011115222475378887
303,10.1,detected,4,12,0.8867540955543518,ankle_midpoint,880.0256958007812,810.3535766601562,0.9780880212783813,0.9750193357467651,2.518901824951172,9.147242546081543,2.5607723969160805,8.979473072328448,0.0,0,two_ankles,accepted,2.518901824951172,9.147242546081543,0.265994849772519
304,10.133333333333333,detected,1,16,0.8970557451248169,ankle_midpoint,758.4119262695312,590.4921875,0.9889360070228577,0.991970419883728,1.1753233671188354,1.1307426691055298,1.110197468954088,1.0992233083317604,0.0,0,two_ankles,accepted,1.1753233671188354,1.1307426691055298,0.04736716402549433
304,10.133333333333333,detected,2,5,0.9010388851165771,ankle_midpoint,1086.863525390625,600.738525390625,0.9899068474769592,0.9906935095787048,4.128722190856934,1.5756741762161255,4.111795601202671,1.5671746194991347,0.0,0,two_ankles,accepted,4.128722190856934,1.5756741762161255,0.004162526438209173
304,10.133333333333333,detected,3,1,0.8432206511497498,ankle_midpoint,880.5950317382812,937.988525390625,0.9504798054695129,0.9750794768333435,2.6057820320129395,11.916488647460938,2.597697533338925,11.876190607322027,0.0,0,two_ankles,accepted,2.6057820320129395,11.916488647460938,0.04843542978940892
304,10.133333333333333,detected,4,12,0.8758001327514648,ankle_midpoint,879.1309204101562,804.90771484375,0.9545955657958984,0.9518484473228455,2.5089752674102783,9.007379531860352,2.5374636886384696,8.992030979117805,0.0,0,two_ankles,accepted,2.5089752674102783,9.007379531860352,0.14021483263781281
305,10.166666666666666,detected,1,16,0.8847998976707458,ankle_midpoint,763.2540283203125,588.9501953125,0.9778451323509216,0.9837368130683899,1.213403344154358,1.0484322309494019,1.1566401127942094,1.076367323509699,0.0,0,two_ankles,accepted,1.213403344154358,1.0484322309494019,0.09069229780129996
305,10.166666666666666,detected,2,5,0.8883838653564453,ankle_midpoint,1087.3843994140625,600.8977661132812,0.9897266030311584,0.9901037812232971,4.133029460906982,1.583601951599121,4.1213508380696116,1.5745669189441287,0.0,0,two_ankles,accepted,4.133029460906982,1.583601951599121,0.009022316654123749
305,10.166666666666666,detected,3,1,0.8347059488296509,ankle_midpoint,875.8851928710938,922.28076171875,0.9578431248664856,0.9837892055511475,2.5711512565612793,11.621755599975586,2.585751708788985,11.761694854016127,0.0,0,two_ankles,accepted,2.5711512565612793,11.621755599975586,0.2967606104057373
305,10.166666666666666,detected,4,12,0.885745644569397,ankle_midpoint,876.8016357421875,809.7183837890625,0.9900997281074524,0.9860740900039673,2.4980480670928955,9.131484985351562,2.5197266589429614,9.054785281922996,0.0,0,two_ankles,accepted,2.4980480670928955,9.131484985351562,0.12458558220370178
306,10.2,detected,1,16,0.8751307725906372,ankle_midpoint,769.7781982421875,590.5134887695312,0.9808083772659302,0.9849652051925659,1.2781345844268799,1.1289516687393188,1.2113126250289112,1.100030278863028,0.0,0,two_ankles,accepted,1.2781345844268799,1.1289516687393188,0.10331269684420828
306,10.2,detected,2,5,0.8859942555427551,ankle_midpoint,1087.814208984375,600.6851806640625,0.9888417720794678,0.9896697402000427,4.137287616729736,1.572737693786621,4.128522388466668,1.5737437676232502,0.0,0,two_ankles,accepted,4.137287616729736,1.572737693786621,0.01166893263444949
306,10.2,detected,3,1,0.8682472109794617,ankle_midpoint,871.3399658203125,909.1283569335938,0.9854239821434021,0.9967166781425476,2.5377988815307617,11.366411209106445,2.5641729365227848,11.583817213806771,0.0,0,two_ankles,accepted,2.5377988815307617,11.366411209106445,0.25751337609628894
306,10.2,detected,4,12,0.8928198218345642,ankle_midpoint,874.090576171875,817.1749267578125,0.9839224815368652,0.9838396906852722,2.4870171546936035,9.320494651794434,2.5050073820307506,9.174354498365144,0.0,0,two_ankles,accepted,2.4870171546936035,9.320494651794434,0.18933128383129463
307,10.233333333333333,detected,1,16,0.8771288990974426,ankle_midpoint,772.0418701171875,592.1229248046875,0.9889583587646484,0.9901074171066284,1.3042398691177368,1.2124700546264648,1.253129884868883,1.1506281779565746,0.0,0,two_ankles,accepted,1.3042398691177368,1.2124700546264648,0.08750318091352403
307,10.233333333333333,detected,2,5,0.8845657706260681,ankle_midpoint,1087.83154296875,601.2291870117188,0.9882311224937439,0.9892405867576599,4.136326313018799,1.6002442836761475,4.132034154515127,1.5856689998470541,0.0,0,two_ankles,accepted,4.136326313018799,1.6002442836761475,0.027523382644131088
307,10.233333333333333,detected,3,1,0.879011869430542,ankle_midpoint,868.3336791992188,910.19287109375,0.9785061478614807,0.993735134601593,2.5218212604522705,11.387776374816895,2.5451146822910538,11.495598836261326,0.0,0,two_ankles,accepted,2.5218212604522705,11.387776374816895,0.026678730876164288
307,10.233333333333333,detected,4,12,0.8815013766288757,ankle_midpoint,872.8240966796875,815.0297241210938,0.9462859034538269,0.952252209186554,2.477337121963501,9.266803741455078,2.492555765000488,9.215956657755616,0.0,0,two_ankles,accepted,2.477337121963501,9.266803741455078,0.054556547606355775
308,10.266666666666667,detected,1,16,0.8929949402809143,ankle_midpoint,775.7117309570312,592.6460571289062,0.9819851517677307,0.9847034811973572,1.3391008377075195,1.2387580871582031,1.2918168136462695,1.1902866370973075,0.0,0,two_ankles,accepted,1.3391008377075195,1.2387580871582031,0.043661742812301334
308,10.266666666666667,detected,2,5,0.8881133198738098,ankle_midpoint,1088.05419921875,600.05029296875,0.9884549379348755,0.988431990146637,4.140730381011963,1.5404975414276123,4.1359474564387035,1.5653418435583055,0.0,0,two_ankles,accepted,4.140730381011963,1.5404975414276123,0.05990883928270776
308,10.266666666666667,detected,3,1,0.87372887134552,ankle_midpoint,856.7474365234375,898.0289916992188,0.9872730374336243,0.9961673617362976,2.4482576847076416,11.145797729492188,2.5015290333785183,11.338188338215215,0.0,0,two_ankles,accepted,2.4482576847076416,11.145797729492188,0.25291355137579347
308,10.266666666666667,detected,4,12,0.877139151096344,ankle_midpoint,880.3373413085938,808.0975341796875,0.9647446274757385,0.96717369556427,2.5191268920898438,9.089458465576172,2.504512772190698,9.159032471274866,0.0,0,two_ankles,accepted,2.5191268920898438,9.089458465576172,0.18220244719481113
309,10.3,detected,1,16,0.8940810561180115,ankle_midpoint,777.522705078125,592.620361328125,0.9839433431625366,0.9861710667610168,1.3553156852722168,1.2369621992111206,1.320391305877946,1.2112906400485235,0.0,0,two_ankles,accepted,1.3553156852722168,1.2369621992111206,0.016313996906486317
309,10.3,detected,2,5,0.8884296417236328,ankle_midpoint,1087.33056640625,599.6124877929688,0.9878113865852356,0.9879348278045654,4.135183334350586,1.5184407234191895,4.135603601499051,1.5442363394957033,0.0,0,two_ankles,accepted,4.135183334350586,1.5184407234191895,0.022743635314526563
309,10.3,detected,3,1,0.5340065956115723,ankle_midpoint,852.663818359375,879.0059204101562,0.9841650128364563,0.9927316308021545,2.4096081256866455,10.750811576843262,2.4610577467836015,11.18895793017456,0.0,0,two_ankles,corrected_motion_outlier,2.411592840945369,11.006565209235983,0.39687258559507227
309,10.3,detected,4,12,0.7829521894454956,ankle_midpoint,884.3651123046875,809.5758056640625,0.9449589848518372,0.9545953869819641,2.5457139015197754,9.126754760742188,2.5230532803887833,9.144507501535161,0.0,0,two_ankles,accepted,2.5457139015197754,9.126754760742188,0.04580264952530404
310,10.333333333333334,detected,1,16,0.8934457898139954,ankle_midpoint,780.631591796875,594.385498046875,0.9758910536766052,0.9819986820220947,1.3891732692718506,1.3276280164718628,1.351343189405203,1.2636424594390263,0.0,0,two_ankles,accepted,1.3891732692718506,1.3276280164718628,0.0967813329824019
310,10.333333333333334,detected,2,5,0.887925922870636,ankle_midpoint,1087.728515625,597.4608154296875,0.983364999294281,0.9845010042190552,4.143181800842285,1.4085004329681396,4.1390137912035065,1.4831551815582997,0.0,0,two_ankles,accepted,4.143181800842285,1.4085004329681396,0.11023086197013987
310,10.333333333333334,detected,3,1,0.6535595655441284,ankle_midpoint,845.867919921875,868.0278930664062,0.9868284463882446,0.9941561222076416,2.3605048656463623,10.51470947265625,2.4222993594633744,11.044226571636909,0.0,0,two_ankles,corrected_motion_outlier,2.3749279971830966,10.867332688979777,0.31858003122034495
310,10.333333333333334,detected,4,12,0.6302114129066467,ankle_midpoint,899.8816528320312,811.15673828125,0.9165217280387878,0.9131664037704468,2.644692897796631,9.164871215820312,2.577791108222315,9.15367117296348,0.0,0,two_ankles,accepted,2.644692897796631,9.164871215820312,0.10606463054051755
311,10.366666666666667,detected,1,16,0.8647534847259521,ankle_midpoint,787.12744140625,595.0997314453125,0.9602656364440918,0.9704110026359558,1.4497357606887817,1.3628171682357788,1.3956198464828136,1.3082710783975648,0.0,0,two_ankles,accepted,1.4497357606887817,1.3628171682357788,0.07004349911654738
311,10.366666666666667,detected,2,5,0.8818251490592957,ankle_midpoint,1087.0118408203125,597.0262451171875,0.9820488095283508,0.9835341572761536,4.137664318084717,1.3863840103149414,4.1384065283000515,1.4396081544987887,0.0,0,two_ankles,accepted,4.137664318084717,1.3863840103149414,0.022794270485254942
311,10.366666666666667,detected,4,12,0.7957725524902344,ankle_midpoint,855.814697265625,841.1392211914062,0.9824311137199402,0.9898716807365417,2.395158052444458,9.903969764709473,2.6272112423302696,9.162760310514539,0.13649667269647114,0,two_ankles,corrected_motion_outlier,2.6876136284622136,9.173869256410278,0.7800860875666192
311,10.366666666666667,predicted,3,,,motion_prediction,,,,,,,2.338263153420824,10.728100168723572,,1,,motion_prediction,2.338263153420824,10.728100168723572,
312,10.4,detected,1,16,0.864284873008728,ankle_midpoint,790.798583984375,594.2947387695312,0.9722122550010681,0.9762722849845886,1.4801082611083984,1.3203716278076172,1.4336396330643268,1.3137163256320885,0.0,0,two_ankles,accepted,1.4801082611083984,1.3203716278076172,0.052193032906493554
312,10.4,detected,2,5,0.8626633882522583,ankle_midpoint,1086.515380859375,597.00439453125,0.9804776310920715,0.9824804663658142,4.133261203765869,1.3853868246078491,4.136091132259669,1.415208556047866,0.0,0,two_ankles,accepted,4.133261203765869,1.3853868246078491,0.0045146201434085684
312,10.4,detected,4,12,0.8348751664161682,ankle_midpoint,850.8214721679688,834.15771484375,0.9845477938652039,0.9915322661399841,2.358283758163452,9.739252090454102,2.6737066448891564,9.171808454433107,0.01942852367150294,0,two_ankles,corrected_motion_outlier,2.730534359127796,9.182867297000243,0.32091415690589836
312,10.4,predicted,3,,,motion_prediction,,,,,,,2.301598309658551,10.588867648467367,,2,,motion_prediction,2.301598309658551,10.588867648467367,
313,10.433333333333334,detected,1,16,0.8879678845405579,ankle_midpoint,790.829833984375,592.9156494140625,0.9740168452262878,0.9781990051269531,1.4760525226593018,1.248927116394043,1.4527254333820656,1.284561181474968,0.0,0,two_ankles,accepted,1.4760525226593018,1.248927116394043,0.07155953623027345
313,10.433333333333334,detected,2,5,0.874842643737793,ankle_midpoint,1086.8487548828125,596.7762451171875,0.9808699488639832,0.983070433139801,4.136719703674316,1.3735812902450562,4.136373989396261,1.3964762864366016,0.0,0,two_ankles,accepted,4.136719703674316,1.3735812902450562,0.012301701638708985
313,10.433333333333334,detected,4,12,0.8283935785293579,ankle_midpoint,853.4910278320312,830.5439453125,0.9887027740478516,0.9918935298919678,2.3711769580841064,9.652061462402344,2.537568285826884,9.387922308019263,0.0,0,two_ankles,accepted,2.3711769580841064,9.652061462402344,0.18623918481395121
313,10.433333333333334,predicted,3,,,motion_prediction,,,,,,,2.2649334658962785,10.449635128211163,,3,,motion_prediction,2.2649334658962785,10.449635128211163,
314,10.466666666666667,detected,1,16,0.89662104845047,ankle_midpoint,797.94873046875,591.7561645507812,0.9799923300743103,0.984433650970459,1.5365978479385376,1.186751365661621,1.4904680199324782,1.240546764358962,0.0,0,two_ankles,accepted,1.5365978479385376,1.186751365661621,0.0867845630991407
314,10.466666666666667,detected,2,5,0.8733351826667786,ankle_midpoint,1086.408935546875,597.1558837890625,0.9771713018417358,0.9803236722946167,4.131995677947998,1.393190860748291,4.134403749244543,1.3949978448768618,0.0,0,two_ankles,accepted,4.131995677947998,1.393190860748291,0.020170564552938437
314,10.466666666666667,detected,4,12,0.841376006603241,ankle_midpoint,880.417236328125,823.52197265625,0.9736229777336121,0.9832795858383179,2.5313167572021484,9.477169036865234,2.5347550979457534,9.42808333599995,0.0,0,two_ankles,accepted,2.5313167572021484,9.477169036865234,0.23713311825179584
314,10.466666666666667,predicted,3,,,motion_prediction,,,,,,,2.228268622134006,10.310402607954957,,4,,motion_prediction,2.228268622134006,10.310402607954957,
315,10.5,detected,1,16,0.8879455327987671,ankle_midpoint,805.1463623046875,593.63720703125,0.9853929877281189,0.9876453280448914,1.6069823503494263,1.2827255725860596,1.542899468620105,1.259527228061156,0.0,0,two_ankles,accepted,1.6069823503494263,1.2827255725860596,0.11901691717736318
315,10.5,detected,2,5,0.8878400921821594,ankle_midpoint,1085.6640625,596.6651611328125,0.9800062775611877,0.9825326204299927,4.126327991485596,1.3681684732437134,4.1307696582530165,1.3829246276419451,0.0,0,two_ankles,accepted,4.126327991485596,1.3681684732437134,0.025656237960101278
315,10.5,detected,3,1,0.6025633811950684,ankle_midpoint,833.0157470703125,819.6978759765625,0.9335432648658752,0.9094759821891785,2.2332041263580322,9.389213562011719,2.3372065045659705,10.299470717305574,0.1330623200085138,0,two_ankles,accepted,2.2332041263580322,9.389213562011719,0.2528142001631238
315,10.5,detected,4,12,0.845902681350708,ankle_midpoint,877.2685546875,830.815673828125,0.9902543425559998,0.994276225566864,2.5173490047454834,9.655359268188477,2.526922356005632,9.530357505484787,0.0,0,two_ankles,accepted,2.5173490047454834,9.655359268188477,0.17873683629213435
316,10.533333333333333,detected,1,16,0.8757535219192505,ankle_midpoint,805.6617431640625,593.1048583984375,0.9613184332847595,0.9683859944343567,1.61007821559906,1.2549875974655151,1.5731299047606349,1.2574843942931175,0.0,0,two_ankles,accepted,1.61007821559906,1.2549875974655151,0.027910206832480338
316,10.533333333333333,detected,2,5,0.8787946105003357,ankle_midpoint,1085.217041015625,596.5775146484375,0.9790560603141785,0.980693519115448,4.122498989105225,1.3637733459472656,4.12704785713651,1.3743065508793393,0.0,0,two_ankles,accepted,4.122498989105225,1.3637733459472656,0.005829099688705593
316,10.533333333333333,detected,4,12,0.8812422156333923,ankle_midpoint,871.9017333984375,839.9901733398438,0.989274799823761,0.9911812543869019,2.491637945175171,9.874794006347656,2.511044371131925,9.68535393087308,0.0,0,two_ankles,accepted,2.491637945175171,9.874794006347656,0.2209358796013357
316,10.533333333333333,predicted,3,,,motion_prediction,,,,,,,2.1986192999950744,9.210883215471162,,1,,motion_prediction,2.1986192999950744,9.210883215471162,
317,10.566666666666666,detected,1,16,0.8712577223777771,ankle_midpoint,810.3734130859375,589.3775634765625,0.9698505401611328,0.9675157070159912,1.641937255859375,1.0588505268096924,1.604093212755068,1.1680991539255763,0.0,0,two_ankles,accepted,1.641937255859375,1.0588505268096924,0.19870769721315673
317,10.566666666666666,detected,2,5,0.8826922178268433,ankle_midpoint,1085.637939453125,596.467529296875,0.9795305132865906,0.9810178279876709,4.126498222351074,1.358008623123169,4.126800521483064,1.3669724833890626,0.0,0,two_ankles,accepted,4.126498222351074,1.358008623123169,0.007016116860013807
317,10.566666666666666,detected,4,12,0.8237218856811523,ankle_midpoint,868.1398315429688,867.7099609375,0.9890720844268799,0.9902961850166321,2.4904425144195557,10.504916191101074,2.506992568539603,9.819514173731019,0.0,0,two_ankles,corrected_motion_outlier,2.5020403653712093,9.983487803890721,0.6301233187028648
317,10.566666666666666,predicted,3,,,motion_prediction,,,,,,,2.164034473632117,9.032552868930605,,2,,motion_prediction,2.164034473632117,9.032552868930605,
318,10.6,detected,1,16,0.8606120944023132,ankle_midpoint,809.6824951171875,592.725341796875,0.955350935459137,0.9509993195533752,1.6451835632324219,1.2342491149902344,1.6225838704698772,1.1978666364046724,0.0,0,two_ankles,accepted,1.6451835632324219,1.2342491149902344,0.17542862721713257
318,10.6,detected,2,5,0.8807029724121094,ankle_midpoint,1085.1864013671875,596.588623046875,0.9813730716705322,0.9834654331207275,4.122201442718506,1.3643524646759033,4.124730936039013,1.365793474968141,0.0,0,two_ankles,accepted,4.122201442718506,1.3643524646759033,0.007662025897701832
318,10.6,detected,4,12,0.848814845085144,ankle_midpoint,875.645751953125,877.176025390625,0.9879052639007568,0.9907112717628479,2.540846109390259,10.708898544311523,2.5094451662020436,9.942214516197264,0.0,0,two_ankles,corrected_motion_outlier,2.512442785567248,10.092181601433786,0.4177773999623889
318,10.6,predicted,3,,,motion_prediction,,,,,,,2.1294496472691593,8.85422252239005,,3,,motion_prediction,2.1294496472691593,8.85422252239005,
319,10.633333333333333,detected,1,16,0.8642001748085022,ankle_midpoint,810.536865234375,595.0394897460938,0.9635463953018188,0.9614524245262146,1.6593416929244995,1.3538118600845337,1.6391248905744573,1.26804198706061,0.0,0,two_ankles,accepted,1.6593416929244995,1.3538118600845337,0.12039810069457942
319,10.633333333333333,detected,2,5,0.8824239373207092,ankle_midpoint,1085.69384765625,596.421875,0.9817073941230774,0.9837004542350769,4.127093315124512,1.3556448221206665,4.125794006627488,1.3612265811867776,0.0,0,two_ankles,accepted,4.127093315124512,1.3556448221206665,0.009987665117854759
319,10.633333333333333,detected,3,19,0.4284290671348572,ankle_midpoint,934.5133056640625,815.3721923828125,0.9384632706642151,0.9278544783592224,2.8643102645874023,9.266682624816895,2.574403196575615,9.83471607568567,0.9700925962983454,0,two_ankles,accepted,2.8643102645874023,9.266682624816895,0.16072274035599138
319,10.633333333333333,detected,4,12,0.8229588270187378,ankle_midpoint,883.0032348632812,880.4931640625,0.9634519219398499,0.9825771450996399,2.585428476333618,10.778647422790527,2.515475184004603,10.058611913448079,0.0,0,two_ankles,corrected_motion_outlier,2.5228452057632866,10.200875398976851,0.30290219583049754
320,10.666666666666666,detected,1,16,0.8774788975715637,ankle_midpoint,811.5042114257812,596.1058349609375,0.9519922137260437,0.9613398313522339,1.6709538698196411,1.408397912979126,1.65344793123479,1.3312021537239422,0.0,0,two_ankles,accepted,1.6709538698196411,1.408397912979126,0.05580752478703286
320,10.666666666666666,detected,2,5,0.8802341818809509,ankle_midpoint,1084.342529296875,595.166015625,0.9820486903190613,0.9840059280395508,4.117523193359375,1.2911875247955322,4.1220721406568375,1.3297090058107173,0.0,0,two_ankles,accepted,4.117523193359375,1.2911875247955322,0.06516387349644208
320,10.666666666666666,detected,3,19,0.4302464425563812,ankle_midpoint,935.912841796875,813.779052734375,0.941615104675293,0.9196944832801819,2.8726346492767334,9.226279258728027,2.7086073502911185,9.560919508054731,0.0,0,two_ankles,accepted,2.8726346492767334,9.226279258728027,0.04125199839725334
320,10.666666666666666,detected,4,12,0.8622500896453857,ankle_midpoint,885.035400390625,880.5653076171875,0.9803871512413025,0.9895497560501099,2.5971665382385254,10.779925346374512,2.5522362934098686,10.383202958264974,0.0,0,two_ankles,accepted,2.5971665382385254,10.779925346374512,0.2278155814815931
321,10.7,detected,1,16,0.8795318603515625,ankle_midpoint,812.8309326171875,595.716552734375,0.9650593996047974,0.9674758911132812,1.681757926940918,1.3880741596221924,1.6661874293025476,1.356794556378155,0.0,0,two_ankles,accepted,1.681757926940918,1.3880741596221924,0.023017006773107633
321,10.7,detected,2,5,0.883569061756134,ankle_midpoint,1082.58203125,593.8452758789062,0.983601987361908,0.9857236742973328,4.104348659515381,1.2231441736221313,4.114096574143182,1.2817548313258538,0.0,0,two_ankles,accepted,4.104348659515381,1.2231441736221313,0.06930704135160656
321,10.7,detected,3,19,0.8415486216545105,ankle_midpoint,913.9165649414062,821.4297485351562,0.6804023385047913,0.9166689515113831,2.738008975982666,9.420842170715332,2.721838081852315,9.497884706252002,0.0,0,two_ankles,accepted,2.738008975982666,9.420842170715332,0.23659839101494465
321,10.7,detected,4,12,0.9061933159828186,ankle_midpoint,889.51611328125,884.755126953125,0.9883153438568115,0.9863796830177307,2.6253395080566406,10.867781639099121,2.5851327400009163,10.60126336464034,0.0,0,two_ankles,accepted,2.6253395080566406,10.867781639099121,0.09226290912216394
322,10.733333333333333,detected,1,16,0.8829457759857178,ankle_midpoint,812.994384765625,596.9000244140625,0.9589142799377441,0.9683889150619507,1.6864454746246338,1.4487121105194092,1.6753035496974864,1.3981574557417193,0.0,0,two_ankles,accepted,1.6864454746246338,1.4487121105194092,0.060818863786660675
322,10.733333333333333,detected,2,5,0.8860549926757812,ankle_midpoint,1081.181396484375,594.1280517578125,0.9834492802619934,0.9852744340896606,4.091159343719482,1.2381932735443115,4.103774820452517,1.2621521303241598,0.0,0,two_ankles,accepted,4.091159343719482,1.2381932735443115,0.020010833556643747
322,10.733333333333333,detected,3,19,0.8795555233955383,ankle_midpoint,912.521484375,824.0677490234375,0.7891810536384583,0.9454206824302673,2.730584144592285,9.486125946044922,2.7257738100853017,9.492593264158817,0.0,0,two_ankles,accepted,2.730584144592285,9.486125946044922,0.06570463790677146
322,10.733333333333333,detected,4,12,0.9095572233200073,ankle_midpoint,886.8338012695312,885.3125,0.9968671202659607,0.9954441785812378,2.6103124618530273,10.879802703857422,2.5964636148343665,10.726606067288028,0.0,0,two_ankles,accepted,2.6103124618530273,10.879802703857422,0.019243651304489733
323,10.766666666666667,detected,1,16,0.8716515302658081,ankle_midpoint,814.0968017578125,597.9346923828125,0.9636752605438232,0.9641615152359009,1.6990783214569092,1.5012571811676025,1.686002196989227,1.4445523321833669,0.0,0,two_ankles,accepted,1.6990783214569092,1.5012571811676025,0.05404232848898502
323,10.766666666666667,detected,2,5,0.892372727394104,ankle_midpoint,1080.3314208984375,594.2020263671875,0.9829670190811157,0.9840167760848999,4.083354949951172,1.2422500848770142,4.094585878726912,1.2531962098729443,0.0,0,two_ankles,accepted,4.083354949951172,1.2422500848770142,0.008795810382221131
323,10.766666666666667,detected,3,19,0.8755211234092712,ankle_midpoint,921.202880859375,837.0947875976562,0.7822468280792236,0.9077910780906677,2.789476156234741,9.799676895141602,2.7175869361686638,9.501545094546087,0.0,0,two_ankles,corrected_motion_outlier,2.707580756937217,9.51248622057497,0.319033645113997
323,10.766666666666667,detected,4,12,0.9238662123680115,ankle_midpoint,886.5994873046875,884.0419921875,0.9666339755058289,0.9691929221153259,2.608224391937256,10.853157997131348,2.6017559645306667,10.783554435717523,0.0,0,two_ankles,accepted,2.608224391937256,10.853157997131348,0.026726399542243894
324,10.8,detected,1,16,0.8729678392410278,ankle_midpoint,814.4935302734375,598.6717529296875,0.9592875242233276,0.9644485712051392,1.7045879364013672,1.5386567115783691,1.69436577972469,1.4868993029111182,0.0,0,two_ankles,accepted,1.7045879364013672,1.5386567115783691,0.037803184148720206
324,10.8,detected,2,5,0.8904519081115723,ankle_midpoint,1079.4241943359375,594.7540893554688,0.9827376008033752,0.9803731441497803,4.074103355407715,1.2711098194122314,4.085368743233274,1.2612573341656237,0.0,0,two_ankles,accepted,4.074103355407715,1.2711098194122314,0.030306373571243016
324,10.8,detected,3,19,0.8402756452560425,ankle_midpoint,930.3868408203125,834.32763671875,0.8507764935493469,0.9021470546722412,2.844529628753662,9.732481956481934,2.7747111478319133,9.60546668241722,0.0,0,two_ankles,accepted,2.844529628753662,9.732481956481934,0.135715563992502
324,10.8,detected,4,12,0.918988823890686,ankle_midpoint,897.48095703125,885.6971435546875,0.9927010536193848,0.9883987307548523,2.6714138984680176,10.886553764343262,2.6331020348024747,10.829904133599106,0.0,0,two_ankles,accepted,2.6714138984680176,10.886553764343262,0.07147160977110795
325,10.833333333333334,detected,1,16,0.8778760433197021,ankle_midpoint,814.3112182617188,597.9878540039062,0.9640368223190308,0.9689539074897766,1.7011321783065796,1.5039118528366089,1.6974106590865405,1.494554950377589,0.0,0,two_ankles,accepted,1.7011321783065796,1.5039118528366089,0.03491629237182212
325,10.833333333333334,detected,2,5,0.8919437527656555,ankle_midpoint,1079.3409423828125,595.07177734375,0.9809076189994812,0.9769735932350159,4.072734355926514,1.2875778675079346,4.0796832689452325,1.2731015741696636,0.0,0,two_ankles,accepted,4.072734355926514,1.2875778675079346,0.016524853029964304
325,10.833333333333334,detected,3,19,0.8369013071060181,ankle_midpoint,916.7188720703125,821.489501953125,0.7882949113845825,0.8564660549163818,2.7554585933685303,9.421930313110352,2.8083741802353015,9.689734471868295,0.0,0,two_ankles,corrected_motion_outlier,2.849517886506109,9.792728436752942,0.32307270473589944
325,10.833333333333334,detected,4,12,0.9263017177581787,ankle_midpoint,901.4398193359375,911.005859375,0.9947446584701538,0.9909477829933167,2.7058513164520264,11.399909973144531,2.661584445825463,10.874565681855781,0.0,0,two_ankles,corrected_motion_outlier,2.6963962815202267,10.929152018613939,0.5145099929760528
326,10.866666666666667,detected,1,16,0.8799443244934082,ankle_midpoint,811.8072509765625,598.2750244140625,0.9817953705787659,0.9833259582519531,1.6795988082885742,1.519156575202942,1.689395326227456,1.505625681548998,0.0,0,two_ankles,accepted,1.6795988082885742,1.519156575202942,0.02638347180260601
326,10.866666666666667,detected,2,5,0.8930619955062866,ankle_midpoint,1079.8045654296875,596.0372314453125,0.9802297353744507,0.9744274020195007,4.075017929077148,1.3373175859451294,4.077583866004595,1.3019987794686232,0.0,0,two_ankles,accepted,4.075017929077148,1.3373175859451294,0.04979211078620507
326,10.866666666666667,detected,3,19,0.8888136148452759,ankle_midpoint,906.762451171875,821.5757446289062,0.9327359199523926,0.9498094916343689,2.6936068534851074,9.425457954406738,2.7567288831977144,9.570810039010595,0.0,0,two_ankles,accepted,2.6936068534851074,9.425457954406738,0.171056585626681
326,10.866666666666667,detected,4,12,0.923539400100708,ankle_midpoint,907.24169921875,926.3397827148438,0.9804980754852295,0.9820001721382141,2.744230270385742,11.695539474487305,2.688491844261601,10.91829874781876,0.07414984930254676,0,two_ankles,corrected_motion_outlier,2.7213786645724363,10.971750272884618,0.4061280903965281
327,10.9,detected,1,16,0.8807089924812317,ankle_midpoint,809.589599609375,597.067626953125,0.981351912021637,0.9830769300460815,1.656502604484558,1.458135962486267,1.674593601443152,1.484255307970769,0.0,0,two_ankles,accepted,1.656502604484558,1.458135962486267,0.06524530486153822
327,10.9,detected,2,5,0.8919293284416199,ankle_midpoint,1080.4488525390625,596.653564453125,0.9803933501243591,0.9732629656791687,4.079594135284424,1.3688850402832031,4.078488487180518,1.3320975968351842,0.0,0,two_ankles,accepted,4.079594135284424,1.3688850402832031,0.03189742680276696
327,10.9,detected,3,19,0.9210959672927856,ankle_midpoint,905.688720703125,826.08544921875,0.9299079179763794,0.9503339529037476,2.6893198490142822,9.536542892456055,2.7263948178151702,9.555389823061052,0.0,0,two_ankles,accepted,2.6893198490142822,9.536542892456055,0.11116762959042231
327,10.9,detected,4,12,0.927251935005188,ankle_midpoint,899.578369140625,950.8963012695312,0.951748251914978,0.9548023343086243,2.7132084369659424,12.149043083190918,2.714532985774971,10.961521148520202,0.48517876613790045,0,two_ankles,corrected_motion_outlier,2.7463610476246454,11.014348527155295,0.4210603102291845
328,10.933333333333334,detected,1,16,0.8823245763778687,ankle_midpoint,809.5582275390625,595.9200439453125,0.9792796969413757,0.9834507703781128,1.6530295610427856,1.399350643157959,1.6648897832629872,1.4460482088050046,0.0,0,two_ankles,accepted,1.6530295610427856,1.399350643157959,0.05888782386265936
328,10.933333333333334,detected,2,5,0.8963849544525146,ankle_midpoint,1080.1234130859375,596.6013793945312,0.980076014995575,0.9717503786087036,4.076778411865234,1.3662832975387573,4.077718953288641,1.3474811621517921,0.0,0,two_ankles,accepted,4.076778411865234,1.3662832975387573,0.003833714084494084
328,10.933333333333334,detected,3,19,0.918021023273468,ankle_midpoint,899.657958984375,828.23828125,0.9455065727233887,0.9513865113258362,2.6533002853393555,9.589858055114746,2.693502278201054,9.570900527485215,0.0,0,two_ankles,accepted,2.6533002853393555,9.589858055114746,0.06434217541127146
328,10.933333333333334,detected,4,12,0.9320837259292603,ankle_midpoint,900.7559204101562,961.3784790039062,0.9687052965164185,0.9652053117752075,2.723738193511963,12.334404945373535,2.740097685980819,11.0044626833278,0.62834487492296,0,two_ankles,corrected_motion_outlier,2.7713434306768545,11.056946781425975,0.3621990884049996
329,10.966666666666667,detected,1,16,0.8773401379585266,ankle_midpoint,807.5216064453125,591.5272216796875,0.977686882019043,0.9835931658744812,1.622292399406433,1.1723570823669434,1.6457209605275378,1.3228872019078772,0.0,0,two_ankles,accepted,1.622292399406433,1.1723570823669434,0.2290651648462589
329,10.966666666666667,detected,2,5,0.890738308429718,ankle_midpoint,1079.6456298828125,596.366943359375,0.98121178150177,0.9734945893287659,4.0729498863220215,1.3543411493301392,4.0755728731536625,1.3505681563820484,0.0,0,two_ankles,accepted,4.0729498863220215,1.3543411493301392,0.01254083377099129
329,10.966666666666667,detected,3,19,0.9202612042427063,ankle_midpoint,898.577392578125,827.6361083984375,0.9532778859138489,0.9602964520454407,2.6462936401367188,9.575358390808105,2.672258391072103,9.572906565980517,0.0,0,two_ankles,accepted,2.6462936401367188,9.575358390808105,0.01610383004135663
329,10.966666666666667,detected,4,12,0.9251068234443665,ankle_midpoint,893.7301635742188,977.0068359375,0.9824414849281311,0.9756177067756653,2.693903923034668,12.603598594665527,2.7654003434675296,11.047249741893785,0.8575368492810899,0,two_ankles,corrected_motion_outlier,2.796325813729064,11.099545035696652,0.34343842245977235
330,11.0,detected,1,16,0.8484551906585693,ankle_midpoint,804.3709106445312,590.059814453125,0.9855800867080688,0.989529550075531,1.58954656124115,1.0962862968444824,1.6204424808486633,1.2209167946293498,0.0,0,two_ankles,accepted,1.58954656124115,1.0962862968444824,0.0828194079135511
330,11.0,detected,2,5,0.8887246251106262,ankle_midpoint,1079.7117919921875,596.6103515625,0.9824579358100891,0.9760623574256897,4.073070049285889,1.366848349571228,4.074446602413165,1.3578942433171792,0.0,0,two_ankles,accepted,4.073070049285889,1.366848349571228,0.012507777460787298
330,11.0,detected,3,19,0.9192540645599365,ankle_midpoint,900.740478515625,824.4903564453125,0.9485026597976685,0.9639533162117004,2.657843828201294,9.498147010803223,2.6657718377802393,9.539264766150735,0.0,0,two_ankles,accepted,2.657843828201294,9.498147010803223,0.07807050689335553
330,11.0,detected,4,12,0.929574728012085,ankle_midpoint,894.4892578125,976.648193359375,0.9789028167724609,0.9727109670639038,2.6976468563079834,12.597465515136719,2.734911274245734,11.744846839853105,0.8105666387397853,0,two_ankles,accepted,2.6976468563079834,12.597465515136719,0.28518547508011566
331,11.033333333333333,detected,1,16,0.8537153005599976,ankle_midpoint,801.7467041015625,589.957763671875,0.9839480519294739,0.9901661276817322,1.5654898881912231,1.091596245765686,1.5957138141528153,1.162722547640701,0.0,0,two_ankles,accepted,1.5654898881912231,1.091596245765686,0.024509591945864613
331,11.033333333333333,detected,2,5,0.8897717595100403,ankle_midpoint,1079.654541015625,596.7186889648438,0.9826525449752808,0.9766745567321777,4.0723466873168945,1.3724331855773926,4.073501640619844,1.3644367673342752,0.0,0,two_ankles,accepted,4.0723466873168945,1.3724331855773926,0.005631486993143027
331,11.033333333333333,detected,3,19,0.915997326374054,ankle_midpoint,896.4763793945312,822.7388305664062,0.936510443687439,0.9606797099113464,2.6303822994232178,9.455634117126465,2.64984654551958,9.501630974089814,0.0,0,two_ankles,accepted,2.6303822994232178,9.455634117126465,0.05061108269539805
331,11.033333333333333,detected,4,12,0.9220585227012634,ankle_midpoint,897.1878051757812,976.1078491210938,0.979137659072876,0.9717560410499573,2.711280584335327,12.588051795959473,2.724277463786051,12.124289070100971,0.0,0,two_ankles,accepted,2.711280584335327,12.588051795959473,0.016567940387134106
332,11.066666666666666,detected,1,16,0.8327539563179016,ankle_midpoint,799.4937744140625,590.7254638671875,0.9824725389480591,0.9858925938606262,1.547421932220459,1.1324607133865356,1.5739824672832552,1.1491047222263266,0.0,0,two_ankles,accepted,1.547421932220459,1.1324607133865356,0.04468059698456298
332,11.066666666666666,detected,2,5,0.8937178254127502,ankle_midpoint,1078.9256591796875,596.17138671875,0.9832553863525391,0.9767638444900513,4.066869735717773,1.344452142715454,4.0705172834139125,1.3554436862558057,0.0,0,two_ankles,accepted,4.066869735717773,1.344452142715454,0.028512028311937988
332,11.066666666666666,detected,3,19,0.9130207300186157,ankle_midpoint,901.5015869140625,814.3464965820312,0.8880326747894287,0.8936142325401306,2.656761407852173,9.24550724029541,2.6529582335692465,9.386375293882333,0.0,0,two_ankles,accepted,2.656761407852173,9.24550724029541,0.21177620670953523
332,11.066666666666666,detected,4,12,0.9221801161766052,ankle_midpoint,897.1583862304688,972.2750244140625,0.9730955362319946,0.9731984734535217,2.7095394134521484,12.522960662841797,2.7176453411357953,12.303691286834344,0.0,0,two_ankles,accepted,2.7095394134521484,12.522960662841797,0.06511441688740995
333,11.1,detected,1,16,0.859081506729126,ankle_midpoint,798.6904907226562,590.1900634765625,0.983109712600708,0.9866495728492737,1.5385322570800781,1.1045830249786377,1.5580298726918256,1.1290699584648667,0.0,0,two_ankles,accepted,1.5385322570800781,1.1045830249786377,0.029260755886841905
333,11.1,detected,2,5,0.8899559378623962,ankle_midpoint,1077.82373046875,596.181640625,0.9827541708946228,0.9762731194496155,4.056962013244629,1.3452582359313965,4.064417411837735,1.3508602336098217,0.0,0,two_ankles,accepted,4.056962013244629,1.3452582359313965,0.009940460295058852
333,11.1,detected,3,19,0.9052770733833313,ankle_midpoint,876.8688354492188,816.61962890625,0.9586836099624634,0.9602115750312805,2.5039491653442383,9.306187629699707,2.585904152867993,9.350290845000153,0.0,0,two_ankles,accepted,2.5039491653442383,9.306187629699707,0.1644192540992718
333,11.1,detected,4,12,0.9229175448417664,ankle_midpoint,895.9502563476562,963.7779541015625,0.9738292694091797,0.9770633578300476,2.6996705532073975,12.376754760742188,2.7095566865680163,12.336569850092875,0.0,0,two_ankles,accepted,2.6996705532073975,12.376754760742188,0.1465385963195055
334,11.133333333333333,detected,1,16,0.8444889187812805,ankle_midpoint,797.76171875,590.0376586914062,0.9826216697692871,0.9866979718208313,1.529661774635315,1.0968161821365356,1.545264228566396,1.1145557591171178,0.0,0,two_ankles,accepted,1.529661774635315,1.0968161821365356,0.011790220801018261
334,11.133333333333333,detected,2,5,0.8880396485328674,ankle_midpoint,1076.7374267578125,595.8074951171875,0.9832221865653992,0.9788884520530701,4.047923564910889,1.3262450695037842,4.056995180720655,1.3397834097621049,0.0,0,two_ankles,accepted,4.047923564910889,1.3262450695037842,0.02105217437429624
334,11.133333333333333,detected,3,19,0.909813404083252,ankle_midpoint,871.135986328125,815.0026245117188,0.9574114084243774,0.9665482044219971,2.4667305946350098,9.26636028289795,2.5322760516631506,9.312522092054163,0.0,0,two_ankles,accepted,2.4667305946350098,9.26636028289795,0.05451091229199279
334,11.133333333333333,detected,4,12,0.9181228876113892,ankle_midpoint,894.4705200195312,960.45166015625,0.9691030383110046,0.9731497168540955,2.6904897689819336,12.318857192993164,2.7009765736542795,12.328599154398006,0.0,0,two_ankles,accepted,2.6904897689819336,12.318857192993164,0.058620944637964384
335,11.166666666666666,detected,1,16,0.8291354775428772,ankle_midpoint,796.1529541015625,590.8279418945312,0.9870868921279907,0.9908639788627625,1.5175427198410034,1.1386833190917969,1.5327895496399693,1.1254131611057234,0.0,0,two_ankles,accepted,1.5175427198410034,1.1386833190917969,0.043585876679701256
335,11.166666666666666,detected,2,5,0.8895142078399658,ankle_midpoint,1074.4661865234375,595.7184448242188,0.9813406467437744,0.9763374924659729,4.027694225311279,1.3222237825393677,4.043809750786436,1.331881577511873,0.0,0,two_ankles,accepted,4.027694225311279,1.3222237825393677,0.020625152835470336
335,11.166666666666666,detected,3,19,0.8609175682067871,ankle_midpoint,856.37353515625,822.619140625,0.9143494963645935,0.9323247671127319,2.3814568519592285,9.45827579498291,2.464407411796386,9.3781112583721,0.0,0,two_ankles,accepted,2.3814568519592285,9.45827579498291,0.21000755931339268
335,11.166666666666666,detected,4,12,0.9143423438072205,ankle_midpoint,892.741455078125,952.435302734375,0.9529255032539368,0.9650923609733582,2.67777156829834,12.177300453186035,2.690534321244107,12.26051473885262,0.0,0,two_ankles,accepted,2.67777156829834,12.177300453186035,0.14212692641949082
336,11.2,detected,1,16,0.8041272759437561,ankle_midpoint,795.1356201171875,589.09130859375,0.991792619228363,0.9953306913375854,1.5029441118240356,1.0476776361465454,1.5193591026227993,1.0904321748740933,0.0,0,two_ankles,accepted,1.5029441118240356,1.0476776361465454,0.09216915798880182
336,11.2,detected,2,5,0.8887617588043213,ankle_midpoint,1072.0045166015625,593.766357421875,0.9840033650398254,0.9789753556251526,4.00914192199707,1.2217280864715576,4.028209227831222,1.2823125065437313,0.0,0,two_ankles,accepted,4.00914192199707,1.2217280864715576,0.10219380062614397
336,11.2,detected,3,19,0.8498627543449402,ankle_midpoint,835.3565673828125,825.037353515625,0.6125141382217407,0.5462460517883301,2.2537779808044434,9.52064323425293,2.369624167850012,9.442250647518474,0.0,0,two_ankles,accepted,2.2537779808044434,9.52064323425293,0.1420971203806038
336,11.2,detected,4,12,0.9039533734321594,ankle_midpoint,883.4806518554688,952.3533935546875,0.9833639860153198,0.9891824126243591,2.628852128982544,12.176844596862793,2.6627773347264037,12.2228631749572,0.0,0,two_ankles,accepted,2.628852128982544,12.176844596862793,0.048921563220723815
337,11.233333333333333,detected,1,16,0.8287518620491028,ankle_midpoint,793.389892578125,591.2171630859375,0.9878836274147034,0.9889450669288635,1.4937939643859863,1.1597580909729004,1.5078547904162336,1.1216288371185565,0.0,0,two_ankles,accepted,1.4937939643859863,1.1597580909729004,0.11245333944450311
337,11.233333333333333,detected,2,5,0.8892263174057007,ankle_midpoint,1070.9139404296875,595.3564453125,0.9828024506568909,0.9777637720108032,3.9964423179626465,1.304427981376648,4.013914118390363,1.292264470218544,0.0,0,two_ankles,accepted,3.9964423179626465,1.304427981376648,0.08366930476551207
337,11.233333333333333,detected,3,19,0.8772110939025879,ankle_midpoint,823.48876953125,826.8673095703125,0.6618989706039429,0.5649241805076599,2.18261981010437,9.56700325012207,2.2854722068644735,9.498389318690093,0.0,0,two_ankles,accepted,2.18261981010437,9.56700325012207,0.08492783011927087
337,11.233333333333333,detected,4,12,0.9100100994110107,ankle_midpoint,876.3782348632812,952.2330322265625,0.9906846284866333,0.9942863583564758,2.5912978649139404,12.175468444824219,2.6306115733107953,12.20153554639736,0.0,0,two_ankles,accepted,2.5912978649139404,12.175468444824219,0.037579469716424646
338,11.266666666666667,detected,1,16,0.8749100565910339,ankle_midpoint,791.4384765625,591.4140014648438,0.9752746224403381,0.969484269618988,1.4767972230911255,1.1705448627471924,1.4938788851199352,1.1436410486514428,0.0,0,two_ankles,accepted,1.4767972230911255,1.1705448627471924,0.02013066466749397
338,11.266666666666667,detected,2,5,0.8909615874290466,ankle_midpoint,1070.0174560546875,596.0494384765625,0.9833653569221497,0.9793035984039307,3.987152338027954,1.340415120124817,4.0018713172272795,1.3139322626763668,0.0,0,two_ankles,accepted,3.987152338027954,1.340415120124817,0.03716689228960299
338,11.266666666666667,detected,3,19,0.8909991383552551,ankle_midpoint,801.77099609375,829.72412109375,0.8045227527618408,0.6873410940170288,2.0526480674743652,9.639351844787598,2.180701344138925,9.56182245543397,0.0,0,two_ankles,accepted,2.0526480674743652,9.639351844787598,0.14875137993429507
338,11.266666666666667,detected,4,12,0.905582070350647,ankle_midpoint,871.7379150390625,955.2009887695312,0.9906817674636841,0.9945729374885559,2.5685513019561768,12.228768348693848,2.602684451201217,12.21379030743078,0.0,0,two_ankles,accepted,2.5685513019561768,12.228768348693848,0.05795071939935853
339,11.3,detected,1,16,0.8562391996383667,ankle_midpoint,789.3846435546875,592.1205444335938,0.9683670997619629,0.9641968607902527,1.4605168104171753,1.2079323530197144,1.4788659515036935,1.1725721356171652,0.0,0,two_ankles,accepted,1.4605168104171753,1.2079323530197144,0.040778379880912916
339,11.3,detected,2,5,0.8922669887542725,ankle_midpoint,1068.0186767578125,596.008056640625,0.9817972183227539,0.9770515561103821,3.9692859649658203,1.3387864828109741,3.9872079087096233,1.32511666173694,0.0,0,two_ankles,accepted,3.9692859649658203,1.3387864828109741,0.017940449991440597
339,11.3,detected,3,19,0.8938997983932495,ankle_midpoint,801.4540405273438,826.32421875,0.845358669757843,0.7410699129104614,2.045987367630005,9.556804656982422,2.120080054709911,9.559564446130775,0.0,0,two_ankles,accepted,2.045987367630005,9.556804656982422,0.08281547643381412
339,11.3,detected,4,12,0.9098230004310608,ankle_midpoint,868.7259521484375,957.09326171875,0.9776713848114014,0.9834105372428894,2.553849458694458,12.262565612792969,2.5807087045731754,12.235739194843767,0.0,0,two_ankles,accepted,2.553849458694458,12.262565612792969,0.036856468304462986
340,11.333333333333334,detected,1,16,0.8656473159790039,ankle_midpoint,788.910400390625,592.5782470703125,0.9668819904327393,0.967187225818634,1.4577045440673828,1.2318785190582275,1.4693433181573536,1.1992600081656435,0.0,0,two_ankles,accepted,1.4577045440673828,1.2318785190582275,0.024110738478242785
340,11.333333333333334,detected,2,5,0.8974786996841431,ankle_midpoint,1067.310791015625,595.508544921875,0.9829819798469543,0.9771186113357544,3.9637975692749023,1.3131954669952393,3.9766732559639992,1.3197521241031747,0.0,0,two_ankles,accepted,3.9637975692749023,1.3131954669952393,0.02617293597862645
340,11.333333333333334,detected,3,19,0.9039474725723267,ankle_midpoint,801.4677124023438,829.1158447265625,0.8474801182746887,0.7842059135437012,2.049945116043091,9.624672889709473,2.088519332309842,9.588863245741189,0.0,0,two_ankles,accepted,2.049945116043091,9.624672889709473,0.06798353319734428
340,11.333333333333334,detected,4,12,0.9123284220695496,ankle_midpoint,866.828857421875,957.4967041015625,0.9762433171272278,0.9818906784057617,2.5441393852233887,12.26988697052002,2.5642525108657717,12.251105693898081,0.0,0,two_ankles,accepted,2.5441393852233887,12.26988697052002,0.012160913032375927
341,11.366666666666667,detected,1,16,0.8366960883140564,ankle_midpoint,792.0847778320312,594.4208984375,0.9682505130767822,0.9534355401992798,1.4920437335968018,1.3265624046325684,1.4795585051051052,1.2565460865757596,0.0,0,two_ankles,accepted,1.4920437335968018,1.3265624046325684,0.10071850934655567
341,11.366666666666667,detected,2,5,0.8966939449310303,ankle_midpoint,1065.4454345703125,596.0906982421875,0.9824132919311523,0.9791061878204346,3.9460506439208984,1.3436939716339111,3.962893080544604,1.3305259554920061,0.0,0,two_ankles,accepted,3.9460506439208984,1.3436939716339111,0.03528614664022804
341,11.366666666666667,detected,3,19,0.9025148153305054,ankle_midpoint,801.7366333007812,825.3369140625,0.8578332662582397,0.8258019089698792,2.046356439590454,9.532639503479004,2.0695460305861175,9.563562561723206,0.0,0,two_ankles,accepted,2.046356439590454,9.532639503479004,0.09210332664854372
341,11.366666666666667,detected,4,12,0.91344153881073,ankle_midpoint,867.4185180664062,956.9083251953125,0.9785307049751282,0.9829211831092834,2.5468740463256836,12.259441375732422,2.556432201822732,12.254856750723535,0.0,0,two_ankles,accepted,2.5468740463256836,12.259441375732422,0.01079763037944401
342,11.4,detected,1,16,0.8380371928215027,ankle_midpoint,792.0311279296875,596.4544067382812,0.9330391883850098,0.9047703146934509,1.4978678226470947,1.431159496307373,1.4877976979990006,1.3351221209549857,0.0,0,two_ankles,accepted,1.4978678226470947,1.431159496307373,0.10475911225327007
342,11.4,detected,2,5,0.9016004800796509,ankle_midpoint,1064.3077392578125,595.5036010742188,0.9710215926170349,0.9715022444725037,3.9368271827697754,1.3136987686157227,3.9511634265459312,1.3229537213976785,0.0,0,two_ankles,accepted,3.9368271827697754,1.3136987686157227,0.031381275304050646
342,11.4,detected,3,19,0.8802499771118164,ankle_midpoint,791.227294921875,821.5281982421875,0.9328344464302063,0.954926073551178,1.9757533073425293,9.44043254852295,2.027339305126503,9.508154055783091,0.0,0,two_ankles,accepted,1.9757533073425293,9.44043254852295,0.11613322016324984
342,11.4,detected,4,12,0.9208465218544006,ankle_midpoint,863.1964111328125,956.459228515625,0.9708728194236755,0.968011200428009,2.5244226455688477,12.251962661743164,2.542027901508484,12.25355441068237,0.0,0,two_ankles,accepted,2.5244226455688477,12.251962661743164,0.02366424642529683
343,11.433333333333334,detected,1,16,0.878987729549408,ankle_midpoint,790.096923828125,596.0026245117188,0.9313374757766724,0.9159603118896484,1.4791710376739502,1.408482313156128,1.483915700852728,1.3681342074454999,0.0,0,two_ankles,accepted,1.4791710376739502,1.408482313156128,0.02939088981312268
343,11.433333333333334,detected,2,5,0.9005250930786133,ankle_midpoint,1064.008544921875,595.2794189453125,0.9708206653594971,0.9734230041503906,3.9345149993896484,1.3021929264068604,3.943671634325604,1.3136113636518103,0.0,0,two_ankles,accepted,3.9345149993896484,1.3021929264068604,0.01173586796613581
343,11.433333333333334,detected,3,19,0.8747812509536743,ankle_midpoint,784.8212890625,816.00439453125,0.9240762591362,0.9573193788528442,1.927341103553772,9.303764343261719,1.9823401144187742,9.416178685148473,0.0,0,two_ankles,accepted,1.927341103553772,9.303764343261719,0.14498944721947868
343,11.433333333333334,detected,4,12,0.9195327758789062,ankle_midpoint,863.6944580078125,954.9334106445312,0.9840907454490662,0.9781172275543213,2.5260703563690186,12.224892616271973,2.534847006195725,12.240656603197692,0.0,0,two_ankles,accepted,2.5260703563690186,12.224892616271973,0.0271201458825975
344,11.466666666666667,detected,1,16,0.8763870596885681,ankle_midpoint,796.7520141601562,595.881591796875,0.9390519261360168,0.9480500817298889,1.5383340120315552,1.4005966186523438,1.5084039408832002,1.3827422924885797,0.0,0,two_ankles,accepted,1.5383340120315552,1.4005966186523438,0.05968619365184579
344,11.466666666666667,detected,2,5,0.8975021839141846,ankle_midpoint,1064.225830078125,597.456787109375,0.9694957733154297,0.9737246632575989,3.93282413482666,1.4141945838928223,3.9387902595510798,1.3588738127602658,0.0,0,two_ankles,accepted,3.93282413482666,1.4141945838928223,0.11201442006533399
344,11.466666666666667,detected,3,19,0.8223540186882019,ankle_midpoint,776.6243896484375,810.3671875,0.9449926614761353,0.9853860139846802,1.8667163848876953,9.162391662597656,1.9303094361297888,9.301974525000606,0.0,0,two_ankles,accepted,1.8667163848876953,9.162391662597656,0.1538232471100644
344,11.466666666666667,detected,4,12,0.9159178137779236,ankle_midpoint,861.9967041015625,949.9993286132812,0.9926929473876953,0.9895792603492737,2.5139319896698,12.137063026428223,2.5254352487590586,12.194039493651431,0.0,0,two_ankles,accepted,2.5139319896698,12.137063026428223,0.08866440547506116
345,11.5,detected,1,16,0.8570879697799683,ankle_midpoint,786.30224609375,591.78759765625,0.8875159025192261,0.853113055229187,1.4316567182540894,1.1913591623306274,1.4738676907001005,1.2966198839175012,0.0,0,two_ankles,accepted,1.4316567182540894,1.1913591623306274,0.23486242384780476
345,11.5,detected,2,5,0.8913063406944275,ankle_midpoint,1062.4884033203125,596.55224609375,0.9722210168838501,0.975090742111206,3.918757915496826,1.3681963682174683,3.9297757047266657,1.363068962716007,0.0,0,two_ankles,accepted,3.918757915496826,1.3681963682174683,0.04810087703515787
345,11.5,detected,3,19,0.8590966463088989,ankle_midpoint,770.8200073242188,787.105224609375,0.9497898817062378,0.9755673408508301,1.7887747287750244,8.550922393798828,1.879021950951572,9.1951146998124,0.0,0,two_ankles,corrected_motion_outlier,1.8163372468448629,9.06450824680459,0.6164167165505486
345,11.5,detected,4,12,0.9204365015029907,ankle_midpoint,852.219970703125,947.1696166992188,0.9854428768157959,0.9650024175643921,2.460174322128296,12.087204933166504,2.4960678317752154,12.145963941433216,0.0,0,two_ankles,accepted,2.460174322128296,12.087204933166504,0.07331927634119903
346,11.533333333333333,detected,1,16,0.8678572177886963,ankle_midpoint,786.2449340820312,591.01025390625,0.9031257629394531,0.8768842816352844,1.4286110401153564,1.1507593393325806,1.4535021979369658,1.2309826388542868,0.0,0,two_ankles,accepted,1.4286110401153564,1.1507593393325806,0.04071390159144038
346,11.533333333333333,detected,2,5,0.8904551267623901,ankle_midpoint,1059.7313232421875,594.8990478515625,0.9530823826789856,0.960844099521637,3.896683692932129,1.2836017608642578,3.914884299419124,1.32730872188272,0.0,0,two_ankles,accepted,3.896683692932129,1.2836017608642578,0.0874272205613311
346,11.533333333333333,detected,3,19,0.835078239440918,ankle_midpoint,776.7225952148438,782.87841796875,0.9444303512573242,0.9407013058662415,1.81964111328125,8.434389114379883,1.8281432219842784,9.092294258852007,0.0,0,two_ankles,corrected_motion_outlier,1.7659581088020304,8.966624831011522,0.3647614944756341
346,11.533333333333333,detected,4,12,0.9249756932258606,ankle_midpoint,848.972900390625,938.551025390625,0.9864756464958191,0.973112940788269,2.436514377593994,11.930381774902344,2.4692687773936663,12.048951966494325,0.0,0,two_ankles,accepted,2.436514377593994,11.930381774902344,0.15859790649094982
347,11.566666666666666,detected,1,16,0.8405665755271912,ankle_midpoint,784.2130737304688,590.2551879882812,0.9787601828575134,0.9695539474487305,1.4077684879302979,1.1117095947265625,1.4329220284339654,1.1773097689968108,0.0,0,two_ankles,accepted,1.4077684879302979,1.1117095947265625,0.04426391911458053
347,11.566666666666666,detected,2,5,0.8875553011894226,ankle_midpoint,1057.7476806640625,595.6885986328125,0.9868026375770569,0.9872087836265564,3.8776066303253174,1.324904441833496,3.898109348326911,1.3262267958605691,0.0,0,two_ankles,accepted,3.8776066303253174,1.324904441833496,0.04549555772766045
347,11.566666666666666,detected,3,19,0.8734130859375,ankle_midpoint,761.2329711914062,770.0726928710938,0.9610487222671509,0.9317228198051453,1.6927356719970703,8.077750205993652,1.7774893089329922,8.991695479216908,0.14132099009772991,0,two_ankles,corrected_motion_outlier,1.7155789707591977,8.868741415218455,0.3661688101654732
347,11.566666666666666,detected,4,12,0.9209672212600708,ankle_midpoint,833.43505859375,932.9419555664062,0.9916234612464905,0.9790076017379761,2.3484039306640625,11.828119277954102,2.4148795963653447,11.949577256651224,0.0,0,two_ankles,accepted,2.3484039306640625,11.828119277954102,0.1349854404751918
348,11.6,detected,1,16,0.8593537211418152,ankle_midpoint,781.7379150390625,590.2763671875,0.9721494913101196,0.962245523929596,1.3854515552520752,1.113454818725586,1.4115603155021148,1.1485750413747597,0.0,0,two_ankles,accepted,1.3854515552520752,1.113454818725586,0.022385068482608884
348,11.6,detected,2,5,0.8905340433120728,ankle_midpoint,1052.0906982421875,597.9957275390625,0.9811347723007202,0.9797629714012146,3.8234469890594482,1.444824457168579,3.864511286656553,1.3795957434491737,0.0,0,two_ankles,accepted,3.8234469890594482,1.444824457168579,0.13158296553891077
348,11.6,detected,3,19,0.8775575757026672,ankle_midpoint,733.587646484375,771.8796997070312,0.9008380770683289,0.9519795775413513,1.5123897790908813,8.133526802062988,1.6581945205040425,8.605519574497645,0.005394512961783615,0,two_ankles,accepted,1.5123897790908813,8.133526802062988,0.2720420745053181
348,11.6,detected,4,12,0.9314577579498291,ankle_midpoint,816.8261108398438,927.1279296875,0.98212069272995,0.9580473303794861,2.2531120777130127,11.72075366973877,2.3420842129717956,11.846606642540621,0.0,0,two_ankles,accepted,2.2531120777130127,11.72075366973877,0.1435545578039676
349,11.633333333333333,detected,1,16,0.8778610229492188,ankle_midpoint,779.3937377929688,592.83935546875,0.9654349088668823,0.9539052248001099,1.3728947639465332,1.2478677034378052,1.3941608173021032,1.1932567393031301,0.0,0,two_ankles,accepted,1.3728947639465332,1.2478677034378052,0.13499813548546244
349,11.633333333333333,detected,2,5,0.8821086287498474,ankle_midpoint,1051.6146240234375,598.4898681640625,0.9867391586303711,0.9869558811187744,3.818479299545288,1.4701836109161377,3.843796892456484,1.4203602838093077,0.0,0,two_ankles,accepted,3.818479299545288,1.4701836109161377,0.025841141962022727
349,11.633333333333333,detected,3,19,0.8805831670761108,ankle_midpoint,731.3870849609375,772.732177734375,0.9455764889717102,0.9677974581718445,1.4997044801712036,8.15804672241211,1.5868740023542651,8.404156791059155,0.0,0,two_ankles,accepted,1.4997044801712036,8.15804672241211,0.02760694301455378
349,11.633333333333333,detected,4,12,0.9243515729904175,ankle_midpoint,806.5776977539062,927.1500244140625,0.9876104593276978,0.9650726914405823,2.197453498840332,11.722335815429688,2.277000391612637,11.7906847703407,0.0,0,two_ankles,accepted,2.197453498840332,11.722335815429688,0.055681061296581846
350,11.666666666666666,detected,1,16,0.8965741991996765,ankle_midpoint,776.0009155273438,593.399658203125,0.9705427885055542,0.963707685470581,1.3442764282226562,1.2778011560440063,1.3717128422163523,1.2313017268365245,0.0,0,two_ankles,accepted,1.3442764282226562,1.2778011560440063,0.041412808701321184
350,11.666666666666666,detected,2,5,0.8865359425544739,ankle_midpoint,1048.29345703125,598.11962890625,0.9642189145088196,0.9706501364707947,3.7893340587615967,1.4521087408065796,3.819288617293785,1.43464708945808,0.0,0,two_ankles,accepted,3.7893340587615967,1.4521087408065796,0.03429498490766173
350,11.666666666666666,detected,3,19,0.9012317061424255,ankle_midpoint,712.1593017578125,774.574951171875,0.9345346093177795,0.9678165316581726,1.3764821290969849,8.213085174560547,1.4921976593884891,8.318174563634782,0.0,0,two_ankles,accepted,1.3764821290969849,8.213085174560547,0.13495547050473303
350,11.666666666666666,detected,4,12,0.9179512858390808,ankle_midpoint,794.724853515625,924.9656982421875,0.9917397499084473,0.9805740714073181,2.130603075027466,11.682265281677246,2.21112159914931,11.741896000442146,0.0,0,two_ankles,accepted,2.130603075027466,11.682265281677246,0.0779398924759675
351,11.7,detected,1,16,0.8997825384140015,ankle_midpoint,773.1363525390625,595.1666259765625,0.9883190393447876,0.983674943447113,1.3246196508407593,1.3697870969772339,1.3505209060973353,1.2936201433998438,0.0,0,two_ankles,accepted,1.3246196508407593,1.3697870969772339,0.09406275685101241
351,11.7,detected,2,5,0.8860840201377869,ankle_midpoint,1045.333984375,600.0066528320312,0.9620445370674133,0.9667501449584961,3.760382652282715,1.5489193201065063,3.792780933038804,1.486069593249872,0.0,0,two_ankles,accepted,3.760382652282715,1.5489193201065063,0.10104688120616513
351,11.7,detected,3,19,0.8662587404251099,ankle_midpoint,707.004150390625,786.09521484375,0.9275822639465332,0.9685067534446716,1.3708250522613525,8.53304672241211,1.407299020864342,8.25285043521672,0.0,0,two_ankles,corrected_motion_outlier,1.3035340182237178,8.173009833816863,0.3200115538881244
351,11.7,detected,4,12,0.9243061542510986,ankle_midpoint,776.473876953125,923.71044921875,0.9851850271224976,0.9747186303138733,2.02963924407959,11.660452842712402,2.129454539367936,11.705246579463761,0.0,0,two_ankles,accepted,2.02963924407959,11.660452842712402,0.10329316363277055
352,11.733333333333333,detected,1,16,0.8951317071914673,ankle_midpoint,771.587646484375,596.199951171875,0.9902957081794739,0.9866607189178467,1.314318299293518,1.4232529401779175,1.3342297330356176,1.351954901949977,0.0,0,two_ankles,accepted,1.314318299293518,1.4232529401779175,0.05444918946008226
352,11.733333333333333,detected,2,5,0.8831177353858948,ankle_midpoint,1044.7027587890625,600.3135986328125,0.9611310958862305,0.9634206891059875,3.7543604373931885,1.5646365880966187,3.7754917099982768,1.521424740930908,0.0,0,two_ankles,accepted,3.7543604373931885,1.5646365880966187,0.01683150573325637
352,11.733333333333333,detected,3,19,0.8219141364097595,ankle_midpoint,703.515380859375,788.0531005859375,0.842592716217041,0.9232569336891174,1.3528996706008911,8.586774826049805,1.3828193132457893,8.40311641109161,0.0,0,two_ankles,accepted,1.3528996706008911,8.586774826049805,0.18721651100990194
352,11.733333333333333,detected,4,12,0.9064865112304688,ankle_midpoint,769.8303833007812,924.103515625,0.9885492920875549,0.980563759803772,1.9939160346984863,11.668701171875,2.0684622122666836,11.688801146048819,0.0,0,two_ankles,accepted,1.9939160346984863,11.668701171875,0.03666309619304842
353,11.766666666666667,detected,1,16,0.8935134410858154,ankle_midpoint,770.32666015625,597.9979248046875,0.9905703067779541,0.986547589302063,1.309264063835144,1.5154097080230713,1.3229951818954047,1.4255095646828697,0.0,0,two_ankles,accepted,1.309264063835144,1.5154097080230713,0.0922952607436279
353,11.766666666666667,detected,2,5,0.8783184885978699,ankle_midpoint,1043.9427490234375,600.60986328125,0.9860318899154663,0.9847701787948608,3.7472140789031982,1.5798263549804688,3.7627667760054915,1.5477054672532105,0.0,0,two_ankles,accepted,3.7472140789031982,1.5798263549804688,0.016786883500315496
353,11.766666666666667,detected,3,19,0.6876180768013,ankle_midpoint,691.802734375,814.4000854492188,0.8931087851524353,0.9147111177444458,1.3417999744415283,9.276612281799316,1.3461610330185874,8.50346872071005,0.001746789560395201,0,two_ankles,corrected_motion_outlier,1.3013564682964511,8.62612154357703,0.6899267487275658
353,11.766666666666667,detected,4,12,0.9102787971496582,ankle_midpoint,742.89599609375,927.0848388671875,0.9978493452072144,0.9955850839614868,1.851469874382019,11.728336334228516,1.9708156602185847,11.706591980729684,0.0,0,two_ankles,accepted,1.851469874382019,11.728336334228516,0.15442558459605996
354,11.8,detected,1,16,0.9025189876556396,ankle_midpoint,770.0462036132812,597.1156005859375,0.985704779624939,0.9819392561912537,1.3037160634994507,1.4704915285110474,1.3143195786172255,1.4457514484055498,0.0,0,two_ankles,accepted,1.3037160634994507,1.4704915285110474,0.045259509038424836
354,11.8,detected,2,5,0.879554808139801,ankle_midpoint,1043.1239013671875,602.05419921875,0.9913881421089172,0.9875405430793762,3.738086462020874,1.652914047241211,3.7516606347124135,1.5950493282478106,0.0,0,two_ankles,accepted,3.738086462020874,1.652914047241211,0.07365544209324551
354,11.8,detected,3,19,0.687370777130127,ankle_midpoint,683.2720947265625,803.8487548828125,0.8627169132232666,0.9362346529960632,1.2621031999588013,9.00833797454834,1.3083350081416838,8.730659884937282,0.0,0,two_ankles,accepted,1.2621031999588013,9.00833797454834,0.21561510107890047
354,11.8,detected,4,12,0.9048221707344055,ankle_midpoint,732.9811401367188,920.46240234375,0.9890614748001099,0.970698356628418,1.787477970123291,11.603292465209961,1.8883136996757026,11.66010719874581,0.0,0,two_ankles,accepted,1.787477970123291,11.603292465209961,0.14046683946678545
355,11.833333333333334,detected,1,16,0.8988039493560791,ankle_midpoint,769.524169921875,599.117431640625,0.9864062666893005,0.985228955745697,1.305980920791626,1.5724694728851318,1.310567182595706,1.5027745594213617,0.0,0,two_ankles,accepted,1.305980920791626,1.5724694728851318,0.1020030917047017
355,11.833333333333334,detected,2,5,0.8818908929824829,ankle_midpoint,1043.372314453125,602.6907958984375,0.9868810176849365,0.98029625415802,3.739476203918457,1.6848475933074951,3.7461776408551333,1.6354585475246688,0.0,0,two_ankles,accepted,3.739476203918457,1.6848475933074951,0.031963772413615255
355,11.833333333333334,detected,3,19,0.7650061845779419,ankle_midpoint,681.65771484375,808.887939453125,0.8275042176246643,0.9240889549255371,1.264546513557434,9.138250350952148,1.2886301855787714,8.914075594643972,0.0,0,two_ankles,accepted,1.264546513557434,9.138250350952148,0.12993535055644445
355,11.833333333333334,detected,4,12,0.9013312458992004,ankle_midpoint,728.5399169921875,926.8716430664062,0.9892697930335999,0.977654755115509,1.7731810808181763,11.725935935974121,1.8365040211898158,11.68973013049855,0.0,0,two_ankles,accepted,1.7731810808181763,11.725935935974121,0.12347397282375792
356,11.866666666666667,detected,1,16,0.8824373483657837,ankle_midpoint,767.8093872070312,598.7012329101562,0.9794647097587585,0.9822821617126465,1.2892929315567017,1.5517868995666504,1.3009937696281542,1.5248301124867418,0.0,0,two_ankles,accepted,1.2892929315567017,1.5517868995666504,0.026575511731278298
356,11.866666666666667,detected,2,5,0.8928414583206177,ankle_midpoint,1043.5841064453125,602.5864868164062,0.9918930530548096,0.9876536726951599,3.741485595703125,1.6795581579208374,3.7440662205367294,1.6553033722029449,0.0,0,two_ankles,accepted,3.741485595703125,1.6795581579208374,0.005658249027209563
356,11.866666666666667,detected,3,19,0.8781317472457886,ankle_midpoint,706.4718017578125,782.3699951171875,0.869990348815918,0.9342793226242065,1.358221411705017,8.431075096130371,1.2637300593818308,9.064474992599884,0.17671458450124955,0,two_ankles,corrected_motion_outlier,1.233296571807792,9.248296478990442,0.7133525268583589
356,11.866666666666667,detected,4,12,0.9058746099472046,ankle_midpoint,719.5931396484375,921.671142578125,0.9762887954711914,0.9407001733779907,1.7161768674850464,11.628005981445312,1.7823568020226697,11.661954263424594,0.0,0,two_ankles,accepted,1.7161768674850464,11.628005981445312,0.11331264859557164
357,11.9,detected,1,16,0.8781368732452393,ankle_midpoint,767.9431762695312,596.8362426757812,0.9755776524543762,0.985296905040741,1.2839735746383667,1.4567421674728394,1.29333468188275,1.4941905372304858,0.0,0,two_ankles,accepted,1.2839735746383667,1.4567421674728394,0.09519346961220056
357,11.9,detected,2,5,0.8985940217971802,ankle_midpoint,1044.7255859375,600.489990234375,0.989330530166626,0.9874072074890137,3.7543325424194336,1.5735642910003662,3.7486860653839464,1.6185207856617845,0.0,0,two_ankles,accepted,3.7543325424194336,1.5735642910003662,0.10676958305007203
357,11.9,detected,3,19,0.8807325959205627,ankle_midpoint,678.7774658203125,777.8785400390625,0.9481554627418518,0.9563071727752686,1.1644470691680908,8.310829162597656,1.2359725161861745,9.196715419092868,0.39818802857263746,0,two_ankles,corrected_motion_outlier,1.2020466300581498,9.358342607028737,0.416727045470118
357,11.9,detected,4,12,0.9110576510429382,ankle_midpoint,713.9287109375,925.964599609375,0.9810537695884705,0.9744097590446472,1.6923331022262573,11.710427284240723,1.7418461371142842,11.683767122791853,0.0,0,two_ankles,accepted,1.6923331022262573,11.710427284240723,0.08580091081223394
358,11.933333333333334,detected,1,16,0.8847982883453369,ankle_midpoint,765.162353515625,596.4091796875,0.9762400388717651,0.9887464642524719,1.2576308250427246,1.4355860948562622,1.2772679463047387,1.4678185381620852,0.0,0,two_ankles,accepted,1.2576308250427246,1.4355860948562622,0.03378638579097484
358,11.933333333333334,detected,2,5,0.8962735533714294,ankle_midpoint,1044.4832763671875,599.33984375,0.9898319244384766,0.9891841411590576,3.7536823749542236,1.5152645111083984,3.7509344046905713,1.5720554621127607,0.0,0,two_ankles,accepted,3.7536823749542236,1.5152645111083984,0.058303405159430506
358,11.933333333333334,detected,3,19,0.8855472207069397,ankle_midpoint,680.9498291015625,769.712158203125,0.9883296489715576,0.9909619688987732,1.1561354398727417,8.080020904541016,1.2066433936412246,9.318968411281242,0.7384452402040232,0,two_ankles,corrected_motion_outlier,1.1707966883085077,9.46838873506703,0.3545893590790903
358,11.933333333333334,detected,4,12,0.9131196141242981,ankle_midpoint,715.5099487304688,923.6148681640625,0.9828890562057495,0.9798585176467896,1.6970715522766113,11.665597915649414,1.7216975739373315,11.675590979577755,0.0,0,two_ankles,accepted,1.6970715522766113,11.665597915649414,0.04507909933855273
359,11.966666666666667,detected,1,16,0.8736730813980103,ankle_midpoint,759.3668212890625,594.289794921875,0.9761034846305847,0.9802536964416504,1.198067307472229,1.3280588388442993,1.2416276588301094,1.4049266734690815,0.0,0,two_ankles,accepted,1.198067307472229,1.3280588388442993,0.12292242842879793
359,11.966666666666667,detected,2,5,0.8951796889305115,ankle_midpoint,1044.0797119140625,597.8114013671875,0.9859657883644104,0.9858047366142273,3.752084970474243,1.4374051094055176,3.751452159293224,1.5114628033945015,0.0,0,two_ankles,accepted,3.752084970474243,1.4374051094055176,0.07787578657453952
359,11.966666666666667,detected,3,19,0.9066378474235535,ankle_midpoint,650.390625,780.1196899414062,0.9828166961669922,0.9842021465301514,0.9840638041496277,8.377470016479492,1.106482578370006,8.895294133620455,0.5609878233125408,0,two_ankles,accepted,0.9840638041496277,8.377470016479492,0.2027093466636823
359,11.966666666666667,detected,4,12,0.9214386343955994,ankle_midpoint,720.4095458984375,918.023193359375,0.9807811975479126,0.9850325584411621,1.7146943807601929,11.557767868041992,1.7185461370076192,11.622570579386663,0.0,0,two_ankles,accepted,1.7146943807601929,11.557767868041992,0.10926062076878659
360,12.0,detected,1,16,0.8825867176055908,ankle_midpoint,753.9241943359375,596.3045654296875,0.9900134801864624,0.9913569688796997,1.1568385362625122,1.4330482482910156,1.2034725536746906,1.4175813821389518,0.0,0,two_ankles,accepted,1.1568385362625122,1.4330482482910156,0.11279444876160093
360,12.0,detected,2,5,0.8912336230278015,ankle_midpoint,1044.74169921875,595.3153076171875,0.9859325289726257,0.9852954149246216,3.761324882507324,1.3089170455932617,3.7558948847395692,1.4203172123839436,0.0,0,two_ankles,accepted,3.761324882507324,1.3089170455932617,0.12881986848542196
360,12.0,detected,3,19,0.9037998914718628,ankle_midpoint,617.2188720703125,788.228515625,0.9858554005622864,0.9881107807159424,0.792760968208313,8.604477882385254,0.9653078537972443,8.764426820564616,0.0,0,two_ankles,accepted,0.792760968208313,8.604477882385254,0.29686587244457363
360,12.0,detected,4,12,0.923930287361145,ankle_midpoint,731.12744140625,909.03515625,0.9830785393714905,0.986960768699646,1.7592946290969849,11.381035804748535,1.736882958447834,11.513879930799506,0.0,0,two_ankles,accepted,1.7592946290969849,11.381035804748535,0.18227288429074145
361,12.033333333333333,detected,1,16,0.8644209504127502,ankle_midpoint,752.2897338867188,597.2337646484375,0.9888216257095337,0.992131769657135,1.145743727684021,1.4809691905975342,1.1774945819788893,1.446105895945314,0.0,0,two_ankles,accepted,1.145743727684021,1.4809691905975342,0.049188530054658494
361,12.033333333333333,detected,2,5,0.8987395167350769,ankle_midpoint,1045.198974609375,596.3321533203125,0.9899080991744995,0.988673985004425,3.764068365097046,1.361228346824646,3.759572950900434,1.39372722288226,0.0,0,two_ankles,accepted,3.764068365097046,1.361228346824646,0.052383193232569666
361,12.033333333333333,detected,3,19,0.899321436882019,ankle_midpoint,601.4454956054688,795.5552978515625,0.9742794036865234,0.9777332544326782,0.7149385809898376,8.802989959716797,0.8526416810339112,8.781780233183097,0.0,0,two_ankles,accepted,0.7149385809898376,8.802989959716797,0.21322140792816
361,12.033333333333333,detected,4,12,0.920148491859436,ankle_midpoint,736.2967529296875,904.7620849609375,0.9901780486106873,0.9897247552871704,1.7812542915344238,11.295642852783203,1.7568500583367994,11.41567324569217,0.0,0,two_ankles,accepted,1.7812542915344238,11.295642852783203,0.0881713276508853
362,12.066666666666666,detected,1,16,0.8885890245437622,ankle_midpoint,749.696044921875,597.9730224609375,0.9874869585037231,0.9891063570976257,1.1254277229309082,1.5192928314208984,1.1540644954072978,1.4790400169093272,0.0,0,two_ankles,accepted,1.1254277229309082,1.5192928314208984,0.04337558639473054
362,12.066666666666666,detected,2,5,0.8975837826728821,ankle_midpoint,1045.7625732421875,595.64501953125,0.9865120649337769,0.9849794507026672,3.7700507640838623,1.3256815671920776,3.7642879668329767,1.363106677821678,0.0,0,two_ankles,accepted,3.7700507640838623,1.3256815671920776,0.03604667307649679
362,12.066666666666666,detected,3,19,0.9096919894218445,ankle_midpoint,566.8235473632812,815.0426025390625,0.985101044178009,0.9887239933013916,0.5614304542541504,9.310454368591309,0.7503056325102893,8.846773536540198,0.0,0,two_ankles,corrected_motion_outlier,0.6252282398703068,8.926209796198878,0.5301743781514319
362,12.066666666666666,detected,4,12,0.9229943156242371,ankle_midpoint,756.1904907226562,899.64404296875,0.9689105749130249,0.9673315286636353,1.8847780227661133,11.190545082092285,1.8144176423299907,11.314365572072223,0.0,0,two_ankles,accepted,1.8847780227661133,11.190545082092285,0.1475218774701971
363,12.1,detected,1,16,0.8869128227233887,ankle_midpoint,748.7484130859375,598.6009521484375,0.9852299094200134,0.9883962869644165,1.1193842887878418,1.5514448881149292,1.1384584024285427,1.5116222089518483,0.0,0,two_ankles,accepted,1.1193842887878418,1.5514448881149292,0.03271510119039446
363,12.1,detected,2,5,0.8973088264465332,ankle_midpoint,1045.6455078125,594.5540771484375,0.9854053854942322,0.9842113852500916,3.770476818084717,1.269303560256958,3.76707294989626,1.3208952749175542,0.0,0,two_ankles,accepted,3.770476818084717,1.269303560256958,0.05637961677759118
363,12.1,detected,3,19,0.9157819151878357,ankle_midpoint,542.3192749023438,828.04248046875,0.9937146306037903,0.995466947555542,0.45487064123153687,9.634318351745605,0.6536511523185083,8.93796877980354,0.0,0,two_ankles,corrected_motion_outlier,0.535517898750776,9.04942963268096,0.4355290543360258
363,12.1,detected,4,12,0.9085187315940857,ankle_midpoint,772.4982299804688,894.9154052734375,0.9826644062995911,0.9844889640808105,1.9698981046676636,11.092497825622559,1.8843838503819437,11.214525086169875,0.0,0,two_ankles,accepted,1.9698981046676636,11.092497825622559,0.12984102912472223
364,12.133333333333333,detected,1,16,0.88157719373703,ankle_midpoint,749.4335327148438,598.513427734375,0.977533757686615,0.9846252202987671,1.1251455545425415,1.5468302965164185,1.1324676208798423,1.527465848355905,0.0,0,two_ankles,accepted,1.1251455545425415,1.5468302965164185,0.007381506534395368
364,12.133333333333333,detected,2,5,0.89908367395401,ankle_midpoint,1045.186767578125,594.3784790039062,0.983795166015625,0.9837080836296082,3.7665858268737793,1.2603179216384888,3.766853744536144,1.2936354659419749,0.0,0,two_ankles,accepted,3.7665858268737793,1.2603179216384888,0.009791910640182469
364,12.133333333333333,detected,3,19,0.9219568371772766,ankle_midpoint,539.1171264648438,828.7979736328125,0.9921588897705078,0.993453860282898,0.43788230419158936,9.653034210205078,0.5565551706613948,9.259748223484234,0.0,0,two_ankles,accepted,0.43788230419158936,9.653034210205078,0.298018531918457
364,12.133333333333333,detected,4,12,0.9108370542526245,ankle_midpoint,776.3411865234375,893.7138671875,0.9909576177597046,0.9927581548690796,1.9899858236312866,11.067436218261719,1.9319047383441479,11.148335095611206,0.0,0,two_ankles,accepted,1.9899858236312866,11.067436218261719,0.032118540076883986
365,12.166666666666666,detected,1,16,0.8659397959709167,ankle_midpoint,744.9215698242188,598.4735717773438,0.9810062646865845,0.9871305823326111,1.084852933883667,1.5459306240081787,1.1110410117315634,1.5357749973994284,0.0,0,two_ankles,accepted,1.084852933883667,1.5459306240081787,0.04030266356187943
365,12.166666666666666,detected,2,5,0.8926776647567749,ankle_midpoint,1044.14794921875,594.5044555664062,0.9818837642669678,0.9833769798278809,3.7570674419403076,1.2671116590499878,3.7624499083680183,1.2816997528405807,0.0,0,two_ankles,accepted,3.7570674419403076,1.2671116590499878,0.011694208812833048
365,12.166666666666666,detected,3,19,0.9223402738571167,ankle_midpoint,535.164794921875,828.638916015625,0.9839502573013306,0.9908229112625122,0.41306164860725403,9.64973258972168,0.49198308573703153,9.435241188291085,0.0,0,two_ankles,accepted,0.41306164860725403,9.64973258972168,0.025039281967592295
365,12.166666666666666,detected,4,12,0.9161668419837952,ankle_midpoint,789.32958984375,893.6961059570312,0.9752785563468933,0.9770106077194214,2.063427209854126,11.065502166748047,1.991089850523638,11.111060277622784,0.0,0,two_ankles,accepted,2.063427209854126,11.065502166748047,0.0734668480716969
366,12.2,detected,1,16,0.8627728819847107,ankle_midpoint,742.2752685546875,597.47705078125,0.9828295111656189,0.9899427890777588,1.0573925971984863,1.4958840608596802,1.0868992251916787,1.5178240759565418,0.0,0,two_ankles,accepted,1.0573925971984863,1.4958840608596802,0.057085274579703395
366,12.2,detected,2,5,0.8854106664657593,ankle_midpoint,1043.306396484375,596.8178100585938,0.9684726595878601,0.9737374782562256,3.7464640140533447,1.386670470237732,3.7552562559264153,1.3289365756692988,0.0,0,two_ankles,accepted,3.7464640140533447,1.386670470237732,0.12002808844424989
366,12.2,detected,3,19,0.919564962387085,ankle_midpoint,536.46044921875,829.3485717773438,0.9726399183273315,0.981148898601532,0.4235430061817169,9.666694641113281,0.46118504993714,9.539395242061074,0.0,0,two_ankles,accepted,0.4235430061817169,9.666694641113281,0.01993915855835153
366,12.2,detected,4,12,0.9199780225753784,ankle_midpoint,796.6328125,895.9453125,0.971625804901123,0.9709329009056091,2.107440233230591,11.11061954498291,2.0434475227417668,11.11086194793484,0.0,0,two_ankles,accepted,2.107440233230591,11.11061954498291,0.06302954898716122
367,12.233333333333333,detected,1,16,0.8494652509689331,ankle_midpoint,743.0805053710938,595.6973876953125,0.9857775568962097,0.9928263425827026,1.0575593709945679,1.4046354293823242,1.073696290802979,1.466889184998144,0.0,0,two_ankles,accepted,1.0575593709945679,1.4046354293823242,0.09124878388224895
367,12.233333333333333,detected,2,5,0.8875126242637634,ankle_midpoint,1042.02099609375,598.603759765625,0.9703361988067627,0.9764461517333984,3.732668399810791,1.4783930778503418,3.7450917206743846,1.396192001650768,0.0,0,two_ankles,accepted,3.732668399810791,1.4783930778503418,0.09275427601779956
367,12.233333333333333,detected,3,19,0.9252459406852722,ankle_midpoint,535.8977661132812,828.985107421875,0.9698505401611328,0.9797031283378601,0.4187963008880615,9.657997131347656,0.4421101128650547,9.592766092240037,0.0,0,two_ankles,accepted,0.4187963008880615,9.657997131347656,0.00990847552693947
367,12.233333333333333,detected,4,12,0.9240178465843201,ankle_midpoint,796.8592529296875,894.825439453125,0.9838225245475769,0.9925593137741089,2.1073763370513916,11.08772087097168,2.072215489181098,11.100448463301419,0.0,0,two_ankles,accepted,2.1073763370513916,11.08772087097168,0.02289876315861444
368,12.266666666666667,detected,1,16,0.8494095206260681,ankle_midpoint,748.0595092773438,591.8646240234375,0.989388644695282,0.996459424495697,1.0871654748916626,1.2051160335540771,1.0797574236428866,1.3490912668483142,0.0,0,two_ankles,accepted,1.0871654748916626,1.2051160335540771,0.20170401755947823
368,12.266666666666667,detected,2,5,0.8853756189346313,ankle_midpoint,1041.162109375,600.0806884765625,0.9683221578598022,0.9691880941390991,3.723149061203003,1.5537123680114746,3.7352175239122634,1.467076166513086,0.0,0,two_ankles,accepted,3.723149061203003,1.5537123680114746,0.0759184646703728
368,12.266666666666667,detected,3,19,0.922010064125061,ankle_midpoint,536.7357177734375,828.8165893554688,0.9721266031265259,0.9824525117874146,0.4233361780643463,9.65381145477295,0.4336618422047359,9.620236505379847,0.0,0,two_ankles,accepted,0.4233361780643463,9.65381145477295,0.006174979608371411
368,12.266666666666667,detected,4,12,0.9165993332862854,ankle_midpoint,798.8760986328125,890.3638305664062,0.9737024307250977,0.9920914173126221,2.113452196121216,10.995725631713867,2.0907720073041514,11.05332318908702,0.0,0,two_ankles,accepted,2.113452196121216,10.995725631713867,0.09219566209718617
369,12.3,detected,1,16,0.8891419768333435,ankle_midpoint,751.2554931640625,591.1643676757812,0.9886810779571533,0.9961077570915222,1.1132572889328003,1.1677525043487549,1.0948323630233479,1.2674888237235127,0.0,0,two_ankles,accepted,1.1132572889328003,1.1677525043487549,0.04557209754481661
369,12.3,detected,2,5,0.8884354829788208,ankle_midpoint,1041.683837890625,599.8570556640625,0.9723569750785828,0.9733349084854126,3.728074789047241,1.5422379970550537,3.732003293223004,1.5008989902569716,0.0,0,two_ankles,accepted,3.728074789047241,1.5422379970550537,0.012486952536189914
369,12.3,detected,3,19,0.9186877608299255,ankle_midpoint,536.6090087890625,830.0936279296875,0.9797137379646301,0.9883365035057068,0.42710360884666443,9.6846342086792,0.43071063719360375,9.649215471864554,0.0,0,two_ankles,accepted,0.42710360884666443,9.6846342086792,0.031052144741785675
369,12.3,detected,4,12,0.9172297120094299,ankle_midpoint,801.1507568359375,883.5859375,0.9829779267311096,0.9945893287658691,2.118290901184082,10.854098320007324,2.1031555095501204,10.963671998001157,0.0,0,two_ankles,accepted,2.118290901184082,10.854098320007324,0.14170994491533645
370,12.333333333333334,detected,1,16,0.8870425820350647,ankle_midpoint,756.535888671875,589.5419921875,0.9890755414962769,0.9969496130943298,1.1547554731369019,1.0813287496566772,1.121797762574447,1.183716790393437,0.0,0,two_ankles,accepted,1.1547554731369019,1.0813287496566772,0.09587056204755429
370,12.333333333333334,detected,2,5,0.8740114569664001,ankle_midpoint,1040.9871826171875,600.14306640625,0.9832373261451721,0.9830317497253418,3.7215142250061035,1.5569185018539429,3.727283212525399,1.5261077704756087,0.0,0,two_ankles,accepted,3.7215142250061035,1.5569185018539429,0.016079745697245233
370,12.333333333333334,detected,3,19,0.9209943413734436,ankle_midpoint,536.4852294921875,830.218994140625,0.9807440638542175,0.9888297915458679,0.42679086327552795,9.68766975402832,0.42894673893046964,9.66651989883825,0.0,0,two_ankles,accepted,0.42679086327552795,9.68766975402832,0.003051613566432713
370,12.333333333333334,detected,4,12,0.9169594049453735,ankle_midpoint,807.6058959960938,882.5740966796875,0.9800660610198975,0.9929378628730774,2.1540989875793457,10.831993103027344,2.126080074663272,10.904416495262943,0.0,0,two_ankles,accepted,2.1540989875793457,10.831993103027344,0.04208158348996249
371,12.366666666666667,detected,1,16,0.9027674198150635,ankle_midpoint,768.09912109375,586.2652587890625,0.972556471824646,0.9832777380943298,1.2475848197937012,0.9048234224319458,1.1784019383231115,1.058214774810766,0.0,0,two_ankles,accepted,1.2475848197937012,0.9048234224319458,0.1994277266065021
371,12.366666666666667,detected,2,5,0.8646803498268127,ankle_midpoint,1041.5859375,603.275634765625,0.972900390625,0.9761634469032288,3.7229278087615967,1.7146118879318237,3.725323280831688,1.6109346233309056,0.0,0,two_ankles,accepted,3.7229278087615967,1.7146118879318237,0.15769972172372843
371,12.366666666666667,detected,3,19,0.9197490215301514,ankle_midpoint,536.2677001953125,831.0919189453125,0.9837449789047241,0.9906567335128784,0.42855778336524963,9.708688735961914,0.4287717089261207,9.6854958755439,0.0,0,two_ankles,accepted,0.42855778336524963,9.708688735961914,0.021093117553557666
371,12.366666666666667,detected,4,12,0.9333465695381165,ankle_midpoint,820.136962890625,877.9314575195312,0.9892395734786987,0.9967233538627625,2.2209889888763428,10.731962203979492,2.168789086059154,10.826812064185392,0.0,0,two_ankles,accepted,2.2209889888763428,10.731962203979492,0.12033475407310118
372,12.4,detected,1,16,0.8670747876167297,ankle_midpoint,776.4630126953125,584.9234619140625,0.9927789568901062,0.9946828484535217,1.3191208839416504,0.8309259414672852,1.241725463851454,0.9559347998061996,0.0,0,two_ankles,accepted,1.3191208839416504,0.8309259414672852,0.10285060119757146
372,12.4,detected,2,5,0.8688278794288635,ankle_midpoint,1044.0137939453125,607.856201171875,0.9198658466339111,0.9373018741607666,3.738577127456665,1.9414199590682983,3.731287511812928,1.7596530244127324,0.0,0,two_ankles,accepted,3.738577127456665,1.9414199590682983,0.22734731647474518
372,12.4,detected,3,19,0.916047990322113,ankle_midpoint,534.5692138671875,831.317626953125,0.987602174282074,0.9941213726997375,0.4189711809158325,9.714340209960938,0.42436147132149105,9.698475826031567,0.0,0,two_ankles,accepted,0.4189711809158325,9.714340209960938,0.011128436767345545
372,12.4,detected,4,12,0.9252694845199585,ankle_midpoint,836.572998046875,866.5548095703125,0.9914137125015259,0.9966842532157898,2.3047280311584473,10.483593940734863,2.2299616113538363,10.672363908632654,0.0,0,two_ankles,accepted,2.3047280311584473,10.483593940734863,0.26210498161896384
373,12.433333333333334,detected,1,16,0.8669410347938538,ankle_midpoint,779.8468627929688,585.29736328125,0.9941059350967407,0.9944572448730469,1.3513422012329102,0.8500714302062988,1.2910529956731094,0.9082962834862442,0.0,0,two_ankles,accepted,1.3513422012329102,0.8500714302062988,0.037480168449991455
373,12.433333333333334,detected,2,5,0.8675914406776428,ankle_midpoint,1044.13916015625,610.9202880859375,0.9689040780067444,0.9736592769622803,3.7358274459838867,2.091296911239624,3.73333048218986,1.9088927734848338,0.0,0,two_ankles,accepted,3.7358274459838867,2.091296911239624,0.149902173234305
373,12.433333333333334,detected,3,19,0.9140716195106506,ankle_midpoint,536.00732421875,829.8966064453125,0.9902404546737671,0.9949138164520264,0.4227169454097748,9.679970741271973,0.42362143466121877,9.690148537889751,0.0,0,two_ankles,accepted,0.4227169454097748,9.679970741271973,0.03457298265417396
373,12.433333333333334,detected,4,12,0.9193664193153381,ankle_midpoint,849.889892578125,860.89599609375,0.9915884137153625,0.9964171648025513,2.3776235580444336,10.356667518615723,2.2964094873646053,10.530300533125036,0.0,0,two_ankles,accepted,2.3776235580444336,10.356667518615723,0.14636965010531325
374,12.466666666666667,detected,1,16,0.8781377077102661,ankle_midpoint,786.883544921875,588.1757202148438,0.9870280027389526,0.9942501783370972,1.4251238107681274,1.0014349222183228,1.3513848624658675,0.9502086709156796,0.0,0,two_ankles,accepted,1.4251238107681274,1.0014349222183228,0.16838833872831366
374,12.466666666666667,detected,2,5,0.8672028183937073,ankle_midpoint,1043.56884765625,612.6561889648438,0.9760411381721497,0.9774492383003235,3.7287113666534424,2.1755876541137695,3.7312518801984726,2.028905469767855,0.0,0,two_ankles,accepted,3.7287113666534424,2.1755876541137695,0.08459059001633981
374,12.466666666666667,detected,3,19,0.9172672629356384,ankle_midpoint,541.581298828125,826.205810546875,0.9925901889801025,0.9945490956306458,0.44383540749549866,9.58983325958252,0.43271772243664475,9.645006662651497,0.0,0,two_ankles,accepted,0.44383540749549866,9.58983325958252,0.09257837245373594
374,12.466666666666667,detected,4,12,0.9210829138755798,ankle_midpoint,872.0450439453125,847.8487548828125,0.9892529845237732,0.993790328502655,2.498549222946167,10.0579252243042,2.3603856028422867,10.392879581813007,0.0,0,two_ankles,corrected_motion_outlier,2.4385786328705636,10.224920641320526,0.3222886514329029
375,12.5,detected,1,16,0.8901702761650085,ankle_midpoint,787.9386596679688,592.259521484375,0.9891573190689087,0.9923117756843567,1.4479315280914307,1.2155392169952393,1.394830861997371,1.0696074166514815,0.0,0,two_ankles,accepted,1.4479315280914307,1.2155392169952393,0.21531567757927073
375,12.5,detected,2,5,0.8783058524131775,ankle_midpoint,1039.18798828125,610.629150390625,0.9736226201057434,0.9777387380599976,3.693004608154297,2.078320026397705,3.7140406077785935,2.0511420202512873,0.0,0,two_ankles,accepted,3.693004608154297,2.078320026397705,0.10361449707462374
375,12.5,detected,3,19,0.9187542200088501,ankle_midpoint,554.7190551757812,824.4127197265625,0.9928083419799805,0.9942067861557007,0.5185539126396179,9.544270515441895,0.4713440080279827,9.599675396407177,0.0,0,two_ankles,accepted,0.5185539126396179,9.544270515441895,0.0875146768524905
375,12.5,detected,4,12,0.9180566072463989,ankle_midpoint,886.5546875,842.1507568359375,0.9902206659317017,0.995235025882721,2.581899642944336,9.923563957214355,2.460066920888209,10.181687550743614,0.0,0,two_ankles,accepted,2.581899642944336,9.923563957214355,0.2394302684293383
376,12.533333333333333,detected,1,16,0.8774532079696655,ankle_midpoint,789.3173828125,590.791259765625,0.9835516810417175,0.9897297620773315,1.4556597471237183,1.1385093927383423,1.4222038603042273,1.100613305890569,0.0,0,two_ankles,accepted,1.4556597471237183,1.1385093927383423,0.0774165304987213
376,12.533333333333333,detected,2,5,0.887008786201477,ankle_midpoint,1036.665771484375,608.155029296875,0.9762132167816162,0.9809803366661072,3.673804759979248,1.9578993320465088,3.6959344762688877,2.009182810559137,0.0,0,two_ankles,accepted,3.673804759979248,1.9578993320465088,0.12194169835609624
376,12.533333333333333,detected,3,19,0.9134169816970825,ankle_midpoint,559.98095703125,822.410888671875,0.9927160143852234,0.9939287900924683,0.5441864132881165,9.49444580078125,0.5041230903950429,9.55232207837551,0.0,0,two_ankles,accepted,0.5441864132881165,9.49444580078125,0.05603148472519646
376,12.533333333333333,detected,4,12,0.917236328125,ankle_midpoint,895.9633178710938,843.1156005859375,0.9901911020278931,0.9945999383926392,2.6393463611602783,9.94487190246582,2.5407426690106405,10.075120509018607,0.0,0,two_ankles,accepted,2.6393463611602783,9.94487190246582,0.06127115116122195
377,12.566666666666666,detected,1,16,0.8889619708061218,ankle_midpoint,787.8717651367188,592.5174560546875,0.9916742444038391,0.9936032891273499,1.4481571912765503,1.228980541229248,1.4338828592417727,1.1583785617929747,0.0,0,two_ankles,accepted,1.4481571912765503,1.228980541229248,0.09078169999236296
377,12.566666666666666,detected,2,5,0.8971580266952515,ankle_midpoint,1030.367919921875,606.3927001953125,0.9818955659866333,0.9856429696083069,3.6204404830932617,1.8725258111953735,3.6619621793398567,1.9476871608454436,0.0,0,two_ankles,accepted,3.6204404830932617,1.8725258111953735,0.10067961119354524
377,12.566666666666666,detected,3,19,0.9074713587760925,ankle_midpoint,577.9942626953125,820.1348266601562,0.9888215065002441,0.9926139116287231,0.6482100486755371,9.435781478881836,0.5689622216212653,9.499878808603357,0.0,0,two_ankles,accepted,0.6482100486755371,9.435781478881836,0.11942537160558934
377,12.566666666666666,detected,4,12,0.914979875087738,ankle_midpoint,912.70361328125,842.4368896484375,0.9578040838241577,0.9743422269821167,2.740139961242676,9.926761627197266,2.6304714505150564,10.008359012199005,0.0,0,two_ankles,accepted,2.740139961242676,9.926761627197266,0.10240767494613427
378,12.6,detected,1,16,0.8903370499610901,ankle_midpoint,791.6062622070312,592.3864135742188,0.9882546663284302,0.9904118180274963,1.48137629032135,1.221212387084961,1.4552549032275826,1.1866537831743686,0.0,0,two_ankles,accepted,1.48137629032135,1.221212387084961,0.034115286312115634
378,12.6,detected,2,5,0.8843787908554077,ankle_midpoint,1028.0684814453125,606.6031494140625,0.9842498302459717,0.9869804978370667,3.600013494491577,1.8834943771362305,3.6340852711581313,1.9188004081762977,0.0,0,two_ankles,accepted,3.600013494491577,1.8834943771362305,0.023185583929077096
378,12.6,detected,3,19,0.9031716585159302,ankle_midpoint,592.8182373046875,820.3673095703125,0.9900045990943909,0.9918485879898071,0.741014838218689,9.439460754394531,0.6463858990901059,9.472690684209386,0.0,0,two_ankles,accepted,0.741014838218689,9.439460754394531,0.09287769393372677
378,12.6,detected,4,12,0.9219539165496826,ankle_midpoint,928.7474975585938,839.8721923828125,0.9874102473258972,0.9903139472007751,2.8363089561462402,9.864363670349121,2.7230983280490895,9.943561108366557,0.0,0,two_ankles,accepted,2.8363089561462402,9.864363670349121,0.11463847783176778
379,12.633333333333333,detected,1,16,0.9034620523452759,ankle_midpoint,790.516357421875,594.96435546875,0.9886638522148132,0.9906540513038635,1.4796762466430664,1.3549896478652954,1.4662445077645503,1.2624049222852858,0.0,0,two_ankles,accepted,1.4796762466430664,1.3549896478652954,0.13378806243606972
379,12.633333333333333,detected,2,5,0.8854200839996338,ankle_midpoint,1027.398193359375,608.611328125,0.9827560186386108,0.9850711822509766,3.5921475887298584,1.9825507402420044,3.6152133140654086,1.9474880576058657,0.0,0,two_ankles,accepted,3.5921475887298584,1.9825507402420044,0.09936818175449912
379,12.633333333333333,detected,3,19,0.9078898429870605,ankle_midpoint,602.1481323242188,820.3899536132812,0.9889812469482422,0.991599440574646,0.7990174293518066,9.438715934753418,0.7150700877078713,9.4574020469542,0.0,0,two_ankles,accepted,0.7990174293518066,9.438715934753418,0.05800737310423055
379,12.633333333333333,detected,4,12,0.9057146906852722,ankle_midpoint,938.65625,838.9776611328125,0.9883130192756653,0.9905043244361877,2.8962042331695557,9.841917037963867,2.8009959853532997,9.897821276685349,0.0,0,two_ankles,accepted,2.8962042331695557,9.841917037963867,0.06396323565250922
380,12.666666666666666,detected,1,16,0.915719747543335,ankle_midpoint,799.5130004882812,591.3312377929688,0.9935007691383362,0.9955099821090698,1.5494261980056763,1.1641591787338257,1.5036762683730571,1.218194337687129,0.0,0,two_ankles,accepted,1.5494261980056763,1.1641591787338257,0.20317805901234332
380,12.666666666666666,detected,2,5,0.8779788017272949,ankle_midpoint,1025.97802734375,614.61376953125,0.9774004817008972,0.980038046836853,3.5740418434143066,2.2740070819854736,3.596686152272413,2.0944216185766895,0.0,0,two_ankles,accepted,3.5740418434143066,2.2740070819854736,0.29201817949558817
380,12.666666666666666,detected,3,19,0.9068052768707275,ankle_midpoint,615.3330078125,824.242431640625,0.9914205074310303,0.9931175708770752,0.892331063747406,9.531699180603027,0.794837526925662,9.490835757096173,0.0,0,two_ankles,accepted,0.892331063747406,9.531699180603027,0.1317319944920158
380,12.666666666666666,detected,4,12,0.9213991761207581,ankle_midpoint,958.6739501953125,829.571044921875,0.9700732827186584,0.9745161533355713,3.0170257091522217,9.6140775680542,2.898209361062815,9.770136607801332,0.0,0,two_ankles,accepted,3.0170257091522217,9.6140775680542,0.257892716274323
381,12.7,detected,1,16,0.9123204946517944,ankle_midpoint,807.6511840820312,589.5478515625,0.9659187197685242,0.9743509292602539,1.617756724357605,1.0685184001922607,1.5550124735661037,1.1508401658144383,0.0,0,two_ankles,accepted,1.617756724357605,1.0685184001922607,0.11754241511713248
381,12.7,detected,2,5,0.8629248142242432,ankle_midpoint,1026.174560546875,618.5457763671875,0.9894163012504578,0.9920644164085388,3.5720834732055664,2.4611074924468994,3.585614946692332,2.2594302618182844,0.0,0,two_ankles,accepted,3.5720834732055664,2.4611074924468994,0.1871106592599911
381,12.7,detected,3,19,0.9089711308479309,ankle_midpoint,627.2819213867188,828.8717041015625,0.9919390082359314,0.9944047927856445,0.9792842268943787,9.642706871032715,0.8778385419115846,9.559177758367618,0.0,0,two_ankles,accepted,0.9792842268943787,9.642706871032715,0.14100907742339633
381,12.7,detected,4,12,0.9151511788368225,ankle_midpoint,973.6143798828125,823.460205078125,0.9851562976837158,0.9869142174720764,3.109187364578247,9.462663650512695,2.9931494626447597,9.631773777021447,0.0,0,two_ankles,accepted,3.109187364578247,9.462663650512695,0.17725672104642684
382,12.733333333333333,detected,1,16,0.9097220301628113,ankle_midpoint,812.20556640625,588.002197265625,0.975791335105896,0.9815173745155334,1.6546629667282104,0.9857157468795776,1.5998551954890519,1.0765341772937511,0.0,0,two_ankles,accepted,1.6546629667282104,0.9857157468795776,0.0906551163561013
382,12.733333333333333,detected,2,5,0.8746942281723022,ankle_midpoint,1025.103271484375,621.46875,0.9686093330383301,0.9795334339141846,3.560244083404541,2.5987000465393066,3.5741980582128265,2.4121016649427447,0.0,0,two_ankles,accepted,3.560244083404541,2.5987000465393066,0.13810098512513455
382,12.733333333333333,detected,3,19,0.9071809649467468,ankle_midpoint,633.468994140625,830.6919555664062,0.9888246655464172,0.9921384453773499,1.0223008394241333,9.685778617858887,0.9428465757922315,9.61614814513869,0.0,0,two_ankles,accepted,1.0223008394241333,9.685778617858887,0.060873675165812775
382,12.733333333333333,detected,4,12,0.915280818939209,ankle_midpoint,977.5546264648438,825.80322265625,0.9865683317184448,0.9873332977294922,3.1334593296051025,9.519675254821777,3.056288902776914,9.581329442031596,0.0,0,two_ankles,accepted,3.1334593296051025,9.519675254821777,0.061963306175189165
383,12.766666666666667,detected,1,16,0.9143757224082947,ankle_midpoint,825.0661010742188,583.3388061523438,0.9923779964447021,0.995008111000061,1.7593332529067993,0.7329840660095215,1.6716203213270382,0.9219366272158479,0.0,0,two_ankles,accepted,1.7593332529067993,0.7329840660095215,0.27354921188720616
383,12.766666666666667,detected,2,5,0.9030371308326721,ankle_midpoint,1025.927001953125,620.20361328125,0.9721301198005676,0.9807747006416321,3.56843638420105,2.5392470359802246,3.5716053049075276,2.469317081909611,0.0,0,two_ankles,accepted,3.56843638420105,2.5392470359802246,0.06001478365268676
383,12.766666666666667,detected,3,19,0.9155048727989197,ankle_midpoint,642.356201171875,832.17578125,0.9907265901565552,0.9946503043174744,1.080712914466858,9.720211029052734,1.0048864281958134,9.66297644290001,0.0,0,two_ankles,accepted,1.080712914466858,9.720211029052734,0.06780532022945616
383,12.766666666666667,detected,4,12,0.9221851229667664,ankle_midpoint,994.3218383789062,828.48388671875,0.9802995920181274,0.9778514504432678,3.2365875244140625,9.582773208618164,3.1374232825136312,9.581979136995553,0.0,0,two_ankles,accepted,3.2365875244140625,9.582773208618164,0.12089986078505528
384,12.8,detected,1,16,0.9131951332092285,ankle_midpoint,840.0023803710938,579.71728515625,0.9836693406105042,0.9869285225868225,1.8877373933792114,0.5320906043052673,1.768873003750516,0.7465059169060867,0.0,0,two_ankles,accepted,1.8877373933792114,0.5320906043052673,0.2384235857585771
384,12.8,detected,2,5,0.893310010433197,ankle_midpoint,1030.77734375,616.5963134765625,0.9881932139396667,0.9920123219490051,3.613581657409668,2.367579936981201,3.590494663533491,2.4235353666918265,0.0,0,two_ankles,accepted,3.613581657409668,2.367579936981201,0.17750405226873356
384,12.8,detected,3,19,0.9164820909500122,ankle_midpoint,648.6318359375,836.07958984375,0.9915990829467773,0.9949927926063538,1.1292564868927002,9.812479972839355,1.0608529546094125,9.730253031372715,0.0,0,two_ankles,accepted,1.1292564868927002,9.812479972839355,0.1042594667709443
384,12.8,detected,4,12,0.9121432304382324,ankle_midpoint,1002.3626098632812,826.6771240234375,0.9899043440818787,0.9875593781471252,3.2866458892822266,9.537616729736328,3.2045734555594994,9.562016053728902,0.0,0,two_ankles,accepted,3.2866458892822266,9.537616729736328,0.06741622563062943
385,12.833333333333334,detected,1,16,0.8938237428665161,ankle_midpoint,846.739501953125,579.3350830078125,0.9926682114601135,0.9938645958900452,1.9491453170776367,0.5093440413475037,1.8499955447477205,0.6397830729047244,0.0,0,two_ankles,accepted,1.9491453170776367,0.5093440413475037,0.06548541226367235
385,12.833333333333334,detected,2,5,0.8877028226852417,ankle_midpoint,1031.474365234375,618.4130249023438,0.9847748875617981,0.9880494475364685,3.6177515983581543,2.4535892009735107,3.6027602842045896,2.4370595921185845,0.0,0,two_ankles,accepted,3.6177515983581543,2.4535892009735107,0.08611028916460949
385,12.833333333333334,detected,3,19,0.9151659607887268,ankle_midpoint,650.7645263671875,837.2183837890625,0.9924665093421936,0.9953946471214294,1.1451570987701416,9.839176177978516,1.0987898194817407,9.779268447345325,0.0,0,two_ankles,accepted,1.1451570987701416,9.839176177978516,0.03107276664394646
385,12.833333333333334,detected,4,12,0.9078537821769714,ankle_midpoint,1007.04345703125,826.0106201171875,0.9916955828666687,0.9901818633079529,3.3157777786254883,9.52066421508789,3.2546154009391945,9.543407726340448,0.0,0,two_ankles,accepted,3.3157777786254883,9.52066421508789,0.033705410984195605
386,12.866666666666667,detected,1,16,0.8614944815635681,ankle_midpoint,863.5614624023438,577.9133911132812,0.984630286693573,0.9873417019844055,2.1019887924194336,0.42660602927207947,1.9633925061999915,0.5438534032700342,0.0,0,two_ankles,accepted,2.1019887924194336,0.42660602927207947,0.17380076696249505
386,12.866666666666667,detected,2,5,0.8861092925071716,ankle_midpoint,1032.14013671875,622.5286254882812,0.981721818447113,0.9857192635536194,3.6193056106567383,2.646498918533325,3.6102056811080567,2.531307289005218,0.0,0,two_ankles,accepted,3.6193056106567383,2.646498918533325,0.1929159767443628
386,12.866666666666667,detected,3,19,0.9191620349884033,ankle_midpoint,652.42041015625,839.138671875,0.9854676127433777,0.9897578954696655,1.1601066589355469,9.884272575378418,1.1263823972359535,9.826520304960217,0.0,0,two_ankles,accepted,1.1601066589355469,9.884272575378418,0.04750972960972301
386,12.866666666666667,detected,4,12,0.9009528756141663,ankle_midpoint,1016.6761474609375,822.637451171875,0.9955694079399109,0.9918396472930908,3.376702070236206,9.436351776123047,3.30955440212285,9.495232548742617,0.0,0,two_ankles,accepted,3.376702070236206,9.436351776123047,0.10402094343192758
387,12.9,detected,1,16,0.8603395819664001,ankle_midpoint,882.82861328125,575.6515502929688,0.9883545637130737,0.9898818135261536,2.277142286300659,0.29596659541130066,2.1045799072452924,0.43230433973360416,0.0,0,two_ankles,accepted,2.277142286300659,0.29596659541130066,0.2185072266499791
387,12.9,detected,2,5,0.8774912357330322,ankle_midpoint,1032.0433349609375,631.549072265625,0.9700450301170349,0.9771566987037659,3.609578847885132,3.0595033168792725,3.6173158583750435,2.6195388733637985,0.0,0,two_ankles,corrected_motion_outlier,3.6260060750346943,2.7273774764687295,0.4131189210955037
387,12.9,detected,3,19,0.9212233424186707,ankle_midpoint,654.115234375,837.718994140625,0.9855895638465881,0.9923179149627686,1.1667786836624146,9.850561141967773,1.144560726127861,9.83733868161362,0.0,0,two_ankles,accepted,1.1667786836624146,9.850561141967773,0.03436534092012262
387,12.9,detected,4,12,0.9058747887611389,ankle_midpoint,1028.2412109375,819.003173828125,0.9910095930099487,0.9860132336616516,3.4503848552703857,9.344470977783203,3.3729281060392413,9.427389841810882,0.0,0,two_ankles,accepted,3.4503848552703857,9.344470977783203,0.11777620266403638
388,12.933333333333334,detected,1,16,0.8836466670036316,ankle_midpoint,892.4952392578125,575.80126953125,0.9915264248847961,0.9929091930389404,2.3675122261047363,0.30170872807502747,2.2228994507320423,0.37353631448724467,0.0,0,two_ankles,accepted,2.3675122261047363,0.30170872807502747,0.09055218444477398
388,12.933333333333334,detected,2,5,0.8754346966743469,ankle_midpoint,1032.6942138671875,627.4190673828125,0.9876170754432678,0.9847870469093323,3.6191184520721436,2.871976375579834,3.6181270255387386,2.733135749361015,0.0,0,two_ankles,accepted,3.6191184520721436,2.871976375579834,0.11273876736120544
388,12.933333333333334,detected,3,19,0.9209442138671875,ankle_midpoint,657.802490234375,837.611328125,0.9883800745010376,0.9941794872283936,1.1888891458511353,9.847518920898438,1.1645085150033343,9.841919789291788,0.0,0,two_ankles,accepted,1.1888891458511353,9.847518920898438,0.022318773425830538
388,12.933333333333334,detected,4,12,0.9109276533126831,ankle_midpoint,1037.998779296875,818.9537353515625,0.9787437319755554,0.9642622470855713,3.5113441944122314,9.341863632202148,3.4352153458070873,9.388903047486952,0.0,0,two_ankles,accepted,3.5113441944122314,9.341863632202148,0.061015074199656655
389,12.966666666666667,detected,1,16,0.8905243277549744,ankle_midpoint,911.59033203125,575.0946655273438,0.9897640943527222,0.9925359487533569,2.544806718826294,0.25713443756103516,2.367757721374456,0.3211554698704504,0.0,0,two_ankles,accepted,2.544806718826294,0.25713443756103516,0.18281193758674577
389,12.966666666666667,detected,2,5,0.8794991374015808,ankle_midpoint,1037.6285400390625,627.0136108398438,0.9763538837432861,0.9739130139350891,3.661256790161133,2.85229754447937,3.637535419618816,2.786758557164275,0.0,0,two_ankles,accepted,3.661256790161133,2.85229754447937,0.04650694496935427
389,12.966666666666667,detected,3,19,0.9175484776496887,ankle_midpoint,668.7630615234375,838.0682373046875,0.9913502931594849,0.9949122071266174,1.2565348148345947,9.856834411621094,1.2059203499274016,9.848631369339977,0.0,0,two_ankles,accepted,1.2565348148345947,9.856834411621094,0.06828407500745445
389,12.966666666666667,detected,4,12,0.9136707782745361,ankle_midpoint,1047.5565185546875,815.141357421875,0.9921656847000122,0.9875891804695129,3.573603868484497,9.244827270507812,3.497490181011922,9.324068947846339,0.0,0,two_ankles,accepted,3.573603868484497,9.244827270507812,0.11529233498571677
390,13.0,detected,1,16,0.8885340094566345,ankle_midpoint,929.2772216796875,573.4869384765625,0.9896429777145386,0.9921746850013733,2.7088005542755127,0.1621827334165573,2.521226996179932,0.2496177384661985,0.0,0,two_ankles,accepted,2.7088005542755127,0.1621827334165573,0.1894988237042275
390,13.0,detected,2,5,0.8629994988441467,ankle_midpoint,1040.8665771484375,628.028076171875,0.9898421168327332,0.9930486679077148,3.687506675720215,2.8979222774505615,3.660022484864445,2.836782231293104,0.0,0,two_ankles,accepted,3.687506675720215,2.8979222774505615,0.05263718030591517
390,13.0,detected,3,19,0.9095025658607483,ankle_midpoint,682.447265625,837.7329711914062,0.9915850162506104,0.99309903383255,1.3387947082519531,9.847068786621094,1.2657138111734498,9.84792820711648,0.0,0,two_ankles,accepted,1.3387947082519531,9.847068786621094,0.08283753676127621
390,13.0,detected,4,12,0.9218114018440247,ankle_midpoint,1061.3929443359375,815.5062255859375,0.9932574033737183,0.9889411330223083,3.660187005996704,9.252065658569336,3.570703752255074,9.291667467671687,0.0,0,two_ankles,accepted,3.660187005996704,9.252065658569336,0.08688517688988702
391,13.033333333333333,detected,1,16,0.8945749998092651,ankle_midpoint,939.8065185546875,577.4697265625,0.987854540348053,0.9914789795875549,2.8096914291381836,0.3816888928413391,2.6510359910111454,0.30904975793501177,0.0,0,two_ankles,accepted,2.8096914291381836,0.3816888928413391,0.24158212404061033
391,13.033333333333333,detected,2,5,0.8731255531311035,ankle_midpoint,1046.69580078125,628.687255859375,0.9863938689231873,0.9938627481460571,3.7359254360198975,2.9266295433044434,3.694178812884399,2.8772135216982067,0.0,0,two_ankles,accepted,3.7359254360198975,2.9266295433044434,0.05628928372047002
391,13.033333333333333,detected,3,19,0.9139194488525391,ankle_midpoint,689.0474243164062,837.1118774414062,0.9918054342269897,0.9926707744598389,1.3774622678756714,9.831483840942383,1.3160006166894496,9.840528242338138,0.0,0,two_ankles,accepted,1.3774622678756714,9.831483840942383,0.041690175090327665
391,13.033333333333333,detected,4,12,0.9151965975761414,ankle_midpoint,1067.3863525390625,809.7171020507812,0.9936686158180237,0.9878705143928528,3.7027440071105957,9.104095458984375,3.6301218669400592,9.207260063762398,0.0,0,two_ankles,accepted,3.7027440071105957,9.104095458984375,0.15396843283290554
392,13.066666666666666,detected,1,16,0.8682054281234741,ankle_midpoint,953.0660400390625,577.279052734375,0.9901476502418518,0.9913215041160583,2.9329333305358887,0.3675733804702759,2.77788979379728,0.33538538807588064,0.0,0,two_ankles,accepted,2.9329333305358887,0.3675733804702759,0.12404762774684286
392,13.066666666666666,detected,2,5,0.8592994213104248,ankle_midpoint,1053.3468017578125,624.9146118164062,0.9453795552253723,0.9639015793800354,3.7969982624053955,2.752194881439209,3.7404475651688474,2.820955133581658,0.0,0,two_ankles,accepted,3.7969982624053955,2.752194881439209,0.18481704840937116
392,13.066666666666666,detected,3,19,0.9143818020820618,ankle_midpoint,701.65234375,836.7606811523438,0.9930353164672852,0.9942716360092163,1.453298568725586,9.821459770202637,1.3777846951057109,9.831947429877163,0.0,0,two_ankles,accepted,1.453298568725586,9.821459770202637,0.07649592486397026
392,13.066666666666666,detected,4,12,0.9224156141281128,ankle_midpoint,1078.9923095703125,811.1073608398438,0.9888523817062378,0.9821792244911194,3.774836540222168,9.137977600097656,3.6952434699170085,9.176082955113264,0.0,0,two_ankles,accepted,3.774836540222168,9.137977600097656,0.07965759735808912
393,13.1,detected,1,16,0.8803608417510986,ankle_midpoint,965.458740234375,578.1370849609375,0.9897720217704773,0.9916921854019165,3.0482892990112305,0.4117443859577179,2.899569571143558,0.36974693712270745,0.0,0,two_ankles,accepted,3.0482892990112305,0.4117443859577179,0.12352358960399298
393,13.1,detected,2,5,0.8737571835517883,ankle_midpoint,1057.593994140625,620.6690063476562,0.9520493745803833,0.958997905254364,3.8390462398529053,2.5536913871765137,3.7848169687766737,2.7006864476993435,0.0,0,two_ankles,accepted,3.8390462398529053,2.5536913871765137,0.20290803247266037
393,13.1,detected,3,19,0.9082818031311035,ankle_midpoint,717.8732299804688,842.1675415039062,0.9873222708702087,0.9921155571937561,1.5628187656402588,9.94653606414795,1.4610500268462574,9.883512315299017,0.0,0,two_ankles,accepted,1.5628187656402588,9.94653606414795,0.16624906868708447
393,13.1,detected,4,12,0.9115644693374634,ankle_midpoint,1088.0374755859375,811.805908203125,0.9923426508903503,0.9903863668441772,3.8312339782714844,9.154495239257812,3.7564391986765227,9.16636848297831,0.0,0,two_ankles,accepted,3.8312339782714844,9.154495239257812,0.05876651616313162
394,13.133333333333333,detected,1,16,0.868167519569397,ankle_midpoint,969.6023559570312,579.6384887695312,0.9890222549438477,0.9909846782684326,3.0867559909820557,0.4933478534221649,2.983803460070882,0.42536734945746335,0.0,0,two_ankles,accepted,3.0867559909820557,0.4933478534221649,0.09021536617117625
394,13.133333333333333,detected,2,5,0.8837994337081909,ankle_midpoint,1064.824951171875,617.763427734375,0.9611976146697998,0.9609906077384949,3.905432939529419,2.414992332458496,3.8390941556154097,2.5721240958409624,0.0,0,two_ankles,accepted,3.905432939529419,2.414992332458496,0.15376807755061275
394,13.133333333333333,detected,3,19,0.9184419512748718,ankle_midpoint,720.9659423828125,846.0994873046875,0.9948604702949524,0.995716392993927,1.5892200469970703,10.037543296813965,1.5187265359141233,9.952826256980744,0.0,0,two_ankles,accepted,1.5892200469970703,10.037543296813965,0.09475940087826551
394,13.133333333333333,detected,4,12,0.9227296113967896,ankle_midpoint,1094.5301513671875,814.2764892578125,0.9856247901916504,0.9832289814949036,3.8695120811462402,9.21629810333252,3.8073219957878957,9.188836812137705,0.0,0,two_ankles,accepted,3.8695120811462402,9.21629810333252,0.0726966792056357
395,13.166666666666666,detected,1,16,0.8773253560066223,ankle_midpoint,975.8941650390625,582.6474609375,0.9887852668762207,0.9896654486656189,3.1446287631988525,0.6559503674507141,3.056174846478469,0.5291297075544262,0.0,0,two_ankles,accepted,3.1446287631988525,0.6559503674507141,0.17259442439563855
395,13.166666666666666,detected,2,5,0.8305211067199707,ankle_midpoint,1076.198974609375,607.3517456054688,0.9616405963897705,0.9596095085144043,4.02177619934082,1.9087432622909546,3.891520237694388,2.4529285095521813,0.0,0,two_ankles,corrected_motion_outlier,3.9555965602353607,2.3072450151992263,0.5194457384068557
395,13.166666666666666,detected,3,19,0.9183968305587769,ankle_midpoint,731.122314453125,851.8841552734375,0.9968969821929932,0.997860848903656,1.6609930992126465,10.169007301330566,1.5827464893984589,10.050107726938165,0.0,0,two_ankles,accepted,1.6609930992126465,10.169007301330566,0.14978035755025043
395,13.166666666666666,detected,4,12,0.9166028499603271,ankle_midpoint,1104.193603515625,818.995849609375,0.9910428524017334,0.9896638989448547,3.924806594848633,9.333592414855957,3.8601900653652277,9.25397683336092,0.0,0,two_ankles,accepted,3.924806594848633,9.333592414855957,0.12967435660662166
396,13.2,detected,1,16,0.877790629863739,ankle_midpoint,978.0390625,586.5036010742188,0.9889450669288635,0.9889073371887207,3.16372013092041,0.863037645816803,3.1045702244773423,0.6793882797724957,0.0,0,two_ankles,accepted,3.16372013092041,0.863037645816803,0.20796543266262715
396,13.2,detected,2,5,0.8633403182029724,ankle_midpoint,1091.58740234375,605.2744140625,0.9177711009979248,0.9207875728607178,4.161219596862793,1.8020893335342407,3.9429282121554996,2.33888464432668,0.0,0,two_ankles,corrected_motion_outlier,4.005760180941302,2.1994976979399565,0.33206810301507683
396,13.2,detected,3,19,0.9193912744522095,ankle_midpoint,737.1382446289062,855.857666015625,0.9955636262893677,0.9969562292098999,1.7039772272109985,10.258299827575684,1.6373003214141018,10.14379417222505,0.0,0,two_ankles,accepted,1.7039772272109985,10.258299827575684,0.09909990162968707
396,13.2,detected,4,12,0.9121840596199036,ankle_midpoint,1115.2911376953125,817.9942626953125,0.989309549331665,0.990971565246582,3.995401620864868,9.306968688964844,3.921035265340066,9.277823168382685,0.0,0,two_ankles,accepted,3.995401620864868,9.306968688964844,0.07544852867059822
397,13.233333333333333,detected,1,16,0.8800219893455505,ankle_midpoint,980.1866455078125,585.8101806640625,0.9922041893005371,0.9937339425086975,3.1834828853607178,0.825373649597168,3.140080921874861,0.7450816961935982,0.0,0,two_ankles,accepted,3.1834828853607178,0.825373649597168,0.04253402255019596
397,13.233333333333333,detected,2,5,0.8698269724845886,ankle_midpoint,1096.392822265625,601.5147094726562,0.9505338072776794,0.9547030329704285,4.211783409118652,1.6125380992889404,4.063913050788918,2.012028699059697,0.0,0,two_ankles,accepted,4.211783409118652,1.6125380992889404,0.2863143972297438
397,13.233333333333333,detected,3,19,0.9186432361602783,ankle_midpoint,741.5205078125,858.0880737304688,0.9942644238471985,0.996370792388916,1.7338588237762451,10.307891845703125,1.6807516474770665,10.217638125290184,0.0,0,two_ankles,accepted,1.7338588237762451,10.307891845703125,0.05789886074216515
397,13.233333333333333,detected,4,12,0.9160488843917847,ankle_midpoint,1119.09326171875,817.1693115234375,0.9861002564430237,0.9888401627540588,4.0202531814575195,9.285737991333008,3.96568332759292,9.28138483871033,0.0,0,two_ankles,accepted,4.0202531814575195,9.285737991333008,0.032685510334468794
398,13.266666666666667,detected,1,16,0.8867297768592834,ankle_midpoint,983.67724609375,583.7979125976562,0.9897768497467041,0.9922756552696228,3.2159645557403564,0.7161948680877686,3.1742285571143345,0.732082623545975,0.0,0,two_ankles,accepted,3.2159645557403564,0.7161948680877686,0.11390814388150072
398,13.266666666666667,detected,2,5,0.8655787706375122,ankle_midpoint,1106.469970703125,604.3154296875,0.9517123699188232,0.980465829372406,4.294704437255859,1.7506474256515503,4.167769174699042,1.8944071260260311,0.0,0,two_ankles,accepted,4.294704437255859,1.7506474256515503,0.16109029435588404
398,13.266666666666667,detected,3,19,0.9200289845466614,ankle_midpoint,745.93017578125,860.1241455078125,0.9947301149368286,0.995724081993103,1.7634018659591675,10.352862358093262,1.717944245794012,10.27848903005157,0.0,0,two_ankles,accepted,1.7634018659591675,10.352862358093262,0.053806489627677534
398,13.266666666666667,detected,4,12,0.9058157205581665,ankle_midpoint,1127.7781982421875,818.6883544921875,0.9876651167869568,0.9921309351921082,4.072602272033691,9.322582244873047,4.013796852591268,9.299923671483555,0.0,0,two_ankles,accepted,4.072602272033691,9.322582244873047,0.06401504747381609
399,13.3,detected,1,16,0.8940645456314087,ankle_midpoint,991.3399658203125,581.6575927734375,0.9898620843887329,0.9932390451431274,3.2872447967529297,0.5980488061904907,3.2250858649517022,0.671767405736007,0.0,0,two_ankles,accepted,3.2872447967529297,0.5980488061904907,0.13798320441505166
399,13.3,detected,2,5,0.8729771971702576,ankle_midpoint,1114.2509765625,599.9754638671875,0.9755921959877014,0.9770569205284119,4.374289512634277,1.530173420906067,4.260703326769898,1.7305019587220474,0.0,0,two_ankles,accepted,4.374289512634277,1.530173420906067,0.23439831695534827
399,13.3,detected,3,19,0.9223603010177612,ankle_midpoint,748.07568359375,861.1959228515625,0.9947097301483154,0.9955645799636841,1.7778562307357788,10.376462936401367,1.7449046390178071,10.32257728790898,0.0,0,two_ankles,accepted,1.7778562307357788,10.376462936401367,0.027675186676377823
399,13.3,detected,4,12,0.9056365489959717,ankle_midpoint,1138.31298828125,825.9794921875,0.9821804761886597,0.9922873973846436,4.128041744232178,9.501687049865723,4.065207053829678,9.390717191755531,0.0,0,two_ankles,accepted,4.128041744232178,9.501687049865723,0.18748884299901997
400,13.333333333333334,detected,1,16,0.8975347280502319,ankle_midpoint,996.2319946289062,579.42919921875,0.9864983558654785,0.9886512756347656,3.333519697189331,0.4747629165649414,3.2738810894586354,0.5831153856090275,0.0,0,two_ankles,accepted,3.333519697189331,0.4747629165649414,0.13168438400646443
400,13.333333333333334,detected,2,5,0.8752447962760925,ankle_midpoint,1118.294677734375,594.8837280273438,0.9849114418029785,0.9878548979759216,4.4236273765563965,1.2679805755615234,4.334019149173822,1.5223673362998116,0.0,0,two_ankles,accepted,4.4236273765563965,1.2679805755615234,0.2667945144980781
400,13.333333333333334,detected,3,19,0.9179964065551758,ankle_midpoint,750.478271484375,859.829833984375,0.9941722750663757,0.9951180219650269,1.7897425889968872,10.345706939697266,1.7650817165083932,10.33298563121371,0.0,0,two_ankles,accepted,1.7897425889968872,10.345706939697266,0.032972971445930165
400,13.333333333333334,detected,4,12,0.9097917079925537,ankle_midpoint,1139.8338623046875,831.2289428710938,0.9796454310417175,0.992228090763092,4.130009174346924,9.629312515258789,4.094368008062439,9.498085087331997,0.0,0,two_ankles,accepted,4.130009174346924,9.629312515258789,0.1276406291039542
401,13.366666666666667,detected,1,16,0.886863648891449,ankle_midpoint,1006.5731201171875,572.793212890625,0.9898427128791809,0.9911335110664368,3.4341304302215576,0.10205778479576111,3.323097569320276,0.5042583227974274,0.0,0,two_ankles,corrected_motion_outlier,3.383251044706725,0.4078774682499161,0.38604615637040607
401,13.366666666666667,detected,2,5,0.8428100943565369,ankle_midpoint,1127.437744140625,588.3428955078125,0.9884145259857178,0.988696813583374,4.524481773376465,0.922335684299469,4.4042254008698976,1.332992466104289,0.0,0,two_ankles,corrected_motion_outlier,4.490033041831768,1.1015342914208721,0.3600583289044947
401,13.366666666666667,detected,3,19,0.9183192849159241,ankle_midpoint,757.43359375,856.7735595703125,0.9900847673416138,0.9945342540740967,1.8258507251739502,10.276296615600586,1.792427770407894,10.307475574187805,0.0,0,two_ankles,accepted,1.8258507251739502,10.276296615600586,0.07824059425507604
401,13.366666666666667,detected,4,12,0.9177301526069641,ankle_midpoint,1145.824462890625,835.8029174804688,0.9838115572929382,0.9949670433998108,4.160208225250244,9.73842716217041,4.123996105796952,9.606239021009284,0.0,0,two_ankles,accepted,4.160208225250244,9.73842716217041,0.1132165572966652
402,13.4,detected,1,16,0.8427039384841919,ankle_midpoint,1018.86181640625,567.8665771484375,0.9804790616035461,0.9806897044181824,3.554395914077759,-0.182579904794693,3.372545739627005,0.43078848650928603,0.0,0,two_ankles,corrected_motion_outlier,3.4329823922241185,0.34099201993489087,0.34672968144506605
402,13.4,detected,2,5,0.881907045841217,ankle_midpoint,1129.9434814453125,590.2477416992188,0.9837265610694885,0.9822396039962769,4.541791915893555,1.0225950479507446,4.466130332630543,1.1933136279351941,0.0,0,two_ankles,accepted,4.541791915893555,1.0225950479507446,0.13617719662041725
402,13.4,detected,3,19,0.9073530435562134,ankle_midpoint,760.9853515625,855.2462158203125,0.9866764545440674,0.9968389272689819,1.8444541692733765,10.241392135620117,1.8158396498973612,10.277738026832345,0.0,0,two_ankles,accepted,1.8444541692733765,10.241392135620117,0.03955263398393869
402,13.4,detected,4,12,0.9118059873580933,ankle_midpoint,1151.389404296875,839.3377685546875,0.9852080345153809,0.9969428181648254,4.1889848709106445,9.821722030639648,4.153241050098114,9.703206375342948,0.0,0,two_ankles,accepted,4.1889848709106445,9.821722030639648,0.08812565147998593
403,13.433333333333334,detected,1,16,0.8474187254905701,ankle_midpoint,1024.80712890625,563.174560546875,0.9845098853111267,0.9850203990936279,3.6160528659820557,-0.4575398862361908,3.4221213396785335,0.36028162480904685,0.09369742629641098,0,two_ankles,corrected_motion_outlier,3.4827137397415124,0.2741065716198656,0.3247244143678529
403,13.433333333333334,detected,2,5,0.8569671511650085,ankle_midpoint,1130.52294921875,591.85400390625,0.9864839911460876,0.9859119057655334,4.54240083694458,1.106947422027588,4.50045205957186,1.1544488352767714,0.0,0,two_ankles,accepted,4.54240083694458,1.106947422027588,0.08435457188111431
403,13.433333333333334,detected,3,19,0.908708393573761,ankle_midpoint,761.617431640625,857.1578369140625,0.9806718230247498,0.9963206052780151,1.8512519598007202,10.284398078918457,1.831775189353873,10.280735050271097,0.0,0,two_ankles,accepted,1.8512519598007202,10.284398078918457,0.043539879593697386
403,13.433333333333334,detected,4,12,0.9150440692901611,ankle_midpoint,1153.4659423828125,842.4039306640625,0.9777956008911133,0.9933453798294067,4.197068214416504,9.893715858459473,4.17296327404139,9.788935642745384,0.0,0,two_ankles,accepted,4.197068214416504,9.893715858459473,0.07244619856406694
404,13.466666666666667,detected,2,5,0.884443998336792,ankle_midpoint,1130.59130859375,594.1484985351562,0.9846110939979553,0.9847843647003174,4.536417484283447,1.2267119884490967,4.516636500692075,1.186967254204318,0.0,0,two_ankles,accepted,4.536417484283447,1.2267119884490967,0.11991393530027891
404,13.466666666666667,detected,3,19,0.9038820862770081,ankle_midpoint,767.7581176757812,863.1614990234375,0.9885097146034241,0.9982650876045227,1.8968067169189453,10.417558670043945,1.8610393767581557,10.34230567916888,0.0,0,two_ankles,accepted,1.8968067169189453,10.417558670043945,0.1407372691400183
404,13.466666666666667,detected,4,12,0.9168493747711182,ankle_midpoint,1160.586181640625,844.5557250976562,0.9807198643684387,0.9932342171669006,4.236908912658691,9.943137168884277,4.201738811419176,9.858326329507886,0.0,0,two_ankles,accepted,4.236908912658691,9.943137168884277,0.06348028954352643
404,13.466666666666667,predicted,1,,,motion_prediction,,,,,,,3.5324450872589064,0.20722112330484033,,1,,motion_prediction,3.5324450872589064,0.20722112330484033,
405,13.5,detected,2,5,0.8627541065216064,ankle_midpoint,1152.1405029296875,594.7838134765625,0.9946238994598389,0.9957077503204346,4.728652000427246,1.2542256116867065,4.612043475572902,1.2172335150713929,0.0,0,two_ankles,accepted,4.728652000427246,1.2542256116867065,0.1941934825391975
405,13.5,detected,3,19,0.9100096225738525,ankle_midpoint,768.466064453125,868.9949340820312,0.9689289331436157,0.992757260799408,1.9097275733947754,10.54566478729248,1.8829490652446346,10.433817277824502,0.0,0,two_ankles,accepted,1.9097275733947754,10.54566478729248,0.12875607095808894
405,13.5,detected,4,12,0.9242650270462036,ankle_midpoint,1171.08154296875,842.3104248046875,0.9883742332458496,0.9967261552810669,4.303934097290039,9.889156341552734,4.247726690061064,9.872199834928068,0.0,0,two_ankles,accepted,4.303934097290039,9.889156341552734,0.08605989248345654
405,13.5,predicted,1,,,motion_prediction,,,,,,,3.5821764347763,0.14033567498981503,,2,,motion_prediction,3.5821764347763,0.14033567498981503,
406,13.533333333333333,detected,2,5,0.8748600482940674,ankle_midpoint,1149.86572265625,599.485595703125,0.9901249408721924,0.9943291544914246,4.693263530731201,1.4963821172714233,4.6485925003941375,1.3428503860614067,0.0,0,two_ankles,accepted,4.693263530731201,1.4963821172714233,0.24472865991630172
406,13.533333333333333,detected,3,19,0.9050394296646118,ankle_midpoint,767.5440673828125,871.2877197265625,0.9730070233345032,0.994151771068573,1.9077723026275635,10.595647811889648,1.8941195220669527,10.506641018153818,0.0,0,two_ankles,accepted,1.9077723026275635,10.595647811889648,0.05002125379930227
406,13.533333333333333,detected,4,12,0.9251261353492737,ankle_midpoint,1177.831298828125,843.732177734375,0.9861818552017212,0.9969043135643005,4.342459678649902,9.921582221984863,4.290356534926041,9.894421909103627,0.0,0,two_ankles,accepted,4.342459678649902,9.921582221984863,0.05035531889397748
406,13.533333333333333,predicted,1,,,motion_prediction,,,,,,,3.631907782293694,0.07345022667478979,,3,,motion_prediction,3.631907782293694,0.07345022667478979,
407,13.566666666666666,detected,2,5,0.8427914977073669,ankle_midpoint,1164.439453125,600.8870849609375,0.9899067282676697,0.9934960603713989,4.818581581115723,1.5639160871505737,4.7250875867188515,1.4423299515515318,0.0,0,two_ankles,accepted,4.818581581115723,1.5639160871505737,0.14235677307320316
407,13.566666666666666,detected,3,19,0.9027060270309448,ankle_midpoint,766.1396484375,872.3028564453125,0.9771974682807922,0.9955494403839111,1.9011234045028687,10.617810249328613,1.8972712691631148,10.556667172182475,0.0,0,two_ankles,accepted,1.9011234045028687,10.617810249328613,0.02313831194163915
407,13.566666666666666,detected,4,12,0.9326770901679993,ankle_midpoint,1185.45703125,846.3902587890625,0.9906367659568787,0.9975042939186096,4.384007930755615,9.982550621032715,4.33249966304935,9.934079829471717,0.0,0,two_ankles,accepted,4.384007930755615,9.982550621032715,0.07377942081297428
407,13.566666666666666,predicted,1,,,motion_prediction,,,,,,,3.6816391298110878,0.006564778359764545,,4,,motion_prediction,3.6816391298110878,0.006564778359764545,
408,13.6,detected,2,5,0.8714718818664551,ankle_midpoint,1161.2607421875,608.863037109375,0.992004930973053,0.9932843446731567,4.764209747314453,1.9624755382537842,4.799158319444284,1.5339626227860947,0.0,0,two_ankles,corrected_motion_outlier,4.889689214997589,1.6459581098505605,0.4022510812597093
408,13.6,detected,3,19,0.9054320454597473,ankle_midpoint,768.2158203125,868.6294555664062,0.977779746055603,0.9963333606719971,1.9077221155166626,10.537720680236816,1.9019741500222116,10.548141250806928,0.0,0,two_ankles,accepted,1.9077221155166626,10.537720680236816,0.0803609486277587
408,13.6,detected,4,12,0.9294127225875854,ankle_midpoint,1199.784423828125,856.5274658203125,0.9876651167869568,0.9956973791122437,4.452075481414795,10.213165283203125,4.386308781313801,10.05966828365085,0.0,0,two_ankles,accepted,4.452075481414795,10.213165283203125,0.24045023156718398
408,13.6,predicted,1,,,motion_prediction,,,,,,,3.7313704773284817,-0.06032066995526075,,5,,motion_prediction,3.7313704773284817,-0.06032066995526075,
409,13.633333333333333,detected,1,16,0.8707118630409241,ankle_midpoint,1081.498779296875,554.61376953125,0.9908730983734131,0.9920334219932556,4.17945671081543,-0.9867397546768188,3.7629222566901372,-0.2458779959595927,0.29735668430114237,0,two_ankles,accepted,4.17945671081543,-0.9867397546768188,0.187629773660313
409,13.633333333333333,detected,2,5,0.8574979901313782,ankle_midpoint,1165.030029296875,613.8193359375,0.9934333562850952,0.9956061244010925,4.781128406524658,2.2027008533477783,4.871895657690112,1.6212795021800983,0.0,0,two_ankles,corrected_motion_outlier,4.960796848879456,1.728000132550547,0.31994089993800656
409,13.633333333333333,detected,3,19,0.9047242999076843,ankle_midpoint,768.8953857421875,868.774658203125,0.9786979556083679,0.9964750409126282,1.911904215812683,10.540803909301758,1.906442679627924,10.544839447129602,0.0,0,two_ankles,accepted,1.911904215812683,10.540803909301758,0.005195792947459923
409,13.633333333333333,detected,4,12,0.9226861000061035,ankle_midpoint,1202.115966796875,858.3900146484375,0.9872589707374573,0.9948575496673584,4.462602615356445,10.254921913146973,4.420641006632991,10.147532416924106,0.0,0,two_ankles,accepted,4.462602615356445,10.254921913146973,0.04306317096188903
410,13.666666666666666,detected,1,16,0.8828334808349609,ankle_midpoint,1092.7271728515625,561.7066040039062,0.9720059633255005,0.9780033826828003,4.271142482757568,-0.5633769631385803,3.9797130779338135,-0.6244060777612201,0.0,0,two_ankles,corrected_motion_outlier,4.2446796372316395,-1.0870515110743204,0.43317702390094037
410,13.666666666666666,detected,2,5,0.8569434285163879,ankle_midpoint,1166.43408203125,622.2100830078125,0.9779520034790039,0.9831687211990356,4.766518592834473,2.6004555225372314,4.943899628972157,1.7062226960617943,0.18377632597583515,0,two_ankles,corrected_motion_outlier,5.031904482761322,1.8100421552505337,0.34594870458887156
410,13.666666666666666,detected,3,19,0.902328610420227,ankle_midpoint,769.9850463867188,869.4022216796875,0.9666892290115356,0.9930121302604675,1.919190764427185,10.554351806640625,1.9121793177875914,10.549120008909563,0.0,0,two_ankles,accepted,1.919190764427185,10.554351806640625,0.015383085289238468
410,13.666666666666666,detected,4,12,0.9228712320327759,ankle_midpoint,1215.507080078125,859.8222045898438,0.9852856993675232,0.9942104816436768,4.539370059967041,10.28538990020752,4.474069080633313,10.209568284401643,0.0,0,two_ankles,accepted,4.539370059967041,10.28538990020752,0.08259260734207712
411,13.7,detected,1,16,0.8544806838035583,ankle_midpoint,1097.3017578125,565.9183349609375,0.9792113304138184,0.984298586845398,4.304342746734619,-0.31728395819664,4.1282983465051295,-0.8777368131309911,0.22009707274124668,0,two_ankles,corrected_motion_outlier,4.309902563647849,-1.187363267471822,0.34050241754226934
411,13.7,detected,2,5,0.8790600299835205,ankle_midpoint,1172.580322265625,628.1442260742188,0.9713776707649231,0.974877655506134,4.800023078918457,2.873157024383545,5.015500248424122,1.7898603629117211,0.3767941794680939,0,two_ankles,corrected_motion_outlier,5.103012116643189,1.8920841779505202,0.3273431160237751
411,13.7,detected,3,19,0.9065741896629333,ankle_midpoint,772.7430419921875,869.0693359375,0.9720187187194824,0.9935899972915649,1.934786081314087,10.546745300292969,1.9223523613745146,10.548051390032096,0.0,0,two_ankles,accepted,1.934786081314087,10.546745300292969,0.017351450879388185
411,13.7,detected,4,12,0.9188947081565857,ankle_midpoint,1223.886962890625,856.84521484375,0.9938547015190125,0.9967774748802185,4.594844341278076,10.21721363067627,4.528417947923457,10.213008690225225,0.0,0,two_ankles,accepted,4.594844341278076,10.21721363067627,0.08789425245244147
412,13.733333333333333,detected,1,16,0.8581739068031311,ankle_midpoint,1101.926025390625,571.24267578125,0.9778746962547302,0.9801484942436218,4.334557056427002,-0.011948319151997566,4.239370561106648,-1.0622090079632407,0.626371584976997,0,two_ankles,corrected_motion_outlier,4.375125490064059,-1.2876750238693235,0.329017807687833
412,13.733333333333333,detected,2,5,0.8702964186668396,ankle_midpoint,1176.3291015625,631.24267578125,0.9687411785125732,0.9740196466445923,4.8217644691467285,3.013073682785034,4.928319147749296,2.340306356854712,0.4470716088518897,0,two_ankles,accepted,4.8217644691467285,3.013073682785034,0.28983221820641464
412,13.733333333333333,detected,3,19,0.9062739610671997,ankle_midpoint,774.078125,869.1739501953125,0.9728326201438904,0.993885338306427,1.942725419998169,10.548857688903809,1.9315202377551592,10.548414224524368,0.0,0,two_ankles,accepted,1.942725419998169,10.548857688903809,0.008215551374300283
412,13.733333333333333,detected,4,12,0.9232122302055359,ankle_midpoint,1227.6195068359375,858.6463012695312,0.9948350191116333,0.9968581199645996,4.613460540771484,10.257380485534668,4.56668711470507,10.232975998114476,0.0,0,two_ankles,accepted,4.613460540771484,10.257380485534668,0.04427119958611939
413,13.766666666666667,detected,1,16,0.8425177335739136,ankle_midpoint,1108.648193359375,574.58447265625,0.9744609594345093,0.9892339706420898,4.388989448547363,0.17527373135089874,4.30669906045497,-0.505341775271878,0.9141039513953159,0,two_ankles,accepted,4.388989448547363,0.17527373135089874,0.29518842604044115
413,13.766666666666667,detected,2,5,0.8816081285476685,ankle_midpoint,1174.68798828125,628.8616943359375,0.9746960997581482,0.9784843325614929,4.815545558929443,2.905414581298828,4.877571032780363,2.5946050578545643,0.0,0,two_ankles,accepted,4.815545558929443,2.905414581298828,0.1078385690609249
413,13.766666666666667,detected,3,19,0.9062294363975525,ankle_midpoint,776.4393310546875,869.0926513671875,0.9717650413513184,0.9934034943580627,1.9563807249069214,10.546785354614258,1.9427074569734524,10.547681233064818,0.0,0,two_ankles,accepted,1.9563807249069214,10.546785354614258,0.013811658899590826
413,13.766666666666667,detected,4,12,0.9274240732192993,ankle_midpoint,1237.2203369140625,862.56884765625,0.9952577948570251,0.9968120455741882,4.6623969078063965,10.344029426574707,4.6097565216006675,10.28295004092158,0.0,0,two_ankles,accepted,4.6623969078063965,10.344029426574707,0.0995128484264007
414,13.8,detected,1,16,0.7756949067115784,ankle_midpoint,1107.2216796875,583.986328125,0.9416466951370239,0.9693900346755981,4.351173400878906,0.6939672827720642,4.3710577926214835,-0.18265170502555628,0.0,0,two_ankles,corrected_motion_outlier,4.449718465269444,0.211747269719948,0.5200702392438585
414,13.8,detected,2,5,0.8910353779792786,ankle_midpoint,1171.146728515625,626.0601196289062,0.9665416479110718,0.9726619124412537,4.794492244720459,2.777895927429199,4.840185578153406,2.6770859491631502,0.0,0,two_ankles,accepted,4.794492244720459,2.777895927429199,0.12924491914154476
414,13.8,detected,3,19,0.9046028256416321,ankle_midpoint,778.583984375,866.977294921875,0.9849693775177002,0.9975059628486633,1.9658894538879395,10.500252723693848,1.9531393555849719,10.526338403847882,0.0,0,two_ankles,accepted,1.9658894538879395,10.500252723693848,0.04749422772516218
414,13.8,detected,4,12,0.925167977809906,ankle_midpoint,1240.36279296875,860.9046630859375,0.9975802898406982,0.9986212253570557,4.684389591217041,10.306440353393555,4.643341402928035,10.29352068153397,0.0,0,two_ankles,accepted,4.684389591217041,10.306440353393555,0.043550161265130415
415,13.833333333333334,detected,1,16,0.7623297572135925,ankle_midpoint,1108.38720703125,585.728271484375,0.9042071104049683,0.954283595085144,4.357426643371582,0.7875543832778931,4.433783152838002,0.011240925875992833,0.0,0,two_ankles,corrected_motion_outlier,4.510447481991524,0.2482208080889973,0.30654681836332504
415,13.833333333333334,detected,2,5,0.8998836278915405,ankle_midpoint,1170.417724609375,627.7322387695312,0.9663370847702026,0.9748422503471375,4.783034801483154,2.854813575744629,4.814467728651794,2.7570633811248157,0.0,0,two_ankles,accepted,4.783034801483154,2.854813575744629,0.07776630136448681
415,13.833333333333334,detected,3,19,0.9034335017204285,ankle_midpoint,778.8986206054688,867.0689697265625,0.9858471751213074,0.9976592063903809,1.9678599834442139,10.502223014831543,1.9597636381216308,10.51548647879053,0.0,0,two_ankles,accepted,1.9678599834442139,10.502223014831543,0.0027865810412460155
415,13.833333333333334,detected,4,12,0.927428126335144,ankle_midpoint,1239.474853515625,859.4772338867188,0.9974092841148376,0.9985572695732117,4.682087421417236,10.274534225463867,4.660777111248176,10.284976776302425,0.0,0,two_ankles,accepted,4.682087421417236,10.274534225463867,0.0319890760299937
416,13.866666666666667,detected,1,16,0.6521233320236206,ankle_midpoint,1105.46826171875,588.439453125,0.8063114285469055,0.9116535782814026,4.32393217086792,0.93315190076828,4.384350210951466,0.4261008645775221,0.04399348512350887,0,two_ankles,accepted,4.32393217086792,0.93315190076828,0.25355511543263265
416,13.866666666666667,detected,2,5,0.8906703591346741,ankle_midpoint,1168.790283203125,629.9638671875,0.9806859493255615,0.9765365123748779,4.762338161468506,2.9568798542022705,4.791009423419315,2.8469807940096707,0.0,0,two_ankles,accepted,4.762338161468506,2.9568798542022705,0.10414353607444286
416,13.866666666666667,detected,3,19,0.8984829783439636,ankle_midpoint,778.90478515625,868.0098876953125,0.9861261248588562,0.9977389574050903,1.9692305326461792,10.522825241088867,1.964023740657678,10.518788921824783,0.0,0,two_ankles,accepted,1.9692305326461792,10.522825241088867,0.020647763362480386
416,13.866666666666667,detected,4,12,0.9245806932449341,ankle_midpoint,1237.28955078125,858.033447265625,0.9966626763343811,0.9980592131614685,4.67210578918457,10.242310523986816,4.6658750163195535,10.265776962760402,0.0,0,two_ankles,accepted,4.67210578918457,10.242310523986816,0.03373425438497614
417,13.9,detected,1,16,0.5315777063369751,ankle_midpoint,1099.318115234375,592.2017822265625,0.8640304207801819,0.9049440622329712,4.259054660797119,1.1331454515457153,4.32796721338201,0.7442709287132092,0.0,0,two_ankles,accepted,4.259054660797119,1.1331454515457153,0.21025344626320266
417,13.9,detected,2,5,0.8339682221412659,ankle_midpoint,1145.611328125,632.3165283203125,0.8624237775802612,0.8491538763046265,4.560673236846924,3.068418264389038,4.687358139461739,2.946627655680386,0.0,0,two_ankles,accepted,4.560673236846924,3.068418264389038,0.2304551122661851
417,13.9,detected,3,19,0.8962236642837524,ankle_midpoint,778.4052124023438,871.2216186523438,0.986373782157898,0.997769832611084,1.9708552360534668,10.592843055725098,1.9670979135857831,10.552113282079926,0.0,0,two_ankles,accepted,1.9708552360534668,10.592843055725098,0.0700366620249365
417,13.9,detected,4,12,0.9242164492607117,ankle_midpoint,1233.268310546875,858.1776733398438,0.9959338307380676,0.9974942207336426,4.647931098937988,10.246086120605469,4.65780025349785,10.256916083790681,0.0,0,two_ankles,accepted,4.647931098937988,10.246086120605469,0.024467749760551487
418,13.933333333333334,detected,1,16,0.5069437623023987,ankle_midpoint,1100.0499267578125,592.347900390625,0.8826870918273926,0.9218963980674744,4.26533317565918,1.1406046152114868,4.299781896406737,0.9226210876374341,0.0,0,two_ankles,accepted,4.26533317565918,1.1406046152114868,0.009749813919551525
418,13.933333333333334,detected,2,5,0.8182870149612427,ankle_midpoint,1143.9503173828125,637.3211669921875,0.9247889518737793,0.891729474067688,4.533433437347412,3.2918410301208496,4.618092023510291,3.101973674178595,0.0,0,two_ankles,accepted,4.533433437347412,3.2918410301208496,0.22507718437021895
418,13.933333333333334,detected,3,19,0.8942996859550476,ankle_midpoint,778.3844604492188,872.3651123046875,0.9874303340911865,0.9979367256164551,1.9723432064056396,10.61761474609375,1.9694582953547188,10.581588940886148,0.0,0,two_ankles,accepted,1.9723432064056396,10.61761474609375,0.024816339365211153
418,13.933333333333334,detected,4,12,0.9186347723007202,ankle_midpoint,1231.188720703125,856.3635864257812,0.9950687885284424,0.9968468546867371,4.639246940612793,10.205357551574707,4.649451262699575,10.233714744293493,0.0,0,two_ankles,accepted,4.639246940612793,10.205357551574707,0.04164409851480257
419,13.966666666666667,detected,1,16,0.3436552882194519,ankle_midpoint,1098.25,588.2211303710938,0.8459641933441162,0.8980652093887329,4.258655071258545,0.9234147071838379,4.28127482509005,0.9229782164333158,0.0,0,two_ankles,accepted,4.258655071258545,0.9234147071838379,0.21729255216745091
419,13.966666666666667,detected,2,5,0.7925456166267395,ankle_midpoint,1138.1611328125,631.5667724609375,0.9325047731399536,0.8673660159111023,4.50014066696167,3.0363335609436035,4.565013913063412,3.072435623222849,0.0,0,two_ankles,accepted,4.50014066696167,3.0363335609436035,0.25766737349792485
419,13.966666666666667,detected,3,19,0.9173541069030762,ankle_midpoint,778.5975341796875,874.630615234375,0.9797057509422302,0.9954895377159119,1.9767508506774902,10.666447639465332,1.972739945249966,10.61977535524678,0.0,0,two_ankles,accepted,1.9767508506774902,10.666447639465332,0.04903140629298203
419,13.966666666666667,detected,4,12,0.9179624319076538,ankle_midpoint,1226.4676513671875,857.3931884765625,0.9949930310249329,0.9967535138130188,4.609106063842773,10.229265213012695,4.631295923214015,10.231712455217135,0.0,0,two_ankles,accepted,4.609106063842773,10.229265213012695,0.03847140142884029
420,14.0,detected,2,5,0.8063461780548096,ankle_midpoint,1140.5859375,626.7117919921875,0.943719744682312,0.9201675653457642,4.5334320068359375,2.8148739337921143,4.550802055261048,2.9565328629790186,0.0,0,two_ankles,accepted,4.5334320068359375,2.8148739337921143,0.22394793986259537
420,14.0,detected,3,19,0.9237322211265564,ankle_midpoint,781.7110595703125,875.1805419921875,0.9809826016426086,0.9954618811607361,1.995539903640747,10.677876472473145,1.9829999265258176,10.645920857998645,0.0,0,two_ankles,accepted,1.995539903640747,10.677876472473145,0.021991969788459947
420,14.0,detected,4,12,0.9215987920761108,ankle_midpoint,1222.021484375,858.7009887695312,0.9942578077316284,0.99628084897995,4.580137729644775,10.259339332580566,4.608274736107857,10.24414455003068,0.0,0,two_ankles,accepted,4.580137729644775,10.259339332580566,0.04175664083699155
420,14.0,predicted,1,,,motion_prediction,,,,,,,4.256908436019318,0.9094621007533894,,1,,motion_prediction,4.256908436019318,0.9094621007533894,
421,14.033333333333333,detected,1,16,0.8161059617996216,ankle_midpoint,1141.205810546875,625.3175048828125,0.9730897545814514,0.950222373008728,4.542453765869141,2.750553607940674,4.269523964150568,0.9106172914836472,1.2271588469473032,0,two_ankles,corrected_motion_outlier,4.2551618007800895,0.895509494322941,0.9245239669313037
421,14.033333333333333,detected,3,19,0.9236170649528503,ankle_midpoint,782.6142578125,875.512451171875,0.9833192229270935,0.995067834854126,2.001220703125,10.684887886047363,1.99119927599545,10.663456020620568,0.0,0,two_ankles,accepted,2.001220703125,10.684887886047363,0.009023935011347727
421,14.033333333333333,detected,4,12,0.9240490794181824,ankle_midpoint,1218.3021240234375,860.0897216796875,0.9938265681266785,0.9959879517555237,4.555418491363525,10.291030883789062,4.584489425972908,10.265243400221951,0.0,0,two_ankles,accepted,4.555418491363525,10.291030883789062,0.040191978791867734
421,14.033333333333333,predicted,2,,,motion_prediction,,,,,,,4.513157083733706,2.7322135016444697,,1,,motion_prediction,4.513157083733706,2.7322135016444697,
422,14.066666666666666,detected,1,16,0.85567706823349,ankle_midpoint,1137.018798828125,629.3199462890625,0.9942607879638672,0.9827576279640198,4.4963788986206055,2.934852361679077,4.262275004776201,0.8975401098676277,1.417620293541471,0,two_ankles,corrected_motion_outlier,4.253415165540862,0.8815568878924925,0.6751455856181421
422,14.066666666666666,detected,3,19,0.9270473122596741,ankle_midpoint,785.4143676757812,877.3310546875,0.985808253288269,0.9942054152488708,2.019857883453369,10.72347354888916,2.004095649351514,10.690463908341435,0.0,0,two_ankles,accepted,2.019857883453369,10.72347354888916,0.042850879425432725
422,14.066666666666666,detected,4,12,0.9197849631309509,ankle_midpoint,1212.87353515625,863.6029052734375,0.9939179420471191,0.99565190076828,4.516748428344727,10.370184898376465,4.554005977040227,10.312467074391483,0.0,0,two_ankles,accepted,4.516748428344727,10.370184898376465,0.08809501574539036
422,14.066666666666666,predicted,2,,,motion_prediction,,,,,,,4.492882160631475,2.649553069496825,,2,,motion_prediction,4.492882160631475,2.649553069496825,
423,14.1,detected,1,16,0.8548822402954102,ankle_midpoint,1128.9765625,632.6578979492188,0.9747523069381714,0.9590290784835815,4.420337677001953,3.0875096321105957,4.257502091262646,0.884068987085115,1.5763038981429922,0,two_ankles,corrected_motion_outlier,4.251668530301635,0.8676042814620442,0.5425315721857651
423,14.1,detected,3,19,0.9116011261940002,ankle_midpoint,788.8961791992188,876.591552734375,0.9945700764656067,0.9973313808441162,2.0389885902404785,10.70722770690918,2.019797472751548,10.69800761769692,0.0,0,two_ankles,accepted,2.0389885902404785,10.70722770690918,0.02509803426192674
423,14.1,detected,4,12,0.9141761064529419,ankle_midpoint,1208.2003173828125,863.212890625,0.993527352809906,0.9951971173286438,4.489906311035156,10.362112045288086,4.525161127337945,10.334807311294956,0.0,0,two_ankles,accepted,4.489906311035156,10.362112045288086,0.02802980946505493
423,14.1,predicted,2,,,motion_prediction,,,,,,,4.472607237529243,2.5668926373491803,,3,,motion_prediction,4.472607237529243,2.5668926373491803,
424,14.133333333333333,detected,1,16,0.8601818680763245,ankle_midpoint,1126.075439453125,632.420654296875,0.9729493856430054,0.9561921954154968,4.396597862243652,3.0775041580200195,4.2540910029725385,0.8703811966610313,1.578684299186929,0,two_ankles,corrected_motion_outlier,4.249921895062408,0.8536516750315957,0.4317003393924301
424,14.133333333333333,detected,3,19,0.9162182211875916,ankle_midpoint,790.0979614257812,875.552734375,0.9907953143119812,0.9954233765602112,2.0445761680603027,10.684815406799316,2.030947885640488,10.692071122793,0.0,0,two_ankles,accepted,2.0445761680603027,10.684815406799316,0.02309831643447568
424,14.133333333333333,detected,4,12,0.9131050109863281,ankle_midpoint,1205.3779296875,865.8045043945312,0.9894328713417053,0.9923531413078308,4.468629360198975,10.419946670532227,4.499721832125409,10.373120022951728,0.0,0,two_ankles,accepted,4.468629360198975,10.419946670532227,0.06162428509942715
424,14.133333333333333,predicted,2,,,motion_prediction,,,,,,,4.452332314427012,2.4842322052015353,,4,,motion_prediction,4.452332314427012,2.4842322052015353,
425,14.166666666666666,detected,3,19,0.9224361777305603,ankle_midpoint,792.2664794921875,874.1043090820312,0.9880610704421997,0.994184672832489,2.055248975753784,10.653406143188477,2.041883376191471,10.674671881970966,0.0,0,two_ankles,accepted,2.055248975753784,10.653406143188477,0.03317304123286354
425,14.166666666666666,detected,4,12,0.9054528474807739,ankle_midpoint,1204.079345703125,868.79736328125,0.9923546314239502,0.9945381283760071,4.455715656280518,10.486007690429688,4.479919052995208,10.423919473316811,0.0,0,two_ankles,accepted,4.455715656280518,10.486007690429688,0.06731138164371835
425,14.166666666666666,predicted,1,,,motion_prediction,,,,,,,4.24817525982318,0.8396990686011472,,1,,motion_prediction,4.24817525982318,0.8396990686011472,
425,14.166666666666666,predicted,2,,,motion_prediction,,,,,,,4.43205739132478,2.401571773053891,,5,,motion_prediction,4.43205739132478,2.401571773053891,
426,14.2,detected,3,19,0.9234084486961365,ankle_midpoint,796.6092529296875,873.4557495117188,0.9951262474060059,0.9970934391021729,2.0796027183532715,10.638880729675293,2.058857080164281,10.658565863437914,0.0,0,two_ankles,accepted,2.0796027183532715,10.638880729675293,0.028356523347037085
426,14.2,detected,4,12,0.8860815763473511,ankle_midpoint,1199.73974609375,868.8818359375,0.9921519756317139,0.9955853223800659,4.430159091949463,10.488411903381348,4.457527070524623,10.452941066845852,0.0,0,two_ankles,accepted,4.430159091949463,10.488411903381348,0.025669402414631066
426,14.2,predicted,1,,,motion_prediction,,,,,,,4.246428624583952,0.8257464621706988,,2,,motion_prediction,4.246428624583952,0.8257464621706988,
426,14.2,predicted,2,,,motion_prediction,,,,,,,4.411782468222549,2.318911340906246,,6,,motion_prediction,4.411782468222549,2.318911340906246,
