frame,time_sec,status,player_id,raw_track_id,person_conf,ground_method,ground_pixel_x,ground_pixel_y,left_ankle_conf,right_ankle_conf,raw_x_m,raw_y_m,stable_x_m,stable_y_m,match_cost,missing_frames,ground_quality,ground_status,corrected_x_m,corrected_y_m,ground_speed_m_per_frame
0,0.0,detected,1,5,0.6703851819038391,ankle_midpoint,939.8013916015625,604.4812622070312,0.8675071001052856,0.95168536901474,2.823662519454956,1.7998136281967163,2.823662519454956,1.7998136281967163,0.0,0,two_ankles,accepted,2.823662519454956,1.7998136281967163,
0,0.0,detected,2,3,0.861500084400177,ankle_midpoint,987.1818237304688,636.3759765625,0.9474073648452759,0.9573993682861328,3.2320549488067627,3.2849204540252686,3.2320549488067627,3.2849204540252686,0.0,0,two_ankles,accepted,3.2320549488067627,3.2849204540252686,
0,0.0,detected,3,2,0.9176410436630249,ankle_midpoint,766.6729736328125,792.2540283203125,0.9868039488792419,0.9874942898750305,1.7713491916656494,8.690534591674805,1.7713491916656494,8.690534591674805,0.0,0,two_ankles,accepted,1.7713491916656494,8.690534591674805,
0,0.0,detected,4,1,0.9246107935905457,ankle_midpoint,968.2151489257812,848.0643310546875,0.9884436726570129,0.98489910364151,3.075810670852661,10.050165176391602,3.075810670852661,10.050165176391602,0.0,0,two_ankles,accepted,3.075810670852661,10.050165176391602,
1,0.03333333333333333,detected,1,5,0.6686907410621643,ankle_midpoint,939.8577270507812,604.29296875,0.8747749328613281,0.9542304277420044,2.824066638946533,1.7904247045516968,2.8238443732261658,1.7955886125564575,0.0,0,two_ankles,accepted,2.824066638946533,1.7904247045516968,0.009397616707201854
1,0.03333333333333333,detected,2,3,0.8625405430793762,ankle_midpoint,988.2623291015625,635.0492553710938,0.9486944675445557,0.9575907588005066,3.2414236068725586,3.2258803844451904,3.236270844936371,3.2583524227142338,0.0,0,two_ankles,accepted,3.2414236068725586,3.2258803844451904,0.059778771900853477
1,0.03333333333333333,detected,3,2,0.9163680076599121,ankle_midpoint,766.6997680664062,792.53466796875,0.9869959354400635,0.9874992966651917,1.7720407247543335,8.698047637939453,1.7716603815555574,8.693915462493898,0.0,0,two_ankles,accepted,1.7720407247543335,8.698047637939453,0.0075448049800835
1,0.03333333333333333,detected,4,1,0.9250525832176208,ankle_midpoint,968.2596435546875,848.078369140625,0.9884918928146362,0.9849868416786194,3.076077938079834,10.050482749938965,3.075930941104889,10.050308084487916,0.0,0,two_ankles,accepted,3.076077938079834,10.050482749938965,0.0004150719560576972
2,0.06666666666666667,detected,1,5,0.6529179215431213,ankle_midpoint,940.1536865234375,603.8701171875,0.8822663426399231,0.957275927066803,2.8264706134796143,1.7692737579345703,2.8250261813402178,1.7837469279766083,0.0,0,two_ankles,accepted,2.8264706134796143,1.7692737579345703,0.021287123722011757
2,0.06666666666666667,detected,2,3,0.8624292612075806,ankle_midpoint,990.1718139648438,634.2908325195312,0.9629273414611816,0.9551443457603455,3.257575273513794,3.1917123794555664,3.2458578377962115,3.2283644032478334,0.0,0,two_ankles,accepted,3.257575273513794,3.1917123794555664,0.03779323881675884
2,0.06666666666666667,detected,3,2,0.9163678288459778,ankle_midpoint,765.699951171875,793.22412109375,0.9860600233078003,0.986847460269928,1.7668569087982178,8.716639518737793,1.7694988188147547,8.704141287803651,0.0,0,two_ankles,accepted,1.7668569087982178,8.716639518737793,0.01930103571020368
2,0.06666666666666667,detected,4,1,0.9251030683517456,ankle_midpoint,968.2945556640625,848.0606689453125,0.9884527325630188,0.9847946763038635,3.076287269592285,10.050069808959961,3.076091288924218,10.050200860500336,0.0,0,two_ankles,accepted,3.076287269592285,10.050069808959961,0.0004629686104324997
3,0.1,detected,1,5,0.6188355684280396,ankle_midpoint,940.2703247070312,603.9955444335938,0.8779160380363464,0.9571266174316406,2.8275606632232666,1.775501012802124,2.82616669818759,1.7800362661480906,0.0,0,two_ankles,accepted,2.8275606632232666,1.775501012802124,0.006321938913743783
3,0.1,detected,2,3,0.8609930276870728,ankle_midpoint,990.2852172851562,634.6295776367188,0.9606691598892212,0.9572809338569641,3.258410692214966,3.2067689895629883,3.2515066222846514,3.218646467089653,0.0,0,two_ankles,accepted,3.258410692214966,3.2067689895629883,0.01507976897479488
3,0.1,detected,3,2,0.9165672063827515,ankle_midpoint,765.0853271484375,793.1368408203125,0.9852904081344604,0.9865542650222778,1.7627266645431519,8.714398384094238,1.7664513493925336,8.708756981134416,0.0,0,two_ankles,accepted,1.7627266645431519,8.714398384094238,0.004699106521142718
3,0.1,detected,4,1,0.9246251583099365,ankle_midpoint,968.3262329101562,848.0737915039062,0.9885026216506958,0.9848048686981201,3.076477527618408,10.050368309020996,3.076265096336604,10.050276212334634,0.0,0,two_ankles,accepted,3.076477527618408,10.050368309020996,0.00035397796957187884
4,0.13333333333333333,detected,1,5,0.5884406566619873,ankle_midpoint,939.8626098632812,604.1022338867188,0.860304594039917,0.9535225629806519,2.8240158557891846,1.7809200286865234,2.8251988191083077,1.7804339592903855,0.0,0,two_ankles,accepted,2.8240158557891846,1.7809200286865234,0.006475445382373045
4,0.13333333333333333,detected,2,3,0.8415235280990601,ankle_midpoint,990.6864013671875,635.29736328125,0.9546552300453186,0.9704319834709167,3.261533737182617,3.2363572120666504,3.256018823988736,3.226616302329302,0.0,0,two_ankles,accepted,3.261533737182617,3.2363572120666504,0.029752585111149407
4,0.13333333333333333,detected,3,2,0.9163414239883423,ankle_midpoint,762.63720703125,793.490234375,0.9860392808914185,0.9876224398612976,1.747583270072937,8.724203109741211,1.7579607136987152,8.715707739007474,0.0,0,two_ankles,accepted,1.747583270072937,8.724203109741211,0.018040372531988823
4,0.13333333333333333,detected,4,1,0.9240073561668396,ankle_midpoint,968.33984375,848.0166015625,0.9883129000663757,0.984565019607544,3.076559066772461,10.049046516418457,3.07639738303274,10.049722849172355,0.0,0,two_ankles,accepted,3.076559066772461,10.049046516418457,0.00132430522077451
5,0.16666666666666666,detected,1,5,0.6341358423233032,ankle_midpoint,938.8929443359375,603.8162841796875,0.8726249933242798,0.9522299766540527,2.815316915512085,1.766897439956665,2.8207519624900077,1.7743425255902112,0.0,0,two_ankles,accepted,2.815316915512085,1.766897439956665,0.0165016531484363
5,0.16666666666666666,detected,2,3,0.8529902696609497,ankle_midpoint,990.4859619140625,633.658203125,0.9673689007759094,0.9715097546577454,3.260404348373413,3.1634254455566406,3.257992309961841,3.1981804167816046,0.0,0,two_ankles,accepted,3.260404348373413,3.1634254455566406,0.07294051059152888
5,0.16666666666666666,detected,3,2,0.9154830574989319,ankle_midpoint,759.395751953125,795.4673461914062,0.985227108001709,0.9866302013397217,1.7304247617721558,8.77733039855957,1.7455695353317635,8.743437935805918,0.0,0,two_ankles,accepted,1.7304247617721558,8.77733039855957,0.05582941182116602
5,0.16666666666666666,detected,4,1,0.9233567118644714,ankle_midpoint,968.393798828125,847.9754638671875,0.9879092574119568,0.9840935468673706,3.076882839202881,10.048089981079102,3.076615838309303,10.04898805853039,0.0,0,two_ankles,accepted,3.076882839202881,10.048089981079102,0.0010098457516551252
6,0.2,detected,1,5,0.6552304625511169,ankle_midpoint,938.5205078125,603.8717041015625,0.8868663311004639,0.9549074769020081,2.812058448791504,1.7697539329528809,2.816839881325681,1.7722776589034126,0.0,0,two_ankles,accepted,2.812058448791504,1.7697539329528809,0.004333261774525547
6,0.2,detected,2,3,0.8633427023887634,ankle_midpoint,990.62158203125,633.8248291015625,0.9714162945747375,0.9702200293540955,3.261481523513794,3.170833110809326,3.2595624560602197,3.1858741290940795,0.0,0,two_ankles,accepted,3.261481523513794,3.170833110809326,0.007485573510353055
6,0.2,detected,3,2,0.9170414209365845,ankle_midpoint,759.1875,795.8642578125,0.9850640892982483,0.9872862696647644,1.7298377752304077,8.787894248962402,1.7384902432861535,8.763443276726337,0.0,0,two_ankles,accepted,1.7298377752304077,8.787894248962402,0.010580145959938728
6,0.2,detected,4,1,0.9240590333938599,ankle_midpoint,968.4296264648438,847.8995361328125,0.9879531860351562,0.9841336011886597,3.0770978927612305,10.046332359313965,3.0768327628126704,10.047792993883,0.0,0,two_ankles,accepted,3.0770978927612305,10.046332359313965,0.0017707293136561397
7,0.23333333333333334,detected,1,5,0.6455547213554382,ankle_midpoint,940.094482421875,601.3157958984375,0.8398372530937195,0.9428675770759583,2.824694871902466,1.6412255764007568,2.8203746270852346,1.7133042217772176,0.0,0,two_ankles,accepted,2.824694871902466,1.6412255764007568,0.12914804538601882
7,0.23333333333333334,detected,2,3,0.8669250011444092,ankle_midpoint,989.9683837890625,635.7909545898438,0.9689397811889648,0.9655824899673462,3.2553975582122803,3.2584071159362793,3.257688252028647,3.21851397317307,0.0,0,two_ankles,accepted,3.2553975582122803,3.2584071159362793,0.08778508419865891
7,0.23333333333333334,detected,3,2,0.9151132702827454,ankle_midpoint,759.4533081054688,796.4645385742188,0.9860061407089233,0.987312376499176,1.7326834201812744,8.803764343261719,1.7358771728889582,8.78158775666726,0.0,0,two_ankles,accepted,1.7326834201812744,8.803764343261719,0.016123200310595543
7,0.23333333333333334,detected,4,1,0.9232190251350403,ankle_midpoint,968.3729248046875,847.8782958984375,0.98809415102005,0.9842497706413269,3.0767571926116943,10.045849800109863,3.076798756222231,10.046918556685089,0.0,0,two_ankles,accepted,3.0767571926116943,10.045849800109863,0.0005907114163084007
8,0.26666666666666666,detected,1,5,0.6347173452377319,ankle_midpoint,939.51220703125,602.0004272460938,0.8381763696670532,0.942131519317627,2.8198747634887695,1.6758179664611816,2.8201496884668256,1.6964354068850014,0.0,0,two_ankles,accepted,2.8198747634887695,1.6758179664611816,0.03492659295168028
8,0.26666666666666666,detected,2,3,0.8774783611297607,ankle_midpoint,989.6573486328125,636.7318115234375,0.9696839451789856,0.9665265679359436,3.252514123916626,3.3000926971435547,3.255359894378238,3.255224398959788,0.0,0,two_ankles,accepted,3.252514123916626,3.3000926971435547,0.04178518725488384
8,0.26666666666666666,detected,3,2,0.9116833209991455,ankle_midpoint,760.65234375,792.746337890625,0.9896727800369263,0.9910100698471069,1.7333619594573975,8.704612731933594,1.734745326844756,8.74694899553711,0.0,0,two_ankles,accepted,1.7333619594573975,8.704612731933594,0.09915393307636772
8,0.26666666666666666,detected,4,1,0.9229720830917358,ankle_midpoint,968.44580078125,847.77294921875,0.9880061745643616,0.9842329025268555,3.0771944522857666,10.043407440185547,3.076976819450822,10.045338554260296,0.0,0,two_ankles,accepted,3.0771944522857666,10.043407440185547,0.002481192862813495
9,0.3,detected,1,5,0.6722669005393982,ankle_midpoint,938.9918212890625,602.075439453125,0.8589581251144409,0.9478752613067627,2.8153040409088135,1.6797152757644653,2.81796914706572,1.6889113478807602,0.0,0,two_ankles,accepted,2.8153040409088135,1.6797152757644653,0.006006706644108879
9,0.3,detected,2,3,0.8786655068397522,ankle_midpoint,989.6204833984375,635.9586181640625,0.9733853936195374,0.9697422385215759,3.252450704574585,3.265911102294922,3.2540507589665943,3.2600334154605983,0.0,0,two_ankles,accepted,3.252450704574585,3.265911102294922,0.03418165368160274
9,0.3,detected,3,2,0.9111925363540649,ankle_midpoint,761.967041015625,791.46728515625,0.9910423755645752,0.9922486543655396,1.7394362688064575,8.670129776000977,1.7368562507275218,8.71238034674585,0.0,0,two_ankles,accepted,1.7394362688064575,8.670129776000977,0.03501387559124093
9,0.3,detected,4,1,0.9233415722846985,ankle_midpoint,968.3790283203125,847.656494140625,0.9879347085952759,0.9842766523361206,3.0767931938171387,10.040725708007812,3.0768941879156646,10.043262773446678,0.0,0,two_ankles,accepted,3.0767931938171387,10.040725708007812,0.0027115854830230936
10,0.3333333333333333,detected,1,5,0.7083528637886047,ankle_midpoint,936.853515625,604.063720703125,0.9191287755966187,0.9636757969856262,2.7974514961242676,1.7797386646270752,2.8087362041420665,1.729783640416602,0.0,0,two_ankles,accepted,2.7974514961242676,1.7797386646270752,0.10160409280558083
10,0.3333333333333333,detected,2,3,0.8893201351165771,ankle_midpoint,991.3074340820312,633.78564453125,0.9817471504211426,0.9817910194396973,3.267220973968506,3.168930768966675,3.2599773557174547,3.219037224538333,0.0,0,two_ankles,accepted,3.267220973968506,3.168930768966675,0.09809865396847658
10,0.3333333333333333,detected,3,2,0.9106961488723755,ankle_midpoint,768.5216064453125,782.7008666992188,0.9884322285652161,0.9935478568077087,1.7655726671218872,8.430747985839844,1.7497786381049862,8.585645784338148,0.0,0,two_ankles,accepted,1.7655726671218872,8.430747985839844,0.24080438695682316
10,0.3333333333333333,detected,4,1,0.9248608350753784,ankle_midpoint,968.3182373046875,847.6559448242188,0.9885030388832092,0.984879195690155,3.076427936553955,10.04072093963623,3.0766843748028956,10.042118948231977,0.0,0,two_ankles,accepted,3.076427936553955,10.04072093963623,0.0003652883869984281
11,0.36666666666666664,detected,1,5,0.647808849811554,ankle_midpoint,938.6785278320312,604.2083740234375,0.9272423982620239,0.9738770723342896,2.8136250972747803,1.7864998579025269,2.810936206051788,1.7553059382852685,0.0,0,two_ankles,accepted,2.8136250972747803,1.7864998579025269,0.017529948907052704
11,0.36666666666666664,detected,2,3,0.8905010223388672,ankle_midpoint,992.6604614257812,632.5040283203125,0.9832700490951538,0.9878420829772949,3.2789840698242188,3.1112895011901855,3.268530377065499,3.1705507490316664,0.0,0,two_ankles,accepted,3.2789840698242188,3.1112895011901855,0.05882929691056683
11,0.36666666666666664,detected,3,2,0.9174931049346924,ankle_midpoint,775.370361328125,778.5715942382812,0.9949305653572083,0.9963135123252869,1.8029110431671143,8.315315246582031,1.7736882203829438,8.463997042347895,0.0,0,two_ankles,accepted,1.8029110431671143,8.315315246582031,0.12132135681015488
11,0.36666666666666664,detected,4,1,0.9249566197395325,ankle_midpoint,968.3577270507812,847.572021484375,0.9879488945007324,0.9838215708732605,3.076664924621582,10.038777351379395,3.0766756222213045,10.040615229648315,0.0,0,two_ankles,accepted,3.076664924621582,10.038777351379395,0.00195798331359287
12,0.4,detected,1,5,0.6099243760108948,ankle_midpoint,938.6549682617188,604.2053833007812,0.9203058481216431,0.969925582408905,2.813416004180908,1.7863566875457764,2.8120521152098923,1.7692787754524972,0.0,0,two_ankles,accepted,2.813416004180908,1.7863566875457764,0.0002534120615855853
12,0.4,detected,2,3,0.891170859336853,ankle_midpoint,991.9421997070312,633.042724609375,0.9774014949798584,0.9834674000740051,3.272782802581787,3.1355841159820557,3.270443968547829,3.154815764159342,0.0,0,two_ankles,accepted,3.272782802581787,3.1355841159820557,0.02507357220855078
12,0.4,detected,3,2,0.9090593457221985,ankle_midpoint,776.815673828125,776.4651489257812,0.9946178793907166,0.9962546825408936,1.8085843324661255,8.25621223449707,1.7893914708203758,8.370493878815024,0.0,0,two_ankles,accepted,1.8085843324661255,8.25621223449707,0.05937467683268107
12,0.4,detected,4,1,0.9226807951927185,ankle_midpoint,968.2955932617188,847.67626953125,0.9878451228141785,0.9836244583129883,3.076292037963867,10.041193962097168,3.0765030093054575,10.0408756592503,0.0,0,two_ankles,accepted,3.076292037963867,10.041193962097168,0.0024452099747790976
13,0.43333333333333335,detected,1,5,0.6317076683044434,ankle_midpoint,938.77392578125,603.6490478515625,0.8878417611122131,0.9436445832252502,2.814181089401245,1.758579134941101,2.813010153596001,1.7644639372223692,0.0,0,two_ankles,accepted,2.814181089401245,1.758579134941101,0.02778808708961236
13,0.43333333333333335,detected,2,3,0.8979861736297607,ankle_midpoint,993.09814453125,633.980712890625,0.9776676297187805,0.9793426990509033,3.282100200653076,3.1772329807281494,3.2756892729951903,3.1649035116153055,0.0,0,two_ankles,accepted,3.282100200653076,3.1772329807281494,0.042678353312390956
13,0.43333333333333335,detected,3,2,0.913025975227356,ankle_midpoint,784.0958251953125,771.9046630859375,0.9919523596763611,0.992665708065033,1.8486207723617554,8.126362800598145,1.8160446565139967,8.260634893617429,0.0,0,two_ankles,accepted,1.8486207723617554,8.126362800598145,0.1358815366537628
13,0.43333333333333335,detected,4,1,0.9205409288406372,ankle_midpoint,968.2446899414062,847.6815795898438,0.9884489178657532,0.9838617444038391,3.075986385345459,10.0413236618042,3.0762705285234584,10.041077260399556,0.0,0,two_ankles,accepted,3.075986385345459,10.0413236618042,0.0003320324338732328
14,0.4666666666666667,detected,1,5,0.6895232796669006,ankle_midpoint,937.5977172851562,600.525146484375,0.8850117921829224,0.9545349478721619,2.8021273612976074,1.6019482612609863,2.808112897061724,1.691331883039747,0.0,0,two_ankles,accepted,2.8021273612976074,1.6019482612609863,0.15709399400038337
14,0.4666666666666667,detected,2,3,0.8975352048873901,ankle_midpoint,999.1795654296875,634.5439453125,0.9677212834358215,0.9631897211074829,3.3326005935668945,3.2009692192077637,3.301299367252457,3.1811330800319118,0.0,0,two_ankles,accepted,3.3326005935668945,3.2009692192077637,0.05580052599762081
14,0.4666666666666667,detected,3,2,0.9182759523391724,ankle_midpoint,789.76953125,768.553466796875,0.993024468421936,0.9929810762405396,1.8805506229400635,8.02978515625,1.8450723414057268,8.156752511802086,0.0,0,two_ankles,accepted,1.8805506229400635,8.02978515625,0.10171900877313825
14,0.4666666666666667,detected,4,1,0.9202780723571777,ankle_midpoint,967.2135009765625,848.1832275390625,0.9949705004692078,0.9912876486778259,3.0697991847991943,10.053041458129883,3.07335842384754,10.046461149378203,0.0,0,two_ankles,accepted,3.0697991847991943,10.053041458129883,0.013250969826012792
15,0.5,detected,1,5,0.7465175986289978,ankle_midpoint,938.5352172851562,600.92919921875,0.8945299983024597,0.9578334093093872,2.8106651306152344,1.6221193075180054,2.8092614021608036,1.6601862240549634,0.0,0,two_ankles,accepted,2.8106651306152344,1.6221193075180054,0.021903529670439285
15,0.5,detected,2,3,0.8958777785301208,ankle_midpoint,1002.9138793945312,634.3094482421875,0.9782884120941162,0.9742984175682068,3.363861322402954,3.189690351486206,3.329452247070181,3.1849838521863445,0.0,0,two_ankles,accepted,3.363861322402954,3.189690351486206,0.03323320665301561
15,0.5,detected,3,2,0.9104841351509094,ankle_midpoint,794.8192749023438,768.240234375,0.9929722547531128,0.9922053217887878,1.9138022661209106,8.019999504089355,1.8760008075275596,8.095213658331359,0.0,0,two_ankles,accepted,1.9138022661209106,8.019999504089355,0.03466166127633681
15,0.5,detected,4,1,0.9191943407058716,ankle_midpoint,966.76611328125,848.0343017578125,0.9952026605606079,0.9913371801376343,3.0671114921569824,10.049663543701172,3.070547304586789,10.04790222682354,0.0,0,two_ankles,accepted,3.0671114921569824,10.049663543701172,0.004316711436579193
16,0.5333333333333333,detected,1,5,0.7217114567756653,ankle_midpoint,938.3680419921875,600.830322265625,0.9059458374977112,0.9606495499610901,2.809129476547241,1.6171705722808838,2.8092020356347005,1.6408291807566275,0.0,0,two_ankles,accepted,2.809129476547241,1.6171705722808838,0.005181526209879938
16,0.5333333333333333,detected,2,3,0.8943638801574707,ankle_midpoint,1007.4705810546875,633.7672729492188,0.9789215922355652,0.9736576676368713,3.4021952152252197,3.164487838745117,3.3621865827399486,3.1757606461377925,0.0,0,two_ankles,accepted,3.4021952152252197,3.164487838745117,0.04587650801198468
16,0.5333333333333333,detected,3,2,0.9099953174591064,ankle_midpoint,804.2799682617188,767.7565307617188,0.9919236302375793,0.9888639450073242,1.9763519763946533,8.004606246948242,1.9211588335177519,8.054440323208956,0.0,0,two_ankles,accepted,1.9763519763946533,8.004606246948242,0.06441598109740769
16,0.5333333333333333,detected,4,1,0.9180116653442383,ankle_midpoint,966.9494018554688,847.9010009765625,0.9951823353767395,0.9903241395950317,3.0682098865509033,10.046562194824219,3.0694954664706406,10.047299212423844,0.0,0,two_ankles,accepted,3.0682098865509033,10.046562194824219,0.003290111715607126
17,0.5666666666666667,detected,1,5,0.7838637232780457,ankle_midpoint,938.4306030273438,597.0450439453125,0.9150899052619934,0.9660893678665161,2.807692050933838,1.4246726036071777,2.808522542519312,1.5435587210393753,0.0,0,two_ankles,accepted,2.807692050933838,1.4246726036071777,0.19250333538901912
17,0.5666666666666667,detected,2,3,0.8870285153388977,ankle_midpoint,1013.9979858398438,638.6863403320312,0.9739819765090942,0.9601112604141235,3.453354835510254,3.3807170391082764,3.4032122964865863,3.2679910229745106,0.0,0,two_ankles,accepted,3.453354835510254,3.3807170391082764,0.22219895102677717
17,0.5666666666666667,detected,3,2,0.9059469103813171,ankle_midpoint,814.15673828125,770.4879150390625,0.9965807795524597,0.9944260120391846,2.046647787094116,8.081321716308594,1.9776288626271161,8.066536950103792,0.0,0,two_ankles,accepted,2.046647787094116,8.081321716308594,0.1040517382895344
17,0.5666666666666667,detected,4,1,0.9182239770889282,ankle_midpoint,966.6890869140625,847.3350219726562,0.9950107336044312,0.9890851378440857,3.0666372776031494,10.033519744873047,3.0682092814802697,10.041098452025986,0.0,0,two_ankles,accepted,3.0666372776031494,10.033519744873047,0.013136917432616333
18,0.6,detected,1,5,0.7871131300926208,ankle_midpoint,938.0147705078125,595.1729736328125,0.9265027642250061,0.968000054359436,2.8029634952545166,1.3285269737243652,2.8060209712501543,1.446794434747621,0.0,0,two_ankles,accepted,2.8029634952545166,1.3285269737243652,0.09626183763244503
18,0.6,detected,2,3,0.8828091621398926,ankle_midpoint,1019.7100830078125,639.296875,0.9617816805839539,0.9469636082649231,3.5001745223999023,3.4062066078186035,3.446845298147579,3.3301880361543525,0.0,0,two_ankles,accepted,3.5001745223999023,3.4062066078186035,0.05330854709596958
18,0.6,detected,3,2,0.9106838703155518,ankle_midpoint,819.6878662109375,768.6092529296875,0.9969658255577087,0.9943769574165344,2.0808234214782715,8.026684761047363,2.024066414110136,8.0486034650284,0.0,0,two_ankles,accepted,2.0808234214782715,8.026684761047363,0.06444509962578346
18,0.6,detected,4,1,0.9185410141944885,ankle_midpoint,965.8002319335938,846.5646362304688,0.9943459630012512,0.9888995289802551,3.0612781047821045,10.015807151794434,3.0650902519660956,10.029717366921787,0.0,0,two_ankles,accepted,3.0612781047821045,10.015807151794434,0.01850558528915975
19,0.6333333333333333,detected,1,5,0.7681658864021301,ankle_midpoint,932.96875,598.2659912109375,0.8949658274650574,0.9591808319091797,2.759612798690796,1.488433599472046,2.785137293598443,1.4655320588736123,0.0,0,two_ankles,accepted,2.759612798690796,1.488433599472046,0.16567864029671597
19,0.6333333333333333,detected,2,3,0.860024631023407,ankle_midpoint,1018.7401733398438,644.9356689453125,0.9646981358528137,0.9460673332214355,3.4879958629608154,3.6507339477539062,3.4653630523135357,3.474433696374152,0.0,0,two_ankles,accepted,3.4879958629608154,3.6507339477539062,0.24483043054646692
19,0.6333333333333333,detected,3,2,0.8997803330421448,ankle_midpoint,829.3394775390625,765.6990356445312,0.9927760362625122,0.9798794388771057,2.1414215564727783,7.941275596618652,2.076876228173325,8.000305924244014,0.0,0,two_ankles,accepted,2.1414215564727783,7.941275596618652,0.10472277370860197
19,0.6333333333333333,detected,4,1,0.9176890254020691,ankle_midpoint,964.889404296875,844.5342407226562,0.9932089447975159,0.9860477447509766,3.055736780166626,9.96876049041748,3.0608811896563344,10.00228677249485,0.0,0,two_ankles,accepted,3.055736780166626,9.96876049041748,0.04737187588867261
20,0.6666666666666666,detected,1,5,0.7323604822158813,ankle_midpoint,929.7974853515625,598.871337890625,0.862331211566925,0.9475411176681519,2.7317330837249756,1.5200480222702026,2.761105399155383,1.490064242402078,0.0,0,two_ankles,accepted,2.7317330837249756,1.5200480222702026,0.042151515221116286
20,0.6666666666666666,detected,2,3,0.8741558790206909,ankle_midpoint,1017.8997802734375,647.6656494140625,0.9492583274841309,0.925080418586731,3.4791669845581055,3.76743745803833,3.4715748218235922,3.606285389123032,0.0,0,two_ankles,accepted,3.4791669845581055,3.76743745803833,0.11703699588829361
20,0.6666666666666666,detected,3,2,0.9038957357406616,ankle_midpoint,838.861328125,761.2191162109375,0.9902936220169067,0.9463162422180176,2.1996333599090576,7.809199810028076,2.1321169374544047,7.914308172846843,0.0,0,two_ankles,accepted,2.1996333599090576,7.809199810028076,0.14433512206952068
20,0.6666666666666666,detected,4,1,0.9171246290206909,ankle_midpoint,959.6793212890625,841.5211181640625,0.9907132387161255,0.9813000559806824,3.024096727371216,9.898996353149414,3.044328181628031,9.955806083789405,0.0,0,two_ankles,accepted,3.024096727371216,9.898996353149414,0.07660370610912996
21,0.7,detected,1,5,0.695969820022583,ankle_midpoint,928.5779418945312,597.2732543945312,0.8997552394866943,0.9574905037879944,2.7197492122650146,1.438828468322754,2.7424951150547177,1.4670081440663822,0.0,0,two_ankles,accepted,2.7197492122650146,1.438828468322754,0.0820988984005961
21,0.7,detected,2,3,0.8661676049232483,ankle_midpoint,1018.7400512695312,647.55419921875,0.9460530877113342,0.9221925139427185,3.4860923290252686,3.762521743774414,3.4781077000643466,3.676591748716154,0.0,0,two_ankles,accepted,3.4860923290252686,3.762521743774414,0.00849262284063844
21,0.7,detected,3,2,0.9028640985488892,ankle_midpoint,845.356689453125,763.3099365234375,0.9816226959228516,0.9620170593261719,2.2461562156677246,7.86931848526001,2.183434612650399,7.894062813432768,0.0,0,two_ankles,accepted,2.2461562156677246,7.86931848526001,0.07601730868417035
21,0.7,detected,4,1,0.9195936918258667,ankle_midpoint,958.2323608398438,839.8867797851562,0.9772408604621887,0.9674798846244812,3.015197277069092,9.860737800598145,3.0312192745765083,9.913025356353337,0.0,0,two_ankles,accepted,3.015197277069092,9.860737800598145,0.03927998293021813
22,0.7333333333333333,detected,1,5,0.6606602668762207,ankle_midpoint,930.6412353515625,606.4151000976562,0.7850550413131714,0.8727155923843384,2.744169235229492,1.8979377746582031,2.724376798970119,1.4447672364853117,0.0,0,two_ankles,corrected_motion_outlier,2.702232190422276,1.4175839049973362,0.4597582981147844
22,0.7333333333333333,detected,2,3,0.8797757625579834,ankle_midpoint,1020.194580078125,647.55126953125,0.9499160647392273,0.9357317686080933,3.4979450702667236,3.7620842456817627,3.4870345166554166,3.715063372350678,0.0,0,two_ankles,accepted,3.4979450702667236,3.7620842456817627,0.011860812768017362
22,0.7333333333333333,detected,3,2,0.8912277221679688,ankle_midpoint,845.5947265625,761.9710693359375,0.9723231196403503,0.8784931302070618,2.2461183071136475,7.8301615715026855,2.211642275158861,7.865307254564231,0.0,0,two_ankles,accepted,2.2461183071136475,7.8301615715026855,0.039156932107316564
22,0.7333333333333333,detected,4,1,0.9146755337715149,ankle_midpoint,948.4114990234375,840.9698486328125,0.9905934929847717,0.9862030744552612,2.95578670501709,9.887557983398438,2.99727461827477,9.901565038523632,0.0,0,two_ankles,accepted,2.95578670501709,9.887557983398438,0.06518388049960853
23,0.7666666666666667,detected,1,5,0.6559813618659973,ankle_midpoint,935.4033203125,609.5322875976562,0.871727705001831,0.8885674476623535,2.7877297401428223,2.0498509407043457,2.706529065294357,1.4229746838192847,0.011580994304013603,0,two_ankles,corrected_motion_outlier,2.6847151685795376,1.3963393416719183,0.30739624832041235
23,0.7666666666666667,detected,2,3,0.8715898990631104,ankle_midpoint,1019.6884765625,646.79052734375,0.9552924036979675,0.9475433826446533,3.4943830966949463,3.729822874069214,3.490341377673205,3.7217051481240198,0.0,0,two_ankles,accepted,3.4943830966949463,3.729822874069214,0.03245741446956322
23,0.7666666666666667,detected,3,2,0.8273096680641174,ankle_midpoint,853.920654296875,767.9700927734375,0.9759649634361267,0.892066478729248,2.3092141151428223,8.002935409545898,2.2555496031516435,7.927239924305981,0.0,0,two_ankles,accepted,2.3092141151428223,8.002935409545898,0.18393444512389961
23,0.7666666666666667,detected,4,1,0.906806230545044,ankle_midpoint,940.3477783203125,842.81982421875,0.990750253200531,0.9897543787956238,2.9073548316955566,9.932021141052246,2.9568107143141242,9.915270284661508,0.0,0,two_ankles,accepted,2.9073548316955566,9.932021141052246,0.0657466253276963
24,0.8,detected,1,5,0.7436744570732117,ankle_midpoint,928.437255859375,605.2750244140625,0.8956651091575623,0.8923542499542236,2.7240395545959473,1.8420379161834717,2.7144087854800727,1.611553138383169,0.0,0,two_ankles,accepted,2.7240395545959473,1.8420379161834717,0.13441075762232288
24,0.8,detected,2,3,0.8632075786590576,ankle_midpoint,1018.862060546875,646.62646484375,0.9523195028305054,0.9446056485176086,3.487760066986084,3.723008871078491,3.4891797878640007,3.7222918234535323,0.0,0,two_ankles,accepted,3.487760066986084,3.723008871078491,0.009502376507066534
24,0.8,detected,3,2,0.8423449993133545,ankle_midpoint,855.6024169921875,767.6414794921875,0.9792087078094482,0.9053493738174438,2.3201169967651367,7.993212699890137,2.2846049302777156,7.956927673318852,0.0,0,two_ankles,accepted,2.3201169967651367,7.993212699890137,0.014608350718696633
24,0.8,detected,4,1,0.9012834429740906,ankle_midpoint,936.9215087890625,845.0588989257812,0.9908926486968994,0.9902072548866272,2.887216567993164,9.984698295593262,2.9254933484696926,9.946512889580799,0.0,0,two_ankles,accepted,2.887216567993164,9.984698295593262,0.056395321397126066
25,0.8333333333333334,detected,1,5,0.7992100715637207,ankle_midpoint,928.5838623046875,621.8277587890625,0.9699558615684509,0.9719911217689514,2.736241340637207,2.637887477874756,2.7138441456655893,1.7302257496333082,0.11296681561475752,0,two_ankles,corrected_motion_outlier,2.713154030336776,1.875270052272367,0.7959430937113569
25,0.8333333333333334,detected,2,3,0.8775084614753723,ankle_midpoint,1016.7250366210938,646.3975830078125,0.9640406966209412,0.9500228762626648,3.470479726791382,3.7137084007263184,3.4807647603813225,3.7184292832262864,0.0,0,two_ankles,accepted,3.470479726791382,3.7137084007263184,0.019624191856386974
25,0.8333333333333334,detected,3,2,0.8797641396522522,ankle_midpoint,862.1943969726562,771.86474609375,0.948902428150177,0.8198756575584412,2.3687007427215576,8.11304759979248,2.3224480458774446,8.027181640231985,0.0,0,two_ankles,accepted,2.3687007427215576,8.11304759979248,0.12930886901432087
25,0.8333333333333334,detected,4,1,0.9027853012084961,ankle_midpoint,935.1170654296875,847.7117919921875,0.9828002452850342,0.9818514585494995,2.8770499229431152,10.04641056060791,2.9036938069827327,9.991466841542998,0.0,0,two_ankles,accepted,2.8770499229431152,10.04641056060791,0.06254409904069196
26,0.8666666666666667,detected,1,5,0.8019064664840698,ankle_midpoint,928.5809936523438,617.6402587890625,0.9651640057563782,0.9593979120254517,2.733520269393921,2.441218137741089,2.7226984013433384,2.0501723242818097,0.0,0,two_ankles,accepted,2.733520269393921,2.441218137741089,0.2996276113189987
26,0.8666666666666667,detected,2,3,0.8760877847671509,ankle_midpoint,1018.6492919921875,646.2415771484375,0.9641609191894531,0.9553095102310181,3.486302614212036,3.706634521484375,3.4832567946051443,3.7131216404424263,0.0,0,two_ankles,accepted,3.486302614212036,3.706634521484375,0.01733215318003788
26,0.8666666666666667,detected,3,2,0.8923166394233704,ankle_midpoint,862.822509765625,773.0411376953125,0.9481831789016724,0.8744152188301086,2.3740928173065186,8.146354675292969,2.345688193020528,8.080809506009428,0.0,0,two_ankles,accepted,2.3740928173065186,8.146354675292969,0.03374071348867727
26,0.8666666666666667,detected,4,1,0.9083782434463501,ankle_midpoint,932.9285888671875,849.3577880859375,0.9908686876296997,0.9884003400802612,2.8643736839294434,10.084626197814941,2.8859997516087526,10.033388551865373,0.0,0,two_ankles,accepted,2.8643736839294434,10.084626197814941,0.040263158875964614
27,0.9,detected,1,5,0.7751363515853882,ankle_midpoint,928.7525634765625,615.0115966796875,0.9583467245101929,0.9532996416091919,2.733287811279297,2.3161327838897705,2.72746363581452,2.1698545311053925,0.0,0,two_ankles,accepted,2.733287811279297,2.3161327838897705,0.1250855698507409
27,0.9,detected,2,3,0.8842266798019409,ankle_midpoint,1020.0332641601562,645.7259521484375,0.9688838720321655,0.9634495973587036,3.4979896545410156,3.6843020915985107,3.4898865815762865,3.7001528434626643,0.0,0,two_ankles,accepted,3.4979896545410156,3.6843020915985107,0.02520564096106735
27,0.9,detected,3,2,0.898284375667572,ankle_midpoint,858.191650390625,774.48291015625,0.9403437376022339,0.8649480938911438,2.3448305130004883,8.187858581542969,2.34530223701151,8.128981589999523,0.0,0,two_ankles,accepted,2.3448305130004883,8.187858581542969,0.05078244467635944
27,0.9,detected,4,1,0.9123960137367249,ankle_midpoint,932.2447509765625,849.4857177734375,0.9914343357086182,0.9892547130584717,2.8603131771087646,10.08765697479248,2.8744407930837585,10.057809342182573,0.0,0,two_ankles,accepted,2.8603131771087646,10.08765697479248,0.005066885111028189
28,0.9333333333333333,detected,1,5,0.7986053228378296,ankle_midpoint,926.3490600585938,614.8741455078125,0.9632764458656311,0.9513895511627197,2.712430238723755,2.3101301193237305,2.720698607123676,2.232978545803645,0.0,0,two_ankles,accepted,2.712430238723755,2.3101301193237305,0.021704154321283545
28,0.9333333333333333,detected,2,3,0.8859963417053223,ankle_midpoint,1021.6192626953125,645.6077880859375,0.9844299554824829,0.981414258480072,3.511044979095459,3.678903579711914,3.4994078604599146,3.690590674774827,0.0,0,two_ankles,accepted,3.511044979095459,3.678903579711914,0.014127470750689146
28,0.9333333333333333,detected,3,2,0.8989156484603882,ankle_midpoint,850.000244140625,767.544677734375,0.9561818242073059,0.9392510652542114,2.282451629638672,7.991307258605957,2.3170194636937333,8.067028140872418,0.0,0,two_ankles,accepted,2.282451629638672,7.991307258605957,0.20621238478267148
28,0.9333333333333333,detected,4,1,0.9168412685394287,ankle_midpoint,932.89111328125,848.0225830078125,0.9884588122367859,0.9843819737434387,2.8637726306915283,10.053878784179688,2.869640120007255,10.056040591081274,0.0,0,two_ankles,accepted,2.8637726306915283,10.053878784179688,0.033954881536613725
29,0.9666666666666667,detected,1,5,0.811512291431427,ankle_midpoint,933.0030517578125,612.060546875,0.9733412265777588,0.9647194743156433,2.768275737762451,2.1732490062713623,2.742108315911125,2.206100253014118,0.0,0,two_ankles,accepted,2.768275737762451,2.1732490062713623,0.1478349041104171
29,0.9666666666666667,detected,2,3,0.9090255498886108,ankle_midpoint,1026.7127685546875,642.70654296875,0.9571390748023987,0.9453378915786743,3.5551538467407227,3.553001642227173,3.5244935542862783,3.628675610128383,0.0,0,two_ankles,accepted,3.5551538467407227,3.553001642227173,0.13340498516681853
29,0.9666666666666667,detected,3,2,0.9000616669654846,ankle_midpoint,841.4022827148438,765.754638671875,0.9585340619087219,0.9402758479118347,2.2225680351257324,7.940976619720459,2.274516320838133,8.010304956354037,0.0,0,two_ankles,accepted,2.2225680351257324,7.940976619720459,0.07822543130218305
29,0.9666666666666667,detected,4,1,0.9211052656173706,ankle_midpoint,928.1553344726562,847.7255859375,0.9908530116081238,0.9885009527206421,2.8352551460266113,10.047651290893555,2.8541668817159658,10.0522654059968,0.0,0,two_ankles,accepted,2.8352551460266113,10.047651290893555,0.02918952901714252
30,1.0,detected,1,5,0.8065040111541748,ankle_midpoint,935.48291015625,608.3809204101562,0.9755029082298279,0.9640615582466125,2.7877848148345947,1.9935048818588257,2.762662740426687,2.1104323359942363,0.0,0,two_ankles,accepted,2.7877848148345947,1.9935048818588257,0.18079976313324164
30,1.0,detected,2,3,0.9061244130134583,ankle_midpoint,1030.748779296875,643.2029418945312,0.9858773946762085,0.9832649827003479,3.587873935699463,3.573566436767578,3.5530147259222113,3.6038764821160205,0.0,0,two_ankles,accepted,3.587873935699463,3.573566436767578,0.03864602173519232
30,1.0,detected,3,2,0.9038289189338684,ankle_midpoint,837.3621215820312,766.111083984375,0.9485207796096802,0.9297552704811096,2.1958768367767334,7.951929092407227,2.239128553010503,7.984035817577972,0.0,0,two_ankles,accepted,2.1958768367767334,7.951929092407227,0.028850939798557653
30,1.0,detected,4,1,0.9199786186218262,ankle_midpoint,924.34375,847.72314453125,0.9910145401954651,0.9896782636642456,2.812370538711548,10.048100471496582,2.8353585273639776,10.050391185471703,0.0,0,two_ankles,accepted,2.812370538711548,10.048100471496582,0.02288901516402121
31,1.0333333333333334,detected,1,5,0.8182706832885742,ankle_midpoint,932.84130859375,604.9546508789062,0.9905239939689636,0.9561758041381836,2.762601852416992,1.825056552886963,2.7626353408223245,1.9820132335959633,0.0,0,two_ankles,accepted,2.762601852416992,1.825056552886963,0.1703203485480795
31,1.0333333333333334,detected,2,3,0.911419153213501,ankle_midpoint,1038.5406494140625,642.7828369140625,0.9876930117607117,0.9858725070953369,3.6522958278656006,3.553717613220215,3.5976912217967367,3.5813049911129085,0.0,0,two_ankles,accepted,3.6522958278656006,3.553717613220215,0.06741035518731403
31,1.0333333333333334,detected,3,2,0.8912771940231323,ankle_midpoint,828.1668701171875,762.8594970703125,0.9460543394088745,0.9294295310974121,2.1295816898345947,7.858912944793701,2.1898324645813445,7.9277305248250505,0.0,0,two_ankles,accepted,2.1295816898345947,7.858912944793701,0.11422368504360601
31,1.0333333333333334,detected,4,1,0.9203191995620728,ankle_midpoint,917.6009521484375,849.1838989257812,0.9910503625869751,0.9913839101791382,2.772477388381958,10.082651138305664,2.807062014822069,10.064908164246987,0.0,0,two_ankles,accepted,2.772477388381958,10.082651138305664,0.05277510795982759
32,1.0666666666666667,detected,1,5,0.8225839138031006,ankle_midpoint,939.2623291015625,605.469970703125,0.9797002673149109,0.9245958924293518,2.8194053173065186,1.8490612506866455,2.7881818302402124,1.9221848412867704,0.0,0,two_ankles,accepted,2.8194053173065186,1.8490612506866455,0.06166732635609997
32,1.0666666666666667,detected,2,3,0.911432147026062,ankle_midpoint,1049.4381103515625,638.2913818359375,0.9833947420120239,0.9785385727882385,3.7472481727600098,3.3555402755737305,3.66499184973021,3.4797108691202787,0.0,0,two_ankles,accepted,3.7472481727600098,3.3555402755737305,0.21975032413535936
32,1.0666666666666667,detected,3,2,0.8991421461105347,ankle_midpoint,815.2259521484375,769.9002685546875,0.9521711468696594,0.9514352083206177,2.052903413772583,8.064367294311523,2.128214391717402,7.989217071093963,0.0,0,two_ankles,accepted,2.052903413772583,8.064367294311523,0.21929671168449735
32,1.0666666666666667,detected,4,1,0.9174726009368896,ankle_midpoint,908.2938232421875,851.215087890625,0.9914166331291199,0.9922601580619812,2.7176733016967773,10.130464553833008,2.7668370939156883,10.094408539560696,0.0,0,two_ankles,accepted,2.7176733016967773,10.130464553833008,0.0727297093476059
33,1.1,detected,1,5,0.709048867225647,ankle_midpoint,941.260009765625,603.4317626953125,0.9720334410667419,0.9281226992607117,2.836028575897217,1.7471140623092651,2.8097128657858645,1.8434029907468932,0.0,0,two_ankles,accepted,2.836028575897217,1.7471140623092651,0.10329357165006108
33,1.1,detected,2,3,0.9114224910736084,ankle_midpoint,1054.694580078125,636.1571044921875,0.9735879302024841,0.9654747843742371,3.793565511703491,3.2602102756500244,3.722849997618187,3.3809356020586643,0.0,0,two_ankles,accepted,3.793565511703491,3.2602102756500244,0.10598634238551276
33,1.1,detected,3,2,0.9099146723747253,ankle_midpoint,805.9892578125,771.6136474609375,0.9670822620391846,0.9701083302497864,1.993929386138916,8.11467456817627,2.067786139207083,8.045672944781002,0.0,0,two_ankles,accepted,1.993929386138916,8.11467456817627,0.0775161772731285
33,1.1,detected,4,1,0.9112294316291809,ankle_midpoint,905.0737915039062,852.7506103515625,0.990978479385376,0.9928655624389648,2.6991937160491943,10.165938377380371,2.736397573875766,10.12659696657955,0.0,0,two_ankles,accepted,2.6991937160491943,10.165938377380371,0.03999859050986449
34,1.1333333333333333,detected,1,5,0.7189174890518188,ankle_midpoint,943.7266845703125,603.1666870117188,0.9842460751533508,0.9457684755325317,2.857703447341919,1.7332533597946167,2.8313086274860892,1.793835656818369,0.0,0,two_ankles,accepted,2.857703447341919,1.7332533597946167,0.025727788990582656
34,1.1333333333333333,detected,2,3,0.9130566716194153,ankle_midpoint,1069.38623046875,634.9810180664062,0.9861741065979004,0.9791368246078491,3.9175920486450195,3.204724073410034,3.810483920580262,3.301640414166781,0.0,0,two_ankles,accepted,3.9175920486450195,3.204724073410034,0.1358723684371675
34,1.1333333333333333,detected,3,2,0.9192745089530945,ankle_midpoint,794.17724609375,781.5814208984375,0.974618673324585,0.9778631925582886,1.9318903684616089,8.395960807800293,2.00663304237162,8.203302483139684,0.0,0,two_ankles,accepted,1.9318903684616089,8.395960807800293,0.2880465037388733
34,1.1333333333333333,detected,4,1,0.9118486046791077,ankle_midpoint,894.1614379882812,854.097412109375,0.9904248118400574,0.9940317273139954,2.6349005699157715,10.197993278503418,2.6907239220937686,10.158725306945291,0.0,0,two_ankles,accepted,2.6349005699157715,10.197993278503418,0.07184097247213443
35,1.1666666666666667,detected,1,5,0.7536318898200989,ankle_midpoint,942.7625732421875,599.1476440429688,0.9782335758209229,0.9311637878417969,2.847384452819824,1.530860424041748,2.8385427488862702,1.6754968020688898,0.0,0,two_ankles,accepted,2.847384452819824,1.530860424041748,0.20265582175356286
35,1.1666666666666667,detected,2,3,0.9148092865943909,ankle_midpoint,1073.60302734375,634.5733032226562,0.9878361821174622,0.980599045753479,3.9534037113189697,3.1856272220611572,3.8747978264126806,3.2494344777192503,0.0,0,two_ankles,accepted,3.9534037113189697,3.1856272220611572,0.04058527953475128
35,1.1666666666666667,detected,3,2,0.9198923707008362,ankle_midpoint,792.1373291015625,784.6513061523438,0.9707315564155579,0.9785473346710205,1.9235860109329224,8.480730056762695,1.9692618782242062,8.328144891270039,0.0,0,two_ankles,accepted,1.9235860109329224,8.480730056762695,0.08517504284480286
35,1.1666666666666667,detected,4,1,0.9197355508804321,ankle_midpoint,893.2535400390625,859.0150756835938,0.9829826951026917,0.9870298504829407,2.6323533058166504,10.309024810791016,2.6644571447690657,10.226360083675868,0.0,0,two_ankles,accepted,2.6323533058166504,10.309024810791016,0.11106074786585274
36,1.2,detected,1,5,0.7682286500930786,ankle_midpoint,943.1172485351562,601.3040771484375,0.9764386415481567,0.9388527274131775,2.851498603820801,1.639886736869812,2.844372883606809,1.659472272729305,0.0,0,two_ankles,accepted,2.851498603820801,1.639886736869812,0.10910390977110629
36,1.2,detected,2,3,0.9137914180755615,ankle_midpoint,1075.154541015625,633.9017333984375,0.988166332244873,0.9816508293151855,3.967437505722046,3.1553170680999756,3.9164856821018947,3.207081643390577,0.0,0,two_ankles,accepted,3.967437505722046,3.1553170680999756,0.033401389469576666
36,1.2,detected,3,2,0.9200341105461121,ankle_midpoint,791.72705078125,781.5289916992188,0.973401665687561,0.9776719212532043,1.9157158136367798,8.394886016845703,1.9451661491598644,8.358178397779088,0.0,0,two_ankles,accepted,1.9157158136367798,8.394886016845703,0.08620405555860094
36,1.2,detected,4,1,0.9200043678283691,ankle_midpoint,890.7313232421875,862.055419921875,0.9838659167289734,0.9877094030380249,2.619241952896118,10.377220153808594,2.6441103084262396,10.294247115235596,0.0,0,two_ankles,accepted,2.619241952896118,10.377220153808594,0.06944431139187637
37,1.2333333333333334,detected,1,5,0.8109880089759827,ankle_midpoint,946.045166015625,602.407470703125,0.9794638156890869,0.9651965498924255,2.8778984546661377,1.6946440935134888,2.859459390583507,1.6752995920821876,0.0,0,two_ankles,accepted,2.8778984546661377,1.6946440935134888,0.06078914566975627
37,1.2333333333333334,detected,2,3,0.9181053042411804,ankle_midpoint,1074.964599609375,632.975341796875,0.9818512201309204,0.9759781360626221,3.9673500061035156,3.1139073371887207,3.9393746279026245,3.165153205599742,0.0,0,two_ankles,accepted,3.9673500061035156,3.1139073371887207,0.041409823355404225
37,1.2333333333333334,detected,3,2,0.9174103736877441,ankle_midpoint,790.2359619140625,780.45849609375,0.9794294834136963,0.98395174741745,1.9041208028793335,8.365482330322266,1.9266957433336258,8.36146516742352,0.0,0,two_ankles,accepted,1.9041208028793335,8.365482330322266,0.031607294342190624
37,1.2333333333333334,detected,4,1,0.9263485074043274,ankle_midpoint,884.9594116210938,864.9732666015625,0.991361677646637,0.9939253926277161,2.5870859622955322,10.442594528198242,2.6184493526674215,10.361003451068786,0.0,0,two_ankles,accepted,2.5870859622955322,10.442594528198242,0.07285476345677674
38,1.2666666666666666,detected,1,5,0.8545783758163452,ankle_midpoint,949.3994140625,600.9417724609375,0.9802917838096619,0.9549709558486938,2.9070990085601807,1.6200608015060425,2.8808972186730104,1.6504421363229222,0.0,0,two_ankles,accepted,2.9070990085601807,1.6200608015060425,0.08009581633510522
38,1.2666666666666666,detected,2,3,0.9194655418395996,ankle_midpoint,1076.1910400390625,633.793701171875,0.984696626663208,0.9812245965003967,3.9762747287750244,3.1502578258514404,3.9559796732952046,3.1584502847130063,0.0,0,two_ankles,accepted,3.9762747287750244,3.1502578258514404,0.03743005077183116
38,1.2666666666666666,detected,3,2,0.9299495220184326,ankle_midpoint,787.9752197265625,782.9937744140625,0.9830159544944763,0.9877911806106567,1.8935730457305908,8.435853004455566,1.9117905294122601,8.394939694087942,0.0,0,two_ankles,accepted,1.8935730457305908,8.435853004455566,0.07115677732193934
38,1.2666666666666666,detected,4,1,0.9298118352890015,ankle_midpoint,879.491943359375,872.647705078125,0.9887248873710632,0.9913903474807739,2.5601041316986084,10.610991477966309,2.5921940032314557,10.473498063172672,0.0,0,two_ankles,accepted,2.5601041316986084,10.610991477966309,0.17054486762594112
39,1.3,detected,1,5,0.8491244912147522,ankle_midpoint,950.9365234375,600.2672729492188,0.9764243364334106,0.9532074928283691,2.9205353260040283,1.5855964422225952,2.8987343669719685,1.6212615739777752,0.0,0,two_ankles,accepted,2.9205353260040283,1.5855964422225952,0.036990900060290266
39,1.3,detected,2,3,0.9180189371109009,ankle_midpoint,1077.739990234375,632.691650390625,0.985837996006012,0.9838157296180725,3.9910519123077393,3.1005606651306152,3.9717621808508454,3.1323999559009303,0.0,0,two_ankles,accepted,3.9910519123077393,3.1005606651306152,0.05184759335659727
39,1.3,detected,3,2,0.9252323508262634,ankle_midpoint,785.3460083007812,783.631103515625,0.9841935038566589,0.9898573160171509,1.8774429559707642,8.453776359558105,1.8963341213635871,8.421416193549515,0.0,0,two_ankles,accepted,1.8774429559707642,8.453776359558105,0.024112786105960005
39,1.3,detected,4,1,0.9294639229774475,ankle_midpoint,878.6690673828125,873.470947265625,0.9889393448829651,0.9907875657081604,2.5558688640594482,10.628890037536621,2.5758476906040526,10.543424451636449,0.0,0,two_ankles,accepted,2.5558688640594482,10.628890037536621,0.01839282269439203
40,1.3333333333333333,detected,1,5,0.834962785243988,ankle_midpoint,951.19140625,599.105712890625,0.9787821173667908,0.976360023021698,2.9224472045898438,1.526628017425537,2.9094051439000124,1.578676473529268,0.0,0,two_ankles,accepted,2.9224472045898438,1.526628017425537,0.05899941019004509
40,1.3333333333333333,detected,2,3,0.9157555103302002,ankle_midpoint,1080.1787109375,630.1407470703125,0.9849143624305725,0.9838885068893433,4.015839576721191,2.9850125312805176,3.9915970089925015,3.0660756148217447,0.0,0,two_ankles,accepted,4.015839576721191,2.9850125312805176,0.1181769839829821
40,1.3333333333333333,detected,3,2,0.9218060970306396,ankle_midpoint,782.9471435546875,785.8067626953125,0.9852117300033569,0.991597592830658,1.8655169010162354,8.513715744018555,1.882466372207279,8.462950991260584,0.0,0,two_ankles,accepted,1.8655169010162354,8.513715744018555,0.06111432398608351
40,1.3333333333333333,detected,4,1,0.9349531531333923,ankle_midpoint,882.849609375,870.3323974609375,0.9905597567558289,0.9905699491500854,2.5781455039978027,10.560318946838379,2.5768817066312404,10.551026974477319,0.0,0,two_ankles,accepted,2.5781455039978027,10.560318946838379,0.07209884303156082
41,1.3666666666666667,detected,1,5,0.8547993302345276,ankle_midpoint,950.931640625,597.4058837890625,0.9754948616027832,0.9784923195838928,2.919605255126953,1.4400100708007812,2.913995193952136,1.5162765923014492,0.0,0,two_ankles,accepted,2.919605255126953,1.4400100708007812,0.08666455650517504
41,1.3666666666666667,detected,2,3,0.8988844156265259,ankle_midpoint,1085.477783203125,627.7501220703125,0.9805193543434143,0.9788660407066345,4.064750671386719,2.875046491622925,4.0245161570698995,2.980112509382276,0.0,0,two_ankles,accepted,4.064750671386719,2.875046491622925,0.12035291878203637
41,1.3666666666666667,detected,3,2,0.9138030409812927,ankle_midpoint,780.1189575195312,786.3489990234375,0.9843465089797974,0.9916753768920898,1.8480137586593628,8.52893352508545,1.8669626961107166,8.492643131481774,0.0,0,two_ankles,accepted,1.8480137586593628,8.52893352508545,0.023193551969564297
41,1.3666666666666667,detected,4,1,0.9346086382865906,ankle_midpoint,900.052734375,864.0604248046875,0.9946019649505615,0.9952104687690735,2.6752023696899414,10.420492172241211,2.621126005007656,10.492286313471071,0.0,0,two_ankles,accepted,2.6752023696899414,10.420492172241211,0.1702103465487015
42,1.4,detected,1,5,0.83767169713974,ankle_midpoint,951.6735229492188,599.507568359375,0.9795576930046082,0.9809625148773193,2.92686128616333,1.5469169616699219,2.9197849354471734,1.530064758517262,0.0,0,two_ankles,accepted,2.92686128616333,1.5469169616699219,0.10715285018004518
42,1.4,detected,2,3,0.8850702047348022,ankle_midpoint,1087.7001953125,624.3671875,0.9798889756202698,0.9782254695892334,4.089836120605469,2.7189748287200928,4.053910140660906,2.8626005530842935,0.0,0,two_ankles,accepted,4.089836120605469,2.7189748287200928,0.15807480420282582
42,1.4,detected,3,2,0.9143872857093811,ankle_midpoint,777.163818359375,787.315673828125,0.9852750301361084,0.9932959675788879,1.830465316772461,8.555688858032227,1.8505388754085015,8.521013708429479,0.0,0,two_ankles,accepted,1.830465316772461,8.555688858032227,0.03199680693054981
42,1.4,detected,4,1,0.9274675250053406,ankle_midpoint,907.3165283203125,860.086669921875,0.9958611130714417,0.9961380362510681,2.716038227081299,10.331191062927246,2.6638365049407953,10.419793450726349,0.0,0,two_ankles,accepted,2.716038227081299,10.331191062927246,0.09819498649927082
43,1.4333333333333333,detected,1,5,0.8466591835021973,ankle_midpoint,951.2035522460938,598.5467529296875,0.9796614646911621,0.982636570930481,2.9223849773406982,1.498184084892273,2.9209549542992597,1.515718455386017,0.0,0,two_ankles,accepted,2.9223849773406982,1.498184084892273,0.048938028359355526
43,1.4333333333333333,detected,2,3,0.8846544027328491,ankle_midpoint,1089.444091796875,617.2574462890625,0.9773905873298645,0.9719958305358887,4.118372917175293,2.3851730823516846,4.08314367286158,2.750949699143151,0.0,0,two_ankles,corrected_motion_outlier,4.118873545551293,2.6144875443261975,0.33501933472124656
43,1.4333333333333333,detected,3,2,0.915267825126648,ankle_midpoint,777.7850341796875,788.3544921875,0.9883555173873901,0.9938890933990479,1.836346983909607,8.58378791809082,1.8441525242339991,8.549262102777083,0.0,0,two_ankles,accepted,1.836346983909607,8.58378791809082,0.02870803344864712
43,1.4333333333333333,detected,4,1,0.9216161966323853,ankle_midpoint,920.5174560546875,855.099853515625,0.995640754699707,0.9952794313430786,2.79217529296875,10.217278480529785,2.721588959553375,10.328661714137898,0.0,0,two_ankles,accepted,2.79217529296875,10.217278480529785,0.13701433950652175
44,1.4666666666666666,detected,1,5,0.8432961106300354,ankle_midpoint,948.5658569335938,593.3043823242188,0.9728147387504578,0.976610004901886,2.8970019817352295,1.229068636894226,2.910176116645446,1.3867260370647112,0.0,0,two_ankles,accepted,2.8970019817352295,1.229068636894226,0.27030986074706326
44,1.4666666666666666,detected,2,3,0.8493916988372803,ankle_midpoint,1101.083984375,613.6197509765625,0.9558353424072266,0.9525822401046753,4.226547718048096,2.2083420753479004,4.147675493195512,2.506776268435288,0.0,0,two_ankles,accepted,4.226547718048096,2.2083420753479004,0.2643084702065851
44,1.4666666666666666,detected,3,2,0.9141547083854675,ankle_midpoint,777.5234375,793.13623046875,0.9878513216972351,0.988341748714447,1.843043327331543,8.712533950805664,1.8436533856278938,8.622734434389946,0.0,0,two_ankles,accepted,1.843043327331543,8.712533950805664,0.12892006032823644
44,1.4666666666666666,detected,4,1,0.9235076904296875,ankle_midpoint,942.279541015625,848.55908203125,0.9850893616676331,0.9879950881004333,2.920233726501465,10.065006256103516,2.8109791046800154,10.210016758022427,0.0,0,two_ankles,accepted,2.920233726501465,10.065006256103516,0.19896178711143742
45,1.5,detected,1,5,0.8250879645347595,ankle_midpoint,944.1790771484375,594.2791137695312,0.9590586423873901,0.9642900824546814,2.8579046726226807,1.2807599306106567,2.886653966835202,1.3390412891603867,0.0,0,two_ankles,accepted,2.8579046726226807,1.2807599306106567,0.064811954344245
45,1.5,detected,2,3,0.8578301072120667,ankle_midpoint,1107.40869140625,610.5230712890625,0.9486603736877441,0.943840503692627,4.2885332107543945,2.0567233562469482,4.21106146609701,2.3042524579505352,0.0,0,two_ankles,accepted,4.2885332107543945,2.0567233562469482,0.16379999172117213
45,1.5,detected,3,2,0.9133297801017761,ankle_midpoint,776.9344482421875,797.0864868164062,0.9910725951194763,0.9914153218269348,1.8461127281188965,8.817643165588379,1.8447600897488452,8.710443363429242,0.0,0,two_ankles,accepted,1.8461127281188965,8.817643165588379,0.1051540215751746
45,1.5,detected,4,1,0.9316458106040955,ankle_midpoint,949.1387329101562,851.6603393554688,0.9959709048271179,0.9952929615974426,2.961853504180908,10.135274887084961,2.8788725844554173,10.176382916100568,0.0,0,two_ankles,accepted,2.961853504180908,10.135274887084961,0.08166937243601684
46,1.5333333333333334,detected,1,5,0.7900605797767639,ankle_midpoint,939.2880249023438,592.0711669921875,0.9676427245140076,0.9730658531188965,2.8127713203430176,1.1671631336212158,2.8534067759137196,1.2616961191677598,0.0,0,two_ankles,accepted,2.8127713203430176,1.1671631336212158,0.1222344132160024
46,1.5333333333333334,detected,2,3,0.8221319913864136,ankle_midpoint,1112.195068359375,608.2820434570312,0.9821272492408752,0.9814292788505554,4.335687160491943,1.945820689201355,4.26714302857473,2.142958162013404,0.0,0,two_ankles,accepted,4.335687160491943,1.945820689201355,0.12051098096720066
46,1.5333333333333334,detected,3,2,0.9134926795959473,ankle_midpoint,776.741455078125,803.296630859375,0.992523729801178,0.9917382597923279,1.8555362224578857,8.980443000793457,1.8496093494679133,8.831943200243138,0.0,0,two_ankles,accepted,1.8555362224578857,8.980443000793457,0.16307234157991832
46,1.5333333333333334,detected,4,1,0.9293038249015808,ankle_midpoint,967.56396484375,856.0833740234375,0.982466459274292,0.9781721830368042,3.0719785690307617,10.233393669128418,2.9657702775143227,10.2020377549631,0.0,0,two_ankles,accepted,3.0719785690307617,10.233393669128418,0.14749517042220694
47,1.5666666666666667,detected,1,5,0.779676079750061,ankle_midpoint,928.5035400390625,589.8310546875,0.9732090830802917,0.9803890585899353,2.713775634765625,1.0523991584777832,2.790572762397077,1.1675124868572704,0.0,0,two_ankles,accepted,2.713775634765625,1.0523991584777832,0.1515615906279041
47,1.5666666666666667,detected,2,3,0.8350702524185181,ankle_midpoint,1122.29443359375,610.023681640625,0.9857432246208191,0.9859743714332581,4.419790744781494,2.028757333755493,4.335834500867774,2.0915677892973443,0.0,0,two_ankles,accepted,4.419790744781494,2.028757333755493,0.11811816075544451
47,1.5666666666666667,detected,3,2,0.9193578362464905,ankle_midpoint,774.1939086914062,808.4133911132812,0.9927954077720642,0.9897289276123047,1.848080039024353,9.112823486328125,1.8489211597683113,8.958339328981383,0.0,0,two_ankles,accepted,1.848080039024353,9.112823486328125,0.13259029987819215
47,1.5666666666666667,detected,4,1,0.9238475561141968,ankle_midpoint,984.0941162109375,856.4473876953125,0.9778861999511719,0.974310040473938,3.1701438426971436,10.23946475982666,3.057738381846592,10.218879907151702,0.0,0,two_ankles,accepted,3.1701438426971436,10.23946475982666,0.09835282963017343
48,1.6,detected,1,5,0.7895676493644714,ankle_midpoint,922.7974243164062,589.32568359375,0.9766246676445007,0.9836626052856445,2.661609411239624,1.0272116661071777,2.7325392543762232,1.1043771175197288,0.0,0,two_ankles,accepted,2.661609411239624,1.0272116661071777,0.05792861683903739
48,1.6,detected,2,3,0.8685386776924133,ankle_midpoint,1128.2515869140625,611.5341796875,0.9624751210212708,0.9642994999885559,4.46786642074585,2.100923538208008,4.395248864812908,2.095777876307143,0.0,0,two_ankles,accepted,4.46786642074585,2.100923538208008,0.08671350347271094
48,1.6,detected,3,2,0.9161094427108765,ankle_midpoint,773.2972412109375,811.0206909179688,0.992790699005127,0.9892016649246216,1.8468499183654785,9.17950439453125,1.8479891011370366,9.057863608478824,0.0,0,two_ankles,accepted,1.8468499183654785,9.17950439453125,0.0666922537902939
48,1.6,detected,4,1,0.9229729175567627,ankle_midpoint,992.6065673828125,857.13232421875,0.9969910383224487,0.9961825013160706,3.220573663711548,10.253812789916992,3.1310142586858225,10.234599704396084,0.0,0,two_ankles,accepted,3.220573663711548,10.253812789916992,0.052431219850561615
49,1.6333333333333333,detected,1,5,0.8059388399124146,ankle_midpoint,917.8511962890625,593.2103881835938,0.9745829701423645,0.9814830422401428,2.6202454566955566,1.2319849729537964,2.6820070454199234,1.1618006524650593,0.0,0,two_ankles,accepted,2.6202454566955566,1.2319849729537964,0.20890927201161538
49,1.6333333333333333,detected,2,3,0.8630352020263672,ankle_midpoint,1131.19384765625,616.431396484375,0.9918973445892334,0.9903063774108887,4.480469703674316,2.335981607437134,4.433598242300542,2.203869555315639,0.0,0,two_ankles,accepted,4.480469703674316,2.335981607437134,0.23539570652477831
49,1.6333333333333333,detected,3,2,0.9150973558425903,ankle_midpoint,772.8326416015625,811.2144775390625,0.9889306426048279,0.9859105348587036,1.8442528247833252,9.184497833251953,1.8463077767778664,9.114849009626733,0.0,0,two_ankles,accepted,1.8442528247833252,9.184497833251953,0.005628438978249584
49,1.6333333333333333,detected,4,1,0.9127821922302246,ankle_midpoint,1006.474365234375,859.3219604492188,0.9961940050125122,0.9966171383857727,3.302236318588257,10.30124568939209,3.208064185641918,10.264590397644287,0.0,0,two_ankles,accepted,3.302236318588257,10.30124568939209,0.09443870580502044
50,1.6666666666666667,detected,1,5,0.8065205216407776,ankle_midpoint,918.8973999023438,596.093994140625,0.961104691028595,0.9684120416641235,2.6322054862976074,1.3807801008224487,2.659596343814881,1.2603414042258847,0.0,0,two_ankles,accepted,2.6322054862976074,1.3807801008224487,0.14927502264454873
50,1.6666666666666667,detected,2,3,0.8569434881210327,ankle_midpoint,1133.5980224609375,618.2894287109375,0.9908705353736877,0.990318775177002,4.496274948120117,2.423732280731201,4.461802759919351,2.302807781752642,0.0,0,two_ankles,accepted,4.496274948120117,2.423732280731201,0.08916269632281018
50,1.6666666666666667,detected,3,2,0.9148876667022705,ankle_midpoint,772.9208984375,811.91650390625,0.988745391368866,0.9871389269828796,1.8459997177124023,9.202313423156738,1.8461691501984077,9.154207995715236,0.0,0,two_ankles,accepted,1.8459997177124023,9.202313423156738,0.017901030097766512
50,1.6666666666666667,detected,4,1,0.9221991896629333,ankle_midpoint,1021.09521484375,861.102294921875,0.9924982190132141,0.98713219165802,3.388054609298706,10.339186668395996,3.2890598762874728,10.298158719482558,0.0,0,two_ankles,accepted,3.388054609298706,10.339186668395996,0.0938312149992636
51,1.7,detected,1,5,0.8512061834335327,ankle_midpoint,918.6236572265625,594.7852783203125,0.9820809960365295,0.9847352504730225,2.6285998821258545,1.3134074211120605,2.6456479360548193,1.2842211118246638,0.0,0,two_ankles,accepted,2.6285998821258545,1.3134074211120605,0.06746909183323808
51,1.7,detected,2,3,0.8644593358039856,ankle_midpoint,1134.364501953125,618.2134399414062,0.9896017909049988,0.9888544082641602,4.503074645996094,2.419951915740967,4.480375108653885,2.3555226420473883,0.0,0,two_ankles,accepted,4.503074645996094,2.419951915740967,0.007779913281261554
51,1.7,detected,3,2,0.9131866097450256,ankle_midpoint,772.5673217773438,813.2801513671875,0.9915084838867188,0.9890011548995972,1.8460867404937744,9.236895561218262,1.846132065831323,9.191417400191598,0.0,0,two_ankles,accepted,1.8460867404937744,9.236895561218262,0.03458224755377744
51,1.7,detected,4,1,0.9247636795043945,ankle_midpoint,1026.4078369140625,861.266357421875,0.9969425797462463,0.9948914051055908,3.419354200363159,10.3421630859375,3.3476923221215316,10.317960684387282,0.0,0,two_ankles,accepted,3.419354200363159,10.3421630859375,0.03144079296365418
52,1.7333333333333334,detected,1,5,0.8449951410293579,ankle_midpoint,919.973388671875,597.1502685546875,0.9422575235366821,0.9582223296165466,2.642745018005371,1.4346917867660522,2.6443416229325676,1.3519329155482889,0.0,0,two_ankles,accepted,2.642745018005371,1.4346917867660522,0.12210643808227784
52,1.7333333333333334,detected,2,3,0.866126298904419,ankle_midpoint,1136.0181884765625,617.961669921875,0.9895076155662537,0.9883905649185181,4.517989635467529,2.4076273441314697,4.497301645720025,2.3789697579852254,0.0,0,two_ankles,accepted,4.517989635467529,2.4076273441314697,0.01934817759611107
52,1.7333333333333334,detected,3,2,0.9087100625038147,ankle_midpoint,769.6983642578125,815.586181640625,0.9907412528991699,0.9887584447860718,1.8320181369781494,9.295405387878418,1.839780797847395,9.238211994650667,0.0,0,two_ankles,accepted,1.8320181369781494,9.295405387878418,0.060177449436490636
52,1.7333333333333334,detected,4,1,0.9247022271156311,ankle_midpoint,1036.5196533203125,862.858642578125,0.9900798797607422,0.9892338514328003,3.4782376289367676,10.376321792602539,3.406437710188388,10.344223183084148,0.0,0,two_ankles,accepted,3.4782376289367676,10.376321792602539,0.06807404352329474
53,1.7666666666666666,detected,1,5,0.7191025614738464,ankle_midpoint,916.6309814453125,597.3347778320312,0.9466730356216431,0.9781349897384644,2.613036870956421,1.4449713230133057,2.630254484543302,1.3938001989075466,0.0,0,two_ankles,accepted,2.613036870956421,1.4449713230133057,0.031436330360597835
53,1.7666666666666666,detected,2,3,0.883703887462616,ankle_midpoint,1140.86962890625,618.7576904296875,0.983871579170227,0.9828011989593506,4.557561874389648,2.444185256958008,4.524418748621356,2.4083167325229775,0.0,0,two_ankles,accepted,4.557561874389648,2.444185256958008,0.05387432675720449
53,1.7666666666666666,detected,3,2,0.9107338190078735,ankle_midpoint,765.951904296875,816.510009765625,0.9917455315589905,0.991381824016571,1.8101719617843628,9.319107055664062,1.8264568216190304,9.274614772106695,0.0,0,two_ankles,accepted,1.8101719617843628,9.319107055664062,0.03223390181809639
53,1.7666666666666666,detected,4,1,0.9203867316246033,ankle_midpoint,1044.6044921875,863.6193237304688,0.9915715456008911,0.9865022897720337,3.5254414081573486,10.39217472076416,3.4599893742744205,10.365801375040153,0.0,0,two_ankles,accepted,3.5254414081573486,10.39217472076416,0.049794699557311105
54,1.8,detected,1,5,0.7939065098762512,ankle_midpoint,915.96875,599.1618041992188,0.9545988440513611,0.9676011800765991,2.6087968349456787,1.5382578372955322,2.6205985422243714,1.4588061361821403,0.0,0,two_ankles,accepted,2.6087968349456787,1.5382578372955322,0.09338282311164324
54,1.8,detected,2,3,0.8656637668609619,ankle_midpoint,1140.129638671875,617.868896484375,0.9875141978263855,0.9867826700210571,4.553655624389648,2.4022579193115234,4.537575342717088,2.405590266577823,0.0,0,two_ankles,accepted,4.553655624389648,2.4022579193115234,0.042108911541202367
54,1.8,detected,3,2,0.9111537337303162,ankle_midpoint,764.80322265625,817.4950561523438,0.9909313917160034,0.991242527961731,1.8047062158584595,9.343913078308105,1.8166690490267738,9.305799009897331,0.0,0,two_ankles,accepted,1.8047062158584595,9.343913078308105,0.025401046000968173
54,1.8,detected,4,1,0.9234407544136047,ankle_midpoint,1050.25390625,863.4047241210938,0.987667441368103,0.9756194353103638,3.5588324069976807,10.386686325073242,3.5044687389998876,10.375199602555043,0.0,0,two_ankles,accepted,3.5588324069976807,10.386686325073242,0.03383904979184761
55,1.8333333333333333,detected,1,5,0.8107259273529053,ankle_midpoint,910.9124755859375,597.5074462890625,0.946069598197937,0.9622065424919128,2.562117338180542,1.4552329778671265,2.5942820004046485,1.4571982149403842,0.0,0,two_ankles,accepted,2.562117338180542,1.4552329778671265,0.09524758632822643
55,1.8333333333333333,detected,2,3,0.8872588276863098,ankle_midpoint,1138.7615966796875,614.84130859375,0.9699757099151611,0.9698811769485474,4.550236701965332,2.2581090927124023,4.543272954378798,2.339223738338384,0.0,0,two_ankles,accepted,4.550236701965332,2.2581090927124023,0.1441893659062518
55,1.8333333333333333,detected,3,2,0.9131861925125122,ankle_midpoint,765.5787353515625,820.18212890625,0.9897812604904175,0.9893515706062317,1.8141841888427734,9.41069221496582,1.8155508619439737,9.353000952178153,0.0,0,two_ankles,accepted,1.8141841888427734,9.41069221496582,0.06744838815450774
55,1.8333333333333333,detected,4,1,0.9193837642669678,ankle_midpoint,1060.5185546875,858.5569458007812,0.9891253709793091,0.9753667116165161,3.622667074203491,10.277064323425293,3.5576579898415095,10.331038726946655,0.0,0,two_ankles,accepted,3.622667074203491,10.277064323425293,0.12685364788834244
56,1.8666666666666667,detected,1,5,0.8491063117980957,ankle_midpoint,903.236083984375,596.8165283203125,0.9702726006507874,0.9788072109222412,2.4927685260772705,1.4217987060546875,2.5486009369573286,1.4412684359418209,0.0,0,two_ankles,accepted,2.4927685260772705,1.4217987060546875,0.07698771507041174
56,1.8666666666666667,detected,2,3,0.9042618274688721,ankle_midpoint,1134.23828125,614.1675415039062,0.9760589599609375,0.976037859916687,4.512876033782959,2.226811170578003,4.5295943401106715,2.2886380828462127,0.0,0,two_ankles,accepted,4.512876033782959,2.226811170578003,0.04873786471486323
56,1.8666666666666667,detected,3,2,0.9128388166427612,ankle_midpoint,766.1329345703125,822.5274658203125,0.9893894791603088,0.9913928508758545,1.8216396570205688,9.468599319458008,1.8182908197284418,9.405020217454087,0.0,0,two_ankles,accepted,1.8216396570205688,9.468599319458008,0.058385073061693105
56,1.8666666666666667,detected,4,1,0.92396080493927,ankle_midpoint,1073.04638671875,849.175537109375,0.9964098334312439,0.9875357747077942,3.7044992446899414,10.061915397644043,3.623736554523304,10.20993322876048,0.0,0,two_ankles,accepted,3.7044992446899414,10.061915397644043,0.23018593439076435
57,1.9,detected,1,5,0.8176020979881287,ankle_midpoint,895.5081176757812,594.5808715820312,0.9760777950286865,0.9845619797706604,2.420788049697876,1.3086878061294556,2.4910851376905754,1.3816071525262565,0.0,0,two_ankles,accepted,2.420788049697876,1.3086878061294556,0.1340718637958778
57,1.9,detected,2,3,0.8871658444404602,ankle_midpoint,1130.7481689453125,615.3935546875,0.9770503044128418,0.9826462268829346,4.4793572425842285,2.286486864089966,4.506987646223773,2.2876700344059016,0.0,0,two_ankles,accepted,4.4793572425842285,2.286486864089966,0.06844485195803861
57,1.9,detected,3,2,0.9131888151168823,ankle_midpoint,767.51171875,823.5238647460938,0.9904554486274719,0.9926149845123291,1.8318722248077393,9.49293041229248,1.8244024520141258,9.444579805131365,0.0,0,two_ankles,accepted,1.8318722248077393,9.49293041229248,0.026395217787295564
57,1.9,detected,4,1,0.9245008230209351,ankle_midpoint,1075.827880859375,845.7347412109375,0.9973969459533691,0.9902244210243225,3.7240920066833496,9.981910705566406,3.6688965079953246,10.107323093323147,0.0,0,two_ankles,accepted,3.7240920066833496,9.981910705566406,0.08236884773364143
58,1.9333333333333333,detected,1,5,0.5740571618080139,ankle_midpoint,885.7451171875,593.1318359375,0.9700524210929871,0.9912168979644775,2.3309850692749023,1.2360572814941406,2.4190401069035223,1.3161097105618045,0.0,0,two_ankles,accepted,2.3309850692749023,1.2360572814941406,0.1154979151398417
58,1.9333333333333333,detected,2,3,0.8714404702186584,ankle_midpoint,1116.314697265625,613.7677001953125,0.945226788520813,0.9526571035385132,4.358394145965576,2.211836099624634,4.440120571107585,2.253544763754331,0.0,0,two_ankles,accepted,4.358394145965576,2.211836099624634,0.1421436153291167
58,1.9333333333333333,detected,3,2,0.9188740849494934,ankle_midpoint,769.7349243164062,826.809814453125,0.9911989569664001,0.9917505383491516,1.8510981798171997,9.573030471801758,1.8364155295255091,9.502382605133043,0.0,0,two_ankles,accepted,1.8510981798171997,9.573030471801758,0.08237509866103694
58,1.9333333333333333,detected,4,1,0.9266828894615173,ankle_midpoint,1077.149658203125,844.3204345703125,0.9906300902366638,0.9743804335594177,3.7332746982574463,9.948790550231934,3.697866693613279,10.035983448932102,0.0,0,two_ankles,accepted,3.7332746982574463,9.948790550231934,0.0343695579535813
59,1.9666666666666666,detected,1,5,0.8108842968940735,ankle_midpoint,873.942138671875,595.6116943359375,0.9796168804168701,0.9890339374542236,2.228849172592163,1.3672946691513062,2.3334541864634106,1.3391429419270802,0.0,0,two_ankles,accepted,2.228849172592163,1.3672946691513062,0.1662979053093103
59,1.9666666666666666,detected,2,3,0.8757221102714539,ankle_midpoint,1103.12890625,613.501220703125,0.9881438612937927,0.9898786544799805,4.244557857513428,2.202141046524048,4.352117349990214,2.230413091000704,0.0,0,two_ankles,accepted,4.244557857513428,2.202141046524048,0.11424839002447222
59,1.9666666666666666,detected,3,2,0.9195988178253174,ankle_midpoint,770.52490234375,828.9678955078125,0.9895868301391602,0.9898934960365295,1.8595136404037476,9.625345230102539,1.8468096794207165,9.557715786369318,0.0,0,two_ankles,accepted,1.8595136404037476,9.625345230102539,0.05298729954388033
59,1.9666666666666666,detected,4,1,0.9194509387016296,ankle_midpoint,1075.597412109375,841.5032348632812,0.9935941100120544,0.9888589382171631,3.7263031005859375,9.883010864257812,3.7106630767509756,9.967145785828674,0.0,0,two_ankles,accepted,3.7263031005859375,9.883010864257812,0.0661480934037208
60,2.0,detected,1,5,0.8234149217605591,ankle_midpoint,872.7490234375,598.8301391601562,0.991434633731842,0.9953768253326416,2.223548650741577,1.5321813821792603,2.2839966953885855,1.4260102400405612,0.0,0,two_ankles,accepted,2.223548650741577,1.5321813821792603,0.16497188749920827
60,2.0,detected,2,3,0.8517324328422546,ankle_midpoint,1092.9698486328125,616.1023559570312,0.9749592542648315,0.9832995533943176,4.151088714599609,2.329329013824463,4.261654464064442,2.2749252562713957,0.0,0,two_ankles,accepted,4.151088714599609,2.329329013824463,0.1578393477655532
60,2.0,detected,3,2,0.9253746271133423,ankle_midpoint,770.59619140625,830.88671875,0.9900396466255188,0.9905205965042114,1.8630858659744263,9.67169189453125,1.8541339633698861,9.609005035042188,0.0,0,two_ankles,accepted,1.8630858659744263,9.67169189453125,0.046484127389845135
60,2.0,detected,4,1,0.9157953262329102,ankle_midpoint,1073.84130859375,839.9058837890625,0.9938165545463562,0.9900103211402893,3.7170069217681885,9.845613479614258,3.7135178070087216,9.912456248032186,0.0,0,two_ankles,accepted,3.7170069217681885,9.845613479614258,0.03853548129697546
61,2.033333333333333,detected,1,5,0.774081289768219,ankle_midpoint,867.3801879882812,604.8795776367188,0.9678515195846558,0.9850308299064636,2.186251401901245,1.8373416662216187,2.233225647300091,1.503016058299392,0.0,0,two_ankles,corrected_motion_outlier,2.1711721440808196,1.5971342806157407,0.3074311040344983
61,2.033333333333333,detected,2,3,0.6146146655082703,ankle_midpoint,1080.18701171875,613.7774658203125,0.9550398588180542,0.979093074798584,4.044910430908203,2.2209224700927734,4.164119649144134,2.250624002491016,0.0,0,two_ankles,accepted,4.044910430908203,2.2209224700927734,0.15174256703872993
61,2.033333333333333,detected,3,2,0.9292024374008179,ankle_midpoint,770.6121826171875,832.2640380859375,0.9920778870582581,0.9916764497756958,1.8654234409332275,9.704818725585938,1.8592142282733897,9.652121195786876,0.0,0,two_ankles,accepted,1.8654234409332275,9.704818725585938,0.03320920342937817
61,2.033333333333333,detected,4,1,0.9194905757904053,ankle_midpoint,1067.1490478515625,837.0222778320312,0.990088939666748,0.9873998165130615,3.6786530017852783,9.778179168701172,3.6978286446581725,9.85203156233323,0.0,0,two_ankles,accepted,3.6786530017852783,9.778179168701172,0.07757840850635063
62,2.066666666666667,detected,1,5,0.8090611100196838,ankle_midpoint,861.9056396484375,611.1827392578125,0.9656862020492554,0.9790025949478149,2.1493427753448486,2.147792100906372,2.181732142854078,1.5745980626381653,0.0,0,two_ankles,corrected_motion_outlier,2.1187956374200625,1.6620871790522211,0.3100334937370098
62,2.066666666666667,detected,2,3,0.7610180377960205,ankle_midpoint,1077.04443359375,615.326171875,0.9498258233070374,0.9637870788574219,4.014908313751221,2.296006917953491,4.096974548217323,2.27104631444913,0.0,0,two_ankles,accepted,4.014908313751221,2.296006917953491,0.08085667161372737
62,2.066666666666667,detected,3,2,0.9348716735839844,ankle_midpoint,773.6524658203125,831.6436767578125,0.9927041530609131,0.9923075437545776,1.8830374479293823,9.689496040344238,1.8699346771185863,9.66893987583769,0.0,0,two_ankles,accepted,1.8830374479293823,9.689496040344238,0.02334604732019484
62,2.066666666666667,detected,4,1,0.9196721911430359,ankle_midpoint,1060.4161376953125,830.9299926757812,0.9900906085968018,0.9899609088897705,3.6421685218811035,9.632988929748535,3.672781589408492,9.753462377670118,0.0,0,two_ankles,accepted,3.6421685218811035,9.632988929748535,0.14970411738159337
63,2.1,detected,1,5,0.8219018578529358,ankle_midpoint,859.4803466796875,613.7059326171875,0.9647337794303894,0.9780445694923401,2.1327922344207764,2.2700440883636475,2.1597091840590923,1.8875487742146322,0.0,0,two_ankles,accepted,2.1327922344207764,2.2700440883636475,0.2478077436421545
63,2.1,detected,2,3,0.8639532923698425,ankle_midpoint,1074.2666015625,620.54345703125,0.9426090717315674,0.9483022689819336,3.9819982051849365,2.543910026550293,4.04523519385275,2.3938349848946534,0.0,0,two_ankles,accepted,3.9819982051849365,2.543910026550293,0.250078040814867
63,2.1,detected,3,2,0.934596061706543,ankle_midpoint,775.34619140625,833.99658203125,0.9888962507247925,0.9881935715675354,1.8971338272094727,9.745674133300781,1.8821742946594853,9.703470291696082,0.0,0,two_ankles,accepted,1.8971338272094727,9.745674133300781,0.05791965156181572
63,2.1,detected,4,1,0.9159930944442749,ankle_midpoint,1056.2657470703125,826.9031982421875,0.990210771560669,0.9925642609596252,3.6195783615112305,9.535677909851074,3.6488401368547243,9.65545936715155,0.0,0,two_ankles,accepted,3.6195783615112305,9.535677909851074,0.09989869838501711
64,2.1333333333333333,detected,1,5,0.8368693590164185,ankle_midpoint,858.099609375,617.768310546875,0.9639208316802979,0.9743701815605164,2.128148078918457,2.4638397693634033,2.1455066867458066,2.1468797220315796,0.0,0,two_ankles,accepted,2.128148078918457,2.4638397693634033,0.19385131971304415
64,2.1333333333333333,detected,2,3,0.8452874422073364,ankle_midpoint,1081.5673828125,620.6387939453125,0.9030790328979492,0.913838803768158,4.044354438781738,2.5466790199279785,4.044838854070795,2.46261480065965,0.0,0,two_ankles,accepted,4.044354438781738,2.5466790199279785,0.06241768333336775
64,2.1333333333333333,detected,3,2,0.9323855042457581,ankle_midpoint,781.884521484375,838.5520629882812,0.9915068745613098,0.989264965057373,1.9439570903778076,9.853006362915039,1.9099765527327306,9.770761523744614,0.0,0,two_ankles,accepted,1.9439570903778076,9.853006362915039,0.11710092009757615
64,2.1333333333333333,detected,4,1,0.9204682111740112,ankle_midpoint,1051.7435302734375,820.847900390625,0.9832385778427124,0.9896173477172852,3.595852851867676,9.387104988098145,3.6249958586105526,9.534699896577518,0.0,0,two_ankles,accepted,3.595852851867676,9.387104988098145,0.15045535180261477
65,2.1666666666666665,detected,1,5,0.7928175330162048,ankle_midpoint,857.0308227539062,617.665283203125,0.9263218641281128,0.9436328411102295,2.1187853813171387,2.4592208862304688,2.133482099302906,2.28743324592108,0.0,0,two_ankles,accepted,2.1187853813171387,2.4592208862304688,0.010440028149839445
65,2.1666666666666665,detected,2,3,0.854336678981781,ankle_midpoint,1071.5572509765625,625.4591064453125,0.9497219324111938,0.9804973602294922,3.950791597366333,2.7731130123138428,4.002517588553787,2.602338995904037,0.0,0,two_ankles,accepted,3.950791597366333,2.7731130123138428,0.24500277182416919
65,2.1666666666666665,detected,3,2,0.9273532032966614,ankle_midpoint,790.6000366210938,839.5123291015625,0.9955635070800781,0.9946286082267761,1.998233675956726,9.874479293823242,1.9496922581835285,9.817434520279997,0.0,0,two_ankles,accepted,1.998233675956726,9.874479293823242,0.05836980815365187
65,2.1666666666666665,detected,4,1,0.9093893766403198,ankle_midpoint,1047.8900146484375,814.6773681640625,0.983842134475708,0.9901803731918335,3.5760133266448975,9.233065605163574,3.602953719226008,9.398964465441244,0.0,0,two_ankles,accepted,3.5760133266448975,9.233065605163574,0.15531174538948575
66,2.2,detected,1,5,0.6997231245040894,ankle_midpoint,850.627197265625,618.7550048828125,0.9315837621688843,0.9421737194061279,2.0658633708953857,2.5121359825134277,2.1030536715195223,2.3885494773876363,0.0,0,two_ankles,accepted,2.0658633708953857,2.5121359825134277,0.07483813601176172
66,2.2,detected,2,3,0.8623417615890503,ankle_midpoint,1075.314453125,625.7662353515625,0.9284985065460205,0.9484343528747559,3.9821624755859375,2.7863926887512207,3.993357787718255,2.68516315768527,0.0,0,two_ankles,accepted,3.9821624755859375,2.7863926887512207,0.03406584516125655
66,2.2,detected,3,2,0.9255686402320862,ankle_midpoint,795.16796875,841.417724609375,0.9924365878105164,0.9902825355529785,2.0285770893096924,9.918636322021484,1.9851904321903024,9.862975331063666,0.0,0,two_ankles,accepted,2.0285770893096924,9.918636322021484,0.053577662073006974
66,2.2,detected,4,1,0.9078104496002197,ankle_midpoint,1049.61865234375,811.2086181640625,0.9866377115249634,0.9908396601676941,3.5892982482910156,9.144767761230469,3.5968087573052614,9.284575948546395,0.0,0,two_ankles,accepted,3.5892982482910156,9.144767761230469,0.08929164790941284
67,2.2333333333333334,detected,1,5,0.6529971957206726,ankle_midpoint,847.7333984375,615.682373046875,0.8340424299240112,0.8455069065093994,2.0350570678710938,2.367318868637085,2.0724551998777296,2.3789957034498883,0.0,0,two_ankles,accepted,2.0350570678710938,2.367318868637085,0.14805750496850248
67,2.2333333333333334,detected,2,3,0.8538836240768433,ankle_midpoint,1075.5357666015625,623.3507080078125,0.8613625168800354,0.8992220759391785,3.9881012439727783,2.674666166305542,3.990992343032791,2.6804395115643924,0.0,0,two_ankles,accepted,3.9881012439727783,2.674666166305542,0.11188424727260442
67,2.2333333333333334,detected,3,2,0.9268839955329895,ankle_midpoint,808.1304931640625,839.4866943359375,0.9948602318763733,0.9937019348144531,2.104480743408203,9.871516227722168,2.038871072238358,9.866818734559992,0.0,0,two_ankles,accepted,2.104480743408203,9.871516227722168,0.08934018128637773
67,2.2333333333333334,detected,4,1,0.9172900319099426,ankle_midpoint,1048.029296875,805.9545288085938,0.9854534864425659,0.9900773763656616,3.5829102993011475,9.01001262664795,3.59055445120341,9.161022453692095,0.0,0,two_ankles,accepted,3.5829102993011475,9.01001262664795,0.13490645717922514
68,2.2666666666666666,detected,1,5,0.7572797536849976,ankle_midpoint,851.3255615234375,615.08544921875,0.8331795334815979,0.8360700607299805,2.0648796558380127,2.3380072116851807,2.0690462050598573,2.36055088215577,0.0,0,two_ankles,accepted,2.0648796558380127,2.3380072116851807,0.041815786328977936
68,2.2666666666666666,detected,2,3,0.872249186038971,ankle_midpoint,1078.449951171875,622.6650390625,0.8170024156570435,0.9256728291511536,4.014121055603027,2.6421070098876953,4.001400263689398,2.663189885809879,0.0,0,two_ankles,accepted,4.014121055603027,2.6421070098876953,0.04167888270953828
68,2.2666666666666666,detected,3,2,0.9286817908287048,ankle_midpoint,819.3406982421875,838.5809326171875,0.9933313727378845,0.9918881058692932,2.1713650226593018,9.848637580871582,2.0984933499277827,9.858637215400208,0.0,0,two_ankles,accepted,2.1713650226593018,9.848637580871582,0.07068903233637287
68,2.2666666666666666,detected,4,1,0.9130646586418152,ankle_midpoint,1041.797119140625,798.0545654296875,0.9862297773361206,0.9899110198020935,3.548426866531372,8.804226875305176,3.571597038100993,9.000464443417982,0.0,0,two_ankles,accepted,3.548426866531372,8.804226875305176,0.20865493665690588
69,2.3,detected,1,5,0.7598481178283691,ankle_midpoint,853.7816162109375,613.9451904296875,0.8411197066307068,0.8475781679153442,2.0839345455169678,2.2828755378723145,2.075745958265557,2.3255969772282152,0.0,0,two_ankles,accepted,2.0839345455169678,2.2828755378723145,0.05833172617097343
69,2.3,detected,2,3,0.8733498454093933,ankle_midpoint,1078.902099609375,623.4859008789062,0.8299424052238464,0.9171998500823975,4.016546249389648,2.680163860321045,4.008215957254511,2.6708281743399036,0.0,0,two_ankles,accepted,4.016546249389648,2.680163860321045,0.03813404554737155
69,2.3,detected,3,2,0.9269003868103027,ankle_midpoint,824.1343994140625,839.4287109375,0.993529736995697,0.9909465312957764,2.201455593109131,9.867995262145996,2.1448263593593895,9.862848336435814,0.0,0,two_ankles,accepted,2.201455593109131,9.867995262145996,0.03577935514116946
69,2.3,detected,4,1,0.9016614556312561,ankle_midpoint,1040.2598876953125,794.623291015625,0.9824364185333252,0.9859600067138672,3.5407662391662598,8.713248252868652,3.557723178580363,8.871217157670785,0.0,0,two_ankles,accepted,3.5407662391662598,8.713248252868652,0.09130057476311194
70,2.3333333333333335,detected,1,5,0.7957608699798584,ankle_midpoint,856.9644775390625,608.279052734375,0.901410698890686,0.9267269372940063,2.1009888648986816,2.0075130462646484,2.087105266250463,2.1824592082946106,0.0,0,two_ankles,accepted,2.1009888648986816,2.0075130462646484,0.2758901078218562
70,2.3333333333333335,detected,2,3,0.8628884553909302,ankle_midpoint,1073.93701171875,626.5139770507812,0.9209370017051697,0.9280173778533936,3.9692485332489014,2.8210761547088623,3.990680616451987,2.738439765505935,0.0,0,two_ankles,accepted,3.9692485332489014,2.8210761547088623,0.14863831491836013
70,2.3333333333333335,detected,3,2,0.9166992902755737,ankle_midpoint,833.11376953125,841.5660400390625,0.9939992427825928,0.9923381209373474,2.2582380771636963,9.91702651977539,2.1958616323713276,9.887228518938624,0.0,0,two_ankles,accepted,2.2582380771636963,9.91702651977539,0.0750220948796222
70,2.3333333333333335,detected,4,1,0.9071142673492432,ankle_midpoint,1033.986083984375,788.681884765625,0.9866058230400085,0.9854671955108643,3.5037968158721924,8.55416202545166,3.5334563153616863,8.72854234817218,0.0,0,two_ankles,accepted,3.5037968158721924,8.55416202545166,0.16332533793770912
71,2.3666666666666667,detected,1,5,0.7769184112548828,ankle_midpoint,854.848876953125,608.6851806640625,0.8860065340995789,0.9082594513893127,2.0832669734954834,2.027904510498047,2.0853780345107227,2.112909594286157,0.0,0,two_ankles,accepted,2.0832669734954834,2.027904510498047,0.027016240458078534
71,2.3666666666666667,detected,2,3,0.8272799849510193,ankle_midpoint,1070.28955078125,626.092529296875,0.9394147396087646,0.927018404006958,3.93902587890625,2.8025550842285156,3.967435984556406,2.7672916589310965,0.0,0,two_ankles,accepted,3.93902587890625,2.8025550842285156,0.035446281712661384
71,2.3666666666666667,detected,3,2,0.9242860674858093,ankle_midpoint,842.013427734375,850.8084716796875,0.9953836798667908,0.9954050779342651,2.3213188648223877,10.129880905151367,2.2523173869743047,9.99642209273436,0.0,0,two_ankles,accepted,2.3213188648223877,10.129880905151367,0.22200489892213113
71,2.3666666666666667,detected,4,1,0.9114879965782166,ankle_midpoint,1026.052490234375,788.1099853515625,0.9827067852020264,0.977058470249176,3.452425241470337,8.539811134338379,3.4969923321105796,8.64361330194697,0.0,0,two_ankles,accepted,3.452425241470337,8.539811134338379,0.05333841703941566
72,2.4,detected,1,5,0.8159770369529724,ankle_midpoint,852.0072631835938,609.6663818359375,0.9376290440559387,0.9518818259239197,2.0603535175323486,2.076490879058838,2.0741170018704547,2.0965211724338637,0.0,0,two_ankles,accepted,2.0603535175323486,2.076490879058838,0.05371835509487923
72,2.4,detected,2,3,0.7910069227218628,ankle_midpoint,1068.168701171875,626.090087890625,0.9214134812355042,0.9056255221366882,3.921053886413574,2.802929639816284,3.946564040392132,2.783328750329431,0.0,0,two_ankles,accepted,3.921053886413574,2.802929639816284,0.017975895138910975
72,2.4,detected,3,2,0.9223380088806152,ankle_midpoint,846.5791015625,854.4849853515625,0.99460768699646,0.9949118494987488,2.352090358734131,10.213001251220703,2.2972152242662265,10.093882714053215,0.0,0,two_ankles,accepted,2.352090358734131,10.213001251220703,0.08863338405051799
72,2.4,detected,4,1,0.9104808568954468,ankle_midpoint,1021.98291015625,786.6715087890625,0.9818257093429565,0.9760729074478149,3.4266088008880615,8.501216888427734,3.4653197430604465,8.579534915863315,0.0,0,two_ankles,accepted,3.4266088008880615,8.501216888427734,0.0464327946795092
73,2.433333333333333,detected,1,5,0.7976313233375549,ankle_midpoint,855.3570556640625,609.8274536132812,0.9482962489128113,0.9582346081733704,2.089862585067749,2.0835306644439697,2.081202514309237,2.0906754438384114,0.0,0,two_ankles,accepted,2.089862585067749,2.0835306644439697,0.030337166068661343
73,2.433333333333333,detected,2,3,0.7626283168792725,ankle_midpoint,1065.66162109375,624.6483154296875,0.8934677839279175,0.8632974624633789,3.9019980430603027,2.737058639526367,3.9265093415928085,2.762507200468052,0.0,0,two_ankles,accepted,3.9019980430603027,2.737058639526367,0.06857196107082446
73,2.433333333333333,detected,3,2,0.9283124208450317,ankle_midpoint,856.146240234375,863.699462890625,0.9938431978225708,0.9943503737449646,2.4169178009033203,10.418132781982422,2.351081383752919,10.239795244621359,0.0,0,two_ankles,accepted,2.4169178009033203,10.418132781982422,0.21513145323463412
73,2.433333333333333,detected,4,1,0.9180521368980408,ankle_midpoint,1017.7489013671875,785.0620727539062,0.9722728729248047,0.9608213901519775,3.3996894359588623,8.45780086517334,3.435786104864734,8.524754593052826,0.0,0,two_ankles,accepted,3.3996894359588623,8.45780086517334,0.05108427628358385
74,2.466666666666667,detected,1,5,0.8601248264312744,ankle_midpoint,856.5013427734375,612.9761962890625,0.9687014818191528,0.9774153828620911,2.105673313140869,2.235685110092163,2.0922143737834715,2.1559297936526,0.0,0,two_ankles,accepted,2.105673313140869,2.235685110092163,0.15297370510225336
74,2.466666666666667,detected,2,3,0.6936459541320801,ankle_midpoint,1060.983642578125,626.3789672851562,0.8861086368560791,0.805415153503418,3.859740972518921,2.8178489208221436,3.8964635755095594,2.7874109746273934,0.0,0,two_ankles,accepted,3.859740972518921,2.8178489208221436,0.09117417157611027
74,2.466666666666667,detected,3,2,0.9147443175315857,ankle_midpoint,864.6295166015625,875.392333984375,0.9810396432876587,0.9827053546905518,2.4758355617523193,10.672038078308105,2.4072207638526493,10.434304519780396,0.0,0,two_ankles,accepted,2.4758355617523193,10.672038078308105,0.2606514953835735
74,2.466666666666667,detected,4,1,0.9116674661636353,ankle_midpoint,1017.7755126953125,783.5465087890625,0.9704945087432861,0.9546849727630615,3.400559186935425,8.416125297546387,3.419933991796545,8.475871410074928,0.0,0,two_ankles,accepted,3.400559186935425,8.416125297546387,0.04168464230133173
75,2.5,detected,1,5,0.8791871070861816,ankle_midpoint,857.0828857421875,608.078125,0.9773899912834167,0.9843734502792358,2.1016488075256348,1.9976372718811035,2.096459868967445,2.0846981588554265,0.0,0,two_ankles,accepted,2.1016488075256348,1.9976372718811035,0.23808185550857472
75,2.5,detected,2,3,0.6428889036178589,ankle_midpoint,1060.292724609375,629.5379638671875,0.7637479305267334,0.7587178945541382,3.849392890930176,2.962198495864868,3.875281767448837,2.8660653591842573,0.0,0,two_ankles,accepted,3.849392890930176,2.962198495864868,0.1447200145369759
75,2.5,detected,3,2,0.9223424792289734,ankle_midpoint,870.0987548828125,881.077880859375,0.9915127158164978,0.9935537576675415,2.511589765548706,10.792641639709473,2.454186814615875,10.595556223748481,0.0,0,two_ankles,accepted,2.511589765548706,10.792641639709473,0.12579182052823187
75,2.5,detected,4,1,0.9097082614898682,ankle_midpoint,1015.9842529296875,780.6141357421875,0.971501886844635,0.9557330012321472,3.3901126384735107,8.335256576538086,3.4065143828011797,8.412594734983351,0.0,0,two_ankles,accepted,3.3901126384735107,8.335256576538086,0.08154066722982777
76,2.533333333333333,detected,1,5,0.8907442688941956,ankle_midpoint,859.7352294921875,606.6863403320312,0.990097165107727,0.9926970601081848,2.122300624847412,1.9285762310028076,2.1080882091134305,2.014443291321748,0.0,0,two_ankles,accepted,2.122300624847412,1.9285762310028076,0.07208276441623004
76,2.533333333333333,detected,2,3,0.7885076403617859,ankle_midpoint,1049.7606201171875,629.882080078125,0.8868700265884399,0.8070079684257507,3.760274648666382,2.980194330215454,3.8235285639967325,2.917423396148296,0.0,0,two_ankles,accepted,3.760274648666382,2.980194330215454,0.09091705647546008
76,2.533333333333333,detected,3,2,0.9248377680778503,ankle_midpoint,877.8355712890625,889.3587646484375,0.9875136017799377,0.9916589856147766,2.561460494995117,10.965288162231445,2.502459970786534,10.761935596065817,0.0,0,two_ankles,accepted,2.561460494995117,10.965288162231445,0.17970506780401924
76,2.533333333333333,detected,4,1,0.9051669836044312,ankle_midpoint,1015.4359741210938,782.223876953125,0.9517089128494263,0.9410166144371033,3.385791063308716,8.37996768951416,3.397188889029571,8.397912564522215,0.0,0,two_ankles,accepted,3.385791063308716,8.37996768951416,0.04491947946564213
77,2.566666666666667,detected,1,5,0.8870324492454529,ankle_midpoint,859.3966064453125,607.8193359375,0.9868218898773193,0.9906124472618103,2.1214101314544678,1.9843829870224,2.1140830741668974,2.0009161543870415,0.0,0,two_ankles,accepted,2.1214101314544678,1.9843829870224,0.05581386024916371
77,2.566666666666667,detected,2,3,0.8316748142242432,ankle_midpoint,1041.9256591796875,625.9861450195312,0.8887801170349121,0.8422240614891052,3.6987783908843994,2.8041763305664062,3.767390986096183,2.866462216636446,0.0,0,two_ankles,accepted,3.6987783908843994,2.8041763305664062,0.18645140364620547
77,2.566666666666667,detected,3,2,0.9285345673561096,ankle_midpoint,880.9093017578125,894.3710327148438,0.9829006791114807,0.9886910915374756,2.5820505619049072,11.06827163696289,2.538275736789802,10.8997868144695,0.0,0,two_ankles,accepted,2.5820505619049072,11.06827163696289,0.10502164978285128
77,2.566666666666667,detected,4,1,0.8986630439758301,ankle_midpoint,1016.482666015625,783.0401611328125,0.9588394165039062,0.9608043432235718,3.3923044204711914,8.402359962463379,3.3949908781783007,8.39991389359574,0.0,0,two_ankles,accepted,3.3923044204711914,8.402359962463379,0.02332032824293616
78,2.6,detected,1,5,0.8899416923522949,ankle_midpoint,859.1725463867188,607.9774169921875,0.9867734909057617,0.9908087253570557,2.119739532470703,1.9921929836273193,2.11662848040361,1.9969907275451666,0.0,0,two_ankles,accepted,2.119739532470703,1.9921929836273193,0.007986673145522392
78,2.6,detected,2,3,0.8690363764762878,ankle_midpoint,1041.39990234375,623.247314453125,0.8516662120819092,0.799039900302887,3.697453260421753,2.677766799926758,3.73591900954269,2.781549279117087,0.0,0,two_ankles,accepted,3.697453260421753,2.677766799926758,0.1264164760119473
78,2.6,detected,3,2,0.9374263882637024,ankle_midpoint,880.728759765625,896.240234375,0.981214165687561,0.9851534366607666,2.58217716217041,11.106512069702148,2.558031378211076,10.992813179324193,0.0,0,two_ankles,accepted,2.58217716217041,11.106512069702148,0.03824064230256764
78,2.6,detected,4,1,0.9095680713653564,ankle_midpoint,1017.098388671875,780.4991455078125,0.9566965103149414,0.9629726409912109,3.397505283355713,8.331890106201172,3.3961223605081363,8.369303189268184,0.0,0,two_ankles,accepted,3.397505283355713,8.331890106201172,0.07066151439333658
79,2.6333333333333333,detected,1,5,0.8972844481468201,ankle_midpoint,858.31005859375,608.116943359375,0.9880092740058899,0.9914624094963074,2.112452745437622,1.9992432594299316,2.1147493996689155,1.9980043668933112,0.0,0,two_ankles,accepted,2.112452745437622,1.9992432594299316,0.010139213685408686
79,2.6333333333333333,detected,2,3,0.8797851204872131,ankle_midpoint,1035.79345703125,614.7918701171875,0.8999027609825134,0.8819252848625183,3.658806562423706,2.28021240234375,3.703535628832364,2.706108581001827,0.0,0,two_ankles,corrected_motion_outlier,3.66395594129752,2.613903283305398,0.39942842450649463
79,2.6333333333333333,detected,3,2,0.9363419413566589,ankle_midpoint,887.35498046875,895.7047119140625,0.9659801125526428,0.9863415360450745,2.619265079498291,11.094781875610352,2.5855865437903227,11.038699092652966,0.0,0,two_ankles,accepted,2.619265079498291,11.094781875610352,0.038898728323056415
79,2.6333333333333333,detected,4,1,0.8645808696746826,ankle_midpoint,1016.200927734375,773.5272216796875,0.9483819603919983,0.9684537649154663,3.39475417137146,8.136266708374023,3.395506675396632,8.264436772865812,0.0,0,two_ankles,accepted,3.39475417137146,8.136266708374023,0.19564274173755766
80,2.6666666666666665,detected,1,5,0.8926147818565369,ankle_midpoint,859.545166015625,607.6455078125,0.9833266139030457,0.9878718852996826,2.122391939163208,1.9758132696151733,2.1181885424413474,1.988018373118149,0.0,0,two_ankles,accepted,2.122391939163208,1.9758132696151733,0.025450972371098213
80,2.6666666666666665,detected,2,3,0.863582193851471,ankle_midpoint,1036.099609375,618.2808837890625,0.8955141305923462,0.8810602426528931,3.6576457023620605,2.446254014968872,3.682885161920728,2.5891740262869973,0.0,0,two_ankles,accepted,3.6576457023620605,2.446254014968872,0.11745510980544016
80,2.6666666666666665,detected,3,2,0.9336075782775879,ankle_midpoint,895.945068359375,895.1522827148438,0.9928216338157654,0.9965906143188477,2.6674933433532715,11.082453727722168,2.62244460359365,11.058388678434106,0.0,0,two_ankles,accepted,2.6674933433532715,11.082453727722168,0.04977899823036359
80,2.6666666666666665,detected,4,1,0.8765401840209961,ankle_midpoint,1013.349853515625,772.8975219726562,0.9279612302780151,0.9537676572799683,3.376049041748047,8.118834495544434,3.3867507402547687,8.198915748071192,0.0,0,two_ankles,accepted,3.376049041748047,8.118834495544434,0.02556880752723526
81,2.7,detected,1,5,0.8935024738311768,ankle_midpoint,857.3063354492188,606.5982666015625,0.9856483936309814,0.9889410138130188,2.100836992263794,1.9248250722885132,2.1103803448614484,1.9595813877448132,0.0,0,two_ankles,accepted,2.100836992263794,1.9248250722885132,0.05535713145078052
81,2.7,detected,2,3,0.8716351389884949,ankle_midpoint,1036.5565185546875,620.976806640625,0.9110522270202637,0.9059051275253296,3.658643960952759,2.5730206966400146,3.671976621485142,2.5819050279458553,0.0,0,two_ankles,accepted,3.658643960952759,2.5730206966400146,0.12677061213911803
81,2.7,detected,3,2,0.9306203126907349,ankle_midpoint,903.7520751953125,890.866455078125,0.9797669649124146,0.9853056073188782,2.709657907485962,10.99336051940918,2.6616905903451906,11.02912600687289,0.0,0,two_ankles,accepted,2.709657907485962,10.99336051940918,0.09856698349853915
81,2.7,detected,4,1,0.8751484751701355,ankle_midpoint,1010.4466552734375,771.3427734375,0.9427706003189087,0.9751338958740234,3.35733699798584,8.075013160705566,3.3735145562337507,8.14315958375666,0.0,0,two_ankles,accepted,3.35733699798584,8.075013160705566,0.04764923891122361
82,2.7333333333333334,detected,1,5,0.8886365294456482,ankle_midpoint,855.783447265625,605.4420166015625,0.9886190891265869,0.9913422465324402,2.0852792263031006,1.8680611848831177,2.0990848415101917,1.9183972964570501,0.0,0,two_ankles,accepted,2.0852792263031006,1.8680611848831177,0.05885731046403775
82,2.7333333333333334,detected,2,3,0.8883751034736633,ankle_midpoint,1039.19970703125,620.0103759765625,0.9378430843353271,0.9188684225082397,3.682340383529663,2.5270683765411377,3.6766403144051765,2.5572285348137327,0.0,0,two_ankles,accepted,3.682340383529663,2.5270683765411377,0.05170238065517748
82,2.7333333333333334,detected,3,2,0.9189451336860657,ankle_midpoint,928.9918212890625,891.01953125,0.9879427552223206,0.9959357976913452,2.853114128112793,10.99345588684082,2.7478311823406116,11.013074452858458,0.0,0,two_ankles,accepted,2.853114128112793,10.99345588684082,0.14345625232620934
82,2.7333333333333334,detected,4,1,0.9084538221359253,ankle_midpoint,1019.607177734375,781.97705078125,0.8793635964393616,0.9451909065246582,3.4133267402648926,8.372501373291016,3.3609865956981007,8.086980336060446,0.0,0,two_ankles,corrected_motion_outlier,3.3456746439323055,8.018316811098405,0.3027112285128521
83,2.7666666666666666,detected,1,5,0.8769494295120239,ankle_midpoint,854.6702880859375,602.3323974609375,0.9903430938720703,0.9930567741394043,2.0694658756256104,1.713412880897522,2.0857563068621303,1.8261543094552626,0.0,0,two_ankles,accepted,2.0694658756256104,1.713412880897522,0.15545468788451025
83,2.7666666666666666,detected,2,3,0.8646917343139648,ankle_midpoint,1045.5181884765625,620.91015625,0.9622517824172974,0.9623019099235535,3.7353830337524414,2.567810297012329,3.703074538111446,2.5619903278031013,0.0,0,two_ankles,accepted,3.7353830337524414,2.567810297012329,0.06688368131567587
83,2.7666666666666666,detected,3,2,0.9038594365119934,ankle_midpoint,957.5924072265625,891.0822143554688,0.9861416220664978,0.9958475232124329,3.0156326293945312,10.991272926330566,2.868341833514876,11.003263765920908,0.0,0,two_ankles,accepted,3.0156326293945312,10.991272926330566,0.16253316146390465
83,2.7666666666666666,detected,4,1,0.8644536137580872,ankle_midpoint,1024.701171875,777.340576171875,0.7502127885818481,0.9287465810775757,3.449284791946411,8.24251651763916,3.400720784009841,8.156971617770868,0.0,0,two_ankles,accepted,3.449284791946411,8.24251651763916,0.09554026820958608
84,2.8,detected,1,5,0.8867411613464355,ankle_midpoint,854.3251953125,601.2587890625,0.990310788154602,0.9933805465698242,2.06430983543396,1.6595784425735474,2.0761053947194537,1.7511951693584908,0.0,0,two_ankles,accepted,2.06430983543396,1.6595784425735474,0.054080786792683966
84,2.8,detected,2,3,0.8644721508026123,ankle_midpoint,1044.9171142578125,619.7493286132812,0.9416808485984802,0.9475073218345642,3.731654167175293,2.5134565830230713,3.7159353711901772,2.540150142652088,0.0,0,two_ankles,accepted,3.731654167175293,2.5134565830230713,0.05448147089035148
84,2.8,detected,3,2,0.889846920967102,ankle_midpoint,971.5791015625,892.6649780273438,0.9868320226669312,0.9932551383972168,3.095083713531494,11.022242546081543,2.9703756795223546,11.011804216993195,0.0,0,two_ankles,accepted,3.095083713531494,11.022242546081543,0.08527363084833924
84,2.8,detected,4,1,0.7961916327476501,ankle_midpoint,1022.72119140625,786.068115234375,0.7645625472068787,0.9148736000061035,3.431734323501587,8.484611511230469,3.414676876781127,8.304409569827689,0.0,0,two_ankles,accepted,3.431734323501587,8.484611511230469,0.24273031303199136
85,2.8333333333333335,detected,1,5,0.8703738451004028,ankle_midpoint,853.5420532226562,600.0489501953125,0.987500786781311,0.9920408129692078,2.0549721717834473,1.5987423658370972,2.066595444398251,1.682591407773864,0.0,0,two_ankles,accepted,2.0549721717834473,1.5987423658370972,0.06154851903281965
85,2.8333333333333335,detected,2,3,0.8519054055213928,ankle_midpoint,1046.389892578125,617.1490478515625,0.9426366090774536,0.953188419342041,3.747532367706299,2.3901784420013428,3.7301540196224323,2.4726628773592525,0.0,0,two_ankles,accepted,3.747532367706299,2.3901784420013428,0.12429648951549685
85,2.8333333333333335,detected,3,2,0.8573375344276428,ankle_midpoint,998.2279052734375,897.4522705078125,0.9807311296463013,0.987608015537262,3.2452645301818848,11.117081642150879,3.0940756623191437,11.059179058314154,0.0,0,two_ankles,accepted,3.2452645301818848,11.117081642150879,0.17761962682380283
85,2.8333333333333335,detected,4,1,0.8100609183311462,ankle_midpoint,986.7657470703125,785.5467529296875,0.7863319516181946,0.7807049751281738,3.1968090534210205,8.475781440734863,3.316636356269079,8.381526911735918,0.0,0,two_ankles,accepted,3.1968090534210205,8.475781440734863,0.23509115820758641
86,2.8666666666666667,detected,1,5,0.8673248291015625,ankle_midpoint,854.1893310546875,598.733642578125,0.9878684282302856,0.9919425249099731,2.058115005493164,1.531904935836792,2.062779246890962,1.6147824954021817,0.0,0,two_ankles,accepted,2.058115005493164,1.531904935836792,0.06691128045981953
86,2.8666666666666667,detected,2,3,0.8634312152862549,ankle_midpoint,1054.1259765625,614.4910888671875,0.9537268877029419,0.9625611901283264,3.817880392074585,2.261429786682129,3.769630887225901,2.3776079865545467,0.0,0,two_ankles,accepted,3.817880392074585,2.261429786682129,0.1467142146454348
86,2.8666666666666667,detected,3,2,0.8440564870834351,ankle_midpoint,1023.1800537109375,907.6688232421875,0.980566143989563,0.9963980913162231,3.3821897506713867,11.319615364074707,3.223727002077653,11.176375395906405,0.0,0,two_ankles,accepted,3.3821897506713867,11.319615364074707,0.24447581582319602
86,2.8666666666666667,detected,4,1,0.7951486110687256,ankle_midpoint,988.4493408203125,777.2576904296875,0.9251333475112915,0.8636559247970581,3.2093584537506104,8.2457857131958,3.2683613001357683,8.320443372392866,0.0,0,two_ankles,accepted,3.2093584537506104,8.2457857131958,0.23033784347096545
87,2.9,detected,1,5,0.8671916127204895,ankle_midpoint,855.5166015625,598.6148681640625,0.9867115020751953,0.991263747215271,2.069699764251709,1.525536060333252,2.0658934797032984,1.5746215996211634,0.0,0,two_ankles,accepted,2.069699764251709,1.525536060333252,0.013220030660829636
87,2.9,detected,2,3,0.8798052668571472,ankle_midpoint,1056.5390625,614.1846313476562,0.9677771329879761,0.9729459881782532,3.8392183780670166,2.2461392879486084,3.800945258104403,2.3184470721818746,0.0,0,two_ankles,accepted,3.8392183780670166,2.2461392879486084,0.026250885656164083
87,2.9,detected,3,2,0.88944411277771,ankle_midpoint,1036.8284912109375,911.430419921875,0.9715988039970398,0.9910739064216614,3.4564995765686035,11.392411231994629,3.328474660598581,11.273591522146106,0.0,0,two_ankles,accepted,3.4564995765686035,11.392411231994629,0.1040249422546794
87,2.9,detected,4,1,0.8489775657653809,ankle_midpoint,992.26806640625,776.8841552734375,0.9572584629058838,0.9190775156021118,3.2347168922424316,8.234713554382324,3.253221316583767,8.281864954288123,0.0,0,two_ankles,accepted,3.2347168922424316,8.234713554382324,0.027670256658266296
88,2.933333333333333,detected,1,5,0.8840795159339905,ankle_midpoint,857.5293579101562,600.8111572265625,0.985428512096405,0.9911984801292419,2.0918450355529785,1.6362372636795044,2.0775716798356547,1.602348648447417,0.0,0,two_ankles,accepted,2.0918450355529785,1.6362372636795044,0.11289450590403044
88,2.933333333333333,detected,2,3,0.8868981003761292,ankle_midpoint,1066.607177734375,609.6051025390625,0.9805874824523926,0.983123242855072,3.9338672161102295,2.0217416286468506,3.860760139207025,2.184929622591114,0.0,0,two_ankles,accepted,3.9338672161102295,2.0217416286468506,0.24354201289107824
88,2.933333333333333,detected,3,2,0.899926483631134,ankle_midpoint,1057.0972900390625,920.2518310546875,0.9847399592399597,0.9931848645210266,3.563744068145752,11.56193733215332,3.4343458939948084,11.403347136649352,0.0,0,two_ankles,accepted,3.563744068145752,11.56193733215332,0.20060029812703603
88,2.933333333333333,detected,4,1,0.8677732944488525,ankle_midpoint,993.911376953125,772.7267456054688,0.9580132961273193,0.9618439078330994,3.2466046810150146,8.117012023925781,3.250243830577829,8.20768113562507,0.0,0,two_ankles,accepted,3.2466046810150146,8.117012023925781,0.11830033725105801
89,2.966666666666667,detected,1,5,0.8852907419204712,ankle_midpoint,864.139404296875,599.8494873046875,0.9831021428108215,0.9880410432815552,2.1487348079681396,1.5860198736190796,2.109595087495273,1.595000699774665,0.0,0,two_ankles,accepted,2.1487348079681396,1.5860198736190796,0.07588301832379679
89,2.966666666666667,detected,2,3,0.8868364095687866,ankle_midpoint,1074.634033203125,606.583984375,0.9866964221000671,0.988710343837738,4.009402275085449,1.8711949586868286,3.927649100352316,2.0437490238341858,0.0,0,two_ankles,accepted,4.009402275085449,1.8711949586868286,0.16843350311158914
89,2.966666666666667,detected,3,2,0.9056171178817749,ankle_midpoint,1078.2281494140625,925.6307373046875,0.9891433119773865,0.9961193799972534,3.6758787631988525,11.66257095336914,3.5430356851366285,11.519997854173258,0.0,0,two_ankles,accepted,3.6758787631988525,11.66257095336914,0.15066955748810396
89,2.966666666666667,detected,4,1,0.8830611705780029,ankle_midpoint,1008.2155151367188,780.742431640625,0.9773250818252563,0.9773674607276917,3.3388848304748535,8.340010643005371,3.2901322805314903,8.267229413946206,0.0,0,two_ankles,accepted,3.3388848304748535,8.340010643005371,0.24133795825715898
90,3.0,detected,1,5,0.8739089965820312,ankle_midpoint,864.513916015625,600.5003662109375,0.9773778319358826,0.9849004745483398,2.1532325744628906,1.6188267469406128,2.1292319566307008,1.6057224209993417,0.0,0,two_ankles,accepted,2.1532325744628906,1.6188267469406128,0.033113756062646105
90,3.0,detected,2,3,0.8865862488746643,ankle_midpoint,1079.8868408203125,607.6441650390625,0.9930310845375061,0.9950810670852661,4.053614139556885,1.9222639799118042,3.984333367994372,1.9890807540691142,0.0,0,two_ankles,accepted,4.053614139556885,1.9222639799118042,0.06754801173178669
90,3.0,detected,3,2,0.9104148745536804,ankle_midpoint,1088.434814453125,926.75341796875,0.9867434501647949,0.9949977397918701,3.7306764125823975,11.682754516601562,3.627474012487225,11.593238352265995,0.0,0,two_ankles,accepted,3.7306764125823975,11.682754516601562,0.05839656327832224
90,3.0,detected,4,1,0.9010785818099976,ankle_midpoint,995.3651123046875,789.85107421875,0.9860613346099854,0.9916310906410217,3.2519900798797607,8.591657638549805,3.2729682902382122,8.413222115017826,0.0,0,two_ankles,accepted,3.2519900798797607,8.591657638549805,0.2662271737586597
91,3.033333333333333,detected,1,5,0.8805045485496521,ankle_midpoint,867.00146484375,599.8507080078125,0.9797742962837219,0.9846532940864563,2.1741690635681152,1.585370421409607,2.1494536547525374,1.5965640211839611,0.0,0,two_ankles,accepted,2.1741690635681152,1.585370421409607,0.03946723063618504
91,3.033333333333333,detected,2,3,0.8944798111915588,ankle_midpoint,1090.9541015625,604.65234375,0.995413601398468,0.9968288540840149,4.156924724578857,1.7712675333023071,4.061999478457391,1.891064804724051,0.0,0,two_ankles,accepted,4.156924724578857,1.7712675333023071,0.18295628949636286
91,3.033333333333333,detected,3,2,0.9225907921791077,ankle_midpoint,1105.8197021484375,930.4395751953125,0.9839147329330444,0.9951434135437012,3.8221237659454346,11.750483512878418,3.715066401543419,11.663998674541586,0.0,0,two_ankles,accepted,3.8221237659454346,11.750483512878418,0.11379734343900334
91,3.033333333333333,detected,4,1,0.9189196825027466,ankle_midpoint,989.164794921875,792.9041137695312,0.9855776429176331,0.9922972321510315,3.2111146450042725,8.67483139038086,3.2451341498829396,8.53094628893119,0.0,0,two_ankles,accepted,3.2111146450042725,8.67483139038086,0.09267510005343484
92,3.066666666666667,detected,1,5,0.8722535371780396,ankle_midpoint,869.69580078125,602.80224609375,0.9933337569236755,0.9941384792327881,2.2031309604644775,1.733241319656372,2.1736084423229105,1.658068805496546,0.0,0,two_ankles,accepted,2.2031309604644775,1.733241319656372,0.15068043675321852
92,3.066666666666667,detected,2,3,0.8793254494667053,ankle_midpoint,1102.59912109375,607.2780151367188,0.9898474812507629,0.9916003942489624,4.253798484802246,1.8986806869506836,4.148309031312576,1.8944919517260357,0.0,0,two_ankles,accepted,4.253798484802246,1.8986806869506836,0.1600582304739228
92,3.066666666666667,detected,3,2,0.9206501841545105,ankle_midpoint,1120.5341796875,935.1275634765625,0.9788989424705505,0.9910995364189148,3.89739990234375,11.836614608764648,3.797116476903568,11.741675844941966,0.0,0,two_ankles,accepted,3.89739990234375,11.836614608764648,0.1143899575558135
92,3.066666666666667,detected,4,1,0.9203368425369263,ankle_midpoint,987.7772216796875,797.1177978515625,0.9833053946495056,0.9905531406402588,3.2014074325561523,8.787386894226074,3.2254571270858854,8.646344561313889,0.0,0,two_ankles,accepted,3.2014074325561523,8.787386894226074,0.11297332171518687
93,3.1,detected,1,5,0.8714892864227295,ankle_midpoint,871.2965087890625,603.1223754882812,0.9920235872268677,0.9938164353370667,2.217806816101074,1.7488569021224976,2.1934977105230846,1.6989234489782241,0.0,0,two_ankles,accepted,2.217806816101074,1.7488569021224976,0.021429585960129803
93,3.1,detected,2,3,0.8750291466712952,ankle_midpoint,1109.5029296875,605.4593505859375,0.9904533624649048,0.9920599460601807,4.318770885467529,1.8068987131118774,4.2250168656823055,1.8550749943496645,0.0,0,two_ankles,accepted,4.318770885467529,1.8068987131118774,0.11245151653026912
93,3.1,detected,3,2,0.9201046824455261,ankle_midpoint,1126.1513671875,937.0365600585938,0.978069543838501,0.9913737177848816,3.9258010387420654,11.871460914611816,3.8550245297308923,11.800079126293399,0.0,0,two_ankles,accepted,3.9258010387420654,11.871460914611816,0.04495430546577369
93,3.1,detected,4,1,0.91895991563797,ankle_midpoint,986.9759521484375,799.0841674804688,0.9921489953994751,0.9964759945869446,3.195930242538452,8.83948040008545,3.212170029039541,8.73325568876109,0.0,0,two_ankles,accepted,3.195930242538452,8.83948040008545,0.0523806544748224
94,3.1333333333333333,detected,1,5,0.8665226101875305,ankle_midpoint,875.1246337890625,600.0595703125,0.9673535227775574,0.9767072200775146,2.2466931343078613,1.5939198732376099,2.217435651226234,1.6516718398949477,0.0,0,two_ankles,accepted,2.2466931343078613,1.5939198732376099,0.1576067964880331
94,3.1333333333333333,detected,2,3,0.8764731287956238,ankle_midpoint,1119.5313720703125,606.119873046875,0.9886689782142639,0.9916113018989563,4.405508041381836,1.837245225906372,4.3062378947470945,1.847051598550183,0.0,0,two_ankles,accepted,4.405508041381836,1.837245225906372,0.09189257344796241
94,3.1333333333333333,detected,3,2,0.9337122440338135,ankle_midpoint,1142.185546875,941.8189697265625,0.9779677987098694,0.9899867177009583,4.006904125213623,11.957863807678223,3.923370347698121,11.87108223291657,0.0,0,two_ankles,accepted,4.006904125213623,11.957863807678223,0.11850388417878034
94,3.1333333333333333,detected,4,1,0.9211186170578003,ankle_midpoint,987.87548828125,800.109619140625,0.991671621799469,0.9952787160873413,3.201526165008545,8.866339683532715,3.2073802902255926,8.793143486408322,0.0,0,two_ankles,accepted,3.201526165008545,8.866339683532715,0.027436024777504602
95,3.1666666666666665,detected,1,5,0.8689944744110107,ankle_midpoint,876.5971069335938,600.0104370117188,0.9696966409683228,0.9791223406791687,2.259695529937744,1.5910688638687134,2.2364525966464135,1.6244005006831423,0.0,0,two_ankles,accepted,2.259695529937744,1.5910688638687134,0.013311293946778097
95,3.1666666666666665,detected,2,3,0.855510413646698,ankle_midpoint,1127.380615234375,604.7027587890625,0.9866353869438171,0.9902395009994507,4.478443622589111,1.7648411989212036,4.383730472276003,1.8100569187171422,0.0,0,two_ankles,accepted,4.478443622589111,1.7648411989212036,0.10277130985694434
95,3.1666666666666665,detected,3,2,0.9213833212852478,ankle_midpoint,1154.222900390625,942.546875,0.9848344326019287,0.9928932785987854,4.0705037117004395,11.969868659973145,3.9895803614991645,11.915536125092029,0.0,0,two_ankles,accepted,4.0705037117004395,11.969868659973145,0.0647226689801721
95,3.1666666666666665,detected,4,1,0.9234781861305237,ankle_midpoint,989.8926391601562,801.6109008789062,0.9830383062362671,0.9922716617584229,3.2141668796539307,8.90542221069336,3.210434255468345,8.84366891233659,0.0,0,two_ankles,accepted,3.2141668796539307,8.90542221069336,0.04107592477362606
96,3.2,detected,1,5,0.8662329912185669,ankle_midpoint,878.2074584960938,599.9027099609375,0.9714231491088867,0.9802414178848267,2.273834228515625,1.585217833518982,2.253274330987559,1.60676830045927,0.0,0,two_ankles,accepted,2.273834228515625,1.585217833518982,0.015301547425984365
96,3.2,detected,2,3,0.84947669506073,ankle_midpoint,1130.11279296875,606.13818359375,0.9866663813591003,0.9894284605979919,4.498648643493652,1.835567831993103,4.435443649323945,1.8215368296913246,0.0,0,two_ankles,accepted,4.498648643493652,1.835567831993103,0.0735560976088321
96,3.2,detected,3,2,0.9248301386833191,ankle_midpoint,1162.515625,943.3632202148438,0.9814538955688477,0.9907172322273254,4.113879203796387,11.98388385772705,4.045514840532915,11.946292604777788,0.0,0,two_ankles,accepted,4.113879203796387,11.98388385772705,0.0455835396019954
96,3.2,detected,4,1,0.9254922270774841,ankle_midpoint,992.2886962890625,802.0233764648438,0.9838776588439941,0.9922372698783875,3.2293999195098877,8.915862083435059,3.218968804287039,8.8761558393309,0.0,0,two_ankles,accepted,3.2293999195098877,8.915862083435059,0.018467172120171776
97,3.2333333333333334,detected,1,5,0.8483110070228577,ankle_midpoint,881.9072875976562,599.3916015625,0.973029375076294,0.9822733998298645,2.305945873260498,1.5584033727645874,2.2769765250103817,1.585004082996663,0.0,0,two_ankles,accepted,2.305945873260498,1.5584033727645874,0.04183506942470512
97,3.2333333333333334,detected,2,3,0.8512094020843506,ankle_midpoint,1134.585205078125,606.8126220703125,0.9896667003631592,0.993317723274231,4.536152362823486,1.8678877353668213,4.480762570398738,1.8423947372452982,0.0,0,two_ankles,accepted,4.536152362823486,1.8678877353668213,0.04950863679861776
97,3.2333333333333334,detected,3,2,0.9313746094703674,ankle_midpoint,1168.41845703125,940.41259765625,0.9873471260070801,0.9945461750030518,4.149106979370117,11.929112434387207,4.092131303009657,11.938561528102028,0.0,0,two_ankles,accepted,4.149106979370117,11.929112434387207,0.06512223112382977
97,3.2333333333333334,detected,4,1,0.9162954688072205,ankle_midpoint,998.79443359375,804.1755981445312,0.9867139458656311,0.9928350448608398,3.270399332046509,8.97101879119873,3.2421125417788006,8.918844167671423,0.0,0,two_ankles,accepted,3.270399332046509,8.97101879119873,0.06872564470177886
98,3.2666666666666666,detected,1,5,0.8477115631103516,ankle_midpoint,885.0369873046875,599.0892944335938,0.9725151062011719,0.9826098680496216,2.3333487510681152,1.5422831773757935,2.302344026736362,1.5657796754672717,0.0,0,two_ankles,accepted,2.3333487510681152,1.5422831773757935,0.03179274149097703
98,3.2666666666666666,detected,2,3,0.8336184024810791,ankle_midpoint,1134.81201171875,608.5670776367188,0.98788982629776,0.9928629994392395,4.533254623413086,1.9543477296829224,4.504383994255194,1.8927735838422293,0.0,0,two_ankles,accepted,4.533254623413086,1.9543477296829224,0.08650854010345348
98,3.2666666666666666,detected,3,2,0.9215932488441467,ankle_midpoint,1173.7149658203125,938.293701171875,0.9915350675582886,0.996442973613739,4.180242538452148,11.889427185058594,4.131781358958778,11.916451073732484,0.0,0,two_ankles,accepted,4.180242538452148,11.889427185058594,0.05044147156482312
98,3.2666666666666666,detected,4,1,0.9105463624000549,ankle_midpoint,1008.49755859375,802.1703491210938,0.9918991327285767,0.9951487183570862,3.332930326461792,8.917338371276855,3.282980544886147,8.91816655929387,0.0,0,two_ankles,accepted,3.332930326461792,8.917338371276855,0.08241184833234244
99,3.3,detected,1,5,0.8695862293243408,ankle_midpoint,884.84619140625,601.2503662109375,0.9850515127182007,0.99050372838974,2.3347785472869873,1.6516038179397583,2.3169395609841437,1.6044005395798908,0.0,0,two_ankles,accepted,2.3347785472869873,1.6516038179397583,0.10932999026133267
99,3.3,detected,2,3,0.8462474346160889,ankle_midpoint,1136.21044921875,607.5904541015625,0.9853752851486206,0.9911774396896362,4.548256874084473,1.9059202671051025,4.52412679017837,1.8986895913105224,0.0,0,two_ankles,accepted,4.548256874084473,1.9059202671051025,0.0506979946046514
99,3.3,detected,3,2,0.9174138307571411,ankle_midpoint,1181.474365234375,938.768798828125,0.9940832257270813,0.9975443482398987,4.221327304840088,11.897344589233398,4.172077034605367,11.907853155707896,0.0,0,two_ankles,accepted,4.221327304840088,11.897344589233398,0.04184068974119301
99,3.3,detected,4,1,0.9112679362297058,ankle_midpoint,1012.2501220703125,800.9283447265625,0.9925768971443176,0.9955496788024902,3.3573899269104004,8.88426685333252,3.3164647667970613,8.902911691611262,0.0,0,two_ankles,accepted,3.3573899269104004,8.88426685333252,0.041133895430023375
100,3.3333333333333335,detected,1,5,0.8643141388893127,ankle_midpoint,886.85498046875,601.1555786132812,0.9837465882301331,0.9893961548805237,2.3524510860443115,1.6463329792022705,2.3329197472612195,1.6232701374099618,0.0,0,two_ankles,accepted,2.3524510860443115,1.6463329792022705,0.01844181029958091
100,3.3333333333333335,detected,2,3,0.8426863551139832,ankle_midpoint,1139.67724609375,601.515625,0.9666513204574585,0.9843463897705078,4.596359729766846,1.6018521785736084,4.546602383987563,1.905421357829707,0.0,0,two_ankles,corrected_motion_outlier,4.574072554198798,1.9136490724642656,0.3078494553966204
100,3.3333333333333335,detected,3,2,0.8929367661476135,ankle_midpoint,1192.60791015625,928.1665649414062,0.9809063076972961,0.995522141456604,4.296286106109619,11.697704315185547,4.227971116782281,11.81328617747284,0.0,0,two_ankles,accepted,4.296286106109619,11.697704315185547,0.21324882393501343
100,3.3333333333333335,detected,4,1,0.9133134484291077,ankle_midpoint,1019.8206176757812,803.103759765625,0.9918172955513,0.9950719475746155,3.404860496520996,8.940055847167969,3.356242845172832,8.919626561611782,0.0,0,two_ankles,accepted,3.404860496520996,8.940055847167969,0.07325207718779177
101,3.3666666666666667,detected,1,5,0.8737891316413879,ankle_midpoint,889.909912109375,600.7025146484375,0.9610410332679749,0.9762356877326965,2.3789215087890625,1.622733473777771,2.353620539948749,1.623028638775476,0.0,0,two_ankles,accepted,2.3789215087890625,1.622733473777771,0.03546293750617413
101,3.3666666666666667,detected,2,3,0.8324344158172607,ankle_midpoint,1141.35986328125,598.8560180664062,0.9846269488334656,0.9933253526687622,4.619251251220703,1.4664185047149658,4.579294374242476,1.7078700739280737,0.0,0,two_ankles,accepted,4.619251251220703,1.4664185047149658,0.22259941640141237
101,3.3666666666666667,detected,3,2,0.9027165174484253,ankle_midpoint,1204.481201171875,915.9256591796875,0.9884363412857056,0.9953117370605469,4.379801273345947,11.460957527160645,4.296294687235931,11.654738284832352,0.0,0,two_ankles,accepted,4.379801273345947,11.460957527160645,0.2510454636089246
101,3.3666666666666667,detected,4,1,0.9138493537902832,ankle_midpoint,1026.74365234375,808.898681640625,0.992511510848999,0.9953535795211792,3.4460842609405518,9.08895492553711,3.396671482268306,8.99582432537818,0.0,0,two_ankles,accepted,3.4460842609405518,9.08895492553711,0.15450027278972198
102,3.4,detected,1,5,0.8644441962242126,ankle_midpoint,888.86572265625,602.4093017578125,0.9845070838928223,0.9893082976341248,2.371995210647583,1.708837866783142,2.3618891417632244,1.6616427913789258,0.0,0,two_ankles,accepted,2.371995210647583,1.708837866783142,0.08638252196346238
102,3.4,detected,2,3,0.8420577645301819,ankle_midpoint,1143.884765625,597.3416748046875,0.9860424399375916,0.9939777851104736,4.646430969238281,1.3882803916931152,4.609505841990589,1.5640547169223424,0.0,0,two_ankles,accepted,4.646430969238281,1.3882803916931152,0.08273029540700648
102,3.4,detected,3,2,0.8902232050895691,ankle_midpoint,1208.6409912109375,908.6323852539062,0.987406313419342,0.993983805179596,4.414505958557129,11.316885948181152,4.349489759330471,11.502704733339312,0.0,0,two_ankles,accepted,4.414505958557129,11.316885948181152,0.14819256069469636
102,3.4,detected,4,1,0.9135323166847229,ankle_midpoint,1030.7230224609375,811.605224609375,0.9927634596824646,0.995684027671814,3.469818592071533,9.157581329345703,3.4295876816797586,9.068614977163566,0.0,0,two_ankles,accepted,3.469818592071533,9.157581329345703,0.0726147490110325
103,3.433333333333333,detected,1,5,0.8746703267097473,ankle_midpoint,890.15966796875,604.373779296875,0.9831951260566711,0.9882134795188904,2.3860702514648438,1.8066294193267822,2.372770641128953,1.7268867739554614,0.0,0,two_ankles,accepted,2.3860702514648438,1.8066294193267822,0.09879926377713087
103,3.433333333333333,detected,2,3,0.8328692317008972,ankle_midpoint,1153.221435546875,597.9146728515625,0.9592751860618591,0.9828952550888062,4.7282490730285645,1.415318489074707,4.662940295957679,1.4971234143909067,0.0,0,two_ankles,accepted,4.7282490730285645,1.415318489074707,0.0861699531034687
103,3.433333333333333,detected,3,2,0.8914544582366943,ankle_midpoint,1228.686767578125,877.5402221679688,0.9886770248413086,0.9950630068778992,4.583032131195068,10.67257022857666,4.4030681496680595,11.358384111232857,0.0,0,two_ankles,corrected_motion_outlier,4.468552848969556,11.181992239769409,0.6659908538361823
103,3.433333333333333,detected,4,1,0.9133666753768921,ankle_midpoint,1039.2122802734375,816.8212890625,0.9936198592185974,0.995468258857727,3.5202040672302246,9.288296699523926,3.4703650551774685,9.16747175222573,0.0,0,two_ankles,accepted,3.5202040672302246,9.288296699523926,0.14008998575129092
104,3.466666666666667,detected,1,5,0.8883761167526245,ankle_midpoint,890.245849609375,605.9100341796875,0.983068585395813,0.9882590770721436,2.3888707160949707,1.8828171491622925,2.380015674863661,1.7970554427985355,0.0,0,two_ankles,accepted,2.3888707160949707,1.8828171491622925,0.07623918139403972
104,3.466666666666667,detected,2,3,0.8276445865631104,ankle_midpoint,1160.1678466796875,599.9224853515625,0.9770713448524475,0.9920461177825928,4.783751964569092,1.516036868095398,4.717305546832815,1.5056344685579277,0.0,0,two_ankles,accepted,4.783751964569092,1.516036868095398,0.114998968873269
104,3.466666666666667,detected,3,2,0.8778901100158691,ankle_midpoint,1254.752197265625,851.141357421875,0.9886410236358643,0.9942817687988281,4.791101932525635,10.083138465881348,4.456857365039325,11.218305600289021,0.350656002608318,0,two_ankles,corrected_motion_outlier,4.522599739381983,11.047098531357666,0.6449723594252692
104,3.466666666666667,detected,4,1,0.9086349010467529,ankle_midpoint,1046.3282470703125,821.65380859375,0.9934291243553162,0.9941146969795227,3.561589479446411,9.407861709594727,3.5114160460984927,9.275647233041779,0.0,0,two_ankles,accepted,3.561589479446411,9.407861709594727,0.12652487493585746
105,3.5,detected,1,5,0.8904891610145569,ankle_midpoint,890.303955078125,605.8511962890625,0.982506275177002,0.9879419207572937,2.389303207397461,1.8798924684524536,2.384195064503871,1.8343321043427987,0.0,0,two_ankles,accepted,2.389303207397461,1.8798924684524536,0.002956485410285882
105,3.5,detected,2,3,0.8185285329818726,ankle_midpoint,1160.79052734375,602.1644897460938,0.9869599938392639,0.991905927658081,4.781883239746094,1.6293542385101318,4.746365508643791,1.5613083650364197,0.0,0,two_ankles,accepted,4.781883239746094,1.6293542385101318,0.11333277800430948
105,3.5,detected,3,2,0.8877902030944824,ankle_midpoint,1257.5537109375,836.7794799804688,0.9782337546348572,0.9912728667259216,4.840953826904297,9.746551513671875,4.510762534179113,11.080560250484627,0.5452430430107621,0,two_ankles,corrected_motion_outlier,4.576646629794409,10.912204822945924,0.5424028864049116
105,3.5,detected,4,1,0.9144519567489624,ankle_midpoint,1049.4521484375,822.4317626953125,0.9932700991630554,0.9935123324394226,3.5804991722106934,9.426687240600586,3.542503452848983,9.343615236443243,0.0,0,two_ankles,accepted,3.5804991722106934,9.426687240600586,0.026682898982159347
106,3.533333333333333,detected,1,5,0.8875942230224609,ankle_midpoint,890.55126953125,606.0499267578125,0.9831757545471191,0.9885614514350891,2.3917384147644043,1.8896600008010864,2.3875895721211116,1.8592296577490284,0.0,0,two_ankles,accepted,2.3917384147644043,1.8896600008010864,0.010066524877116415
106,3.533333333333333,detected,2,3,0.847620964050293,ankle_midpoint,1160.933349609375,602.34619140625,0.9843908548355103,0.9906972646713257,4.7825517654418945,1.638472080230713,4.762649324202938,1.5960320368738516,0.0,0,two_ankles,accepted,4.7825517654418945,1.638472080230713,0.009142317225272508
106,3.533333333333333,detected,3,2,0.8910732269287109,ankle_midpoint,1260.81298828125,824.2581787109375,0.9900516867637634,0.9968196153640747,4.8910746574401855,9.44229507446289,4.564731477891589,10.944098139306927,0.7101713729800964,0,two_ankles,corrected_motion_outlier,4.630693520206836,10.77731111453418,0.4835551072901933
106,3.533333333333333,detected,4,1,0.9197787046432495,ankle_midpoint,1051.16162109375,825.6430053710938,0.990259051322937,0.9912011623382568,3.5889060497283936,9.505535125732422,3.563384621444718,9.416479186623373,0.0,0,two_ankles,accepted,3.5889060497283936,9.505535125732422,0.0792947954115578
107,3.566666666666667,detected,1,5,0.8815878629684448,ankle_midpoint,890.6439208984375,605.7838134765625,0.9830370545387268,0.9884458780288696,2.3922014236450195,1.8764755725860596,2.38966490530687,1.8669903194256925,0.0,0,two_ankles,accepted,2.3922014236450195,1.8764755725860596,0.013192555650090122
107,3.566666666666667,detected,2,3,0.8142908811569214,ankle_midpoint,1163.06591796875,598.092041015625,0.9798194766044617,0.989316463470459,4.815774440765381,1.4219321012496948,4.786555626656037,1.5176870658429813,0.0,0,two_ankles,accepted,4.815774440765381,1.4219321012496948,0.2190737516288739
107,3.566666666666667,detected,3,2,0.9138135313987732,ankle_midpoint,1266.987060546875,838.6551513671875,0.9937402009963989,0.9981257319450378,4.894044876098633,9.789913177490234,4.618735497619042,10.808341809373907,0.22782220244500062,0,two_ankles,corrected_motion_outlier,4.684740410619263,10.642417406122437,0.32010019780489835
107,3.566666666666667,detected,4,1,0.9222449064254761,ankle_midpoint,1051.0296630859375,829.1563720703125,0.9901381731033325,0.9897435307502747,3.585686445236206,9.591299057006836,3.573420442150888,9.495148128295932,0.0,0,two_ankles,accepted,3.585686445236206,9.591299057006836,0.08582434247186828
108,3.6,detected,1,5,0.8805837631225586,ankle_midpoint,890.8104248046875,604.4766845703125,0.9807563424110413,0.9867250919342041,2.3919403553009033,1.8115888833999634,2.390688857804185,1.8420596732141146,0.0,0,two_ankles,accepted,2.3919403553009033,1.8115888833999634,0.06488721438167423
108,3.6,detected,2,3,0.8151175379753113,ankle_midpoint,1164.012939453125,597.6346435546875,0.978609561920166,0.9882246255874634,4.825808525085449,1.3982553482055664,4.8042194309492725,1.4639427929061446,0.0,0,two_ankles,accepted,4.825808525085449,1.3982553482055664,0.025715199451975597
108,3.6,detected,3,2,0.9163952469825745,ankle_midpoint,1283.25048828125,847.8616943359375,0.9918217062950134,0.9931939840316772,4.970026969909668,10.003694534301758,4.776816660149824,10.44625053559144,0.0,0,two_ankles,accepted,4.970026969909668,10.003694534301758,0.23764324823500968
108,3.6,detected,4,1,0.9239487051963806,ankle_midpoint,1050.676513671875,829.1800537109375,0.9901180863380432,0.9891520738601685,3.5834951400756836,9.591922760009766,3.577954056217046,9.538696712567159,0.0,0,two_ankles,accepted,3.5834951400756836,9.591922760009766,0.0022783379341958644
109,3.6333333333333333,detected,1,5,0.8773773312568665,ankle_midpoint,891.3616333007812,603.542724609375,0.9815710186958313,0.987184464931488,2.3955676555633545,1.7649199962615967,2.3928843167958114,1.8073468185854817,0.0,0,two_ankles,accepted,2.3955676555633545,1.7649199962615967,0.04680963932704019
109,3.6333333333333333,detected,2,3,0.8413485288619995,ankle_midpoint,1164.044921875,597.2366943359375,0.9812316298484802,0.9902760982513428,4.82745361328125,1.377820372581482,4.814674812998662,1.4251877037600464,0.0,0,two_ankles,accepted,4.82745361328125,1.377820372581482,0.02050108640850259
109,3.6333333333333333,detected,3,2,0.8833745718002319,ankle_midpoint,1304.783447265625,860.722900390625,0.9939075112342834,0.9951061010360718,5.066139221191406,10.29403305053711,4.894152441535393,10.173172650686315,0.0,0,two_ankles,corrected_motion_outlier,5.037562841006643,9.839410791357826,0.3058333187476301
109,3.6333333333333333,detected,4,1,0.9256458282470703,ankle_midpoint,1049.5777587890625,828.1578369140625,0.991776704788208,0.9904386401176453,3.57741117477417,9.567212104797363,3.5777097595677523,9.551528639070751,0.0,0,two_ankles,accepted,3.57741117477417,9.567212104797363,0.025448597501949877
110,3.6666666666666665,detected,1,5,0.8948675990104675,ankle_midpoint,890.263671875,603.70068359375,0.9819497466087341,0.9869712591171265,2.3860886096954346,1.773071527481079,2.3898262486006416,1.7919229375885006,0.0,0,two_ankles,accepted,2.3860886096954346,1.773071527481079,0.012501990713015521
110,3.6666666666666665,detected,2,3,0.8554189801216125,ankle_midpoint,1164.7786865234375,596.857666015625,0.9792136549949646,0.9877182245254517,4.835331916809082,1.3581503629684448,4.823970509713352,1.3950209004038259,0.0,0,two_ankles,accepted,4.835331916809082,1.3581503629684448,0.021189076068899818
110,3.6666666666666665,detected,3,2,0.8804613947868347,ankle_midpoint,1322.788818359375,871.163330078125,0.9854063987731934,0.9879273772239685,5.144927501678467,10.522698402404785,5.007001218599776,10.330459238959627,0.1985066485213587,0,two_ankles,accepted,5.144927501678467,10.522698402404785,0.27384083475575427
110,3.6666666666666665,detected,4,1,0.9291863441467285,ankle_midpoint,1047.2379150390625,825.612548828125,0.990728497505188,0.9901371002197266,3.564641237258911,9.505332946777344,3.571828924528774,9.530740577538719,0.0,0,two_ankles,accepted,3.564641237258911,9.505332946777344,0.06318307923336881
111,3.7,detected,1,5,0.892611563205719,ankle_midpoint,889.918701171875,603.0494384765625,0.9830301403999329,0.9877116084098816,2.3821704387664795,1.74062979221344,2.3863811341752688,1.7688410221697235,0.0,0,two_ankles,accepted,2.3821704387664795,1.74062979221344,0.03267748843782354
111,3.7,detected,2,3,0.8718472123146057,ankle_midpoint,1164.2646484375,596.07763671875,0.9862944483757019,0.9916542768478394,4.833396911621094,1.318088412284851,4.828212390571836,1.3604012807502874,0.0,0,two_ankles,accepted,4.833396911621094,1.318088412284851,0.04010865414910153
111,3.7,detected,3,2,0.8877630233764648,ankle_midpoint,1332.27685546875,874.8109741210938,0.9736803770065308,0.980705738067627,5.190564155578613,10.600767135620117,5.089604540240254,10.452097792456847,0.0,0,two_ankles,accepted,5.190564155578613,10.600767135620117,0.0904291506376591
111,3.7,detected,4,1,0.9314509630203247,ankle_midpoint,1044.9552001953125,825.2005615234375,0.9902087450027466,0.9902021884918213,3.5507750511169434,9.4955415725708,3.56235468149345,9.514901025303157,0.0,0,two_ankles,accepted,3.5507750511169434,9.4955415725708,0.016974749688176673
112,3.7333333333333334,detected,1,5,0.8800477385520935,ankle_midpoint,889.9185791015625,601.6787109375,0.983126699924469,0.9887940287590027,2.3803207874298096,1.6719008684158325,2.3836539781398125,1.7252179529804725,0.0,0,two_ankles,accepted,2.3803207874298096,1.6719008684158325,0.06875380845047474
112,3.7333333333333334,detected,2,3,0.8631146550178528,ankle_midpoint,1164.113525390625,593.4144287109375,0.982125997543335,0.9878665208816528,4.841230869293213,1.1799736022949219,4.8340707059964565,1.279208825445373,0.0,0,two_ankles,accepted,4.841230869293213,1.1799736022949219,0.13833680504971482
112,3.7333333333333334,detected,3,2,0.8825057148933411,ankle_midpoint,1338.46533203125,870.55126953125,0.9902632236480713,0.9944339394569397,5.238224029541016,10.507335662841797,5.156483310425597,10.476954834130076,0.0,0,two_ankles,accepted,5.238224029541016,10.507335662841797,0.1048851929093811
112,3.7333333333333334,detected,4,1,0.9292334914207458,ankle_midpoint,1042.93701171875,825.9954223632812,0.988602876663208,0.9896246790885925,3.5377845764160156,9.515314102172852,3.5512981342086047,9.51508690989452,0.0,0,two_ankles,accepted,3.5377845764160156,9.515314102172852,0.02365809290326289
113,3.7666666666666666,detected,1,5,0.8704017996788025,ankle_midpoint,890.1427001953125,598.4446411132812,0.9828115105628967,0.9888426065444946,2.377918004989624,1.5082337856292725,2.3810727902222277,1.6275750776724327,0.0,0,two_ankles,accepted,2.377918004989624,1.5082337856292725,0.1636847193580316
113,3.7666666666666666,detected,2,3,0.8261894583702087,ankle_midpoint,1162.7353515625,593.208251953125,0.9797461628913879,0.9863263368606567,4.829493999481201,1.1695690155029297,4.832011188064592,1.2298709109712735,0.0,0,two_ankles,accepted,4.829493999481201,1.1695690155029297,0.015684691240066228
113,3.7666666666666666,detected,3,2,0.8705065250396729,ankle_midpoint,1355.8623046875,879.583740234375,0.9897626042366028,0.9956105351448059,5.3142476081848145,10.700447082519531,5.227477244417245,10.577526345905332,0.0,0,two_ankles,accepted,5.3142476081848145,10.700447082519531,0.2075369965084778
113,3.7666666666666666,detected,4,1,0.9282307624816895,ankle_midpoint,1041.96630859375,828.6517333984375,0.9884341359138489,0.9892125129699707,3.530163288116455,9.580283164978027,3.541787453467138,9.544425224682099,0.0,0,two_ankles,accepted,3.530163288116455,9.580283164978027,0.06541454851275742
114,3.8,detected,1,5,0.8796982169151306,ankle_midpoint,890.5283203125,598.37109375,0.9835504293441772,0.9897090792655945,2.3812551498413086,1.5043927431106567,2.3811548520508143,1.5721430271196337,0.0,0,two_ankles,accepted,2.3812551498413086,1.5043927431106567,0.005088235783740632
114,3.8,detected,2,3,0.8190801739692688,ankle_midpoint,1162.869873046875,593.6029663085938,0.9788418412208557,0.9856780171394348,4.829348564147949,1.1901180744171143,4.830813007302103,1.211982134521902,0.0,0,two_ankles,accepted,4.829348564147949,1.1901180744171143,0.020549573564791715
114,3.8,detected,3,2,0.8842767477035522,ankle_midpoint,1364.703857421875,883.4661254882812,0.9914907813072205,0.9957752823829651,5.354248046875,10.781946182250977,5.284524105523236,10.669515272260872,0.0,0,two_ankles,accepted,5.354248046875,10.781946182250977,0.09078622336259705
114,3.8,detected,4,1,0.9273361563682556,ankle_midpoint,1040.251953125,830.7455444335938,0.9891029596328735,0.9898058772087097,3.518359899520874,9.631298065185547,3.531245054191319,9.58351800290865,0.0,0,two_ankles,accepted,3.518359899520874,9.631298065185547,0.052362582303792746
115,3.8333333333333335,detected,1,5,0.8519670367240906,ankle_midpoint,887.9271240234375,598.8007202148438,0.9824235439300537,0.9890944361686707,2.358670473098755,1.5269012451171875,2.3710368815223877,1.551784225218533,0.0,0,two_ankles,accepted,2.358670473098755,1.5269012451171875,0.0318857379739539
115,3.8333333333333335,detected,2,3,0.8022950887680054,ankle_midpoint,1163.46923828125,595.4705810546875,0.9749413728713989,0.9844479560852051,4.828330039978027,1.2869257926940918,4.829695672006269,1.2457067806993876,0.0,0,two_ankles,accepted,4.828330039978027,1.2869257926940918,0.09681307612858589
115,3.8333333333333335,detected,3,2,0.9030352830886841,ankle_midpoint,1386.2364501953125,900.6134033203125,0.9808986783027649,0.9867266416549683,5.427670955657959,11.134772300720215,5.341113167694247,10.74859260010043,0.0,0,two_ankles,corrected_motion_outlier,5.410277577014371,10.845242667459887,0.3603847852063398
115,3.8333333333333335,detected,4,1,0.9251202344894409,ankle_midpoint,1038.37353515625,835.7840576171875,0.9928534626960754,0.9915870428085327,3.5039448738098145,9.752585411071777,3.5189599730196424,9.659598336582057,0.0,0,two_ankles,accepted,3.5039448738098145,9.752585411071777,0.12214095643303526
116,3.8666666666666667,detected,1,5,0.8705484867095947,ankle_midpoint,888.114501953125,601.2484741210938,0.9836283922195435,0.9891696572303772,2.363746404647827,1.6506998538970947,2.3677561669288356,1.596296258123886,0.0,0,two_ankles,accepted,2.363746404647827,1.6506998538970947,0.12390262554494715
116,3.8666666666666667,detected,2,3,0.8170799612998962,ankle_midpoint,1163.538330078125,596.1755981445312,0.9650083184242249,0.9803882837295532,4.826535701751709,1.3233259916305542,4.828273685391718,1.2806354256184127,0.0,0,two_ankles,accepted,4.826535701751709,1.3233259916305542,0.036444397817558545
116,3.8666666666666667,detected,3,2,0.8974335789680481,ankle_midpoint,1408.25634765625,921.7353515625,0.9829785227775574,0.9923715591430664,5.489245414733887,11.550070762634277,5.397450440451021,10.820568548756196,0.0,0,two_ankles,corrected_motion_outlier,5.466307107153743,10.9085391526688,0.38994860568985545
116,3.8666666666666667,detected,4,1,0.9245943427085876,ankle_midpoint,1037.41357421875,836.2221069335938,0.9923064112663269,0.9917318224906921,3.497840166091919,9.763161659240723,3.509456059902167,9.706201831778458,0.0,0,two_ankles,accepted,3.497840166091919,9.763161659240723,0.012211653518342717
117,3.9,detected,1,5,0.8727400302886963,ankle_midpoint,888.0485229492188,601.5081176757812,0.9835952520370483,0.9895220398902893,2.3635213375091553,1.663784146308899,2.3658504936899796,1.626665807807142,0.0,0,two_ankles,accepted,2.3635213375091553,1.663784146308899,0.013086227994900092
117,3.9,detected,2,3,0.8222013711929321,ankle_midpoint,1163.23193359375,596.1900634765625,0.9641709327697754,0.9756076335906982,4.823733806610107,1.324149489402771,4.8262307399399935,1.300216754321374,0.0,0,two_ankles,accepted,4.823733806610107,1.324149489402771,0.0029204049317477308
117,3.9,detected,3,2,0.9015436768531799,ankle_midpoint,1423.81005859375,934.2249755859375,0.9954044818878174,0.9932646751403809,5.537927150726318,11.785653114318848,5.453649229029963,10.888638738860877,0.16396679850601537,0,two_ankles,corrected_motion_outlier,5.522336637293114,10.97183563787771,0.3401250780836566
117,3.9,detected,4,1,0.9222667217254639,ankle_midpoint,1035.4029541015625,834.10595703125,0.9923105239868164,0.9924722909927368,3.486720561981201,9.712862014770508,3.4992250858377325,9.70919891412488,0.0,0,two_ankles,accepted,3.486720561981201,9.712862014770508,0.0515140740905736
118,3.933333333333333,detected,1,5,0.8630803823471069,ankle_midpoint,889.154541015625,602.0130615234375,0.9819756150245667,0.9901630878448486,2.374009847640991,1.688887596130371,2.369522202967935,1.6546656125525954,0.0,0,two_ankles,accepted,2.374009847640991,1.688887596130371,0.02720647051208216
118,3.933333333333333,detected,2,3,0.8379525542259216,ankle_midpoint,1160.921142578125,596.4403686523438,0.9751773476600647,0.9808573722839355,4.802132606506348,1.3376367092132568,4.815386579894853,1.3170557340227214,0.0,0,two_ankles,accepted,4.802132606506348,1.3376367092132568,0.0254659958403168
118,3.933333333333333,detected,3,2,0.9191267490386963,ankle_midpoint,1451.5692138671875,961.6322021484375,0.981650710105896,0.9724197387695312,5.606489181518555,12.27982234954834,5.509771851311099,10.954560761762462,0.595007897071585,0,two_ankles,corrected_motion_outlier,5.5783661674324865,11.03513212308662,0.37974157352103505
118,3.933333333333333,detected,4,1,0.9255032539367676,ankle_midpoint,1031.5152587890625,831.1937866210938,0.9874019026756287,0.9897127151489258,3.4644312858581543,9.643330574035645,3.483567875846923,9.679558161084724,0.0,0,two_ankles,accepted,3.4644312858581543,9.643330574035645,0.07301666303492123
119,3.966666666666667,detected,1,5,0.8523788452148438,ankle_midpoint,887.8560180664062,601.2349853515625,0.9855089783668518,0.9927863478660583,2.361436367034912,1.6500844955444336,2.365883576798075,1.6526041098989226,0.0,0,two_ankles,accepted,2.361436367034912,1.6500844955444336,0.04078937397943036
119,3.966666666666667,detected,2,3,0.8550277352333069,ankle_midpoint,1159.5810546875,595.6893310546875,0.9727760553359985,0.9771799445152283,4.7926201820373535,1.2992188930511475,4.805141700858979,1.3090291555855131,0.0,0,two_ankles,accepted,4.7926201820373535,1.2992188930511475,0.03957795873897428
119,3.966666666666667,detected,3,2,0.928869366645813,ankle_midpoint,1481.548828125,982.974853515625,0.972480297088623,0.9713526368141174,5.699801921844482,12.642916679382324,5.565852582128441,11.019301292702345,0.8958723672745422,0,two_ankles,corrected_motion_outlier,5.634395697571858,11.098428608295533,0.37855613436845637
119,3.966666666666667,detected,4,1,0.9220519065856934,ankle_midpoint,1028.6097412109375,830.25732421875,0.9913640022277832,0.9923931360244751,3.4470467567443848,9.621084213256836,3.467133372250781,9.653244884562175,0.0,0,two_ankles,accepted,3.4470467567443848,9.621084213256836,0.028233356520407094
120,4.0,detected,1,5,0.8554704189300537,ankle_midpoint,887.88671875,598.9513549804688,0.9524474740028381,0.9730823040008545,2.3585219383239746,1.5345667600631714,2.36257083948473,1.5994873024728347,0.0,0,two_ankles,accepted,2.3585219383239746,1.5345667600631714,0.11555449409447476
120,4.0,detected,2,3,0.868069052696228,ankle_midpoint,1159.0087890625,596.2061157226562,0.9697969555854797,0.9758888483047485,4.785746097564697,1.3260431289672852,4.796413679376553,1.3166854436073105,0.0,0,two_ankles,accepted,4.785746097564697,1.3260431289672852,0.027691021465843856
120,4.0,detected,3,2,0.9168733358383179,ankle_midpoint,1485.14990234375,989.6796875,0.9917095303535461,0.9907925128936768,5.6986470222473145,12.75405216217041,5.6219102726406955,11.08339200306329,0.9423482946616116,0,two_ankles,corrected_motion_outlier,5.690425227711229,11.161725093504444,0.3336587016311849
120,4.0,detected,4,1,0.9239389300346375,ankle_midpoint,1026.7490234375,832.906005859375,0.986527144908905,0.9892296195030212,3.4343416690826416,9.68524169921875,3.4523771058251187,9.667643451157634,0.0,0,two_ankles,accepted,3.4343416690826416,9.68524169921875,0.06540338108573424
121,4.033333333333333,detected,1,5,0.8757465481758118,ankle_midpoint,886.3919677734375,598.7476806640625,0.9632008671760559,0.977382481098175,2.3449220657348633,1.5245875120162964,2.35462889129729,1.5657823967673925,0.0,0,two_ankles,accepted,2.3449220657348633,1.5245875120162964,0.016868370579908427
121,4.033333333333333,detected,2,3,0.8807327747344971,ankle_midpoint,1156.708251953125,593.22900390625,0.9681869745254517,0.9765875935554504,4.774969100952148,1.1721875667572021,4.786763619085571,1.251661399024762,0.0,0,two_ankles,accepted,4.774969100952148,1.1721875667572021,0.15423254416292176
121,4.033333333333333,detected,3,2,0.9247374534606934,ankle_midpoint,1482.191650390625,994.3853759765625,0.9924934506416321,0.9942877888679504,5.6701130867004395,12.831629753112793,5.64360153896758,11.870098990585568,0.9584209264993712,0,two_ankles,accepted,5.6701130867004395,12.831629753112793,0.2962684064391189
121,4.033333333333333,detected,4,1,0.9265842437744141,ankle_midpoint,1023.7681274414062,834.8618774414062,0.9859258532524109,0.9887049794197083,3.415196657180786,9.7325439453125,3.4356459039351694,9.696848673527324,0.0,0,two_ankles,accepted,3.415196657180786,9.7325439453125,0.05102973609804263
122,4.066666666666666,detected,1,5,0.870141863822937,ankle_midpoint,882.241455078125,598.209228515625,0.9766144156455994,0.98583984375,2.3071446418762207,1.4982179403305054,2.333260979057809,1.5353783913707935,0.0,0,two_ankles,accepted,2.3071446418762207,1.4982179403305054,0.04607046846177721
122,4.066666666666666,detected,2,3,0.8728489875793457,ankle_midpoint,1153.1114501953125,591.8901977539062,0.9690524339675903,0.9770809412002563,4.7468719482421875,1.103066086769104,4.768812367206049,1.184793508509716,0.0,0,two_ankles,accepted,4.7468719482421875,1.103066086769104,0.0746138659107804
122,4.066666666666666,detected,3,2,0.9221025109291077,ankle_midpoint,1473.458251953125,990.5391235351562,0.9957606196403503,0.996291995048523,5.63679838180542,12.769421577453613,5.640540118244608,12.274794154676188,0.0,0,two_ankles,accepted,5.63679838180542,12.769421577453613,0.07056717849741191
122,4.066666666666666,detected,4,1,0.9241144061088562,ankle_midpoint,1022.881591796875,837.1246337890625,0.9802400469779968,0.9869670271873474,3.4087839126586914,9.786613464355469,3.4235580078607546,9.737242829399989,0.0,0,two_ankles,accepted,3.4087839126586914,9.786613464355469,0.05444847272278274
123,4.1,detected,1,5,0.862212061882019,ankle_midpoint,880.4832763671875,596.7667236328125,0.9809983372688293,0.9874972105026245,2.2892494201660156,1.4249582290649414,2.313455777556502,1.48568931833316,0.0,0,two_ankles,accepted,2.2892494201660156,1.4249582290649414,0.07541368744976733
123,4.1,detected,2,3,0.8727023601531982,ankle_midpoint,1153.1990966796875,591.6607666015625,0.9685370922088623,0.9764388799667358,4.748422145843506,1.0910041332244873,4.759636767592905,1.1425882896313633,0.0,0,two_ankles,accepted,4.748422145843506,1.0910041332244873,0.012161160960846813
123,4.1,detected,3,2,0.9219473600387573,ankle_midpoint,1471.1806640625,989.6052856445312,0.9944851994514465,0.9932209253311157,5.62786865234375,12.754254341125488,5.634837958589222,12.490551238578373,0.0,0,two_ankles,accepted,5.62786865234375,12.754254341125488,0.01760071379495191
123,4.1,detected,4,1,0.9226083755493164,ankle_midpoint,1022.8134155273438,835.637451171875,0.9865208864212036,0.9884555339813232,3.4090206623077393,9.751201629638672,3.4170162023618977,9.743524289507397,0.0,0,two_ankles,accepted,3.4090206623077393,9.751201629638672,0.03541262611563939
124,4.133333333333334,detected,1,5,0.8496351838111877,ankle_midpoint,875.87353515625,595.7944946289062,0.9826128482818604,0.9848648309707642,2.2464535236358643,1.3762121200561523,2.2833047632922154,1.4364245791085066,0.0,0,two_ankles,accepted,2.2464535236358643,1.3762121200561523,0.06486656999808274
124,4.133333333333334,detected,2,3,0.869807243347168,ankle_midpoint,1154.27294921875,593.1041870117188,0.9653266072273254,0.971103310585022,4.7533793449401855,1.1662938594818115,4.756820927399181,1.153255796064065,0.0,0,two_ankles,accepted,4.7533793449401855,1.1662938594818115,0.0754527448326894
124,4.133333333333334,detected,3,2,0.9194884300231934,ankle_midpoint,1456.5050048828125,990.3754272460938,0.9922311902046204,0.9927672147750854,5.551183700561523,12.768457412719727,5.597193542476758,12.615609016941983,0.0,0,two_ankles,accepted,5.551183700561523,12.768457412719727,0.07798915996825118
124,4.133333333333334,detected,4,1,0.9190073609352112,ankle_midpoint,1015.6466064453125,833.9215087890625,0.9836523532867432,0.9881992340087891,3.3659207820892334,9.711135864257812,3.394023263239199,9.728949498145084,0.0,0,two_ankles,accepted,3.3659207820892334,9.711135864257812,0.05884611482845424
125,4.166666666666667,detected,1,5,0.8456180691719055,ankle_midpoint,874.095703125,595.5562744140625,0.9898059964179993,0.9846124053001404,2.230133056640625,1.3644036054611206,2.259377495299,1.404015140967183,0.0,0,two_ankles,accepted,2.230133056640625,1.3644036054611206,0.020144444888945724
125,4.166666666666667,detected,2,3,0.8672128319740295,ankle_midpoint,1153.9541015625,593.9841918945312,0.9680275321006775,0.9721245765686035,4.747605323791504,1.2122336626052856,4.752673905775726,1.1797958360076144,0.0,0,two_ankles,accepted,4.747605323791504,1.2122336626052856,0.04630124006167638
125,4.166666666666667,detected,3,2,0.9264383912086487,ankle_midpoint,1443.898193359375,987.784423828125,0.9820652604103088,0.9801995158195496,5.494102954864502,12.726936340332031,5.550802778051242,12.665706312467506,0.0,0,two_ankles,accepted,5.494102954864502,12.726936340332031,0.07058477868175454
125,4.166666666666667,detected,4,1,0.9210139513015747,ankle_midpoint,1003.6561889648438,828.20263671875,0.9789218902587891,0.9815229177474976,3.2941958904266357,9.5746431350708,3.3491009454735456,9.659511634761657,0.0,0,two_ankles,accepted,3.2941958904266357,9.5746431350708,0.15419054836445162
126,4.2,detected,1,5,0.8612061738967896,ankle_midpoint,874.20556640625,595.424072265625,0.9891013503074646,0.9803046584129333,2.230897903442383,1.3575693368911743,2.246561678963522,1.3831145291329792,0.0,0,two_ankles,accepted,2.230897903442383,1.3575693368911743,0.006876933729236806
126,4.2,detected,2,3,0.8807002305984497,ankle_midpoint,1153.811767578125,594.0577392578125,0.9359624981880188,0.9537723660469055,4.74608039855957,1.2160953283309937,4.749706827528456,1.196130607553135,0.0,0,two_ankles,accepted,4.74608039855957,1.2160953283309937,0.004151850086418786
126,4.2,detected,3,2,0.9176717400550842,ankle_midpoint,1439.4931640625,991.9193115234375,0.9882763028144836,0.9887480735778809,5.460751056671143,12.795587539672852,5.510279503430198,12.724152864709913,0.0,0,two_ankles,accepted,5.460751056671143,12.795587539672852,0.07632389065052472
126,4.2,detected,4,1,0.9198262095451355,ankle_midpoint,993.9290161132812,825.6109619140625,0.9854720234870911,0.988749623298645,3.234767436981201,9.512693405151367,3.297650866651991,9.593443431437027,0.0,0,two_ankles,accepted,3.234767436981201,9.512693405151367,0.08584585089570113
127,4.233333333333333,detected,1,5,0.8646215200424194,ankle_midpoint,871.858642578125,594.3524169921875,0.9904271364212036,0.983817458152771,2.2080328464508057,1.3028572797775269,2.2292237043328,1.3469987669230257,0.0,0,two_ankles,accepted,2.2080328464508057,1.3028572797775269,0.059297723605844205
127,4.233333333333333,detected,2,3,0.8833224773406982,ankle_midpoint,1154.0433349609375,593.28076171875,0.945715069770813,0.9605931043624878,4.750722885131836,1.1755667924880981,4.750164053449978,1.1868768907738685,0.0,0,two_ankles,accepted,4.750722885131836,1.1755667924880981,0.040793564432916776
127,4.233333333333333,detected,3,2,0.9195560812950134,ankle_midpoint,1423.8431396484375,992.882080078125,0.9899285435676575,0.9878252148628235,5.37899923324585,12.812970161437988,5.451203381847241,12.764120648237547,0.0,0,two_ankles,accepted,5.37899923324585,12.812970161437988,0.08357940040937172
127,4.233333333333333,detected,4,1,0.9266324639320374,ankle_midpoint,975.0964965820312,825.6898193359375,0.9858786463737488,0.9895859360694885,3.1182641983032227,9.51723861694336,3.2169268658950454,9.559151264914878,0.0,0,two_ankles,accepted,3.1182641983032227,9.51723861694336,0.11659186752382043
128,4.266666666666667,detected,1,5,0.8851194381713867,ankle_midpoint,869.8992309570312,593.8245849609375,0.9825564622879028,0.9795783162117004,2.18951153755188,1.2760288715362549,2.211353229281386,1.315062313998979,0.0,0,two_ankles,accepted,2.18951153755188,1.2760288715362549,0.03260064987220005
128,4.266666666666667,detected,2,3,0.875322699546814,ankle_midpoint,1150.650146484375,593.3016357421875,0.9780193567276001,0.981381893157959,4.720004558563232,1.1775199174880981,4.736592280750942,1.182666252795272,0.0,0,two_ankles,accepted,4.720004558563232,1.1775199174880981,0.030780355495689093
128,4.266666666666667,detected,3,2,0.9132294654846191,ankle_midpoint,1405.19775390625,993.013916015625,0.9811269640922546,0.9798806309700012,5.284304618835449,12.81702709197998,5.3760989384919355,12.787928547921643,0.0,0,two_ankles,accepted,5.284304618835449,12.81702709197998,0.0947814785902655
128,4.266666666666667,detected,4,1,0.9153815507888794,ankle_midpoint,957.1919555664062,827.2540283203125,0.9648167490959167,0.9805496335029602,3.007685899734497,9.557950019836426,3.1227684311227986,9.558610704629576,0.0,0,two_ankles,accepted,3.007685899734497,9.557950019836426,0.11783453839972301
129,4.3,detected,1,5,0.8868959546089172,ankle_midpoint,868.9732666015625,594.6190185546875,0.9815887212753296,0.9803330302238464,2.182584762573242,1.317366361618042,2.1984074192627214,1.3160991354275575,0.0,0,two_ankles,accepted,2.182584762573242,1.317366361618042,0.041913819891135295
129,4.3,detected,2,3,0.8735949993133545,ankle_midpoint,1148.4384765625,592.850830078125,0.9797969460487366,0.9830586910247803,4.701468467712402,1.1545497179031372,4.7207865648836,1.1700138120938113,0.0,0,two_ankles,accepted,4.701468467712402,1.1545497179031372,0.029516380757185767
129,4.3,detected,3,2,0.9256711602210999,ankle_midpoint,1402.790771484375,992.545166015625,0.9828909635543823,0.9806777834892273,5.273258686065674,12.809593200683594,5.329820824900118,12.79767764166452,0.0,0,two_ankles,accepted,5.273258686065674,12.809593200683594,0.013314479733015933
129,4.3,detected,4,1,0.9227309823036194,ankle_midpoint,945.463623046875,828.5015869140625,0.9826734662055969,0.987518846988678,2.935556411743164,9.589941024780273,3.0385230224019635,9.57270934869739,0.0,0,two_ankles,accepted,2.935556411743164,9.589941024780273,0.07890556022999354
130,4.333333333333333,detected,1,5,0.8934590816497803,ankle_midpoint,866.9093017578125,596.411376953125,0.9735618233680725,0.9672579169273376,2.1672616004943848,1.4101502895355225,2.1843918008169703,1.358422154776142,0.0,0,two_ankles,accepted,2.1672616004943848,1.4101502895355225,0.09404071764874589
130,4.333333333333333,detected,2,3,0.875782310962677,ankle_midpoint,1141.042236328125,591.5311279296875,0.9748022556304932,0.9754593372344971,4.638664245605469,1.087310552597046,4.683831521208441,1.1327973453202669,0.0,0,two_ankles,accepted,4.638664245605469,1.087310552597046,0.09200801957175754
130,4.333333333333333,detected,3,2,0.9230794310569763,ankle_midpoint,1391.076904296875,991.216064453125,0.9938793182373047,0.9936933517456055,5.2170891761779785,12.788973808288574,5.2790915829751555,12.793760916645345,0.0,0,two_ankles,accepted,5.2170891761779785,12.788973808288574,0.059834548412799865
130,4.333333333333333,detected,4,1,0.9179858565330505,ankle_midpoint,930.7012939453125,835.3402099609375,0.9852883219718933,0.9924289584159851,2.8467655181884766,9.75662899017334,2.9522321455058944,9.655473187361569,0.0,0,two_ankles,accepted,2.8467655181884766,9.75662899017334,0.18886159107960504
131,4.366666666666666,detected,1,5,0.8885194659233093,ankle_midpoint,864.6810302734375,593.710205078125,0.9812496304512024,0.9792648553848267,2.142383337020874,1.2714229822158813,2.165487992108727,1.3192725271240247,0.0,0,two_ankles,accepted,2.142383337020874,1.2714229822158813,0.14094039090912006
131,4.366666666666666,detected,2,3,0.8827239871025085,ankle_midpoint,1133.798095703125,591.391357421875,0.9767286777496338,0.978417158126831,4.573426246643066,1.081824541091919,4.634149147654023,1.1098595834175105,0.0,0,two_ankles,accepted,4.573426246643066,1.081824541091919,0.0654682581932099
131,4.366666666666666,detected,3,2,0.9225820899009705,ankle_midpoint,1369.03466796875,987.3659057617188,0.9945694804191589,0.9955161213874817,5.11400032043457,12.727686882019043,5.204800514831892,12.76402760106351,0.0,0,two_ankles,accepted,5.11400032043457,12.727686882019043,0.11993081134575963
131,4.366666666666666,detected,4,1,0.9254431128501892,ankle_midpoint,926.053466796875,837.8240966796875,0.9825853109359741,0.9913280606269836,2.819260835647583,9.816320419311523,2.8923950560696543,9.72785444173905,0.0,0,two_ankles,accepted,2.819260835647583,9.816320419311523,0.0657234682151979
132,4.4,detected,1,5,0.8850405216217041,ankle_midpoint,864.864990234375,594.1307373046875,0.9860461354255676,0.984886109828949,2.1448094844818115,1.2931584119796753,2.1561826636766153,1.3075211753090676,0.0,0,two_ankles,accepted,2.1448094844818115,1.2931584119796753,0.021870416057291484
132,4.4,detected,2,3,0.9006522297859192,ankle_midpoint,1129.9833984375,591.2722778320312,0.9748968482017517,0.9758051037788391,4.539191722869873,1.0765446424484253,4.591418306501156,1.0948678599814223,0.0,0,two_ankles,accepted,4.539191722869873,1.0765446424484253,0.0346392833018079
132,4.4,detected,3,2,0.9230820536613464,ankle_midpoint,1355.455322265625,986.545166015625,0.9971041083335876,0.9976031184196472,5.046664237976074,12.715469360351562,5.133639190246774,12.742176392743135,0.0,0,two_ankles,accepted,5.046664237976074,12.715469360351562,0.06843548667579372
132,4.4,detected,4,1,0.9242252111434937,ankle_midpoint,924.757568359375,838.2130737304688,0.9901843070983887,0.9949114918708801,2.811516523361206,9.825709342956543,2.855999716350853,9.771889147286924,0.0,0,two_ankles,accepted,2.811516523361206,9.825709342956543,0.012170713208392345
133,4.433333333333334,detected,1,5,0.8810810446739197,ankle_midpoint,863.6526489257812,594.9854736328125,0.986583411693573,0.9867527484893799,2.1354994773864746,1.3376260995864868,2.146875229846052,1.3210683912339065,0.0,0,two_ankles,accepted,2.1354994773864746,1.3376260995864868,0.045431833258324526
133,4.433333333333334,detected,2,3,0.8661364912986755,ankle_midpoint,1117.560546875,590.5285034179688,0.9826878905296326,0.986129105091095,4.428554058074951,1.0405853986740112,4.518129394709364,1.0704407523930874,0.0,0,two_ankles,accepted,4.428554058074951,1.0405853986740112,0.11633468994285939
133,4.433333333333334,detected,3,2,0.9186797142028809,ankle_midpoint,1322.3028564453125,978.3990478515625,0.9957444071769714,0.9959200620651245,4.894188404083252,12.582462310791016,5.02588633647319,12.670305055864683,0.0,0,two_ankles,accepted,4.894188404083252,12.582462310791016,0.20233574858169107
133,4.433333333333334,detected,4,1,0.9235017895698547,ankle_midpoint,924.0947265625,839.057373046875,0.987170398235321,0.9931643605232239,2.807791233062744,9.84576416015625,2.834305898871204,9.805132903078121,0.0,0,two_ankles,accepted,2.807791233062744,9.84576416015625,0.020397879319220404
134,4.466666666666667,detected,1,5,0.8858605623245239,ankle_midpoint,858.7215576171875,593.5859985351562,0.9840390086174011,0.9845243096351624,2.088550567626953,1.2664936780929565,2.1206291318474575,1.296509770320479,0.0,0,two_ankles,accepted,2.088550567626953,1.2664936780929565,0.08522922923000617
134,4.466666666666667,detected,2,3,0.8847123384475708,ankle_midpoint,1108.154296875,590.3253173828125,0.9842718243598938,0.9856624007225037,4.343675136566162,1.0322902202606201,4.4396249785449236,1.0532730129334773,0.0,0,two_ankles,accepted,4.343675136566162,1.0322902202606201,0.08528330024925844
134,4.466666666666667,detected,3,2,0.9250714182853699,ankle_midpoint,1291.09765625,978.7489624023438,0.9918606877326965,0.9916380047798157,4.733149528503418,12.591622352600098,4.894154772886793,12.63489783939562,0.0,0,two_ankles,accepted,4.733149528503418,12.591622352600098,0.16129918107033706
134,4.466666666666667,detected,4,1,0.9278774857521057,ankle_midpoint,923.5936279296875,837.9873046875,0.9779897332191467,0.9846054315567017,2.8043580055236816,9.820520401000977,2.8208293468648193,9.812057277143406,0.0,0,two_ankles,accepted,2.8043580055236816,9.820520401000977,0.02547615409798796
135,4.5,detected,1,5,0.8841760754585266,ankle_midpoint,854.3466186523438,592.5848999023438,0.9850291609764099,0.9846941828727722,2.0471715927124023,1.2155877351760864,2.087573239236683,1.2600948545055024,0.0,0,two_ankles,accepted,2.0471715927124023,1.2155877351760864,0.06560209287236697
135,4.5,detected,2,3,0.8932402729988098,ankle_midpoint,1104.298583984375,590.827880859375,0.9845523834228516,0.9858355522155762,4.307440280914307,1.0597584247589111,4.380141864611146,1.0561914482549226,0.0,0,two_ankles,accepted,4.307440280914307,1.0597584247589111,0.04546940754475186
135,4.5,detected,3,2,0.9211275577545166,ankle_midpoint,1273.4857177734375,976.5687255859375,0.9932998418807983,0.9935252666473389,4.646504878997803,12.556570053100586,4.7827123206367474,12.599650335562856,0.0,0,two_ankles,accepted,4.646504878997803,12.556570053100586,0.09346635217100525
135,4.5,detected,4,1,0.9298327565193176,ankle_midpoint,923.3603515625,838.5208740234375,0.9762102365493774,0.9843073487281799,2.8031351566314697,9.833182334899902,2.8128669612598123,9.82156355313383,0.0,0,two_ankles,accepted,2.8031351566314697,9.833182334899902,0.012720846256202838
136,4.533333333333333,detected,1,5,0.8862608671188354,ankle_midpoint,847.5565185546875,591.0797119140625,0.9917131662368774,0.9924620985984802,1.9827351570129395,1.1387295722961426,2.0403961022359987,1.2054804775112906,0.0,0,two_ankles,accepted,1.9827351570129395,1.1387295722961426,0.1002957199831129
136,4.533333333333333,detected,2,3,0.8639184832572937,ankle_midpoint,1095.697998046875,590.5203857421875,0.9811837673187256,0.981934666633606,4.2301249504089355,1.0457736253738403,4.312634253220152,1.0515034279584357,0.0,0,two_ankles,accepted,4.2301249504089355,1.0457736253738403,0.07856993664879362
136,4.533333333333333,detected,3,2,0.9313600063323975,ankle_midpoint,1245.784912109375,970.3070068359375,0.9941946864128113,0.9936410784721375,4.513967037200928,12.452546119689941,4.661776943090629,12.533453438420045,0.0,0,two_ankles,accepted,4.513967037200928,12.452546119689941,0.1684851869761721
136,4.533333333333333,detected,4,1,0.9256452322006226,ankle_midpoint,922.7897338867188,839.423095703125,0.9666969776153564,0.9691439867019653,2.800001859664917,9.854575157165527,2.8070776655421095,9.836418774948093,0.0,0,two_ankles,accepted,2.800001859664917,9.854575157165527,0.021621063673400283
137,4.566666666666666,detected,1,5,0.8999451398849487,ankle_midpoint,836.6317138671875,592.7625732421875,0.9833231568336487,0.9812712073326111,1.8879655599594116,1.2293369770050049,1.9718023582115345,1.2162159022834622,0.0,0,two_ankles,accepted,1.8879655599594116,1.2293369770050049,0.13111437111836213
137,4.566666666666666,detected,2,3,0.8810785412788391,ankle_midpoint,1089.52294921875,591.046142578125,0.9780900478363037,0.9790316820144653,4.17294454574585,1.0750294923782349,4.249773884856716,1.0620901569473453,0.0,0,two_ankles,accepted,4.17294454574585,1.0750294923782349,0.06423008976806027
137,4.566666666666666,detected,3,2,0.9263496398925781,ankle_midpoint,1220.30029296875,977.3623046875,0.9931015968322754,0.9903592467308044,4.371542453765869,12.575566291809082,4.531171422894488,12.552404222445112,0.0,0,two_ankles,accepted,4.371542453765869,12.575566291809082,0.18819863101221793
137,4.566666666666666,detected,4,1,0.9245813488960266,ankle_midpoint,923.4860229492188,839.3145751953125,0.9703801870346069,0.9677349328994751,2.8041884899139404,9.851920127868652,2.8057775365094333,9.843394383762345,0.0,0,two_ankles,accepted,2.8041884899139404,9.851920127868652,0.00495752492775403
138,4.6,detected,1,5,0.8989455103874207,ankle_midpoint,833.5108642578125,594.4454345703125,0.991649866104126,0.9905009269714355,1.8638827800750732,1.3173614740371704,1.923238548050127,1.261731409572631,0.0,0,two_ankles,accepted,1.8638827800750732,1.3173614740371704,0.09125947821855662
138,4.6,detected,2,3,0.885660707950592,ankle_midpoint,1086.13427734375,590.7213134765625,0.9885866045951843,0.9889740943908691,4.14290714263916,1.0588107109069824,4.201683850858816,1.060614406229182,0.0,0,two_ankles,accepted,4.14290714263916,1.0588107109069824,0.034136409562313355
138,4.6,detected,3,2,0.9243784546852112,ankle_midpoint,1208.09033203125,977.6578979492188,0.9954054355621338,0.99205082654953,4.308346271514893,12.581839561462402,4.43090010477367,12.565650125002893,0.0,0,two_ankles,accepted,4.308346271514893,12.581839561462402,0.0635067820255594
138,4.6,detected,4,1,0.9246196150779724,ankle_midpoint,923.41162109375,839.536376953125,0.9716975688934326,0.9680659770965576,2.8038179874420166,9.857163429260254,2.804895739429096,9.849590454236404,0.0,0,two_ankles,accepted,2.8038179874420166,9.857163429260254,0.005256375325723283
139,4.633333333333334,detected,1,5,0.9017291069030762,ankle_midpoint,833.1818237304688,595.1195068359375,0.9802786111831665,0.9783039093017578,1.8625376224517822,1.3522238731384277,1.8959231315308722,1.3024530181772396,0.0,0,two_ankles,accepted,1.8625376224517822,1.3522238731384277,0.03488834074768884
139,4.633333333333334,detected,2,3,0.8792340755462646,ankle_midpoint,1082.677978515625,591.2753295898438,0.9791035652160645,0.9781379699707031,4.110424518585205,1.0888268947601318,4.160617151335691,1.0733100260681094,0.0,0,two_ankles,accepted,4.110424518585205,1.0888268947601318,0.04422773065099145
139,4.633333333333334,detected,3,2,0.9196907877922058,ankle_midpoint,1183.572998046875,976.2092895507812,0.9933794736862183,0.9824985265731812,4.184119701385498,12.559870719909668,4.319848923248992,12.563049392710942,0.0,0,two_ankles,accepted,4.184119701385498,12.559870719909668,0.12615415460967794
139,4.633333333333334,detected,4,1,0.924956202507019,ankle_midpoint,923.7083129882812,840.1373291015625,0.9748124480247498,0.9696270227432251,2.8058362007141113,9.871289253234863,2.805318947007353,9.859354913785712,0.0,0,two_ankles,accepted,2.8058362007141113,9.871289253234863,0.014269270751279069
140,4.666666666666667,detected,1,5,0.8794447183609009,ankle_midpoint,831.5780639648438,595.60693359375,0.9825770258903503,0.9823265671730042,1.849334955215454,1.3777196407318115,1.8749584521889342,1.336322998326797,0.0,0,two_ankles,accepted,1.849334955215454,1.3777196407318115,0.02871140169565135
140,4.666666666666667,detected,2,3,0.8828050494194031,ankle_midpoint,1079.481689453125,592.4210815429688,0.9775378108024597,0.9766324758529663,4.07919979095459,1.1496821641921997,4.123979339164196,1.1076774882239502,0.0,0,two_ankles,accepted,4.07919979095459,1.1496821641921997,0.06839844613187993
140,4.666666666666667,detected,3,2,0.9247490763664246,ankle_midpoint,1158.9686279296875,975.5572509765625,0.9911086559295654,0.9728336334228516,4.058184623718262,12.551379203796387,4.202099988460164,12.557797807699393,0.0,0,two_ankles,accepted,4.058184623718262,12.551379203796387,0.12622103482761882
140,4.666666666666667,detected,4,1,0.9253290891647339,ankle_midpoint,923.617919921875,839.931640625,0.975517213344574,0.9693706631660461,2.805213451385498,9.866456031799316,2.805271473977519,9.862550416891834,0.0,0,two_ankles,accepted,2.805213451385498,9.866456031799316,0.00487317618923409
141,4.7,detected,1,5,0.8737624287605286,ankle_midpoint,829.8525390625,595.5604248046875,0.9854459762573242,0.9846228957176208,1.8337682485580444,1.3757621049880981,1.8564228605550341,1.3540705963243824,0.0,0,two_ankles,accepted,1.8337682485580444,1.3757621049880981,0.015689305349369614
141,4.7,detected,2,3,0.8855105638504028,ankle_midpoint,1078.4683837890625,591.84228515625,0.9770689606666565,0.9742645621299744,4.071171283721924,1.1196467876434326,4.100215714215174,1.1130636729627175,0.0,0,two_ankles,accepted,4.071171283721924,1.1196467876434326,0.031089882161423492
141,4.7,detected,3,2,0.9258453845977783,ankle_midpoint,1147.11572265625,972.6674194335938,0.9927603006362915,0.9671383500099182,4.000124454498291,12.503401756286621,4.111210998177321,12.533319584563646,0.0,0,two_ankles,accepted,4.000124454498291,12.503401756286621,0.07531811680733892
141,4.7,detected,4,1,0.9249224066734314,ankle_midpoint,923.7142944335938,840.2540283203125,0.974697470664978,0.9675383567810059,2.8059146404266357,9.87403678894043,2.8055608988796212,9.867719284313702,0.0,0,two_ankles,accepted,2.8059146404266357,9.87403678894043,0.00761311663538341
142,4.733333333333333,detected,1,5,0.8679607510566711,ankle_midpoint,826.4547729492188,595.26904296875,0.9861946105957031,0.9846526980400085,1.8026089668273926,1.3616224527359009,1.8322066083775954,1.3574689317095658,0.0,0,two_ankles,accepted,1.8026089668273926,1.3616224527359009,0.03421740206069423
142,4.733333333333333,detected,2,3,0.8714964389801025,ankle_midpoint,1076.831298828125,592.1991577148438,0.985069990158081,0.9828535914421082,4.055667400360107,1.1387516260147095,4.080168972980394,1.124623251836114,0.0,0,two_ankles,accepted,4.055667400360107,1.1387516260147095,0.024604171363600526
142,4.733333333333333,detected,3,2,0.9202349781990051,ankle_midpoint,1123.890869140625,964.497802734375,0.9886181354522705,0.9676677584648132,3.8875694274902344,12.364989280700684,4.010572291368132,12.457570947825314,0.0,0,two_ankles,accepted,3.8875694274902344,12.364989280700684,0.17840024524257836
142,4.733333333333333,detected,4,1,0.9254823327064514,ankle_midpoint,924.2845458984375,839.9710693359375,0.9764495491981506,0.9693622589111328,2.8092710971832275,9.867295265197754,2.807230488116244,9.867528475711527,0.0,0,two_ankles,accepted,2.8092710971832275,9.867295265197754,0.007530866107688544
143,4.766666666666667,detected,1,5,0.872284471988678,ankle_midpoint,820.1165161132812,595.3084716796875,0.985343873500824,0.9818212389945984,1.7459158897399902,1.3652499914169312,1.793375784990673,1.3609704085778804,0.0,0,two_ankles,accepted,1.7459158897399902,1.3652499914169312,0.05680901360277712
143,4.766666666666667,detected,2,3,0.876548707485199,ankle_midpoint,1074.519775390625,591.7940673828125,0.9870619177818298,0.9861528873443604,4.035527229309082,1.1181296110153198,4.060080188328303,1.1217011134667567,0.0,0,two_ankles,accepted,4.035527229309082,1.1181296110153198,0.028825231874169077
143,4.766666666666667,detected,3,2,0.9377208948135376,ankle_midpoint,1102.3065185546875,956.271484375,0.9874994158744812,0.9776010513305664,3.7816007137298584,12.222820281982422,3.9075350814309093,12.351933148196014,0.0,0,two_ankles,accepted,3.7816007137298584,12.222820281982422,0.1773172086758124
143,4.766666666666667,detected,4,1,0.9273126125335693,ankle_midpoint,926.0872802734375,837.313232421875,0.9642912745475769,0.9577460289001465,2.8192899227142334,9.804201126098633,2.8126572336853393,9.839031168385725,0.0,0,two_ankles,accepted,2.8192899227142334,9.804201126098633,0.06388464020153808
144,4.8,detected,1,5,0.8619905710220337,ankle_midpoint,816.4168701171875,595.6865234375,0.9821131825447083,0.9799937009811401,1.7137792110443115,1.385628342628479,1.7575573267148106,1.37206647890065,0.0,0,two_ankles,accepted,1.7137792110443115,1.385628342628479,0.038053164332161445
144,4.8,detected,2,3,0.8867409229278564,ankle_midpoint,1072.58447265625,591.6824951171875,0.9727721214294434,0.9677324891090393,4.018218517303467,1.112776279449463,4.041242436367127,1.1176849381589746,0.0,0,two_ankles,accepted,4.018218517303467,1.112776279449463,0.018117661828926192
144,4.8,detected,3,2,0.9369090795516968,ankle_midpoint,1093.9862060546875,954.3375244140625,0.991235613822937,0.9789246320724487,3.739279270172119,12.189361572265625,3.8318199663644537,12.27877593902734,0.0,0,two_ankles,accepted,3.739279270172119,12.189361572265625,0.053949882675718465
144,4.8,detected,4,1,0.9270946383476257,ankle_midpoint,923.3514404296875,839.115234375,0.9791539907455444,0.9720414876937866,2.8032987117767334,9.847230911254883,2.808445898826467,9.842721052676847,0.0,0,two_ankles,accepted,2.8032987117767334,9.847230911254883,0.04590513302279662
145,4.833333333333333,detected,1,5,0.843164324760437,ankle_midpoint,810.5308837890625,597.4277954101562,0.9836339354515076,0.9813137054443359,1.6658995151519775,1.4762983322143555,1.7163113115115358,1.4189708128918177,0.0,0,two_ankles,accepted,1.6658995151519775,1.4762983322143555,0.10253541968629831
145,4.833333333333333,detected,2,3,0.8865508437156677,ankle_midpoint,1065.819091796875,592.51416015625,0.9814943075180054,0.9806287288665771,3.955538749694824,1.1580328941345215,4.0026757773645905,1.1358415183479709,0.0,0,two_ankles,accepted,3.955538749694824,1.1580328941345215,0.07731050666128958
145,4.833333333333333,detected,3,2,0.9232882261276245,ankle_midpoint,1073.178466796875,945.5661010742188,0.9896326065063477,0.9819959402084351,3.635152816772461,12.03388500213623,3.743319749048057,12.168575017426342,0.0,0,two_ankles,accepted,3.635152816772461,12.03388500213623,0.187123708163321
145,4.833333333333333,detected,4,1,0.9209032654762268,ankle_midpoint,927.30810546875,837.8839111328125,0.9757726192474365,0.9707689881324768,2.8269124031066895,9.8175687789917,2.8167558257525673,9.831402529518531,0.0,0,two_ankles,accepted,2.8269124031066895,9.8175687789917,0.0379136981660328
146,4.866666666666666,detected,1,5,0.863717794418335,ankle_midpoint,806.0718994140625,599.8351440429688,0.9810840487480164,0.9802610874176025,1.632906436920166,1.599718451499939,1.6787791179454197,1.5003072502654724,0.0,0,two_ankles,accepted,1.632906436920166,1.599718451499939,0.12775393949181407
146,4.866666666666666,detected,2,3,0.894361674785614,ankle_midpoint,1059.91748046875,593.1846923828125,0.98381108045578,0.9834883809089661,3.9011223316192627,1.1945242881774902,3.9569767267791933,1.1622487647712547,0.0,0,two_ankles,accepted,3.9011223316192627,1.1945242881774902,0.06551922157179155
146,4.866666666666666,detected,3,2,0.9116275310516357,ankle_midpoint,1041.2435302734375,946.94775390625,0.9961122870445251,0.9928159713745117,3.464430093765259,12.062451362609863,3.617819404170798,12.120819372758927,0.0,0,two_ankles,accepted,3.464430093765259,12.062451362609863,0.17309617298399002
146,4.866666666666666,detected,4,1,0.9037936925888062,ankle_midpoint,924.9505615234375,834.7298583984375,0.9703870415687561,0.9532383680343628,2.8114514350891113,9.742837905883789,2.814368849954012,9.791548448882898,0.0,0,two_ankles,accepted,2.8114514350891113,9.742837905883789,0.0763134649161676
147,4.9,detected,1,5,0.8790289163589478,ankle_midpoint,804.9639892578125,600.7548828125,0.9827405214309692,0.9822866320610046,1.6256628036499023,1.646418571472168,1.654876776512437,1.5660573448084856,0.0,0,two_ankles,accepted,1.6256628036499023,1.646418571472168,0.04725855931336304
147,4.9,detected,2,3,0.9031977653503418,ankle_midpoint,1056.982421875,593.2144165039062,0.9856469035148621,0.983521580696106,3.874589681625366,1.1968199014663696,3.9199025564599714,1.1778057762840566,0.0,0,two_ankles,accepted,3.874589681625366,1.1968199014663696,0.026631773430823093
147,4.9,detected,3,2,0.9093639850616455,ankle_midpoint,1034.328125,945.0357666015625,0.9873122572898865,0.9790239334106445,3.428433656692505,12.028526306152344,3.5325958178055665,12.079287492785966,0.0,0,two_ankles,accepted,3.428433656692505,12.028526306152344,0.04946365269143212
147,4.9,detected,4,1,0.9050489068031311,ankle_midpoint,918.2996826171875,834.0679931640625,0.9453845620155334,0.8996263146400452,2.7705583572387695,9.727914810180664,2.7946541282321533,9.762913311466892,0.0,0,two_ankles,accepted,2.7705583572387695,9.727914810180664,0.043530938439674635
148,4.933333333333334,detected,1,5,0.8742415308952332,ankle_midpoint,802.22314453125,601.3084716796875,0.9861195087432861,0.9864550828933716,1.6029521226882935,1.674959421157837,1.6315106822915726,1.6150632791656938,0.0,0,two_ankles,accepted,1.6029521226882935,1.674959421157837,0.03647403364751332
148,4.933333333333334,detected,2,3,0.8936118483543396,ankle_midpoint,1051.4384765625,595.078369140625,0.9824403524398804,0.9800988435745239,3.8218417167663574,1.2949773073196411,3.875775178597845,1.2305329652500698,0.0,0,two_ankles,accepted,3.8218417167663574,1.2949773073196411,0.11143259900321396
148,4.933333333333334,detected,3,2,0.904786229133606,ankle_midpoint,1016.7515869140625,950.5685424804688,0.993503987789154,0.9882407188415527,3.333141803741455,12.130392074584961,3.4428415114767166,12.102284554595514,0.0,0,two_ankles,accepted,3.333141803741455,12.130392074584961,0.1394889673673588
148,4.933333333333334,detected,4,1,0.9111102223396301,ankle_midpoint,913.447509765625,836.895751953125,0.9409798979759216,0.8062654137611389,2.742171049118042,9.796000480651855,2.7710367426308036,9.777802537600127,0.0,0,two_ankles,accepted,2.742171049118042,9.796000480651855,0.07376650856488186
149,4.966666666666667,detected,1,5,0.8641927242279053,ankle_midpoint,800.7039794921875,602.0735473632812,0.9872108697891235,0.9876261353492737,1.5917036533355713,1.7137422561645508,1.613597519261372,1.6594688188151796,0.0,0,two_ankles,accepted,1.5917036533355713,1.7137422561645508,0.04038113859139091
149,4.966666666666667,detected,2,3,0.8958187699317932,ankle_midpoint,1047.21142578125,594.1610107421875,0.9874932765960693,0.9854570031166077,3.7851123809814453,1.2485235929489136,3.8349769196704653,1.2386287477145497,0.0,0,two_ankles,accepted,3.7851123809814453,1.2485235929489136,0.059219858882286806
149,4.966666666666667,detected,3,2,0.9030211567878723,ankle_midpoint,979.698974609375,951.5581665039062,0.9960097074508667,0.9870663285255432,3.1369383335113525,12.152166366577148,3.305185081392303,12.124731369987249,0.0,0,two_ankles,accepted,3.1369383335113525,12.152166366577148,0.19740800774562256
149,4.966666666666667,detected,4,1,0.8885751366615295,ankle_midpoint,902.4212646484375,842.6123657226562,0.9522678256034851,0.7536129355430603,2.6780788898468018,9.932244300842285,2.729205708878003,9.8473013310591,0.0,0,two_ankles,accepted,2.6780788898468018,9.932244300842285,0.15056620942340337
150,5.0,detected,1,5,0.870343029499054,ankle_midpoint,800.9703369140625,602.4409790039062,0.9866646528244019,0.9865973591804504,1.5951118469238281,1.732081651687622,1.6052789667094776,1.6921445936077788,0.0,0,two_ankles,accepted,1.5951118469238281,1.732081651687622,0.018653396786823633
150,5.0,detected,2,3,0.8968176245689392,ankle_midpoint,1044.94140625,595.830810546875,0.987558901309967,0.9852856993675232,3.7624287605285645,1.3354710340499878,3.80233024805661,1.282207776565497,0.0,0,two_ankles,accepted,3.7624287605285645,1.3354710340499878,0.08985768832367726
150,5.0,detected,3,2,0.9042371511459351,ankle_midpoint,967.806884765625,951.5044555664062,0.9954108595848083,0.9867576956748962,3.074070692062378,12.15250015258789,3.201183606193837,12.137227322157539,0.0,0,two_ankles,accepted,3.074070692062378,12.15250015258789,0.06286852753530814
150,5.0,detected,4,1,0.8553211092948914,ankle_midpoint,895.673095703125,838.3707275390625,0.8403310179710388,0.667151927947998,2.634812831878662,9.833368301391602,2.6867289142282997,9.841031467708726,0.0,0,two_ankles,accepted,2.634812831878662,9.833368301391602,0.10792782328701901
151,5.033333333333333,detected,1,5,0.8708258271217346,ankle_midpoint,801.6932373046875,602.7724609375,0.9889593124389648,0.9882628321647644,1.6024434566497803,1.748485803604126,1.6040029871826138,1.7174981381061352,0.0,0,two_ankles,accepted,1.6024434566497803,1.748485803604126,0.017967991019404893
151,5.033333333333333,detected,2,3,0.8917826414108276,ankle_midpoint,1043.2412109375,596.16650390625,0.9886655807495117,0.9859169125556946,3.746729612350464,1.353195309638977,3.777309961988845,1.314152166448563,0.0,0,two_ankles,accepted,3.746729612350464,1.353195309638977,0.02367727177426486
151,5.033333333333333,detected,3,2,0.8910062313079834,ankle_midpoint,931.3831787109375,954.2006225585938,0.9943246245384216,0.9774085879325867,2.882152795791626,12.20455265045166,3.057619741512842,12.167523719889894,0.0,0,two_ankles,accepted,2.882152795791626,12.20455265045166,0.19885155629979073
151,5.033333333333333,detected,4,1,0.6587334871292114,ankle_midpoint,929.96337890625,836.2713012695312,0.9246029257774353,0.9455344080924988,2.8425557613372803,9.778914451599121,2.7568509954273415,9.813078810459405,0.0,0,two_ankles,accepted,2.8425557613372803,9.778914451599121,0.21476113823797457
152,5.066666666666666,detected,1,5,0.8767486214637756,ankle_midpoint,802.2786865234375,603.607666015625,0.9907631278038025,0.9895911812782288,1.6099798679351807,1.7900288105010986,1.6066925835212689,1.750136940683869,0.0,0,two_ankles,accepted,1.6099798679351807,1.7900288105010986,0.04222107195589221
152,5.066666666666666,detected,2,3,0.8892020583152771,ankle_midpoint,1043.688232421875,596.9397583007812,0.9900485277175903,0.9864848852157593,3.7497246265411377,1.3928357362747192,3.764896561037377,1.3495597728703332,0.0,0,two_ankles,accepted,3.7497246265411377,1.3928357362747192,0.03975340908483191
152,5.066666666666666,detected,3,2,0.9016993045806885,ankle_midpoint,900.85888671875,951.9307861328125,0.9940052628517151,0.9881646633148193,2.7204079627990723,12.16740894317627,2.9058744410916457,12.167472070368763,0.0,0,two_ankles,accepted,2.7204079627990723,12.16740894317627,0.1659549516885501
152,5.066666666666666,detected,4,1,0.8658623099327087,ankle_midpoint,952.869873046875,838.073974609375,0.8833820223808289,0.9389354586601257,2.9824273586273193,9.81861686706543,2.8583603588673316,9.815570935932117,0.0,0,two_ankles,accepted,2.9824273586273193,9.81861686706543,0.14539719915571359
153,5.1,detected,1,5,0.8726713061332703,ankle_midpoint,802.4468383789062,603.709228515625,0.990574300289154,0.9895256757736206,1.6117491722106934,1.795047640800476,1.6089680484315099,1.7703467557363424,0.0,0,two_ankles,accepted,1.6117491722106934,1.795047640800476,0.005321568865785405
153,5.1,detected,2,3,0.8774999380111694,ankle_midpoint,1044.3072509765625,597.8687133789062,0.9854028224945068,0.9794511198997498,3.7540440559387207,1.4402797222137451,3.7600129337429817,1.3903837500748688,0.0,0,two_ankles,accepted,3.7540440559387207,1.4402797222137451,0.047640206465790945
153,5.1,detected,3,2,0.9049362540245056,ankle_midpoint,892.0618896484375,953.80810546875,0.9892674088478088,0.9845597743988037,2.6748247146606445,12.20183277130127,2.8019020641976953,12.182934385788393,0.0,0,two_ankles,accepted,2.6748247146606445,12.20183277130127,0.057121208439851974
153,5.1,detected,4,1,0.8303279876708984,ankle_midpoint,947.8135375976562,836.5604858398438,0.8880202770233154,0.9261009693145752,2.951418161392212,9.783373832702637,2.900236370003528,9.801082239478852,0.0,0,two_ankles,accepted,2.951418161392212,9.783373832702637,0.046942963096323606
154,5.133333333333334,detected,1,5,0.8698668479919434,ankle_midpoint,802.6409912109375,603.9496459960938,0.9914166331291199,0.9904106855392456,1.6141386032104492,1.8069703578948975,1.6112947980820327,1.7868273767076923,0.0,0,two_ankles,accepted,1.6141386032104492,1.8069703578948975,0.012159792901863182
154,5.133333333333334,detected,2,3,0.86597740650177,ankle_midpoint,1044.376953125,595.18408203125,0.9913699626922607,0.9868258833885193,3.7582223415374756,1.302228331565857,3.759207167250504,1.3507138117458135,0.0,0,two_ankles,accepted,3.7582223415374756,1.302228331565857,0.13811460650619323
154,5.133333333333334,detected,3,2,0.9237240552902222,ankle_midpoint,871.345947265625,957.9322509765625,0.9834988713264465,0.9797265529632568,2.5680932998657227,12.277077674865723,2.6966881202483077,12.225298865873192,0.0,0,two_ankles,accepted,2.5680932998657227,12.277077674865723,0.13058863050261887
154,5.133333333333334,detected,4,1,0.9020377993583679,ankle_midpoint,936.7886962890625,831.7635498046875,0.849301278591156,0.8848556876182556,2.8829824924468994,9.67005729675293,2.892472125103045,9.742121015252188,0.0,0,two_ankles,accepted,2.8829824924468994,9.67005729675293,0.13237854094842433
155,5.166666666666667,detected,1,5,0.880856990814209,ankle_midpoint,803.0130615234375,603.2537841796875,0.9909327030181885,0.9896378517150879,1.6154553890228271,1.7722017765045166,1.6131670640053903,1.7802458566162633,0.0,0,two_ankles,accepted,1.6154553890228271,1.7722017765045166,0.03479350768139392
155,5.166666666666667,detected,2,3,0.8802393674850464,ankle_midpoint,1044.796875,594.0653076171875,0.983005940914154,0.9741612672805786,3.7634971141815186,1.2441685199737549,3.7611376433694605,1.302768430448387,0.0,0,two_ankles,accepted,3.7634971141815186,1.2441685199737549,0.05829892750777438
155,5.166666666666667,detected,3,2,0.9457604885101318,ankle_midpoint,851.2464599609375,955.7632446289062,0.9898372292518616,0.9866124391555786,2.461164712905884,12.240942001342773,2.590702586944217,12.232338276834504,0.0,0,two_ankles,accepted,2.461164712905884,12.240942001342773,0.11286943612061237
155,5.166666666666667,detected,4,1,0.905873715877533,ankle_midpoint,937.60986328125,829.3956909179688,0.923204779624939,0.9177117943763733,2.8874101638793945,9.612725257873535,2.8901942425524023,9.683892924431795,0.0,0,two_ankles,accepted,2.8874101638793945,9.612725257873535,0.057502756076405065
156,5.2,detected,1,5,0.8791130781173706,ankle_midpoint,803.7033081054688,602.8008422851562,0.9912303686141968,0.9899232983589172,1.6202701330184937,1.7494101524353027,1.616363445061287,1.7663697897348312,0.0,0,two_ankles,accepted,1.6202701330184937,1.7494101524353027,0.023294632159709575
156,5.2,detected,2,3,0.8773114085197449,ankle_midpoint,1045.16162109375,593.4090576171875,0.9837659597396851,0.9756455421447754,3.767670154571533,1.2099626064300537,3.7640772734103933,1.261005809640137,0.0,0,two_ankles,accepted,3.767670154571533,1.2099626064300537,0.03445952390059754
156,5.2,detected,3,2,0.9371474981307983,ankle_midpoint,836.9639282226562,952.6058349609375,0.9913383722305298,0.9872730374336243,2.3835747241973877,12.186400413513184,2.497495048708144,12.21166623833991,0.0,0,two_ankles,accepted,2.3835747241973877,12.186400413513184,0.09484192717758014
156,5.2,detected,4,1,0.9093620181083679,ankle_midpoint,937.2669677734375,829.7430419921875,0.9407763481140137,0.954409122467041,2.8853909969329834,9.62118911743164,2.888032782023664,9.655676211281726,0.0,0,two_ankles,accepted,2.8853909969329834,9.62118911743164,0.008701376544938884
157,5.233333333333333,detected,1,5,0.8804253339767456,ankle_midpoint,805.4732055664062,601.9453125,0.991486132144928,0.9905440807342529,1.633509874343872,1.7061363458633423,1.6240793382384502,1.7392647399926613,0.0,0,two_ankles,accepted,1.633509874343872,1.7061363458633423,0.04525387370811896
157,5.233333333333333,detected,2,3,0.860485315322876,ankle_midpoint,1044.3341064453125,594.1463012695312,0.9892104864120483,0.9839334487915039,3.759220838546753,1.2484899759292603,3.761891877721755,1.2553736844702428,0.0,0,two_ankles,accepted,3.759220838546753,1.2484899759292603,0.03944298596474409
157,5.233333333333333,detected,3,2,0.9342604875564575,ankle_midpoint,820.4337768554688,949.4464111328125,0.9925016164779663,0.9862317442893982,2.2935268878936768,12.131675720214844,2.4057093763416337,12.175670505183632,0.0,0,two_ankles,accepted,2.2935268878936768,12.131675720214844,0.1053726951329294
157,5.233333333333333,detected,4,1,0.9083864092826843,ankle_midpoint,934.706298828125,830.223388671875,0.9483409523963928,0.9512120485305786,2.8697800636291504,9.633166313171387,2.8798190587461328,9.645546757132074,0.0,0,two_ankles,accepted,2.8697800636291504,9.633166313171387,0.019676240911437187
158,5.266666666666667,detected,1,5,0.8747158646583557,ankle_midpoint,806.5167236328125,601.6515502929688,0.9915186762809753,0.9908894896507263,1.6419222354888916,1.6911367177963257,1.6321086420011488,1.7176071300043105,0.0,0,two_ankles,accepted,1.6419222354888916,1.6911367177963257,0.017197577218406857
158,5.266666666666667,detected,2,3,0.8422597646713257,ankle_midpoint,1039.02685546875,598.1272583007812,0.977741003036499,0.9681373238563538,3.7065224647521973,1.4548192024230957,3.7369756418854543,1.3451241675490269,0.0,0,two_ankles,accepted,3.7065224647521973,1.4548192024230957,0.21295273725908093
158,5.266666666666667,detected,3,2,0.9230977296829224,ankle_midpoint,804.2155151367188,947.825439453125,0.9926466941833496,0.9899948835372925,2.206045627593994,12.104292869567871,2.315860689405196,12.14355056915654,0.0,0,two_ankles,accepted,2.206045627593994,12.104292869567871,0.09166674104153172
158,5.266666666666667,detected,4,1,0.9000996947288513,ankle_midpoint,923.7720336914062,832.088134765625,0.9371716976165771,0.9442298412322998,2.80328106880188,9.67965316772461,2.845376963271219,9.660894641898714,0.0,0,two_ankles,accepted,2.80328106880188,9.67965316772461,0.08113657596478809
159,5.3,detected,1,5,0.8724437952041626,ankle_midpoint,806.9688110351562,601.6199951171875,0.9913098812103271,0.9909273386001587,1.645835041999817,1.6894404888153076,1.6382855220005497,1.7049321414692593,0.0,0,two_ankles,accepted,1.645835041999817,1.6894404888153076,0.0042646509292068625
159,5.3,detected,2,3,0.8615373373031616,ankle_midpoint,1036.3006591796875,601.1046142578125,0.9821842908859253,0.9756006002426147,3.678685426712036,1.606734275817871,3.710745045057416,1.4628487162700068,0.0,0,two_ankles,accepted,3.678685426712036,1.606734275817871,0.15444445671952545
159,5.3,detected,3,2,0.9173921346664429,ankle_midpoint,799.7526245117188,948.831298828125,0.9903250932693481,0.9877262711524963,2.183424234390259,12.122883796691895,2.2562642846484744,12.13425052154745,0.0,0,two_ankles,accepted,2.183424234390259,12.122883796691895,0.0292805396434006
159,5.3,detected,4,1,0.8885148167610168,ankle_midpoint,925.5281982421875,834.58447265625,0.9384941458702087,0.9404551386833191,2.8149282932281494,9.73928451538086,2.831675061751838,9.69617008496568,0.0,0,two_ankles,accepted,2.8149282932281494,9.73928451538086,0.06075817196177352
160,5.333333333333333,detected,1,5,0.8720042705535889,ankle_midpoint,807.24951171875,602.4197387695312,0.9896524548530579,0.9896581768989563,1.6505284309387207,1.729472041130066,1.6437948310227268,1.7159750963166225,0.0,0,two_ankles,accepted,1.6505284309387207,1.729472041130066,0.04030574500565714
160,5.333333333333333,detected,2,3,0.8833669424057007,ankle_midpoint,1033.63916015625,604.163818359375,0.9869339466094971,0.9803126454353333,3.6516501903533936,1.7609704732894897,3.6841523604406063,1.5970035069287742,0.0,0,two_ankles,accepted,3.6516501903533936,1.7609704732894897,0.15658770263169394
160,5.333333333333333,detected,3,2,0.915645182132721,ankle_midpoint,783.830810546875,951.5947265625,0.9973663687705994,0.9879278540611267,2.102224588394165,12.174132347106934,2.1869464213340355,12.152197343049219,0.0,0,two_ankles,accepted,2.102224588394165,12.174132347106934,0.09601977103458299
160,5.333333333333333,detected,4,1,0.9056660532951355,ankle_midpoint,925.2427368164062,836.4113159179688,0.9712538719177246,0.9647198915481567,2.813831329345703,9.782886505126953,2.8236453821690777,9.735192474038254,0.0,0,two_ankles,accepted,2.813831329345703,9.782886505126953,0.04361578658671486
161,5.366666666666666,detected,1,5,0.8707391023635864,ankle_midpoint,807.7623291015625,603.3543090820312,0.9878813028335571,0.9867608547210693,1.65762460231781,1.7760509252548218,1.6500182281055145,1.7430092193388123,0.0,0,two_ankles,accepted,1.65762460231781,1.7760509252548218,0.04711632513841503
161,5.366666666666666,detected,2,3,0.8347664475440979,ankle_midpoint,1035.0987548828125,606.53466796875,0.9868100881576538,0.9797490239143372,3.6618776321411133,1.8783948421478271,3.674128732705835,1.7236296077773483,0.0,0,two_ankles,accepted,3.6618776321411133,1.8783948421478271,0.11786892282234565
161,5.366666666666666,detected,3,2,0.9049893617630005,ankle_midpoint,768.5821533203125,955.31494140625,0.9986693859100342,0.9931023120880127,2.0262503623962402,12.241933822631836,2.114633194812028,12.192578758861398,0.0,0,two_ankles,accepted,2.0262503623962402,12.241933822631836,0.101828891280116
161,5.366666666666666,detected,4,1,0.9289043545722961,ankle_midpoint,925.52392578125,836.2947998046875,0.9725191593170166,0.9608295559883118,2.8155040740966797,9.780076026916504,2.819981793536499,9.755390072833467,0.0,0,two_ankles,accepted,2.8155040740966797,9.780076026916504,0.003270605872514982
162,5.4,detected,1,5,0.8679317235946655,ankle_midpoint,807.4810791015625,603.4827880859375,0.9875090718269348,0.985503077507019,1.655496597290039,1.7825275659561157,1.6524834942385507,1.7607924753165989,0.0,0,two_ankles,accepted,1.655496597290039,1.7825275659561157,0.006817278061798269
162,5.4,detected,2,3,0.84774249792099,ankle_midpoint,1035.1279296875,606.6544189453125,0.9861709475517273,0.9768519997596741,3.6620004177093506,1.8843084573745728,3.668670990957417,1.7959350900960995,0.0,0,two_ankles,accepted,3.6620004177093506,1.8843084573745728,0.005914889799967945
162,5.4,detected,3,2,0.9059131145477295,ankle_midpoint,761.487548828125,957.11865234375,0.998613715171814,0.9929537177085876,1.991217017173767,12.274563789367676,2.0590959148748107,12.229472022589224,0.0,0,two_ankles,accepted,1.991217017173767,12.274563789367676,0.04787535907603197
162,5.4,detected,4,1,0.9278146624565125,ankle_midpoint,925.722900390625,836.0737915039062,0.9734840989112854,0.9645556211471558,2.8166394233703613,9.774788856506348,2.8184777269617376,9.764119525486263,0.0,0,two_ankles,accepted,2.8166394233703613,9.774788856506348,0.005407697191899824
163,5.433333333333334,detected,1,5,0.8462197780609131,ankle_midpoint,807.4189453125,604.130859375,0.9876734614372253,0.9844926595687866,1.6567250490188599,1.8148152828216553,1.65439219388969,1.7851027386938743,0.0,0,two_ankles,accepted,1.6567250490188599,1.8148152828216553,0.032311077884206986
163,5.433333333333334,detected,2,3,0.846930205821991,ankle_midpoint,1035.1373291015625,606.4302978515625,0.9869088530540466,0.9790061116218567,3.6623334884643555,1.8732229471206665,3.6658191148355397,1.830714625757155,0.0,0,two_ankles,accepted,3.6623334884643555,1.8732229471206665,0.011090512779727552
163,5.433333333333334,detected,3,2,0.8977175951004028,ankle_midpoint,745.00048828125,964.4573974609375,0.9976346492767334,0.9882745742797852,1.9145463705062866,12.404613494873047,1.994048619908975,12.308285685116946,0.0,0,two_ankles,accepted,1.9145463705062866,12.404613494873047,0.15096792362102415
163,5.433333333333334,detected,4,1,0.9335209727287292,ankle_midpoint,926.8914794921875,839.16650390625,0.9721135497093201,0.9668719172477722,2.8248119354248047,9.847965240478516,2.8213281207701177,9.801850097232776,0.0,0,two_ankles,accepted,2.8248119354248047,9.847965240478516,0.07363133249182839
164,5.466666666666667,detected,1,5,0.8261846303939819,ankle_midpoint,807.175048828125,601.6951904296875,0.9896777868270874,0.9851507544517517,1.6478681564331055,1.6931653022766113,1.651456377034227,1.7437308923061061,0.0,0,two_ankles,accepted,1.6478681564331055,1.6931653022766113,0.12197197347294648
164,5.466666666666667,detected,2,3,0.8351092338562012,ankle_midpoint,1035.3251953125,606.909423828125,0.9848419427871704,0.9797883629798889,3.6634483337402344,1.8968594074249268,3.6647522633426526,1.8604797775076523,0.0,0,two_ankles,accepted,3.6634483337402344,1.8968594074249268,0.023662737282571945
164,5.466666666666667,detected,3,2,0.9065283536911011,ankle_midpoint,730.9872436523438,975.7849731445312,0.9805733561515808,0.9749890565872192,1.857400894165039,12.59992504119873,1.9325571433242041,12.43952339535375,0.0,0,two_ankles,accepted,1.857400894165039,12.59992504119873,0.20349989089529688
164,5.466666666666667,detected,4,1,0.937603771686554,ankle_midpoint,925.5147705078125,842.2039794921875,0.9678254723548889,0.9612837433815002,2.817506790161133,9.919590950012207,2.8196085219960745,9.85483348098352,0.0,0,two_ankles,accepted,2.817506790161133,9.919590950012207,0.07199727365343829
165,5.5,detected,1,5,0.8468532562255859,ankle_midpoint,807.6544189453125,600.6187744140625,0.9904835224151611,0.9855314493179321,1.649133324623108,1.6388922929763794,1.6504110034492236,1.6965535226077293,0.0,0,two_ankles,accepted,1.649133324623108,1.6388922929763794,0.05428775358266407
165,5.5,detected,2,3,0.8453640937805176,ankle_midpoint,1035.3863525390625,606.899169921875,0.9836648106575012,0.9787565469741821,3.663996934890747,1.8963382244110107,3.6644123655392953,1.876616078614164,0.0,0,two_ankles,accepted,3.663996934890747,1.8963382244110107,0.0007567000438340378
165,5.5,detected,3,2,0.9083505272865295,ankle_midpoint,728.5882568359375,977.65625,0.9782614707946777,0.9722480773925781,1.847670078277588,12.631719589233398,1.8943579640532269,12.526011682599592,0.0,0,two_ankles,accepted,1.847670078277588,12.631719589233398,0.033250294172597644
165,5.5,detected,4,1,0.9403337240219116,ankle_midpoint,923.7091064453125,843.0572509765625,0.9714439511299133,0.9645242094993591,2.806894063949585,9.939798355102539,2.8138870158751543,9.893067674337079,0.0,0,two_ankles,accepted,2.806894063949585,9.939798355102539,0.022824749245633602
166,5.533333333333333,detected,1,5,0.7354909777641296,ankle_midpoint,807.7905883789062,598.4688720703125,0.9934101700782776,0.9811615943908691,1.6443638801574707,1.530017614364624,1.647689797967935,1.6216123638983322,0.0,0,two_ankles,accepted,1.6443638801574707,1.530017614364624,0.10897909544184986
166,5.533333333333333,detected,2,3,0.8637962937355042,ankle_midpoint,1033.5697021484375,604.6011962890625,0.9856413006782532,0.9761034846305847,3.650555372238159,1.7827966213226318,3.6581767185537846,1.8343973228329746,0.0,0,two_ankles,accepted,3.650555372238159,1.7827966213226318,0.11433447091066815
166,5.533333333333333,detected,3,2,0.9255105257034302,ankle_midpoint,723.6917724609375,973.2587280273438,0.9846916794776917,0.9786849021911621,1.8163700103759766,12.557890892028809,1.8592633848984645,12.540357326842742,0.0,0,two_ankles,accepted,1.8163700103759766,12.557890892028809,0.08018959272606696
166,5.533333333333333,detected,4,1,0.9245414733886719,ankle_midpoint,920.999267578125,843.7861938476562,0.9741519093513489,0.9821866750717163,2.7908027172088623,9.957180976867676,2.803499081475323,9.921918660475848,0.0,0,two_ankles,accepted,2.7908027172088623,9.957180976867676,0.02368727462921749
167,5.566666666666666,detected,1,5,0.7789461612701416,ankle_midpoint,809.675048828125,601.0615844726562,0.9931031465530396,0.9820510149002075,1.668259620666504,1.6606976985931396,1.6569462181822912,1.6392007645109956,0.0,0,two_ankles,accepted,1.668259620666504,1.6606976985931396,0.13284686984813376
167,5.566666666666666,detected,2,3,0.8691836595535278,ankle_midpoint,1030.92138671875,603.6826782226562,0.9835786819458008,0.9719851613044739,3.6281604766845703,1.7376052141189575,3.6446694097126384,1.7908408739116668,0.0,0,two_ankles,accepted,3.6281604766845703,1.7376052141189575,0.05043604496691291
167,5.566666666666666,detected,3,2,0.9301570057868958,ankle_midpoint,727.8270263671875,978.349365234375,0.9796252250671387,0.9691614508628845,1.8447281122207642,12.643448829650879,1.8527225121934996,12.586748503106405,0.0,0,two_ankles,accepted,1.8447281122207642,12.643448829650879,0.09013513538227709
167,5.566666666666666,detected,4,1,0.922666072845459,ankle_midpoint,923.0107421875,844.0079345703125,0.9826251268386841,0.9867736101150513,2.8030219078063965,9.96208381652832,2.8032843533243064,9.939992980699461,0.0,0,two_ankles,accepted,2.8030219078063965,9.96208381652832,0.013166110116388085
168,5.6,detected,1,5,0.5233789682388306,ankle_midpoint,810.55810546875,601.4356079101562,0.992163896560669,0.973099946975708,1.6770977973937988,1.679290533065796,1.6660144288274696,1.6572411603606558,0.0,0,two_ankles,accepted,1.6770977973937988,1.679290533065796,0.020586569932616074
168,5.6,detected,2,3,0.8702340722084045,ankle_midpoint,1028.91796875,602.9019165039062,0.9884021878242493,0.98561030626297,3.611254930496216,1.699005365371704,3.6296328940652485,1.7495148950686836,0.0,0,two_ankles,accepted,3.611254930496216,1.699005365371704,0.042139599134750065
168,5.6,detected,3,2,0.9351400136947632,ankle_midpoint,725.8883056640625,979.2160034179688,0.974780797958374,0.9523484706878662,1.836008906364441,12.658191680908203,1.8452013895704233,12.618897933117214,0.0,0,two_ankles,accepted,1.836008906364441,12.658191680908203,0.017128228570419294
168,5.6,detected,4,1,0.9185101389884949,ankle_midpoint,928.3676147460938,844.729736328125,0.9868037104606628,0.9880877137184143,2.8355724811553955,9.978181838989258,2.8178140108482967,9.95717796692987,0.0,0,two_ankles,accepted,2.8355724811553955,9.978181838989258,0.03631371851658012
169,5.633333333333334,detected,1,5,0.6722873449325562,ankle_midpoint,811.2607421875,600.7391357421875,0.9912080764770508,0.966961681842804,1.6814348697662354,1.6440659761428833,1.6729536272499144,1.6513123274626582,0.0,0,two_ankles,accepted,1.6814348697662354,1.6440659761428833,0.03549055659156759
169,5.633333333333334,detected,2,3,0.8845003247261047,ankle_midpoint,1025.2943115234375,600.7845458984375,0.9878857135772705,0.984029233455658,3.5812337398529053,1.5932928323745728,3.6078532746696945,1.6792149668563336,0.0,0,two_ankles,accepted,3.5812337398529053,1.5932928323745728,0.1098927273313006
169,5.633333333333334,detected,3,2,0.9374243021011353,ankle_midpoint,722.3576049804688,973.8082275390625,0.9827486872673035,0.9684329628944397,1.8102859258651733,12.56735897064209,1.829489430903061,12.595705400003409,0.0,0,two_ankles,accepted,1.8102859258651733,12.56735897064209,0.09440472964874896
169,5.633333333333334,detected,4,1,0.9252009391784668,ankle_midpoint,936.8046875,842.778076171875,0.98887699842453,0.989276647567749,2.885932445526123,9.9315185546875,2.848467306453319,9.945631231420805,0.0,0,two_ankles,accepted,2.885932445526123,9.9315185546875,0.06865557598074336
170,5.666666666666667,detected,1,5,0.6984202265739441,ankle_midpoint,813.7357177734375,598.3654174804688,0.9920628666877747,0.9809306263923645,1.6970194578170776,1.5232737064361572,1.683783251005138,1.5936949480007327,0.0,0,two_ankles,accepted,1.6970194578170776,1.5232737064361572,0.12179348014412311
170,5.666666666666667,detected,2,3,0.8861566781997681,ankle_midpoint,1021.4575805664062,599.9398193359375,0.9870367050170898,0.9794048070907593,3.5479040145874023,1.551472544670105,3.5808761076326636,1.621730876872531,0.0,0,two_ankles,accepted,3.5479040145874023,1.551472544670105,0.0534771638174498
170,5.666666666666667,detected,3,2,0.935387134552002,ankle_midpoint,716.32373046875,962.9241943359375,0.9905114769935608,0.9829030632972717,1.7631409168243408,12.381047248840332,1.7996325995676372,12.499109231980025,0.0,0,two_ankles,accepted,1.7631409168243408,12.381047248840332,0.19218405125867177
170,5.666666666666667,detected,4,1,0.9261555671691895,ankle_midpoint,954.0613403320312,840.94140625,0.9870007038116455,0.9854606986045837,2.99001407623291,9.886130332946777,2.9121633528541353,9.918855827107492,0.0,0,two_ankles,accepted,2.99001407623291,9.886130332946777,0.1135476839189995
171,5.7,detected,1,5,0.5710734128952026,ankle_midpoint,813.3693237304688,596.848876953125,0.9936472773551941,0.9851022958755493,1.6896554231643677,1.4460015296936035,1.6864257284767916,1.5272329097625246,0.0,0,two_ankles,accepted,1.6896554231643677,1.4460015296936035,0.07762227969403354
171,5.7,detected,2,3,0.880174994468689,ankle_midpoint,1018.4622802734375,600.5564575195312,0.9829288721084595,0.9724982976913452,3.5207130908966064,1.583453893661499,3.553802750101438,1.6045062344275665,0.0,0,two_ankles,accepted,3.5207130908966064,1.583453893661499,0.04197800631840472
171,5.7,detected,3,2,0.9334704875946045,ankle_midpoint,713.8921508789062,953.6963500976562,0.9961575865745544,0.9943846464157104,1.7363746166229248,12.219148635864258,1.771166507242517,12.37312696372793,0.0,0,two_ankles,accepted,1.7363746166229248,12.219148635864258,0.16409630011078552
171,5.7,detected,4,1,0.9141846895217896,ankle_midpoint,965.419677734375,841.70947265625,0.9855436086654663,0.9821740388870239,3.058858633041382,9.902647018432617,2.9781762289383966,9.9115618632038,0.0,0,two_ankles,accepted,3.058858633041382,9.902647018432617,0.07079812074902156
172,5.733333333333333,detected,1,5,0.7465311884880066,ankle_midpoint,809.6837768554688,586.0841064453125,0.9982422590255737,0.9933333992958069,1.6262083053588867,0.8843676447868347,1.6895527399000918,1.4650080936506409,0.0,0,two_ankles,corrected_motion_outlier,1.6933746427507916,1.3889555406250051,0.5652062963496534
172,5.733333333333333,detected,2,3,0.878124475479126,ankle_midpoint,1014.0228881835938,602.3252563476562,0.9833498001098633,0.9724900722503662,3.4798710346221924,1.6737356185913086,3.5205334781357775,1.6356594573012506,0.0,0,two_ankles,accepted,3.4798710346221924,1.6737356185913086,0.09909017820664268
172,5.733333333333333,detected,3,2,0.9358517527580261,ankle_midpoint,710.1387939453125,938.5223388671875,0.997774064540863,0.9971473813056946,1.6924176216125488,11.94530200958252,1.7357295087090314,12.180605734362496,0.0,0,two_ankles,accepted,1.6924176216125488,11.94530200958252,0.27735210858443504
172,5.733333333333333,detected,4,1,0.9115094542503357,ankle_midpoint,982.9180297851562,843.7852783203125,0.9776261448860168,0.9721859097480774,3.1645586490631104,9.948888778686523,3.0620483179945177,9.928358975171026,0.0,0,two_ankles,accepted,3.1645586490631104,9.948888778686523,0.11537241342007806
173,5.766666666666667,detected,1,5,0.6908936500549316,ankle_midpoint,802.8590698242188,574.0013427734375,0.9977926015853882,0.9932871460914612,1.5265477895736694,0.22530795633792877,1.6929462449967976,1.4051137497082355,0.46966649207482714,0,two_ankles,corrected_motion_outlier,1.6970938623372154,1.3319095515564068,0.6157712440848881
173,5.766666666666667,detected,2,3,0.8906564116477966,ankle_midpoint,1012.4136352539062,602.490234375,0.985744297504425,0.9806178212165833,3.4654908180236816,1.6824196577072144,3.495764281085335,1.6567015474839344,0.0,0,two_ankles,accepted,3.4654908180236816,1.6824196577072144,0.016798903678117365
173,5.766666666666667,detected,3,2,0.9349760413169861,ankle_midpoint,707.6974487304688,933.1420288085938,0.9951188564300537,0.994083821773529,1.6704683303833008,11.845978736877441,1.7063619784624526,12.030023585494222,0.0,0,two_ankles,accepted,1.6704683303833008,11.845978736877441,0.10171963373072901
173,5.766666666666667,detected,4,1,0.9124251008033752,ankle_midpoint,997.4437255859375,850.2006225585938,0.9824972748756409,0.9788403511047363,3.250817060470581,10.095475196838379,3.1469942521087466,10.003561274921335,0.0,0,two_ankles,accepted,3.250817060470581,10.095475196838379,0.1700826020647941
174,5.8,detected,1,5,0.7270448207855225,ankle_midpoint,800.2103271484375,569.5357055664062,0.9936299920082092,0.9866814613342285,1.4872677326202393,-0.026531733572483063,1.6964863216138764,1.3465011654590433,0.6687992010980915,0,two_ankles,corrected_motion_outlier,1.7008130819236393,1.2748635624878084,0.495458820882092
174,5.8,detected,2,3,0.8874149918556213,ankle_midpoint,1012.57177734375,602.5512084960938,0.9852122068405151,0.9813981652259827,3.466845750808716,1.6854418516159058,3.4827509424608563,1.6696346843433216,0.0,0,two_ankles,accepted,3.466845750808716,1.6854418516159058,0.003312023380607679
174,5.8,detected,3,2,0.9312726855278015,ankle_midpoint,706.1746826171875,929.9984741210938,0.9972659349441528,0.9968107342720032,1.6569936275482178,11.787374496459961,1.684146220551047,11.920831495428805,0.0,0,two_ankles,accepted,1.6569936275482178,11.787374496459961,0.060133390153920684
174,5.8,detected,4,1,0.9151257276535034,ankle_midpoint,999.0037231445312,849.99609375,0.9870026707649231,0.9886370301246643,3.260206699371338,10.09057331085205,3.197939853376913,10.042716691090158,0.0,0,two_ankles,accepted,3.260206699371338,10.09057331085205,0.010592157707925525
175,5.833333333333333,detected,1,5,0.7812681794166565,ankle_midpoint,796.5514526367188,561.8585205078125,0.9923349022865295,0.9851869940757751,1.4265999794006348,-0.47072938084602356,1.7001070125671607,1.2885935490411184,1.061267715008828,0,two_ankles,corrected_motion_outlier,1.7045323015100633,1.21781757341921,0.4836744482288553
175,5.833333333333333,detected,2,3,0.8932929039001465,ankle_midpoint,1012.7499389648438,602.765869140625,0.9827693700790405,0.9791817665100098,3.468261957168579,1.6961694955825806,3.4762308990793316,1.6815753494009882,0.0,0,two_ankles,accepted,3.468261957168579,1.6961694955825806,0.010820720194582778
175,5.833333333333333,detected,3,2,0.9282523393630981,ankle_midpoint,703.1495971679688,922.43896484375,0.9972192049026489,0.9970213770866394,1.6276534795761108,11.644574165344238,1.658724487112326,11.79651569689075,0.0,0,two_ankles,accepted,1.6276534795761108,11.644574165344238,0.14578332843567937
175,5.833333333333333,detected,4,1,0.9191555380821228,ankle_midpoint,1004.9326171875,855.4308471679688,0.9890040755271912,0.9898840188980103,3.2941925525665283,10.213757514953613,3.2412535680122403,10.119685061828713,0.0,0,two_ankles,accepted,3.2941925525665283,10.213757514953613,0.12778648738243195
176,5.866666666666666,detected,1,5,0.8350583910942078,ankle_midpoint,789.308349609375,561.6065673828125,0.9904080033302307,0.9854571223258972,1.3562763929367065,-0.4835396707057953,1.7037720414053577,1.2310736649303906,1.0315605830145613,0,two_ankles,corrected_motion_outlier,1.708251521096487,1.160771584350612,0.39162588381435104
176,5.866666666666666,detected,2,3,0.8973058462142944,ankle_midpoint,1013.1011962890625,602.4466552734375,0.9845440983772278,0.9825156927108765,3.4716131687164307,1.6800614595413208,3.474152920416026,1.680894098964138,0.0,0,two_ankles,accepted,3.4716131687164307,1.6800614595413208,0.01645294636060597
176,5.866666666666666,detected,3,2,0.9265280365943909,ankle_midpoint,701.6485595703125,917.151123046875,0.9958821535110474,0.9956731200218201,1.6101926565170288,11.54307746887207,1.6368851633444423,11.682468494282345,0.0,0,two_ankles,accepted,1.6101926565170288,11.54307746887207,0.10298766788632494
176,5.866666666666666,detected,4,1,0.9241690635681152,ankle_midpoint,1008.4262084960938,855.2251586914062,0.989052951335907,0.9908676147460938,3.3150343894958496,10.20864200592041,3.274454937679865,10.159715686669978,0.0,0,two_ankles,accepted,3.3150343894958496,10.20864200592041,0.02146044266219137
177,5.9,detected,1,5,0.875060498714447,ankle_midpoint,787.2286376953125,561.5255126953125,0.9869216680526733,0.9857140779495239,1.3360400199890137,-0.4877340793609619,1.7074614560802566,1.173767033588621,0.98525771754062,0,two_ankles,corrected_motion_outlier,1.711970740682911,1.1037255952820135,0.32763365631823954
177,5.9,detected,2,3,0.8972552418708801,ankle_midpoint,1013.3507080078125,602.3950805664062,0.9857936501502991,0.9845525026321411,3.473862648010254,1.6774095296859741,3.4740222978334288,1.6793260427889645,0.0,0,two_ankles,accepted,3.473862648010254,1.6774095296859741,0.003477483148919427
177,5.9,detected,3,2,0.9231757521629333,ankle_midpoint,701.8006591796875,919.1046752929688,0.9839311242103577,0.9864957928657532,1.614463448524475,11.580770492553711,1.6267953916754572,11.636704393504461,0.0,0,two_ankles,accepted,1.614463448524475,11.580770492553711,0.03793420222748316
177,5.9,detected,4,1,0.9219497442245483,ankle_midpoint,1016.4847412109375,854.9354858398438,0.9869339466094971,0.9878959655761719,3.363085985183716,10.201022148132324,3.3143389090565982,10.178303594328035,0.0,0,two_ankles,accepted,3.363085985183716,10.201022148132324,0.04865201003926576
178,5.933333333333334,detected,1,5,0.8022000193595886,ankle_midpoint,779.2818603515625,560.75048828125,0.9878405928611755,0.9869513511657715,1.2568787336349487,-0.531283438205719,1.5046992309798681,0.406494321281168,0.9933122379019309,0,two_ankles,accepted,1.2568787336349487,-0.531283438205719,0.28915610879008913
178,5.933333333333334,detected,2,3,0.8912274241447449,ankle_midpoint,1014.4100952148438,601.7819213867188,0.9854749441146851,0.9838247299194336,3.4837265014648438,1.6463110446929932,3.478389189467566,1.6644692936457774,0.0,0,two_ankles,accepted,3.4837265014648438,1.6463110446929932,0.032625317988217155
178,5.933333333333334,detected,3,2,0.9240074157714844,ankle_midpoint,698.7535400390625,914.9161376953125,0.9937866926193237,0.9939836859703064,1.5902937650680542,11.500052452087402,1.610369659702126,11.575211019866785,0.0,0,two_ankles,accepted,1.5902937650680542,11.500052452087402,0.08425897967044355
178,5.933333333333334,detected,4,1,0.9155777096748352,ankle_midpoint,1031.3314208984375,855.979248046875,0.9872860312461853,0.9904189705848694,3.4509549140930176,10.22272777557373,3.3758161113229868,10.198294475888598,0.0,0,two_ankles,accepted,3.4509549140930176,10.22272777557373,0.09051012612019195
179,5.966666666666667,detected,1,5,0.7931411266326904,ankle_midpoint,776.1675415039062,555.2854614257812,0.9799849987030029,0.9850525259971619,1.20547354221344,-0.857559323310852,1.3845304033892716,-0.07668053406823086,0.0,0,two_ankles,corrected_motion_outlier,1.2376573918896534,-0.667227579495274,0.3303005402753982
179,5.966666666666667,detected,2,3,0.8915001153945923,ankle_midpoint,1016.1102905273438,600.3925170898438,0.9885750412940979,0.9865615963935852,3.499936819076538,1.5757412910461426,3.4880856227916035,1.6245416924759417,0.0,0,two_ankles,accepted,3.499936819076538,1.5757412910461426,0.07240762754606167
179,5.966666666666667,detected,3,2,0.9254794716835022,ankle_midpoint,699.436279296875,913.6983642578125,0.9921339750289917,0.9936322569847107,1.5918742418289185,11.476248741149902,1.6020467216591827,11.530677994444188,0.0,0,two_ankles,accepted,1.5918742418289185,11.476248741149902,0.023856122090308164
179,5.966666666666667,detected,4,1,0.9165177345275879,ankle_midpoint,1052.6964111328125,856.35009765625,0.9740374088287354,0.9788853526115417,3.5777344703674316,10.2283296585083,3.466679372892987,10.211810308067466,0.0,0,two_ankles,accepted,3.5777344703674316,10.2283296585083,0.12690325835671026
180,6.0,detected,2,3,0.8895479440689087,ankle_midpoint,1017.210205078125,599.535888671875,0.9888629913330078,0.9866119623184204,3.510435104370117,1.5320284366607666,3.498142889501935,1.582910727359113,0.0,0,two_ankles,accepted,3.510435104370117,1.5320284366607666,0.04495584091775465
180,6.0,detected,3,2,0.9237800240516663,ankle_midpoint,701.17578125,913.8740234375,0.9917495250701904,0.9940136075019836,1.6017829179763794,11.479473114013672,1.6019280100019213,11.507635798250456,0.0,0,two_ankles,accepted,1.6017829179763794,11.479473114013672,0.010420098049436706
180,6.0,detected,4,1,0.9138382077217102,ankle_midpoint,1063.434326171875,859.4998779296875,0.9468002915382385,0.9555004835128784,3.6392641067504883,10.297859191894531,3.544342503128863,10.250532305789648,0.0,0,two_ankles,accepted,3.6392641067504883,10.297859191894531,0.09284531310916079
180,6.0,predicted,1,,,motion_prediction,,,,,,,1.2184360501443579,-0.803171720784829,,1,,motion_prediction,1.2184360501443579,-0.803171720784829,
181,6.033333333333333,detected,2,3,0.8887944221496582,ankle_midpoint,1018.7938232421875,600.611083984375,0.9875667095184326,0.9850752353668213,3.523613691329956,1.5861350297927856,3.5096047503245447,1.5843616634542657,0.0,0,two_ankles,accepted,3.523613691329956,1.5861350297927856,0.055688406105866284
181,6.033333333333333,detected,3,2,0.9265285730361938,ankle_midpoint,705.4335327148438,909.5977783203125,0.9866672158241272,0.9881908893585205,1.6177334785461426,11.395146369934082,1.609040470846821,11.45701555550809,0.0,0,two_ankles,accepted,1.6177334785461426,11.395146369934082,0.08582202601636904
181,6.033333333333333,detected,4,1,0.9104421138763428,ankle_midpoint,1082.8427734375,861.1660766601562,0.9746505618095398,0.9813799262046814,3.75270676612854,10.332640647888184,3.638106421478718,10.287481059733988,0.0,0,two_ankles,accepted,3.75270676612854,10.332640647888184,0.11865490570474972
181,6.033333333333333,predicted,1,,,motion_prediction,,,,,,,1.1992147083990625,-0.9391158620743841,,2,,motion_prediction,1.1992147083990625,-0.9391158620743841,
182,6.066666666666666,detected,2,3,0.894787609577179,ankle_midpoint,1019.7716064453125,601.8551635742188,0.9888520836830139,0.9870526194572449,3.531215190887451,1.648672103881836,3.519329448577853,1.6133013616466725,0.0,0,two_ankles,accepted,3.531215190887451,1.648672103881836,0.06299736844616578
182,6.066666666666666,detected,3,2,0.928825855255127,ankle_midpoint,711.6472778320312,914.3833618164062,0.9819197058677673,0.9825477004051208,1.6604093313217163,11.48818302154541,1.632156458060524,11.471040915224885,0.0,0,two_ankles,accepted,1.6604093313217163,11.48818302154541,0.10235744698442849
182,6.066666666666666,detected,4,1,0.9228585362434387,ankle_midpoint,1096.070068359375,867.9476318359375,0.9864387512207031,0.9915426969528198,3.8243377208709717,10.481114387512207,3.7219105062052322,10.374616057234187,0.0,0,two_ankles,accepted,3.8243377208709717,10.481114387512207,0.16484976504458415
182,6.066666666666666,predicted,1,,,motion_prediction,,,,,,,1.179993366653767,-1.075060003363939,,3,,motion_prediction,1.179993366653767,-1.075060003363939,
183,6.1,detected,1,5,0.8837853074073792,ankle_midpoint,759.8012084960938,553.6326904296875,0.970649242401123,0.9868184328079224,1.039334774017334,-0.953253984451294,1.2291923701718996,-0.47113858674060927,0.0,0,two_ankles,accepted,1.039334774017334,-0.953253984451294,0.09494935834746843
183,6.1,detected,2,3,0.8963104486465454,ankle_midpoint,1020.1480712890625,602.5128173828125,0.9881179928779602,0.9874683618545532,3.533975124359131,1.681644320487976,3.5259200026794284,1.6440556931252592,0.0,0,two_ankles,accepted,3.533975124359131,1.681644320487976,0.0330875248498633
183,6.1,detected,3,2,0.9272738695144653,ankle_midpoint,714.7747192382812,913.2371826171875,0.9777206778526306,0.9787388443946838,1.6757112741470337,11.465459823608398,1.6517561252994533,11.468529423997467,0.0,0,two_ankles,accepted,1.6757112741470337,11.465459823608398,0.027395130565739157
183,6.1,detected,4,1,0.9153522849082947,ankle_midpoint,1104.305908203125,869.14111328125,0.9833773374557495,0.9889074563980103,3.8713674545288086,10.506229400634766,3.7891661329508417,10.433842061764448,0.0,0,two_ankles,accepted,3.8713674545288086,10.506229400634766,0.05331566122701067
184,6.133333333333334,detected,1,5,0.8410765528678894,ankle_midpoint,748.0624389648438,560.8021240234375,0.971832811832428,0.9869024753570557,0.9573390483856201,-0.5193994045257568,1.1312815747138913,-0.7411462492443479,0.0,0,two_ankles,corrected_motion_outlier,1.011612824709659,-1.071155614526695,0.4415349312843046
184,6.133333333333334,detected,2,3,0.9027535319328308,ankle_midpoint,1020.1710205078125,604.5231323242188,0.9881807565689087,0.9876992702484131,3.5324177742004395,1.7821935415267944,3.5288439998638834,1.7062177249059503,0.0,0,two_ankles,accepted,3.5324177742004395,1.7821935415267944,0.1005612807746099
184,6.133333333333334,detected,3,2,0.9278934001922607,ankle_midpoint,717.490234375,912.7489013671875,0.9803778529167175,0.9786585569381714,1.6898829936981201,11.455599784851074,1.6689132160788533,11.462711086381592,0.0,0,two_ankles,accepted,1.6898829936981201,11.455599784851074,0.01726435632540585
184,6.133333333333334,detected,4,1,0.9222795963287354,ankle_midpoint,1113.7030029296875,873.181884765625,0.9818258285522461,0.9854597449302673,3.9219820499420166,10.593038558959961,3.8489332955968707,10.50548048550243,0.0,0,two_ankles,accepted,3.9219820499420166,10.593038558959961,0.1004871496161154
185,6.166666666666667,detected,1,5,0.8737820982933044,ankle_midpoint,733.6170654296875,567.8861083984375,0.9768713116645813,0.991447925567627,0.8518012762069702,-0.10262971371412277,1.0649557600235329,-0.9427061971553345,0.4444279062993767,0,two_ankles,corrected_motion_outlier,0.9838908754019838,-1.189057244602096,0.43552567741986636
185,6.166666666666667,detected,2,3,0.9003989100456238,ankle_midpoint,1020.616455078125,604.6575927734375,0.9871318340301514,0.987007200717926,3.5362296104431152,1.7887822389602661,3.532167524624538,1.7433717562303925,0.0,0,two_ankles,accepted,3.5362296104431152,1.7887822389602661,0.007611900512409034
185,6.166666666666667,detected,3,2,0.9266554713249207,ankle_midpoint,714.2930297851562,916.1905517578125,0.9749233722686768,0.9754618406295776,1.6780439615249634,11.523005485534668,1.673022051529603,11.489843566000477,0.0,0,two_ankles,accepted,1.6780439615249634,11.523005485534668,0.06843749825529329
185,6.166666666666667,detected,4,1,0.9095202684402466,ankle_midpoint,1120.451171875,875.6646118164062,0.9932259917259216,0.9960894584655762,3.9584782123565674,10.645816802978516,3.8982285081387342,10.56863182836667,0.0,0,two_ankles,accepted,3.9584782123565674,10.645816802978516,0.06416784952506491
186,6.2,detected,1,5,0.8297432661056519,ankle_midpoint,727.4703979492188,575.824462890625,0.9778655767440796,0.9945417046546936,0.8305822014808655,0.34734708070755005,1.016001684755382,-1.1066199020403076,1.0090660684317445,0,two_ankles,corrected_motion_outlier,0.9561689260943088,-1.306958874677497,0.4390824735530157
186,6.2,detected,2,3,0.903596818447113,ankle_midpoint,1021.5452270507812,604.129638671875,0.9873946905136108,0.9870221018791199,3.5448949337005615,1.7622350454330444,3.537894858708749,1.751860236371586,0.0,0,two_ankles,accepted,3.5448949337005615,1.7622350454330444,0.02792563896006321
186,6.2,detected,3,2,0.9294899702072144,ankle_midpoint,714.6622314453125,916.054931640625,0.9733113050460815,0.973833441734314,1.6798466444015503,11.520331382751465,1.6760931183219794,11.503563083538424,0.0,0,two_ankles,accepted,1.6798466444015503,11.520331382751465,0.003224979263293699
186,6.2,detected,4,1,0.9191064238548279,ankle_midpoint,1124.8349609375,876.156982421875,0.9750983119010925,0.9871333837509155,3.983344793319702,10.655862808227539,3.93653083647017,10.607885769304062,0.0,0,two_ankles,accepted,3.983344793319702,10.655862808227539,0.02681919219998139
187,6.233333333333333,detected,1,5,0.6797120571136475,ankle_midpoint,716.7704467773438,583.1056518554688,0.9892292022705078,0.9977526068687439,0.7653101086616516,0.7487781643867493,0.9766020661694454,-1.2498281732609733,1.52975198169902,0,two_ankles,corrected_motion_outlier,0.9284469767866338,-1.424860504752898,0.4309874528989751
187,6.233333333333333,detected,2,3,0.8786985278129578,ankle_midpoint,1023.9966430664062,602.58203125,0.9870522022247314,0.9857681393623352,3.567997694015503,1.6841694116592407,3.5514411345967885,1.7213993652510307,0.0,0,two_ankles,accepted,3.567997694015503,1.6841694116592407,0.08141241128154401
187,6.233333333333333,detected,3,2,0.9285516738891602,ankle_midpoint,721.188232421875,915.7747802734375,0.9698707461357117,0.9647864699363708,1.7152903079986572,11.514137268066406,1.6937318536764847,11.508321466576017,0.0,0,two_ankles,accepted,1.7152903079986572,11.514137268066406,0.035980833035333434
187,6.233333333333333,detected,4,1,0.9317978620529175,ankle_midpoint,1130.609619140625,882.766845703125,0.974886417388916,0.9828063249588013,4.0090508460998535,10.79612922668457,3.9691648408035274,10.692595325125293,0.0,0,two_ankles,accepted,4.0090508460998535,10.79612922668457,0.14260248699198386
188,6.266666666666667,detected,1,5,0.5666981339454651,ankle_midpoint,710.181396484375,587.084716796875,0.9888054132461548,0.9977593421936035,0.7236976623535156,0.9634116291999817,0.9424573987587264,-1.3816484559662698,2.5124182819560397,0,two_ankles,corrected_motion_outlier,0.9007250274789587,-1.542762134828299,0.38849627338303766
188,6.266666666666667,detected,2,3,0.8839991092681885,ankle_midpoint,1029.2603759765625,601.406982421875,0.9816593527793884,0.9772223830223083,3.6158347129821777,1.6237396001815796,3.5804182448702138,1.6774524709697778,0.0,0,two_ankles,accepted,3.6158347129821777,1.6237396001815796,0.07707231992644097
188,6.266666666666667,detected,3,2,0.9278510808944702,ankle_midpoint,724.5736083984375,912.4613037109375,0.9824559688568115,0.9816463589668274,1.7285398244857788,11.449146270751953,1.7093954405406673,11.481692628455189,0.0,0,two_ankles,accepted,1.7285398244857788,11.449146270751953,0.06632781783738825
188,6.266666666666667,detected,4,1,0.9193076491355896,ankle_midpoint,1141.484375,881.9307861328125,0.9912086725234985,0.9947772026062012,4.072620391845703,10.777076721191406,4.015719838772506,10.730611953355044,0.0,0,two_ankles,accepted,4.072620391845703,10.777076721191406,0.0663632813527233
189,6.3,detected,1,5,0.7244217395782471,ankle_midpoint,708.7344360351562,588.8082275390625,0.9840961694717407,0.997177004814148,0.7186293601989746,1.0549613237380981,0.9112029544943772,-1.5072053449881135,2.7200093505099145,0,two_ankles,corrected_motion_outlier,0.8730030781712836,-1.6606637649037,0.33894364848331926
189,6.3,detected,2,3,0.885951042175293,ankle_midpoint,1032.064208984375,600.72509765625,0.9836001396179199,0.9835701584815979,3.641467571258545,1.5886061191558838,3.607890441744963,1.6374716126535256,0.0,0,two_ankles,accepted,3.641467571258545,1.5886061191558838,0.04349028526463413
189,6.3,detected,3,2,0.9353715181350708,ankle_midpoint,726.3795166015625,915.6937255859375,0.9807855486869812,0.9861494302749634,1.7437310218811035,11.511961936950684,1.7248464521438636,11.495313817278163,0.0,0,two_ankles,accepted,1.7437310218811035,11.511961936950684,0.06462646824865219
189,6.3,detected,4,1,0.9166309833526611,ankle_midpoint,1149.63037109375,883.571533203125,0.9900588393211365,0.9939144253730774,4.117372035980225,10.810783386230469,4.06146332751598,10.766689098148987,0.0,0,two_ankles,accepted,4.117372035980225,10.810783386230469,0.056025431018408144
190,6.333333333333333,detected,1,5,0.7614641785621643,ankle_midpoint,713.3795166015625,589.6156005859375,0.9651505351066589,0.9924225211143494,0.7644296288490295,1.096267580986023,0.8451549579539708,-0.3356425282997521,2.8759696807774415,0,two_ankles,accepted,0.7644296288490295,1.096267580986023,0.2954108687025662
190,6.333333333333333,detected,2,3,0.8976624608039856,ankle_midpoint,1038.793212890625,600.8895263671875,0.9803645610809326,0.9787501096725464,3.7010865211486816,1.5952489376068115,3.649828677476637,1.6184714088825043,0.0,0,two_ankles,accepted,3.7010865211486816,1.5952489376068115,0.05998788396813659
190,6.333333333333333,detected,3,2,0.9301304221153259,ankle_midpoint,731.4820556640625,912.499267578125,0.9820002913475037,0.9883747100830078,1.7667747735977173,11.44908332824707,1.7437141967980978,11.474510097214171,0.0,0,two_ankles,accepted,1.7667747735977173,11.44908332824707,0.06696815605703245
190,6.333333333333333,detected,4,1,0.9142798185348511,ankle_midpoint,1166.355712890625,880.2932739257812,0.9857636094093323,0.9872095584869385,4.218137741088867,10.739195823669434,4.13196681362378,10.75431712463319,0.0,0,two_ankles,accepted,4.218137741088867,10.739195823669434,0.12360625566480056
191,6.366666666666666,detected,1,5,0.5915905237197876,ankle_midpoint,720.8218994140625,587.944091796875,0.9680850505828857,0.9921769499778748,0.8243177533149719,1.0062096118927002,0.8357782158664213,0.2681909347868514,0.0,0,two_ankles,accepted,0.8243177533149719,1.0062096118927002,0.10815278659961602
191,6.366666666666666,detected,2,3,0.8859087824821472,ankle_midpoint,1045.773193359375,597.5167236328125,0.9891937375068665,0.984022319316864,3.767622232437134,1.4218963384628296,3.702835777208861,1.5300126271936507,0.0,0,two_ankles,accepted,3.767622232437134,1.4218963384628296,0.18568286002384374
191,6.366666666666666,detected,3,2,0.9278578758239746,ankle_midpoint,737.82470703125,909.0711669921875,0.9819964170455933,0.9881213903427124,1.7965139150619507,11.380960464477539,1.7674740700168317,11.432412762482688,0.0,0,two_ankles,accepted,1.7965139150619507,11.380960464477539,0.07433129289331512
191,6.366666666666666,detected,4,1,0.9179013967514038,ankle_midpoint,1187.21923828125,885.1771240234375,0.9870249032974243,0.9910334944725037,4.330819606781006,10.839985847473145,4.2214505705445315,10.79286804991117,0.0,0,two_ankles,accepted,4.330819606781006,10.839985847473145,0.15118145307614222
192,6.4,detected,1,5,0.728416383266449,ankle_midpoint,723.5636596679688,586.8709716796875,0.9833506941795349,0.9940589666366577,0.8444507718086243,0.9485984444618225,0.8396808660404127,0.5743743141405884,0.0,0,two_ankles,accepted,0.8444507718086243,0.9485984444618225,0.06102773997465717
192,6.4,detected,2,3,0.8947237730026245,ankle_midpoint,1049.407958984375,596.257080078125,0.9878484010696411,0.9826388359069824,3.801917552947998,1.356304407119751,3.7474225762914735,1.4518439281603959,0.0,0,two_ankles,accepted,3.801917552947998,1.356304407119751,0.07401669045734242
192,6.4,detected,3,2,0.9293716549873352,ankle_midpoint,740.82861328125,906.669677734375,0.9795740842819214,0.9863883852958679,1.8094854354858398,11.333067893981934,1.7863791844778854,11.38770757165735,0.0,0,two_ankles,accepted,1.8094854354858398,11.333067893981934,0.049618128247485446
192,6.4,detected,4,1,0.9145042896270752,ankle_midpoint,1200.849853515625,887.2061767578125,0.986957311630249,0.9915797710418701,4.40562629699707,10.880894660949707,4.304329647448174,10.832480024878514,0.0,0,two_ankles,accepted,4.40562629699707,10.880894660949707,0.0852617846467127
193,6.433333333333334,detected,1,5,0.8166221380233765,ankle_midpoint,738.1818237304688,583.021484375,0.9263103604316711,0.9676910638809204,0.9612523317337036,0.7386266589164734,0.8943880256023937,0.6482878692897367,0.0,0,two_ankles,accepted,0.9612523317337036,0.7386266589164734,0.24027225209339922
193,6.433333333333334,detected,2,3,0.8948512673377991,ankle_midpoint,1057.79541015625,595.180908203125,0.9864897727966309,0.9823733568191528,3.8788304328918457,1.2986716032028198,3.8065561117616413,1.3829163819294867,0.0,0,two_ankles,accepted,3.8788304328918457,1.2986716032028198,0.09610999525847537
193,6.433333333333334,detected,3,2,0.9337095618247986,ankle_midpoint,745.8988037109375,902.1436767578125,0.9823769330978394,0.9862911105155945,1.8308320045471191,11.242109298706055,1.8063829535090408,11.322188348829268,0.0,0,two_ankles,accepted,1.8308320045471191,11.242109298706055,0.09342987779746427
193,6.433333333333334,detected,4,1,0.9150838851928711,ankle_midpoint,1221.66650390625,900.6470947265625,0.9939345717430115,0.9963082671165466,4.500884532928467,11.155167579650879,4.392779345914306,10.97768942452608,0.0,0,two_ankles,accepted,4.500884532928467,11.155167579650879,0.29034421889478224
194,6.466666666666667,detected,1,5,0.846148669719696,ankle_midpoint,759.2305908203125,584.50732421875,0.934716522693634,0.9668837785720825,1.1600303649902344,0.8130983114242554,1.013927078326922,0.7224525682502702,0.0,0,two_ankles,accepted,1.1600303649902344,0.8130983114242554,0.21227042547791314
194,6.466666666666667,detected,2,3,0.8826919198036194,ankle_midpoint,1067.903076171875,595.3209228515625,0.9908973574638367,0.9901435375213623,3.9694461822509766,1.3033534288406372,3.8798566434818422,1.3471130530395046,0.0,0,two_ankles,accepted,3.9694461822509766,1.3033534288406372,0.09073661622090472
194,6.466666666666667,detected,3,2,0.9255032539367676,ankle_midpoint,759.2725830078125,899.9400024414062,0.992778480052948,0.9925307631492615,1.9025076627731323,11.196152687072754,1.8496390726778822,11.265472301038837,0.0,0,two_ankles,accepted,1.9025076627731323,11.196152687072754,0.08514346795231145
194,6.466666666666667,detected,4,1,0.9202831387519836,ankle_midpoint,1237.1025390625,904.6620483398438,0.9965394735336304,0.9980960488319397,4.580357551574707,11.234262466430664,4.477189538461486,11.093147293383144,0.0,0,two_ankles,accepted,4.580357551574707,11.234262466430664,0.11212476001068043
195,6.5,detected,1,5,0.8444951176643372,ankle_midpoint,767.6490478515625,581.15869140625,0.9701398015022278,0.9822660684585571,1.2246133089065552,0.6299309134483337,1.108735882087757,0.6808178235893988,0.0,0,two_ankles,accepted,1.2246133089065552,0.6299309134483337,0.19421959820308635
195,6.5,detected,2,3,0.8795784115791321,ankle_midpoint,1072.0247802734375,596.19775390625,0.9898877739906311,0.9891429543495178,4.004899024963379,1.3475500345230103,3.936125715148534,1.3473096947070822,0.0,0,two_ankles,accepted,4.004899024963379,1.3475500345230103,0.05665901526000527
195,6.5,detected,3,2,0.9224624633789062,ankle_midpoint,760.8999633789062,899.0283203125,0.987206220626831,0.9904054999351501,1.9103338718414307,11.177534103393555,1.876951732301479,11.225900112098461,0.0,0,two_ankles,accepted,1.9103338718414307,11.177534103393555,0.020196564227612047
195,6.5,detected,4,1,0.9243785738945007,ankle_midpoint,1240.909912109375,906.7332763671875,0.9887568354606628,0.9929895401000977,4.597839832305908,11.275259971618652,4.531482170691476,11.175097998589123,0.0,0,two_ankles,accepted,4.597839832305908,11.275259971618652,0.04456933442630318
196,6.533333333333333,detected,1,5,0.854731023311615,ankle_midpoint,790.4576416015625,584.36376953125,0.9760944247245789,0.9847472906112671,1.4452223777770996,0.797239363193512,1.2601548051479612,0.7332075164112497,0.0,0,two_ankles,accepted,1.4452223777770996,0.797239363193512,0.2768762875799649
196,6.533333333333333,detected,2,3,0.8664246201515198,ankle_midpoint,1079.2392578125,597.9825439453125,0.9920837879180908,0.9891366958618164,4.066184997558594,1.4373468160629272,3.9946523922330606,1.3878263993172126,0.0,0,two_ankles,accepted,4.066184997558594,1.4373468160629272,0.10871721304314695
196,6.533333333333333,detected,3,2,0.9104871153831482,ankle_midpoint,774.4622192382812,901.4097290039062,0.9888920187950134,0.9892320036888123,1.989719271659851,11.223959922790527,1.9276971250127466,11.225027026909892,0.0,0,two_ankles,accepted,1.989719271659851,11.223959922790527,0.09196411480034365
196,6.533333333333333,detected,4,1,0.9230902791023254,ankle_midpoint,1242.075439453125,907.3656005859375,0.9958211183547974,0.9968973398208618,4.603177070617676,11.287734031677246,4.563744875658266,11.225784213478779,0.0,0,two_ankles,accepted,4.603177070617676,11.287734031677246,0.013567913883202661
197,6.566666666666666,detected,1,5,0.855960488319397,ankle_midpoint,813.515380859375,586.218994140625,0.9830809235572815,0.9860994219779968,1.6615468263626099,0.8905715346336365,1.4407812146945531,0.8040213246113238,0.0,0,two_ankles,accepted,1.6615468263626099,0.8905715346336365,0.2355995782711715
197,6.566666666666666,detected,2,3,0.8735851049423218,ankle_midpoint,1083.000244140625,602.2825317382812,0.9849644303321838,0.9811483025550842,4.091327667236328,1.6545426845550537,4.038156265984531,1.5078487276742412,0.0,0,two_ankles,accepted,4.091327667236328,1.6545426845550537,0.21864628770819036
197,6.566666666666666,detected,3,2,0.9166870713233948,ankle_midpoint,785.2980346679688,902.05419921875,0.9879729747772217,0.9912779331207275,2.0512402057647705,11.235626220703125,1.9832915113511573,11.229796664116847,0.0,0,two_ankles,accepted,2.0512402057647705,11.235626220703125,0.06261731262300642
197,6.566666666666666,detected,4,1,0.9237944483757019,ankle_midpoint,1243.7303466796875,908.781494140625,0.979292094707489,0.986777663230896,4.609777450561523,11.315710067749023,4.584459534364732,11.26625084790039,0.0,0,two_ankles,accepted,4.609777450561523,11.315710067749023,0.028744105651290205
198,6.6,detected,1,5,0.8362042903900146,ankle_midpoint,825.3541259765625,588.8499145507812,0.9722654223442078,0.9791367053985596,1.776370882987976,1.0271658897399902,1.5917965654265935,0.9044363789192238,0.0,0,two_ankles,accepted,1.776370882987976,1.0271658897399902,0.1784448985732738
198,6.6,detected,2,3,0.878350555896759,ankle_midpoint,1084.28173828125,602.88623046875,0.9863793849945068,0.980525016784668,4.101498126983643,1.6845619678497314,4.066660103434131,1.5873696857532118,0.0,0,two_ankles,accepted,4.101498126983643,1.6845619678497314,0.03169535645797127
198,6.6,detected,3,2,0.9176667332649231,ankle_midpoint,791.0267333984375,902.4472045898438,0.9902731776237488,0.9922447800636292,2.083791971206665,11.242835998535156,2.0285167182861357,11.235664364605087,0.0,0,two_ankles,accepted,2.083791971206665,11.242835998535156,0.03334064081224847
198,6.6,detected,4,1,0.9271095991134644,ankle_midpoint,1246.62451171875,908.0188598632812,0.9824919700622559,0.9894903302192688,4.627340316772461,11.300206184387207,4.60375588644821,11.281530749319458,0.0,0,two_ankles,accepted,4.627340316772461,11.300206184387207,0.023427007253170384
199,6.633333333333334,detected,1,5,0.8132297396659851,ankle_midpoint,838.8967895507812,591.0943603515625,0.9775753021240234,0.9831251502037048,1.9045099020004272,1.1417096853256226,1.7325175668848187,1.0112093668021034,0.0,0,two_ankles,accepted,1.9045099020004272,1.1417096853256226,0.17187172338880077
199,6.633333333333334,detected,2,3,0.8723976612091064,ankle_midpoint,1084.6705322265625,603.3623046875,0.9850060343742371,0.9793666005134583,4.103999614715576,1.7083392143249512,4.083462883510782,1.6418059736104946,0.0,0,two_ankles,accepted,4.103999614715576,1.7083392143249512,0.02390846901866289
199,6.633333333333334,detected,3,2,0.9196874499320984,ankle_midpoint,802.1559448242188,900.9279174804688,0.9928082227706909,0.9931596517562866,2.144338607788086,11.210959434509277,2.0806365685620136,11.224547146061973,0.0,0,two_ankles,accepted,2.144338607788086,11.210959434509277,0.06842521856317751
199,6.633333333333334,detected,4,1,0.930359959602356,ankle_midpoint,1248.736328125,907.9905395507812,0.9707859754562378,0.9834794998168945,4.63917350769043,11.299393653869629,4.61969381600721,11.289569056367036,0.0,0,two_ankles,accepted,4.63917350769043,11.299393653869629,0.01186105447011748
200,6.666666666666667,detected,1,5,0.8202147483825684,ankle_midpoint,850.1527709960938,592.9415893554688,0.9882090091705322,0.9903638958930969,2.010129928588867,1.235209584236145,1.8574431296516405,1.1120094646474221,0.0,0,two_ankles,accepted,2.010129928588867,1.235209584236145,0.14105963672440347
200,6.666666666666667,detected,2,3,0.870945394039154,ankle_midpoint,1083.059326171875,600.355712890625,0.9872542023658752,0.9785520434379578,4.095639705657959,1.557230830192566,4.088942453477012,1.6037471590724266,0.0,0,two_ankles,accepted,4.095639705657959,1.557230830192566,0.15133945894759943
200,6.666666666666667,detected,3,2,0.9247037172317505,ankle_midpoint,812.012939453125,901.03466796875,0.9952054023742676,0.9957005381584167,2.199723958969116,11.211935043334961,2.13422589424521,11.218871699834818,0.0,0,two_ankles,accepted,2.199723958969116,11.211935043334961,0.05539394315290078
200,6.666666666666667,detected,4,1,0.9341440796852112,ankle_midpoint,1250.7567138671875,905.3585205078125,0.9630373120307922,0.9785255789756775,4.655489921569824,11.246603012084961,4.635802063510386,11.270234336440103,0.0,0,two_ankles,accepted,4.655489921569824,11.246603012084961,0.05525465792058467
201,6.7,detected,1,5,0.82504802942276,ankle_midpoint,852.8740234375,593.1351928710938,0.9856299757957458,0.9879763722419739,2.0350325107574463,1.2445790767669678,1.9373583511492531,1.1716657901012177,0.0,0,two_ankles,accepted,2.0350325107574463,1.2445790767669678,0.02660687860212049
201,6.7,detected,2,3,0.8659468293190002,ankle_midpoint,1080.900146484375,597.69970703125,0.9907840490341187,0.9758803844451904,4.081589698791504,1.4224543571472168,4.085633713868534,1.5221653982060823,0.0,0,two_ankles,accepted,4.081589698791504,1.4224543571472168,0.13550682779657694
201,6.7,detected,3,2,0.9236020445823669,ankle_midpoint,813.8584594726562,899.9812622070312,0.9956527948379517,0.9962295889854431,2.2089483737945557,11.190465927124023,2.1678510100424155,11.20608910211496,0.0,0,two_ankles,accepted,2.2089483737945557,11.190465927124023,0.02336691635091217
201,6.7,detected,4,1,0.9357656240463257,ankle_midpoint,1251.7724609375,905.8877563476562,0.9881089329719543,0.9917186498641968,4.660153388977051,11.25707721710205,4.646760159970386,11.26431363273798,0.0,0,two_ankles,accepted,4.660153388977051,11.25707721710205,0.011465465494182715
202,6.733333333333333,detected,1,5,0.8675884008407593,ankle_midpoint,859.263916015625,595.76025390625,0.9897595643997192,0.9908892512321472,2.0976223945617676,1.3786332607269287,2.009477170684885,1.2648011518827877,0.0,0,two_ankles,accepted,2.0976223945617676,1.3786332607269287,0.14794599620067278
202,6.733333333333333,detected,2,3,0.8565858602523804,ankle_midpoint,1074.608642578125,593.54833984375,0.9928915500640869,0.9764470458030701,4.033028602600098,1.2097245454788208,4.061961413797738,1.3815670144788146,0.0,0,two_ankles,accepted,4.033028602600098,1.2097245454788208,0.21820209173099656
202,6.733333333333333,detected,3,2,0.9200490713119507,ankle_midpoint,814.8509521484375,897.708251953125,0.9951255917549133,0.996038556098938,2.2121031284332275,11.144309997558594,2.187764463318281,11.178288505064597,0.0,0,two_ankles,accepted,2.2121031284332275,11.144309997558594,0.046263617572333535
202,6.733333333333333,detected,4,1,0.9328294992446899,ankle_midpoint,1253.657470703125,903.5223388671875,0.9846664667129517,0.987398624420166,4.675299167633057,11.209395408630371,4.659602713418588,11.239600431889556,0.0,0,two_ankles,accepted,4.675299167633057,11.209395408630371,0.050029486008019985
203,6.766666666666667,detected,1,5,0.8533391356468201,ankle_midpoint,864.008056640625,596.5968017578125,0.9784528613090515,0.9829504489898682,2.141648054122925,1.420386791229248,2.068954068232003,1.334814689588695,0.0,0,two_ankles,accepted,2.141648054122925,1.420386791229248,0.06067632165188514
203,6.766666666666667,detected,2,3,0.8771507143974304,ankle_midpoint,1066.217529296875,591.0810546875,0.9951123595237732,0.9844145774841309,3.961632013320923,1.0828384160995483,4.016813183583171,1.2471391452081448,0.0,0,two_ankles,accepted,3.961632013320923,1.0828384160995483,0.14559382813001603
203,6.766666666666667,detected,3,2,0.9186039566993713,ankle_midpoint,816.3998413085938,890.2451782226562,0.9846353530883789,0.9889556765556335,2.212871789932251,10.991138458251953,2.199062760294568,11.094070983998908,0.0,0,two_ankles,accepted,2.212871789932251,10.991138458251953,0.1531734679834136
203,6.766666666666667,detected,4,1,0.9316853284835815,ankle_midpoint,1253.1328125,902.2584228515625,0.9812652468681335,0.9843655824661255,4.674822807312012,11.183987617492676,4.666451755670629,11.21457466541096,0.0,0,two_ankles,accepted,4.674822807312012,11.183987617492676,0.025412256288102685
204,6.8,detected,1,5,0.8398149013519287,ankle_midpoint,865.068603515625,597.2093505859375,0.9796129465103149,0.9839962124824524,2.1522409915924072,1.4514800310134888,2.1064331837441848,1.3873140932298522,0.0,0,two_ankles,accepted,2.1522409915924072,1.4514800310134888,0.0328481336534156
204,6.8,detected,2,3,0.8455316424369812,ankle_midpoint,1062.75732421875,590.5341796875,0.9956501126289368,0.9844244122505188,3.9311957359313965,1.0549589395523071,3.9782853321398726,1.160658052663018,0.0,0,two_ankles,accepted,3.9311957359313965,1.0549589395523071,0.04127507957448861
204,6.8,detected,3,2,0.9188030958175659,ankle_midpoint,816.7821044921875,887.0473022460938,0.9845049381256104,0.9882621169090271,2.2116000652313232,10.924668312072754,2.204704547516108,11.017839781632139,0.0,0,two_ankles,accepted,2.2116000652313232,10.924668312072754,0.06648231055550839
204,6.8,detected,4,1,0.9297014474868774,ankle_midpoint,1249.3515625,903.404541015625,0.9579182863235474,0.9660521149635315,4.651374816894531,11.207537651062012,4.659667133221385,11.211408008953935,0.0,0,two_ankles,accepted,4.651374816894531,11.207537651062012,0.03323269979606089
205,6.833333333333333,detected,1,5,0.8383962512016296,ankle_midpoint,868.640380859375,598.6278076171875,0.9794206023216248,0.9850854277610779,2.1866137981414795,1.5229201316833496,2.1425144602229675,1.448336810533926,0.0,0,two_ankles,accepted,2.1866137981414795,1.5229201316833496,0.07927911335137267
205,6.833333333333333,detected,2,3,0.8502786755561829,ankle_midpoint,1056.6461181640625,591.3200073242188,0.9953175783157349,0.9775121212005615,3.8745205402374268,1.0978397130966187,3.931591175783772,1.1323897998581383,0.0,0,two_ankles,accepted,3.8745205402374268,1.0978397130966187,0.07106925176690895
205,6.833333333333333,detected,3,2,0.9180956482887268,ankle_midpoint,819.1641235351562,884.78173828125,0.9842450022697449,0.9877623319625854,2.2227706909179688,10.876995086669922,2.2128343120469456,10.954459668899142,0.0,0,two_ankles,accepted,2.2227706909179688,10.876995086669922,0.048964469756552796
205,6.833333333333333,detected,4,1,0.9285646080970764,ankle_midpoint,1247.8531494140625,903.5736083984375,0.9841312766075134,0.9859628081321716,4.642645835876465,11.2111177444458,4.652007549416171,11.211277389925275,0.0,0,two_ankles,accepted,4.642645835876465,11.2111177444458,0.009434626555959376
206,6.866666666666666,detected,1,5,0.8495315909385681,ankle_midpoint,871.9140625,594.1843872070312,0.9746193289756775,0.9806271195411682,2.2082436084747314,1.2941508293151855,2.1720925769362616,1.3789531189854929,0.0,0,two_ankles,accepted,2.2082436084747314,1.2941508293151855,0.2297895611229303
206,6.866666666666666,detected,2,3,0.8455896377563477,ankle_midpoint,1053.4364013671875,592.037109375,0.9956613183021545,0.9791654348373413,3.8443663120269775,1.136246681213379,3.892339987093215,1.1341253964679967,0.0,0,two_ankles,accepted,3.8443663120269775,1.136246681213379,0.04883003869432923
206,6.866666666666666,detected,3,2,0.9181328415870667,ankle_midpoint,823.07080078125,881.9228515625,0.9882152080535889,0.9912931323051453,2.2421295642852783,10.816337585449219,2.2260171755541958,10.892304731346677,0.0,0,two_ankles,accepted,2.2421295642852783,10.816337585449219,0.06367180249051482
206,6.866666666666666,detected,4,1,0.9330386519432068,ankle_midpoint,1244.1617431640625,903.8999633789062,0.9698152542114258,0.9720484614372253,4.621328353881836,11.218120574951172,4.63820191142572,11.214356823186929,0.0,0,two_ankles,accepted,4.621328353881836,11.218120574951172,0.02243824132320275
207,6.9,detected,1,5,0.8626278638839722,ankle_midpoint,872.4464111328125,592.1851196289062,0.9805592894554138,0.9858060479164124,2.2096142768859863,1.1901484727859497,2.188977341913638,1.2939910281956983,0.0,0,two_ankles,accepted,2.2096142768859863,1.1901484727859497,0.10401138829728164
207,6.9,detected,2,3,0.821724534034729,ankle_midpoint,1051.538818359375,590.76025390625,0.9924720525741577,0.9734447002410889,3.8290936946868896,1.0697360038757324,3.863879155510369,1.1051501698014778,0.0,0,two_ankles,accepted,3.8290936946868896,1.0697360038757324,0.06824165179953717
207,6.9,detected,3,2,0.9235337972640991,ankle_midpoint,823.869873046875,881.2286376953125,0.989052951335907,0.9918850660324097,2.2459919452667236,10.801560401916504,2.235005821924833,10.851469783103099,0.0,0,two_ankles,accepted,2.2459919452667236,10.801560401916504,0.015273609265833966
207,6.9,detected,4,1,0.9339089393615723,ankle_midpoint,1242.90771484375,902.558837890625,0.972277045249939,0.9746700525283813,4.616818904876709,11.191267967224121,4.628579558478665,11.203966838003666,0.0,0,two_ankles,accepted,4.616818904876709,11.191267967224121,0.027228618622190656
208,6.933333333333334,detected,1,5,0.8414064049720764,ankle_midpoint,872.8203125,593.3673706054688,0.9858406782150269,0.9903192520141602,2.215000629425049,1.2515735626220703,2.200687821293773,1.2749031686875658,0.0,0,two_ankles,accepted,2.215000629425049,1.2515735626220703,0.06166080160888725
208,6.933333333333334,detected,2,3,0.7930876612663269,ankle_midpoint,1052.63330078125,592.9198608398438,0.9967111349105835,0.9842751622200012,3.835785388946533,1.1825727224349976,3.8512369605566428,1.1399903184865616,0.0,0,two_ankles,accepted,3.835785388946533,1.1825727224349976,0.11303496727688896
208,6.933333333333334,detected,3,2,0.9182936549186707,ankle_midpoint,823.12451171875,878.344482421875,0.9862903952598572,0.9884572625160217,2.2386655807495117,10.740398406982422,2.2366527133959386,10.801487663848794,0.0,0,two_ankles,accepted,2.2386655807495117,10.740398406982422,0.06159923085035833
208,6.933333333333334,detected,4,1,0.9340081214904785,ankle_midpoint,1242.120849609375,902.6315307617188,0.9746631383895874,0.9771772027015686,4.612264156341553,11.192828178405762,4.621237627516965,11.19895444118461,0.0,0,two_ankles,accepted,4.612264156341553,11.192828178405762,0.004814560535482386
209,6.966666666666667,detected,1,5,0.8562586903572083,ankle_midpoint,876.6815185546875,598.593994140625,0.9873608350753784,0.9906731247901917,2.258188486099243,1.5191941261291504,2.226563120456235,1.384834099536279,0.0,0,two_ankles,accepted,2.258188486099243,1.5191941261291504,0.271082933760054
209,6.966666666666667,detected,2,3,0.8378782868385315,ankle_midpoint,1050.4053955078125,591.1565551757812,0.9960753321647644,0.9909152388572693,3.8182382583618164,1.0908561944961548,3.836387544568971,1.1178799626908786,0.0,0,two_ankles,accepted,3.8182382583618164,1.0908561944961548,0.09337999405072604
209,6.966666666666667,detected,3,2,0.9276415705680847,ankle_midpoint,819.8497314453125,877.0296630859375,0.991046130657196,0.9907106757164001,2.218353033065796,10.712735176086426,2.2284178572473743,10.761549044355728,0.0,0,two_ankles,accepted,2.218353033065796,10.712735176086426,0.03431987670444668
209,6.966666666666667,detected,4,1,0.9342241883277893,ankle_midpoint,1240.8863525390625,903.3189697265625,0.9781017899513245,0.9806545376777649,4.6040496826171875,11.206823348999023,4.6135030523120655,11.202495449701097,0.0,0,two_ankles,accepted,4.6040496826171875,11.206823348999023,0.016227827288419865
210,7.0,detected,1,5,0.819591224193573,ankle_midpoint,879.215087890625,599.9298095703125,0.985405445098877,0.9881814122200012,2.282830238342285,1.5863388776779175,2.2518833235049573,1.4755112497000162,0.0,0,two_ankles,accepted,2.282830238342285,1.5863388776779175,0.07152365772353317
210,7.0,detected,2,3,0.8566685318946838,ankle_midpoint,1049.2457275390625,588.7775268554688,0.9963945746421814,0.9915655851364136,3.811173915863037,0.9656229019165039,3.825041411651301,1.04936428534241,0.0,0,two_ankles,accepted,3.811173915863037,0.9656229019165039,0.1254323822036419
210,7.0,detected,3,2,0.9275159239768982,ankle_midpoint,817.9692993164062,879.793701171875,0.9888084530830383,0.9899522662162781,2.2105202674865723,10.771872520446777,2.2203639418550134,10.766194608596702,0.0,0,two_ankles,accepted,2.2105202674865723,10.771872520446777,0.059653815591409365
210,7.0,detected,4,1,0.9344149231910706,ankle_midpoint,1240.10107421875,903.4667358398438,0.9788293838500977,0.9797599911689758,4.599369525909424,11.209891319274902,4.607142965430877,11.20582359100931,0.0,0,two_ankles,accepted,4.599369525909424,11.209891319274902,0.005596097606627478
211,7.033333333333333,detected,1,5,0.8452227115631104,ankle_midpoint,883.8280639648438,602.8914184570312,0.9835593104362488,0.985005795955658,2.3281402587890625,1.7342243194580078,2.2861989443828046,1.5919321310911125,0.0,0,two_ankles,accepted,2.3281402587890625,1.7342243194580078,0.1546709469919282
211,7.033333333333333,detected,2,3,0.8601491451263428,ankle_midpoint,1049.150390625,583.3712768554688,0.996716320514679,0.9958283305168152,3.818239450454712,0.6759269833564758,3.821980529112836,0.8813174994487398,0.0,0,two_ankles,accepted,3.818239450454712,0.6759269833564758,0.2897820681294903
211,7.033333333333333,detected,3,2,0.9285851716995239,ankle_midpoint,810.3106079101562,879.38525390625,0.9911511540412903,0.9898669719696045,2.165964365005493,10.764145851135254,2.1958841322727296,10.765272667739051,0.0,0,two_ankles,accepted,2.165964365005493,10.764145851135254,0.045220900749023886
211,7.033333333333333,detected,4,1,0.9278608560562134,ankle_midpoint,1238.265380859375,902.9122314453125,0.9823958277702332,0.9833307862281799,4.5900983810424805,11.198945045471191,4.599472902456099,11.202728245517157,0.0,0,two_ankles,accepted,4.5900983810424805,11.198945045471191,0.014344861007680015
212,7.066666666666666,detected,1,5,0.8514255285263062,ankle_midpoint,891.3990478515625,605.537353515625,0.9601158499717712,0.9669156074523926,2.398515224456787,1.8640893697738647,2.3367412704160966,1.714402888498351,0.0,0,two_ankles,accepted,2.398515224456787,1.8640893697738647,0.14770770828319513
212,7.066666666666666,detected,2,3,0.8320689797401428,ankle_midpoint,1041.9251708984375,573.216796875,0.9985392093658447,0.9959427714347839,3.765756130218506,0.1163618415594101,3.817420153761483,0.7266604369994425,0.0,0,two_ankles,corrected_motion_outlier,3.8118463616653835,0.5376351384503011,0.5620210377000014
212,7.066666666666666,detected,3,2,0.9265652894973755,ankle_midpoint,808.6889038085938,880.5916748046875,0.9921441078186035,0.9907408952713013,2.158022880554199,10.789953231811523,2.178846568999391,10.776378921571665,0.0,0,two_ankles,accepted,2.158022880554199,10.789953231811523,0.027001630925928038
212,7.066666666666666,detected,4,1,0.9233741164207458,ankle_midpoint,1236.028564453125,900.896484375,0.9825130701065063,0.9840838313102722,4.581249713897705,11.158499717712402,4.591272467604822,11.18282540800502,0.0,0,two_ankles,accepted,4.581249713897705,11.158499717712402,0.04140197395964232
213,7.1,detected,1,5,0.8644936680793762,ankle_midpoint,898.2372436523438,608.4549560546875,0.9856879711151123,0.9872642755508423,2.462095022201538,2.00614595413208,2.3931504587195453,1.8456872680335292,0.0,0,two_ankles,accepted,2.462095022201538,2.00614595413208,0.15563567663227537
213,7.1,detected,2,3,0.7482748627662659,ankle_midpoint,1035.5478515625,566.9713134765625,0.9987437129020691,0.9955160021781921,3.7139875888824463,-0.23894847929477692,3.8120350573630404,0.5793677224445504,0.0,0,two_ankles,corrected_motion_outlier,3.8054532728760555,0.39934329354412645,0.4603980785153829
213,7.1,detected,3,2,0.9262595176696777,ankle_midpoint,808.9932250976562,880.6607055664062,0.9925500154495239,0.9906775951385498,2.1598525047302246,10.791378021240234,2.1702992400782666,10.783128516422522,0.0,0,two_ankles,accepted,2.1598525047302246,10.791378021240234,0.002318954406982386
213,7.1,detected,4,1,0.924755334854126,ankle_midpoint,1234.3974609375,899.9208984375,0.9675701856613159,0.9783704876899719,4.573861598968506,11.138917922973633,4.583437576718481,11.163067039740897,0.0,0,two_ankles,accepted,4.573861598968506,11.138917922973633,0.020929188407541235
214,7.133333333333334,detected,1,5,0.859842836856842,ankle_midpoint,899.3456420898438,612.2796630859375,0.979357123374939,0.9828478097915649,2.4761910438537598,2.1918845176696777,2.430518722029942,2.001476030369796,0.0,0,two_ankles,accepted,2.4761910438537598,2.1918845176696777,0.18627268133419378
214,7.133333333333334,detected,2,3,0.6444753408432007,ankle_midpoint,1028.330810546875,559.2304077148438,0.9804850220680237,0.9589665532112122,3.65458083152771,-0.692480742931366,3.8061963643886996,0.436125399231581,0.31441584582318993,0,two_ankles,corrected_motion_outlier,3.799060184086727,0.26105144863795177,0.4593865292023646
214,7.133333333333334,detected,3,2,0.9241638779640198,ankle_midpoint,808.5422973632812,881.089599609375,0.9935479760169983,0.9923267960548401,2.1577560901641846,10.800516128540039,2.1646548226169298,10.790952941875407,0.0,0,two_ankles,accepted,2.1577560901641846,10.800516128540039,0.009375497803074168
214,7.133333333333334,detected,4,1,0.922306478023529,ankle_midpoint,1233.1650390625,895.608154296875,0.9893813133239746,0.9884384274482727,4.5748419761657715,11.05107307434082,4.579569556469762,11.112669755310863,0.0,0,two_ankles,accepted,4.5748419761657715,11.05107307434082,0.08785031912731256
215,7.166666666666667,detected,1,5,0.8529399633407593,ankle_midpoint,900.303955078125,615.535888671875,0.9812988638877869,0.9822899699211121,2.4881582260131836,2.347904920578003,2.4564564988224005,2.157369030963489,0.0,0,two_ankles,accepted,2.4881582260131836,2.347904920578003,0.15647868727885264
215,7.166666666666667,detected,3,2,0.9242197871208191,ankle_midpoint,810.25439453125,880.6210327148438,0.9838650822639465,0.9846199154853821,2.1670587062835693,10.790380477905273,2.1657365702669176,10.790695333088848,0.0,0,two_ankles,accepted,2.1670587062835693,10.790380477905273,0.01375754630937734
215,7.166666666666667,detected,4,1,0.9229797720909119,ankle_midpoint,1228.6318359375,893.15478515625,0.9873479604721069,0.9866776466369629,4.553637981414795,11.001147270202637,4.567900347695027,11.062484637012162,0.0,0,two_ankles,accepted,4.553637981414795,11.001147270202637,0.05424200689727208
215,7.166666666666667,predicted,2,,,motion_prediction,,,,,,,3.792667095297399,0.12275960373177708,,1,,motion_prediction,3.792667095297399,0.12275960373177708,
216,7.2,detected,1,5,0.8365858793258667,ankle_midpoint,902.107666015625,616.1986083984375,0.9779858589172363,0.9783663749694824,2.504437208175659,2.379045009613037,2.478047818031367,2.257123221355786,0.0,0,two_ankles,accepted,2.504437208175659,2.379045009613037,0.035138446256999675
216,7.2,detected,3,2,0.9242624640464783,ankle_midpoint,810.022216796875,879.5267944335938,0.9834954142570496,0.9855284094810486,2.164466381072998,10.767189979553223,2.165164985129654,10.780117923997818,0.0,0,two_ankles,accepted,2.164466381072998,10.767189979553223,0.02333493869316638
216,7.2,detected,4,1,0.9272059202194214,ankle_midpoint,1225.593017578125,890.165283203125,0.9903704524040222,0.9908060431480408,4.541792869567871,10.93959903717041,4.556151982537807,11.007186117083375,0.0,0,two_ankles,accepted,4.541792869567871,10.93959903717041,0.06267768074885509
216,7.2,predicted,2,,,motion_prediction,,,,,,,3.7862740065080707,-0.015532241174397665,,2,,motion_prediction,3.7862740065080707,-0.015532241174397665,
217,7.233333333333333,detected,1,5,0.862525224685669,ankle_midpoint,901.8782958984375,617.6959838867188,0.977375328540802,0.9763387441635132,2.5040814876556396,2.4501333236694336,2.48976296936229,2.3439777673969275,0.0,0,two_ankles,accepted,2.5040814876556396,2.4501333236694336,0.07108920405004701
217,7.233333333333333,detected,3,2,0.9249394536018372,ankle_midpoint,808.20703125,877.6463623046875,0.991277813911438,0.9907834529876709,2.151820659637451,10.727364540100098,2.159160038658163,10.756378901243846,0.0,0,two_ankles,accepted,2.151820659637451,10.727364540100098,0.0417849242940558
217,7.233333333333333,detected,4,1,0.9334309101104736,ankle_midpoint,1217.486572265625,885.7513427734375,0.9900503158569336,0.9903530478477478,4.50339412689209,10.848331451416016,4.532410947497235,10.935701517533063,0.0,0,two_ankles,accepted,4.50339412689209,10.848331451416016,0.09901634031066096
217,7.233333333333333,predicted,2,,,motion_prediction,,,,,,,3.7798809177187427,-0.1538240860805723,,3,,motion_prediction,3.7798809177187427,-0.1538240860805723,
218,7.266666666666667,detected,1,5,0.8700907230377197,ankle_midpoint,908.2752685546875,617.0039672851562,0.9771313071250916,0.9790036082267761,2.5583720207214355,2.4158475399017334,2.5206370424739055,2.37631916502409,0.0,0,two_ankles,accepted,2.5583720207214355,2.4158475399017334,0.06421041153219446
218,7.266666666666667,detected,3,2,0.9250578880310059,ankle_midpoint,804.6718139648438,877.3226928710938,0.991117000579834,0.9905545115470886,2.1310296058654785,10.720892906188965,2.146501343901455,10.74041020346915,0.0,0,two_ankles,accepted,2.1310296058654785,10.720892906188965,0.021774984785959843
218,7.266666666666667,detected,4,1,0.9305874109268188,ankle_midpoint,1211.498046875,880.5247802734375,0.9859229326248169,0.9861959218978882,4.478207588195801,10.738509178161621,4.50801943581159,10.846964964815914,0.0,0,two_ankles,accepted,4.478207588195801,10.738509178161621,0.11267339275207154
218,7.266666666666667,predicted,2,,,motion_prediction,,,,,,,3.7734878289294143,-0.29211593098674693,,4,,motion_prediction,3.7734878289294143,-0.29211593098674693,
219,7.3,detected,1,5,0.8556885719299316,ankle_midpoint,910.1783447265625,617.6173095703125,0.9784195423126221,0.9834669232368469,2.5753273963928223,2.4444594383239746,2.545247701737418,2.406982288009038,0.0,0,two_ankles,accepted,2.5753273963928223,2.4444594383239746,0.03325846501993893
219,7.3,detected,3,2,0.929494321346283,ankle_midpoint,799.8246459960938,878.3258056640625,0.9764043688774109,0.9737518429756165,2.104276418685913,10.742901802062988,2.1275001275544616,10.741531422836378,0.0,0,two_ankles,accepted,2.104276418685913,10.742901802062988,0.03464281342296653
219,7.3,detected,4,1,0.9303502440452576,ankle_midpoint,1207.817138671875,880.679931640625,0.9856927394866943,0.9851212501525879,4.45670223236084,10.742269515991211,4.484926694258753,10.799852012844799,0.0,0,two_ankles,accepted,4.45670223236084,10.742269515991211,0.021831639200502854
219,7.3,predicted,2,,,motion_prediction,,,,,,,3.767094740140086,-0.4304077758929217,,5,,motion_prediction,3.767094740140086,-0.4304077758929217,
220,7.333333333333333,detected,1,5,0.8759358525276184,ankle_midpoint,913.3988647460938,617.5736694335938,0.9786127805709839,0.9798857569694519,2.6029675006866455,2.441636562347412,2.571221611264571,2.4225767114613066,0.0,0,two_ankles,accepted,2.6029675006866455,2.441636562347412,0.027783880113340535
220,7.333333333333333,detected,3,2,0.9284487962722778,ankle_midpoint,798.0399169921875,878.4739379882812,0.9780868887901306,0.9804465174674988,2.0941686630249023,10.7462797164917,2.11250096851616,10.743668154981272,0.0,0,two_ankles,accepted,2.0941686630249023,10.7462797164917,0.01065725247849502
220,7.333333333333333,detected,4,1,0.9280915856361389,ankle_midpoint,1198.33251953125,881.8900756835938,0.9679923057556152,0.9622232913970947,4.399984836578369,10.769163131713867,4.44670285830258,10.78604201633588,0.0,0,two_ankles,accepted,4.399984836578369,10.769163131713867,0.06277045125680816
220,7.333333333333333,predicted,2,,,motion_prediction,,,,,,,3.760701651350758,-0.5686996207990964,,6,,motion_prediction,3.760701651350758,-0.5686996207990964,
221,7.366666666666666,detected,1,5,0.8638120889663696,ankle_midpoint,915.0968017578125,618.8477783203125,0.9802102446556091,0.9841398000717163,2.618663787841797,2.501406192779541,2.592570590724323,2.4580499780545124,0.0,0,two_ankles,accepted,2.618663787841797,2.501406192779541,0.061796295620775196
221,7.366666666666666,detected,2,3,0.8245712518692017,ankle_midpoint,967.2122802734375,556.3343505859375,0.9436078667640686,0.9328782558441162,3.0638957023620605,-0.8491424322128296,3.472161066476712,-0.14224512491840377,0.05489489628433697,0,two_ankles,accepted,3.0638957023620605,-0.8491424322128296,0.1701432106371386
221,7.366666666666666,detected,3,2,0.9312734007835388,ankle_midpoint,789.566650390625,884.6109008789062,0.9937313199043274,0.9942162036895752,2.0532495975494385,10.87705135345459,2.0858378515811355,10.803690594294267,0.0,0,two_ankles,accepted,2.0532495975494385,10.87705135345459,0.13702405246284086
221,7.366666666666666,detected,4,1,0.926669716835022,ankle_midpoint,1190.6954345703125,885.981201171875,0.9791685938835144,0.9763712882995605,4.349477767944336,10.85645866394043,4.40295156764137,10.817729507757928,0.0,0,two_ankles,accepted,4.349477767944336,10.85645866394043,0.10085372540824535
222,7.4,detected,1,5,0.8567165732383728,ankle_midpoint,915.9851684570312,618.930908203125,0.9802903532981873,0.9849135279655457,2.626352310180664,2.5051138401031494,2.6077723644796764,2.479228715976399,0.0,0,two_ankles,accepted,2.626352310180664,2.5051138401031494,0.008535808364268746
222,7.4,detected,2,3,0.795373260974884,ankle_midpoint,963.165771484375,555.8592529296875,0.9153030514717102,0.8939880132675171,3.0245158672332764,-0.8767396807670593,3.2707207268171663,-0.4727676750502988,0.0,0,two_ankles,accepted,3.0245158672332764,-0.8767396807670593,0.0480872076807768
222,7.4,detected,3,2,0.9313526749610901,ankle_midpoint,786.611572265625,887.201904296875,0.993256688117981,0.9939314126968384,2.039710760116577,10.931584358215332,2.065080660422084,10.861242788058746,0.0,0,two_ankles,accepted,2.039710760116577,10.931584358215332,0.05618851063401287
222,7.4,detected,4,1,0.9283348321914673,ankle_midpoint,1188.169677734375,888.0889892578125,0.9780950546264648,0.9730121493339539,4.331708908081055,10.900911331176758,4.370892370839228,10.8551613282964,0.0,0,two_ankles,accepted,4.331708908081055,10.900911331176758,0.04787245560094706
223,7.433333333333334,detected,1,5,0.8598801493644714,ankle_midpoint,918.5966796875,619.2789916992188,0.9747280478477478,0.9792777895927429,2.6490237712860107,2.520885944366455,2.6263354975425273,2.4979744687519245,0.0,0,two_ankles,accepted,2.6490237712860107,2.520885944366455,0.027618009007599226
223,7.433333333333334,detected,2,3,0.5083126425743103,ankle_midpoint,952.6326904296875,576.77197265625,0.8059197068214417,0.7653475999832153,2.9287467002868652,0.33955103158950806,3.144788135844463,-0.7008072794248095,0.6705354820549493,0,two_ankles,corrected_motion_outlier,2.990870524655603,-0.9795223514381002,1.2200552570693082
223,7.433333333333334,detected,3,2,0.9270361065864563,ankle_midpoint,785.3297729492188,893.568359375,0.9868249297142029,0.9852790832519531,2.0406386852264404,11.063365936279297,2.0540817715840447,10.952198204757995,0.0,0,two_ankles,accepted,2.0406386852264404,11.063365936279297,0.13178484496344173
223,7.433333333333334,detected,4,1,0.9244552850723267,ankle_midpoint,1188.455078125,889.9814453125,0.9814532995223999,0.9665029644966125,4.330389022827148,10.940312385559082,4.352665864233793,10.893479304064607,0.0,0,two_ankles,accepted,4.330389022827148,10.940312385559082,0.03942315542320718
224,7.466666666666667,detected,1,5,0.8693820834159851,ankle_midpoint,919.6722412109375,617.25634765625,0.9802131056785583,0.9792705774307251,2.6566405296325684,2.4251301288604736,2.6399727619830458,2.4651945158007718,0.0,0,two_ankles,accepted,2.6566405296325684,2.4251301288604736,0.09605826987264247
224,7.466666666666667,detected,3,2,0.9179587364196777,ankle_midpoint,775.6944580078125,895.1429443359375,0.9758656024932861,0.984231173992157,1.9882545471191406,11.096762657165527,2.024459520574838,11.017252208341386,0.0,0,two_ankles,accepted,1.9882545471191406,11.096762657165527,0.062124382421054634
224,7.466666666666667,detected,4,1,0.923628032207489,ankle_midpoint,1184.79296875,891.929931640625,0.9846338629722595,0.9675477743148804,4.306540489196777,10.981167793273926,4.3319094454671365,10.9329391242088,0.0,0,two_ankles,accepted,4.306540489196777,10.981167793273926,0.04730662634203643
224,7.466666666666667,predicted,2,,,motion_prediction,,,,,,,2.9572251820779294,-1.082305022109141,,1,,motion_prediction,2.9572251820779294,-1.082305022109141,
225,7.5,detected,1,5,0.8884930610656738,ankle_midpoint,922.0980834960938,619.5991821289062,0.981715202331543,0.9796774983406067,2.6792662143707275,2.5351197719573975,2.657654815557503,2.4966608810712536,0.0,0,two_ankles,accepted,2.6792662143707275,2.5351197719573975,0.11229266760772608
225,7.5,detected,3,2,0.9140180349349976,ankle_midpoint,770.996826171875,897.8396606445312,0.9895167946815491,0.9879332184791565,1.9654377698898315,11.152237892150879,1.9978997327665853,11.077995766055658,0.0,0,two_ankles,accepted,1.9654377698898315,11.152237892150879,0.05998422309084191
225,7.5,detected,4,1,0.922578752040863,ankle_midpoint,1183.43896484375,894.605712890625,0.9839567542076111,0.950271487236023,4.294806957244873,11.036505699157715,4.315213325767118,10.979544082935814,0.0,0,two_ankles,accepted,4.294806957244873,11.036505699157715,0.056568185401950584
225,7.5,predicted,2,,,motion_prediction,,,,,,,2.923579839500256,-1.1850876927801821,,2,,motion_prediction,2.923579839500256,-1.1850876927801821,
226,7.533333333333333,detected,1,5,0.887749433517456,ankle_midpoint,925.2772827148438,622.37109375,0.9776291847229004,0.9794895648956299,2.7084155082702637,2.663947343826294,2.6804971272782456,2.571939789311022,0.0,0,two_ankles,accepted,2.7084155082702637,2.663947343826294,0.13208415729555617
226,7.533333333333333,detected,3,2,0.9198489189147949,ankle_midpoint,767.1669921875,904.015869140625,0.9849173426628113,0.9808701872825623,1.9524431228637695,11.277088165283203,1.9774442583103182,11.167587345708053,0.0,0,two_ankles,accepted,1.9524431228637695,11.277088165283203,0.12552470494905735
226,7.533333333333333,detected,4,1,0.9203582406044006,ankle_midpoint,1179.514404296875,889.950439453125,0.9907258749008179,0.9744285345077515,4.279470443725586,10.940759658813477,4.299129028848428,10.962091092080762,0.0,0,two_ankles,accepted,4.279470443725586,10.940759658813477,0.09696655551543419
226,7.533333333333333,predicted,2,,,motion_prediction,,,,,,,2.8899344969225824,-1.287870363451223,,3,,motion_prediction,2.8899344969225824,-1.287870363451223,
227,7.566666666666666,detected,1,5,0.8899449110031128,ankle_midpoint,928.5845947265625,623.7716064453125,0.9805315136909485,0.98111492395401,2.737484931945801,2.7281432151794434,2.7061416393786457,2.6422313309518115,0.0,0,two_ankles,accepted,2.737484931945801,2.7281432151794434,0.07047085419957663
227,7.566666666666666,detected,3,2,0.9165818095207214,ankle_midpoint,763.8082275390625,909.933837890625,0.9868929982185364,0.9824588298797607,1.9418984651565552,11.394925117492676,1.961448651391125,11.269889343011133,0.0,0,two_ankles,accepted,1.9418984651565552,11.394925117492676,0.11830780664089693
227,7.566666666666666,detected,4,1,0.9151822328567505,ankle_midpoint,1171.302490234375,885.7127685546875,0.9923445582389832,0.9709122180938721,4.23876953125,10.8532075881958,4.271967254929136,10.91309351533253,0.0,0,two_ankles,accepted,4.23876953125,10.8532075881958,0.09655013902521214
227,7.566666666666666,predicted,2,,,motion_prediction,,,,,,,2.856289154344909,-1.3906530341222638,,4,,motion_prediction,2.856289154344909,-1.3906530341222638,
228,7.6,detected,1,5,0.8860872387886047,ankle_midpoint,928.3955078125,625.150390625,0.9696444869041443,0.971611738204956,2.7367544174194336,2.7918121814727783,2.7199173894970006,2.709542713686247,0.0,0,two_ankles,accepted,2.7367544174194336,2.7918121814727783,0.06367315698420377
228,7.6,detected,3,2,0.9163380265235901,ankle_midpoint,763.658203125,909.9017333984375,0.9873013496398926,0.9832166433334351,1.9410223960876465,11.394309997558594,1.9522568365045596,11.32587863755749,0.0,0,two_ankles,accepted,1.9410223960876465,11.394309997558594,0.0010704529633774778
228,7.6,detected,4,1,0.916431188583374,ankle_midpoint,1166.703857421875,884.3785400390625,0.9939659237861633,0.9761600494384766,4.214311599731445,10.825698852539062,4.246022210090175,10.87376591707547,0.0,0,two_ankles,accepted,4.214311599731445,10.825698852539062,0.03680925089700434
228,7.6,predicted,2,,,motion_prediction,,,,,,,2.8226438117672354,-1.493435704793305,,5,,motion_prediction,2.8226438117672354,-1.493435704793305,
229,7.633333333333334,detected,1,5,0.8794233202934265,ankle_midpoint,929.4134521484375,625.4295654296875,0.9627659916877747,0.9669859409332275,2.7455554008483887,2.8044216632843018,2.731454494605125,2.752238241005372,0.0,0,two_ankles,accepted,2.7455554008483887,2.8044216632843018,0.015377136953018344
229,7.633333333333334,detected,3,2,0.9168786406517029,ankle_midpoint,765.134033203125,904.3397827148438,0.9889434576034546,0.98582524061203,1.941540002822876,11.283801078796387,1.947434261347802,11.306943736114995,0.0,0,two_ankles,accepted,1.941540002822876,11.283801078796387,0.11051013095062565
229,7.633333333333334,detected,4,1,0.9406660795211792,ankle_midpoint,1158.85546875,877.8433227539062,0.9834047555923462,0.9538444876670837,4.178256988525391,10.6878023147583,4.215527860386023,10.790082296032745,0.0,0,two_ankles,accepted,4.178256988525391,10.6878023147583,0.14253206699245194
229,7.633333333333334,predicted,2,,,motion_prediction,,,,,,,2.788998469189562,-1.5962183754643458,,6,,motion_prediction,2.788998469189562,-1.5962183754643458,
230,7.666666666666667,detected,1,5,0.8755261898040771,ankle_midpoint,929.2096557617188,625.6298828125,0.96504807472229,0.9699773788452148,2.743953227996826,2.813675880432129,2.7370789246313905,2.7798851787474126,0.0,0,two_ankles,accepted,2.743953227996826,2.813675880432129,0.009391884415037376
230,7.666666666666667,detected,3,2,0.9150073528289795,ankle_midpoint,767.79443359375,896.0769653320312,0.9887521862983704,0.9871202111244202,1.9449604749679565,11.11677360534668,1.9463210574768715,11.221367177269254,0.0,0,two_ankles,accepted,1.9449604749679565,11.11677360534668,0.16706249284829872
230,7.666666666666667,detected,4,1,0.9318265318870544,ankle_midpoint,1151.51123046875,871.453369140625,0.9784506559371948,0.9609739780426025,4.144349575042725,10.550719261169434,4.183497631981538,10.682368930344255,0.0,0,two_ankles,accepted,4.144349575042725,10.550719261169434,0.14121429201866473
230,7.666666666666667,predicted,2,,,motion_prediction,,,,,,,2.7553531266118885,-1.6990010461353866,,7,,motion_prediction,2.7553531266118885,-1.6990010461353866,
231,7.7,detected,1,5,0.8871143460273743,ankle_midpoint,929.5556640625,625.631591796875,0.9623287320137024,0.9662790894508362,2.74688458442688,2.8136749267578125,2.741491471539361,2.7950905653520928,0.0,0,two_ankles,accepted,2.74688458442688,2.8136749267578125,0.002931356585185763
231,7.7,detected,3,2,0.9189687967300415,ankle_midpoint,768.7616577148438,892.2496948242188,0.9902565479278564,0.9887252449989319,1.9450669288635254,11.038281440734863,1.945756699600866,11.138978595828778,0.0,0,two_ankles,accepted,1.9450669288635254,11.038281440734863,0.0784922368000834
231,7.7,detected,4,1,0.9311391115188599,ankle_midpoint,1145.3929443359375,871.60546875,0.9645262360572815,0.9516968131065369,4.108461380004883,10.554804801940918,4.1497313185920435,10.624965072562754,0.0,0,two_ankles,accepted,4.108461380004883,10.554804801940918,0.03611999704415317
231,7.7,predicted,2,,,motion_prediction,,,,,,,2.721707784034215,-1.8017837168064275,,8,,motion_prediction,2.721707784034215,-1.8017837168064275,
232,7.733333333333333,detected,1,5,0.8873443007469177,ankle_midpoint,930.3575439453125,624.1760864257812,0.9813439846038818,0.9821358323097229,2.7527968883514404,2.7464334964752197,2.7465789091047967,2.7731948843575003,0.0,0,two_ankles,accepted,2.7527968883514404,2.7464334964752197,0.06750085395122908
232,7.733333333333333,detected,3,2,0.9236730933189392,ankle_midpoint,772.41015625,889.1181640625,0.9909729957580566,0.9892555475234985,1.9614053964614868,10.973153114318848,1.9527986131881456,11.064357129149311,0.0,0,two_ankles,accepted,1.9614053964614868,10.973153114318848,0.06714644015285333
232,7.733333333333333,detected,4,1,0.9293285012245178,ankle_midpoint,1142.6754150390625,870.4720458984375,0.9762886762619019,0.9710530638694763,4.094076156616211,10.530447959899902,4.124686495702919,10.58243237186447,0.0,0,two_ankles,accepted,4.094076156616211,10.530447959899902,0.028287636984254773
232,7.733333333333333,predicted,2,,,motion_prediction,,,,,,,2.688062441456542,-1.9045663874774683,,9,,motion_prediction,2.688062441456542,-1.9045663874774683,
233,7.766666666666667,detected,1,5,0.879205048084259,ankle_midpoint,931.8912353515625,622.5827026367188,0.9819812178611755,0.9842608571052551,2.764892339706421,2.6722519397735596,2.7548199528755277,2.7277705592947274,0.0,0,two_ankles,accepted,2.764892339706421,2.6722519397735596,0.07516118212323646
233,7.766666666666667,detected,3,2,0.923297643661499,ankle_midpoint,778.889404296875,886.3888549804688,0.9871972799301147,0.9833635091781616,1.994580864906311,10.915570259094238,1.9716006264613202,10.99740303762453,0.0,0,two_ankles,accepted,1.994580864906311,10.915570259094238,0.06645597732598514
233,7.766666666666667,detected,4,1,0.9118349552154541,ankle_midpoint,1139.725341796875,868.609130859375,0.974301815032959,0.9688963890075684,4.079220294952393,10.490069389343262,4.104226705365182,10.540869029729926,0.0,0,two_ankles,accepted,4.079220294952393,10.490069389343262,0.04302470901670473
233,7.766666666666667,predicted,2,,,motion_prediction,,,,,,,2.6544170988788682,-2.0073490581485096,,10,,motion_prediction,2.6544170988788682,-2.0073490581485096,
234,7.8,detected,1,5,0.8832179307937622,ankle_midpoint,932.2080078125,622.117919921875,0.9822723865509033,0.984538197517395,2.7673206329345703,2.6505608558654785,2.760445258902097,2.6930261927515655,0.0,0,two_ankles,accepted,2.7673206329345703,2.6505608558654785,0.02182658308369153
234,7.8,detected,3,2,0.9291425943374634,ankle_midpoint,782.2025146484375,886.6953125,0.9870465993881226,0.9836816787719727,2.0138978958129883,10.921560287475586,1.9906343976695708,10.963273800057506,0.0,0,two_ankles,accepted,2.0138978958129883,10.921560287475586,0.0202244437020867
234,7.8,detected,4,1,0.9117285013198853,ankle_midpoint,1135.5408935546875,864.852783203125,0.9910669922828674,0.9883909225463867,4.059426307678223,10.407841682434082,4.08406652640605,10.481006723446797,0.0,0,two_ankles,accepted,4.059426307678223,10.407841682434082,0.08457657900241625
234,7.8,predicted,2,,,motion_prediction,,,,,,,2.620771756301195,-2.1101317288195505,,11,,motion_prediction,2.620771756301195,-2.1101317288195505,
235,7.833333333333333,detected,1,5,0.8891606330871582,ankle_midpoint,936.3004150390625,623.0751953125,0.9894880056381226,0.9895185828208923,2.802700996398926,2.6940979957580566,2.77946034077567,2.6935085041044866,0.0,0,two_ankles,accepted,2.802700996398926,2.6940979957580566,0.056100380291900134
235,7.833333333333333,detected,3,2,0.9283885359764099,ankle_midpoint,788.5543212890625,885.6895751953125,0.9857648015022278,0.9823128581047058,2.0488474369049072,10.899770736694336,2.0168302653254724,10.93469742154408,0.0,0,two_ankles,accepted,2.0488474369049072,10.899770736694336,0.041185615763084125
235,7.833333333333333,detected,4,1,0.9168651103973389,ankle_midpoint,1130.216552734375,856.0113525390625,0.9871073365211487,0.9887644052505493,4.03899621963501,10.210556030273438,4.063784888359082,10.359303911518786,0.0,0,two_ankles,accepted,4.03899621963501,10.210556030273438,0.19834065908407247
235,7.833333333333333,predicted,2,,,motion_prediction,,,,,,,2.5871264137235213,-2.2129143994905913,,12,,motion_prediction,2.5871264137235213,-2.2129143994905913,
236,7.866666666666666,detected,1,5,0.8980633020401001,ankle_midpoint,943.3935546875,623.8936767578125,0.9819386005401611,0.98223876953125,2.863394260406494,2.730372428894043,2.8172306046095414,2.710097270259787,0.0,0,two_ankles,accepted,2.863394260406494,2.730372428894043,0.07070719054827122
236,7.866666666666666,detected,3,2,0.9321078658103943,ankle_midpoint,795.4615478515625,883.1678466796875,0.9836893677711487,0.9776294231414795,2.0851805210113525,10.846002578735352,2.0475878803841185,10.894784742280153,0.0,0,two_ankles,accepted,2.0851805210113525,10.846002578735352,0.06489304901904613
236,7.866666666666666,detected,4,1,0.9176152348518372,ankle_midpoint,1134.303955078125,849.2977294921875,0.9922229647636414,0.9883987307548523,4.071962833404541,10.056629180908203,4.067464963629539,10.223100282744024,0.0,0,two_ankles,accepted,4.071962833404541,10.056629180908203,0.15741751039492716
237,7.9,detected,1,5,0.8921422958374023,ankle_midpoint,946.42919921875,623.499267578125,0.9842528700828552,0.9845726490020752,2.889051675796509,2.7114148139953613,2.849550086643677,2.7106901649407957,0.0,0,two_ankles,accepted,2.889051675796509,2.7114148139953613,0.031901318579997236
237,7.9,detected,3,2,0.9295673370361328,ankle_midpoint,798.306640625,880.336181640625,0.9904254078865051,0.9878621101379395,2.098007917404175,10.7858247756958,2.070276897043144,10.845752757317197,0.0,0,two_ankles,accepted,2.098007917404175,10.7858247756958,0.06152974952724541
237,7.9,detected,4,1,0.9184327125549316,ankle_midpoint,1139.524169921875,846.6165771484375,0.989876925945282,0.9846839308738708,4.1069016456604,9.993919372558594,4.085211470543427,10.11996887316058,0.0,0,two_ankles,accepted,4.1069016456604,9.993919372558594,0.07178607570479756
238,7.933333333333334,detected,1,5,0.89963299036026,ankle_midpoint,949.6209716796875,625.429443359375,0.9863367676734924,0.9874675869941711,2.916778564453125,2.7997748851776123,2.8798029016579285,2.7507782890473633,0.0,0,two_ankles,accepted,2.916778564453125,2.7997748851776123,0.09260822066052696
238,7.933333333333334,detected,3,2,0.9286602139472961,ankle_midpoint,805.863525390625,873.6939697265625,0.9768915772438049,0.9804254174232483,2.13358211517334,10.642855644226074,2.0987642452017323,10.754449056426193,0.0,0,two_ankles,accepted,2.13358211517334,10.642855644226074,0.1473285311815998
238,7.933333333333334,detected,4,1,0.9185773134231567,ankle_midpoint,1153.047607421875,836.0258178710938,0.9879142642021179,0.9736067056655884,4.204011917114258,9.742768287658691,4.138671671500301,9.950228609684732,0.0,0,two_ankles,accepted,4.204011917114258,9.742768287658691,0.26927174428119977
239,7.966666666666667,detected,1,5,0.9062332510948181,ankle_midpoint,951.8666381835938,626.774658203125,0.9846222996711731,0.9874656796455383,2.9361653327941895,2.8609814643859863,2.905165995669246,2.800369717949744,0.0,0,two_ankles,accepted,2.9361653327941895,2.8609814643859863,0.06420352112696828
239,7.966666666666667,detected,3,2,0.9285297393798828,ankle_midpoint,805.1302490234375,870.747802734375,0.9795039296150208,0.9845991134643555,2.1257693767547607,10.579181671142578,2.1109165544005952,10.675578733048567,0.0,0,two_ankles,accepted,2.1257693767547607,10.579181671142578,0.06415149047243507
239,7.966666666666667,detected,4,1,0.9208188056945801,ankle_midpoint,1159.091552734375,826.0891723632812,0.9843099117279053,0.9810329675674438,4.2565226554870605,9.501492500305176,4.191704614294343,9.748297360463933,0.0,0,two_ankles,accepted,4.2565226554870605,9.501492500305176,0.24692384090548208
240,8.0,detected,1,5,0.896038830280304,ankle_midpoint,952.7398681640625,626.3845825195312,0.9823132157325745,0.9861473441123962,2.9434492588043213,2.8429150581359863,2.92239346408003,2.819515121033553,0.0,0,two_ankles,accepted,2.9434492588043213,2.8429150581359863,0.01947949211122082
240,8.0,detected,3,2,0.9306343793869019,ankle_midpoint,808.8150634765625,871.9276123046875,0.9787150621414185,0.9784646034240723,2.1486198902130127,10.604310035705566,2.1278830555161834,10.643507819244217,0.0,0,two_ankles,accepted,2.1486198902130127,10.604310035705566,0.03396440299661101
240,8.0,detected,4,1,0.9208905100822449,ankle_midpoint,1163.5057373046875,826.217041015625,0.9799542427062988,0.9774532914161682,4.283645153045654,9.50401496887207,4.233077856732433,9.638370284247596,0.0,0,two_ankles,accepted,4.283645153045654,9.50401496887207,0.027239543342113776
241,8.033333333333333,detected,1,5,0.8906006813049316,ankle_midpoint,952.4271240234375,625.3087158203125,0.989391028881073,0.9920929074287415,2.94052791595459,2.7935760021209717,2.930553967423582,2.8078425175228916,0.0,0,two_ankles,accepted,2.94052791595459,2.7935760021209717,0.04942546603218254
241,8.033333333333333,detected,3,2,0.9194599390029907,ankle_midpoint,813.46484375,871.6912841796875,0.9926234483718872,0.9915338158607483,2.1753814220428467,10.598602294921875,2.1492573204531817,10.623300333299163,0.0,0,two_ankles,accepted,2.1753814220428467,10.598602294921875,0.027363440769264228
241,8.033333333333333,detected,4,1,0.9207693934440613,ankle_midpoint,1168.376708984375,830.0582275390625,0.9865294694900513,0.9839161038398743,4.307429790496826,9.597029685974121,4.26653622692641,9.619767015024532,0.0,0,two_ankles,accepted,4.307429790496826,9.597029685974121,0.09600753395571739
242,8.066666666666666,detected,1,5,0.8994258046150208,ankle_midpoint,958.3536376953125,627.4007568359375,0.9818888306617737,0.9845561981201172,2.9911067485809326,2.888122797012329,2.95780271894439,2.8439686432931386,0.0,0,two_ankles,accepted,2.9911067485809326,2.888122797012329,0.10722553209973829
242,8.066666666666666,detected,3,2,0.9095282554626465,ankle_midpoint,819.9957275390625,867.630126953125,0.9931930899620056,0.9880427122116089,2.2088730335235596,10.50929069519043,2.176084391334852,10.571995996150234,0.0,0,two_ankles,accepted,2.2088730335235596,10.50929069519043,0.09538474661163032
242,8.066666666666666,detected,4,1,0.9217047095298767,ankle_midpoint,1168.6087646484375,826.0542602539062,0.9875687956809998,0.9841852784156799,4.315507888793945,9.499314308166504,4.288573474766801,9.565563296938421,0.0,0,two_ankles,accepted,4.315507888793945,9.499314308166504,0.09804871611695527
243,8.1,detected,1,5,0.9060028791427612,ankle_midpoint,959.8298950195312,628.2649536132812,0.9838100671768188,0.9864825010299683,3.0036933422088623,2.927189826965332,2.9784534994134026,2.8814181759456257,0.0,0,two_ankles,accepted,3.0036933422088623,2.927189826965332,0.04104455102085377
243,8.1,detected,3,2,0.9044400453567505,ankle_midpoint,822.0186767578125,869.8487548828125,0.9928892850875854,0.9921741485595703,2.2231249809265137,10.557489395141602,2.1972526566511,10.565468025696351,0.0,0,two_ankles,accepted,2.2231249809265137,10.557489395141602,0.05026164225092199
243,8.1,detected,4,1,0.9229517579078674,ankle_midpoint,1168.72119140625,825.064208984375,0.9864176511764526,0.9832149147987366,4.317860126495361,9.474982261657715,4.301752468044653,9.524801831062103,0.0,0,two_ankles,accepted,4.317860126495361,9.474982261657715,0.024445480349337318
244,8.133333333333333,detected,1,5,0.8938623666763306,ankle_midpoint,965.632568359375,626.3455810546875,0.9812641143798828,0.9848026633262634,3.052522897720337,2.8381738662719727,3.011784728651523,2.861958236592482,0.0,0,two_ankles,accepted,3.052522897720337,2.8381738662719727,0.10152914236616933
244,8.133333333333333,detected,2,44,0.5140461921691895,ankle_midpoint,938.1595458984375,565.3033447265625,0.7837418913841248,0.9287741184234619,2.7871623039245605,-0.3086823523044586,2.7871623039245605,-0.3086823523044586,2.8736136164586625,0,two_ankles,accepted,2.7871623039245605,-0.3086823523044586,0.02798412486931231
244,8.133333333333333,detected,3,2,0.908217191696167,ankle_midpoint,829.2020263671875,863.4542846679688,0.992999792098999,0.9899909496307373,2.2583179473876953,10.416160583496094,2.224732037482568,10.498279676706236,0.0,0,two_ankles,accepted,2.2583179473876953,10.416160583496094,0.14564469742997607
244,8.133333333333333,detected,4,1,0.9127615094184875,ankle_midpoint,1167.6707763671875,826.0135498046875,0.9865304827690125,0.9828708171844482,4.309767246246338,9.498446464538574,4.305359118235412,9.512941916126515,0.0,0,two_ankles,accepted,4.309767246246338,9.498446464538574,0.024820627058137815
245,8.166666666666666,detected,1,5,0.9040119647979736,ankle_midpoint,969.7532348632812,624.8004150390625,0.9917425513267517,0.9925766587257385,3.087413787841797,2.7661750316619873,3.0458178052871467,2.8188557943737598,0.0,0,two_ankles,accepted,3.087413787841797,2.7661750316619873,0.08000753963636063
245,8.166666666666666,detected,2,44,0.6319810152053833,ankle_midpoint,943.4676513671875,562.8133544921875,0.808747410774231,0.9429065585136414,2.8365094661712646,-0.4558946490287781,2.809368526935578,-0.3749278858304024,0.0,0,two_ankles,accepted,2.8365094661712646,-0.4558946490287781,0.1552630114632961
245,8.166666666666666,detected,3,2,0.9156297445297241,ankle_midpoint,833.0152587890625,863.1929931640625,0.9859548211097717,0.9899223446846008,2.280463933944702,10.409884452819824,2.249811390890528,10.458501825957352,0.0,0,two_ankles,accepted,2.280463933944702,10.409884452819824,0.0230181349559155
245,8.166666666666666,detected,4,1,0.9130313396453857,ankle_midpoint,1174.20458984375,820.8465576171875,0.9821911454200745,0.9826316833496094,4.359160423278809,9.36988639831543,4.329569705504941,9.448566933111527,0.0,0,two_ankles,accepted,4.359160423278809,9.36988639831543,0.13772209904245686
246,8.2,detected,1,5,0.902332603931427,ankle_midpoint,973.2836303710938,623.9341430664062,0.9925409555435181,0.9936844706535339,3.1174349784851074,2.725346326828003,3.078045533226229,2.776776533978169,0.0,0,two_ankles,accepted,3.1174349784851074,2.725346326828003,0.0506779540437715
246,8.2,detected,2,44,0.6314496397972107,ankle_midpoint,943.4644775390625,560.9759521484375,0.8288958072662354,0.9407835006713867,2.8355417251586914,-0.5644084215164185,2.8211464661359793,-0.46019412688910966,0.0,0,two_ankles,accepted,2.8355417251586914,-0.5644084215164185,0.1085180876267491
246,8.2,detected,3,2,0.9129255414009094,ankle_midpoint,834.84716796875,858.23095703125,0.9899030923843384,0.9875133633613586,2.2861812114715576,10.299005508422852,2.2661778101519916,10.386728483066827,0.0,0,two_ankles,accepted,2.2861812114715576,10.299005508422852,0.11102624722517662
246,8.2,detected,4,1,0.9100044965744019,ankle_midpoint,1176.290283203125,820.4437255859375,0.9883314967155457,0.9879698753356934,4.3728766441345215,9.359566688537598,4.349057827888252,9.40851682305326,0.0,0,two_ankles,accepted,4.3728766441345215,9.359566688537598,0.01716482229623643
247,8.233333333333333,detected,1,5,0.8985077738761902,ankle_midpoint,982.8814697265625,622.5535888671875,0.9903685450553894,0.9930800795555115,3.1993300914764404,2.6590826511383057,3.132623584438824,2.7238142867002306,0.0,0,two_ankles,accepted,3.1993300914764404,2.6590826511383057,0.10534554688154871
247,8.233333333333333,detected,2,44,0.6811268329620361,ankle_midpoint,944.2288208007812,564.0770874023438,0.898510754108429,0.9688367247581482,2.8444252014160156,-0.3819565176963806,2.8316218970119955,-0.42498720275238155,0.0,0,two_ankles,accepted,2.8444252014160156,-0.3819565176963806,0.18266804142479545
247,8.233333333333333,detected,3,2,0.9164055585861206,ankle_midpoint,837.6956787109375,858.0182495117188,0.9929773211479187,0.9934645295143127,2.3028249740600586,10.293861389160156,2.282669033910622,10.344938290808827,0.0,0,two_ankles,accepted,2.3028249740600586,10.293861389160156,0.017420585411840144
247,8.233333333333333,detected,4,1,0.8922029137611389,ankle_midpoint,1179.30712890625,817.9324951171875,0.9941473007202148,0.9892188906669617,4.396202087402344,9.296379089355469,4.3702727446695935,9.358054842889254,0.0,0,two_ankles,accepted,4.396202087402344,9.296379089355469,0.06735539320679357
248,8.266666666666667,detected,1,5,0.9002435207366943,ankle_midpoint,990.7349853515625,621.77734375,0.9900076389312744,0.9921137094497681,3.266538381576538,2.621100664138794,3.1928852431507955,2.6775931565475846,0.0,0,two_ankles,accepted,3.266538381576538,2.621100664138794,0.07719835227911255
248,8.266666666666667,detected,2,44,0.681393563747406,ankle_midpoint,951.8184204101562,564.6364135742188,0.9517134428024292,0.9832406640052795,2.9171628952026367,-0.3513844907283783,2.8701153461977844,-0.3918659823415801,0.0,0,two_ankles,accepted,2.9171628952026367,-0.3513844907283783,0.07890133668277438
248,8.266666666666667,detected,3,2,0.9212522506713867,ankle_midpoint,842.568115234375,854.685546875,0.9966334700584412,0.9954000115394592,2.328432559967041,10.21806812286377,2.3032626206360107,10.287846715233552,0.0,0,two_ankles,accepted,2.328432559967041,10.21806812286377,0.08000229791611285
248,8.266666666666667,detected,4,1,0.8915641903877258,ankle_midpoint,1183.65869140625,818.45703125,0.9927628636360168,0.9842402935028076,4.422487735748291,9.308910369873047,4.393769490655008,9.335939830031961,0.0,0,two_ankles,accepted,4.422487735748291,9.308910369873047,0.029119895267274456
249,8.3,detected,1,5,0.8956973552703857,ankle_midpoint,996.7477416992188,621.3150634765625,0.9856899380683899,0.9886258244514465,3.318071126937866,2.598116159439087,3.2492188908549773,2.6418285078487607,0.0,0,two_ankles,accepted,3.318071126937866,2.598116159439087,0.056426157947944144
249,8.3,detected,2,44,0.7438374757766724,ankle_midpoint,952.3238525390625,566.5014038085938,0.9442528486251831,0.9797385931015015,2.922598361968994,-0.24304334819316864,2.893732703294829,-0.324895796974795,0.0,0,two_ankles,accepted,2.922598361968994,-0.24304334819316864,0.1084774053192774
249,8.3,detected,3,2,0.9207660555839539,ankle_midpoint,845.860107421875,855.1965942382812,0.996147871017456,0.9946944117546082,2.348489999771118,10.229207038879395,2.3236149412468095,10.261458860874182,0.0,0,two_ankles,accepted,2.348489999771118,10.229207038879395,0.022942893049860243
249,8.3,detected,4,1,0.8829246759414673,ankle_midpoint,1182.3779296875,817.526123046875,0.9904907941818237,0.9787439703941345,4.416172027587891,9.285747528076172,4.403850632274805,9.313353294151856,0.0,0,two_ankles,accepted,4.416172027587891,9.285747528076172,0.024008444549249906
250,8.333333333333334,detected,1,5,0.8813730478286743,ankle_midpoint,1005.8869018554688,623.3848266601562,0.9725742936134338,0.9778013825416565,3.394942283630371,2.6923656463623047,3.3147944176039044,2.6645702201798556,0.0,0,two_ankles,accepted,3.394942283630371,2.6923656463623047,0.12162294403825882
250,8.333333333333334,detected,2,44,0.6910765767097473,ankle_midpoint,951.72314453125,567.1884765625,0.9394611120223999,0.9778410792350769,2.917116165161133,-0.20312270522117615,2.904255261134666,-0.2700979056856665,0.0,0,two_ankles,accepted,2.917116165161133,-0.20312270522117615,0.040295312595107366
250,8.333333333333334,detected,3,2,0.9214717745780945,ankle_midpoint,848.3385620117188,854.3191528320312,0.9955446124076843,0.9938746094703674,2.3623998165130615,10.209012031555176,2.341068135116623,10.23785778768063,0.0,0,two_ankles,accepted,2.3623998165130615,10.209012031555176,0.024521853980066368
250,8.333333333333334,detected,4,1,0.8763216137886047,ankle_midpoint,1183.691650390625,815.5027465820312,0.9914421439170837,0.9829168915748596,4.428131580352783,9.234618186950684,4.414777058909896,9.277922495911328,0.0,0,two_ankles,accepted,4.428131580352783,9.234618186950684,0.05250943178385
251,8.366666666666667,detected,1,5,0.8876845240592957,ankle_midpoint,1013.07373046875,625.994384765625,0.9820146560668945,0.9856967926025391,3.4543018341064453,2.8111770153045654,3.377572755030048,2.730543277985975,0.0,0,two_ankles,accepted,3.4543018341064453,2.8111770153045654,0.13281452338752567
251,8.366666666666667,detected,2,44,0.6563122272491455,ankle_midpoint,953.6373291015625,568.7103881835938,0.9291712045669556,0.9720667004585266,2.9357497692108154,-0.11599572002887726,2.9184277897689332,-0.20075192214011134,0.0,0,two_ankles,accepted,2.9357497692108154,-0.11599572002887726,0.0890972656627543
251,8.366666666666667,detected,3,2,0.9220088720321655,ankle_midpoint,850.4911499023438,853.3151245117188,0.9920165538787842,0.9904472827911377,2.3742849826812744,10.185935974121094,2.3560157165207167,10.214492971578839,0.0,0,two_ankles,accepted,2.3742849826812744,10.185935974121094,0.02595691818277133
251,8.366666666666667,detected,4,1,0.8758484721183777,ankle_midpoint,1184.55810546875,811.7261352539062,0.9924881458282471,0.9839282035827637,4.440619468688965,9.13864803314209,4.426406143310477,9.215248987665172,0.0,0,two_ankles,accepted,4.440619468688965,9.13864803314209,0.09677922182546253
252,8.4,detected,1,5,0.894378662109375,ankle_midpoint,1015.6138916015625,626.309814453125,0.9841331243515015,0.9864425659179688,3.475590467453003,2.825078248977661,3.4216807256203783,2.773084014932234,0.0,0,two_ankles,accepted,3.475590467453003,2.825078248977661,0.02542538509832594
252,8.4,detected,2,44,0.7001829743385315,ankle_midpoint,946.260009765625,569.0138549804688,0.9037882089614868,0.9421690702438354,2.8660378456115723,-0.0965501070022583,2.894852314898121,-0.15386110532807748,0.0,0,two_ankles,accepted,2.8660378456115723,-0.0965501070022583,0.07237322818479032
252,8.4,detected,3,2,0.9216457009315491,ankle_midpoint,850.800048828125,853.6453857421875,0.99149090051651,0.9898496866226196,2.376426935195923,10.193400382995605,2.36520076492456,10.205001306716383,0.0,0,two_ankles,accepted,2.376426935195923,10.193400382995605,0.0077656526075339
252,8.4,detected,4,1,0.8787268996238708,ankle_midpoint,1184.7724609375,809.8873291015625,0.9918230175971985,0.9835016131401062,4.445432662963867,9.091588973999023,4.434968077154503,9.159601981515406,0.0,0,two_ankles,accepted,4.445432662963867,9.091588973999023,0.047304565176720256
253,8.433333333333334,detected,1,5,0.8909408450126648,ankle_midpoint,1018.015869140625,628.3850708007812,0.9845806956291199,0.9866755604743958,3.4943370819091797,2.9194042682647705,3.454376085950339,2.8389281289318755,0.0,0,two_ankles,accepted,3.4943370819091797,2.9194042682647705,0.0961708556066788
253,8.433333333333334,detected,2,44,0.7639234662055969,ankle_midpoint,958.8800048828125,568.4531860351562,0.9244169592857361,0.9635404348373413,2.985339641571045,-0.13221852481365204,2.935571611900937,-0.14412194409658602,0.0,0,two_ankles,accepted,2.985339641571045,-0.13221852481365204,0.12451969542334979
253,8.433333333333334,detected,3,2,0.9225704073905945,ankle_midpoint,850.587646484375,854.185546875,0.9902063012123108,0.9881844520568848,2.3756566047668457,10.2056884765625,2.3699058928535885,10.205310533147136,0.0,0,two_ankles,accepted,2.3756566047668457,10.2056884765625,0.012312215579606984
253,8.433333333333334,detected,4,1,0.8847976326942444,ankle_midpoint,1186.7587890625,806.9886474609375,0.990607738494873,0.9863454699516296,4.463549613952637,9.016677856445312,4.447829768713664,9.095286125233866,0.0,0,two_ankles,accepted,4.463549613952637,9.016677856445312,0.07707074312782625
254,8.466666666666667,detected,1,5,0.8858098983764648,ankle_midpoint,1017.065673828125,625.4116821289062,0.9848974347114563,0.9858624339103699,3.4885621070861816,2.783458948135376,3.4697597954614685,2.813966997573451,0.0,0,two_ankles,accepted,3.4885621070861816,2.783458948135376,0.1360679256815868
254,8.466666666666667,detected,2,44,0.7828465700149536,ankle_midpoint,956.75146484375,567.134033203125,0.9198529124259949,0.9613330960273743,2.96486234664917,-0.20766319334506989,2.948752442537642,-0.17271550625840376,0.0,0,two_ankles,accepted,2.96486234664917,-0.20766319334506989,0.07817427720889371
254,8.466666666666667,detected,3,2,0.9232432246208191,ankle_midpoint,848.7547607421875,854.4222412109375,0.993110179901123,0.9915165901184082,2.364971160888672,10.211294174194336,2.3676852634693764,10.208003171618376,0.0,0,two_ankles,accepted,2.364971160888672,10.211294174194336,0.012066588449647794
254,8.466666666666667,detected,4,1,0.8844563961029053,ankle_midpoint,1190.3511962890625,806.8248291015625,0.9872157573699951,0.9865939617156982,4.486706256866455,9.011922836303711,4.46532418838242,9.057772645215296,0.0,0,two_ankles,accepted,4.486706256866455,9.011922836303711,0.023639803882120735
255,8.5,detected,1,5,0.8888736367225647,ankle_midpoint,1016.318603515625,624.6326293945312,0.9880734086036682,0.9892443418502808,3.4828078746795654,2.7477076053619385,3.4756314311096124,2.7841502710782704,0.0,0,two_ankles,accepted,3.4828078746795654,2.7477076053619385,0.03621145814094171
255,8.5,detected,2,44,0.786678671836853,ankle_midpoint,955.7413330078125,569.2728881835938,0.9169946312904358,0.9581406116485596,2.9558145999908447,-0.08431600779294968,2.951930413391583,-0.13293573194894945,0.0,0,two_ankles,accepted,2.9558145999908447,-0.08431600779294968,0.12367857495630522
255,8.5,detected,3,2,0.9227077960968018,ankle_midpoint,848.2166748046875,853.7412109375,0.9936239719390869,0.9924322366714478,2.361135482788086,10.195914268493652,2.3647378621627957,10.20256316521225,0.0,0,two_ankles,accepted,2.361135482788086,10.195914268493652,0.015850991320836505
255,8.5,detected,4,1,0.8897879719734192,ankle_midpoint,1188.903076171875,807.3123779296875,0.9911646246910095,0.9895415306091309,4.476553440093994,9.02473258972168,4.470377351652629,9.04290462024317,0.0,0,two_ankles,accepted,4.476553440093994,9.02473258972168,0.016345319545494553
256,8.533333333333333,detected,1,5,0.8874832391738892,ankle_midpoint,1016.60302734375,625.1436767578125,0.9879206418991089,0.9888990521430969,3.48483943939209,2.77121901512146,3.4797750348367273,2.7783312058977057,0.0,0,two_ankles,accepted,3.48483943939209,2.77121901512146,0.023599017862218262
256,8.533333333333333,detected,2,44,0.790876567363739,ankle_midpoint,956.6431884765625,566.77587890625,0.9450147747993469,0.9656915664672852,2.963747978210449,-0.2283480167388916,2.9572483175600732,-0.17587126010442344,0.0,0,two_ankles,accepted,2.963747978210449,-0.2283480167388916,0.14425033133750226
256,8.533333333333333,detected,3,2,0.9230421781539917,ankle_midpoint,846.8656616210938,852.231201171875,0.9937434792518616,0.9930058121681213,2.3516645431518555,10.161735534667969,2.3588548686078727,10.184190731467325,0.0,0,two_ankles,accepted,2.3516645431518555,10.161735534667969,0.03546666806340919
256,8.533333333333333,detected,4,1,0.9038208723068237,ankle_midpoint,1191.0009765625,806.9810791015625,0.9927903413772583,0.9895793795585632,4.490532398223877,9.015869140625,4.479447122609691,9.030738654414993,0.0,0,two_ankles,accepted,4.490532398223877,9.015869140625,0.016552099573360738
257,8.566666666666666,detected,1,5,0.8795353770256042,ankle_midpoint,1016.9804077148438,626.5176391601562,0.9865152835845947,0.9870641231536865,3.487004518508911,2.834298849105835,3.4830283024892106,2.803516645341364,0.0,0,two_ankles,accepted,3.487004518508911,2.834298849105835,0.06311697888110937
257,8.566666666666666,detected,2,44,0.7194396257400513,ankle_midpoint,950.0927734375,562.2393798828125,0.9173763990402222,0.9255629181861877,2.899789333343506,-0.491571843624115,2.931391774662618,-0.31793652268828465,0.0,0,two_ankles,accepted,2.899789333343506,-0.491571843624115,0.2708827999215119
257,8.566666666666666,detected,3,2,0.9204309582710266,ankle_midpoint,845.8330078125,851.8412475585938,0.9934110045433044,0.9923075437545776,2.345132350921631,10.152976989746094,2.352679735649064,10.170144547692772,0.0,0,two_ankles,accepted,2.345132350921631,10.152976989746094,0.01092619075804139
257,8.566666666666666,detected,4,1,0.9073054790496826,ankle_midpoint,1190.877197265625,808.4921264648438,0.9919682145118713,0.9894054532051086,4.486796855926514,9.054864883422852,4.482754502602262,9.04159545746853,0.0,0,two_ankles,accepted,4.486796855926514,9.054864883422852,0.03917425471673433
258,8.6,detected,1,5,0.8852472305297852,ankle_midpoint,1019.123291015625,628.3568725585938,0.9827138781547546,0.9842047095298767,3.503700017929077,2.917867660522461,3.492330574437151,2.8549746021728577,0.0,0,two_ankles,accepted,3.503700017929077,2.917867660522461,0.08522022026770619
258,8.6,detected,2,44,0.7288193702697754,ankle_midpoint,946.8515625,561.8114013671875,0.9174075126647949,0.9283958673477173,2.8684983253479004,-0.5159209966659546,2.9030897224709955,-0.40702953597823616,0.0,0,two_ankles,accepted,2.8684983253479004,-0.5159209966659546,0.03964856157839742
258,8.6,detected,3,2,0.9208440780639648,ankle_midpoint,845.419921875,851.56884765625,0.9935532808303833,0.9925951361656189,2.3424055576324463,10.14681339263916,2.348056355541586,10.159645527918647,0.0,0,two_ankles,accepted,2.3424055576324463,10.14681339263916,0.006739831669896673
258,8.6,detected,4,1,0.9072921276092529,ankle_midpoint,1190.357666015625,809.8749389648438,0.9927961230278015,0.9905816316604614,4.4808197021484375,9.090468406677246,4.481883842398041,9.063588284612454,0.0,0,two_ankles,accepted,4.4808197021484375,9.090468406677246,0.03610176222032634
259,8.633333333333333,detected,1,5,0.8929381370544434,ankle_midpoint,1015.7071533203125,626.3460693359375,0.9821319580078125,0.9828698039054871,3.476353645324707,2.8267204761505127,3.4851409563365516,2.8422602454628025,0.0,0,two_ankles,accepted,3.476353645324707,2.8267204761505127,0.09516109138482477
259,8.633333333333333,detected,2,44,0.7547981142997742,ankle_midpoint,935.3958129882812,558.0003051757812,0.928684651851654,0.9159929156303406,2.755899429321289,-0.7396244406700134,2.8368540905536275,-0.5566972430895359,0.0,0,two_ankles,accepted,2.755899429321289,-0.7396244406700134,0.2504430918306367
259,8.633333333333333,detected,3,2,0.9224706888198853,ankle_midpoint,845.6598510742188,851.659912109375,0.9938012957572937,0.9929429888725281,2.3439252376556396,10.148860931396484,2.3461973524929105,10.154792459483675,0.0,0,two_ankles,accepted,2.3439252376556396,10.148860931396484,0.0025498710429427162
259,8.633333333333333,detected,4,1,0.9117564558982849,ankle_midpoint,1189.947265625,809.886474609375,0.9933832287788391,0.9910734295845032,4.478199005126953,9.09082317352295,4.480225665626051,9.075843984622177,0.0,0,two_ankles,accepted,4.478199005126953,9.09082317352295,0.0026446006112884456
260,8.666666666666666,detected,1,5,0.8789870142936707,ankle_midpoint,1010.5620727539062,625.1766357421875,0.9935277104377747,0.9932036399841309,3.4335596561431885,2.774127721786499,3.4619293712495383,2.8116006098084663,0.0,0,two_ankles,accepted,3.4335596561431885,2.774127721786499,0.0678035642253518
260,8.666666666666666,detected,2,44,0.6621413826942444,ankle_midpoint,925.08203125,555.7236938476562,0.9546146988868713,0.934020459651947,2.654022216796875,-0.8739665150642395,2.7545797473630893,-0.6994684154781525,0.0,0,two_ankles,accepted,2.654022216796875,-0.8739665150642395,0.16860237063662065
260,8.666666666666666,detected,3,2,0.9190881848335266,ankle_midpoint,846.9671630859375,851.1614990234375,0.9940244555473328,0.9928629994392395,2.351255416870117,10.13730239868164,2.3484734814626536,10.14692193212276,0.0,0,two_ankles,accepted,2.351255416870117,10.13730239868164,0.013686899058459948
260,8.666666666666666,detected,4,1,0.9191162586212158,ankle_midpoint,1191.10400390625,813.4873657226562,0.9896260499954224,0.985080897808075,4.478565692901611,9.182537078857422,4.479478677900054,9.123855877028038,0.0,0,two_ankles,accepted,4.478565692901611,9.182537078857422,0.09171463837155275
261,8.7,detected,1,5,0.8810133934020996,ankle_midpoint,1006.3001708984375,625.1029052734375,0.992233157157898,0.992729127407074,3.397444725036621,2.771710157394409,3.432911280453726,2.7936499062221407,0.0,0,two_ankles,accepted,3.397444725036621,2.771710157394409,0.036195757574914895
261,8.7,detected,2,44,0.7263587713241577,ankle_midpoint,922.4478149414062,558.3179931640625,0.9228953123092651,0.9083842635154724,2.6308741569519043,-0.7168656587600708,2.6989122316780563,-0.7072971749550158,0.0,0,two_ankles,accepted,2.6308741569519043,-0.7168656587600708,0.1587970771963055
261,8.7,detected,3,2,0.9178141355514526,ankle_midpoint,848.5487060546875,851.1760864257812,0.9924099445343018,0.9901094436645508,2.360715627670288,10.137428283691406,2.3539824472560893,10.142649790328651,0.0,0,two_ankles,accepted,2.360715627670288,10.137428283691406,0.009461048325600805
261,8.7,detected,4,1,0.9196490049362183,ankle_midpoint,1191.4676513671875,813.09228515625,0.99073326587677,0.9865360856056213,4.481618404388428,9.17244815826416,4.480441554819823,9.145722403584294,0.0,0,two_ankles,accepted,4.481618404388428,9.17244815826416,0.010540653023360613
262,8.733333333333333,detected,1,5,0.8830150961875916,ankle_midpoint,995.8676147460938,623.1209716796875,0.9927027225494385,0.9930588006973267,3.3097751140594482,2.6824398040771484,3.377500005576301,2.743605360256894,0.0,0,two_ankles,accepted,3.3097751140594482,2.6824398040771484,0.12512056853402398
262,8.733333333333333,detected,2,44,0.7255308032035828,ankle_midpoint,932.737548828125,556.0490112304688,0.9731886982917786,0.957514226436615,2.728721857070923,-0.856472909450531,2.7123265631048463,-0.7744262554779977,0.0,0,two_ankles,accepted,2.728721857070923,-0.856472909450531,0.17048271720010327
262,8.733333333333333,detected,3,2,0.9264537692070007,ankle_midpoint,847.1304321289062,850.1966552734375,0.9848891496658325,0.9809931516647339,2.3513143062591553,10.11519718170166,2.352781783807469,10.130296116446505,0.0,0,two_ankles,accepted,2.3513143062591553,10.11519718170166,0.02413724797805079
262,8.733333333333333,detected,4,1,0.9211003184318542,ankle_midpoint,1190.636962890625,817.3590698242188,0.9938481450080872,0.9908462166786194,4.468234539031982,9.280384063720703,4.474948397715295,9.206320150645679,0.0,0,two_ankles,accepted,4.468234539031982,9.280384063720703,0.10876252819148348
263,8.766666666666667,detected,1,5,0.8838850855827332,ankle_midpoint,989.0418701171875,621.839111328125,0.9909166693687439,0.9901430606842041,3.252066135406494,2.624375343322754,3.3210547639998884,2.6899518526365314,0.0,0,two_ankles,accepted,3.252066135406494,2.624375343322754,0.08186456999133224
263,8.766666666666667,detected,2,44,0.7835911512374878,ankle_midpoint,920.2855224609375,561.5281982421875,0.9768977165222168,0.9469059109687805,2.613121747970581,-0.5251526236534119,2.7192641871559298,-0.8423433176819359,0.0,0,two_ankles,corrected_motion_outlier,2.7277435054405865,-0.9253530603756381,0.3509081318588893
263,8.766666666666667,detected,3,2,0.9265096187591553,ankle_midpoint,843.56201171875,849.0126953125,0.9872686862945557,0.9861260056495667,2.328813314437866,10.088492393493652,2.341995972591148,10.111484441117721,0.0,0,two_ankles,accepted,2.328813314437866,10.088492393493652,0.03492048605297857
263,8.766666666666667,detected,4,1,0.9198421239852905,ankle_midpoint,1188.0537109375,817.42529296875,0.9923534989356995,0.9851937890052795,4.451921463012695,9.2824125289917,4.464586277099125,9.24056172090139,0.0,0,two_ankles,accepted,4.451921463012695,9.2824125289917,0.016438707995663084
264,8.8,detected,1,5,0.8846553564071655,ankle_midpoint,984.71630859375,624.3080444335938,0.987750232219696,0.9890868663787842,3.214527130126953,2.7399978637695312,3.273117328757068,2.7124725576463815,0.0,0,two_ankles,accepted,3.214527130126953,2.7399978637695312,0.12156374521971118
264,8.8,detected,2,44,0.7357310056686401,ankle_midpoint,915.1613159179688,561.27783203125,0.9500138163566589,0.9016865491867065,2.563627004623413,-0.5385140776634216,2.6492274550162973,-0.7056201596736045,0.0,0,two_ankles,accepted,2.563627004623413,-0.5385140776634216,0.1791327224546707
264,8.8,detected,3,2,0.9278637170791626,ankle_midpoint,840.7789306640625,849.7447509765625,0.9891374707221985,0.9888034462928772,2.312878131866455,10.105671882629395,2.328892944265036,10.108868789797974,0.0,0,two_ankles,accepted,2.312878131866455,10.105671882629395,0.023432133717382397
264,8.8,detected,4,1,0.9202913045883179,ankle_midpoint,1188.4176025390625,818.3480224609375,0.9935844540596008,0.9876832365989685,4.452470302581787,9.30550765991211,4.459134088566323,9.269787393456214,0.0,0,two_ankles,accepted,4.452470302581787,9.30550765991211,0.023101651393428266
265,8.833333333333334,detected,1,5,0.8734461069107056,ankle_midpoint,974.6839599609375,622.5262451171875,0.9866222739219666,0.9851647615432739,3.129469156265259,2.6597111225128174,3.208475651135754,2.688729911836278,0.0,0,two_ankles,accepted,3.129469156265259,2.6597111225128174,0.11696503639583582
265,8.833333333333334,detected,2,44,0.6881920099258423,ankle_midpoint,909.1256713867188,559.4613037109375,0.9699897170066833,0.919245719909668,2.5034263134002686,-0.6447157859802246,2.5836169412890846,-0.6782131915115837,0.0,0,two_ankles,accepted,2.5034263134002686,-0.6447157859802246,0.12207754123159464
265,8.833333333333334,detected,3,2,0.9264352321624756,ankle_midpoint,832.1624145507812,848.4968872070312,0.9921367168426514,0.9926557540893555,2.2599856853485107,10.078133583068848,2.2978846777525996,10.095037946769867,0.0,0,two_ankles,accepted,2.2599856853485107,10.078133583068848,0.05963194480595126
265,8.833333333333334,detected,4,1,0.9221900701522827,ankle_midpoint,1188.0360107421875,822.3649291992188,0.9938010573387146,0.989190936088562,4.442607879638672,9.405648231506348,4.451697294548881,9.330924770578775,0.0,0,two_ankles,accepted,4.442607879638672,9.405648231506348,0.10062505386597141
266,8.866666666666667,detected,1,5,0.867316484451294,ankle_midpoint,967.8679809570312,622.7532348632812,0.9904972314834595,0.9881632924079895,3.071385383605957,2.6718430519104004,3.1467850307473455,2.6811308248696335,0.0,0,two_ankles,accepted,3.071385383605957,2.6718430519104004,0.059337242582086586
266,8.866666666666667,detected,2,44,0.27959686517715454,ankle_midpoint,905.4261474609375,563.5432739257812,0.9835968613624573,0.9646303653717041,2.4729526042938232,-0.40233948826789856,2.533817989641217,-0.5540700250519254,0.0,0,two_ankles,accepted,2.4729526042938232,-0.40233948826789856,0.2442844993843006
266,8.866666666666667,detected,3,2,0.9222493171691895,ankle_midpoint,819.0137939453125,844.8311157226562,0.9914181232452393,0.9901789426803589,2.1768600940704346,9.99510669708252,2.2434236150956255,10.05006888441056,0.0,0,two_ankles,accepted,2.1768600940704346,9.99510669708252,0.11748756411602253
266,8.866666666666667,detected,4,1,0.9244996905326843,ankle_midpoint,1186.3050537109375,827.3959350585938,0.9922946691513062,0.985805332660675,4.4226603507995605,9.52971363067627,4.438630669861687,9.420379757622648,0.0,0,two_ankles,accepted,4.4226603507995605,9.52971363067627,0.12565877278558482
267,8.9,detected,1,5,0.8612321615219116,ankle_midpoint,966.3497314453125,621.4728393554688,0.9892870187759399,0.9854316115379333,3.0584030151367188,2.6125576496124268,3.107013123722564,2.650272896003891,0.0,0,two_ankles,accepted,3.0584030151367188,2.6125576496124268,0.06069020363043487
267,8.9,detected,2,44,0.21165932714939117,ankle_midpoint,900.6922607421875,561.401611328125,0.981002926826477,0.9466115236282349,2.424750328063965,-0.5270992517471313,2.4847375419314535,-0.5419331770647681,0.0,0,two_ankles,accepted,2.424750328063965,-0.5270992517471313,0.1337477402318771
267,8.9,detected,3,2,0.9242444634437561,ankle_midpoint,811.162353515625,843.1956787109375,0.9820705652236938,0.9797790050506592,2.1275393962860107,9.958074569702148,2.191275716631299,10.008671442791776,0.0,0,two_ankles,accepted,2.1275393962860107,9.958074569702148,0.061675843636374364
267,8.9,detected,4,1,0.9238970279693604,ankle_midpoint,1185.81298828125,829.8123779296875,0.9907735586166382,0.984067976474762,4.415266036987305,9.58866024017334,4.428116585068215,9.496105974770458,0.0,0,two_ankles,accepted,4.415266036987305,9.58866024017334,0.05940857385894916
268,8.933333333333334,detected,1,5,0.8842409253120422,ankle_midpoint,959.2109375,622.146484375,0.985397458076477,0.9805682897567749,2.997554063796997,2.6456260681152344,3.0577565467560595,2.6481818234539958,0.0,0,two_ankles,accepted,2.997554063796997,2.6456260681152344,0.06925399036460388
268,8.933333333333334,detected,3,2,0.9239030480384827,ankle_midpoint,794.4971923828125,843.2503662109375,0.9928842782974243,0.9913226366043091,2.0270681381225586,9.961576461791992,2.117382306302366,9.987478701341875,0.0,0,two_ankles,accepted,2.0270681381225586,9.961576461791992,0.10053226827818001
268,8.933333333333334,detected,4,1,0.9240421652793884,ankle_midpoint,1185.866455078125,831.0587768554688,0.9903032183647156,0.9833309054374695,4.413361072540283,9.61887264251709,4.421476604430646,9.551350975256444,0.0,0,two_ankles,accepted,4.413361072540283,9.61887264251709,0.030272399061274387
268,8.933333333333334,predicted,2,,,motion_prediction,,,,,,,2.3839355880421182,-0.5283437735623122,,1,,motion_prediction,2.3839355880421182,-0.5283437735623122,
269,8.966666666666667,detected,1,5,0.8859444856643677,ankle_midpoint,952.0188598632812,621.2220458984375,0.9869836568832397,0.985701322555542,2.935983419418335,2.604177713394165,3.002958639454084,2.628379973927072,0.0,0,two_ankles,accepted,2.935983419418335,2.604177713394165,0.07422203418316738
269,8.966666666666667,detected,3,2,0.9214968681335449,ankle_midpoint,780.0330810546875,842.9703369140625,0.9920573830604553,0.9906734824180603,1.939397931098938,9.956974983215332,2.037289337460823,9.973752028184931,0.0,0,two_ankles,accepted,1.939397931098938,9.956974983215332,0.08779088110194565
269,8.966666666666667,detected,4,1,0.9221076369285583,ankle_midpoint,1185.740478515625,831.1802368164062,0.9905081987380981,0.9829434156417847,4.412369251251221,9.62182903289795,4.417378295499905,9.583066101195122,0.0,0,two_ankles,accepted,4.412369251251221,9.62182903289795,0.0031183254405971546
269,8.966666666666667,predicted,2,,,motion_prediction,,,,,,,2.3431208480202717,-0.529588295377493,,2,,motion_prediction,2.3431208480202717,-0.529588295377493,
270,9.0,detected,1,5,0.8788280487060547,ankle_midpoint,948.757080078125,620.516845703125,0.9907597303390503,0.9879559874534607,2.907899856567383,2.571946859359741,2.960182187155069,2.6029850723717733,0.0,0,two_ankles,accepted,2.907899856567383,2.571946859359741,0.04274943805702847
270,9.0,detected,3,2,0.9233300685882568,ankle_midpoint,773.294921875,842.2566528320312,0.9923877716064453,0.9907109141349792,1.8976293802261353,9.941205024719238,1.9744423567052136,9.959105876625369,0.0,0,two_ankles,accepted,1.8976293802261353,9.941205024719238,0.044646426878110074
270,9.0,detected,4,1,0.9152225852012634,ankle_midpoint,1183.712890625,831.13330078125,0.9912851452827454,0.9839306473731995,4.399981498718262,9.6209716796875,4.409549736948166,9.600123611516693,0.0,0,two_ankles,accepted,4.399981498718262,9.6209716796875,0.012417385688835606
270,9.0,predicted,2,,,motion_prediction,,,,,,,2.302306107998425,-0.5308328171926738,,3,,motion_prediction,2.302306107998425,-0.5308328171926738,
271,9.033333333333333,detected,1,5,0.8609296083450317,ankle_midpoint,945.6151123046875,621.0655517578125,0.9897568821907043,0.9866335391998291,2.8812334537506104,2.5983545780181885,2.924655257123063,2.60090134991266,0.0,0,two_ankles,accepted,2.8812334537506104,2.5983545780181885,0.03752951696904817
271,9.033333333333333,detected,2,44,0.4783831834793091,ankle_midpoint,867.7052612304688,562.00927734375,0.9805013537406921,0.9469153881072998,2.1091668605804443,-0.48190444707870483,2.3157307353234993,-0.5149202485710396,0.0,0,two_ankles,accepted,2.1091668605804443,-0.48190444707870483,0.07970080587654818
271,9.033333333333333,detected,3,2,0.9203911423683167,ankle_midpoint,757.8848876953125,846.95849609375,0.9841535687446594,0.978196382522583,1.8124278783798218,10.052499771118164,1.9015358414587875,10.001133129147128,0.0,0,two_ankles,accepted,1.8124278783798218,10.052499771118164,0.14016353481868443
271,9.033333333333333,detected,4,1,0.9144535660743713,ankle_midpoint,1183.699951171875,834.279052734375,0.9911173582077026,0.9796221256256104,4.394352912902832,9.69678020477295,4.402711166127766,9.643619078482008,0.0,0,two_ankles,accepted,4.394352912902832,9.69678020477295,0.07601719183127485
272,9.066666666666666,detected,1,5,0.8687787652015686,ankle_midpoint,940.48583984375,621.0081176757812,0.9890626072883606,0.9869471788406372,2.837390422821045,2.5968635082244873,2.8853860816871553,2.5990843211529824,0.0,0,two_ankles,accepted,2.837390422821045,2.5968635082244873,0.04386837870517349
272,9.066666666666666,detected,2,44,0.4667131006717682,ankle_midpoint,867.62548828125,559.4186401367188,0.9819487929344177,0.9697977304458618,2.1031041145324707,-0.6354475021362305,2.2200487559675364,-0.5691575126753755,0.0,0,two_ankles,accepted,2.1031041145324707,-0.6354475021362305,0.15366270414788544
272,9.066666666666666,detected,3,2,0.916231632232666,ankle_midpoint,742.7359008789062,853.3009033203125,0.9935519695281982,0.9880812168121338,1.7327167987823486,10.199711799621582,1.82556727225439,10.090493530860634,0.0,0,two_ankles,accepted,1.7327167987823486,10.199711799621582,0.1674073999161502
272,9.066666666666666,detected,4,1,0.9153274297714233,ankle_midpoint,1181.39306640625,839.2633056640625,0.9932154417037964,0.9844231009483337,4.371619701385498,9.81590747833252,4.388720006993745,9.72114885841474,0.0,0,two_ankles,accepted,4.371619701385498,9.81590747833252,0.12127698137580992
273,9.1,detected,1,5,0.8805577754974365,ankle_midpoint,934.9603271484375,619.4063720703125,0.9902729392051697,0.9882347583770752,2.789320230484009,2.5230488777160645,2.8421564486457394,2.5648683716063694,0.0,0,two_ankles,accepted,2.789320230484009,2.5230488777160645,0.08808713338742859
273,9.1,detected,2,44,0.4504103362560272,ankle_midpoint,861.6658935546875,559.9478759765625,0.9913942217826843,0.9857058525085449,2.04679274559021,-0.6022471785545349,2.1420835512977394,-0.5840478623209973,0.0,0,two_ankles,accepted,2.04679274559021,-0.6022471785545349,0.06536996067063754
273,9.1,detected,3,2,0.9166485071182251,ankle_midpoint,734.5422973632812,856.0631103515625,0.9945297837257385,0.9903103709220886,1.688950538635254,10.263270378112793,1.7640897421257788,10.168243112124106,0.0,0,two_ankles,accepted,1.688950538635254,10.263270378112793,0.07716980255959317
273,9.1,detected,4,1,0.9141982197761536,ankle_midpoint,1179.469482421875,842.3065185546875,0.9944624304771423,0.9872151613235474,4.354766368865967,9.887938499450684,4.373440869836245,9.796204196880915,0.0,0,two_ankles,accepted,4.354766368865967,9.887938499450684,0.07397636663380601
274,9.133333333333333,detected,1,5,0.864869236946106,ankle_midpoint,924.8714599609375,617.3409423828125,0.9863607883453369,0.984673261642456,2.7014217376708984,2.427915334701538,2.778825828707061,2.503239504999195,0.0,0,two_ankles,accepted,2.7014217376708984,2.427915334701538,0.12952426817130894
274,9.133333333333333,detected,3,2,0.9257907867431641,ankle_midpoint,724.6298217773438,859.6715087890625,0.9936643838882446,0.9898431897163391,1.6369200944900513,10.345508575439453,1.7068634006897017,10.248012570616012,0.0,0,two_ankles,accepted,1.6369200944900513,10.345508575439453,0.09731540585891704
274,9.133333333333333,detected,4,1,0.9064357876777649,ankle_midpoint,1176.80712890625,845.607666015625,0.9952155351638794,0.9887977242469788,4.333163261413574,9.965497970581055,4.355315946046043,9.872386395045979,0.0,0,two_ankles,accepted,4.333163261413574,9.965497970581055,0.08051189858413778
274,9.133333333333333,predicted,2,,,motion_prediction,,,,,,,2.002829017442474,-0.6242290916949367,,1,,motion_prediction,2.002829017442474,-0.6242290916949367,
275,9.166666666666666,detected,1,5,0.8891926407814026,ankle_midpoint,913.9285278320312,616.6358642578125,0.9869791269302368,0.9850056767463684,2.6066882610321045,2.3970415592193604,2.701363923253331,2.4554504293982697,0.0,0,two_ankles,accepted,2.6066882610321045,2.3970415592193604,0.09963745083349351
275,9.166666666666666,detected,3,2,0.9234126210212708,ankle_midpoint,713.0394287109375,859.165771484375,0.993759274482727,0.9900336861610413,1.567537546157837,10.33570671081543,1.6441667661503625,10.28747493370575,0.0,0,two_ankles,accepted,1.567537546157837,10.33570671081543,0.07007149608207137
275,9.166666666666666,detected,4,1,0.9097632169723511,ankle_midpoint,1176.6304931640625,849.6925048828125,0.9894152879714966,0.982778012752533,4.325399875640869,10.060127258300781,4.341853714363715,9.95686978351064,0.0,0,two_ankles,accepted,4.325399875640869,10.060127258300781,0.09494720771564918
275,9.166666666666666,predicted,2,,,motion_prediction,,,,,,,1.9588652892947374,-0.6462110048353384,,2,,motion_prediction,1.9588652892947374,-0.6462110048353384,
276,9.2,detected,1,5,0.8954203128814697,ankle_midpoint,908.4186401367188,616.652099609375,0.9886060357093811,0.9877158999443054,2.5592617988586426,2.3991122245788574,2.6374179672757214,2.4300982372295343,0.0,0,two_ankles,accepted,2.5592617988586426,2.3991122245788574,0.04747164384473993
276,9.2,detected,3,2,0.9239549040794373,ankle_midpoint,707.644287109375,859.7540283203125,0.9936046004295349,0.9879152774810791,1.5368521213531494,10.349543571472168,1.5958751759916168,10.31540582070064,0.0,0,two_ankles,accepted,1.5368521213531494,10.349543571472168,0.03366086761029969
276,9.2,detected,4,1,0.9127951264381409,ankle_midpoint,1176.19482421875,851.6285400390625,0.989285409450531,0.9833108186721802,4.319643020629883,10.104671478271484,4.331858902183491,10.023380546153021,0.0,0,two_ankles,accepted,4.319643020629883,10.104671478271484,0.04491468481928717
276,9.2,predicted,2,,,motion_prediction,,,,,,,1.9149015611470013,-0.6681929179757402,,3,,motion_prediction,1.9149015611470013,-0.6681929179757402,
277,9.233333333333333,detected,1,5,0.8990475535392761,ankle_midpoint,897.797607421875,618.3741455078125,0.9943407773971558,0.9940760135650635,2.4697952270507812,2.483130693435669,2.5619877341744983,2.4539628425222952,0.0,0,two_ankles,accepted,2.4697952270507812,2.483130693435669,0.12273292378206516
277,9.233333333333333,detected,3,2,0.9248116612434387,ankle_midpoint,702.970458984375,863.4124755859375,0.9937325119972229,0.9903444647789001,1.5166478157043457,10.431416511535645,1.5602228638623448,10.367610631576394,0.0,0,two_ankles,accepted,1.5166478157043457,10.431416511535645,0.08432907138933707
277,9.233333333333333,detected,4,1,0.9150739312171936,ankle_midpoint,1176.6630859375,854.3536376953125,0.9862818121910095,0.9823130965232849,4.3180389404296875,10.166848182678223,4.32563991939428,10.087940982589362,0.0,0,two_ankles,accepted,4.3180389404296875,10.166848182678223,0.062197392583383804
277,9.233333333333333,predicted,2,,,motion_prediction,,,,,,,1.870937832999265,-0.690174831116142,,4,,motion_prediction,1.870937832999265,-0.690174831116142,
278,9.266666666666667,detected,1,5,0.902381420135498,ankle_midpoint,891.6688232421875,618.879638671875,0.995805025100708,0.9940568208694458,2.417832851409912,2.5083940029144287,2.4971180369304347,2.4784568646987557,0.0,0,two_ankles,accepted,2.417832851409912,2.5083940029144287,0.057778225033851494
278,9.266666666666667,detected,3,2,0.9200645089149475,ankle_midpoint,704.326416015625,866.024658203125,0.9901131391525269,0.9854778051376343,1.5298041105270386,10.488805770874023,1.546534424861457,10.422148444260328,0.0,0,two_ankles,accepted,1.5298041105270386,10.488805770874023,0.05887796855250125
278,9.266666666666667,detected,4,1,0.9166724681854248,ankle_midpoint,1179.0777587890625,857.6864013671875,0.9863026738166809,0.984074592590332,4.32703161239624,10.242053985595703,4.326266181245162,10.157291833942217,0.0,0,two_ankles,accepted,4.32703161239624,10.242053985595703,0.07574154039601345
278,9.266666666666667,predicted,2,,,motion_prediction,,,,,,,1.8269741048515287,-0.7121567442565438,,5,,motion_prediction,1.8269741048515287,-0.7121567442565438,
279,9.3,detected,1,5,0.9032145738601685,ankle_midpoint,890.0218505859375,618.755126953125,0.9951613545417786,0.993523120880127,2.403557062149048,2.502915382385254,2.455015598278811,2.48946319765768,0.0,0,two_ankles,accepted,2.403557062149048,2.502915382385254,0.015290959483410546
279,9.3,detected,3,2,0.9190052151679993,ankle_midpoint,703.6194458007812,866.6728515625,0.9912378191947937,0.987211287021637,1.5269534587860107,10.503119468688965,1.5377229901275062,10.458585405253215,0.0,0,two_ankles,accepted,1.5269534587860107,10.503119468688965,0.014594799090295261
279,9.3,detected,4,1,0.9161743521690369,ankle_midpoint,1179.783447265625,858.2328491210938,0.9881277680397034,0.986057460308075,4.330337047576904,10.25428295135498,4.3280980710944466,10.20093783677796,0.0,0,two_ankles,accepted,4.330337047576904,10.25428295135498,0.012667813752781075
279,9.3,predicted,2,,,motion_prediction,,,,,,,1.7830103767037924,-0.7341386573969456,,6,,motion_prediction,1.7830103767037924,-0.7341386573969456,
280,9.333333333333334,detected,1,5,0.897955596446991,ankle_midpoint,888.070068359375,619.688232421875,0.994592010974884,0.9919191598892212,2.3880302906036377,2.547252893447876,2.424872209824983,2.5154685607632685,0.0,0,two_ankles,accepted,2.3880302906036377,2.547252893447876,0.04697760659986301
280,9.333333333333334,detected,3,2,0.9181537628173828,ankle_midpoint,701.0475463867188,868.3665161132812,0.9855212569236755,0.9770765900611877,1.515298843383789,10.540501594543457,1.5276321240928337,10.495447690433824,0.0,0,two_ankles,accepted,1.515298843383789,10.540501594543457,0.0391567796629753
280,9.333333333333334,detected,4,1,0.9144479632377625,ankle_midpoint,1178.4207763671875,858.7874755859375,0.9952319264411926,0.9936169385910034,4.321358680725098,10.266946792602539,4.325065345428239,10.23064186689902,0.0,0,two_ankles,accepted,4.321358680725098,10.266946792602539,0.015523657638230324
280,9.333333333333334,predicted,2,,,motion_prediction,,,,,,,1.739046648556056,-0.7561205705373474,,7,,motion_prediction,1.739046648556056,-0.7561205705373474,
281,9.366666666666667,detected,1,5,0.8963674306869507,ankle_midpoint,885.0740356445312,618.5059814453125,0.9808675646781921,0.9771034717559814,2.360800266265869,2.4923324584960938,2.396039835223382,2.50505731474304,0.0,0,two_ankles,accepted,2.360800266265869,2.4923324584960938,0.06130031321884424
281,9.366666666666667,detected,3,2,0.9223565459251404,ankle_midpoint,695.8770141601562,872.7255859375,0.9857463836669922,0.9823723435401917,1.493941307067871,10.635788917541504,1.5124712564316005,10.558601242632282,0.0,0,two_ankles,accepted,1.493941307067871,10.635788917541504,0.0976515144870773
281,9.366666666666667,detected,4,1,0.9256442785263062,ankle_midpoint,1173.455322265625,858.7188720703125,0.9904665350914001,0.9874024391174316,4.292020320892334,10.266048431396484,4.310195084387082,10.24657482092288,0.0,0,two_ankles,accepted,4.292020320892334,10.266048431396484,0.02935211083607557
281,9.366666666666667,predicted,2,,,motion_prediction,,,,,,,1.69508292040832,-0.7781024836777491,,8,,motion_prediction,1.69508292040832,-0.7781024836777491,
282,9.4,detected,1,5,0.8903322219848633,ankle_midpoint,884.509765625,620.318603515625,0.9840443134307861,0.9812732934951782,2.358407974243164,2.5776402950286865,2.379105497782284,2.537719655871581,0.0,0,two_ankles,accepted,2.358407974243164,2.5776402950286865,0.08534137352417917
282,9.4,detected,3,2,0.9227497577667236,ankle_midpoint,693.273681640625,872.582763671875,0.984154462814331,0.9815475940704346,1.4785457849502563,10.633031845092773,1.4972047942649958,10.592095013739504,0.0,0,two_ankles,accepted,1.4785457849502563,10.633031845092773,0.01564044595788475
282,9.4,detected,4,1,0.9258201122283936,ankle_midpoint,1167.2132568359375,857.556396484375,0.9945060610771179,0.9903079867362976,4.256772994995117,10.2406644821167,4.286155144160698,10.243915168460099,0.0,0,two_ankles,accepted,4.256772994995117,10.2406644821167,0.043436377196346784
282,9.4,predicted,2,,,motion_prediction,,,,,,,1.6511191922605837,-0.8000843968181509,,9,,motion_prediction,1.6511191922605837,-0.8000843968181509,
283,9.433333333333334,detected,1,5,0.9016203284263611,ankle_midpoint,878.8983154296875,617.6824340820312,0.9899745583534241,0.9882086515426636,2.3066375255584717,2.4548933506011963,2.346494910281568,2.500447818499908,0.0,0,two_ankles,accepted,2.3066375255584717,2.4548933506011963,0.13321783560507108
283,9.433333333333334,detected,3,2,0.915107786655426,ankle_midpoint,687.6275634765625,869.52197265625,0.9898167848587036,0.988318920135498,1.439414143562317,10.567387580871582,1.4711990014487903,10.580976668948939,0.0,0,two_ankles,accepted,1.439414143562317,10.567387580871582,0.0764228681930735
283,9.433333333333334,detected,4,1,0.9279343485832214,ankle_midpoint,1161.37109375,857.0828857421875,0.9796754121780396,0.965094804763794,4.222777366638184,10.230732917785645,4.257635144275567,10.237983155656595,0.0,0,two_ankles,accepted,4.222777366638184,10.230732917785645,0.03541664463842707
283,9.433333333333334,predicted,2,,,motion_prediction,,,,,,,1.6071554641128474,-0.8220663099585527,,10,,motion_prediction,1.6071554641128474,-0.8220663099585527,
284,9.466666666666667,detected,1,5,0.9015432000160217,ankle_midpoint,875.0652465820312,616.586669921875,0.9874262809753418,0.9867568016052246,2.2720518112182617,2.403870105743408,2.31299551570308,2.4569878477594833,0.0,0,two_ankles,accepted,2.2720518112182617,2.403870105743408,0.06164043439367055
284,9.466666666666667,detected,3,2,0.9119443893432617,ankle_midpoint,683.8964233398438,872.3397216796875,0.9805905818939209,0.9868580102920532,1.4236174821853638,10.628962516784668,1.4497873177802485,10.602570300475017,0.0,0,two_ankles,accepted,1.4236174821853638,10.628962516784668,0.06356891727376487
284,9.466666666666667,detected,4,1,0.9261506795883179,ankle_midpoint,1155.221435546875,858.0558471679688,0.9842819571495056,0.9706532955169678,4.184839248657227,10.253486633300781,4.2248769912473145,10.24495972059648,0.0,0,two_ankles,accepted,4.184839248657227,10.253486633300781,0.04423835853284781
284,9.466666666666667,predicted,2,,,motion_prediction,,,,,,,1.563191735965111,-0.8440482230989546,,11,,motion_prediction,1.563191735965111,-0.8440482230989546,
285,9.5,detected,1,5,0.8954979777336121,ankle_midpoint,873.4976806640625,616.2401733398438,0.9851554036140442,0.9842604994773865,2.258024215698242,2.3877763748168945,2.2882584307009033,2.4258426849353185,0.0,0,two_ankles,accepted,2.258024215698242,2.3877763748168945,0.021349042395580525
285,9.5,detected,3,2,0.9169648289680481,ankle_midpoint,681.8194580078125,873.779541015625,0.9830797910690308,0.9888681173324585,1.4146018028259277,10.660276412963867,1.4339538360508042,10.628538051095,0.0,0,two_ankles,accepted,1.4146018028259277,10.660276412963867,0.03258592592261003
285,9.5,detected,4,1,0.922324001789093,ankle_midpoint,1152.866455078125,860.957763671875,0.9872046709060669,0.9700372815132141,4.166778087615967,10.318940162658691,4.198732484613208,10.278250919524476,0.0,0,two_ankles,accepted,4.166778087615967,10.318940162658691,0.06789970576935607
285,9.5,predicted,2,,,motion_prediction,,,,,,,1.5192280078173748,-0.8660301362393563,,12,,motion_prediction,1.5192280078173748,-0.8660301362393563,
286,9.533333333333333,detected,1,5,0.9078002572059631,ankle_midpoint,872.5053100585938,613.991455078125,0.987356424331665,0.9871810078620911,2.2459516525268555,2.2806434631347656,2.269220380522582,2.36050303512507,0.0,0,two_ankles,accepted,2.2459516525268555,2.2806434631347656,0.10781098064213104
286,9.533333333333333,detected,3,2,0.9248008728027344,ankle_midpoint,679.3853759765625,876.5281372070312,0.980060338973999,0.9807531237602234,1.406321406364441,10.7195463180542,1.4215192426919407,10.669491771226639,0.0,0,two_ankles,accepted,1.406321406364441,10.7195463180542,0.059845522931764664
286,9.533333333333333,detected,4,1,0.9226762652397156,ankle_midpoint,1146.043212890625,867.2705078125,0.9977719187736511,0.9885396361351013,4.117981433868408,10.459860801696777,4.162394511778048,10.359975366502013,0.0,0,two_ankles,accepted,4.117981433868408,10.459860801696777,0.14912994308274122
287,9.566666666666666,detected,1,5,0.9096710681915283,ankle_midpoint,870.0635375976562,613.1812744140625,0.9851772785186768,0.9855823516845703,2.223522424697876,2.242318630218506,2.248656300401464,2.3073200529171163,0.0,0,two_ankles,accepted,2.223522424697876,2.242318630218506,0.044405664943377395
287,9.566666666666666,detected,3,2,0.9291921257972717,ankle_midpoint,675.8580932617188,884.8892211914062,0.9836015105247498,0.979180634021759,1.4036343097686768,10.896859169006348,1.4134710228764722,10.771807100227509,0.0,0,two_ankles,accepted,1.4036343097686768,10.896859169006348,0.17733321065410668
287,9.566666666666666,detected,4,1,0.9246762990951538,ankle_midpoint,1143.1243896484375,872.0302734375,0.9936189651489258,0.9780279397964478,4.094682693481445,10.5643310546875,4.131924193544577,10.451935426185482,0.0,0,two_ankles,accepted,4.094682693481445,10.5643310546875,0.10703674632370273
288,9.6,detected,1,5,0.9086455702781677,ankle_midpoint,867.8370971679688,613.1070556640625,0.9862509965896606,0.9860712885856628,2.204113483428955,2.239279270172119,2.2286120327638352,2.2767017006818677,0.0,0,two_ankles,accepted,2.204113483428955,2.239279270172119,0.01964547557764873
288,9.6,detected,3,2,0.9277904629707336,ankle_midpoint,675.8074340820312,888.460693359375,0.9916737675666809,0.9894834160804749,1.4107857942581177,10.971297264099121,1.4122626699982126,10.861577673969734,0.0,0,two_ankles,accepted,1.4107857942581177,10.971297264099121,0.07478083799639781
288,9.6,detected,4,1,0.9219987392425537,ankle_midpoint,1142.57373046875,872.9197998046875,0.9940206408500671,0.9775592684745789,4.090329647064209,10.583715438842773,4.113206647628412,10.511236431881263,0.0,0,two_ankles,accepted,4.090329647064209,10.583715438842773,0.019867142778714555
289,9.633333333333333,detected,1,5,0.9101592898368835,ankle_midpoint,863.8778076171875,613.1478881835938,0.9897385239601135,0.989918053150177,2.1698837280273438,2.242187023162842,2.202184295632414,2.261170095798306,0.0,0,two_ankles,accepted,2.1698837280273438,2.242187023162842,0.034353037453902044
289,9.633333333333333,detected,3,2,0.927372395992279,ankle_midpoint,672.1883544921875,893.53515625,0.9797825217247009,0.9751717448234558,1.4007883071899414,11.076358795166016,1.4070992067344905,10.958229178508061,0.0,0,two_ankles,accepted,1.4007883071899414,11.076358795166016,0.10553613152754082
289,9.633333333333333,detected,4,1,0.9158185720443726,ankle_midpoint,1140.5328369140625,874.36328125,0.9975053668022156,0.9838866591453552,4.076619625091553,10.615221977233887,4.096742487486826,10.558029927289944,0.0,0,two_ankles,accepted,4.076619625091553,10.615221977233887,0.03436024830936779
290,9.666666666666666,detected,1,5,0.9084190130233765,ankle_midpoint,860.3594970703125,614.8081665039062,0.9904515743255615,0.9909913539886475,2.1423511505126953,2.322622776031494,2.1752593803285407,2.2888238019032405,0.0,0,two_ankles,accepted,2.1423511505126953,2.322622776031494,0.08501736977904596
290,9.666666666666666,detected,2,44,0.8474764227867126,ankle_midpoint,711.2642822265625,559.8571166992188,0.9603347778320312,0.9738881587982178,0.5992843508720398,-0.5649588704109192,0.5992843508720398,-0.5649588704109192,0.16183759595366354,0,two_ankles,accepted,0.5992843508720398,-0.5649588704109192,0.08517579969478609
290,9.666666666666666,detected,3,2,0.9281994104385376,ankle_midpoint,669.8468017578125,896.3869018554688,0.9729259014129639,0.9716094732284546,1.3934917449951172,11.13486099243164,1.4009758489517727,11.037713494773673,0.0,0,two_ankles,accepted,1.3934917449951172,11.13486099243164,0.05895546543594613
290,9.666666666666666,detected,4,1,0.9132154583930969,ankle_midpoint,1141.938720703125,874.5239868164062,0.9969298243522644,0.9798065423965454,4.084584712982178,10.618517875671387,4.091271488959734,10.585249504061593,0.0,0,two_ankles,accepted,4.084584712982178,10.618517875671387,0.008620067958879207
291,9.7,detected,1,5,0.9059069752693176,ankle_midpoint,858.3634033203125,614.6771240234375,0.985818088054657,0.9874414205551147,2.1248795986175537,2.3168318271636963,2.152588478558597,2.3014274132704458,0.0,0,two_ankles,accepted,2.1248795986175537,2.3168318271636963,0.01840625476336985
291,9.7,detected,2,44,0.855684220790863,ankle_midpoint,703.8914794921875,565.9612426757812,0.9927799105644226,0.9948439598083496,0.5607267022132874,-0.20531238615512848,0.5730142208495262,-0.5710431147966856,0.0,0,two_ankles,corrected_motion_outlier,0.540906284155343,-0.5784794134904,0.3617074590157667
291,9.7,detected,3,2,0.9249140620231628,ankle_midpoint,673.624267578125,898.1637573242188,0.9868257641792297,0.9863436222076416,1.4184014797210693,11.170476913452148,1.4088173827979562,11.097457033178987,0.0,0,two_ankles,accepted,1.4184014797210693,11.170476913452148,0.043462497791272384
291,9.7,detected,4,1,0.9064699411392212,ankle_midpoint,1140.1845703125,874.127685546875,0.9962538480758667,0.9728837013244629,4.074892997741699,10.610173225402832,4.083901167911618,10.596465178665152,0.0,0,two_ankles,accepted,4.074892997741699,10.610173225402832,0.012789156829400966
292,9.733333333333333,detected,1,5,0.8987964391708374,ankle_midpoint,859.2962036132812,617.1128540039062,0.9838408827781677,0.9859494566917419,2.1372647285461426,2.432542324066162,2.1456927910529924,2.3604291231285184,0.0,0,two_ankles,accepted,2.1372647285461426,2.432542324066162,0.11637143350824368
292,9.733333333333333,detected,2,44,0.8646067976951599,ankle_midpoint,696.6947021484375,571.797119140625,0.9887034296989441,0.9928372502326965,0.5233818888664246,0.13011905550956726,0.5322955193146303,-0.5804736935946235,0.0732737310836934,0,two_ankles,corrected_motion_outlier,0.48252821743864627,-0.5919999565698808,0.3496049580742667
292,9.733333333333333,detected,3,2,0.9260503649711609,ankle_midpoint,677.4495849609375,899.1578369140625,0.9813783168792725,0.9854328036308289,1.4419008493423462,11.190131187438965,1.4237049427429318,11.139160402595978,0.0,0,two_ankles,accepted,1.4419008493423462,11.190131187438965,0.03063512458839098
292,9.733333333333333,detected,4,1,0.9068817496299744,ankle_midpoint,1141.28466796875,873.5914916992188,0.9915103912353516,0.9745841026306152,4.081969261169434,10.598433494567871,4.083031809877635,10.597350920821377,0.0,0,two_ankles,accepted,4.081969261169434,10.598433494567871,0.01370747183750613
293,9.766666666666667,detected,1,5,0.8947585821151733,ankle_midpoint,859.2457275390625,617.8582763671875,0.9826295375823975,0.9862165451049805,2.138148307800293,2.4678218364715576,2.1422977735892776,2.4087558441328865,0.0,0,two_ankles,accepted,2.138148307800293,2.4678218364715576,0.03529057534046194
293,9.766666666666667,detected,2,44,0.84836745262146,ankle_midpoint,695.676513671875,570.6640625,0.9839437007904053,0.9907111525535583,0.5078607797622681,0.06628535687923431,0.5212998865160673,-0.28943212088138753,0.02700116564186683,0,two_ankles,accepted,0.5078607797622681,0.06628535687923431,0.2126101136513622
293,9.766666666666667,detected,3,2,0.9268780946731567,ankle_midpoint,681.796875,896.546142578125,0.992212176322937,0.9918472766876221,1.461120843887329,11.136664390563965,1.4405420982579107,11.138037197181571,0.0,0,two_ankles,accepted,1.461120843887329,11.136664390563965,0.056816428595800376
293,9.766666666666667,detected,4,1,0.9171669483184814,ankle_midpoint,1141.0206298828125,874.1585693359375,0.9906237721443176,0.9819158315658569,4.079713821411133,10.610735893249512,4.081538715067709,10.603374158414038,0.0,0,two_ankles,accepted,4.079713821411133,10.610735893249512,0.012507438659667969
294,9.8,detected,1,5,0.8956407308578491,ankle_midpoint,858.82177734375,618.394775390625,0.9806338548660278,0.9851177930831909,2.13545823097229,2.493243455886841,2.1392199794116333,2.446775269422166,0.0,0,two_ankles,accepted,2.13545823097229,2.493243455886841,0.02556355309881751
294,9.8,detected,2,44,0.8515927791595459,ankle_midpoint,696.1917724609375,570.6528930664062,0.9811452031135559,0.9907354116439819,0.5126444101333618,0.06551117449998856,0.5174049221438499,-0.1297076379597683,0.0,0,two_ankles,accepted,0.5126444101333618,0.06551117449998856,0.004845872252090964
294,9.8,detected,3,2,0.9319351315498352,ankle_midpoint,685.0892944335938,900.41943359375,0.9929377436637878,0.992202877998352,1.4872534275054932,11.21467399597168,1.4615621964193228,11.172523756637121,0.0,0,two_ankles,accepted,1.4872534275054932,11.21467399597168,0.08227034983776178
294,9.8,detected,4,1,0.9222081303596497,ankle_midpoint,1143.1138916015625,875.4805908203125,0.984255313873291,0.9669428467750549,4.090187072753906,10.639007568359375,4.085430476026498,10.61940919288944,0.0,0,two_ankles,accepted,4.090187072753906,10.639007568359375,0.030149238915875946
295,9.833333333333334,detected,1,5,0.893374502658844,ankle_midpoint,860.2838134765625,616.8883056640625,0.9762222170829773,0.9816986322402954,2.14536190032959,2.421666383743286,2.141983843824714,2.43547627086667,0.0,0,two_ankles,accepted,2.14536190032959,2.421666383743286,0.07225897815069315
295,9.833333333333334,detected,2,44,0.8515426516532898,ankle_midpoint,697.2991943359375,569.8839721679688,0.9809017777442932,0.9876258969306946,0.5190063714981079,0.021528128534555435,0.518125574353266,-0.06165154303732263,0.0,0,two_ankles,accepted,0.5190063714981079,0.021528128534555435,0.0444407795251605
295,9.833333333333334,detected,3,2,0.9277485013008118,ankle_midpoint,687.4765625,905.6984252929688,0.9946494698524475,0.9942573308944702,1.5107780694961548,11.320062637329102,1.4837093393038971,11.238916252948513,0.0,0,two_ankles,accepted,1.5107780694961548,11.320062637329102,0.10798228793627264
295,9.833333333333334,detected,4,1,0.9121831655502319,ankle_midpoint,1139.139404296875,873.05322265625,0.9901864528656006,0.9839158654212952,4.070167541503906,10.587041854858398,4.078562155491332,10.604843890775474,0.0,0,two_ankles,accepted,4.070167541503906,10.587041854858398,0.05568857163849064
296,9.866666666666667,detected,1,5,0.8795755505561829,ankle_midpoint,864.8067626953125,616.1047973632812,0.9852898716926575,0.9829127788543701,2.182945728302002,2.383390426635742,2.160416691839494,2.4120376409627524,0.0,0,two_ankles,accepted,2.182945728302002,2.383390426635742,0.05364320103758174
296,9.866666666666667,detected,2,44,0.8630352020263672,ankle_midpoint,697.326416015625,567.8499145507812,0.9254761338233948,0.960972011089325,0.5084981918334961,-0.09469904750585556,0.5137932522193696,-0.07652292004816245,0.0,0,two_ankles,accepted,0.5084981918334961,-0.09469904750585556,0.11670123516995203
296,9.866666666666667,detected,3,2,0.9269300103187561,ankle_midpoint,687.9457397460938,907.9285278320312,0.9937187433242798,0.9936703443527222,1.5176299810409546,11.364242553710938,1.4989736280855732,11.295313088291605,0.0,0,two_ankles,accepted,1.5176299810409546,11.364242553710938,0.04470809438260343
296,9.866666666666667,detected,4,1,0.9224424958229065,ankle_midpoint,1134.3883056640625,873.4418334960938,0.9933722019195557,0.9874818325042725,4.042037010192871,10.596061706542969,4.062125840107025,10.600891907870846,0.0,0,two_ankles,accepted,4.042037010192871,10.596061706542969,0.029541234169424526
297,9.9,detected,1,5,0.8907884359359741,ankle_midpoint,870.934814453125,615.081787109375,0.9858113527297974,0.9842565655708313,2.2341089248657227,2.333188056945801,2.193578196701297,2.376555328155124,0.0,0,two_ankles,accepted,2.2341089248657227,2.333188056945801,0.07167949919679593
297,9.9,detected,2,44,0.8771398067474365,ankle_midpoint,698.71923828125,571.040283203125,0.9800024032592773,0.9884064793586731,0.5384221076965332,0.08677595853805542,0.5248762371840933,-0.0030384246843644103,0.0,0,two_ankles,accepted,0.5384221076965332,0.08677595853805542,0.18392557886062408
297,9.9,detected,3,2,0.9229448437690735,ankle_midpoint,686.9951171875,909.2520141601562,0.9930639863014221,0.9926430583000183,1.5148630142211914,11.39049243927002,1.5061238518466014,11.338143796231893,0.0,0,two_ankles,accepted,1.5148630142211914,11.39049243927002,0.026395313925895517
297,9.9,detected,4,1,0.9248279929161072,ankle_midpoint,1133.2135009765625,873.27392578125,0.9939588308334351,0.9884729981422424,4.035406112670898,10.592573165893555,4.050101962760769,10.597148473981065,0.0,0,two_ankles,accepted,4.035406112670898,10.592573165893555,0.007492577514415009
298,9.933333333333334,detected,1,5,0.8989205360412598,ankle_midpoint,885.8937377929688,614.751953125,0.9881953001022339,0.9877691864967346,2.3627922534942627,2.3138811588287354,2.269724522258132,2.348351951958249,0.0,0,two_ankles,accepted,2.3627922534942627,2.3138811588287354,0.13012361577293946
298,9.933333333333334,detected,2,44,0.8859956860542297,ankle_midpoint,704.39306640625,570.7135620117188,0.9885388016700745,0.9935924410820007,0.590038537979126,0.06671243160963058,0.5541992725418581,0.02834946064793334,0.0,0,two_ankles,accepted,0.590038537979126,0.06671243160963058,0.055378705184622984
298,9.933333333333334,detected,3,2,0.92519611120224,ankle_midpoint,685.854736328125,913.7799682617188,0.9934899806976318,0.992275059223175,1.51711106300354,11.47942066192627,1.5110680968672239,11.401718385794364,0.0,0,two_ankles,accepted,1.51711106300354,11.47942066192627,0.08895663273824721
298,9.933333333333334,detected,4,1,0.9237642288208008,ankle_midpoint,1127.5322265625,873.03955078125,0.9931474328041077,0.986444890499115,4.002622127532959,10.588210105895996,4.0287360369082545,10.593126208342785,0.0,0,two_ankles,accepted,4.002622127532959,10.588210105895996,0.03307303998828851
299,9.966666666666667,detected,1,5,0.8938441276550293,ankle_midpoint,904.8739013671875,610.5540161132812,0.9872817397117615,0.9888060092926025,2.522357225418091,2.1069676876068115,2.3834092386801133,2.2397290330001023,0.0,0,two_ankles,accepted,2.522357225418091,2.1069676876068115,0.26129325448269414
299,9.966666666666667,detected,2,44,0.8864372968673706,ankle_midpoint,714.841552734375,569.9371337890625,0.9893057942390442,0.994010865688324,0.6844216585159302,0.019749728962779045,0.6127993462301906,0.024479581389613907,0.0,0,two_ankles,accepted,0.6844216585159302,0.019749728962779045,0.1054213872141773
299,9.966666666666667,detected,3,2,0.9302953481674194,ankle_midpoint,687.4901123046875,915.6314086914062,0.9911450743675232,0.9904548525810242,1.5295886993408203,11.515259742736816,1.5194023679803423,11.452811996418468,0.0,0,two_ankles,accepted,1.5295886993408203,11.515259742736816,0.03794905956555875
299,9.966666666666667,detected,4,1,0.9178609848022461,ankle_midpoint,1122.170166015625,873.0270385742188,0.9970677495002747,0.9912814497947693,3.9714274406433105,10.588614463806152,4.00294716858903,10.591095923301301,0.0,0,two_ankles,accepted,3.9714274406433105,10.588614463806152,0.031197307503416222
300,10.0,detected,1,5,0.8811198472976685,ankle_midpoint,913.5279541015625,609.6431884765625,0.9897796511650085,0.9895921945571899,2.596896171569824,2.060537099838257,2.4794783584804834,2.159092663077272,0.0,0,two_ankles,accepted,2.596896171569824,2.060537099838257,0.0878171621833937
300,10.0,detected,2,44,0.9008722305297852,ankle_midpoint,723.052001953125,566.0902099609375,0.9875009059906006,0.992286205291748,0.7432233095169067,-0.20317187905311584,0.6714901297092128,-0.07796357580961448,0.0,0,two_ankles,accepted,0.7432233095169067,-0.20317187905311584,0.23054647575019
300,10.0,detected,3,2,0.9305851459503174,ankle_midpoint,688.4132080078125,916.9464721679688,0.9942147135734558,0.9939071536064148,1.5371074676513672,11.54064655303955,1.5273696628323037,11.492337546897957,0.0,0,two_ankles,accepted,1.5371074676513672,11.54064655303955,0.026476820319945974
300,10.0,detected,4,1,0.9145873785018921,ankle_midpoint,1119.5450439453125,873.6905517578125,0.99244225025177,0.9768221974372864,3.9554107189178467,10.603317260742188,3.9815557662369976,10.5965955251497,0.0,0,two_ankles,accepted,3.9554107189178467,10.603317260742188,0.02174184013769835
301,10.033333333333333,detected,1,5,0.8931880593299866,ankle_midpoint,928.046142578125,614.815185546875,0.9836385250091553,0.9813530445098877,2.7270548343658447,2.3069074153900146,2.5908877726288964,2.2256093016180065,0.0,0,two_ankles,accepted,2.7270548343658447,2.3069074153900146,0.27863885207544353
301,10.033333333333333,detected,2,44,0.8860874176025391,ankle_midpoint,738.0115966796875,562.5758056640625,0.9855102300643921,0.9925289750099182,0.8690935969352722,-0.4120752811431885,0.7604116899609397,-0.22831384320972278,0.0,0,two_ankles,accepted,0.8690935969352722,-0.4120752811431885,0.24389333869457874
301,10.033333333333333,detected,3,2,0.9351003766059875,ankle_midpoint,688.932373046875,916.8585205078125,0.9845619797706604,0.9884522557258606,1.5397974252700806,11.538884162902832,1.5329621559293034,11.513283524100153,0.0,0,two_ankles,accepted,1.5397974252700806,11.538884162902832,0.003215881058820069
301,10.033333333333333,detected,4,1,0.9207150340080261,ankle_midpoint,1114.3525390625,877.9299926757812,0.9874974489212036,0.9738495945930481,3.9206902980804443,10.695219039916992,3.954166305566549,10.640976106794982,0.0,0,two_ankles,accepted,3.9206902980804443,10.695219039916992,0.09824176626374796
302,10.066666666666666,detected,1,5,0.8981247544288635,ankle_midpoint,938.7896728515625,617.8263549804688,0.9753364324569702,0.975051760673523,2.821369171142578,2.447624444961548,2.6946044019600532,2.3255161161226003,0.0,0,two_ankles,accepted,2.821369171142578,2.447624444961548,0.16940034395794726
302,10.066666666666666,detected,2,44,0.8609210252761841,ankle_midpoint,758.060791015625,563.217529296875,0.9722474217414856,0.9785199761390686,1.063537359237671,-0.38008472323417664,0.8968182411354688,-0.296610739220727,0.0,0,two_ankles,accepted,1.063537359237671,-0.38008472323417664,0.19705778973093543
302,10.066666666666666,detected,3,2,0.9336107969284058,ankle_midpoint,691.6585693359375,917.7725830078125,0.9867410063743591,0.9893655776977539,1.55644953250885,11.556245803833008,1.5435314753900995,11.532616549979938,0.0,0,two_ankles,accepted,1.55644953250885,11.556245803833008,0.02405658436436552
302,10.066666666666666,detected,4,1,0.9100315570831299,ankle_midpoint,1113.808349609375,880.8978881835938,0.986446738243103,0.9704618453979492,3.9144153594970703,10.758588790893555,3.936278379835284,10.69390181463934,0.0,0,two_ankles,accepted,3.9144153594970703,10.758588790893555,0.06367966860039914
303,10.1,detected,1,5,0.8989892601966858,ankle_midpoint,940.4419555664062,618.6411743164062,0.9754332304000854,0.9747287034988403,2.8359410762786865,2.485726833343506,2.7582059054034382,2.397610938872008,0.0,0,two_ankles,accepted,2.8359410762786865,2.485726833343506,0.04079377917900364
303,10.1,detected,2,44,0.8712878823280334,ankle_midpoint,765.5819702148438,565.496826171875,0.9669356942176819,0.9698941707611084,1.1445907354354858,-0.24935375154018402,1.0083158635704765,-0.27534509476448266,0.0,0,two_ankles,accepted,1.1445907354354858,-0.24935375154018402,0.1538188439467675
303,10.1,detected,3,2,0.9314024448394775,ankle_midpoint,694.064697265625,917.75537109375,0.9869776368141174,0.9898747205734253,1.569625973701477,11.555636405944824,1.5552739996302196,11.542975485164138,0.0,0,two_ankles,accepted,1.569625973701477,11.555636405944824,0.013190525701763331
303,10.1,detected,4,1,0.9107460975646973,ankle_midpoint,1112.77783203125,883.548095703125,0.9911462664604187,0.9874466061592102,3.905724048614502,10.81484317779541,3.9225289307859317,10.748325428059573,0.0,0,two_ankles,accepted,3.905724048614502,10.81484317779541,0.05692183175690237
304,10.133333333333333,detected,1,5,0.8725751638412476,ankle_midpoint,941.8797607421875,618.2487182617188,0.9873243570327759,0.9855340719223022,2.848109245300293,2.466865062713623,2.798662408357023,2.428775294600735,0.0,0,two_ankles,accepted,2.848109245300293,2.466865062713623,0.022446174031061344
304,10.133333333333333,detected,2,44,0.845605194568634,ankle_midpoint,780.005615234375,567.999267578125,0.9742586016654968,0.9764775633811951,1.291040301322937,-0.10892928391695023,1.135541860559084,-0.20045797988309308,0.0,0,two_ankles,accepted,1.291040301322937,-0.10892928391695023,0.202895309102728
304,10.133333333333333,detected,3,2,0.9296081066131592,ankle_midpoint,702.3233642578125,914.812744140625,0.9946117401123047,0.9935879707336426,1.6097747087478638,11.497626304626465,1.5797993187331594,11.522568353922185,0.0,0,two_ankles,accepted,1.6097747087478638,11.497626304626465,0.07054851366819347
304,10.133333333333333,detected,4,1,0.9080469608306885,ankle_midpoint,1113.946533203125,883.6648559570312,0.9849750399589539,0.9713106751441956,3.9123141765594482,10.81716251373291,3.917932291384014,10.779302116612577,0.0,0,two_ankles,accepted,3.9123141765594482,10.81716251373291,0.0069863513740536275
305,10.166666666666666,detected,1,5,0.898003101348877,ankle_midpoint,944.3694458007812,618.996826171875,0.9775246381759644,0.9798705577850342,2.869783639907837,2.501570463180542,2.8306669625548895,2.461533120461648,0.0,0,two_ankles,accepted,2.869783639907837,2.501570463180542,0.04091752928969133
305,10.166666666666666,detected,2,44,0.8609448075294495,ankle_midpoint,786.049072265625,571.5957641601562,0.98165363073349,0.9811211228370667,1.3609943389892578,0.09441059082746506,1.2369954758526622,-0.06776712306334193,0.0,0,two_ankles,accepted,1.3609943389892578,0.09441059082746506,0.21503644353201046
305,10.166666666666666,detected,3,2,0.9225242733955383,ankle_midpoint,712.69287109375,913.487060546875,0.9809734225273132,0.9774534106254578,1.664645791053772,11.470582008361816,1.6179802312774352,11.49917449842002,0.0,0,two_ankles,accepted,1.664645791053772,11.470582008361816,0.06117376589578109
305,10.166666666666666,detected,4,1,0.909883975982666,ankle_midpoint,1110.6611328125,879.822509765625,0.9928194880485535,0.9692859649658203,3.897386312484741,10.736098289489746,3.9086866008793413,10.759860394407305,0.0,0,two_ankles,accepted,3.897386312484741,10.736098289489746,0.08242723808292328
306,10.2,detected,1,5,0.8956636190414429,ankle_midpoint,945.2420654296875,618.8756103515625,0.9816311001777649,0.9834342002868652,2.87722110748291,2.495654582977295,2.851616327772499,2.476887778593689,0.0,0,two_ankles,accepted,2.87722110748291,2.495654582977295,0.009503344806405608
306,10.2,detected,2,44,0.8768868446350098,ankle_midpoint,788.1561279296875,571.599365234375,0.9628911018371582,0.9676486253738403,1.3807952404022217,0.09404011815786362,1.301705369899964,0.005046135486200566,0.0,0,two_ankles,accepted,1.3807952404022217,0.09404011815786362,0.019804366860993967
306,10.2,detected,3,2,0.9253994226455688,ankle_midpoint,717.3345947265625,912.5014038085938,0.9834861755371094,0.9818028807640076,1.688607931137085,11.450775146484375,1.6497626962142777,11.47739479004898,0.0,0,two_ankles,accepted,1.688607931137085,11.450775146484375,0.031088517732506267
306,10.2,detected,4,1,0.9106035232543945,ankle_midpoint,1108.90478515625,877.6734619140625,0.9915403723716736,0.9688036441802979,3.88944411277771,10.690406799316406,3.9000274812336073,10.7286062766164,0.0,0,two_ankles,accepted,3.88944411277771,10.690406799316406,0.0463766192218318
307,10.233333333333333,detected,1,5,0.8794440627098083,ankle_midpoint,947.5430908203125,618.3604736328125,0.9781358242034912,0.9816684126853943,2.8967831134796143,2.470813751220703,2.871941381340701,2.4741544662758455,0.0,0,two_ankles,accepted,2.8967831134796143,2.470813751220703,0.03161864957543865
307,10.233333333333333,detected,2,44,0.8778004050254822,ankle_midpoint,789.5979614257812,573.2139282226562,0.9853001236915588,0.9898473620414734,1.3999018669128418,0.18470321595668793,1.345893793555759,0.08589182169791988,0.0,0,two_ankles,accepted,1.3999018669128418,0.18470321595668793,0.09265452217293829
307,10.233333333333333,detected,3,2,0.9243044257164001,ankle_midpoint,725.786865234375,908.5218505859375,0.9869499802589417,0.9871776103973389,1.7288206815719604,11.371525764465332,1.685338789625235,11.429753728536339,0.0,0,two_ankles,accepted,1.7288206815719604,11.371525764465332,0.08886804739577545
307,10.233333333333333,detected,4,1,0.9063263535499573,ankle_midpoint,1105.090576171875,879.8607788085938,0.9940008521080017,0.9757295846939087,3.8652074337005615,10.7376070022583,3.884358459843737,10.732656603155256,0.0,0,two_ankles,accepted,3.8652074337005615,10.7376070022583,0.05305917234978995
308,10.266666666666667,detected,1,5,0.8907281756401062,ankle_midpoint,955.2366943359375,615.2567138671875,0.968083381652832,0.9650982618331909,2.9621641635894775,2.3215699195861816,2.9125416333526504,2.4054914202654967,0.0,0,two_ankles,accepted,2.9621641635894775,2.3215699195861816,0.16293680675164174
308,10.266666666666667,detected,2,44,0.9043227434158325,ankle_midpoint,794.4393920898438,573.6453857421875,0.9879139065742493,0.9888050556182861,1.446663737297058,0.2076239138841629,1.3912402682393439,0.14067126318172923,0.0,0,two_ankles,accepted,1.446663737297058,0.2076239138841629,0.052077163088179085
308,10.266666666666667,detected,3,2,0.9147912263870239,ankle_midpoint,733.6956787109375,907.9718017578125,0.9929619431495667,0.9929872155189514,1.7718600034713745,11.359718322753906,1.7242733358559978,11.398237795934245,0.0,0,two_ankles,accepted,1.7718600034713745,11.359718322753906,0.044629574379889625
308,10.266666666666667,detected,4,1,0.9155752062797546,ankle_midpoint,1109.439697265625,884.54541015625,0.9939409494400024,0.9753891229629517,3.8855457305908203,10.83627986907959,3.884892731679925,10.779287072821207,0.0,0,two_ankles,accepted,3.8855457305908203,10.83627986907959,0.1007471139394482
309,10.3,detected,1,5,0.8986203074455261,ankle_midpoint,958.5611572265625,614.411376953125,0.974172830581665,0.9720531702041626,2.9907381534576416,2.280324697494507,2.9477300673998963,2.3491663950185515,0.0,0,two_ankles,accepted,2.9907381534576416,2.280324697494507,0.05017610230356202
309,10.3,detected,2,44,0.8918619155883789,ankle_midpoint,801.0012817382812,574.2188720703125,0.9878758192062378,0.9882391691207886,1.5098799467086792,0.2379952073097229,1.4446281235505447,0.1844670380393264,0.0,0,two_ankles,accepted,1.5098799467086792,0.2379952073097229,0.07013347700431938
309,10.3,detected,3,2,0.9225390553474426,ankle_midpoint,736.8612670898438,909.1071166992188,0.982295036315918,0.981031060218811,1.7912240028381348,11.381783485412598,1.7544011359979597,11.390833356199504,0.0,0,two_ankles,accepted,1.7912240028381348,11.381783485412598,0.029357041312611888
309,10.3,detected,4,1,0.9207910299301147,ankle_midpoint,1113.34326171875,890.8343505859375,0.9905745387077332,0.9754303097724915,3.901465654373169,10.967179298400879,3.892350546891885,10.86383857433206,0.0,0,two_ankles,accepted,3.901465654373169,10.967179298400879,0.1318639623622578
310,10.333333333333334,detected,1,5,0.9065936803817749,ankle_midpoint,967.703369140625,612.89892578125,0.9860889315605164,0.9888592958450317,3.0698089599609375,2.2054331302642822,3.002665569052365,2.2844864258791304,0.0,0,two_ankles,accepted,3.0698089599609375,2.2054331302642822,0.10890793948689376
310,10.333333333333334,detected,2,44,0.8944742679595947,ankle_midpoint,810.8013916015625,569.3011474609375,0.9875583648681641,0.988709032535553,1.5864577293395996,-0.04283564165234566,1.5084514461556195,0.08218083217807398,0.0,0,two_ankles,accepted,1.5864577293395996,-0.04283564165234566,0.2910843907210152
310,10.333333333333334,detected,3,2,0.9251288771629333,ankle_midpoint,747.334228515625,909.573974609375,0.9879319071769714,0.9882012009620667,1.8500328063964844,11.389763832092285,1.7974353876772957,11.390352070351256,0.0,0,two_ankles,accepted,1.8500328063964844,11.389763832092285,0.05934779953033265
310,10.333333333333334,detected,4,1,0.9324935078620911,ankle_midpoint,1125.2589111328125,892.8427124023438,0.9900792837142944,0.9800496101379395,3.967068672180176,11.007258415222168,3.925973703271616,10.928377502732609,0.0,0,two_ankles,accepted,3.967068672180176,11.007258415222168,0.07687711981182042
311,10.366666666666667,detected,1,5,0.9016314744949341,ankle_midpoint,981.3283081054688,613.5588989257812,0.9880231618881226,0.9899985194206238,3.1879096031188965,2.233969211578369,3.0860253843823044,2.261753679443788,0.0,0,two_ankles,accepted,3.1879096031188965,2.233969211578369,0.12149925864418987
311,10.366666666666667,detected,2,44,0.9115105867385864,ankle_midpoint,828.1896362304688,569.3753662109375,0.9873455166816711,0.9874554872512817,1.75080406665802,-0.0433722622692585,1.6175101253817,0.02568193967677437,0.0,0,two_ankles,accepted,1.75080406665802,-0.0433722622692585,0.1643472133979354
311,10.366666666666667,detected,3,2,0.9149457812309265,ankle_midpoint,755.082763671875,909.2081298828125,0.9823387265205383,0.9835712909698486,1.8924808502197266,11.381638526916504,1.8402058458213897,11.386430975805618,0.0,0,two_ankles,accepted,1.8924808502197266,11.381638526916504,0.04321871132529829
311,10.366666666666667,detected,4,1,0.9379904270172119,ankle_midpoint,1135.05126953125,894.4950561523438,0.9830591678619385,0.9705435633659363,4.020740032196045,11.040087699890137,3.9686185512876095,10.978647091453496,0.0,0,two_ankles,accepted,4.020740032196045,11.040087699890137,0.06291563253884971
312,10.4,detected,1,5,0.9008076190948486,ankle_midpoint,987.9046020507812,613.2477416992188,0.9878986477851868,0.9887959957122803,3.245011568069458,2.2174227237701416,3.157569167041524,2.2418047493906474,0.0,0,two_ankles,accepted,3.245011568069458,2.2174227237701416,0.05945099376800172
312,10.4,detected,2,44,0.8922881484031677,ankle_midpoint,837.718017578125,568.9213256835938,0.9831257462501526,0.9850025773048401,1.8395920991897583,-0.07196269184350967,1.7174470135953261,-0.018258144507353448,0.0,0,two_ankles,accepted,1.8395920991897583,-0.07196269184350967,0.09327768963743277
312,10.4,detected,3,2,0.9147111177444458,ankle_midpoint,758.6475830078125,907.67431640625,0.9892565608024597,0.989728569984436,1.9100873470306396,11.350893020629883,1.8716525213655522,11.370438895976537,0.0,0,two_ankles,accepted,1.9100873470306396,11.350893020629883,0.035429858689717486
312,10.4,detected,4,1,0.9353196620941162,ankle_midpoint,1137.305419921875,896.9601440429688,0.9769919514656067,0.9650309681892395,4.030614376068115,11.090309143066406,3.9965166724388372,11.028895014679307,0.0,0,two_ankles,accepted,4.030614376068115,11.090309143066406,0.051182966127522954
313,10.433333333333334,detected,1,5,0.912996768951416,ankle_midpoint,1002.87353515625,610.2745361328125,0.9812240600585938,0.981303334236145,3.3765311241149902,2.0697901248931885,3.2561020477245837,2.164398168366791,0.0,0,two_ankles,accepted,3.3765311241149902,2.0697901248931885,0.1977189365578756
313,10.433333333333334,detected,2,44,0.8639529943466187,ankle_midpoint,854.4412841796875,569.3870849609375,0.9816195964813232,0.9837924242019653,1.9986759424209595,-0.049916334450244904,1.8440000315668612,-0.0325043299816546,0.0,0,two_ankles,accepted,1.9986759424209595,-0.049916334450244904,0.160604206207437
313,10.433333333333334,detected,3,2,0.922382116317749,ankle_midpoint,764.4224853515625,901.8549194335938,0.9963877201080322,0.9969096779823303,1.9340978860855103,11.234106063842773,1.8997529354895333,11.309089121516344,0.0,0,two_ankles,accepted,1.9340978860855103,11.234106063842773,0.11922960731839898
313,10.433333333333334,detected,4,1,0.9332371950149536,ankle_midpoint,1144.13623046875,899.6868896484375,0.9842492938041687,0.9762218594551086,4.06588888168335,11.144989013671875,4.027734166598868,11.081137314225963,0.0,0,two_ankles,accepted,4.06588888168335,11.144989013671875,0.06507056935228096
314,10.466666666666667,detected,1,5,0.9001754522323608,ankle_midpoint,1015.855224609375,610.1953125,0.9905071258544922,0.990882158279419,3.4898581504821777,2.0628018379211426,3.3612922939655014,2.1186798196662493,0.0,0,two_ankles,accepted,3.4898581504821777,2.0628018379211426,0.11354228754095488
314,10.466666666666667,detected,2,44,0.8839868903160095,ankle_midpoint,871.5989990234375,570.24365234375,0.9915375709533691,0.9924203753471375,2.1623270511627197,-0.005741804372519255,1.9872471903849975,-0.0204611934575437,0.0,0,two_ankles,accepted,2.1623270511627197,-0.005741804372519255,0.169508331653625
314,10.466666666666667,detected,3,2,0.9290674924850464,ankle_midpoint,771.1314697265625,899.9520874023438,0.9866869449615479,0.9892585873603821,1.9690783023834229,11.19498062133789,1.9309493505917836,11.25774029643604,0.0,0,two_ankles,accepted,1.9690783023834229,11.19498062133789,0.05248266166628899
314,10.466666666666667,detected,4,1,0.9366451501846313,ankle_midpoint,1149.166259765625,903.0767822265625,0.9819679856300354,0.9758182764053345,4.09000301361084,11.212873458862305,4.0557551477542555,11.140418579312318,0.0,0,two_ankles,accepted,4.09000301361084,11.212873458862305,0.07204019195857862
315,10.5,detected,1,5,0.903157114982605,ankle_midpoint,1023.32177734375,611.0328369140625,0.9900555610656738,0.9907510876655579,3.5542640686035156,2.101773500442505,3.4481295925526076,2.1110719760155643,0.0,0,two_ankles,accepted,3.5542640686035156,2.101773500442505,0.07527889989054991
315,10.5,detected,2,44,0.6906083822250366,ankle_midpoint,879.382080078125,572.7943115234375,0.981532871723175,0.9848005771636963,2.2401182651519775,0.13671205937862396,2.101039174030139,0.05026677031873175,0.0,0,two_ankles,accepted,2.2401182651519775,0.13671205937862396,0.1623101237494192
315,10.5,detected,3,2,0.926834762096405,ankle_midpoint,776.2882080078125,897.7655029296875,0.9848037958145142,0.9890282154083252,1.9951136112213135,11.15009880065918,1.959823267875072,11.209301623336454,0.0,0,two_ankles,accepted,1.9951136112213135,11.15009880065918,0.05188656024174575
315,10.5,detected,4,1,0.933961033821106,ankle_midpoint,1151.3778076171875,904.8092041015625,0.980377733707428,0.9756841063499451,4.100240707397461,11.247393608093262,4.075773649593698,11.188557342263742,0.0,0,two_ankles,accepted,4.100240707397461,11.247393608093262,0.03600626441324014
316,10.533333333333333,detected,1,5,0.9113405346870422,ankle_midpoint,1035.26416015625,613.30322265625,0.9924386143684387,0.9931378960609436,3.6558468341827393,2.2087953090667725,3.5416023512861674,2.1550474758886082,0.0,0,two_ankles,accepted,3.6558468341827393,2.2087953090667725,0.14755583954534926
316,10.533333333333333,detected,2,44,0.8154465556144714,ankle_midpoint,891.896484375,571.0502319335938,0.9905185103416443,0.9920001029968262,2.354921340942383,0.03458942472934723,2.215286149140649,0.043211964803508716,0.0,0,two_ankles,accepted,2.354921340942383,0.03458942472934723,0.15365148459630057
316,10.533333333333333,detected,3,2,0.9304352402687073,ankle_midpoint,784.0994873046875,889.4072265625,0.9921603798866272,0.994070827960968,2.028273820877075,10.977721214294434,1.9906260167259733,11.105090439267546,0.0,0,two_ankles,accepted,2.028273820877075,10.977721214294434,0.17553812060447033
316,10.533333333333333,detected,4,1,0.9298850893974304,ankle_midpoint,1152.34375,907.7791748046875,0.9771459102630615,0.9727789163589478,4.101938724517822,11.306568145751953,4.087547933309554,11.241662203833439,0.0,0,two_ankles,accepted,4.101938724517822,11.306568145751953,0.05919889500033702
317,10.566666666666666,detected,1,5,0.9013660550117493,ankle_midpoint,1049.1834716796875,615.360107421875,0.9909987449645996,0.9909341335296631,3.7739384174346924,2.3042399883270264,3.646153581053004,2.222184106485897,0.0,0,two_ankles,accepted,3.7739384174346924,2.3042399883270264,0.15183974721411295
317,10.566666666666666,detected,2,44,0.8690959811210632,ankle_midpoint,903.1001586914062,574.0006103515625,0.9776943922042847,0.9821667671203613,2.4641427993774414,0.1981476992368698,2.3272716417472057,0.11293304529852122,0.0,0,two_ankles,accepted,2.4641427993774414,0.1981476992368698,0.19667393356151533
317,10.566666666666666,detected,3,2,0.9294796586036682,ankle_midpoint,790.260986328125,886.4169921875,0.9964752793312073,0.9961679577827454,2.059523344039917,10.914764404296875,2.021629814017248,11.019443723530745,0.0,0,two_ankles,accepted,2.059523344039917,10.914764404296875,0.07028579246884593
317,10.566666666666666,detected,4,1,0.9248253703117371,ankle_midpoint,1151.717529296875,907.447021484375,0.9738577604293823,0.9676876068115234,4.0988593101501465,11.300032615661621,4.092638052887821,11.26792888915612,0.0,0,two_ankles,accepted,4.0988593101501465,11.300032615661621,0.007224676214854437
318,10.6,detected,1,5,0.9066659808158875,ankle_midpoint,1052.7305908203125,616.09912109375,0.9883246421813965,0.9894000887870789,3.803595781326294,2.3386993408203125,3.7170025711759846,2.274615961936384,0.0,0,two_ankles,accepted,3.803595781326294,2.3386993408203125,0.04546433995182837
318,10.6,detected,2,44,0.8732765316963196,ankle_midpoint,906.75732421875,574.0819091796875,0.9870402216911316,0.989557683467865,2.498469591140747,0.20172077417373657,2.4043107189742994,0.15288752329236815,0.0,0,two_ankles,accepted,2.498469591140747,0.20172077417373657,0.03451225140824364
318,10.6,detected,3,2,0.927878201007843,ankle_midpoint,795.396240234375,885.2421875,0.9962655901908875,0.9961821436882019,2.0873823165893555,10.889566421508789,2.0512184401746967,10.960998937620866,0.0,0,two_ankles,accepted,2.0873823165893555,10.889566421508789,0.037564087744800106
318,10.6,detected,4,1,0.9235116243362427,ankle_midpoint,1155.84326171875,907.9683837890625,0.9927431344985962,0.9918574690818787,4.12121057510376,11.309918403625488,4.105495687884994,11.286824170667337,0.0,0,two_ankles,accepted,4.12121057510376,11.309918403625488,0.024439882337956593
319,10.633333333333333,detected,1,5,0.9066998362541199,ankle_midpoint,1063.0809326171875,618.091064453125,0.9925575256347656,0.9933037161827087,3.8899216651916504,2.430927038192749,3.794816163483034,2.3449559462517486,0.0,0,two_ankles,accepted,3.8899216651916504,2.430927038192749,0.12632539882286833
319,10.633333333333333,detected,2,44,0.8582477569580078,ankle_midpoint,911.1944580078125,577.0909423828125,0.9924976229667664,0.9924324750900269,2.5432915687561035,0.36836332082748413,2.4668521013761113,0.24985163218317036,0.0,0,two_ankles,accepted,2.5432915687561035,0.36836332082748413,0.17256519936707385
319,10.633333333333333,detected,3,2,0.9297671914100647,ankle_midpoint,802.358154296875,883.3123779296875,0.9940045475959778,0.9942417144775391,2.124880790710449,10.848194122314453,2.084366497915785,10.91023677073298,0.0,0,two_ankles,accepted,2.124880790710449,10.848194122314453,0.055837287738893515
319,10.633333333333333,detected,4,1,0.925561785697937,ankle_midpoint,1161.530517578125,905.0572509765625,0.9758894443511963,0.9773667454719543,4.156728267669678,11.2511568069458,4.128550348788101,11.270773856992648,0.0,0,two_ankles,accepted,4.156728267669678,11.2511568069458,0.06866171953536647
320,10.666666666666666,detected,1,5,0.9198604822158813,ankle_midpoint,1070.163818359375,618.995361328125,0.9751889109611511,0.9788541793823242,3.949378252029419,2.472013473510742,3.864369103328908,2.402131833518296,0.0,0,two_ankles,accepted,3.949378252029419,2.472013473510742,0.0722715773007394
320,10.666666666666666,detected,2,44,0.8633682131767273,ankle_midpoint,915.0401611328125,576.794189453125,0.9889124631881714,0.9917389154434204,2.5787627696990967,0.350870281457901,2.5172119021214545,0.2953100243567992,0.0,0,two_ankles,accepted,2.5787627696990967,0.350870281457901,0.039550126709329066
320,10.666666666666666,detected,3,2,0.9322401285171509,ankle_midpoint,811.53955078125,887.4231567382812,0.9781816601753235,0.9788692593574524,2.182114362716675,10.933143615722656,2.1283530370761854,10.920544850978334,0.0,0,two_ankles,accepted,2.182114362716675,10.933143615722656,0.10243094354198909
320,10.666666666666666,detected,4,1,0.9205711483955383,ankle_midpoint,1168.88427734375,902.6756591796875,0.9883516430854797,0.989510715007782,4.20112943649292,11.202448844909668,4.1612109382552696,11.240027601555308,0.0,0,two_ankles,accepted,4.20112943649292,11.202448844909668,0.06590849231004613
321,10.7,detected,1,5,0.9104005098342896,ankle_midpoint,1072.7525634765625,618.489013671875,0.970556914806366,0.9738198518753052,3.9724600315093994,2.4474844932556152,3.9130100210101295,2.4225405304000898,0.0,0,two_ankles,accepted,3.9724600315093994,2.4474844932556152,0.033681440235222355
321,10.7,detected,2,44,0.8578721880912781,ankle_midpoint,918.272705078125,575.645751953125,0.988636314868927,0.9915920495986938,2.607750654220581,0.286101758480072,2.5579543405660616,0.291166304712272,0.0,0,two_ankles,accepted,2.607750654220581,0.286101758480072,0.07095955903020025
321,10.7,detected,3,2,0.9275678396224976,ankle_midpoint,815.44091796875,886.9609375,0.9918598532676697,0.9940100908279419,2.203855037689209,10.923030853271484,2.1623289373520462,10.921663552010253,0.0,0,two_ankles,accepted,2.203855037689209,10.923030853271484,0.023977591886075754
321,10.7,detected,4,1,0.9193309545516968,ankle_midpoint,1173.26904296875,900.5313720703125,0.9896029829978943,0.9868571162223816,4.228749752044678,11.158616065979004,4.191603404460503,11.203392410545973,0.0,0,two_ankles,accepted,4.228749752044678,11.158616065979004,0.051809210956770435
322,10.733333333333333,detected,1,5,0.8987711071968079,ankle_midpoint,1075.1474609375,620.389404296875,0.9898730516433716,0.9895497560501099,3.989804267883301,2.536472797393799,3.9475674321030567,2.473810050547259,0.0,0,two_ankles,accepted,3.989804267883301,2.536472797393799,0.09066278623991007
322,10.733333333333333,detected,2,44,0.8573246598243713,ankle_midpoint,927.461181640625,570.4846801757812,0.9867410063743591,0.9902143478393555,2.6893839836120605,-0.00732004689052701,2.6020679902811032,0.2926553967925877,0.0,0,two_ankles,corrected_motion_outlier,2.6559846732661536,0.2944753982240846,0.3045658489300458
322,10.733333333333333,detected,3,2,0.91974937915802,ankle_midpoint,823.8841552734375,885.469482421875,0.9868485927581787,0.9911772012710571,2.250485897064209,10.890826225280762,2.2019995692225196,10.907786754981982,0.0,0,two_ankles,accepted,2.250485897064209,10.890826225280762,0.056670760627257004
322,10.733333333333333,detected,4,1,0.9255476593971252,ankle_midpoint,1187.449462890625,893.40673828125,0.987447202205658,0.9835172891616821,4.319375514984131,11.01134204864502,4.2491008541961355,11.116969747690543,0.0,0,two_ankles,accepted,4.319375514984131,11.01134204864502,0.172923870793042
323,10.766666666666667,detected,1,5,0.8865096569061279,ankle_midpoint,1077.227783203125,622.8486328125,0.9892516732215881,0.9868208765983582,4.0033793449401855,2.650935649871826,3.972682792879765,2.5535165702433145,0.0,0,two_ankles,accepted,4.0033793449401855,2.650935649871826,0.11526503075307364
323,10.766666666666667,detected,2,44,0.8446422815322876,ankle_midpoint,939.09765625,565.51708984375,0.9853821992874146,0.983700692653656,2.796231746673584,-0.2965056002140045,2.6480358061948834,0.29724253532156697,0.0,0,two_ankles,corrected_motion_outlier,2.704218692311726,0.30284903796809715,0.30616844082006794
323,10.766666666666667,detected,3,2,0.9202290177345276,ankle_midpoint,831.890380859375,881.21240234375,0.9893107414245605,0.9937712550163269,2.292067527770996,10.800223350524902,2.2425301505693342,10.859383222976298,0.0,0,two_ankles,accepted,2.292067527770996,10.800223350524902,0.09968908127905263
323,10.766666666666667,detected,4,1,0.9250841736793518,ankle_midpoint,1205.416015625,892.5906982421875,0.9784483909606934,0.9694147109985352,4.42272424697876,10.99232006072998,4.327231380948317,11.060877388558291,0.0,0,two_ankles,accepted,4.42272424697876,10.99232006072998,0.10508471072966573
324,10.8,detected,1,5,0.8971150517463684,ankle_midpoint,1077.8045654296875,622.75,0.9895641803741455,0.9882936477661133,4.008468151092529,2.646211862564087,3.9887862040755087,2.595229451787662,0.0,0,two_ankles,accepted,4.008468151092529,2.646211862564087,0.006943350386152934
324,10.8,detected,2,44,0.8113542795181274,ankle_midpoint,947.165283203125,559.8011474609375,0.9860304594039917,0.9832381010055542,2.870631694793701,-0.6352837681770325,2.6950234135179705,0.3035335993973113,0.3038557145793892,0,two_ankles,corrected_motion_outlier,2.7524527113572987,0.31122267771210976,0.3193844305371743
324,10.8,detected,3,2,0.9276493787765503,ankle_midpoint,834.961669921875,879.3274536132812,0.9870016574859619,0.988105297088623,2.3078935146331787,10.75985336303711,2.2719436643980644,10.814594786003664,0.0,0,two_ankles,accepted,2.3078935146331787,10.75985336303711,0.04336124709837735
324,10.8,detected,4,1,0.9254409670829773,ankle_midpoint,1207.560546875,894.627685546875,0.9892138838768005,0.985446572303772,4.431497573852539,11.034036636352539,4.374151167755217,11.048799050065703,0.0,0,two_ankles,accepted,4.431497573852539,11.034036636352539,0.042629144327640776
325,10.833333333333334,detected,1,5,0.8944377899169922,ankle_midpoint,1080.21044921875,621.1478881835938,0.9917008280754089,0.9921045303344727,4.031828880310059,2.570857048034668,4.008155408381056,2.584261870098815,0.0,0,two_ankles,accepted,4.031828880310059,2.570857048034668,0.07889278637706908
325,10.833333333333334,detected,3,2,0.9256709814071655,ankle_midpoint,840.1968994140625,875.5384521484375,0.9909188747406006,0.9933454990386963,2.3345022201538086,10.678236961364746,2.3000950144881496,10.753233764916152,0.0,0,two_ankles,accepted,2.3345022201538086,10.678236961364746,0.08584439545729321
325,10.833333333333334,detected,4,1,0.9331234097480774,ankle_midpoint,1220.017333984375,903.4338989257812,0.9738801121711731,0.9673635363578796,4.486790657043457,11.211621284484863,4.4248389379349256,11.122069055554327,0.0,0,two_ankles,accepted,4.486790657043457,11.211621284484863,0.18599363510894446
325,10.833333333333334,predicted,2,,,motion_prediction,,,,,,,2.8006867304028713,0.3195963174561223,,1,,motion_prediction,2.8006867304028713,0.3195963174561223,
326,10.866666666666667,detected,1,5,0.8918545246124268,ankle_midpoint,1082.3887939453125,618.2657470703125,0.9871988892555237,0.9882534742355347,4.0557169914245605,2.4346561431884766,4.029558120750634,2.516939292989163,0.0,0,two_ankles,accepted,4.0557169914245605,2.4346561431884766,0.13827989128409118
326,10.866666666666667,detected,3,2,0.9212983846664429,ankle_midpoint,842.4886474609375,874.6502685546875,0.9925180673599243,0.9942955374717712,2.3469460010528564,10.658857345581055,2.321177958442268,10.710764376215359,0.0,0,two_ankles,accepted,2.3469460010528564,10.658857345581055,0.023030787893318135
326,10.866666666666667,detected,4,1,0.9261523485183716,ankle_midpoint,1226.109130859375,904.685546875,0.9778607487678528,0.9757311940193176,4.51875114440918,11.236040115356445,4.46709943084834,11.173356032465282,0.0,0,two_ankles,accepted,4.51875114440918,11.236040115356445,0.04022128856450829
326,10.866666666666667,predicted,2,,,motion_prediction,,,,,,,2.848920749448444,0.3279699572001349,,2,,motion_prediction,2.848920749448444,0.3279699572001349,
327,10.9,detected,1,5,0.8825609087944031,ankle_midpoint,1083.11962890625,618.8502197265625,0.9855775237083435,0.9858648777008057,4.060926914215088,2.462120532989502,4.043674077809639,2.492270850989316,0.0,0,two_ankles,accepted,4.060926914215088,2.462120532989502,0.027954176836850763
327,10.9,detected,3,2,0.9221282601356506,ankle_midpoint,842.4947509765625,876.4659423828125,0.9925448298454285,0.994257926940918,2.348660469055176,10.697839736938477,2.3335450882180764,10.704948288540763,0.0,0,two_ankles,accepted,2.348660469055176,10.697839736938477,0.039020074788167394
327,10.9,detected,4,1,0.9225103259086609,ankle_midpoint,1227.294921875,905.7700805664062,0.9756445288658142,0.9728161096572876,4.523478984832764,11.257624626159668,4.492470230141331,11.211276899627755,0.0,0,two_ankles,accepted,4.523478984832764,11.257624626159668,0.022096234558976566
327,10.9,predicted,2,,,motion_prediction,,,,,,,2.8971547684940164,0.3363435969441475,,3,,motion_prediction,2.8971547684940164,0.3363435969441475,
328,10.933333333333334,detected,1,5,0.8807921409606934,ankle_midpoint,1089.8870849609375,615.0863037109375,0.9833984375,0.9850758910179138,4.126465320587158,2.2814722061157227,4.080930137059523,2.3974114607961994,0.0,0,two_ankles,accepted,4.126465320587158,2.2814722061157227,0.192169458322821
328,10.933333333333334,detected,3,2,0.9220743179321289,ankle_midpoint,841.416015625,875.1767578125,0.9920067191123962,0.995514452457428,2.341221809387207,10.670313835144043,2.336999612744185,10.68936278451224,0.0,0,two_ankles,accepted,2.341221809387207,10.670313835144043,0.028513311404546954
328,10.933333333333334,detected,4,1,0.9216235876083374,ankle_midpoint,1226.677978515625,906.9052734375,0.9705941081047058,0.9658920168876648,4.518036842346191,11.280375480651855,4.503975205633518,11.2423712610886,0.0,0,two_ankles,accepted,4.518036842346191,11.280375480651855,0.023392697470981046
328,10.933333333333334,predicted,2,,,motion_prediction,,,,,,,2.945388787539589,0.34471723668816007,,4,,motion_prediction,2.945388787539589,0.34471723668816007,
329,10.966666666666667,detected,1,5,0.8977529406547546,ankle_midpoint,1095.455810546875,615.9297485351562,0.9919227957725525,0.9920670986175537,4.172918319702148,2.3204989433288574,4.122324819248705,2.362800827935896,0.0,0,two_ankles,accepted,4.172918319702148,2.3204989433288574,0.06067097612763752
329,10.966666666666667,detected,3,2,0.9261612296104431,ankle_midpoint,842.345458984375,869.903564453125,0.991486668586731,0.9946698546409607,2.3416848182678223,10.556109428405762,2.339107955229822,10.629398774264326,0.0,0,two_ankles,accepted,2.3416848182678223,10.556109428405762,0.11420534530251335
329,10.966666666666667,detected,4,1,0.9208961725234985,ankle_midpoint,1232.85107421875,906.160888671875,0.9790617823600769,0.9758425354957581,4.553849220275879,11.26478099822998,4.52641851222258,11.252455642802222,0.0,0,two_ankles,accepted,4.553849220275879,11.26478099822998,0.03906039291897787
329,10.966666666666667,predicted,2,,,motion_prediction,,,,,,,2.9936228065851616,0.35309087643217263,,5,,motion_prediction,2.9936228065851616,0.35309087643217263,
330,11.0,detected,1,5,0.8816050887107849,ankle_midpoint,1098.315185546875,614.96826171875,0.9925198554992676,0.9929893016815186,4.1996564865112305,2.273813009262085,4.157124069516842,2.3227563095326813,0.0,0,two_ankles,accepted,4.1996564865112305,2.273813009262085,0.05380061341655243
330,11.0,detected,3,2,0.9261224865913391,ankle_midpoint,842.6900024414062,866.257080078125,0.9928411245346069,0.9952110648155212,2.340261936187744,10.47627067565918,2.3396272466608874,10.56049112989201,0.0,0,two_ankles,accepted,2.340261936187744,10.47627067565918,0.07985143100498367
330,11.0,detected,4,1,0.9191870093345642,ankle_midpoint,1232.9898681640625,906.2259521484375,0.9814634323120117,0.9784048199653625,4.554507732391357,11.266064643859863,4.53905866129853,11.258579693278161,0.0,0,two_ankles,accepted,4.554507732391357,11.266064643859863,0.0014427003532782657
330,11.0,predicted,2,,,motion_prediction,,,,,,,3.041856825630734,0.3614645161761852,,6,,motion_prediction,3.041856825630734,0.3614645161761852,
331,11.033333333333333,detected,1,5,0.8922068476676941,ankle_midpoint,1100.8292236328125,615.7794189453125,0.9868764877319336,0.9877201914787292,4.219674110412598,2.3120431900024414,4.1852715879199325,2.3179354057440733,0.0,0,two_ankles,accepted,4.219674110412598,2.3120431900024414,0.043153817746485745
331,11.033333333333333,detected,3,2,0.9249547719955444,ankle_midpoint,844.5302734375,861.5552368164062,0.9907190203666687,0.9934826493263245,2.3466341495513916,10.372040748596191,2.3427803529616145,10.475688458308893,0.0,0,two_ankles,accepted,2.3466341495513916,10.372040748596191,0.10442453159438976
331,11.033333333333333,detected,4,1,0.9197113513946533,ankle_midpoint,1233.3104248046875,906.1533813476562,0.9849751591682434,0.9829459190368652,4.556430339813232,11.264575958251953,4.546875916630147,11.261278012516367,0.0,0,two_ankles,accepted,4.556430339813232,11.264575958251953,0.002431584696827907
331,11.033333333333333,predicted,2,,,motion_prediction,,,,,,,3.0900908446763067,0.36983815592019775,,7,,motion_prediction,3.0900908446763067,0.36983815592019775,
332,11.066666666666666,detected,1,5,0.8947113752365112,ankle_midpoint,1103.111572265625,617.333740234375,0.9904272556304932,0.9907699227333069,4.236013412475586,2.3855743408203125,4.208105408969977,2.348372926528381,0.0,0,two_ankles,accepted,4.236013412475586,2.3855743408203125,0.07532465023155487
332,11.066666666666666,detected,3,2,0.9240352511405945,ankle_midpoint,845.6392822265625,859.2286376953125,0.9895941019058228,0.9936422109603882,2.3509886264801025,10.31997013092041,2.3464740760449345,10.405615210984077,0.0,0,two_ankles,accepted,2.3509886264801025,10.31997013092041,0.052252375012625585
332,11.066666666666666,detected,4,1,0.9199920296669006,ankle_midpoint,1233.956298828125,904.7392578125,0.9864415526390076,0.9850043058395386,4.562597751617432,11.236185073852539,4.553950742374425,11.249986190117646,0.0,0,two_ankles,accepted,4.562597751617432,11.236185073852539,0.029053042617658287
332,11.066666666666666,predicted,2,,,motion_prediction,,,,,,,3.1383248637218797,0.37821179566421037,,8,,motion_prediction,3.1383248637218797,0.37821179566421037,
333,11.1,detected,1,5,0.89966881275177,ankle_midpoint,1103.6884765625,617.1033935546875,0.9912102222442627,0.9914222359657288,4.241488933563232,2.374488353729248,4.223127995036942,2.3601248687687715,0.0,0,two_ankles,accepted,4.241488933563232,2.374488353729248,0.012364483044774215
333,11.1,detected,3,2,0.9264193773269653,ankle_midpoint,845.810791015625,857.8524169921875,0.9895294308662415,0.9925192594528198,2.3507080078125,10.289084434509277,2.348379345340339,10.35317636157042,0.0,0,two_ankles,accepted,2.3507080078125,10.289084434509277,0.030886971195591018
333,11.1,detected,4,1,0.9200336337089539,ankle_midpoint,1233.366943359375,904.7709350585938,0.9687280058860779,0.9745432138442993,4.559240341186523,11.23689079284668,4.55633106183987,11.24409326134571,0.0,0,two_ankles,accepted,4.559240341186523,11.23689079284668,0.0034307789349158103
333,11.1,predicted,2,,,motion_prediction,,,,,,,3.186558882767452,0.38658543540822293,,9,,motion_prediction,3.186558882767452,0.38658543540822293,
334,11.133333333333333,detected,1,5,0.8749098181724548,ankle_midpoint,1103.393798828125,616.2987060546875,0.9931135773658752,0.9921777844429016,4.240705490112305,2.336230516433716,4.231037867820855,2.3493724102179963,0.0,0,two_ankles,accepted,4.240705490112305,2.336230516433716,0.03826585812669328
334,11.133333333333333,detected,3,2,0.9255807995796204,ankle_midpoint,846.9949951171875,856.90087890625,0.9822490215301514,0.9861252903938293,2.3568308353424072,10.26752758026123,2.3521825158412697,10.314634409981284,0.0,0,two_ankles,accepted,2.3568308353424072,10.26752758026123,0.022409528822189155
334,11.133333333333333,detected,4,1,0.9237568378448486,ankle_midpoint,1236.800537109375,901.654541015625,0.9914062023162842,0.9901995062828064,4.584193229675293,11.173741340637207,4.568869037365811,11.212434897026885,0.0,0,two_ankles,accepted,4.584193229675293,11.173741340637207,0.06790066242894423
334,11.133333333333333,predicted,2,,,motion_prediction,,,,,,,3.234792901813025,0.3949590751522355,,10,,motion_prediction,3.234792901813025,0.3949590751522355,
335,11.166666666666666,detected,1,5,0.8869854211807251,ankle_midpoint,1104.01708984375,615.506103515625,0.986952543258667,0.989459753036499,4.247832775115967,2.298217535018921,4.238595576103656,2.3263527163784126,0.0,0,two_ankles,accepted,4.247832775115967,2.298217535018921,0.038675379087540575
335,11.166666666666666,detected,3,2,0.9296509623527527,ankle_midpoint,843.7972412109375,855.8670654296875,0.9923228025436401,0.9941297769546509,2.336879253387451,10.24462890625,2.3452960477370515,10.283131933302208,0.0,0,two_ankles,accepted,2.336879253387451,10.24462890625,0.030371284035712577
335,11.166666666666666,detected,4,1,0.928745448589325,ankle_midpoint,1243.31787109375,896.35107421875,0.9583067297935486,0.9647048115730286,4.63091516494751,11.065072059631348,4.596789794777576,11.146121620198894,0.0,0,two_ankles,accepted,4.63091516494751,11.065072059631348,0.11828758121591482
335,11.166666666666666,predicted,2,,,motion_prediction,,,,,,,3.2830269208585974,0.4033327148962481,,11,,motion_prediction,3.2830269208585974,0.4033327148962481,
336,11.2,detected,1,5,0.8864015340805054,ankle_midpoint,1100.85791015625,615.74853515625,0.979536771774292,0.9808494448661804,4.2199883460998535,2.3105602264404297,4.230222322601945,2.3192460959063204,0.0,0,two_ankles,accepted,4.2199883460998535,2.3105602264404297,0.030457417138686563
336,11.2,detected,3,2,0.9234384298324585,ankle_midpoint,843.8661499023438,857.8762817382812,0.9893071055412292,0.9909405708312988,2.3392162322998047,10.289873123168945,2.3425601307902904,10.28616546874224,0.0,0,two_ankles,accepted,2.3392162322998047,10.289873123168945,0.04530453216892723
336,11.2,detected,4,1,0.929500162601471,ankle_midpoint,1244.6378173828125,897.6005859375,0.9884167313575745,0.987809419631958,4.635983943939209,11.090458869934082,4.614427161900311,11.121073382579729,0.0,0,two_ankles,accepted,4.635983943939209,11.090458869934082,0.025887886314137576
336,11.2,predicted,2,,,motion_prediction,,,,,,,3.33126093990417,0.4117063546402607,,12,,motion_prediction,3.33126093990417,0.4117063546402607,
337,11.233333333333333,detected,1,5,0.8855878710746765,ankle_midpoint,1103.00390625,613.1437377929688,0.9892756938934326,0.9899173378944397,4.244261264801025,2.1849255561828613,4.236539846591532,2.258801853030764,0.0,0,two_ankles,accepted,4.244261264801025,2.1849255561828613,0.12795798120086777
337,11.233333333333333,detected,3,2,0.9275352954864502,ankle_midpoint,841.966064453125,861.0638427734375,0.9927514791488647,0.9938403367996216,2.331050395965576,10.361429214477539,2.337380750119169,10.320034154323125,0.0,0,two_ankles,accepted,2.331050395965576,10.361429214477539,0.07202051850966648
337,11.233333333333333,detected,4,1,0.9347796440124512,ankle_midpoint,1250.08544921875,902.79638671875,0.9712775945663452,0.9691662788391113,4.656664848327637,11.19520092010498,4.633434120792607,11.154430774466093,0.0,0,two_ankles,accepted,4.656664848327637,11.19520092010498,0.1067642116082271
338,11.266666666666667,detected,1,5,0.8665854930877686,ankle_midpoint,1100.3153076171875,611.2865600585938,0.9891954660415649,0.9909490942955017,4.224936008453369,2.095602035522461,4.231318119429359,2.1853619351520277,0.0,0,two_ankles,accepted,4.224936008453369,2.095602035522461,0.09139013555122677
338,11.266666666666667,detected,3,2,0.9323717355728149,ankle_midpoint,839.2320556640625,865.6671752929688,0.9881163835525513,0.9907354712486267,2.31943416595459,10.463733673095703,2.3293047872451087,10.384698937770786,0.0,0,two_ankles,accepted,2.31943416595459,10.463733673095703,0.10296183299079219
338,11.266666666666667,detected,4,1,0.9306980967521667,ankle_midpoint,1251.930419921875,907.3180541992188,0.9666456580162048,0.9666173458099365,4.65828275680542,11.285621643066406,4.6446160069983735,11.213466665336234,0.0,0,two_ankles,accepted,4.65828275680542,11.285621643066406,0.09043519651501507
339,11.3,detected,1,5,0.868596076965332,ankle_midpoint,1098.6822509765625,610.8218994140625,0.9886205792427063,0.9915111660957336,4.211700439453125,2.0733864307403564,4.222490163440054,2.1349729581667756,0.0,0,two_ankles,accepted,4.211700439453125,2.0733864307403564,0.025859493084646645
339,11.3,detected,3,2,0.9293957352638245,ankle_midpoint,839.031494140625,866.72412109375,0.9922173023223877,0.9940505623817444,2.319286823272705,10.486998558044434,2.324796703457527,10.430733766893928,0.0,0,two_ankles,accepted,2.319286823272705,10.486998558044434,0.023265351524177975
339,11.3,detected,4,1,0.9260714650154114,ankle_midpoint,1251.583984375,908.7744140625,0.9674174189567566,0.9678401350975037,4.653557777404785,11.314643859863281,4.6486398036812595,11.258996402873406,0.0,0,two_ankles,accepted,4.653557777404785,11.314643859863281,0.029404327881134035
340,11.333333333333334,detected,1,5,0.8817243576049805,ankle_midpoint,1096.3134765625,610.0074462890625,0.9901114106178284,0.9924620985984802,4.192758083343506,2.0342342853546143,4.209110727396608,2.089640555401303,0.0,0,two_ankles,accepted,4.192758083343506,2.0342342853546143,0.0434937161356663
340,11.333333333333334,detected,3,2,0.9248188138008118,ankle_midpoint,838.608154296875,871.8487548828125,0.9913622736930847,0.9927510023117065,2.3217720985412598,10.598843574523926,2.323435631245207,10.506383180327429,0.0,0,two_ankles,accepted,2.3217720985412598,10.598843574523926,0.11187262535785227
340,11.333333333333334,detected,4,1,0.923741340637207,ankle_midpoint,1248.61767578125,910.98291015625,0.9749241471290588,0.9717075228691101,4.632857322692871,11.358745574951172,4.641537687236485,11.3038835303084,0.0,0,two_ankles,accepted,4.632857322692871,11.358745574951172,0.04871827274209837
341,11.366666666666667,detected,1,5,0.8779063820838928,ankle_midpoint,1092.151611328125,610.8206787109375,0.989722728729248,0.9922521710395813,4.154722690582275,2.0748989582061768,4.184636110830159,2.0830068366634964,0.0,0,two_ankles,accepted,4.154722690582275,2.0748989582061768,0.05568039799270177
341,11.366666666666667,detected,3,2,0.9243307113647461,ankle_midpoint,836.878662109375,874.9222412109375,0.9896379709243774,0.9920395612716675,2.3146989345550537,10.665411949157715,2.3195041177346383,10.577946126301057,0.0,0,two_ankles,accepted,2.3146989345550537,10.665411949157715,0.06694309635922328
341,11.366666666666667,detected,4,1,0.918185293674469,ankle_midpoint,1246.96142578125,911.9329833984375,0.9724391102790833,0.9650457501411438,4.621875762939453,11.377690315246582,4.6326898213028205,11.337096583530585,0.0,0,two_ankles,accepted,4.621875762939453,11.377690315246582,0.021897439107768438
342,11.4,detected,1,5,0.8808407187461853,ankle_midpoint,1090.983642578125,611.7247314453125,0.9899391531944275,0.9924764037132263,4.142703056335449,2.1191251277923584,4.165766236307539,2.0992600676714845,0.0,0,two_ankles,accepted,4.142703056335449,2.1191251277923584,0.04583040130408171
342,11.4,detected,3,2,0.926010012626648,ankle_midpoint,836.8603515625,874.7650146484375,0.9888384342193604,0.991657555103302,2.3144407272338867,10.662032127380371,2.3172255920093003,10.615784826786749,0.0,0,two_ankles,accepted,2.3144407272338867,10.662032127380371,0.0033896705248904796
342,11.4,detected,4,1,0.9242978096008301,ankle_midpoint,1251.5670166015625,914.2099609375,0.981195330619812,0.9739600419998169,4.643133640289307,11.421913146972656,4.6373895398467395,11.375264037079518,0.0,0,two_ankles,accepted,4.643133640289307,11.421913146972656,0.049066854344802784
343,11.433333333333334,detected,1,5,0.8776421546936035,ankle_midpoint,1089.0751953125,611.5668334960938,0.9892852902412415,0.9924116730690002,4.1263957023620605,2.1119189262390137,4.148049496032074,2.104956554026873,0.0,0,two_ankles,accepted,4.1263957023620605,2.1119189262390137,0.017828604388477054
343,11.433333333333334,detected,3,2,0.9257972240447998,ankle_midpoint,838.1996459960938,874.9752197265625,0.9880725145339966,0.9895538091659546,2.322402000427246,10.66638469696045,2.3195549757973764,10.638554768364916,0.0,0,two_ankles,accepted,2.322402000427246,10.66638469696045,0.009073408004092181
343,11.433333333333334,detected,4,1,0.9191359281539917,ankle_midpoint,1257.448974609375,914.17431640625,0.9762829542160034,0.9661853909492493,4.67576789855957,11.420527458190918,4.654659801267513,11.395632576579649,0.0,0,two_ankles,accepted,4.67576789855957,11.420527458190918,0.032663664005284344
344,11.466666666666667,detected,1,5,0.8779844641685486,ankle_midpoint,1087.626953125,612.716796875,0.9693184494972229,0.9770610928535461,4.111523151397705,2.167978048324585,4.131612640946608,2.1333162264608436,0.0,0,two_ankles,accepted,4.111523151397705,2.167978048324585,0.05799843050628471
344,11.466666666666667,detected,2,59,0.46769988536834717,ankle_midpoint,1137.2261962890625,569.5310668945312,0.855913519859314,0.7895276546478271,4.6733832359313965,-0.11951429396867752,4.6733832359313965,-0.11951429396867752,1.1279491398391346,0,two_ankles,accepted,4.6733832359313965,-0.11951429396867752,0.09152522294959128
344,11.466666666666667,detected,3,2,0.927370548248291,ankle_midpoint,839.6705322265625,875.7550659179688,0.9871423244476318,0.9879732131958008,2.331660032272339,10.682951927185059,2.3250022512111097,10.658533489833982,0.0,0,two_ankles,accepted,2.331660032272339,10.682951927185059,0.01897852130593852
344,11.466666666666667,detected,4,1,0.9182050228118896,ankle_midpoint,1260.3704833984375,912.13818359375,0.9917758703231812,0.9904708862304688,4.695918083190918,11.380162239074707,4.673226028133046,11.388670924702424,0.0,0,two_ankles,accepted,4.695918083190918,11.380162239074707,0.04511519538888333
345,11.5,detected,1,5,0.8861242532730103,ankle_midpoint,1086.793212890625,613.1217041015625,0.9716217517852783,0.9780206084251404,4.103489398956299,2.1877355575561523,4.11895718205097,2.157804925453733,0.0,0,two_ankles,accepted,4.103489398956299,2.1877355575561523,0.021328393031948546
345,11.5,detected,2,59,0.6381539702415466,ankle_midpoint,1137.478515625,567.8406982421875,0.9335826635360718,0.9006301760673523,4.681368827819824,-0.2169434130191803,4.676976752281189,-0.16335739754140377,0.0,0,two_ankles,accepted,4.681368827819824,-0.2169434130191803,0.09775583315979444
345,11.5,detected,3,2,0.9273412227630615,ankle_midpoint,840.2857666015625,876.0869140625,0.9878259301185608,0.988303005695343,2.3355324268341064,10.689992904663086,2.3297408302414584,10.672690226507079,0.0,0,two_ankles,accepted,2.3355324268341064,10.689992904663086,0.008035596025690652
345,11.5,detected,4,1,0.9125885367393494,ankle_midpoint,1264.253662109375,907.650390625,0.9919357299804688,0.9875761270523071,4.726419448852539,11.290787696838379,4.6971630674568186,11.344623472163605,0.0,0,two_ankles,accepted,4.726419448852539,11.290787696838379,0.09443591534568359
346,11.533333333333333,detected,1,5,0.8912954330444336,ankle_midpoint,1087.31787109375,611.541259765625,0.9929080009460449,0.9940735697746277,4.111136436462402,2.1110992431640625,4.115437846536115,2.136787368423381,0.0,0,two_ankles,accepted,4.111136436462402,2.1110992431640625,0.07701689338205606
346,11.533333333333333,detected,2,59,0.6175029277801514,ankle_midpoint,1144.68359375,567.779052734375,0.9633652567863464,0.9531607627868652,4.75009298324585,-0.2225056141614914,4.709879056215287,-0.1899740950204432,0.0,0,two_ankles,accepted,4.75009298324585,-0.2225056141614914,0.06894887686226674
346,11.533333333333333,detected,3,2,0.9261758327484131,ankle_midpoint,840.3157348632812,876.39453125,0.9882103204727173,0.9886477589607239,2.3359947204589844,10.696582794189453,2.332555080839345,10.683441881964148,0.0,0,two_ankles,accepted,2.3359947204589844,10.696582794189453,0.006606085025590174
346,11.533333333333333,detected,4,1,0.9228639602661133,ankle_midpoint,1271.43408203125,903.342529296875,0.9949213862419128,0.9911262392997742,4.775387287139893,11.203659057617188,4.732363966314202,11.281189485617718,0.0,0,two_ankles,accepted,4.775387287139893,11.203659057617188,0.09994623033948273
347,11.566666666666666,detected,1,5,0.8824978470802307,ankle_midpoint,1086.305419921875,610.301025390625,0.9918620586395264,0.9943483471870422,4.104732513427734,2.0509793758392334,4.110620446637344,2.098173771760515,0.0,0,two_ankles,accepted,4.104732513427734,2.0509793758392334,0.060459975830205265
347,11.566666666666666,detected,2,59,0.6987622976303101,ankle_midpoint,1155.1112060546875,564.1483764648438,0.9494090676307678,0.9547706246376038,4.862697124481201,-0.43695396184921265,4.778647186934949,-0.3011150350933895,0.0,0,two_ankles,accepted,4.862697124481201,-0.43695396184921265,0.24221433989205673
347,11.566666666666666,detected,3,2,0.9239388704299927,ankle_midpoint,838.3656005859375,876.0408935546875,0.9889821410179138,0.9894483089447021,2.324381113052368,10.689247131347656,2.328876795335206,10.686054244186728,0.0,0,two_ankles,accepted,2.324381113052368,10.689247131347656,0.013736368745906988
347,11.566666666666666,detected,4,1,0.9272305965423584,ankle_midpoint,1282.934814453125,897.0047607421875,0.9967566132545471,0.9941641688346863,4.853678226470947,11.073670387268066,4.786955383384738,11.187805891360375,0.0,0,two_ankles,accepted,4.853678226470947,11.073670387268066,0.15174493599613584
348,11.6,detected,1,5,0.883099377155304,ankle_midpoint,1085.158935546875,609.9995727539062,0.9918455481529236,0.9950382113456726,4.095304012298584,2.036541223526001,4.103728051184902,2.070439125054984,0.0,0,two_ankles,accepted,4.095304012298584,2.036541223526001,0.017244038847163645
348,11.6,detected,2,59,0.7734053134918213,ankle_midpoint,1161.96630859375,565.8095092773438,0.9604291319847107,0.9656566381454468,4.92200231552124,-0.34167981147766113,4.843156994798781,-0.3193691844663118,0.0,0,two_ankles,accepted,4.92200231552124,-0.34167981147766113,0.1122241926382923
348,11.6,detected,3,2,0.9250855445861816,ankle_midpoint,836.2706298828125,875.2274780273438,0.9921324849128723,0.992084264755249,2.3114731311798096,10.672048568725586,2.321045146465278,10.679751690229214,0.0,0,two_ankles,accepted,2.3114731311798096,10.672048568725586,0.021503640442668663
348,11.6,detected,4,1,0.927899956703186,ankle_midpoint,1285.458984375,891.1695556640625,0.9968806505203247,0.9925830364227295,4.880915641784668,10.95315170288086,4.829237499664707,11.082211506544594,0.0,0,two_ankles,accepted,4.880915641784668,10.95315170288086,0.1235582052289338
349,11.633333333333333,detected,1,5,0.8844724297523499,ankle_midpoint,1080.37451171875,609.47607421875,0.9895836710929871,0.993502676486969,4.054473876953125,2.012103796005249,4.081563672780603,2.0441882269826035,0.0,0,two_ankles,accepted,4.054473876953125,2.012103796005249,0.047584533371259445
349,11.633333333333333,detected,2,59,0.8167897462844849,ankle_midpoint,1169.766845703125,566.1043701171875,0.9716325402259827,0.9762840270996094,4.995337009429932,-0.32667362689971924,4.911638001382799,-0.3226561835613452,0.0,0,two_ankles,accepted,4.995337009429932,-0.32667362689971924,0.07485427780874465
349,11.633333333333333,detected,3,2,0.9257909059524536,ankle_midpoint,836.6268310546875,870.8685302734375,0.9907268285751343,0.9908587336540222,2.309290647506714,10.577823638916016,2.315755621933924,10.633884067138275,0.0,0,two_ankles,accepted,2.309290647506714,10.577823638916016,0.09425020229475256
349,11.633333333333333,detected,4,1,0.9239731431007385,ankle_midpoint,1282.392578125,881.27001953125,0.994775652885437,0.9790785312652588,4.885655879974365,10.745553970336914,4.854625770804054,10.930715615251138,0.0,0,two_ankles,accepted,4.885655879974365,10.745553970336914,0.20765184423809607
350,11.666666666666666,detected,1,5,0.8804996013641357,ankle_midpoint,1077.595703125,610.802490234375,0.9913723468780518,0.9944122433662415,4.027771472930908,2.0775163173675537,4.05735718284824,2.059185867655831,0.0,0,two_ankles,accepted,4.027771472930908,2.0775163173675537,0.070652787146295
350,11.666666666666666,detected,2,59,0.8348312377929688,ankle_midpoint,1182.031494140625,567.044921875,0.9616159796714783,0.9658014178276062,5.108460903167725,-0.2754078209400177,5.000208307186016,-0.30139442038174785,0.0,0,two_ankles,accepted,5.108460903167725,-0.2754078209400177,0.1241982213845965
350,11.666666666666666,detected,3,2,0.9356769919395447,ankle_midpoint,831.1793212890625,867.3728637695312,0.9734441041946411,0.9735909700393677,2.273991584777832,10.502230644226074,2.296961805213683,10.574640026827787,0.0,0,two_ankles,accepted,2.273991584777832,10.502230644226074,0.08342856031198816
350,11.666666666666666,detected,4,1,0.9272946715354919,ankle_midpoint,1275.989501953125,873.85693359375,0.9883764386177063,0.9465407133102417,4.865375518798828,10.587203025817871,4.859463157401702,10.776134950006169,0.0,0,two_ankles,accepted,4.865375518798828,10.587203025817871,0.15964433807524542
351,11.7,detected,1,5,0.885818362236023,ankle_midpoint,1077.03173828125,610.8176879882812,0.9910295009613037,0.9945145845413208,4.022824287414551,2.0783920288085938,4.0418173799030805,2.0678286401745742,0.0,0,two_ankles,accepted,4.022824287414551,2.0783920288085938,0.005024093456657139
351,11.7,detected,2,59,0.828006386756897,ankle_midpoint,1185.922119140625,566.524169921875,0.9660397171974182,0.9674106240272522,5.147775173187256,-0.3067456781864166,5.0666133968865745,-0.3038024863938488,0.0,0,two_ankles,accepted,5.147775173187256,-0.3067456781864166,0.05027596964718126
351,11.7,detected,3,2,0.933900773525238,ankle_midpoint,834.7531127929688,865.272705078125,0.987265944480896,0.9863787889480591,2.292783260345459,10.45561695098877,2.295081460022982,10.52107964270023,0.0,0,two_ankles,accepted,2.292783260345459,10.45561695098877,0.050258964054788205
351,11.7,detected,4,1,0.9189105033874512,ankle_midpoint,1268.774169921875,866.3538818359375,0.9974347949028015,0.9839665293693542,4.8401408195495605,10.423970222473145,4.850768105368239,10.617660822616308,0.0,0,two_ankles,accepted,4.8401408195495605,10.423970222473145,0.16517184425312675
352,11.733333333333333,detected,1,5,0.8865754008293152,ankle_midpoint,1077.014404296875,610.684326171875,0.9907644987106323,0.993109941482544,4.022912502288818,2.07190203666687,4.033310184976663,2.0696616685961073,0.0,0,two_ankles,accepted,4.022912502288818,2.07190203666687,0.006490591642036692
352,11.733333333333333,detected,2,59,0.8389408588409424,ankle_midpoint,1193.080810546875,563.4808959960938,0.972575306892395,0.973362147808075,5.229684829711914,-0.4868929982185364,5.139995541657978,-0.38619321671495827,0.0,0,two_ankles,accepted,5.229684829711914,-0.4868929982185364,0.19789453945660668
352,11.733333333333333,detected,3,2,0.9301913380622864,ankle_midpoint,831.6489868164062,864.02783203125,0.9865816831588745,0.9853299856185913,2.273294448852539,10.428536415100098,2.285277304996283,10.47943519028017,0.0,0,two_ankles,accepted,2.273294448852539,10.428536415100098,0.03336419034570168
352,11.733333333333333,detected,4,1,0.9306564927101135,ankle_midpoint,1269.707763671875,867.8319091796875,0.986477255821228,0.9533056020736694,4.842288970947266,10.45643424987793,4.846952494878801,10.545108864884039,0.0,0,two_ankles,accepted,4.842288970947266,10.45643424987793,0.03253502158852986
353,11.766666666666667,detected,1,5,0.8833678960800171,ankle_midpoint,1078.294189453125,611.82421875,0.9785844683647156,0.9823350310325623,4.032012462615967,2.1269960403442383,4.03272620991435,2.0954621358827663,0.0,0,two_ankles,accepted,4.032012462615967,2.1269960403442383,0.05584047384431415
353,11.766666666666667,detected,2,59,0.8499248623847961,ankle_midpoint,1198.435791015625,564.1605224609375,0.9857746362686157,0.9884597063064575,5.277978420257568,-0.4484168589115143,5.202087837027794,-0.4141938557034085,0.0,0,two_ankles,accepted,5.277978420257568,-0.4484168589115143,0.0617469366346597
353,11.766666666666667,detected,3,2,0.9311397075653076,ankle_midpoint,829.72265625,863.8919067382812,0.9881716370582581,0.9875859022140503,2.2618374824523926,10.425777435302734,2.2747293848515326,10.455289200540324,0.0,0,two_ankles,accepted,2.2618374824523926,10.425777435302734,0.011784483383515131
353,11.766666666666667,detected,4,1,0.9170812964439392,ankle_midpoint,1256.4019775390625,862.8783569335938,0.9921866655349731,0.9751331210136414,4.774982929229736,10.348456382751465,4.814566190336722,10.456615247924383,0.0,0,two_ankles,accepted,4.774982929229736,10.348456382751465,0.12723727064371623
354,11.8,detected,1,5,0.8849810361862183,ankle_midpoint,1077.44189453125,613.080078125,0.9829769134521484,0.9839336276054382,4.022342205047607,2.1879608631134033,4.028053407724316,2.137086563136553,0.0,0,two_ankles,accepted,4.022342205047607,2.1879608631134033,0.061727007838660995
354,11.8,detected,2,59,0.8323543071746826,ankle_midpoint,1201.6865234375,563.2928466796875,0.986770510673523,0.9890409111976624,5.313201904296875,-0.5004023313522339,5.252089167298881,-0.45298766974537996,0.0,0,two_ankles,accepted,5.313201904296875,-0.5004023313522339,0.0627947702659394
354,11.8,detected,3,2,0.9312483668327332,ankle_midpoint,828.4580078125,863.9146728515625,0.9885355830192566,0.9877545237541199,2.254432201385498,10.426443099975586,2.2655956522918173,10.442308455286193,0.0,0,two_ankles,accepted,2.254432201385498,10.426443099975586,0.007435139348821189
354,11.8,detected,4,1,0.9055641293525696,ankle_midpoint,1247.1806640625,871.745361328125,0.9942799806594849,0.983939528465271,4.702035903930664,10.544968605041504,4.763927561453996,10.496374258627089,0.0,0,two_ankles,accepted,4.702035903930664,10.544968605041504,0.20961469893438583
355,11.833333333333334,detected,1,5,0.8858534693717957,ankle_midpoint,1077.3978271484375,612.8175048828125,0.9859177470207214,0.9865778684616089,4.0224289894104,2.1752917766571045,4.025522419483055,2.1542789092208015,0.0,0,two_ankles,accepted,4.0224289894104,2.1752917766571045,0.012669383693092564
355,11.833333333333334,detected,2,59,0.8214817047119141,ankle_midpoint,1206.718505859375,564.8560791015625,0.9831717014312744,0.9859719276428223,5.354099750518799,-0.40993496775627136,5.297993929747845,-0.4336139538502811,0.0,0,two_ankles,accepted,5.354099750518799,-0.40993496775627136,0.09928231313580589
355,11.833333333333334,detected,3,2,0.9302422404289246,ankle_midpoint,825.8653564453125,863.1803588867188,0.9805936217308044,0.9784723520278931,2.238409996032715,10.4105224609375,2.2533621069752217,10.428004757829282,0.0,0,two_ankles,accepted,2.238409996032715,10.4105224609375,0.022587116056455296
355,11.833333333333334,detected,4,1,0.9008089900016785,ankle_midpoint,1239.3427734375,865.9775390625,0.9783710241317749,0.955120861530304,4.667956352233887,10.419422149658203,4.720740517304947,10.46174580959109,0.0,0,two_ankles,accepted,4.667956352233887,10.419422149658203,0.1300896933010623
356,11.866666666666667,detected,1,5,0.8869775533676147,ankle_midpoint,1076.378173828125,612.8294677734375,0.9861868619918823,0.9864999651908875,4.013546943664551,2.1761136054992676,4.0201334553647285,2.1641045225461113,0.0,0,two_ankles,accepted,4.013546943664551,2.1761136054992676,0.008919985385479971
356,11.866666666666667,detected,2,59,0.8416590690612793,ankle_midpoint,1208.908203125,564.8945922851562,0.979444682598114,0.9830052256584167,5.374884605407715,-0.40829282999038696,5.332594733794787,-0.4222194481133288,0.0,0,two_ankles,accepted,5.374884605407715,-0.40829282999038696,0.020849623718317792
356,11.866666666666667,detected,3,2,0.9301497936248779,ankle_midpoint,822.8840942382812,862.5408935546875,0.990736186504364,0.9899625182151794,2.2201757431030273,10.396726608276367,2.2384282432327343,10.413929590530472,0.0,0,two_ankles,accepted,2.2201757431030273,10.396726608276367,0.02286511601876322
356,11.866666666666667,detected,4,1,0.9247063994407654,ankle_midpoint,1215.3916015625,848.8687744140625,0.9909065961837769,0.9764400124549866,4.559633255004883,10.035996437072754,4.6796332689221325,10.425262573058987,0.0,0,two_ankles,corrected_motion_outlier,4.629391076454248,10.380671950630859,0.39843339526819754
357,11.9,detected,1,5,0.8897666931152344,ankle_midpoint,1075.36962890625,612.416259765625,0.9860003590583801,0.9864502549171448,4.0055084228515625,2.156376600265503,4.0135521907338045,2.160626957519838,0.0,0,two_ankles,accepted,4.0055084228515625,2.156376600265503,0.021311198756956373
357,11.9,detected,2,59,0.8367682695388794,ankle_midpoint,1209.2158203125,565.5048828125,0.9793922305107117,0.9826918840408325,5.374906539916992,-0.3726731836795807,5.351635046549779,-0.39992362911814217,0.0,0,two_ankles,accepted,5.374906539916992,-0.3726731836795807,0.03561965306441982
357,11.9,detected,3,2,0.9319422841072083,ankle_midpoint,821.640625,862.1656494140625,0.9910545945167542,0.9899395108222961,2.2124404907226562,10.388555526733398,2.2267337546031993,10.40251126182179,0.0,0,two_ankles,accepted,2.2124404907226562,10.388555526733398,0.011251697781663052
357,11.9,detected,4,1,0.9151377081871033,ankle_midpoint,1204.609375,843.7601318359375,0.9826991558074951,0.9629179239273071,4.504382610321045,9.918652534484863,4.600770472551643,10.197288055700632,0.0,0,two_ankles,accepted,4.504382610321045,9.918652534484863,0.2634039561795835
358,11.933333333333334,detected,1,5,0.8820602297782898,ankle_midpoint,1073.513671875,613.7515869140625,0.9851289987564087,0.9838210344314575,3.9870686531066895,2.2212677001953125,4.001634598801603,2.1879152917238014,0.0,0,two_ankles,accepted,3.9870686531066895,2.2212677001953125,0.06746021018603832
358,11.933333333333334,detected,2,59,0.8630346655845642,ankle_midpoint,1211.043212890625,566.4569091796875,0.9806047677993774,0.9808441996574402,5.387802600860596,-0.3176642656326294,5.367910445989647,-0.3629069155496614,0.0,0,two_ankles,accepted,5.387802600860596,-0.3176642656326294,0.05650034913659684
358,11.933333333333334,detected,3,2,0.9306207299232483,ankle_midpoint,821.373291015625,862.1695556640625,0.9915019273757935,0.9904198050498962,2.2108709812164307,10.388676643371582,2.2195955065791537,10.396285683519197,0.0,0,two_ankles,accepted,2.2108709812164307,10.388676643371582,0.0015741757621617028
358,11.933333333333334,detected,4,1,0.915403425693512,ankle_midpoint,1195.98681640625,841.336669921875,0.9945333003997803,0.9862809181213379,4.456627368927002,9.862906455993652,4.535906075920554,10.046816335832492,0.0,0,two_ankles,accepted,4.456627368927002,9.862906455993652,0.07340428017324034
359,11.966666666666667,detected,1,5,0.8776922821998596,ankle_midpoint,1070.7757568359375,613.0433959960938,0.9829730987548828,0.9822140336036682,3.964505910873413,2.1877832412719727,3.9849266892339177,2.1878558690204786,0.0,0,two_ankles,accepted,3.964505910873413,2.1877832412719727,0.04037680431230419
359,11.966666666666667,detected,2,59,0.853892982006073,ankle_midpoint,1213.5384521484375,566.8892822265625,0.9783282279968262,0.9796905517578125,5.409523963928223,-0.29321664571762085,5.386636529062006,-0.33154629412524317,0.0,0,two_ankles,accepted,5.409523963928223,-0.29321664571762085,0.03270326792576532
359,11.966666666666667,detected,3,2,0.9304934740066528,ankle_midpoint,821.3137817382812,861.1329956054688,0.9810811877250671,0.9783274531364441,2.2093610763549805,10.365631103515625,2.214990012978276,10.38249112251759,0.0,0,two_ankles,accepted,2.2093610763549805,10.365631103515625,0.023094950096138656
359,11.966666666666667,detected,4,1,0.897287130355835,ankle_midpoint,1193.637451171875,834.4983520507812,0.9927937984466553,0.9775066375732422,4.4548187255859375,9.700685501098633,4.4994167682699775,9.891057460202255,0.0,0,two_ankles,accepted,4.4548187255859375,9.700685501098633,0.1622310370976748
360,12.0,detected,1,5,0.8841780424118042,ankle_midpoint,1067.8690185546875,612.058349609375,0.9845913648605347,0.984916090965271,3.9408674240112305,2.1408445835113525,3.9651000198837085,2.166700790541372,0.0,0,two_ankles,accepted,3.9408674240112305,2.1408445835113525,0.05255488229938493
360,12.0,detected,2,59,0.8510881066322327,ankle_midpoint,1215.3096923828125,567.4036865234375,0.9840187430381775,0.9850888848304749,5.423908710479736,-0.26385393738746643,5.403409010699985,-0.30108473359324367,0.0,0,two_ankles,accepted,5.423908710479736,-0.26385393738746643,0.03269693523608909
360,12.0,detected,3,2,0.9303357005119324,ankle_midpoint,822.1549072265625,861.483154296875,0.9923068881034851,0.992009162902832,2.214709520339966,10.373316764831543,2.2148637912910365,10.37836266155887,0.0,0,two_ankles,accepted,2.214709520339966,10.373316764831543,0.009363505909835477
360,12.0,detected,4,1,0.9087899923324585,ankle_midpoint,1191.71826171875,838.1064453125,0.9909330606460571,0.972802460193634,4.436526775360107,9.787073135375977,4.471116271460536,9.84426451403043,0.0,0,two_ankles,accepted,4.436526775360107,9.787073135375977,0.08830299428162298
361,12.033333333333333,detected,1,5,0.900122880935669,ankle_midpoint,1062.68994140625,612.1664428710938,0.9876595139503479,0.9877530336380005,3.8956351280212402,2.1473212242126465,3.9338408185455984,2.1579799856934456,0.0,0,two_ankles,accepted,3.8956351280212402,2.1473212242126465,0.045693626199938914
361,12.033333333333333,detected,2,59,0.8688480257987976,ankle_midpoint,1215.6239013671875,566.88037109375,0.9750688672065735,0.977657675743103,5.429455757141113,-0.29431527853012085,5.415130046598493,-0.2980384788148384,0.0,0,two_ankles,accepted,5.429455757141113,-0.29431527853012085,0.03096228400607203
361,12.033333333333333,detected,3,2,0.9307732582092285,ankle_midpoint,823.51123046875,860.6138916015625,0.9922081828117371,0.9919722080230713,2.2217421531677246,10.353778839111328,2.2179590541355463,10.367299941457478,0.0,0,two_ankles,accepted,2.2217421531677246,10.353778839111328,0.020765078038348504
361,12.033333333333333,detected,4,1,0.9135906100273132,ankle_midpoint,1187.3800048828125,833.5579833984375,0.9833942651748657,0.9687542915344238,4.418182849884033,9.678956985473633,4.44729623175111,9.769876126179872,0.0,0,two_ankles,accepted,4.418182849884033,9.678956985473633,0.10966130343734672
362,12.066666666666666,detected,1,5,0.8887903690338135,ankle_midpoint,1056.6787109375,613.5750732421875,0.9888269901275635,0.9889748096466064,3.841306686401367,2.216783285140991,3.8922004590806942,2.1844414704448414,0.0,0,two_ankles,accepted,3.841306686401367,2.216783285140991,0.08818479164378078
362,12.066666666666666,detected,2,59,0.8369682431221008,ankle_midpoint,1215.1790771484375,565.5782470703125,0.9762266278266907,0.9790529608726501,5.43157958984375,-0.3700554668903351,5.422532341058859,-0.33044612344881197,0.0,0,two_ankles,accepted,5.43157958984375,-0.3700554668903351,0.07576995973464365
362,12.066666666666666,detected,3,2,0.9264528155326843,ankle_midpoint,824.765380859375,860.0452880859375,0.9916028380393982,0.9924271702766418,2.2285170555114746,10.340928077697754,2.222710154754714,10.355432602765603,0.0,0,two_ankles,accepted,2.2285170555114746,10.340928077697754,0.014527263013932023
362,12.066666666666666,detected,4,1,0.8998497128486633,ankle_midpoint,1185.464111328125,829.7193603515625,0.9894468784332275,0.9819769859313965,4.413283348083496,9.586448669433594,4.431990434100684,9.687333770644047,0.0,0,two_ankles,accepted,4.413283348083496,9.586448669433594,0.09263797091072977
363,12.1,detected,1,5,0.8888539671897888,ankle_midpoint,1053.734130859375,613.397216796875,0.9885916113853455,0.9891945123672485,3.816009521484375,2.2089173793792725,3.857914537162351,2.195455629465336,0.0,0,two_ankles,accepted,3.816009521484375,2.2089173793792725,0.026491867172582242
363,12.1,detected,2,59,0.8537409901618958,ankle_midpoint,1214.0919189453125,566.2154541015625,0.9830833673477173,0.9860197305679321,5.41807746887207,-0.3325757384300232,5.420527648574804,-0.331404450190357,0.0,0,two_ankles,accepted,5.41807746887207,-0.3325757384300232,0.0398376369303274
363,12.1,detected,3,2,0.9266031980514526,ankle_midpoint,825.5640869140625,860.0556640625,0.9930397272109985,0.9944337010383606,2.233243465423584,10.341055870056152,2.227450144555706,10.348963073046352,0.0,0,two_ankles,accepted,2.233243465423584,10.341055870056152,0.0047281372171449065
363,12.1,detected,4,1,0.9108765125274658,ankle_midpoint,1184.3104248046875,830.4783935546875,0.9928679466247559,0.980176568031311,4.404821395874023,9.605027198791504,4.419764366898687,9.650295813310404,0.0,0,two_ankles,accepted,4.404821395874023,9.605027198791504,0.020414857048192347
364,12.133333333333333,detected,1,5,0.8937699198722839,ankle_midpoint,1047.85400390625,612.189453125,0.9877031445503235,0.9870714545249939,3.766554832458496,2.151989221572876,3.8168026700456164,2.175895745913729,0.0,0,two_ankles,accepted,3.766554832458496,2.151989221572876,0.07540942525889166
364,12.133333333333333,detected,2,59,0.8422719836235046,ankle_midpoint,1211.9576416015625,565.2778930664062,0.9733836054801941,0.9746221303939819,5.402227878570557,-0.38671085238456726,5.412292752072894,-0.35629233117775166,0.0,0,two_ankles,accepted,5.402227878570557,-0.38671085238456726,0.056407624268331916
364,12.133333333333333,detected,3,2,0.9256190657615662,ankle_midpoint,828.245849609375,859.8155517578125,0.9941307902336121,0.9960386753082275,2.2488181591033936,10.335345268249512,2.2370657511021657,10.342835060887776,0.0,0,two_ankles,accepted,2.2488181591033936,10.335345268249512,0.016588612244968153
364,12.133333333333333,detected,4,1,0.9005897641181946,ankle_midpoint,1178.626953125,824.430419921875,0.9941773414611816,0.9791601300239563,4.380398273468018,9.458000183105469,4.402049624854886,9.563762779718184,0.0,0,two_ankles,accepted,4.380398273468018,9.458000183105469,0.1490417131195169
365,12.166666666666666,detected,1,5,0.9004169702529907,ankle_midpoint,1042.455078125,610.2681884765625,0.9885314702987671,0.9900593161582947,3.7219431400299072,2.059945821762085,3.774115881538547,2.1237182800454892,0.0,0,two_ankles,accepted,3.7219431400299072,2.059945821762085,0.10228485005156988
365,12.166666666666666,detected,2,59,0.845878541469574,ankle_midpoint,1208.4776611328125,562.5357666015625,0.964316189289093,0.9651223421096802,5.382098197937012,-0.5470362305641174,5.3987052027117475,-0.4421270859016163,0.0,0,two_ankles,accepted,5.382098197937012,-0.5470362305641174,0.16158412957597135
365,12.166666666666666,detected,3,2,0.9264403581619263,ankle_midpoint,832.3817749023438,860.1083984375,0.987761378288269,0.9907296299934387,2.2735471725463867,10.341353416442871,2.2534823907520654,10.34216832088757,0.0,0,two_ankles,accepted,2.2735471725463867,10.341353416442871,0.025448417447399438
365,12.166666666666666,detected,4,1,0.8608675003051758,ankle_midpoint,1173.7608642578125,817.9927978515625,0.9943978786468506,0.9802750945091248,4.361369609832764,9.298674583435059,4.383743618094931,9.444473091390778,0.0,0,two_ankles,accepted,4.361369609832764,9.298674583435059,0.16045789712594216
366,12.2,detected,1,5,0.8999367356300354,ankle_midpoint,1040.1922607421875,611.699951171875,0.9896034002304077,0.9903506636619568,3.700498342514038,2.1301095485687256,3.740987988977518,2.1265943508809455,0.0,0,two_ankles,accepted,3.700498342514038,2.1301095485687256,0.0733677579042288
366,12.2,detected,2,59,0.8492887020111084,ankle_midpoint,1205.635009765625,562.0449829101562,0.9791146516799927,0.9781895279884338,5.3570876121521,-0.5752963423728943,5.379977286959907,-0.5020532513136915,0.0,0,two_ankles,accepted,5.3570876121521,-0.5752963423728943,0.037738088461778466
366,12.2,detected,3,2,0.9253844022750854,ankle_midpoint,834.371337890625,859.9296264648438,0.9872976541519165,0.990237295627594,2.285109043121338,10.337103843688965,2.2677143843182384,10.339889306148198,0.0,0,two_ankles,accepted,2.285109043121338,10.337103843688965,0.012318105364976552
366,12.2,detected,4,1,0.8907542824745178,ankle_midpoint,1171.176513671875,817.748046875,0.9911655783653259,0.9740392565727234,4.3456130027771,9.292901039123535,4.366584841201907,9.37626566787052,0.0,0,two_ankles,accepted,4.3456130027771,9.292901039123535,0.016781075049701884
367,12.233333333333333,detected,1,5,0.900120198726654,ankle_midpoint,1033.2276611328125,615.8170166015625,0.9846614003181458,0.9876179695129395,3.6355276107788086,2.3298542499542236,3.6935308187880995,2.218061305463921,0.0,0,two_ankles,accepted,3.6355276107788086,2.3298542499542236,0.2100455705645633
367,12.233333333333333,detected,2,59,0.8479249477386475,ankle_midpoint,1200.48974609375,561.4576416015625,0.9804023504257202,0.9791664481163025,5.310277462005615,-0.6086969375610352,5.348612365730476,-0.5500429101249962,0.0,0,two_ankles,accepted,5.310277462005615,-0.6086969375610352,0.05750469472711311
367,12.233333333333333,detected,3,2,0.9231935143470764,ankle_midpoint,837.7308959960938,858.56494140625,0.9857528805732727,0.989321231842041,2.303581714630127,10.306123733520508,2.283854682958588,10.324694798465739,0.0,0,two_ankles,accepted,2.303581714630127,10.306123733520508,0.03606947211592321
367,12.233333333333333,detected,4,1,0.8704373240470886,ankle_midpoint,1166.4658203125,806.7885131835938,0.9857330322265625,0.9515777826309204,4.334907531738281,9.014440536499023,4.352330051943276,9.213444358753346,0.0,0,two_ankles,accepted,4.334907531738281,9.014440536499023,0.2786662136536446
368,12.266666666666667,detected,1,5,0.8848994374275208,ankle_midpoint,1028.34619140625,618.5985107421875,0.9885575771331787,0.9910484552383423,3.5906903743743896,2.4630889892578125,3.6472526188019305,2.328323763171172,0.0,0,two_ankles,accepted,3.5906903743743896,2.4630889892578125,0.14057693098684806
368,12.266666666666667,detected,2,59,0.8529806733131409,ankle_midpoint,1194.5133056640625,563.6788940429688,0.9758427739143372,0.9752717614173889,5.2425432205200195,-0.47563666105270386,5.300881250385771,-0.5165600980424647,0.0,0,two_ankles,accepted,5.2425432205200195,-0.47563666105270386,0.1493082872921077
368,12.266666666666667,detected,3,2,0.919283390045166,ankle_midpoint,840.1781616210938,858.1148681640625,0.9927841424942017,0.9940662384033203,2.317615270614624,10.295708656311035,2.2990469474038044,10.311651034496123,0.0,0,two_ankles,accepted,2.317615270614624,10.295708656311035,0.01747611303606412
368,12.266666666666667,detected,4,1,0.8936932682991028,ankle_midpoint,1163.47412109375,793.1554565429688,0.9823595881462097,0.9556873440742493,4.339713096618652,8.655600547790527,4.337691384475178,9.05901753508608,0.0,0,two_ankles,corrected_motion_outlier,4.319799679791947,8.870273639492751,0.35887216519275084
369,12.3,detected,1,5,0.8728934526443481,ankle_midpoint,1026.4720458984375,619.4304809570312,0.9865791201591492,0.98819899559021,3.573819160461426,2.5027666091918945,3.614207562548703,2.4068230438804976,0.0,0,two_ankles,accepted,3.573819160461426,2.5027666091918945,0.0431155584740642
369,12.3,detected,2,59,0.8615280985832214,ankle_midpoint,1191.708984375,565.4820556640625,0.975164532661438,0.9697536826133728,5.207598686218262,-0.3691079616546631,5.258904096510392,-0.450206636667954,0.0,0,two_ankles,accepted,5.207598686218262,-0.3691079616546631,0.11211371135148841
369,12.3,detected,3,2,0.9214749932289124,ankle_midpoint,842.0160522460938,857.6689453125,0.9855327010154724,0.9885728359222412,2.3280606269836426,10.285453796386719,2.3121031032147314,10.299862277346891,0.0,0,two_ankles,accepted,2.3280606269836426,10.285453796386719,0.014637883103206802
369,12.3,detected,4,1,0.906108558177948,ankle_midpoint,1162.936767578125,791.360595703125,0.9846792817115784,0.9692064523696899,4.339427471160889,8.607346534729004,4.3384726234837485,8.855765584925395,0.0,0,two_ankles,accepted,4.339427471160889,8.607346534729004,0.20355954665006054
370,12.333333333333334,detected,1,5,0.8360563516616821,ankle_midpoint,1025.952880859375,620.923583984375,0.9822563529014587,0.9911373853683472,3.568000316619873,2.573000192642212,3.59341430188073,2.481602760823269,0.0,0,two_ankles,accepted,3.568000316619873,2.573000192642212,0.07047421647613453
370,12.333333333333334,detected,2,59,0.8068976402282715,ankle_midpoint,1187.3251953125,566.3394775390625,0.9761398434638977,0.9674802422523499,5.161961078643799,-0.31788328289985657,5.215279738470425,-0.3906611274723102,0.0,0,two_ankles,accepted,5.161961078643799,-0.31788328289985657,0.06860582292089935
370,12.333333333333334,detected,3,2,0.9231593012809753,ankle_midpoint,843.0509033203125,856.502197265625,0.9878153800964355,0.9910224676132202,2.3330633640289307,10.259056091308594,2.3215352205811213,10.281499493629658,0.0,0,two_ankles,accepted,2.3330633640289307,10.259056091308594,0.026867568020495718
370,12.333333333333334,detected,4,1,0.9056648015975952,ankle_midpoint,1155.47802734375,783.9772338867188,0.9878993630409241,0.966250479221344,4.3037824630737305,8.407042503356934,4.322862051299241,8.653840198219587,0.0,0,two_ankles,accepted,4.3037824630737305,8.407042503356934,0.20345090706466978
371,12.366666666666667,detected,1,5,0.8180875182151794,ankle_midpoint,1021.8820190429688,622.5781860351562,0.978536069393158,0.9897693395614624,3.531785011291504,2.6511847972869873,3.5656811211155786,2.5579146772319423,0.0,0,two_ankles,accepted,3.531785011291504,2.6511847972869873,0.08616484633240423
371,12.366666666666667,detected,2,59,0.8241973519325256,ankle_midpoint,1184.165283203125,566.357177734375,0.9850780963897705,0.9816142320632935,5.13172721862793,-0.31597161293029785,5.1776811045413025,-0.35705084592840464,0.0,0,two_ankles,accepted,5.13172721862793,-0.31597161293029785,0.03029423663886719
371,12.366666666666667,detected,3,2,0.924578070640564,ankle_midpoint,845.779052734375,856.1409912109375,0.988593578338623,0.991599440574646,2.3489034175872803,10.250555038452148,2.3338509092338926,10.267574488799779,0.0,0,two_ankles,accepted,2.3489034175872803,10.250555038452148,0.017977074189073735
371,12.366666666666667,detected,4,1,0.901929497718811,ankle_midpoint,1151.223876953125,780.9149169921875,0.9957764744758606,0.9806134700775146,4.281124591827393,8.322898864746094,4.304080194536909,8.504916598156516,0.0,0,two_ankles,accepted,4.281124591827393,8.322898864746094,0.08714086898859365
372,12.4,detected,1,5,0.8370460867881775,ankle_midpoint,1017.0813598632812,624.217529296875,0.9723680019378662,0.9899716377258301,3.4896018505096436,2.7283482551574707,3.531445449342908,2.63460978729843,0.0,0,two_ankles,accepted,3.4896018505096436,2.7283482551574707,0.08794099319474478
372,12.4,detected,2,59,0.8227583765983582,ankle_midpoint,1183.715087890625,566.949462890625,0.9858389496803284,0.9832426309585571,5.124910354614258,-0.28141728043556213,5.153934267074133,-0.32301574145662554,0.0,0,two_ankles,accepted,5.124910354614258,-0.28141728043556213,0.03522032835079258
372,12.4,detected,3,2,0.921819806098938,ankle_midpoint,847.8314208984375,856.5732421875,0.9895076155662537,0.9921777844429016,2.361485242843628,10.26003646850586,2.346286359358274,10.264182379667517,0.0,0,two_ankles,accepted,2.361485242843628,10.26003646850586,0.015754359480622523
372,12.4,detected,4,1,0.8987841606140137,ankle_midpoint,1146.3330078125,786.624267578125,0.9915269017219543,0.9557860493659973,4.239353179931641,8.481125831604004,4.274953037964538,8.494210753207886,0.0,0,two_ankles,accepted,4.239353179931641,8.481125831604004,0.16364786553089766
373,12.433333333333334,detected,1,5,0.8671208024024963,ankle_midpoint,1016.1763305664062,629.138427734375,0.9680064916610718,0.9860382676124573,3.4782676696777344,2.954085350036621,3.5075154484935798,2.7783737905306163,0.0,0,two_ankles,accepted,3.4782676696777344,2.954085350036621,0.22602145840518983
373,12.433333333333334,detected,2,59,0.8127223253250122,ankle_midpoint,1185.55908203125,566.3516845703125,0.9798749089241028,0.9766383171081543,5.145052433013916,-0.31668010354042053,5.149937441747036,-0.3201647043943333,0.0,0,two_ankles,accepted,5.145052433013916,-0.31668010354042053,0.04060997433614694
373,12.433333333333334,detected,3,2,0.9200307130813599,ankle_midpoint,851.1612548828125,857.0497436523438,0.9892936944961548,0.9916960597038269,2.3816657066345215,10.27033805847168,2.3622070656325853,10.26695243512939,0.0,0,two_ankles,accepted,2.3816657066345215,10.27033805847168,0.02265775528686493
373,12.433333333333334,detected,4,1,0.9087790846824646,ankle_midpoint,1142.9312744140625,787.996337890625,0.9857946634292603,0.9332472085952759,4.21488618850708,8.519103050231934,4.247922955708682,8.505412286868708,0.0,0,two_ankles,accepted,4.21488618850708,8.519103050231934,0.045176352266236466
374,12.466666666666667,detected,1,5,0.8570138812065125,ankle_midpoint,1019.4652099609375,629.859619140625,0.9493874311447144,0.9623649716377258,3.5054056644439697,2.9860496520996094,3.5065660456712555,2.871827928236663,0.0,0,two_ankles,accepted,3.5054056644439697,2.9860496520996094,0.04193074488136568
374,12.466666666666667,detected,2,59,0.7758190035820007,ankle_midpoint,1184.42822265625,566.04443359375,0.9830841422080994,0.9794088006019592,5.1355743408203125,-0.3342588245868683,5.14347404633001,-0.32650705848097406,0.0,0,two_ankles,accepted,5.1355743408203125,-0.3342588245868683,0.019971120781249938
374,12.466666666666667,detected,3,2,0.9212779402732849,ankle_midpoint,854.1884765625,856.003173828125,0.990429162979126,0.9922494888305664,2.3986880779266357,10.246349334716797,2.3786235211649083,10.257681039943723,0.0,0,two_ankles,accepted,2.3986880779266357,10.246349334716797,0.029414622074653188
374,12.466666666666667,detected,4,1,0.904850959777832,ankle_midpoint,1131.7666015625,777.86865234375,0.9896831512451172,0.9463242292404175,4.157568454742432,8.240809440612793,4.207263430273869,8.386341006053547,0.0,0,two_ankles,accepted,4.157568454742432,8.240809440612793,0.28413492527101586
375,12.5,detected,1,5,0.8412237763404846,ankle_midpoint,1022.4505615234375,625.5958251953125,0.9527658820152283,0.9592573046684265,3.5340793132781982,2.7906978130340576,3.51894701609438,2.835319376395491,0.0,0,two_ankles,accepted,3.5340793132781982,2.7906978130340576,0.19744497756023546
375,12.5,detected,2,59,0.7997007966041565,ankle_midpoint,1183.26171875,565.052001953125,0.9767523407936096,0.9715521931648254,5.128668308258057,-0.39188745617866516,5.136811464197631,-0.35592823744493507,0.0,0,two_ankles,accepted,5.128668308258057,-0.39188745617866516,0.05804095506531562
375,12.5,detected,3,2,0.9234940409660339,ankle_midpoint,855.155517578125,855.7806396484375,0.9903801679611206,0.9921324849128723,2.404233455657959,10.24119758605957,2.3901479916867814,10.250263485695854,0.0,0,two_ankles,accepted,2.404233455657959,10.24119758605957,0.007569129963892244
375,12.5,detected,4,1,0.9019785523414612,ankle_midpoint,1125.249755859375,775.0487670898438,0.9958153367042542,0.9847508668899536,4.11865234375,8.162403106689453,4.167388441338128,8.285568951339705,0.0,0,two_ankles,accepted,4.11865234375,8.162403106689453,0.08753294747735581
376,12.533333333333333,detected,1,5,0.7900848984718323,ankle_midpoint,1025.719970703125,623.2764892578125,0.9578464031219482,0.9610501527786255,3.563880205154419,2.6827504634857178,3.5391669511713975,2.7666633655860933,0.0,0,two_ankles,accepted,3.563880205154419,2.6827504634857178,0.111985371505075
376,12.533333333333333,detected,2,59,0.8229828476905823,ankle_midpoint,1178.7939453125,563.4243774414062,0.9749858975410461,0.9693272113800049,5.092751502990723,-0.48619702458381653,5.116984481654523,-0.41454919165743176,0.0,0,two_ankles,accepted,5.092751502990723,-0.48619702458381653,0.100917350308941
376,12.533333333333333,detected,3,2,0.9237425923347473,ankle_midpoint,855.33447265625,857.011474609375,0.9895766973495483,0.9916251301765442,2.406369924545288,10.26893424987793,2.3974478614731094,10.258665329577788,0.0,0,two_ankles,accepted,2.406369924545288,10.26893424987793,0.027818824904715357
376,12.533333333333333,detected,4,1,0.8869895339012146,ankle_midpoint,1122.9678955078125,776.3748779296875,0.9949911236763,0.9855948686599731,4.1015167236328125,8.20018196105957,4.137746168370736,8.247144805713646,0.0,0,two_ankles,accepted,4.1015167236328125,8.20018196105957,0.04148338600354464
377,12.566666666666666,detected,1,5,0.840881884098053,ankle_midpoint,1025.613525390625,625.1026611328125,0.970651388168335,0.9730747938156128,3.561337947845459,2.7672548294067383,3.5491438996747253,2.7669295243053837,0.0,0,two_ankles,accepted,3.561337947845459,2.7672548294067383,0.08454259832734438
377,12.566666666666666,detected,2,59,0.8363324999809265,ankle_midpoint,1173.207763671875,560.99755859375,0.9742611646652222,0.9688171744346619,5.0491228103637695,-0.6283087134361267,5.086446729573685,-0.5107409764578446,0.0,0,two_ankles,accepted,5.0491228103637695,-0.6283087134361267,0.14865797970103378
377,12.566666666666666,detected,3,2,0.9220097661018372,ankle_midpoint,855.2316284179688,858.09765625,0.9887160658836365,0.9917156100273132,2.4067060947418213,10.293371200561523,2.40161406644403,10.27428297152047,0.0,0,two_ankles,accepted,2.4067060947418213,10.293371200561523,0.024439262859452825
377,12.566666666666666,detected,4,1,0.8979707956314087,ankle_midpoint,1121.58935546875,773.097412109375,0.9937228560447693,0.9793596267700195,4.097198486328125,8.107640266418457,4.119499711451561,8.184367763030812,0.0,0,two_ankles,accepted,4.097198486328125,8.107640266418457,0.09264238997601826
378,12.6,detected,1,5,0.8568726778030396,ankle_midpoint,1024.8701171875,626.7049560546875,0.976040244102478,0.9807629585266113,3.553621292114258,2.841078996658325,3.551158726272515,2.8002967868642075,0.0,0,two_ankles,accepted,3.553621292114258,2.841078996658325,0.07422637298200793
378,12.6,detected,2,59,0.8424451351165771,ankle_midpoint,1170.7430419921875,560.4725341796875,0.9682226181030273,0.9653693437576294,5.027490615844727,-0.658885657787323,5.059916478395654,-0.5774060830561099,0.0,0,two_ankles,accepted,5.027490615844727,-0.658885657787323,0.037455324929385775
378,12.6,detected,3,2,0.9209413528442383,ankle_midpoint,855.2340087890625,858.6321411132812,0.9883153438568115,0.9913457632064819,2.4071848392486572,10.305363655090332,2.4041209142061124,10.288269279126908,0.0,0,two_ankles,accepted,2.4071848392486572,10.305363655090332,0.012002006579250294
378,12.6,detected,4,1,0.9002124667167664,ankle_midpoint,1118.7119140625,771.6909790039062,0.9949453473091125,0.9812318682670593,4.0800628662109375,8.068015098571777,4.101753131093281,8.132009064024247,0.0,0,two_ankles,accepted,4.0800628662109375,8.068015098571777,0.043171557809257924
379,12.633333333333333,detected,1,5,0.8370298147201538,ankle_midpoint,1021.9188842773438,626.458251953125,0.9813924431800842,0.9878569841384888,3.5288538932800293,2.8304433822631836,3.5411215514258965,2.813862754793747,0.0,0,two_ankles,accepted,3.5288538932800293,2.8304433822631836,0.026954412228351175
379,12.633333333333333,detected,2,59,0.8673516511917114,ankle_midpoint,1164.3359375,561.4171142578125,0.9805800318717957,0.9717391133308411,4.961854934692383,-0.6008460521697998,5.015788783729182,-0.5879540691572703,0.0,0,two_ankles,accepted,4.961854934692383,-0.6008460521697998,0.08761642802905037
379,12.633333333333333,detected,3,2,0.9172102808952332,ankle_midpoint,854.7989501953125,859.3564453125,0.9873286485671997,0.9914692044258118,2.4052417278289795,10.321645736694336,2.4046252803364028,10.30328868503225,0.0,0,two_ankles,accepted,2.4052417278289795,10.321645736694336,0.016397617611980237
379,12.633333333333333,detected,4,1,0.8743817806243896,ankle_midpoint,1119.64208984375,768.1373291015625,0.9935200810432434,0.9852092862129211,4.091517925262451,7.965877532958984,4.097147288469408,8.05724987504488,0.0,0,two_ankles,accepted,4.091517925262451,7.965877532958984,0.10277791925886247
380,12.666666666666666,detected,1,5,0.8012591004371643,ankle_midpoint,1015.0267944335938,625.7243041992188,0.9854943752288818,0.9950077533721924,3.471043348312378,2.798313856124878,3.509586360024813,2.806865750392756,0.0,0,two_ankles,accepted,3.471043348312378,2.798313856124878,0.06613898668205394
380,12.666666666666666,detected,2,59,0.8312005996704102,ankle_midpoint,1157.603271484375,564.573974609375,0.9776866436004639,0.96950364112854,4.884975433349609,-0.41268810629844666,4.9569227760583745,-0.5090843858707996,0.0,0,two_ankles,accepted,4.884975433349609,-0.41268810629844666,0.20325813715873853
380,12.666666666666666,detected,3,2,0.9128195643424988,ankle_midpoint,854.8580932617188,859.6952514648438,0.9874860644340515,0.9917820692062378,2.405885934829712,10.329217910766602,2.405192574858392,10.314956836612708,0.0,0,two_ankles,accepted,2.405885934829712,10.329217910766602,0.007599527803783893
380,12.666666666666666,detected,4,1,0.8338361978530884,ankle_midpoint,1114.01904296875,762.1146850585938,0.9950562715530396,0.9914828538894653,4.062432765960693,7.791477680206299,4.081525753340487,7.937652387367519,0.0,0,two_ankles,accepted,4.062432765960693,7.791477680206299,0.1768085267507397
381,12.7,detected,1,5,0.8407021164894104,ankle_midpoint,1015.0548706054688,625.4127197265625,0.9713072776794434,0.9942334294319153,3.4715073108673096,2.7839691638946533,3.4924507879039366,2.7965622864686104,0.0,0,two_ankles,accepted,3.4715073108673096,2.7839691638946533,0.014352193436274644
381,12.7,detected,2,59,0.7986618280410767,ankle_midpoint,1154.5423583984375,566.8173217773438,0.9861559271812439,0.9799097776412964,4.847385406494141,-0.28096845746040344,4.907630959754469,-0.4064322180861214,0.0,0,two_ankles,accepted,4.847385406494141,-0.28096845746040344,0.13697837788867365
381,12.7,detected,3,2,0.9135968685150146,ankle_midpoint,855.4749145507812,860.3272705078125,0.9932482242584229,0.9942822456359863,2.4100754261016846,10.343259811401367,2.407389857917874,10.327693175267605,0.0,0,two_ankles,accepted,2.4100754261016846,10.343259811401367,0.014653559654724388
381,12.7,detected,4,1,0.8526063561439514,ankle_midpoint,1116.4315185546875,760.92041015625,0.9954118132591248,0.9873128533363342,4.080543518066406,7.755959987640381,4.081083747467151,7.855890807490307,0.0,0,two_ankles,accepted,4.080543518066406,7.755959987640381,0.039868607036635334
382,12.733333333333333,detected,1,5,0.8575029969215393,ankle_midpoint,1016.861572265625,625.7061767578125,0.9811687469482422,0.9948965907096863,3.4866089820861816,2.797058582305908,3.489821975285947,2.7967856195953944,0.0,0,two_ankles,accepted,3.4866089820861816,2.797058582305908,0.019984827943913035
382,12.733333333333333,detected,2,59,0.8291003704071045,ankle_midpoint,1149.836181640625,568.5732421875,0.9899148941040039,0.9808468222618103,4.79626989364624,-0.1780865341424942,4.8575184800057665,-0.3036766603114892,0.0,0,two_ankles,accepted,4.79626989364624,-0.1780865341424942,0.11488031075556868
382,12.733333333333333,detected,3,2,0.9119704365730286,ankle_midpoint,856.71240234375,859.7614135742188,0.9879833459854126,0.9899328947067261,2.4168970584869385,10.33045768737793,2.411668098173953,10.328937205717253,0.0,0,two_ankles,accepted,2.4168970584869385,10.33045768737793,0.01450617275200528
382,12.733333333333333,detected,4,1,0.8849910497665405,ankle_midpoint,1116.40478515625,759.2208862304688,0.9930101037025452,0.979688823223114,4.082887172698975,7.705755710601807,4.081895288821472,7.788330013890482,0.0,0,two_ankles,accepted,4.082887172698975,7.705755710601807,0.05025895094411213
383,12.766666666666667,detected,1,5,0.8547518253326416,ankle_midpoint,1013.6544799804688,627.8247680664062,0.9821509122848511,0.9947307109832764,3.4579403400421143,2.89485502243042,3.4754752394262227,2.840916850871156,0.0,0,two_ankles,accepted,3.4579403400421143,2.89485502243042,0.10191189693886614
383,12.766666666666667,detected,2,59,0.7967267036437988,ankle_midpoint,1143.7777099609375,569.4493408203125,0.9885209798812866,0.9757348299026489,4.735740661621094,-0.12601277232170105,4.802718461732664,-0.22372791071608455,0.0,0,two_ankles,accepted,4.735740661621094,-0.12601277232170105,0.07984650649666968
383,12.766666666666667,detected,3,2,0.9082264304161072,ankle_midpoint,856.8167724609375,860.2279663085938,0.9880291819572449,0.9900520443916321,2.4179115295410156,10.340868949890137,2.4144776422891314,10.33430649059505,0.0,0,two_ankles,accepted,2.4179115295410156,10.340868949890137,0.010460570664053079
383,12.766666666666667,detected,4,1,0.8858794569969177,ankle_midpoint,1113.072509765625,754.6444091796875,0.9944144487380981,0.9773692488670349,4.066923141479492,7.569828033447266,4.075157822517582,7.690004122691035,0.0,0,two_ankles,accepted,4.066923141479492,7.569828033447266,0.13686191475134982
384,12.8,detected,1,5,0.8481496572494507,ankle_midpoint,1011.776611328125,629.9608154296875,0.9832947850227356,0.9954894185066223,3.4406630992889404,2.9923763275146484,3.459809776364446,2.909073615360728,0.0,0,two_ankles,accepted,3.4406630992889404,2.9923763275146484,0.09903993130739897
384,12.8,detected,2,59,0.7582439184188843,ankle_midpoint,1141.628662109375,570.2998046875,0.9876002073287964,0.9763327240943909,4.712503910064697,-0.07667306065559387,4.76212191348208,-0.15755322818886375,0.0,0,two_ankles,accepted,4.712503910064697,-0.07667306065559387,0.05453763627247048
384,12.8,detected,3,2,0.9066101312637329,ankle_midpoint,856.3923950195312,860.428466796875,0.9881116151809692,0.9901386499404907,2.4155778884887695,10.345399856567383,2.4149727530789686,10.339298505282601,0.0,0,two_ankles,accepted,2.4155778884887695,10.345399856567383,0.005096567068001901
384,12.8,detected,4,1,0.86402428150177,ankle_midpoint,1118.059814453125,752.46044921875,0.9916810393333435,0.9724408984184265,4.104433059692383,7.503229141235352,4.0883316792462425,7.605955381035978,0.0,0,two_ankles,accepted,4.104433059692383,7.503229141235352,0.07643563572177503
385,12.833333333333334,detected,1,5,0.8506036400794983,ankle_midpoint,1008.8777465820312,632.34619140625,0.9799990653991699,0.9951654672622681,3.414815664291382,3.1005587577819824,3.4395624259315674,2.9952419294502928,0.0,0,two_ankles,accepted,3.414815664291382,3.1005587577819824,0.11122737124691744
385,12.833333333333334,detected,2,59,0.6984258890151978,ankle_midpoint,1139.57666015625,572.90234375,0.9743918776512146,0.9460377097129822,4.684473991394043,0.07200196385383606,4.727180348542463,-0.05425339176964884,0.0,0,two_ankles,accepted,4.684473991394043,0.07200196385383606,0.15129421421046835
385,12.833333333333334,detected,3,2,0.9102505445480347,ankle_midpoint,856.0413818359375,860.6529541015625,0.987905740737915,0.9906550049781799,2.413698673248291,10.350454330444336,2.414399417155164,10.344318626605382,0.0,0,two_ankles,accepted,2.413698673248291,10.350454330444336,0.005392509257557958
385,12.833333333333334,detected,4,1,0.8522197008132935,ankle_midpoint,1114.185302734375,752.9454345703125,0.9884430766105652,0.9748966097831726,4.0770792961120605,7.5185089111328125,4.083268106835861,7.566604469579554,0.0,0,two_ankles,accepted,4.0770792961120605,7.5185089111328125,0.03133208818651445
386,12.866666666666667,detected,1,5,0.8496278524398804,ankle_midpoint,1007.5430908203125,634.4146118164062,0.9839434623718262,0.9967395663261414,3.4024195671081543,3.1933393478393555,3.4228481394610317,3.0843857677253714,0.0,0,two_ankles,accepted,3.4024195671081543,3.1933393478393555,0.093605027198171
386,12.866666666666667,detected,2,59,0.660870373249054,ankle_midpoint,1136.842041015625,573.1044921875,0.9715877771377563,0.9459949135780334,4.658088207244873,0.0841849148273468,4.696088884958548,0.0080438461989992,0.0,0,two_ankles,accepted,4.658088207244873,0.0841849148273468,0.029062585906790075
386,12.866666666666667,detected,3,2,0.9132829308509827,ankle_midpoint,855.5137939453125,861.3942260742188,0.9867553114891052,0.9906692504882812,2.411223888397217,10.367042541503906,2.412970429214088,10.35454438830972,0.0,0,two_ankles,accepted,2.411223888397217,10.367042541503906,0.016771800923453546
386,12.866666666666667,detected,4,1,0.8606155514717102,ankle_midpoint,1112.955810546875,752.0953979492188,0.9885227680206299,0.9858713746070862,4.069896697998047,7.4930267333984375,4.077250972858845,7.533494488298052,0.0,0,two_ankles,accepted,4.069896697998047,7.4930267333984375,0.026475103356808822
387,12.9,detected,1,5,0.8616167902946472,ankle_midpoint,1005.6034545898438,635.7249755859375,0.9881200790405273,0.9977102279663086,3.385510206222534,3.2519991397857666,3.406046069503708,3.1598117851525496,0.0,0,two_ankles,accepted,3.385510206222534,3.2519991397857666,0.06104832247290977
387,12.9,detected,2,59,0.6957960724830627,ankle_midpoint,1135.84130859375,573.6410522460938,0.9690840840339661,0.9425049424171448,4.646950721740723,0.11476971954107285,4.673976711510527,0.05607048920293234,0.0,0,two_ankles,accepted,4.646950721740723,0.11476971954107285,0.032549560100436366
387,12.9,detected,3,2,0.9138794541358948,ankle_midpoint,855.3118896484375,861.8719482421875,0.9871417284011841,0.990738570690155,2.410444974899292,10.377697944641113,2.4118339747724296,10.364963488658848,0.0,0,two_ankles,accepted,2.410444974899292,10.377697944641113,0.010683834623095348
387,12.9,detected,4,1,0.8897005915641785,ankle_midpoint,1111.29443359375,751.3333740234375,0.989933431148529,0.9864126443862915,4.059593200683594,7.47022008895874,4.069304975379983,7.505021008595362,0.0,0,two_ankles,accepted,4.059593200683594,7.47022008895874,0.025026088138335102
388,12.933333333333334,detected,1,5,0.826076090335846,ankle_midpoint,1002.278564453125,637.0848388671875,0.9891709685325623,0.9982035160064697,3.3571572303771973,3.3128702640533447,3.3840460918967787,3.228688100657908,0.0,0,two_ankles,accepted,3.3571572303771973,3.3128702640533447,0.06715046544057009
388,12.933333333333334,detected,2,59,0.5957351326942444,ankle_midpoint,1135.491943359375,572.5404052734375,0.9580641984939575,0.9168771505355835,4.6472039222717285,0.05261348932981491,4.6619289563530675,0.0545148392600295,0.0,0,two_ankles,accepted,4.6472039222717285,0.05261348932981491,0.062156745929816785
388,12.933333333333334,detected,3,2,0.9122152328491211,ankle_midpoint,854.1544799804688,862.75927734375,0.9871610999107361,0.9906870722770691,2.4043972492218018,10.397555351257324,2.4084874482746472,10.379629826828163,0.0,0,two_ankles,accepted,2.4043972492218018,10.397555351257324,0.020757928205669095
388,12.933333333333334,detected,4,1,0.8912647366523743,ankle_midpoint,1109.681884765625,751.5419921875,0.9917418956756592,0.9877687096595764,4.048189163208008,7.476808071136475,4.059802859902594,7.492325186738864,0.0,0,two_ankles,accepted,4.048189163208008,7.476808071136475,0.013170177672253106
389,12.966666666666667,detected,1,5,0.8071961402893066,ankle_midpoint,999.93359375,637.1131591796875,0.9860883355140686,0.9978201389312744,3.3376801013946533,3.3146398067474365,3.3631813961708223,3.267366368398196,0.0,0,two_ankles,accepted,3.3376801013946533,3.3146398067474365,0.019557347334157232
389,12.966666666666667,detected,2,59,0.69398432970047,ankle_midpoint,1134.448486328125,570.629638671875,0.9682867527008057,0.9211974143981934,4.643515110015869,-0.05584128573536873,4.653642725501328,0.004854583012100299,0.0,0,two_ankles,accepted,4.643515110015869,-0.05584128573536873,0.10851748969773747
389,12.966666666666667,detected,3,2,0.9063855409622192,ankle_midpoint,852.6787719726562,863.4874267578125,0.986887514591217,0.9906954765319824,2.396352767944336,10.413883209228516,2.4030268421260073,10.395043848908323,0.0,0,two_ankles,accepted,2.396352767944336,10.413883209228516,0.018201995081608413
389,12.966666666666667,detected,4,1,0.8840482831001282,ankle_midpoint,1110.412841796875,750.9385986328125,0.990571141242981,0.9891723394393921,4.054102420806885,7.45838737487793,4.057237662309525,7.477053171401444,0.0,0,two_ankles,accepted,4.054102420806885,7.45838737487793,0.019346541450095078
390,13.0,detected,1,5,0.732426106929779,ankle_midpoint,995.8482055664062,634.5845947265625,0.9858949184417725,0.997829258441925,3.3048057556152344,3.2035233974456787,3.336912357920808,3.2386370314695636,0.0,0,two_ankles,accepted,3.3048057556152344,3.2035233974456787,0.1158774310491071
390,13.0,detected,2,59,0.6311279535293579,ankle_midpoint,1133.1845703125,568.1483154296875,0.9775707721710205,0.9165948033332825,4.639547348022461,-0.19798536598682404,4.6472998056358374,-0.08642339403741565,0.0,0,two_ankles,accepted,4.639547348022461,-0.19798536598682404,0.14219944685465025
390,13.0,detected,3,2,0.902970552444458,ankle_midpoint,853.5209350585938,862.4156494140625,0.9906603693962097,0.9942280054092407,2.40036940574646,10.390009880065918,2.401830995755211,10.39277856292924,0.0,0,two_ankles,accepted,2.40036940574646,10.390009880065918,0.024208866651274433
390,13.0,detected,4,1,0.8531097173690796,ankle_midpoint,1110.06884765625,751.046142578125,0.9902869462966919,0.9890994429588318,4.051575660705566,7.461708068847656,4.054689761587744,7.4701478752522394,0.0,0,two_ankles,accepted,4.051575660705566,7.461708068847656,0.004172711953896737
391,13.033333333333333,detected,1,5,0.786094069480896,ankle_midpoint,999.2647705078125,638.0177001953125,0.962665319442749,0.9938769936561584,3.3317153453826904,3.3546152114868164,3.3345737022786555,3.2908272124773275,0.0,0,two_ankles,accepted,3.3317153453826904,3.3546152114868164,0.15346941809915912
391,13.033333333333333,detected,2,59,0.6527801156044006,ankle_midpoint,1128.747314453125,566.4822998046875,0.9773165583610535,0.9490838646888733,4.6026458740234375,-0.293245792388916,4.6272055364102584,-0.17949347329559082,0.0,0,two_ankles,accepted,4.6026458740234375,-0.293245792388916,0.10215805216236744
391,13.033333333333333,detected,3,2,0.9024953842163086,ankle_midpoint,852.4984130859375,861.9027709960938,0.9793568849563599,0.9887784123420715,2.3938980102539062,10.378745079040527,2.398261152279624,10.38646349517932,0.0,0,two_ankles,accepted,2.3938980102539062,10.378745079040527,0.012991331793264544
391,13.033333333333333,detected,4,1,0.8987561464309692,ankle_midpoint,1109.456787109375,753.338623046875,0.9831437468528748,0.9843795895576477,4.044037818908691,7.531138896942139,4.04989638738217,7.497593835012694,0.0,0,two_ankles,accepted,4.044037818908691,7.531138896942139,0.0698388068973138
392,13.066666666666666,detected,1,5,0.7660281658172607,ankle_midpoint,998.4202880859375,636.845458984375,0.9688147902488708,0.9948315620422363,3.325239419937134,3.303163766860962,3.3303732752249706,3.296378661949963,0.0,0,two_ankles,accepted,3.325239419937134,3.303163766860962,0.05185738871620686
392,13.066666666666666,detected,2,59,0.7047135233879089,ankle_midpoint,1131.9381103515625,566.963623046875,0.9868448972702026,0.9580951929092407,4.631514072418213,-0.26618823409080505,4.629144377613838,-0.21850611565343725,0.0,0,two_ankles,accepted,4.631514072418213,-0.26618823409080505,0.039566201986238024
392,13.066666666666666,detected,3,2,0.8996150493621826,ankle_midpoint,851.5299072265625,862.3353271484375,0.9785772562026978,0.9883278012275696,2.3885772228240967,10.388482093811035,2.393903384024637,10.387371864563594,0.0,0,two_ankles,accepted,2.3885772228240967,10.388482093811035,0.011095955817968402
392,13.066666666666666,detected,4,1,0.899412214756012,ankle_midpoint,1106.7100830078125,754.3082275390625,0.9896043539047241,0.9871498346328735,4.023816108703613,7.560766696929932,4.03816026197682,7.526021622875452,0.0,0,two_ankles,accepted,4.023816108703613,7.560766696929932,0.035870936644236455
393,13.1,detected,1,5,0.8126145005226135,ankle_midpoint,998.7669067382812,636.3775634765625,0.977281391620636,0.9962514042854309,3.3283286094665527,3.282414197921753,3.3294531756336827,3.2900946531372686,0.0,0,two_ankles,accepted,3.3283286094665527,3.282414197921753,0.02097826740013717
393,13.1,detected,2,59,0.7788504958152771,ankle_midpoint,1130.34375,566.6076049804688,0.9895949959754944,0.9638928174972534,4.617465496063232,-0.2864099144935608,4.623888880916066,-0.24906282513149286,0.0,0,two_ankles,accepted,4.617465496063232,-0.2864099144935608,0.02462273047232804
393,13.1,detected,3,2,0.900447428226471,ankle_midpoint,850.800537109375,863.533203125,0.9786416292190552,0.9879756569862366,2.38535213470459,10.415138244628906,2.3900553218306158,10.399866735592985,0.0,0,two_ankles,accepted,2.38535213470459,10.415138244628906,0.02685054133166916
393,13.1,detected,4,1,0.8988910913467407,ankle_midpoint,1105.9931640625,754.594970703125,0.9882245063781738,0.9867523908615112,4.018500328063965,7.5694966316223145,4.0293132917160355,7.54558537681154,0.0,0,two_ankles,accepted,4.018500328063965,7.5694966316223145,0.010221021648647953
394,13.133333333333333,detected,1,5,0.8253284096717834,ankle_midpoint,999.7178955078125,632.5548706054688,0.9834566712379456,0.9973286390304565,3.3380260467529297,3.1119816303253174,3.333310967637344,3.209943792871891,0.0,0,two_ankles,accepted,3.3380260467529297,3.1119816303253174,0.17070823175065925
394,13.133333333333333,detected,2,59,0.8031822443008423,ankle_midpoint,1125.698486328125,569.3070068359375,0.9906848073005676,0.9632049798965454,4.564855098724365,-0.1291995495557785,4.597323678929801,-0.1951243511224214,0.0,0,two_ankles,accepted,4.564855098724365,-0.1291995495557785,0.16577983216309566
394,13.133333333333333,detected,3,2,0.9051404595375061,ankle_midpoint,849.6705932617188,864.7479858398438,0.9912892580032349,0.993364691734314,2.379800796508789,10.442136764526367,2.3854407854357937,10.418888248613008,0.0,0,two_ankles,accepted,2.379800796508789,10.442136764526367,0.02756333492917268
394,13.133333333333333,detected,4,1,0.9011074900627136,ankle_midpoint,1104.5277099609375,755.2603759765625,0.9862225651741028,0.9858137965202332,4.007538795471191,7.589693069458008,4.019514768405856,7.565433838502451,0.0,0,two_ankles,accepted,4.007538795471191,7.589693069458008,0.02297936678921899
395,13.166666666666666,detected,1,5,0.7458885908126831,ankle_midpoint,997.31396484375,631.10595703125,0.9736495018005371,0.9956150054931641,3.3185412883758545,3.0473830699920654,3.326664611969674,3.1367914675759696,0.0,0,two_ankles,accepted,3.3185412883758545,3.0473830699920654,0.0674731784203308
395,13.166666666666666,detected,2,59,0.7915807962417603,ankle_midpoint,1122.5693359375,572.011962890625,0.9899604320526123,0.9627785682678223,4.527104377746582,0.026157913729548454,4.565724993397353,-0.09554733193903497,0.0,0,two_ankles,accepted,4.527104377746582,0.026157913729548454,0.1598782609762633
395,13.166666666666666,detected,3,2,0.9029061198234558,ankle_midpoint,851.818359375,864.3424682617188,0.9876872897148132,0.9915047287940979,2.3920493125915527,10.432907104492188,2.3884146226558856,10.42519673375864,0.0,0,two_ankles,accepted,2.3920493125915527,10.432907104492188,0.015336647957629271
395,13.166666666666666,detected,4,1,0.8987482786178589,ankle_midpoint,1105.46826171875,756.879150390625,0.9767042398452759,0.9794122576713562,4.011722087860107,7.6379289627075195,4.016008062160269,7.598056644394733,0.0,0,two_ankles,accepted,4.011722087860107,7.6379289627075195,0.048416952948212806
396,13.2,detected,1,5,0.7240204215049744,ankle_midpoint,997.2026977539062,629.566650390625,0.9682567119598389,0.9942434430122375,3.3182811737060547,2.977825403213501,3.322892064751046,3.0652567386128586,0.0,0,two_ankles,accepted,3.3182811737060547,2.977825403213501,0.06955815313332618
396,13.2,detected,2,59,0.8155498504638672,ankle_midpoint,1119.315185546875,572.6005859375,0.9874292016029358,0.9606568217277527,4.494723320007324,0.060437630861997604,4.533774240371841,-0.025354098678570313,0.0,0,two_ankles,accepted,4.494723320007324,0.060437630861997604,0.04715540167355036
396,13.2,detected,3,2,0.9044848680496216,ankle_midpoint,851.7547607421875,864.0411376953125,0.9874138832092285,0.9911763668060303,2.3914098739624023,10.426254272460938,2.389762485743818,10.425672626174673,0.0,0,two_ankles,accepted,2.3914098739624023,10.426254272460938,0.0066834912879778436
396,13.2,detected,4,1,0.8960328698158264,ankle_midpoint,1105.609375,758.07080078125,0.9757746458053589,0.9794626832008362,4.011031627655029,7.6733784675598145,4.013768666632911,7.63195146481902,0.0,0,two_ankles,accepted,4.011031627655029,7.6733784675598145,0.03545622836072215
397,13.233333333333333,detected,1,5,0.7574390769004822,ankle_midpoint,995.208251953125,628.2262573242188,0.9171788692474365,0.9714933633804321,3.3020472526550293,2.917367458343506,3.3135118993078385,2.99870656249165,0.0,0,two_ankles,accepted,3.3020472526550293,2.917367458343506,0.06259954704783649
397,13.233333333333333,detected,2,59,0.8112671971321106,ankle_midpoint,1117.094482421875,576.2200927734375,0.9849885702133179,0.9590740203857422,4.463535785675049,0.26459574699401855,4.502166935758285,0.10512333187409467,0.0,0,two_ankles,accepted,4.463535785675049,0.26459574699401855,0.20652650842035414
397,13.233333333333333,detected,3,2,0.9007212519645691,ankle_midpoint,851.3724365234375,864.5623779296875,0.9808110594749451,0.9884944558143616,2.389625072479248,10.437821388244629,2.3897006497747615,10.431139569106154,0.0,0,two_ankles,accepted,2.389625072479248,10.437821388244629,0.011704002900187296
397,13.233333333333333,detected,4,1,0.8916757106781006,ankle_midpoint,1106.379150390625,759.7344970703125,0.9746137857437134,0.9805924892425537,4.013966083526611,7.722568511962891,4.013857504235077,7.6727291360337615,0.0,0,two_ankles,accepted,4.013966083526611,7.722568511962891,0.04927749485960978
